index,y,x
0,209,262
1,209,263
2,209,264
3,209,265
4,209,266
5,209,267
6,209,268
7,210,263
8,210,264
9,210,265
10,210,266
11,210,267
12,233,232
13,330,314
14,330,315
15,330,316
16,330,317
17,330,318
18,330,319
19,331,301
20,331,302
21,331,314
22,331,315
23,331,316
24,331,317
25,331,318
26,331,319
27,331,320
28,332,301
29,332,302
30,332,303
31,332,304
32,332,314
33,332,315
34,332,316
35,332,317
36,332,318
37,332,319
38,332,320
39,332,321
40,333,300
41,333,301
42,333,302
43,333,303
44,333,304
45,333,305
46,333,308
47,333,309
48,333,310
49,333,311
50,333,312
51,333,313
52,333,315
53,333,316
54,333,317
55,333,318
56,333,319
57,333,320
58,333,321
59,334,300
60,334,301
61,334,302
62,334,303
63,334,304
64,334,305
65,334,306
66,334,307
67,334,308
68,334,309
69,334,310
70,334,311
71,334,312
72,334,313
73,334,314
74,334,315
75,334,316
76,334,317
77,334,318
78,334,319
79,334,320
80,334,321
81,334,322
82,335,299
83,335,300
84,335,301
85,335,302
86,335,303
87,335,304
88,335,305
89,335,306
90,335,307
91,335,308
92,335,309
93,335,311
94,335,312
95,335,313
96,335,314
97,335,315
98,335,316
99,335,317
100,335,318
101,335,319
102,335,320
103,335,321
104,335,322
105,335,323
106,335,324
107,335,332
108,336,298
109,336,299
110,336,300
111,336,301
112,336,302
113,336,303
114,336,304
115,336,305
116,336,306
117,336,307
118,336,308
119,336,312
120,336,313
121,336,314
122,336,315
123,336,316
124,336,317
125,336,318
126,336,319
127,336,320
128,336,321
129,336,322
130,336,323
131,336,324
132,336,325
133,336,330
134,336,331
135,336,332
136,336,333
137,336,334
138,337,297
139,337,298
140,337,299
141,337,300
142,337,301
143,337,302
144,337,303
145,337,304
146,337,305
147,337,306
148,337,307
149,337,312
150,337,313
151,337,314
152,337,315
153,337,316
154,337,317
155,337,318
156,337,319
157,337,320
158,337,321
159,337,322
160,337,323
161,337,324
162,337,325
163,337,330
164,337,331
165,337,332
166,337,333
167,337,334
168,337,335
169,337,338
170,337,339
171,337,340
172,337,341
173,338,297
174,338,298
175,338,299
176,338,300
177,338,301
178,338,302
179,338,303
180,338,304
181,338,305
182,338,306
183,338,307
184,338,308
185,338,312
186,338,313
187,338,314
188,338,315
189,338,316
190,338,317
191,338,318
192,338,319
193,338,320
194,338,321
195,338,322
196,338,323
197,338,324
198,338,325
199,338,326
200,338,329
201,338,330
202,338,331
203,338,332
204,338,333
205,338,334
206,338,335
207,338,336
208,338,337
209,338,338
210,338,339
211,338,340
212,338,341
213,339,297
214,339,298
215,339,299
216,339,300
217,339,301
218,339,302
219,339,303
220,339,304
221,339,305
222,339,306
223,339,307
224,339,308
225,339,309
226,339,310
227,339,311
228,339,312
229,339,313
230,339,314
231,339,315
232,339,316
233,339,317
234,339,318
235,339,319
236,339,320
237,339,321
238,339,322
239,339,323
240,339,324
241,339,325
242,339,326
243,339,327
244,339,328
245,339,329
246,339,330
247,339,331
248,339,332
249,339,333
250,339,334
251,339,335
252,339,336
253,339,337
254,339,338
255,339,339
256,339,340
257,339,341
258,340,297
259,340,298
260,340,299
261,340,300
262,340,301
263,340,302
264,340,303
265,340,304
266,340,305
267,340,306
268,340,307
269,340,308
270,340,309
271,340,310
272,340,311
273,340,312
274,340,313
275,340,314
276,340,315
277,340,316
278,340,317
279,340,318
280,340,319
281,340,320
282,340,321
283,340,322
284,340,323
285,340,324
286,340,325
287,340,326
288,340,327
289,340,328
290,340,329
291,340,330
292,340,331
293,340,332
294,340,333
295,340,334
296,340,335
297,340,336
298,340,337
299,340,338
300,340,339
301,340,340
302,340,341
303,340,342
304,340,343
305,340,344
306,340,345
307,340,346
308,341,297
309,341,298
310,341,299
311,341,300
312,341,301
313,341,302
314,341,303
315,341,304
316,341,305
317,341,306
318,341,307
319,341,308
320,341,309
321,341,310
322,341,311
323,341,312
324,341,313
325,341,314
326,341,315
327,341,316
328,341,317
329,341,318
330,341,319
331,341,320
332,341,321
333,341,322
334,341,323
335,341,324
336,341,325
337,341,326
338,341,327
339,341,328
340,341,329
341,341,330
342,341,331
343,341,332
344,341,333
345,341,334
346,341,335
347,341,336
348,341,337
349,341,338
350,341,339
351,341,340
352,341,341
353,341,342
354,341,343
355,341,344
356,341,345
357,341,346
358,341,347
359,342,297
360,342,298
361,342,299
362,342,300
363,342,301
364,342,302
365,342,303
366,342,304
367,342,305
368,342,306
369,342,307
370,342,308
371,342,309
372,342,310
373,342,311
374,342,312
375,342,313
376,342,314
377,342,315
378,342,316
379,342,317
380,342,318
381,342,319
382,342,320
383,342,321
384,342,322
385,342,323
386,342,324
387,342,325
388,342,326
389,342,327
390,342,328
391,342,329
392,342,330
393,342,331
394,342,332
395,342,333
396,342,334
397,342,335
398,342,336
399,342,337
400,342,338
401,342,339
402,342,340
403,342,341
404,342,342
405,342,343
406,342,344
407,342,345
408,342,346
409,342,347
410,342,348
411,342,349
412,342,350
413,342,351
414,342,352
415,343,296
416,343,297
417,343,298
418,343,299
419,343,300
420,343,301
421,343,302
422,343,303
423,343,304
424,343,305
425,343,306
426,343,307
427,343,311
428,343,312
429,343,313
430,343,314
431,343,315
432,343,316
433,343,317
434,343,318
435,343,319
436,343,320
437,343,321
438,343,322
439,343,323
440,343,324
441,343,325
442,343,326
443,343,328
444,343,329
445,343,330
446,343,331
447,343,332
448,343,333
449,343,334
450,343,335
451,343,336
452,343,337
453,343,338
454,343,339
455,343,340
456,343,341
457,343,342
458,343,343
459,343,344
460,343,345
461,343,346
462,343,347
463,343,348
464,343,349
465,343,350
466,343,351
467,343,352
468,343,353
469,343,354
470,344,296
471,344,297
472,344,298
473,344,299
474,344,300
475,344,301
476,344,302
477,344,303
478,344,304
479,344,305
480,344,306
481,344,307
482,344,312
483,344,313
484,344,314
485,344,315
486,344,316
487,344,317
488,344,318
489,344,319
490,344,320
491,344,321
492,344,322
493,344,323
494,344,324
495,344,325
496,344,329
497,344,330
498,344,331
499,344,332
500,344,333
501,344,334
502,344,335
503,344,336
504,344,337
505,344,338
506,344,339
507,344,340
508,344,341
509,344,342
510,344,343
511,344,344
512,344,346
513,344,347
514,344,348
515,344,349
516,344,350
517,344,351
518,344,352
519,344,353
520,344,354
521,344,355
522,344,356
523,344,357
524,344,358
525,345,296
526,345,297
527,345,298
528,345,299
529,345,300
530,345,301
531,345,302
532,345,303
533,345,304
534,345,305
535,345,306
536,345,307
537,345,308
538,345,311
539,345,312
540,345,313
541,345,314
542,345,315
543,345,316
544,345,317
545,345,318
546,345,319
547,345,320
548,345,321
549,345,322
550,345,323
551,345,324
552,345,325
553,345,326
554,345,328
555,345,329
556,345,330
557,345,331
558,345,332
559,345,333
560,345,334
561,345,335
562,345,336
563,345,337
564,345,338
565,345,339
566,345,340
567,345,341
568,345,342
569,345,343
570,345,344
571,345,345
572,345,346
573,345,347
574,345,348
575,345,349
576,345,350
577,345,351
578,345,352
579,345,353
580,345,354
581,345,355
582,345,356
583,345,357
584,346,297
585,346,298
586,346,299
587,346,300
588,346,301
589,346,302
590,346,303
591,346,304
592,346,305
593,346,306
594,346,307
595,346,308
596,346,309
597,346,310
598,346,311
599,346,312
600,346,313
601,346,314
602,346,315
603,346,316
604,346,317
605,346,318
606,346,319
607,346,320
608,346,321
609,346,322
610,346,323
611,346,324
612,346,325
613,346,326
614,346,327
615,346,328
616,346,329
617,346,330
618,346,331
619,346,332
620,346,333
621,346,334
622,346,335
623,346,336
624,346,337
625,346,338
626,346,339
627,346,340
628,346,341
629,346,342
630,346,343
631,346,344
632,346,345
633,346,346
634,346,347
635,346,348
636,346,349
637,346,350
638,346,351
639,346,352
640,346,353
641,346,354
642,346,355
643,346,356
644,347,297
645,347,298
646,347,299
647,347,300
648,347,301
649,347,302
650,347,303
651,347,304
652,347,305
653,347,306
654,347,307
655,347,308
656,347,309
657,347,310
658,347,311
659,347,312
660,347,313
661,347,314
662,347,315
663,347,316
664,347,317
665,347,318
666,347,319
667,347,320
668,347,321
669,347,322
670,347,323
671,347,324
672,347,325
673,347,326
674,347,327
675,347,328
676,347,329
677,347,330
678,347,331
679,347,332
680,347,333
681,347,334
682,347,335
683,347,336
684,347,337
685,347,338
686,347,339
687,347,340
688,347,341
689,347,342
690,347,343
691,347,344
692,347,345
693,347,346
694,347,347
695,347,348
696,347,349
697,347,350
698,347,351
699,347,352
700,347,353
701,347,354
702,347,355
703,347,356
704,347,366
705,347,367
706,347,368
707,347,369
708,347,370
709,347,371
710,348,297
711,348,298
712,348,299
713,348,300
714,348,301
715,348,302
716,348,303
717,348,304
718,348,305
719,348,306
720,348,307
721,348,308
722,348,309
723,348,310
724,348,311
725,348,312
726,348,313
727,348,314
728,348,315
729,348,316
730,348,317
731,348,318
732,348,319
733,348,320
734,348,321
735,348,322
736,348,323
737,348,324
738,348,325
739,348,326
740,348,327
741,348,328
742,348,329
743,348,330
744,348,331
745,348,332
746,348,333
747,348,334
748,348,335
749,348,336
750,348,337
751,348,338
752,348,339
753,348,340
754,348,341
755,348,342
756,348,343
757,348,344
758,348,345
759,348,346
760,348,347
761,348,348
762,348,349
763,348,350
764,348,351
765,348,352
766,348,353
767,348,354
768,348,355
769,348,356
770,348,365
771,348,366
772,348,367
773,348,368
774,348,369
775,348,370
776,348,371
777,349,297
778,349,298
779,349,299
780,349,300
781,349,301
782,349,302
783,349,303
784,349,304
785,349,305
786,349,306
787,349,307
788,349,308
789,349,309
790,349,310
791,349,311
792,349,312
793,349,313
794,349,314
795,349,315
796,349,316
797,349,317
798,349,318
799,349,319
800,349,320
801,349,321
802,349,322
803,349,323
804,349,324
805,349,325
806,349,326
807,349,328
808,349,329
809,349,330
810,349,331
811,349,332
812,349,333
813,349,334
814,349,335
815,349,336
816,349,337
817,349,338
818,349,339
819,349,340
820,349,341
821,349,342
822,349,343
823,349,344
824,349,345
825,349,346
826,349,347
827,349,348
828,349,349
829,349,350
830,349,351
831,349,352
832,349,353
833,349,354
834,349,355
835,349,356
836,349,357
837,349,365
838,349,366
839,349,367
840,349,368
841,349,369
842,349,370
843,349,371
844,349,372
845,350,296
846,350,297
847,350,298
848,350,299
849,350,300
850,350,301
851,350,302
852,350,303
853,350,304
854,350,305
855,350,306
856,350,307
857,350,312
858,350,313
859,350,314
860,350,315
861,350,316
862,350,317
863,350,318
864,350,319
865,350,320
866,350,321
867,350,322
868,350,323
869,350,324
870,350,325
871,350,329
872,350,330
873,350,331
874,350,332
875,350,333
876,350,334
877,350,335
878,350,336
879,350,337
880,350,338
881,350,339
882,350,340
883,350,341
884,350,342
885,350,343
886,350,346
887,350,347
888,350,348
889,350,349
890,350,350
891,350,351
892,350,352
893,350,353
894,350,354
895,350,355
896,350,356
897,350,357
898,350,358
899,350,365
900,350,366
901,350,367
902,350,368
903,350,369
904,350,370
905,350,371
906,350,372
907,350,373
908,350,374
909,351,296
910,351,297
911,351,298
912,351,299
913,351,300
914,351,301
915,351,302
916,351,303
917,351,304
918,351,305
919,351,306
920,351,307
921,351,312
922,351,313
923,351,314
924,351,315
925,351,316
926,351,317
927,351,318
928,351,319
929,351,320
930,351,321
931,351,322
932,351,323
933,351,324
934,351,329
935,351,330
936,351,331
937,351,332
938,351,333
939,351,334
940,351,335
941,351,336
942,351,337
943,351,338
944,351,339
945,351,340
946,351,341
947,351,342
948,351,346
949,351,347
950,351,348
951,351,349
952,351,350
953,351,351
954,351,352
955,351,353
956,351,354
957,351,355
958,351,356
959,351,357
960,351,358
961,351,359
962,351,364
963,351,365
964,351,366
965,351,367
966,351,368
967,351,369
968,351,370
969,351,371
970,351,372
971,351,373
972,351,374
973,351,375
974,351,376
975,352,296
976,352,297
977,352,298
978,352,299
979,352,300
980,352,301
981,352,302
982,352,303
983,352,304
984,352,305
985,352,306
986,352,307
987,352,308
988,352,312
989,352,313
990,352,314
991,352,315
992,352,316
993,352,317
994,352,318
995,352,319
996,352,320
997,352,321
998,352,322
999,352,323
1000,352,324
1001,352,325
1002,352,329
1003,352,330
1004,352,331
1005,352,332
1006,352,333
1007,352,334
1008,352,335
1009,352,336
1010,352,337
1011,352,338
1012,352,339
1013,352,340
1014,352,341
1015,352,342
1016,352,343
1017,352,344
1018,352,345
1019,352,346
1020,352,347
1021,352,348
1022,352,349
1023,352,350
1024,352,351
1025,352,352
1026,352,353
1027,352,354
1028,352,355
1029,352,356
1030,352,357
1031,352,358
1032,352,359
1033,352,364
1034,352,365
1035,352,366
1036,352,367
1037,352,368
1038,352,369
1039,352,370
1040,352,371
1041,352,372
1042,352,373
1043,352,374
1044,352,375
1045,352,376
1046,353,296
1047,353,297
1048,353,298
1049,353,299
1050,353,300
1051,353,301
1052,353,302
1053,353,303
1054,353,304
1055,353,305
1056,353,306
1057,353,307
1058,353,308
1059,353,309
1060,353,310
1061,353,311
1062,353,312
1063,353,313
1064,353,314
1065,353,315
1066,353,316
1067,353,317
1068,353,318
1069,353,319
1070,353,320
1071,353,321
1072,353,322
1073,353,323
1074,353,324
1075,353,325
1076,353,326
1077,353,327
1078,353,328
1079,353,329
1080,353,330
1081,353,331
1082,353,332
1083,353,333
1084,353,334
1085,353,335
1086,353,336
1087,353,337
1088,353,338
1089,353,339
1090,353,340
1091,353,341
1092,353,342
1093,353,343
1094,353,344
1095,353,345
1096,353,346
1097,353,347
1098,353,348
1099,353,349
1100,353,350
1101,353,351
1102,353,352
1103,353,353
1104,353,354
1105,353,355
1106,353,356
1107,353,357
1108,353,358
1109,353,359
1110,353,360
1111,353,361
1112,353,363
1113,353,364
1114,353,365
1115,353,366
1116,353,367
1117,353,368
1118,353,369
1119,353,370
1120,353,371
1121,353,372
1122,353,373
1123,353,374
1124,353,375
1125,353,376
1126,353,377
1127,353,378
1128,354,297
1129,354,298
1130,354,299
1131,354,300
1132,354,301
1133,354,302
1134,354,303
1135,354,304
1136,354,305
1137,354,306
1138,354,307
1139,354,308
1140,354,309
1141,354,310
1142,354,311
1143,354,312
1144,354,313
1145,354,314
1146,354,315
1147,354,316
1148,354,317
1149,354,318
1150,354,319
1151,354,320
1152,354,321
1153,354,322
1154,354,323
1155,354,324
1156,354,325
1157,354,326
1158,354,327
1159,354,328
1160,354,329
1161,354,330
1162,354,331
1163,354,332
1164,354,333
1165,354,334
1166,354,335
1167,354,336
1168,354,337
1169,354,338
1170,354,339
1171,354,340
1172,354,341
1173,354,342
1174,354,343
1175,354,344
1176,354,345
1177,354,346
1178,354,347
1179,354,348
1180,354,349
1181,354,350
1182,354,351
1183,354,352
1184,354,353
1185,354,354
1186,354,355
1187,354,356
1188,354,357
1189,354,358
1190,354,359
1191,354,360
1192,354,361
1193,354,362
1194,354,363
1195,354,364
1196,354,365
1197,354,366
1198,354,367
1199,354,368
1200,354,369
1201,354,370
1202,354,371
1203,354,372
1204,354,373
1205,354,374
1206,354,375
1207,354,376
1208,354,377
1209,354,378
1210,354,379
1211,354,380
1212,354,381
1213,354,382
1214,354,383
1215,354,384
1216,354,385
1217,354,386
1218,354,387
1219,354,388
1220,355,297
1221,355,298
1222,355,299
1223,355,300
1224,355,301
1225,355,302
1226,355,303
1227,355,304
1228,355,305
1229,355,306
1230,355,307
1231,355,308
1232,355,309
1233,355,310
1234,355,311
1235,355,312
1236,355,313
1237,355,314
1238,355,315
1239,355,316
1240,355,317
1241,355,318
1242,355,319
1243,355,320
1244,355,321
1245,355,322
1246,355,323
1247,355,324
1248,355,325
1249,355,326
1250,355,327
1251,355,328
1252,355,329
1253,355,330
1254,355,331
1255,355,332
1256,355,333
1257,355,334
1258,355,335
1259,355,336
1260,355,337
1261,355,338
1262,355,339
1263,355,340
1264,355,341
1265,355,342
1266,355,343
1267,355,344
1268,355,345
1269,355,346
1270,355,347
1271,355,348
1272,355,349
1273,355,350
1274,355,351
1275,355,352
1276,355,353
1277,355,354
1278,355,355
1279,355,356
1280,355,357
1281,355,358
1282,355,359
1283,355,360
1284,355,361
1285,355,362
1286,355,363
1287,355,364
1288,355,365
1289,355,366
1290,355,367
1291,355,368
1292,355,369
1293,355,370
1294,355,371
1295,355,372
1296,355,373
1297,355,374
1298,355,375
1299,355,376
1300,355,377
1301,355,378
1302,355,379
1303,355,380
1304,355,381
1305,355,382
1306,355,383
1307,355,384
1308,355,385
1309,355,386
1310,355,387
1311,355,388
1312,355,389
1313,356,297
1314,356,298
1315,356,299
1316,356,300
1317,356,301
1318,356,302
1319,356,303
1320,356,304
1321,356,305
1322,356,306
1323,356,307
1324,356,308
1325,356,309
1326,356,310
1327,356,311
1328,356,312
1329,356,313
1330,356,314
1331,356,315
1332,356,316
1333,356,317
1334,356,318
1335,356,319
1336,356,320
1337,356,321
1338,356,322
1339,356,323
1340,356,324
1341,356,325
1342,356,326
1343,356,327
1344,356,328
1345,356,329
1346,356,330
1347,356,331
1348,356,332
1349,356,333
1350,356,334
1351,356,335
1352,356,336
1353,356,337
1354,356,338
1355,356,339
1356,356,340
1357,356,341
1358,356,342
1359,356,343
1360,356,344
1361,356,345
1362,356,346
1363,356,347
1364,356,348
1365,356,349
1366,356,350
1367,356,351
1368,356,352
1369,356,353
1370,356,354
1371,356,355
1372,356,356
1373,356,357
1374,356,358
1375,356,359
1376,356,360
1377,356,361
1378,356,362
1379,356,363
1380,356,364
1381,356,365
1382,356,366
1383,356,367
1384,356,368
1385,356,369
1386,356,370
1387,356,371
1388,356,372
1389,356,373
1390,356,374
1391,356,375
1392,356,376
1393,356,377
1394,356,378
1395,356,379
1396,356,380
1397,356,381
1398,356,382
1399,356,383
1400,356,384
1401,356,385
1402,356,386
1403,356,387
1404,356,388
1405,356,389
1406,357,297
1407,357,298
1408,357,299
1409,357,300
1410,357,301
1411,357,302
1412,357,303
1413,357,304
1414,357,305
1415,357,306
1416,357,307
1417,357,311
1418,357,312
1419,357,313
1420,357,314
1421,357,315
1422,357,316
1423,357,317
1424,357,318
1425,357,319
1426,357,320
1427,357,321
1428,357,322
1429,357,323
1430,357,324
1431,357,325
1432,357,326
1433,357,327
1434,357,328
1435,357,329
1436,357,330
1437,357,331
1438,357,332
1439,357,333
1440,357,334
1441,357,335
1442,357,336
1443,357,337
1444,357,338
1445,357,339
1446,357,340
1447,357,341
1448,357,342
1449,357,343
1450,357,344
1451,357,345
1452,357,346
1453,357,347
1454,357,348
1455,357,349
1456,357,350
1457,357,351
1458,357,352
1459,357,353
1460,357,354
1461,357,355
1462,357,356
1463,357,357
1464,357,358
1465,357,359
1466,357,363
1467,357,364
1468,357,365
1469,357,366
1470,357,367
1471,357,368
1472,357,369
1473,357,370
1474,357,371
1475,357,372
1476,357,373
1477,357,374
1478,357,375
1479,357,376
1480,357,377
1481,357,382
1482,357,383
1483,357,384
1484,357,385
1485,357,386
1486,357,387
1487,357,388
1488,357,389
1489,358,297
1490,358,298
1491,358,299
1492,358,300
1493,358,301
1494,358,302
1495,358,303
1496,358,304
1497,358,305
1498,358,306
1499,358,312
1500,358,313
1501,358,314
1502,358,315
1503,358,316
1504,358,317
1505,358,318
1506,358,319
1507,358,320
1508,358,321
1509,358,322
1510,358,323
1511,358,324
1512,358,325
1513,358,326
1514,358,328
1515,358,329
1516,358,330
1517,358,331
1518,358,332
1519,358,333
1520,358,334
1521,358,335
1522,358,336
1523,358,337
1524,358,338
1525,358,339
1526,358,340
1527,358,341
1528,358,342
1529,358,343
1530,358,344
1531,358,346
1532,358,347
1533,358,348
1534,358,349
1535,358,350
1536,358,351
1537,358,352
1538,358,353
1539,358,354
1540,358,355
1541,358,356
1542,358,357
1543,358,358
1544,358,359
1545,358,364
1546,358,365
1547,358,366
1548,358,367
1549,358,368
1550,358,369
1551,358,370
1552,358,371
1553,358,372
1554,358,373
1555,358,374
1556,358,375
1557,358,376
1558,358,382
1559,358,383
1560,358,384
1561,358,385
1562,358,386
1563,358,387
1564,358,388
1565,358,389
1566,358,390
1567,358,401
1568,358,402
1569,359,297
1570,359,298
1571,359,299
1572,359,300
1573,359,301
1574,359,302
1575,359,303
1576,359,304
1577,359,305
1578,359,311
1579,359,312
1580,359,313
1581,359,314
1582,359,315
1583,359,316
1584,359,317
1585,359,318
1586,359,319
1587,359,320
1588,359,321
1589,359,322
1590,359,323
1591,359,324
1592,359,325
1593,359,326
1594,359,327
1595,359,328
1596,359,329
1597,359,330
1598,359,331
1599,359,332
1600,359,333
1601,359,334
1602,359,335
1603,359,336
1604,359,337
1605,359,338
1606,359,339
1607,359,340
1608,359,341
1609,359,342
1610,359,343
1611,359,344
1612,359,345
1613,359,346
1614,359,347
1615,359,348
1616,359,349
1617,359,350
1618,359,351
1619,359,352
1620,359,353
1621,359,354
1622,359,355
1623,359,356
1624,359,357
1625,359,358
1626,359,359
1627,359,360
1628,359,361
1629,359,362
1630,359,363
1631,359,364
1632,359,365
1633,359,366
1634,359,367
1635,359,368
1636,359,369
1637,359,370
1638,359,371
1639,359,372
1640,359,373
1641,359,374
1642,359,380
1643,359,381
1644,359,382
1645,359,383
1646,359,384
1647,359,385
1648,359,386
1649,359,387
1650,359,388
1651,359,389
1652,359,390
1653,360,297
1654,360,298
1655,360,299
1656,360,300
1657,360,301
1658,360,302
1659,360,303
1660,360,304
1661,360,310
1662,360,311
1663,360,312
1664,360,313
1665,360,314
1666,360,315
1667,360,316
1668,360,317
1669,360,318
1670,360,319
1671,360,320
1672,360,321
1673,360,322
1674,360,323
1675,360,324
1676,360,325
1677,360,326
1678,360,327
1679,360,328
1680,360,329
1681,360,330
1682,360,331
1683,360,332
1684,360,333
1685,360,334
1686,360,335
1687,360,336
1688,360,337
1689,360,338
1690,360,339
1691,360,340
1692,360,341
1693,360,342
1694,360,343
1695,360,344
1696,360,345
1697,360,346
1698,360,347
1699,360,348
1700,360,349
1701,360,350
1702,360,351
1703,360,352
1704,360,353
1705,360,354
1706,360,355
1707,360,356
1708,360,357
1709,360,358
1710,360,359
1711,360,360
1712,360,361
1713,360,362
1714,360,363
1715,360,364
1716,360,365
1717,360,366
1718,360,367
1719,360,368
1720,360,369
1721,360,370
1722,360,371
1723,360,372
1724,360,373
1725,360,374
1726,360,378
1727,360,379
1728,360,380
1729,360,381
1730,360,382
1731,360,383
1732,360,384
1733,360,385
1734,360,386
1735,360,387
1736,360,388
1737,360,389
1738,360,390
1739,361,298
1740,361,299
1741,361,300
1742,361,301
1743,361,302
1744,361,303
1745,361,304
1746,361,309
1747,361,310
1748,361,311
1749,361,312
1750,361,313
1751,361,314
1752,361,315
1753,361,316
1754,361,317
1755,361,318
1756,361,319
1757,361,320
1758,361,321
1759,361,322
1760,361,323
1761,361,324
1762,361,325
1763,361,326
1764,361,327
1765,361,328
1766,361,329
1767,361,330
1768,361,331
1769,361,332
1770,361,333
1771,361,334
1772,361,335
1773,361,336
1774,361,337
1775,361,338
1776,361,339
1777,361,340
1778,361,342
1779,361,343
1780,361,344
1781,361,345
1782,361,346
1783,361,347
1784,361,348
1785,361,349
1786,361,350
1787,361,351
1788,361,352
1789,361,353
1790,361,354
1791,361,355
1792,361,356
1793,361,357
1794,361,358
1795,361,359
1796,361,360
1797,361,361
1798,361,362
1799,361,363
1800,361,364
1801,361,365
1802,361,366
1803,361,367
1804,361,368
1805,361,369
1806,361,370
1807,361,371
1808,361,372
1809,361,373
1810,361,374
1811,361,378
1812,361,379
1813,361,380
1814,361,381
1815,361,382
1816,361,383
1817,361,384
1818,361,385
1819,361,386
1820,361,387
1821,361,388
1822,361,389
1823,361,390
1824,361,404
1825,361,405
1826,361,406
1827,362,298
1828,362,299
1829,362,300
1830,362,301
1831,362,302
1832,362,303
1833,362,304
1834,362,311
1835,362,312
1836,362,313
1837,362,314
1838,362,315
1839,362,316
1840,362,317
1841,362,318
1842,362,319
1843,362,320
1844,362,321
1845,362,322
1846,362,323
1847,362,324
1848,362,325
1849,362,326
1850,362,327
1851,362,328
1852,362,329
1853,362,330
1854,362,331
1855,362,332
1856,362,333
1857,362,334
1858,362,335
1859,362,336
1860,362,337
1861,362,338
1862,362,339
1863,362,340
1864,362,341
1865,362,342
1866,362,343
1867,362,344
1868,362,345
1869,362,346
1870,362,347
1871,362,348
1872,362,349
1873,362,350
1874,362,351
1875,362,352
1876,362,353
1877,362,354
1878,362,355
1879,362,356
1880,362,357
1881,362,358
1882,362,359
1883,362,360
1884,362,361
1885,362,362
1886,362,363
1887,362,364
1888,362,365
1889,362,366
1890,362,367
1891,362,368
1892,362,369
1893,362,370
1894,362,371
1895,362,372
1896,362,373
1897,362,374
1898,362,378
1899,362,379
1900,362,380
1901,362,381
1902,362,382
1903,362,383
1904,362,384
1905,362,385
1906,362,386
1907,362,387
1908,362,388
1909,362,389
1910,362,390
1911,362,404
1912,362,405
1913,362,406
1914,363,297
1915,363,298
1916,363,299
1917,363,300
1918,363,301
1919,363,302
1920,363,303
1921,363,304
1922,363,313
1923,363,314
1924,363,315
1925,363,316
1926,363,317
1927,363,318
1928,363,319
1929,363,320
1930,363,321
1931,363,322
1932,363,323
1933,363,324
1934,363,325
1935,363,329
1936,363,330
1937,363,331
1938,363,332
1939,363,333
1940,363,334
1941,363,335
1942,363,336
1943,363,337
1944,363,338
1945,363,339
1946,363,340
1947,363,341
1948,363,342
1949,363,343
1950,363,344
1951,363,345
1952,363,346
1953,363,347
1954,363,348
1955,363,349
1956,363,350
1957,363,351
1958,363,352
1959,363,353
1960,363,354
1961,363,355
1962,363,356
1963,363,357
1964,363,358
1965,363,359
1966,363,360
1967,363,363
1968,363,364
1969,363,365
1970,363,366
1971,363,367
1972,363,368
1973,363,369
1974,363,370
1975,363,371
1976,363,372
1977,363,373
1978,363,374
1979,363,380
1980,363,381
1981,363,382
1982,363,383
1983,363,384
1984,363,385
1985,363,386
1986,363,387
1987,363,388
1988,363,389
1989,363,390
1990,363,391
1991,363,401
1992,363,402
1993,363,403
1994,363,404
1995,363,405
1996,363,406
1997,364,297
1998,364,298
1999,364,299
2000,364,300
2001,364,301
2002,364,302
2003,364,303
2004,364,304
2005,364,305
2006,364,313
2007,364,314
2008,364,315
2009,364,316
2010,364,317
2011,364,318
2012,364,319
2013,364,320
2014,364,321
2015,364,322
2016,364,323
2017,364,324
2018,364,330
2019,364,331
2020,364,332
2021,364,333
2022,364,334
2023,364,335
2024,364,336
2025,364,337
2026,364,338
2027,364,339
2028,364,340
2029,364,341
2030,364,342
2031,364,346
2032,364,347
2033,364,348
2034,364,349
2035,364,350
2036,364,351
2037,364,352
2038,364,353
2039,364,354
2040,364,355
2041,364,356
2042,364,357
2043,364,358
2044,364,359
2045,364,364
2046,364,365
2047,364,366
2048,364,367
2049,364,368
2050,364,369
2051,364,370
2052,364,371
2053,364,372
2054,364,373
2055,364,374
2056,364,375
2057,364,376
2058,364,381
2059,364,382
2060,364,383
2061,364,384
2062,364,385
2063,364,386
2064,364,387
2065,364,388
2066,364,389
2067,364,390
2068,364,391
2069,364,400
2070,364,401
2071,364,402
2072,364,403
2073,364,404
2074,364,405
2075,365,297
2076,365,298
2077,365,299
2078,365,300
2079,365,301
2080,365,302
2081,365,303
2082,365,304
2083,365,305
2084,365,313
2085,365,314
2086,365,315
2087,365,316
2088,365,317
2089,365,318
2090,365,319
2091,365,320
2092,365,321
2093,365,322
2094,365,323
2095,365,324
2096,365,330
2097,365,331
2098,365,332
2099,365,333
2100,365,334
2101,365,335
2102,365,336
2103,365,337
2104,365,338
2105,365,339
2106,365,340
2107,365,341
2108,365,342
2109,365,346
2110,365,347
2111,365,348
2112,365,349
2113,365,350
2114,365,351
2115,365,352
2116,365,353
2117,365,354
2118,365,355
2119,365,356
2120,365,357
2121,365,358
2122,365,359
2123,365,364
2124,365,365
2125,365,366
2126,365,367
2127,365,368
2128,365,369
2129,365,370
2130,365,371
2131,365,372
2132,365,373
2133,365,374
2134,365,375
2135,365,376
2136,365,377
2137,365,381
2138,365,382
2139,365,383
2140,365,384
2141,365,385
2142,365,386
2143,365,387
2144,365,388
2145,365,389
2146,365,390
2147,365,391
2148,365,392
2149,365,400
2150,365,401
2151,365,402
2152,365,403
2153,365,404
2154,365,405
2155,365,505
2156,365,506
2157,365,507
2158,365,508
2159,365,509
2160,365,510
2161,365,511
2162,365,512
2163,365,513
2164,365,514
2165,365,515
2166,366,299
2167,366,300
2168,366,301
2169,366,302
2170,366,303
2171,366,304
2172,366,313
2173,366,314
2174,366,315
2175,366,316
2176,366,317
2177,366,318
2178,366,319
2179,366,320
2180,366,321
2181,366,322
2182,366,323
2183,366,324
2184,366,325
2185,366,329
2186,366,330
2187,366,331
2188,366,332
2189,366,333
2190,366,334
2191,366,335
2192,366,336
2193,366,337
2194,366,338
2195,366,339
2196,366,340
2197,366,341
2198,366,342
2199,366,343
2200,366,344
2201,366,345
2202,366,346
2203,366,347
2204,366,348
2205,366,349
2206,366,350
2207,366,351
2208,366,352
2209,366,353
2210,366,354
2211,366,355
2212,366,356
2213,366,357
2214,366,358
2215,366,359
2216,366,360
2217,366,361
2218,366,363
2219,366,364
2220,366,365
2221,366,366
2222,366,367
2223,366,368
2224,366,369
2225,366,370
2226,366,371
2227,366,372
2228,366,373
2229,366,374
2230,366,375
2231,366,376
2232,366,377
2233,366,378
2234,366,379
2235,366,380
2236,366,381
2237,366,382
2238,366,383
2239,366,384
2240,366,385
2241,366,386
2242,366,387
2243,366,388
2244,366,389
2245,366,390
2246,366,391
2247,366,392
2248,366,400
2249,366,401
2250,366,402
2251,366,403
2252,366,404
2253,366,405
2254,366,406
2255,366,407
2256,366,502
2257,366,503
2258,366,504
2259,366,505
2260,366,506
2261,366,507
2262,366,508
2263,366,509
2264,366,510
2265,366,511
2266,366,512
2267,366,513
2268,366,514
2269,366,515
2270,366,516
2271,366,517
2272,366,521
2273,366,522
2274,366,523
2275,366,524
2276,367,299
2277,367,300
2278,367,301
2279,367,302
2280,367,303
2281,367,304
2282,367,312
2283,367,313
2284,367,314
2285,367,315
2286,367,316
2287,367,317
2288,367,318
2289,367,319
2290,367,320
2291,367,321
2292,367,322
2293,367,323
2294,367,324
2295,367,325
2296,367,326
2297,367,327
2298,367,328
2299,367,329
2300,367,330
2301,367,331
2302,367,332
2303,367,333
2304,367,334
2305,367,335
2306,367,336
2307,367,337
2308,367,338
2309,367,339
2310,367,340
2311,367,341
2312,367,342
2313,367,343
2314,367,344
2315,367,345
2316,367,346
2317,367,347
2318,367,348
2319,367,349
2320,367,350
2321,367,351
2322,367,352
2323,367,353
2324,367,354
2325,367,355
2326,367,356
2327,367,357
2328,367,358
2329,367,359
2330,367,360
2331,367,361
2332,367,362
2333,367,363
2334,367,364
2335,367,365
2336,367,366
2337,367,367
2338,367,368
2339,367,369
2340,367,370
2341,367,371
2342,367,372
2343,367,373
2344,367,374
2345,367,375
2346,367,376
2347,367,377
2348,367,378
2349,367,379
2350,367,380
2351,367,381
2352,367,382
2353,367,383
2354,367,384
2355,367,385
2356,367,386
2357,367,387
2358,367,388
2359,367,389
2360,367,390
2361,367,391
2362,367,392
2363,367,398
2364,367,399
2365,367,400
2366,367,401
2367,367,402
2368,367,403
2369,367,404
2370,367,405
2371,367,406
2372,367,407
2373,367,493
2374,367,494
2375,367,495
2376,367,496
2377,367,497
2378,367,498
2379,367,499
2380,367,500
2381,367,501
2382,367,502
2383,367,503
2384,367,504
2385,367,505
2386,367,506
2387,367,507
2388,367,508
2389,367,509
2390,367,510
2391,367,511
2392,367,512
2393,367,513
2394,367,514
2395,367,515
2396,367,516
2397,367,517
2398,367,518
2399,367,519
2400,367,520
2401,367,521
2402,367,522
2403,367,523
2404,367,524
2405,367,525
2406,367,526
2407,367,527
2408,368,300
2409,368,301
2410,368,302
2411,368,303
2412,368,304
2413,368,309
2414,368,310
2415,368,311
2416,368,312
2417,368,313
2418,368,314
2419,368,315
2420,368,316
2421,368,317
2422,368,318
2423,368,319
2424,368,320
2425,368,321
2426,368,322
2427,368,323
2428,368,324
2429,368,325
2430,368,326
2431,368,327
2432,368,328
2433,368,329
2434,368,330
2435,368,331
2436,368,332
2437,368,333
2438,368,334
2439,368,335
2440,368,336
2441,368,337
2442,368,338
2443,368,339
2444,368,340
2445,368,341
2446,368,342
2447,368,343
2448,368,344
2449,368,345
2450,368,346
2451,368,347
2452,368,348
2453,368,349
2454,368,350
2455,368,351
2456,368,352
2457,368,353
2458,368,354
2459,368,355
2460,368,356
2461,368,357
2462,368,358
2463,368,359
2464,368,360
2465,368,361
2466,368,362
2467,368,363
2468,368,364
2469,368,365
2470,368,366
2471,368,367
2472,368,368
2473,368,369
2474,368,370
2475,368,371
2476,368,372
2477,368,373
2478,368,374
2479,368,375
2480,368,376
2481,368,377
2482,368,378
2483,368,379
2484,368,380
2485,368,381
2486,368,382
2487,368,383
2488,368,384
2489,368,385
2490,368,386
2491,368,387
2492,368,388
2493,368,389
2494,368,390
2495,368,391
2496,368,392
2497,368,394
2498,368,395
2499,368,396
2500,368,397
2501,368,398
2502,368,399
2503,368,400
2504,368,401
2505,368,402
2506,368,403
2507,368,404
2508,368,405
2509,368,406
2510,368,407
2511,368,414
2512,368,415
2513,368,416
2514,368,422
2515,368,423
2516,368,491
2517,368,492
2518,368,493
2519,368,494
2520,368,495
2521,368,496
2522,368,497
2523,368,498
2524,368,499
2525,368,500
2526,368,501
2527,368,502
2528,368,503
2529,368,504
2530,368,505
2531,368,506
2532,368,507
2533,368,508
2534,368,509
2535,368,510
2536,368,511
2537,368,512
2538,368,513
2539,368,514
2540,368,515
2541,368,516
2542,368,517
2543,368,518
2544,368,519
2545,368,520
2546,368,521
2547,368,522
2548,368,523
2549,368,524
2550,368,525
2551,368,526
2552,368,527
2553,368,528
2554,368,529
2555,369,300
2556,369,301
2557,369,302
2558,369,303
2559,369,311
2560,369,312
2561,369,313
2562,369,314
2563,369,315
2564,369,316
2565,369,317
2566,369,318
2567,369,319
2568,369,320
2569,369,321
2570,369,322
2571,369,323
2572,369,324
2573,369,325
2574,369,326
2575,369,327
2576,369,328
2577,369,329
2578,369,330
2579,369,331
2580,369,332
2581,369,333
2582,369,334
2583,369,335
2584,369,336
2585,369,337
2586,369,338
2587,369,339
2588,369,340
2589,369,341
2590,369,342
2591,369,343
2592,369,344
2593,369,345
2594,369,346
2595,369,347
2596,369,348
2597,369,349
2598,369,350
2599,369,351
2600,369,352
2601,369,353
2602,369,354
2603,369,355
2604,369,356
2605,369,357
2606,369,358
2607,369,359
2608,369,360
2609,369,361
2610,369,362
2611,369,363
2612,369,364
2613,369,365
2614,369,366
2615,369,367
2616,369,368
2617,369,369
2618,369,370
2619,369,371
2620,369,372
2621,369,373
2622,369,374
2623,369,375
2624,369,376
2625,369,377
2626,369,378
2627,369,379
2628,369,380
2629,369,381
2630,369,382
2631,369,383
2632,369,384
2633,369,385
2634,369,386
2635,369,387
2636,369,388
2637,369,389
2638,369,390
2639,369,391
2640,369,392
2641,369,395
2642,369,396
2643,369,397
2644,369,398
2645,369,399
2646,369,400
2647,369,401
2648,369,402
2649,369,403
2650,369,404
2651,369,405
2652,369,406
2653,369,407
2654,369,414
2655,369,415
2656,369,416
2657,369,421
2658,369,422
2659,369,423
2660,369,489
2661,369,490
2662,369,491
2663,369,492
2664,369,493
2665,369,494
2666,369,495
2667,369,496
2668,369,497
2669,369,498
2670,369,499
2671,369,500
2672,369,501
2673,369,502
2674,369,503
2675,369,504
2676,369,505
2677,369,506
2678,369,507
2679,369,508
2680,369,509
2681,369,510
2682,369,511
2683,369,512
2684,369,513
2685,369,514
2686,369,515
2687,369,516
2688,369,517
2689,369,518
2690,369,519
2691,369,520
2692,369,521
2693,369,522
2694,369,523
2695,369,524
2696,369,525
2697,369,526
2698,369,527
2699,369,528
2700,369,529
2701,369,530
2702,370,301
2703,370,302
2704,370,312
2705,370,313
2706,370,314
2707,370,315
2708,370,316
2709,370,317
2710,370,318
2711,370,319
2712,370,320
2713,370,321
2714,370,322
2715,370,323
2716,370,324
2717,370,325
2718,370,326
2719,370,327
2720,370,328
2721,370,329
2722,370,330
2723,370,331
2724,370,332
2725,370,333
2726,370,334
2727,370,335
2728,370,336
2729,370,337
2730,370,338
2731,370,339
2732,370,340
2733,370,341
2734,370,342
2735,370,343
2736,370,344
2737,370,345
2738,370,346
2739,370,347
2740,370,348
2741,370,349
2742,370,350
2743,370,351
2744,370,352
2745,370,353
2746,370,354
2747,370,355
2748,370,356
2749,370,357
2750,370,358
2751,370,359
2752,370,360
2753,370,361
2754,370,362
2755,370,363
2756,370,364
2757,370,365
2758,370,366
2759,370,367
2760,370,368
2761,370,369
2762,370,370
2763,370,371
2764,370,372
2765,370,373
2766,370,374
2767,370,375
2768,370,376
2769,370,377
2770,370,378
2771,370,379
2772,370,380
2773,370,381
2774,370,382
2775,370,383
2776,370,384
2777,370,385
2778,370,386
2779,370,387
2780,370,388
2781,370,389
2782,370,390
2783,370,391
2784,370,392
2785,370,399
2786,370,400
2787,370,401
2788,370,402
2789,370,403
2790,370,404
2791,370,405
2792,370,406
2793,370,407
2794,370,408
2795,370,415
2796,370,416
2797,370,417
2798,370,418
2799,370,419
2800,370,420
2801,370,421
2802,370,422
2803,370,423
2804,370,485
2805,370,486
2806,370,487
2807,370,488
2808,370,489
2809,370,490
2810,370,491
2811,370,492
2812,370,493
2813,370,494
2814,370,495
2815,370,496
2816,370,497
2817,370,498
2818,370,499
2819,370,500
2820,370,501
2821,370,502
2822,370,503
2823,370,504
2824,370,505
2825,370,506
2826,370,507
2827,370,508
2828,370,509
2829,370,510
2830,370,511
2831,370,512
2832,370,513
2833,370,514
2834,370,515
2835,370,516
2836,370,517
2837,370,518
2838,370,519
2839,370,520
2840,370,521
2841,370,522
2842,370,523
2843,370,524
2844,370,525
2845,370,526
2846,370,527
2847,370,528
2848,370,529
2849,370,530
2850,370,531
2851,370,532
2852,370,533
2853,370,534
2854,370,539
2855,370,540
2856,371,313
2857,371,314
2858,371,315
2859,371,316
2860,371,317
2861,371,318
2862,371,319
2863,371,320
2864,371,321
2865,371,322
2866,371,323
2867,371,324
2868,371,325
2869,371,326
2870,371,327
2871,371,328
2872,371,329
2873,371,330
2874,371,331
2875,371,332
2876,371,333
2877,371,334
2878,371,335
2879,371,336
2880,371,337
2881,371,338
2882,371,339
2883,371,340
2884,371,341
2885,371,342
2886,371,343
2887,371,344
2888,371,345
2889,371,346
2890,371,347
2891,371,348
2892,371,349
2893,371,350
2894,371,351
2895,371,352
2896,371,353
2897,371,354
2898,371,355
2899,371,356
2900,371,357
2901,371,358
2902,371,359
2903,371,360
2904,371,361
2905,371,362
2906,371,363
2907,371,364
2908,371,365
2909,371,366
2910,371,367
2911,371,368
2912,371,369
2913,371,370
2914,371,371
2915,371,372
2916,371,373
2917,371,374
2918,371,375
2919,371,376
2920,371,377
2921,371,378
2922,371,379
2923,371,380
2924,371,381
2925,371,382
2926,371,383
2927,371,384
2928,371,385
2929,371,386
2930,371,387
2931,371,388
2932,371,389
2933,371,390
2934,371,391
2935,371,392
2936,371,400
2937,371,401
2938,371,402
2939,371,403
2940,371,404
2941,371,405
2942,371,406
2943,371,407
2944,371,408
2945,371,409
2946,371,416
2947,371,417
2948,371,418
2949,371,419
2950,371,420
2951,371,421
2952,371,422
2953,371,423
2954,371,424
2955,371,436
2956,371,483
2957,371,484
2958,371,485
2959,371,486
2960,371,487
2961,371,488
2962,371,489
2963,371,490
2964,371,491
2965,371,492
2966,371,493
2967,371,494
2968,371,495
2969,371,496
2970,371,497
2971,371,498
2972,371,499
2973,371,500
2974,371,501
2975,371,502
2976,371,503
2977,371,504
2978,371,505
2979,371,506
2980,371,507
2981,371,508
2982,371,509
2983,371,510
2984,371,511
2985,371,512
2986,371,513
2987,371,514
2988,371,515
2989,371,516
2990,371,517
2991,371,518
2992,371,519
2993,371,520
2994,371,521
2995,371,522
2996,371,523
2997,371,524
2998,371,525
2999,371,526
3000,371,527
3001,371,528
3002,371,529
3003,371,530
3004,371,531
3005,371,532
3006,371,533
3007,371,534
3008,371,535
3009,371,536
3010,371,537
3011,371,538
3012,371,539
3013,371,540
3014,371,541
3015,371,542
3016,371,543
3017,372,313
3018,372,314
3019,372,315
3020,372,316
3021,372,317
3022,372,318
3023,372,319
3024,372,320
3025,372,321
3026,372,322
3027,372,323
3028,372,324
3029,372,325
3030,372,326
3031,372,327
3032,372,328
3033,372,329
3034,372,330
3035,372,331
3036,372,332
3037,372,333
3038,372,334
3039,372,335
3040,372,336
3041,372,337
3042,372,338
3043,372,339
3044,372,340
3045,372,341
3046,372,342
3047,372,343
3048,372,344
3049,372,345
3050,372,346
3051,372,347
3052,372,348
3053,372,349
3054,372,350
3055,372,351
3056,372,352
3057,372,353
3058,372,354
3059,372,355
3060,372,356
3061,372,357
3062,372,358
3063,372,359
3064,372,360
3065,372,361
3066,372,362
3067,372,363
3068,372,364
3069,372,365
3070,372,366
3071,372,367
3072,372,368
3073,372,369
3074,372,370
3075,372,371
3076,372,372
3077,372,373
3078,372,374
3079,372,375
3080,372,376
3081,372,377
3082,372,378
3083,372,379
3084,372,380
3085,372,381
3086,372,382
3087,372,383
3088,372,384
3089,372,385
3090,372,386
3091,372,387
3092,372,388
3093,372,389
3094,372,390
3095,372,391
3096,372,392
3097,372,400
3098,372,401
3099,372,402
3100,372,403
3101,372,404
3102,372,405
3103,372,406
3104,372,407
3105,372,408
3106,372,409
3107,372,416
3108,372,417
3109,372,418
3110,372,419
3111,372,420
3112,372,421
3113,372,422
3114,372,423
3115,372,424
3116,372,435
3117,372,436
3118,372,437
3119,372,438
3120,372,481
3121,372,482
3122,372,483
3123,372,484
3124,372,485
3125,372,486
3126,372,487
3127,372,488
3128,372,489
3129,372,490
3130,372,491
3131,372,492
3132,372,493
3133,372,494
3134,372,495
3135,372,496
3136,372,497
3137,372,498
3138,372,499
3139,372,500
3140,372,501
3141,372,502
3142,372,503
3143,372,504
3144,372,505
3145,372,506
3146,372,507
3147,372,508
3148,372,509
3149,372,510
3150,372,511
3151,372,512
3152,372,513
3153,372,514
3154,372,515
3155,372,516
3156,372,517
3157,372,518
3158,372,519
3159,372,520
3160,372,521
3161,372,522
3162,372,523
3163,372,524
3164,372,525
3165,372,526
3166,372,527
3167,372,528
3168,372,529
3169,372,530
3170,372,531
3171,372,532
3172,372,533
3173,372,534
3174,372,535
3175,372,536
3176,372,537
3177,372,538
3178,372,539
3179,372,540
3180,372,541
3181,372,542
3182,372,543
3183,372,544
3184,373,314
3185,373,315
3186,373,316
3187,373,317
3188,373,318
3189,373,319
3190,373,320
3191,373,321
3192,373,322
3193,373,329
3194,373,330
3195,373,331
3196,373,332
3197,373,333
3198,373,334
3199,373,335
3200,373,336
3201,373,337
3202,373,338
3203,373,339
3204,373,340
3205,373,341
3206,373,342
3207,373,343
3208,373,344
3209,373,345
3210,373,346
3211,373,347
3212,373,348
3213,373,349
3214,373,350
3215,373,351
3216,373,352
3217,373,353
3218,373,354
3219,373,355
3220,373,356
3221,373,357
3222,373,358
3223,373,359
3224,373,360
3225,373,361
3226,373,362
3227,373,363
3228,373,364
3229,373,365
3230,373,366
3231,373,367
3232,373,368
3233,373,369
3234,373,370
3235,373,371
3236,373,372
3237,373,373
3238,373,374
3239,373,375
3240,373,376
3241,373,377
3242,373,378
3243,373,379
3244,373,380
3245,373,381
3246,373,382
3247,373,383
3248,373,384
3249,373,385
3250,373,386
3251,373,387
3252,373,388
3253,373,389
3254,373,390
3255,373,391
3256,373,399
3257,373,400
3258,373,401
3259,373,402
3260,373,403
3261,373,404
3262,373,405
3263,373,406
3264,373,407
3265,373,408
3266,373,415
3267,373,416
3268,373,417
3269,373,418
3270,373,419
3271,373,420
3272,373,421
3273,373,422
3274,373,423
3275,373,424
3276,373,436
3277,373,437
3278,373,481
3279,373,482
3280,373,483
3281,373,484
3282,373,485
3283,373,486
3284,373,487
3285,373,488
3286,373,489
3287,373,490
3288,373,491
3289,373,492
3290,373,493
3291,373,494
3292,373,495
3293,373,496
3294,373,497
3295,373,498
3296,373,499
3297,373,500
3298,373,501
3299,373,502
3300,373,503
3301,373,504
3302,373,505
3303,373,506
3304,373,507
3305,373,508
3306,373,509
3307,373,510
3308,373,511
3309,373,512
3310,373,513
3311,373,514
3312,373,515
3313,373,516
3314,373,517
3315,373,518
3316,373,519
3317,373,520
3318,373,521
3319,373,522
3320,373,523
3321,373,524
3322,373,525
3323,373,526
3324,373,527
3325,373,528
3326,373,529
3327,373,530
3328,373,531
3329,373,532
3330,373,533
3331,373,534
3332,373,535
3333,373,536
3334,373,537
3335,373,538
3336,373,539
3337,373,540
3338,373,541
3339,373,542
3340,373,543
3341,373,544
3342,373,545
3343,374,318
3344,374,319
3345,374,329
3346,374,330
3347,374,331
3348,374,332
3349,374,333
3350,374,334
3351,374,335
3352,374,336
3353,374,337
3354,374,338
3355,374,339
3356,374,340
3357,374,341
3358,374,342
3359,374,343
3360,374,344
3361,374,345
3362,374,346
3363,374,347
3364,374,348
3365,374,349
3366,374,350
3367,374,351
3368,374,352
3369,374,353
3370,374,354
3371,374,355
3372,374,356
3373,374,357
3374,374,358
3375,374,359
3376,374,360
3377,374,361
3378,374,362
3379,374,363
3380,374,364
3381,374,365
3382,374,366
3383,374,367
3384,374,368
3385,374,369
3386,374,370
3387,374,371
3388,374,372
3389,374,373
3390,374,374
3391,374,377
3392,374,378
3393,374,379
3394,374,380
3395,374,381
3396,374,382
3397,374,383
3398,374,384
3399,374,385
3400,374,386
3401,374,387
3402,374,388
3403,374,389
3404,374,390
3405,374,391
3406,374,398
3407,374,399
3408,374,400
3409,374,401
3410,374,402
3411,374,403
3412,374,404
3413,374,405
3414,374,406
3415,374,407
3416,374,408
3417,374,414
3418,374,415
3419,374,416
3420,374,420
3421,374,421
3422,374,422
3423,374,423
3424,374,424
3425,374,480
3426,374,481
3427,374,482
3428,374,483
3429,374,484
3430,374,485
3431,374,486
3432,374,487
3433,374,488
3434,374,489
3435,374,490
3436,374,491
3437,374,492
3438,374,493
3439,374,494
3440,374,495
3441,374,496
3442,374,497
3443,374,498
3444,374,499
3445,374,500
3446,374,501
3447,374,502
3448,374,503
3449,374,504
3450,374,505
3451,374,506
3452,374,507
3453,374,508
3454,374,509
3455,374,510
3456,374,511
3457,374,512
3458,374,513
3459,374,514
3460,374,515
3461,374,516
3462,374,517
3463,374,518
3464,374,519
3465,374,520
3466,374,521
3467,374,522
3468,374,523
3469,374,524
3470,374,525
3471,374,526
3472,374,527
3473,374,528
3474,374,529
3475,374,530
3476,374,531
3477,374,532
3478,374,533
3479,374,534
3480,374,535
3481,374,536
3482,374,537
3483,374,538
3484,374,539
3485,374,540
3486,374,541
3487,374,542
3488,374,543
3489,374,544
3490,374,545
3491,374,546
3492,375,330
3493,375,331
3494,375,332
3495,375,333
3496,375,334
3497,375,335
3498,375,336
3499,375,337
3500,375,338
3501,375,339
3502,375,342
3503,375,343
3504,375,344
3505,375,345
3506,375,346
3507,375,347
3508,375,348
3509,375,349
3510,375,350
3511,375,351
3512,375,352
3513,375,353
3514,375,354
3515,375,355
3516,375,356
3517,375,357
3518,375,359
3519,375,360
3520,375,361
3521,375,362
3522,375,363
3523,375,364
3524,375,365
3525,375,366
3526,375,367
3527,375,368
3528,375,369
3529,375,370
3530,375,371
3531,375,372
3532,375,373
3533,375,374
3534,375,378
3535,375,379
3536,375,380
3537,375,381
3538,375,382
3539,375,383
3540,375,384
3541,375,385
3542,375,386
3543,375,387
3544,375,388
3545,375,389
3546,375,390
3547,375,391
3548,375,397
3549,375,398
3550,375,399
3551,375,400
3552,375,401
3553,375,402
3554,375,403
3555,375,404
3556,375,405
3557,375,406
3558,375,407
3559,375,414
3560,375,415
3561,375,416
3562,375,421
3563,375,422
3564,375,423
3565,375,424
3566,375,479
3567,375,480
3568,375,481
3569,375,482
3570,375,483
3571,375,484
3572,375,485
3573,375,486
3574,375,487
3575,375,488
3576,375,489
3577,375,490
3578,375,491
3579,375,492
3580,375,493
3581,375,494
3582,375,495
3583,375,496
3584,375,497
3585,375,498
3586,375,499
3587,375,500
3588,375,501
3589,375,502
3590,375,503
3591,375,504
3592,375,505
3593,375,506
3594,375,507
3595,375,508
3596,375,509
3597,375,510
3598,375,511
3599,375,512
3600,375,513
3601,375,514
3602,375,515
3603,375,516
3604,375,517
3605,375,518
3606,375,519
3607,375,520
3608,375,521
3609,375,522
3610,375,523
3611,375,524
3612,375,525
3613,375,526
3614,375,527
3615,375,528
3616,375,529
3617,375,530
3618,375,531
3619,375,532
3620,375,533
3621,375,534
3622,375,535
3623,375,536
3624,375,537
3625,375,538
3626,375,539
3627,375,540
3628,375,541
3629,375,542
3630,375,543
3631,375,544
3632,375,545
3633,375,546
3634,376,331
3635,376,332
3636,376,333
3637,376,334
3638,376,335
3639,376,336
3640,376,337
3641,376,338
3642,376,339
3643,376,340
3644,376,341
3645,376,342
3646,376,343
3647,376,344
3648,376,345
3649,376,346
3650,376,347
3651,376,348
3652,376,349
3653,376,350
3654,376,351
3655,376,352
3656,376,353
3657,376,354
3658,376,355
3659,376,356
3660,376,357
3661,376,360
3662,376,361
3663,376,362
3664,376,363
3665,376,364
3666,376,365
3667,376,366
3668,376,367
3669,376,368
3670,376,369
3671,376,370
3672,376,371
3673,376,372
3674,376,373
3675,376,374
3676,376,379
3677,376,380
3678,376,381
3679,376,382
3680,376,383
3681,376,384
3682,376,385
3683,376,386
3684,376,387
3685,376,388
3686,376,389
3687,376,390
3688,376,400
3689,376,401
3690,376,402
3691,376,403
3692,376,404
3693,376,405
3694,376,406
3695,376,407
3696,376,420
3697,376,421
3698,376,422
3699,376,423
3700,376,424
3701,376,478
3702,376,479
3703,376,480
3704,376,481
3705,376,482
3706,376,483
3707,376,484
3708,376,485
3709,376,486
3710,376,487
3711,376,488
3712,376,489
3713,376,490
3714,376,491
3715,376,492
3716,376,493
3717,376,494
3718,376,495
3719,376,496
3720,376,497
3721,376,498
3722,376,499
3723,376,500
3724,376,501
3725,376,502
3726,376,503
3727,376,504
3728,376,505
3729,376,506
3730,376,507
3731,376,508
3732,376,509
3733,376,510
3734,376,511
3735,376,512
3736,376,513
3737,376,514
3738,376,515
3739,376,516
3740,376,517
3741,376,518
3742,376,519
3743,376,520
3744,376,521
3745,376,522
3746,376,523
3747,376,524
3748,376,525
3749,376,526
3750,376,527
3751,376,528
3752,376,529
3753,376,530
3754,376,531
3755,376,532
3756,376,533
3757,376,534
3758,376,535
3759,376,536
3760,376,537
3761,376,538
3762,376,539
3763,376,540
3764,376,541
3765,376,542
3766,376,543
3767,376,544
3768,376,545
3769,376,546
3770,376,547
3771,377,331
3772,377,332
3773,377,333
3774,377,334
3775,377,335
3776,377,336
3777,377,337
3778,377,338
3779,377,339
3780,377,340
3781,377,341
3782,377,342
3783,377,346
3784,377,347
3785,377,348
3786,377,349
3787,377,350
3788,377,351
3789,377,352
3790,377,353
3791,377,354
3792,377,355
3793,377,356
3794,377,357
3795,377,364
3796,377,365
3797,377,366
3798,377,367
3799,377,368
3800,377,369
3801,377,370
3802,377,371
3803,377,372
3804,377,373
3805,377,374
3806,377,381
3807,377,382
3808,377,383
3809,377,384
3810,377,385
3811,377,386
3812,377,387
3813,377,388
3814,377,389
3815,377,390
3816,377,401
3817,377,402
3818,377,403
3819,377,404
3820,377,405
3821,377,406
3822,377,418
3823,377,419
3824,377,420
3825,377,421
3826,377,422
3827,377,423
3828,377,476
3829,377,477
3830,377,478
3831,377,479
3832,377,480
3833,377,481
3834,377,482
3835,377,483
3836,377,484
3837,377,485
3838,377,486
3839,377,487
3840,377,488
3841,377,489
3842,377,490
3843,377,491
3844,377,492
3845,377,493
3846,377,494
3847,377,495
3848,377,496
3849,377,497
3850,377,498
3851,377,499
3852,377,500
3853,377,501
3854,377,502
3855,377,503
3856,377,504
3857,377,505
3858,377,506
3859,377,507
3860,377,508
3861,377,509
3862,377,510
3863,377,511
3864,377,512
3865,377,513
3866,377,514
3867,377,515
3868,377,516
3869,377,517
3870,377,518
3871,377,519
3872,377,520
3873,377,521
3874,377,522
3875,377,523
3876,377,524
3877,377,525
3878,377,526
3879,377,527
3880,377,528
3881,377,529
3882,377,530
3883,377,531
3884,377,532
3885,377,533
3886,377,534
3887,377,535
3888,377,536
3889,377,537
3890,377,538
3891,377,539
3892,377,540
3893,377,541
3894,377,542
3895,377,543
3896,377,544
3897,377,545
3898,377,546
3899,377,547
3900,377,548
3901,377,549
3902,378,331
3903,378,332
3904,378,333
3905,378,334
3906,378,335
3907,378,336
3908,378,337
3909,378,338
3910,378,339
3911,378,340
3912,378,341
3913,378,342
3914,378,347
3915,378,348
3916,378,349
3917,378,350
3918,378,351
3919,378,352
3920,378,353
3921,378,354
3922,378,355
3923,378,356
3924,378,357
3925,378,358
3926,378,364
3927,378,365
3928,378,366
3929,378,367
3930,378,368
3931,378,369
3932,378,370
3933,378,371
3934,378,372
3935,378,373
3936,378,374
3937,378,375
3938,378,382
3939,378,383
3940,378,384
3941,378,385
3942,378,386
3943,378,387
3944,378,388
3945,378,389
3946,378,401
3947,378,402
3948,378,403
3949,378,418
3950,378,419
3951,378,420
3952,378,421
3953,378,422
3954,378,423
3955,378,436
3956,378,437
3957,378,475
3958,378,476
3959,378,477
3960,378,478
3961,378,479
3962,378,480
3963,378,481
3964,378,482
3965,378,483
3966,378,484
3967,378,485
3968,378,486
3969,378,487
3970,378,488
3971,378,489
3972,378,490
3973,378,491
3974,378,492
3975,378,493
3976,378,494
3977,378,495
3978,378,496
3979,378,497
3980,378,498
3981,378,499
3982,378,500
3983,378,501
3984,378,502
3985,378,503
3986,378,504
3987,378,505
3988,378,506
3989,378,507
3990,378,508
3991,378,509
3992,378,510
3993,378,511
3994,378,512
3995,378,513
3996,378,514
3997,378,515
3998,378,516
3999,378,517
4000,378,518
4001,378,519
4002,378,520
4003,378,521
4004,378,522
4005,378,523
4006,378,524
4007,378,525
4008,378,526
4009,378,527
4010,378,528
4011,378,529
4012,378,530
4013,378,531
4014,378,532
4015,378,533
4016,378,534
4017,378,535
4018,378,536
4019,378,537
4020,378,538
4021,378,539
4022,378,540
4023,378,541
4024,378,542
4025,378,543
4026,378,544
4027,378,545
4028,378,546
4029,378,547
4030,378,548
4031,378,549
4032,378,550
4033,379,331
4034,379,332
4035,379,333
4036,379,334
4037,379,335
4038,379,336
4039,379,337
4040,379,338
4041,379,339
4042,379,340
4043,379,341
4044,379,342
4045,379,347
4046,379,348
4047,379,349
4048,379,350
4049,379,351
4050,379,352
4051,379,353
4052,379,354
4053,379,355
4054,379,356
4055,379,357
4056,379,358
4057,379,364
4058,379,365
4059,379,366
4060,379,367
4061,379,368
4062,379,369
4063,379,370
4064,379,371
4065,379,372
4066,379,373
4067,379,374
4068,379,375
4069,379,376
4070,379,382
4071,379,383
4072,379,384
4073,379,385
4074,379,386
4075,379,387
4076,379,388
4077,379,389
4078,379,401
4079,379,402
4080,379,403
4081,379,418
4082,379,419
4083,379,420
4084,379,421
4085,379,422
4086,379,436
4087,379,437
4088,379,474
4089,379,475
4090,379,476
4091,379,477
4092,379,478
4093,379,479
4094,379,480
4095,379,481
4096,379,482
4097,379,483
4098,379,484
4099,379,485
4100,379,486
4101,379,487
4102,379,488
4103,379,489
4104,379,490
4105,379,491
4106,379,492
4107,379,493
4108,379,494
4109,379,495
4110,379,496
4111,379,497
4112,379,498
4113,379,499
4114,379,500
4115,379,501
4116,379,502
4117,379,503
4118,379,504
4119,379,505
4120,379,506
4121,379,507
4122,379,508
4123,379,509
4124,379,510
4125,379,511
4126,379,512
4127,379,513
4128,379,514
4129,379,515
4130,379,516
4131,379,517
4132,379,518
4133,379,519
4134,379,520
4135,379,521
4136,379,522
4137,379,523
4138,379,524
4139,379,525
4140,379,526
4141,379,527
4142,379,528
4143,379,529
4144,379,530
4145,379,531
4146,379,532
4147,379,533
4148,379,534
4149,379,535
4150,379,536
4151,379,537
4152,379,538
4153,379,539
4154,379,540
4155,379,541
4156,379,542
4157,379,543
4158,379,544
4159,379,545
4160,379,546
4161,379,547
4162,379,548
4163,379,549
4164,379,550
4165,380,332
4166,380,333
4167,380,334
4168,380,335
4169,380,336
4170,380,337
4171,380,338
4172,380,339
4173,380,340
4174,380,341
4175,380,342
4176,380,346
4177,380,347
4178,380,348
4179,380,349
4180,380,350
4181,380,351
4182,380,352
4183,380,353
4184,380,354
4185,380,355
4186,380,356
4187,380,357
4188,380,358
4189,380,359
4190,380,363
4191,380,364
4192,380,365
4193,380,366
4194,380,367
4195,380,368
4196,380,369
4197,380,370
4198,380,371
4199,380,372
4200,380,373
4201,380,374
4202,380,375
4203,380,376
4204,380,377
4205,380,378
4206,380,379
4207,380,380
4208,380,381
4209,380,382
4210,380,383
4211,380,384
4212,380,385
4213,380,386
4214,380,387
4215,380,388
4216,380,389
4217,380,390
4218,380,401
4219,380,402
4220,380,403
4221,380,418
4222,380,419
4223,380,420
4224,380,421
4225,380,422
4226,380,423
4227,380,473
4228,380,474
4229,380,475
4230,380,476
4231,380,477
4232,380,478
4233,380,479
4234,380,480
4235,380,481
4236,380,482
4237,380,483
4238,380,484
4239,380,485
4240,380,486
4241,380,487
4242,380,488
4243,380,489
4244,380,490
4245,380,491
4246,380,492
4247,380,493
4248,380,494
4249,380,495
4250,380,496
4251,380,497
4252,380,498
4253,380,499
4254,380,500
4255,380,501
4256,380,502
4257,380,503
4258,380,504
4259,380,505
4260,380,506
4261,380,507
4262,380,508
4263,380,509
4264,380,510
4265,380,511
4266,380,512
4267,380,513
4268,380,514
4269,380,515
4270,380,516
4271,380,517
4272,380,518
4273,380,519
4274,380,520
4275,380,521
4276,380,522
4277,380,523
4278,380,524
4279,380,525
4280,380,526
4281,380,527
4282,380,528
4283,380,529
4284,380,530
4285,380,531
4286,380,532
4287,380,533
4288,380,534
4289,380,535
4290,380,536
4291,380,537
4292,380,538
4293,380,539
4294,380,540
4295,380,541
4296,380,542
4297,380,543
4298,380,544
4299,380,545
4300,380,546
4301,380,547
4302,380,548
4303,380,549
4304,380,550
4305,380,551
4306,381,336
4307,381,337
4308,381,338
4309,381,339
4310,381,340
4311,381,341
4312,381,342
4313,381,343
4314,381,344
4315,381,345
4316,381,346
4317,381,347
4318,381,348
4319,381,349
4320,381,350
4321,381,351
4322,381,352
4323,381,353
4324,381,354
4325,381,355
4326,381,356
4327,381,357
4328,381,358
4329,381,359
4330,381,360
4331,381,361
4332,381,362
4333,381,363
4334,381,364
4335,381,365
4336,381,366
4337,381,367
4338,381,368
4339,381,369
4340,381,370
4341,381,371
4342,381,372
4343,381,373
4344,381,374
4345,381,375
4346,381,376
4347,381,377
4348,381,378
4349,381,379
4350,381,380
4351,381,381
4352,381,382
4353,381,383
4354,381,384
4355,381,385
4356,381,386
4357,381,387
4358,381,388
4359,381,389
4360,381,390
4361,381,404
4362,381,405
4363,381,406
4364,381,421
4365,381,422
4366,381,423
4367,381,424
4368,381,465
4369,381,466
4370,381,467
4371,381,468
4372,381,469
4373,381,470
4374,381,471
4375,381,472
4376,381,473
4377,381,474
4378,381,475
4379,381,476
4380,381,477
4381,381,478
4382,381,479
4383,381,480
4384,381,481
4385,381,482
4386,381,483
4387,381,484
4388,381,485
4389,381,486
4390,381,487
4391,381,488
4392,381,489
4393,381,490
4394,381,491
4395,381,492
4396,381,493
4397,381,494
4398,381,495
4399,381,496
4400,381,497
4401,381,498
4402,381,499
4403,381,500
4404,381,501
4405,381,502
4406,381,503
4407,381,504
4408,381,505
4409,381,506
4410,381,507
4411,381,508
4412,381,509
4413,381,510
4414,381,511
4415,381,512
4416,381,513
4417,381,514
4418,381,515
4419,381,516
4420,381,517
4421,381,518
4422,381,519
4423,381,520
4424,381,521
4425,381,522
4426,381,523
4427,381,524
4428,381,525
4429,381,526
4430,381,527
4431,381,528
4432,381,529
4433,381,530
4434,381,531
4435,381,532
4436,381,533
4437,381,534
4438,381,535
4439,381,536
4440,381,537
4441,381,538
4442,381,539
4443,381,540
4444,381,541
4445,381,542
4446,381,543
4447,381,544
4448,381,545
4449,381,546
4450,381,547
4451,381,548
4452,381,549
4453,381,550
4454,381,551
4455,381,552
4456,382,342
4457,382,343
4458,382,344
4459,382,345
4460,382,346
4461,382,347
4462,382,348
4463,382,349
4464,382,350
4465,382,351
4466,382,352
4467,382,353
4468,382,354
4469,382,355
4470,382,356
4471,382,357
4472,382,358
4473,382,359
4474,382,360
4475,382,361
4476,382,362
4477,382,363
4478,382,364
4479,382,365
4480,382,366
4481,382,367
4482,382,368
4483,382,369
4484,382,370
4485,382,371
4486,382,372
4487,382,373
4488,382,374
4489,382,375
4490,382,376
4491,382,377
4492,382,378
4493,382,379
4494,382,380
4495,382,381
4496,382,382
4497,382,383
4498,382,384
4499,382,385
4500,382,386
4501,382,387
4502,382,388
4503,382,389
4504,382,390
4505,382,391
4506,382,395
4507,382,396
4508,382,397
4509,382,398
4510,382,399
4511,382,404
4512,382,405
4513,382,406
4514,382,407
4515,382,413
4516,382,414
4517,382,415
4518,382,416
4519,382,422
4520,382,423
4521,382,424
4522,382,465
4523,382,466
4524,382,467
4525,382,468
4526,382,469
4527,382,470
4528,382,471
4529,382,472
4530,382,473
4531,382,474
4532,382,475
4533,382,476
4534,382,477
4535,382,478
4536,382,479
4537,382,480
4538,382,481
4539,382,482
4540,382,483
4541,382,484
4542,382,485
4543,382,486
4544,382,487
4545,382,488
4546,382,489
4547,382,490
4548,382,491
4549,382,492
4550,382,493
4551,382,494
4552,382,495
4553,382,496
4554,382,497
4555,382,498
4556,382,499
4557,382,500
4558,382,501
4559,382,502
4560,382,503
4561,382,504
4562,382,505
4563,382,506
4564,382,507
4565,382,508
4566,382,509
4567,382,510
4568,382,511
4569,382,512
4570,382,513
4571,382,514
4572,382,515
4573,382,516
4574,382,517
4575,382,518
4576,382,519
4577,382,520
4578,382,521
4579,382,522
4580,382,523
4581,382,524
4582,382,525
4583,382,526
4584,382,527
4585,382,528
4586,382,529
4587,382,530
4588,382,531
4589,382,532
4590,382,533
4591,382,534
4592,382,535
4593,382,536
4594,382,537
4595,382,538
4596,382,539
4597,382,540
4598,382,541
4599,382,542
4600,382,543
4601,382,544
4602,382,545
4603,382,546
4604,382,547
4605,382,548
4606,382,549
4607,382,550
4608,382,551
4609,382,552
4610,382,553
4611,382,554
4612,383,344
4613,383,345
4614,383,346
4615,383,347
4616,383,348
4617,383,349
4618,383,350
4619,383,351
4620,383,352
4621,383,353
4622,383,354
4623,383,355
4624,383,356
4625,383,357
4626,383,358
4627,383,359
4628,383,360
4629,383,361
4630,383,362
4631,383,363
4632,383,364
4633,383,365
4634,383,366
4635,383,367
4636,383,368
4637,383,369
4638,383,370
4639,383,371
4640,383,372
4641,383,373
4642,383,374
4643,383,375
4644,383,376
4645,383,377
4646,383,378
4647,383,379
4648,383,380
4649,383,381
4650,383,382
4651,383,383
4652,383,384
4653,383,385
4654,383,386
4655,383,387
4656,383,388
4657,383,389
4658,383,390
4659,383,396
4660,383,397
4661,383,398
4662,383,399
4663,383,403
4664,383,404
4665,383,405
4666,383,406
4667,383,414
4668,383,415
4669,383,416
4670,383,421
4671,383,422
4672,383,423
4673,383,424
4674,383,463
4675,383,464
4676,383,465
4677,383,466
4678,383,467
4679,383,468
4680,383,469
4681,383,470
4682,383,471
4683,383,472
4684,383,473
4685,383,474
4686,383,475
4687,383,476
4688,383,477
4689,383,478
4690,383,479
4691,383,480
4692,383,481
4693,383,482
4694,383,483
4695,383,484
4696,383,485
4697,383,486
4698,383,487
4699,383,488
4700,383,489
4701,383,490
4702,383,491
4703,383,492
4704,383,493
4705,383,494
4706,383,495
4707,383,496
4708,383,497
4709,383,498
4710,383,499
4711,383,500
4712,383,501
4713,383,502
4714,383,503
4715,383,504
4716,383,505
4717,383,506
4718,383,507
4719,383,508
4720,383,509
4721,383,510
4722,383,511
4723,383,512
4724,383,513
4725,383,514
4726,383,515
4727,383,516
4728,383,517
4729,383,518
4730,383,519
4731,383,520
4732,383,521
4733,383,522
4734,383,523
4735,383,524
4736,383,525
4737,383,526
4738,383,527
4739,383,528
4740,383,529
4741,383,530
4742,383,531
4743,383,532
4744,383,533
4745,383,534
4746,383,535
4747,383,536
4748,383,537
4749,383,538
4750,383,539
4751,383,540
4752,383,541
4753,383,542
4754,383,543
4755,383,544
4756,383,545
4757,383,546
4758,383,547
4759,383,548
4760,383,549
4761,383,550
4762,383,551
4763,383,552
4764,383,553
4765,383,554
4766,383,555
4767,384,347
4768,384,348
4769,384,349
4770,384,350
4771,384,351
4772,384,352
4773,384,353
4774,384,354
4775,384,355
4776,384,356
4777,384,357
4778,384,358
4779,384,359
4780,384,360
4781,384,361
4782,384,362
4783,384,363
4784,384,364
4785,384,365
4786,384,366
4787,384,367
4788,384,368
4789,384,369
4790,384,370
4791,384,371
4792,384,372
4793,384,373
4794,384,374
4795,384,375
4796,384,376
4797,384,377
4798,384,378
4799,384,379
4800,384,380
4801,384,381
4802,384,382
4803,384,383
4804,384,384
4805,384,385
4806,384,386
4807,384,387
4808,384,388
4809,384,389
4810,384,390
4811,384,400
4812,384,401
4813,384,402
4814,384,403
4815,384,404
4816,384,405
4817,384,406
4818,384,418
4819,384,419
4820,384,420
4821,384,421
4822,384,422
4823,384,423
4824,384,424
4825,384,459
4826,384,460
4827,384,461
4828,384,462
4829,384,463
4830,384,464
4831,384,465
4832,384,466
4833,384,467
4834,384,468
4835,384,469
4836,384,470
4837,384,471
4838,384,472
4839,384,473
4840,384,474
4841,384,475
4842,384,476
4843,384,477
4844,384,478
4845,384,479
4846,384,480
4847,384,481
4848,384,482
4849,384,483
4850,384,484
4851,384,485
4852,384,486
4853,384,487
4854,384,488
4855,384,489
4856,384,490
4857,384,491
4858,384,492
4859,384,493
4860,384,494
4861,384,495
4862,384,496
4863,384,497
4864,384,498
4865,384,499
4866,384,500
4867,384,501
4868,384,502
4869,384,503
4870,384,504
4871,384,505
4872,384,506
4873,384,507
4874,384,508
4875,384,509
4876,384,510
4877,384,511
4878,384,512
4879,384,513
4880,384,514
4881,384,515
4882,384,516
4883,384,517
4884,384,518
4885,384,519
4886,384,520
4887,384,521
4888,384,522
4889,384,523
4890,384,524
4891,384,525
4892,384,526
4893,384,527
4894,384,528
4895,384,529
4896,384,530
4897,384,531
4898,384,532
4899,384,533
4900,384,534
4901,384,535
4902,384,536
4903,384,537
4904,384,538
4905,384,539
4906,384,540
4907,384,541
4908,384,542
4909,384,543
4910,384,544
4911,384,545
4912,384,546
4913,384,547
4914,384,548
4915,384,549
4916,384,550
4917,384,551
4918,384,552
4919,384,553
4920,384,554
4921,384,555
4922,384,556
4923,385,348
4924,385,349
4925,385,350
4926,385,351
4927,385,352
4928,385,353
4929,385,354
4930,385,355
4931,385,356
4932,385,357
4933,385,358
4934,385,359
4935,385,360
4936,385,361
4937,385,362
4938,385,363
4939,385,364
4940,385,365
4941,385,366
4942,385,367
4943,385,368
4944,385,369
4945,385,370
4946,385,371
4947,385,372
4948,385,373
4949,385,374
4950,385,375
4951,385,376
4952,385,377
4953,385,378
4954,385,379
4955,385,380
4956,385,381
4957,385,382
4958,385,383
4959,385,384
4960,385,385
4961,385,386
4962,385,387
4963,385,388
4964,385,389
4965,385,390
4966,385,400
4967,385,401
4968,385,402
4969,385,403
4970,385,404
4971,385,418
4972,385,419
4973,385,420
4974,385,421
4975,385,422
4976,385,423
4977,385,424
4978,385,457
4979,385,458
4980,385,459
4981,385,460
4982,385,461
4983,385,462
4984,385,463
4985,385,464
4986,385,465
4987,385,466
4988,385,467
4989,385,468
4990,385,469
4991,385,470
4992,385,471
4993,385,472
4994,385,473
4995,385,474
4996,385,475
4997,385,476
4998,385,477
4999,385,478
5000,385,479
5001,385,480
5002,385,481
5003,385,482
5004,385,483
5005,385,484
5006,385,485
5007,385,486
5008,385,487
5009,385,488
5010,385,489
5011,385,490
5012,385,491
5013,385,492
5014,385,493
5015,385,494
5016,385,495
5017,385,496
5018,385,497
5019,385,498
5020,385,499
5021,385,500
5022,385,501
5023,385,502
5024,385,503
5025,385,504
5026,385,505
5027,385,506
5028,385,507
5029,385,508
5030,385,509
5031,385,510
5032,385,511
5033,385,512
5034,385,513
5035,385,514
5036,385,515
5037,385,516
5038,385,517
5039,385,518
5040,385,519
5041,385,520
5042,385,521
5043,385,522
5044,385,523
5045,385,524
5046,385,525
5047,385,526
5048,385,527
5049,385,528
5050,385,529
5051,385,530
5052,385,531
5053,385,532
5054,385,533
5055,385,534
5056,385,535
5057,385,536
5058,385,537
5059,385,538
5060,385,539
5061,385,540
5062,385,541
5063,385,542
5064,385,543
5065,385,544
5066,385,545
5067,385,546
5068,385,547
5069,385,548
5070,385,549
5071,385,550
5072,385,551
5073,385,552
5074,385,553
5075,385,554
5076,385,555
5077,385,556
5078,385,557
5079,385,558
5080,386,348
5081,386,349
5082,386,350
5083,386,351
5084,386,352
5085,386,353
5086,386,354
5087,386,355
5088,386,356
5089,386,357
5090,386,358
5091,386,359
5092,386,364
5093,386,365
5094,386,366
5095,386,367
5096,386,368
5097,386,369
5098,386,370
5099,386,371
5100,386,372
5101,386,373
5102,386,374
5103,386,375
5104,386,376
5105,386,377
5106,386,378
5107,386,379
5108,386,380
5109,386,381
5110,386,382
5111,386,383
5112,386,384
5113,386,385
5114,386,386
5115,386,387
5116,386,388
5117,386,389
5118,386,390
5119,386,400
5120,386,401
5121,386,402
5122,386,403
5123,386,404
5124,386,405
5125,386,406
5126,386,418
5127,386,419
5128,386,420
5129,386,421
5130,386,422
5131,386,423
5132,386,424
5133,386,458
5134,386,459
5135,386,460
5136,386,461
5137,386,462
5138,386,463
5139,386,464
5140,386,465
5141,386,466
5142,386,467
5143,386,468
5144,386,469
5145,386,470
5146,386,471
5147,386,472
5148,386,473
5149,386,474
5150,386,475
5151,386,476
5152,386,477
5153,386,478
5154,386,479
5155,386,480
5156,386,481
5157,386,482
5158,386,483
5159,386,484
5160,386,485
5161,386,486
5162,386,487
5163,386,488
5164,386,489
5165,386,490
5166,386,491
5167,386,492
5168,386,493
5169,386,494
5170,386,495
5171,386,496
5172,386,497
5173,386,498
5174,386,499
5175,386,500
5176,386,501
5177,386,502
5178,386,503
5179,386,504
5180,386,505
5181,386,506
5182,386,507
5183,386,508
5184,386,509
5185,386,510
5186,386,511
5187,386,512
5188,386,513
5189,386,514
5190,386,515
5191,386,516
5192,386,517
5193,386,518
5194,386,519
5195,386,520
5196,386,521
5197,386,522
5198,386,523
5199,386,524
5200,386,525
5201,386,526
5202,386,527
5203,386,528
5204,386,529
5205,386,530
5206,386,531
5207,386,532
5208,386,533
5209,386,534
5210,386,535
5211,386,536
5212,386,537
5213,386,538
5214,386,539
5215,386,540
5216,386,541
5217,386,542
5218,386,543
5219,386,544
5220,386,545
5221,386,546
5222,386,547
5223,386,548
5224,386,549
5225,386,550
5226,386,551
5227,386,552
5228,386,553
5229,386,554
5230,386,555
5231,386,556
5232,386,557
5233,386,558
5234,387,351
5235,387,352
5236,387,353
5237,387,354
5238,387,355
5239,387,364
5240,387,365
5241,387,366
5242,387,367
5243,387,368
5244,387,369
5245,387,370
5246,387,371
5247,387,372
5248,387,373
5249,387,374
5250,387,380
5251,387,381
5252,387,382
5253,387,383
5254,387,384
5255,387,385
5256,387,386
5257,387,387
5258,387,388
5259,387,389
5260,387,390
5261,387,400
5262,387,401
5263,387,402
5264,387,403
5265,387,404
5266,387,405
5267,387,406
5268,387,407
5269,387,418
5270,387,419
5271,387,420
5272,387,421
5273,387,422
5274,387,423
5275,387,424
5276,387,440
5277,387,458
5278,387,459
5279,387,460
5280,387,461
5281,387,462
5282,387,463
5283,387,464
5284,387,465
5285,387,466
5286,387,467
5287,387,468
5288,387,469
5289,387,470
5290,387,471
5291,387,472
5292,387,473
5293,387,474
5294,387,475
5295,387,476
5296,387,477
5297,387,478
5298,387,479
5299,387,480
5300,387,481
5301,387,482
5302,387,483
5303,387,484
5304,387,485
5305,387,486
5306,387,487
5307,387,488
5308,387,489
5309,387,490
5310,387,491
5311,387,492
5312,387,493
5313,387,494
5314,387,495
5315,387,496
5316,387,497
5317,387,498
5318,387,499
5319,387,500
5320,387,501
5321,387,502
5322,387,503
5323,387,504
5324,387,505
5325,387,506
5326,387,507
5327,387,508
5328,387,509
5329,387,510
5330,387,511
5331,387,512
5332,387,513
5333,387,514
5334,387,515
5335,387,516
5336,387,517
5337,387,518
5338,387,519
5339,387,520
5340,387,521
5341,387,522
5342,387,523
5343,387,524
5344,387,525
5345,387,526
5346,387,527
5347,387,528
5348,387,529
5349,387,530
5350,387,531
5351,387,532
5352,387,533
5353,387,534
5354,387,535
5355,387,536
5356,387,537
5357,387,538
5358,387,539
5359,387,540
5360,387,541
5361,387,542
5362,387,543
5363,387,544
5364,387,545
5365,387,546
5366,387,547
5367,387,548
5368,387,549
5369,387,550
5370,387,551
5371,387,552
5372,387,553
5373,387,554
5374,387,555
5375,387,556
5376,387,557
5377,387,558
5378,388,365
5379,388,366
5380,388,367
5381,388,368
5382,388,369
5383,388,370
5384,388,371
5385,388,372
5386,388,373
5387,388,381
5388,388,382
5389,388,383
5390,388,384
5391,388,385
5392,388,386
5393,388,387
5394,388,388
5395,388,389
5396,388,390
5397,388,399
5398,388,400
5399,388,401
5400,388,402
5401,388,403
5402,388,404
5403,388,405
5404,388,406
5405,388,407
5406,388,420
5407,388,421
5408,388,422
5409,388,423
5410,388,424
5411,388,440
5412,388,441
5413,388,459
5414,388,460
5415,388,461
5416,388,462
5417,388,463
5418,388,464
5419,388,465
5420,388,466
5421,388,467
5422,388,468
5423,388,469
5424,388,470
5425,388,471
5426,388,472
5427,388,473
5428,388,474
5429,388,475
5430,388,476
5431,388,477
5432,388,478
5433,388,479
5434,388,480
5435,388,481
5436,388,482
5437,388,483
5438,388,484
5439,388,485
5440,388,486
5441,388,487
5442,388,488
5443,388,489
5444,388,490
5445,388,491
5446,388,492
5447,388,493
5448,388,494
5449,388,495
5450,388,496
5451,388,497
5452,388,498
5453,388,499
5454,388,500
5455,388,502
5456,388,503
5457,388,504
5458,388,505
5459,388,506
5460,388,507
5461,388,508
5462,388,509
5463,388,510
5464,388,511
5465,388,512
5466,388,513
5467,388,514
5468,388,515
5469,388,516
5470,388,517
5471,388,518
5472,388,519
5473,388,520
5474,388,521
5475,388,522
5476,388,523
5477,388,524
5478,388,525
5479,388,526
5480,388,527
5481,388,528
5482,388,529
5483,388,530
5484,388,531
5485,388,532
5486,388,533
5487,388,534
5488,388,535
5489,388,536
5490,388,537
5491,388,538
5492,388,539
5493,388,540
5494,388,541
5495,388,542
5496,388,543
5497,388,544
5498,388,545
5499,388,546
5500,388,547
5501,388,548
5502,388,549
5503,388,550
5504,388,551
5505,388,552
5506,388,553
5507,388,554
5508,388,555
5509,388,556
5510,388,557
5511,388,558
5512,388,559
5513,389,366
5514,389,367
5515,389,368
5516,389,369
5517,389,370
5518,389,371
5519,389,372
5520,389,373
5521,389,381
5522,389,382
5523,389,383
5524,389,384
5525,389,385
5526,389,386
5527,389,387
5528,389,388
5529,389,389
5530,389,390
5531,389,399
5532,389,400
5533,389,401
5534,389,402
5535,389,403
5536,389,404
5537,389,405
5538,389,406
5539,389,407
5540,389,420
5541,389,421
5542,389,422
5543,389,423
5544,389,424
5545,389,440
5546,389,441
5547,389,459
5548,389,460
5549,389,461
5550,389,462
5551,389,463
5552,389,464
5553,389,465
5554,389,466
5555,389,467
5556,389,468
5557,389,469
5558,389,470
5559,389,471
5560,389,472
5561,389,473
5562,389,474
5563,389,475
5564,389,476
5565,389,477
5566,389,478
5567,389,479
5568,389,480
5569,389,481
5570,389,482
5571,389,483
5572,389,484
5573,389,485
5574,389,486
5575,389,487
5576,389,488
5577,389,489
5578,389,490
5579,389,491
5580,389,492
5581,389,493
5582,389,494
5583,389,495
5584,389,496
5585,389,497
5586,389,498
5587,389,503
5588,389,504
5589,389,505
5590,389,506
5591,389,507
5592,389,508
5593,389,509
5594,389,510
5595,389,511
5596,389,512
5597,389,513
5598,389,514
5599,389,515
5600,389,516
5601,389,517
5602,389,518
5603,389,519
5604,389,520
5605,389,521
5606,389,522
5607,389,523
5608,389,524
5609,389,525
5610,389,526
5611,389,527
5612,389,528
5613,389,529
5614,389,530
5615,389,531
5616,389,532
5617,389,533
5618,389,534
5619,389,535
5620,389,536
5621,389,537
5622,389,538
5623,389,539
5624,389,540
5625,389,541
5626,389,542
5627,389,543
5628,389,544
5629,389,545
5630,389,546
5631,389,547
5632,389,548
5633,389,549
5634,389,550
5635,389,551
5636,389,552
5637,389,553
5638,389,554
5639,389,555
5640,389,556
5641,389,557
5642,389,558
5643,389,559
5644,390,366
5645,390,367
5646,390,368
5647,390,369
5648,390,370
5649,390,371
5650,390,372
5651,390,373
5652,390,382
5653,390,383
5654,390,384
5655,390,385
5656,390,386
5657,390,387
5658,390,388
5659,390,389
5660,390,390
5661,390,391
5662,390,399
5663,390,400
5664,390,401
5665,390,402
5666,390,403
5667,390,404
5668,390,405
5669,390,406
5670,390,407
5671,390,420
5672,390,421
5673,390,422
5674,390,423
5675,390,424
5676,390,458
5677,390,459
5678,390,460
5679,390,461
5680,390,462
5681,390,463
5682,390,464
5683,390,465
5684,390,466
5685,390,467
5686,390,468
5687,390,469
5688,390,470
5689,390,471
5690,390,472
5691,390,473
5692,390,474
5693,390,475
5694,390,476
5695,390,477
5696,390,478
5697,390,479
5698,390,480
5699,390,481
5700,390,482
5701,390,483
5702,390,484
5703,390,485
5704,390,486
5705,390,487
5706,390,488
5707,390,489
5708,390,490
5709,390,491
5710,390,492
5711,390,493
5712,390,494
5713,390,495
5714,390,496
5715,390,497
5716,390,498
5717,390,499
5718,390,500
5719,390,501
5720,390,502
5721,390,503
5722,390,504
5723,390,505
5724,390,506
5725,390,507
5726,390,508
5727,390,509
5728,390,510
5729,390,511
5730,390,512
5731,390,513
5732,390,514
5733,390,515
5734,390,516
5735,390,517
5736,390,518
5737,390,519
5738,390,520
5739,390,521
5740,390,522
5741,390,523
5742,390,524
5743,390,525
5744,390,526
5745,390,527
5746,390,528
5747,390,529
5748,390,530
5749,390,531
5750,390,532
5751,390,533
5752,390,534
5753,390,535
5754,390,536
5755,390,537
5756,390,538
5757,390,539
5758,390,540
5759,390,541
5760,390,542
5761,390,543
5762,390,544
5763,390,545
5764,390,546
5765,390,547
5766,390,548
5767,390,549
5768,390,550
5769,390,551
5770,390,552
5771,390,553
5772,390,554
5773,390,555
5774,390,556
5775,390,557
5776,390,558
5777,390,559
5778,391,366
5779,391,367
5780,391,368
5781,391,369
5782,391,370
5783,391,371
5784,391,372
5785,391,373
5786,391,382
5787,391,383
5788,391,384
5789,391,385
5790,391,386
5791,391,387
5792,391,388
5793,391,389
5794,391,390
5795,391,391
5796,391,392
5797,391,400
5798,391,401
5799,391,402
5800,391,403
5801,391,404
5802,391,405
5803,391,406
5804,391,419
5805,391,420
5806,391,421
5807,391,422
5808,391,423
5809,391,424
5810,391,458
5811,391,459
5812,391,460
5813,391,461
5814,391,462
5815,391,463
5816,391,464
5817,391,465
5818,391,466
5819,391,467
5820,391,468
5821,391,469
5822,391,470
5823,391,471
5824,391,472
5825,391,473
5826,391,474
5827,391,475
5828,391,476
5829,391,477
5830,391,478
5831,391,479
5832,391,480
5833,391,481
5834,391,482
5835,391,483
5836,391,484
5837,391,485
5838,391,486
5839,391,487
5840,391,488
5841,391,489
5842,391,490
5843,391,491
5844,391,492
5845,391,493
5846,391,494
5847,391,495
5848,391,496
5849,391,497
5850,391,498
5851,391,499
5852,391,500
5853,391,501
5854,391,502
5855,391,503
5856,391,504
5857,391,505
5858,391,506
5859,391,507
5860,391,508
5861,391,509
5862,391,510
5863,391,511
5864,391,512
5865,391,513
5866,391,514
5867,391,515
5868,391,516
5869,391,517
5870,391,518
5871,391,519
5872,391,520
5873,391,521
5874,391,522
5875,391,523
5876,391,524
5877,391,525
5878,391,526
5879,391,527
5880,391,528
5881,391,529
5882,391,530
5883,391,531
5884,391,532
5885,391,533
5886,391,534
5887,391,535
5888,391,536
5889,391,537
5890,391,538
5891,391,539
5892,391,540
5893,391,541
5894,391,542
5895,391,543
5896,391,544
5897,391,545
5898,391,546
5899,391,547
5900,391,548
5901,391,549
5902,391,550
5903,391,551
5904,391,552
5905,391,553
5906,391,554
5907,391,555
5908,391,556
5909,391,557
5910,391,558
5911,391,559
5912,392,366
5913,392,367
5914,392,368
5915,392,369
5916,392,370
5917,392,371
5918,392,372
5919,392,382
5920,392,383
5921,392,384
5922,392,385
5923,392,386
5924,392,387
5925,392,388
5926,392,389
5927,392,390
5928,392,391
5929,392,392
5930,392,393
5931,392,400
5932,392,401
5933,392,402
5934,392,403
5935,392,404
5936,392,405
5937,392,418
5938,392,419
5939,392,420
5940,392,421
5941,392,457
5942,392,458
5943,392,459
5944,392,460
5945,392,461
5946,392,462
5947,392,463
5948,392,464
5949,392,465
5950,392,466
5951,392,467
5952,392,468
5953,392,469
5954,392,470
5955,392,471
5956,392,472
5957,392,473
5958,392,474
5959,392,475
5960,392,476
5961,392,477
5962,392,478
5963,392,479
5964,392,480
5965,392,481
5966,392,482
5967,392,483
5968,392,484
5969,392,485
5970,392,486
5971,392,487
5972,392,488
5973,392,489
5974,392,490
5975,392,491
5976,392,492
5977,392,493
5978,392,494
5979,392,495
5980,392,496
5981,392,497
5982,392,498
5983,392,499
5984,392,500
5985,392,501
5986,392,502
5987,392,503
5988,392,504
5989,392,505
5990,392,506
5991,392,507
5992,392,508
5993,392,509
5994,392,510
5995,392,511
5996,392,512
5997,392,513
5998,392,514
5999,392,515
6000,392,516
6001,392,517
6002,392,518
6003,392,519
6004,392,520
6005,392,521
6006,392,522
6007,392,523
6008,392,524
6009,392,525
6010,392,526
6011,392,527
6012,392,528
6013,392,529
6014,392,530
6015,392,531
6016,392,532
6017,392,533
6018,392,534
6019,392,535
6020,392,536
6021,392,537
6022,392,538
6023,392,539
6024,392,540
6025,392,541
6026,392,542
6027,392,543
6028,392,544
6029,392,545
6030,392,546
6031,392,547
6032,392,548
6033,392,549
6034,392,550
6035,392,551
6036,392,552
6037,392,553
6038,392,554
6039,392,555
6040,392,556
6041,392,557
6042,392,558
6043,392,559
6044,393,382
6045,393,383
6046,393,384
6047,393,385
6048,393,386
6049,393,387
6050,393,388
6051,393,389
6052,393,390
6053,393,391
6054,393,392
6055,393,393
6056,393,394
6057,393,400
6058,393,401
6059,393,402
6060,393,403
6061,393,404
6062,393,405
6063,393,418
6064,393,419
6065,393,420
6066,393,456
6067,393,457
6068,393,458
6069,393,459
6070,393,460
6071,393,461
6072,393,462
6073,393,463
6074,393,464
6075,393,465
6076,393,466
6077,393,467
6078,393,468
6079,393,469
6080,393,470
6081,393,471
6082,393,472
6083,393,473
6084,393,474
6085,393,475
6086,393,476
6087,393,477
6088,393,478
6089,393,479
6090,393,480
6091,393,481
6092,393,482
6093,393,483
6094,393,484
6095,393,485
6096,393,486
6097,393,487
6098,393,488
6099,393,489
6100,393,490
6101,393,491
6102,393,492
6103,393,493
6104,393,494
6105,393,495
6106,393,496
6107,393,497
6108,393,498
6109,393,499
6110,393,500
6111,393,501
6112,393,502
6113,393,503
6114,393,504
6115,393,505
6116,393,506
6117,393,507
6118,393,508
6119,393,509
6120,393,510
6121,393,511
6122,393,512
6123,393,513
6124,393,514
6125,393,515
6126,393,516
6127,393,517
6128,393,518
6129,393,519
6130,393,520
6131,393,521
6132,393,522
6133,393,523
6134,393,524
6135,393,525
6136,393,526
6137,393,527
6138,393,528
6139,393,529
6140,393,530
6141,393,531
6142,393,532
6143,393,533
6144,393,534
6145,393,535
6146,393,536
6147,393,537
6148,393,538
6149,393,539
6150,393,540
6151,393,541
6152,393,542
6153,393,543
6154,393,544
6155,393,545
6156,393,546
6157,393,547
6158,393,548
6159,393,549
6160,393,550
6161,393,551
6162,393,552
6163,393,553
6164,393,554
6165,393,555
6166,393,556
6167,393,557
6168,393,558
6169,393,559
6170,393,560
6171,394,382
6172,394,383
6173,394,384
6174,394,385
6175,394,386
6176,394,387
6177,394,388
6178,394,389
6179,394,390
6180,394,391
6181,394,392
6182,394,393
6183,394,394
6184,394,395
6185,394,396
6186,394,397
6187,394,398
6188,394,399
6189,394,400
6190,394,401
6191,394,402
6192,394,403
6193,394,404
6194,394,405
6195,394,406
6196,394,407
6197,394,408
6198,394,456
6199,394,457
6200,394,458
6201,394,459
6202,394,460
6203,394,461
6204,394,462
6205,394,463
6206,394,464
6207,394,465
6208,394,466
6209,394,467
6210,394,468
6211,394,469
6212,394,470
6213,394,471
6214,394,472
6215,394,473
6216,394,474
6217,394,475
6218,394,476
6219,394,477
6220,394,478
6221,394,479
6222,394,480
6223,394,481
6224,394,482
6225,394,483
6226,394,484
6227,394,485
6228,394,486
6229,394,487
6230,394,488
6231,394,489
6232,394,490
6233,394,491
6234,394,492
6235,394,493
6236,394,494
6237,394,495
6238,394,496
6239,394,497
6240,394,498
6241,394,499
6242,394,500
6243,394,501
6244,394,502
6245,394,503
6246,394,504
6247,394,505
6248,394,506
6249,394,507
6250,394,508
6251,394,509
6252,394,510
6253,394,511
6254,394,512
6255,394,513
6256,394,514
6257,394,515
6258,394,516
6259,394,517
6260,394,518
6261,394,519
6262,394,520
6263,394,521
6264,394,522
6265,394,523
6266,394,524
6267,394,525
6268,394,526
6269,394,527
6270,394,528
6271,394,529
6272,394,530
6273,394,531
6274,394,532
6275,394,533
6276,394,534
6277,394,535
6278,394,536
6279,394,537
6280,394,538
6281,394,539
6282,394,540
6283,394,541
6284,394,542
6285,394,543
6286,394,544
6287,394,545
6288,394,546
6289,394,547
6290,394,548
6291,394,549
6292,394,550
6293,394,551
6294,394,552
6295,394,553
6296,394,554
6297,394,555
6298,394,556
6299,394,557
6300,394,558
6301,394,559
6302,394,560
6303,395,383
6304,395,384
6305,395,385
6306,395,386
6307,395,387
6308,395,388
6309,395,389
6310,395,390
6311,395,391
6312,395,392
6313,395,393
6314,395,394
6315,395,395
6316,395,396
6317,395,397
6318,395,398
6319,395,399
6320,395,400
6321,395,401
6322,395,402
6323,395,403
6324,395,404
6325,395,405
6326,395,406
6327,395,407
6328,395,408
6329,395,409
6330,395,411
6331,395,412
6332,395,413
6333,395,414
6334,395,415
6335,395,416
6336,395,455
6337,395,456
6338,395,457
6339,395,458
6340,395,459
6341,395,460
6342,395,461
6343,395,462
6344,395,463
6345,395,464
6346,395,465
6347,395,466
6348,395,467
6349,395,468
6350,395,469
6351,395,470
6352,395,471
6353,395,472
6354,395,473
6355,395,474
6356,395,475
6357,395,476
6358,395,477
6359,395,478
6360,395,479
6361,395,480
6362,395,481
6363,395,482
6364,395,483
6365,395,484
6366,395,485
6367,395,486
6368,395,487
6369,395,488
6370,395,489
6371,395,490
6372,395,491
6373,395,492
6374,395,493
6375,395,494
6376,395,495
6377,395,496
6378,395,497
6379,395,498
6380,395,499
6381,395,500
6382,395,501
6383,395,502
6384,395,503
6385,395,504
6386,395,505
6387,395,506
6388,395,507
6389,395,508
6390,395,509
6391,395,510
6392,395,511
6393,395,512
6394,395,513
6395,395,514
6396,395,515
6397,395,516
6398,395,517
6399,395,518
6400,395,519
6401,395,520
6402,395,521
6403,395,522
6404,395,523
6405,395,524
6406,395,525
6407,395,526
6408,395,527
6409,395,528
6410,395,529
6411,395,530
6412,395,531
6413,395,532
6414,395,533
6415,395,534
6416,395,535
6417,395,536
6418,395,537
6419,395,538
6420,395,539
6421,395,540
6422,395,541
6423,395,542
6424,395,543
6425,395,544
6426,395,545
6427,395,546
6428,395,547
6429,395,548
6430,395,549
6431,395,550
6432,395,551
6433,395,552
6434,395,553
6435,395,554
6436,395,555
6437,395,556
6438,395,557
6439,395,558
6440,395,559
6441,395,560
6442,396,384
6443,396,385
6444,396,386
6445,396,387
6446,396,388
6447,396,389
6448,396,390
6449,396,391
6450,396,392
6451,396,393
6452,396,394
6453,396,395
6454,396,396
6455,396,397
6456,396,398
6457,396,399
6458,396,400
6459,396,401
6460,396,402
6461,396,403
6462,396,404
6463,396,405
6464,396,406
6465,396,407
6466,396,408
6467,396,409
6468,396,411
6469,396,412
6470,396,413
6471,396,414
6472,396,415
6473,396,416
6474,396,417
6475,396,423
6476,396,430
6477,396,431
6478,396,432
6479,396,449
6480,396,455
6481,396,456
6482,396,457
6483,396,458
6484,396,459
6485,396,460
6486,396,461
6487,396,462
6488,396,463
6489,396,464
6490,396,465
6491,396,466
6492,396,467
6493,396,468
6494,396,469
6495,396,470
6496,396,471
6497,396,472
6498,396,473
6499,396,474
6500,396,475
6501,396,476
6502,396,477
6503,396,478
6504,396,479
6505,396,480
6506,396,481
6507,396,482
6508,396,483
6509,396,484
6510,396,485
6511,396,486
6512,396,487
6513,396,488
6514,396,489
6515,396,490
6516,396,491
6517,396,492
6518,396,493
6519,396,494
6520,396,495
6521,396,496
6522,396,497
6523,396,498
6524,396,499
6525,396,500
6526,396,501
6527,396,502
6528,396,503
6529,396,504
6530,396,505
6531,396,506
6532,396,507
6533,396,508
6534,396,509
6535,396,510
6536,396,511
6537,396,512
6538,396,513
6539,396,514
6540,396,515
6541,396,516
6542,396,517
6543,396,518
6544,396,519
6545,396,520
6546,396,521
6547,396,522
6548,396,523
6549,396,524
6550,396,525
6551,396,526
6552,396,527
6553,396,528
6554,396,529
6555,396,530
6556,396,531
6557,396,532
6558,396,533
6559,396,534
6560,396,535
6561,396,536
6562,396,537
6563,396,538
6564,396,539
6565,396,540
6566,396,541
6567,396,542
6568,396,543
6569,396,544
6570,396,545
6571,396,546
6572,396,547
6573,396,548
6574,396,549
6575,396,550
6576,396,551
6577,396,552
6578,396,553
6579,396,554
6580,396,555
6581,396,556
6582,396,557
6583,396,558
6584,396,559
6585,396,560
6586,397,384
6587,397,385
6588,397,386
6589,397,387
6590,397,388
6591,397,389
6592,397,390
6593,397,391
6594,397,392
6595,397,393
6596,397,394
6597,397,395
6598,397,396
6599,397,397
6600,397,398
6601,397,399
6602,397,400
6603,397,401
6604,397,402
6605,397,403
6606,397,404
6607,397,405
6608,397,406
6609,397,407
6610,397,408
6611,397,409
6612,397,410
6613,397,411
6614,397,412
6615,397,413
6616,397,414
6617,397,415
6618,397,416
6619,397,417
6620,397,422
6621,397,423
6622,397,430
6623,397,431
6624,397,432
6625,397,448
6626,397,449
6627,397,450
6628,397,451
6629,397,452
6630,397,453
6631,397,454
6632,397,455
6633,397,456
6634,397,457
6635,397,458
6636,397,459
6637,397,460
6638,397,461
6639,397,462
6640,397,463
6641,397,464
6642,397,465
6643,397,466
6644,397,467
6645,397,468
6646,397,469
6647,397,470
6648,397,471
6649,397,472
6650,397,473
6651,397,474
6652,397,475
6653,397,476
6654,397,477
6655,397,478
6656,397,479
6657,397,480
6658,397,481
6659,397,482
6660,397,483
6661,397,484
6662,397,485
6663,397,486
6664,397,487
6665,397,488
6666,397,489
6667,397,490
6668,397,491
6669,397,492
6670,397,493
6671,397,494
6672,397,495
6673,397,496
6674,397,497
6675,397,498
6676,397,499
6677,397,500
6678,397,501
6679,397,502
6680,397,503
6681,397,504
6682,397,505
6683,397,506
6684,397,507
6685,397,508
6686,397,509
6687,397,510
6688,397,511
6689,397,512
6690,397,513
6691,397,514
6692,397,515
6693,397,516
6694,397,517
6695,397,518
6696,397,519
6697,397,520
6698,397,521
6699,397,522
6700,397,523
6701,397,524
6702,397,525
6703,397,526
6704,397,527
6705,397,528
6706,397,529
6707,397,530
6708,397,531
6709,397,532
6710,397,533
6711,397,534
6712,397,535
6713,397,536
6714,397,537
6715,397,538
6716,397,539
6717,397,540
6718,397,541
6719,397,542
6720,397,543
6721,397,544
6722,397,545
6723,397,546
6724,397,547
6725,397,548
6726,397,549
6727,397,550
6728,397,551
6729,397,552
6730,397,553
6731,397,554
6732,397,555
6733,397,556
6734,397,557
6735,397,558
6736,397,559
6737,397,560
6738,397,561
6739,398,384
6740,398,385
6741,398,386
6742,398,387
6743,398,388
6744,398,389
6745,398,390
6746,398,391
6747,398,392
6748,398,393
6749,398,394
6750,398,395
6751,398,396
6752,398,397
6753,398,398
6754,398,399
6755,398,400
6756,398,401
6757,398,402
6758,398,403
6759,398,404
6760,398,405
6761,398,406
6762,398,407
6763,398,408
6764,398,409
6765,398,410
6766,398,411
6767,398,412
6768,398,413
6769,398,414
6770,398,415
6771,398,416
6772,398,417
6773,398,418
6774,398,419
6775,398,420
6776,398,421
6777,398,422
6778,398,423
6779,398,424
6780,398,425
6781,398,429
6782,398,430
6783,398,431
6784,398,432
6785,398,447
6786,398,448
6787,398,449
6788,398,450
6789,398,451
6790,398,452
6791,398,453
6792,398,454
6793,398,455
6794,398,456
6795,398,457
6796,398,458
6797,398,459
6798,398,460
6799,398,461
6800,398,462
6801,398,463
6802,398,464
6803,398,465
6804,398,466
6805,398,467
6806,398,468
6807,398,469
6808,398,470
6809,398,471
6810,398,472
6811,398,473
6812,398,474
6813,398,475
6814,398,476
6815,398,477
6816,398,478
6817,398,479
6818,398,480
6819,398,481
6820,398,482
6821,398,483
6822,398,484
6823,398,485
6824,398,486
6825,398,487
6826,398,488
6827,398,489
6828,398,490
6829,398,491
6830,398,492
6831,398,493
6832,398,494
6833,398,495
6834,398,496
6835,398,497
6836,398,498
6837,398,499
6838,398,500
6839,398,501
6840,398,502
6841,398,503
6842,398,504
6843,398,505
6844,398,506
6845,398,507
6846,398,508
6847,398,509
6848,398,510
6849,398,511
6850,398,512
6851,398,513
6852,398,514
6853,398,515
6854,398,516
6855,398,517
6856,398,518
6857,398,519
6858,398,520
6859,398,521
6860,398,522
6861,398,523
6862,398,524
6863,398,525
6864,398,526
6865,398,527
6866,398,528
6867,398,529
6868,398,530
6869,398,531
6870,398,532
6871,398,533
6872,398,534
6873,398,535
6874,398,536
6875,398,537
6876,398,538
6877,398,539
6878,398,540
6879,398,541
6880,398,542
6881,398,543
6882,398,544
6883,398,545
6884,398,546
6885,398,547
6886,398,548
6887,398,549
6888,398,550
6889,398,551
6890,398,552
6891,398,553
6892,398,554
6893,398,555
6894,398,556
6895,398,557
6896,398,558
6897,398,559
6898,398,560
6899,398,561
6900,399,384
6901,399,385
6902,399,386
6903,399,387
6904,399,388
6905,399,389
6906,399,390
6907,399,391
6908,399,392
6909,399,393
6910,399,394
6911,399,398
6912,399,399
6913,399,400
6914,399,401
6915,399,402
6916,399,403
6917,399,404
6918,399,405
6919,399,406
6920,399,407
6921,399,408
6922,399,409
6923,399,410
6924,399,411
6925,399,412
6926,399,413
6927,399,414
6928,399,415
6929,399,416
6930,399,417
6931,399,418
6932,399,419
6933,399,420
6934,399,421
6935,399,422
6936,399,423
6937,399,424
6938,399,425
6939,399,426
6940,399,427
6941,399,428
6942,399,429
6943,399,430
6944,399,431
6945,399,432
6946,399,446
6947,399,447
6948,399,448
6949,399,449
6950,399,450
6951,399,451
6952,399,452
6953,399,453
6954,399,454
6955,399,455
6956,399,456
6957,399,457
6958,399,458
6959,399,459
6960,399,460
6961,399,461
6962,399,462
6963,399,463
6964,399,464
6965,399,465
6966,399,466
6967,399,467
6968,399,468
6969,399,469
6970,399,470
6971,399,471
6972,399,472
6973,399,473
6974,399,474
6975,399,475
6976,399,476
6977,399,477
6978,399,478
6979,399,479
6980,399,480
6981,399,481
6982,399,482
6983,399,483
6984,399,484
6985,399,485
6986,399,486
6987,399,487
6988,399,488
6989,399,489
6990,399,490
6991,399,491
6992,399,492
6993,399,493
6994,399,494
6995,399,495
6996,399,496
6997,399,497
6998,399,498
6999,399,499
7000,399,500
7001,399,501
7002,399,502
7003,399,503
7004,399,504
7005,399,505
7006,399,506
7007,399,507
7008,399,508
7009,399,509
7010,399,510
7011,399,511
7012,399,512
7013,399,513
7014,399,514
7015,399,515
7016,399,516
7017,399,517
7018,399,518
7019,399,519
7020,399,520
7021,399,521
7022,399,522
7023,399,523
7024,399,524
7025,399,525
7026,399,526
7027,399,527
7028,399,528
7029,399,529
7030,399,530
7031,399,531
7032,399,532
7033,399,533
7034,399,534
7035,399,535
7036,399,536
7037,399,537
7038,399,538
7039,399,539
7040,399,540
7041,399,541
7042,399,542
7043,399,543
7044,399,544
7045,399,545
7046,399,546
7047,399,547
7048,399,548
7049,399,549
7050,399,550
7051,399,551
7052,399,552
7053,399,553
7054,399,554
7055,399,555
7056,399,556
7057,399,557
7058,399,558
7059,399,559
7060,399,560
7061,399,561
7062,400,398
7063,400,399
7064,400,400
7065,400,401
7066,400,402
7067,400,403
7068,400,404
7069,400,405
7070,400,406
7071,400,407
7072,400,408
7073,400,409
7074,400,410
7075,400,411
7076,400,412
7077,400,413
7078,400,414
7079,400,415
7080,400,416
7081,400,417
7082,400,418
7083,400,419
7084,400,420
7085,400,421
7086,400,422
7087,400,423
7088,400,424
7089,400,425
7090,400,447
7091,400,448
7092,400,449
7093,400,450
7094,400,451
7095,400,452
7096,400,453
7097,400,454
7098,400,455
7099,400,456
7100,400,457
7101,400,458
7102,400,459
7103,400,460
7104,400,461
7105,400,462
7106,400,463
7107,400,464
7108,400,465
7109,400,466
7110,400,467
7111,400,468
7112,400,469
7113,400,470
7114,400,471
7115,400,472
7116,400,473
7117,400,474
7118,400,475
7119,400,476
7120,400,477
7121,400,478
7122,400,479
7123,400,480
7124,400,481
7125,400,482
7126,400,483
7127,400,484
7128,400,485
7129,400,486
7130,400,487
7131,400,488
7132,400,489
7133,400,490
7134,400,491
7135,400,492
7136,400,493
7137,400,494
7138,400,495
7139,400,496
7140,400,497
7141,400,498
7142,400,499
7143,400,500
7144,400,501
7145,400,502
7146,400,503
7147,400,504
7148,400,505
7149,400,506
7150,400,507
7151,400,508
7152,400,509
7153,400,510
7154,400,511
7155,400,512
7156,400,513
7157,400,514
7158,400,515
7159,400,516
7160,400,517
7161,400,518
7162,400,519
7163,400,520
7164,400,521
7165,400,522
7166,400,523
7167,400,524
7168,400,525
7169,400,526
7170,400,527
7171,400,528
7172,400,529
7173,400,530
7174,400,531
7175,400,532
7176,400,533
7177,400,534
7178,400,535
7179,400,536
7180,400,537
7181,400,538
7182,400,539
7183,400,540
7184,400,541
7185,400,542
7186,400,543
7187,400,544
7188,400,545
7189,400,546
7190,400,547
7191,400,548
7192,400,549
7193,400,550
7194,400,551
7195,400,552
7196,400,553
7197,400,554
7198,400,555
7199,400,556
7200,400,557
7201,400,558
7202,400,559
7203,400,560
7204,400,561
7205,401,399
7206,401,400
7207,401,401
7208,401,402
7209,401,403
7210,401,404
7211,401,405
7212,401,406
7213,401,407
7214,401,408
7215,401,409
7216,401,412
7217,401,413
7218,401,414
7219,401,415
7220,401,416
7221,401,421
7222,401,422
7223,401,423
7224,401,424
7225,401,448
7226,401,449
7227,401,450
7228,401,451
7229,401,452
7230,401,453
7231,401,454
7232,401,455
7233,401,456
7234,401,457
7235,401,458
7236,401,459
7237,401,460
7238,401,461
7239,401,462
7240,401,463
7241,401,464
7242,401,465
7243,401,466
7244,401,467
7245,401,468
7246,401,469
7247,401,470
7248,401,471
7249,401,472
7250,401,473
7251,401,474
7252,401,475
7253,401,476
7254,401,477
7255,401,478
7256,401,479
7257,401,480
7258,401,481
7259,401,482
7260,401,483
7261,401,484
7262,401,485
7263,401,486
7264,401,487
7265,401,488
7266,401,489
7267,401,490
7268,401,491
7269,401,492
7270,401,493
7271,401,494
7272,401,495
7273,401,496
7274,401,497
7275,401,498
7276,401,499
7277,401,500
7278,401,501
7279,401,502
7280,401,503
7281,401,504
7282,401,505
7283,401,506
7284,401,507
7285,401,508
7286,401,509
7287,401,510
7288,401,511
7289,401,512
7290,401,513
7291,401,514
7292,401,515
7293,401,516
7294,401,517
7295,401,518
7296,401,519
7297,401,520
7298,401,521
7299,401,522
7300,401,523
7301,401,524
7302,401,525
7303,401,526
7304,401,527
7305,401,528
7306,401,529
7307,401,530
7308,401,531
7309,401,532
7310,401,533
7311,401,534
7312,401,535
7313,401,536
7314,401,537
7315,401,538
7316,401,539
7317,401,540
7318,401,541
7319,401,542
7320,401,543
7321,401,544
7322,401,545
7323,401,546
7324,401,547
7325,401,548
7326,401,549
7327,401,550
7328,401,551
7329,401,552
7330,401,553
7331,401,554
7332,401,555
7333,401,556
7334,401,557
7335,401,558
7336,401,559
7337,401,560
7338,401,561
7339,401,562
7340,402,402
7341,402,403
7342,402,404
7343,402,405
7344,402,406
7345,402,407
7346,402,408
7347,402,413
7348,402,414
7349,402,415
7350,402,422
7351,402,423
7352,402,424
7353,402,449
7354,402,450
7355,402,451
7356,402,452
7357,402,453
7358,402,454
7359,402,455
7360,402,456
7361,402,457
7362,402,458
7363,402,459
7364,402,460
7365,402,461
7366,402,462
7367,402,463
7368,402,464
7369,402,465
7370,402,466
7371,402,467
7372,402,468
7373,402,469
7374,402,470
7375,402,471
7376,402,472
7377,402,473
7378,402,474
7379,402,475
7380,402,476
7381,402,477
7382,402,478
7383,402,479
7384,402,480
7385,402,481
7386,402,482
7387,402,483
7388,402,484
7389,402,485
7390,402,486
7391,402,487
7392,402,488
7393,402,489
7394,402,490
7395,402,491
7396,402,492
7397,402,493
7398,402,494
7399,402,495
7400,402,496
7401,402,497
7402,402,498
7403,402,499
7404,402,500
7405,402,501
7406,402,502
7407,402,503
7408,402,504
7409,402,505
7410,402,506
7411,402,507
7412,402,508
7413,402,509
7414,402,510
7415,402,511
7416,402,512
7417,402,513
7418,402,514
7419,402,515
7420,402,516
7421,402,517
7422,402,518
7423,402,519
7424,402,520
7425,402,521
7426,402,522
7427,402,523
7428,402,524
7429,402,525
7430,402,526
7431,402,527
7432,402,528
7433,402,529
7434,402,530
7435,402,531
7436,402,532
7437,402,533
7438,402,534
7439,402,535
7440,402,536
7441,402,537
7442,402,538
7443,402,539
7444,402,540
7445,402,541
7446,402,542
7447,402,543
7448,402,544
7449,402,545
7450,402,546
7451,402,547
7452,402,548
7453,402,549
7454,402,550
7455,402,551
7456,402,552
7457,402,553
7458,402,554
7459,402,555
7460,402,556
7461,402,557
7462,402,558
7463,402,559
7464,402,560
7465,402,561
7466,402,562
7467,403,404
7468,403,405
7469,403,406
7470,403,407
7471,403,413
7472,403,414
7473,403,415
7474,403,422
7475,403,423
7476,403,424
7477,403,449
7478,403,450
7479,403,451
7480,403,452
7481,403,453
7482,403,454
7483,403,455
7484,403,456
7485,403,457
7486,403,458
7487,403,459
7488,403,460
7489,403,461
7490,403,462
7491,403,463
7492,403,464
7493,403,465
7494,403,466
7495,403,467
7496,403,468
7497,403,469
7498,403,470
7499,403,471
7500,403,472
7501,403,473
7502,403,474
7503,403,475
7504,403,476
7505,403,477
7506,403,478
7507,403,479
7508,403,480
7509,403,481
7510,403,482
7511,403,483
7512,403,484
7513,403,485
7514,403,486
7515,403,487
7516,403,488
7517,403,489
7518,403,490
7519,403,491
7520,403,492
7521,403,493
7522,403,494
7523,403,495
7524,403,496
7525,403,497
7526,403,498
7527,403,499
7528,403,500
7529,403,501
7530,403,502
7531,403,503
7532,403,504
7533,403,505
7534,403,506
7535,403,507
7536,403,508
7537,403,509
7538,403,510
7539,403,511
7540,403,512
7541,403,513
7542,403,514
7543,403,515
7544,403,516
7545,403,517
7546,403,518
7547,403,519
7548,403,520
7549,403,521
7550,403,522
7551,403,523
7552,403,524
7553,403,525
7554,403,526
7555,403,527
7556,403,528
7557,403,529
7558,403,530
7559,403,531
7560,403,532
7561,403,533
7562,403,534
7563,403,535
7564,403,536
7565,403,537
7566,403,538
7567,403,539
7568,403,540
7569,403,541
7570,403,542
7571,403,543
7572,403,544
7573,403,545
7574,403,546
7575,403,547
7576,403,548
7577,403,549
7578,403,550
7579,403,551
7580,403,552
7581,403,553
7582,403,554
7583,403,555
7584,403,556
7585,403,557
7586,403,558
7587,403,559
7588,403,560
7589,403,561
7590,403,562
7591,403,563
7592,404,406
7593,404,422
7594,404,423
7595,404,424
7596,404,425
7597,404,448
7598,404,449
7599,404,450
7600,404,451
7601,404,452
7602,404,453
7603,404,454
7604,404,455
7605,404,456
7606,404,457
7607,404,458
7608,404,459
7609,404,460
7610,404,461
7611,404,462
7612,404,463
7613,404,464
7614,404,465
7615,404,466
7616,404,467
7617,404,468
7618,404,469
7619,404,470
7620,404,471
7621,404,472
7622,404,473
7623,404,474
7624,404,475
7625,404,476
7626,404,477
7627,404,478
7628,404,479
7629,404,480
7630,404,481
7631,404,482
7632,404,483
7633,404,484
7634,404,485
7635,404,486
7636,404,487
7637,404,488
7638,404,489
7639,404,490
7640,404,491
7641,404,492
7642,404,493
7643,404,494
7644,404,495
7645,404,496
7646,404,497
7647,404,498
7648,404,499
7649,404,500
7650,404,501
7651,404,502
7652,404,503
7653,404,504
7654,404,505
7655,404,506
7656,404,507
7657,404,508
7658,404,509
7659,404,510
7660,404,511
7661,404,512
7662,404,513
7663,404,514
7664,404,515
7665,404,516
7666,404,517
7667,404,518
7668,404,519
7669,404,520
7670,404,521
7671,404,522
7672,404,523
7673,404,524
7674,404,525
7675,404,526
7676,404,527
7677,404,528
7678,404,529
7679,404,530
7680,404,531
7681,404,532
7682,404,533
7683,404,534
7684,404,535
7685,404,536
7686,404,537
7687,404,538
7688,404,539
7689,404,540
7690,404,541
7691,404,542
7692,404,543
7693,404,544
7694,404,545
7695,404,546
7696,404,547
7697,404,548
7698,404,549
7699,404,550
7700,404,551
7701,404,552
7702,404,553
7703,404,554
7704,404,555
7705,404,556
7706,404,557
7707,404,558
7708,404,559
7709,404,560
7710,404,561
7711,404,562
7712,404,563
7713,405,421
7714,405,422
7715,405,423
7716,405,424
7717,405,425
7718,405,426
7719,405,427
7720,405,448
7721,405,449
7722,405,450
7723,405,451
7724,405,452
7725,405,453
7726,405,454
7727,405,455
7728,405,456
7729,405,457
7730,405,458
7731,405,459
7732,405,460
7733,405,461
7734,405,462
7735,405,463
7736,405,464
7737,405,465
7738,405,466
7739,405,467
7740,405,468
7741,405,469
7742,405,470
7743,405,471
7744,405,472
7745,405,473
7746,405,474
7747,405,475
7748,405,476
7749,405,477
7750,405,478
7751,405,479
7752,405,480
7753,405,481
7754,405,482
7755,405,483
7756,405,484
7757,405,485
7758,405,486
7759,405,487
7760,405,488
7761,405,489
7762,405,490
7763,405,491
7764,405,492
7765,405,493
7766,405,494
7767,405,495
7768,405,496
7769,405,497
7770,405,498
7771,405,499
7772,405,500
7773,405,501
7774,405,502
7775,405,503
7776,405,504
7777,405,505
7778,405,506
7779,405,507
7780,405,508
7781,405,509
7782,405,510
7783,405,511
7784,405,512
7785,405,513
7786,405,514
7787,405,515
7788,405,516
7789,405,517
7790,405,518
7791,405,519
7792,405,520
7793,405,521
7794,405,522
7795,405,523
7796,405,524
7797,405,525
7798,405,526
7799,405,527
7800,405,528
7801,405,529
7802,405,530
7803,405,531
7804,405,532
7805,405,533
7806,405,534
7807,405,535
7808,405,536
7809,405,537
7810,405,538
7811,405,539
7812,405,540
7813,405,541
7814,405,542
7815,405,543
7816,405,544
7817,405,545
7818,405,546
7819,405,547
7820,405,548
7821,405,549
7822,405,550
7823,405,551
7824,405,552
7825,405,553
7826,405,554
7827,405,555
7828,405,556
7829,405,557
7830,405,558
7831,405,559
7832,405,560
7833,405,561
7834,405,562
7835,405,563
7836,406,419
7837,406,420
7838,406,421
7839,406,422
7840,406,423
7841,406,424
7842,406,425
7843,406,426
7844,406,427
7845,406,428
7846,406,429
7847,406,430
7848,406,447
7849,406,448
7850,406,449
7851,406,450
7852,406,451
7853,406,452
7854,406,453
7855,406,454
7856,406,455
7857,406,456
7858,406,457
7859,406,458
7860,406,459
7861,406,460
7862,406,461
7863,406,462
7864,406,463
7865,406,464
7866,406,465
7867,406,466
7868,406,467
7869,406,468
7870,406,469
7871,406,470
7872,406,471
7873,406,472
7874,406,473
7875,406,474
7876,406,475
7877,406,476
7878,406,477
7879,406,478
7880,406,479
7881,406,480
7882,406,481
7883,406,482
7884,406,483
7885,406,484
7886,406,485
7887,406,486
7888,406,487
7889,406,488
7890,406,489
7891,406,490
7892,406,491
7893,406,492
7894,406,493
7895,406,494
7896,406,495
7897,406,496
7898,406,497
7899,406,498
7900,406,499
7901,406,500
7902,406,501
7903,406,502
7904,406,503
7905,406,504
7906,406,505
7907,406,506
7908,406,507
7909,406,508
7910,406,509
7911,406,510
7912,406,511
7913,406,512
7914,406,513
7915,406,514
7916,406,515
7917,406,516
7918,406,517
7919,406,518
7920,406,519
7921,406,520
7922,406,521
7923,406,522
7924,406,523
7925,406,524
7926,406,525
7927,406,526
7928,406,527
7929,406,528
7930,406,529
7931,406,530
7932,406,531
7933,406,532
7934,406,533
7935,406,534
7936,406,535
7937,406,536
7938,406,537
7939,406,538
7940,406,539
7941,406,540
7942,406,541
7943,406,542
7944,406,543
7945,406,544
7946,406,545
7947,406,546
7948,406,547
7949,406,548
7950,406,549
7951,406,550
7952,406,551
7953,406,552
7954,406,553
7955,406,554
7956,406,555
7957,406,556
7958,406,557
7959,406,558
7960,406,559
7961,406,560
7962,406,561
7963,406,562
7964,406,563
7965,407,422
7966,407,423
7967,407,424
7968,407,425
7969,407,426
7970,407,427
7971,407,428
7972,407,429
7973,407,430
7974,407,447
7975,407,448
7976,407,449
7977,407,450
7978,407,451
7979,407,452
7980,407,453
7981,407,454
7982,407,455
7983,407,456
7984,407,457
7985,407,458
7986,407,459
7987,407,460
7988,407,461
7989,407,462
7990,407,463
7991,407,464
7992,407,465
7993,407,466
7994,407,467
7995,407,468
7996,407,469
7997,407,470
7998,407,471
7999,407,472
8000,407,473
8001,407,474
8002,407,475
8003,407,476
8004,407,477
8005,407,478
8006,407,479
8007,407,480
8008,407,481
8009,407,482
8010,407,483
8011,407,484
8012,407,485
8013,407,486
8014,407,487
8015,407,488
8016,407,489
8017,407,490
8018,407,491
8019,407,492
8020,407,493
8021,407,494
8022,407,495
8023,407,496
8024,407,497
8025,407,498
8026,407,499
8027,407,500
8028,407,501
8029,407,502
8030,407,503
8031,407,504
8032,407,505
8033,407,506
8034,407,507
8035,407,508
8036,407,509
8037,407,510
8038,407,511
8039,407,512
8040,407,513
8041,407,514
8042,407,515
8043,407,516
8044,407,517
8045,407,518
8046,407,519
8047,407,520
8048,407,521
8049,407,522
8050,407,523
8051,407,524
8052,407,525
8053,407,526
8054,407,527
8055,407,528
8056,407,529
8057,407,530
8058,407,531
8059,407,532
8060,407,533
8061,407,534
8062,407,535
8063,407,536
8064,407,537
8065,407,538
8066,407,539
8067,407,540
8068,407,541
8069,407,542
8070,407,543
8071,407,544
8072,407,545
8073,407,546
8074,407,547
8075,407,548
8076,407,549
8077,407,550
8078,407,551
8079,407,552
8080,407,553
8081,407,554
8082,407,555
8083,407,556
8084,407,557
8085,407,558
8086,407,559
8087,407,560
8088,407,561
8089,407,562
8090,407,563
8091,407,564
8092,408,423
8093,408,424
8094,408,425
8095,408,426
8096,408,427
8097,408,428
8098,408,429
8099,408,430
8100,408,431
8101,408,447
8102,408,448
8103,408,449
8104,408,450
8105,408,451
8106,408,452
8107,408,453
8108,408,454
8109,408,455
8110,408,456
8111,408,457
8112,408,458
8113,408,459
8114,408,460
8115,408,461
8116,408,462
8117,408,463
8118,408,464
8119,408,465
8120,408,466
8121,408,467
8122,408,468
8123,408,469
8124,408,470
8125,408,471
8126,408,472
8127,408,473
8128,408,474
8129,408,475
8130,408,476
8131,408,477
8132,408,478
8133,408,479
8134,408,480
8135,408,481
8136,408,482
8137,408,483
8138,408,484
8139,408,485
8140,408,486
8141,408,487
8142,408,488
8143,408,489
8144,408,490
8145,408,491
8146,408,492
8147,408,493
8148,408,494
8149,408,495
8150,408,496
8151,408,497
8152,408,498
8153,408,499
8154,408,500
8155,408,501
8156,408,502
8157,408,503
8158,408,504
8159,408,505
8160,408,506
8161,408,507
8162,408,508
8163,408,509
8164,408,510
8165,408,511
8166,408,512
8167,408,513
8168,408,514
8169,408,515
8170,408,516
8171,408,517
8172,408,518
8173,408,519
8174,408,520
8175,408,521
8176,408,522
8177,408,523
8178,408,524
8179,408,525
8180,408,526
8181,408,527
8182,408,528
8183,408,529
8184,408,530
8185,408,531
8186,408,532
8187,408,533
8188,408,534
8189,408,535
8190,408,536
8191,408,537
8192,408,538
8193,408,539
8194,408,540
8195,408,541
8196,408,542
8197,408,543
8198,408,544
8199,408,545
8200,408,546
8201,408,547
8202,408,548
8203,408,549
8204,408,550
8205,408,551
8206,408,552
8207,408,553
8208,408,554
8209,408,555
8210,408,556
8211,408,557
8212,408,558
8213,408,559
8214,408,560
8215,408,561
8216,408,562
8217,408,563
8218,408,564
8219,409,423
8220,409,430
8221,409,431
8222,409,432
8223,409,446
8224,409,447
8225,409,448
8226,409,449
8227,409,450
8228,409,451
8229,409,452
8230,409,453
8231,409,454
8232,409,455
8233,409,456
8234,409,457
8235,409,458
8236,409,459
8237,409,460
8238,409,461
8239,409,462
8240,409,463
8241,409,464
8242,409,465
8243,409,466
8244,409,467
8245,409,468
8246,409,469
8247,409,470
8248,409,471
8249,409,472
8250,409,473
8251,409,474
8252,409,475
8253,409,476
8254,409,477
8255,409,478
8256,409,479
8257,409,480
8258,409,481
8259,409,482
8260,409,483
8261,409,484
8262,409,485
8263,409,486
8264,409,487
8265,409,488
8266,409,489
8267,409,490
8268,409,491
8269,409,492
8270,409,493
8271,409,494
8272,409,495
8273,409,496
8274,409,497
8275,409,498
8276,409,499
8277,409,500
8278,409,501
8279,409,502
8280,409,503
8281,409,504
8282,409,505
8283,409,506
8284,409,507
8285,409,508
8286,409,509
8287,409,510
8288,409,511
8289,409,512
8290,409,513
8291,409,514
8292,409,515
8293,409,516
8294,409,517
8295,409,518
8296,409,519
8297,409,520
8298,409,521
8299,409,522
8300,409,523
8301,409,524
8302,409,525
8303,409,526
8304,409,527
8305,409,528
8306,409,529
8307,409,530
8308,409,531
8309,409,532
8310,409,533
8311,409,534
8312,409,535
8313,409,536
8314,409,537
8315,409,538
8316,409,539
8317,409,540
8318,409,541
8319,409,542
8320,409,543
8321,409,544
8322,409,545
8323,409,546
8324,409,547
8325,409,548
8326,409,549
8327,409,550
8328,409,551
8329,409,552
8330,409,553
8331,409,554
8332,409,555
8333,409,556
8334,409,557
8335,409,558
8336,409,559
8337,409,560
8338,409,561
8339,409,562
8340,409,563
8341,409,564
8342,410,430
8343,410,431
8344,410,432
8345,410,446
8346,410,447
8347,410,448
8348,410,449
8349,410,450
8350,410,451
8351,410,452
8352,410,453
8353,410,454
8354,410,455
8355,410,456
8356,410,457
8357,410,458
8358,410,459
8359,410,460
8360,410,461
8361,410,462
8362,410,463
8363,410,464
8364,410,465
8365,410,466
8366,410,467
8367,410,468
8368,410,469
8369,410,470
8370,410,471
8371,410,472
8372,410,473
8373,410,474
8374,410,475
8375,410,476
8376,410,477
8377,410,478
8378,410,479
8379,410,480
8380,410,481
8381,410,482
8382,410,483
8383,410,484
8384,410,485
8385,410,486
8386,410,487
8387,410,488
8388,410,489
8389,410,490
8390,410,491
8391,410,492
8392,410,493
8393,410,494
8394,410,495
8395,410,496
8396,410,497
8397,410,498
8398,410,499
8399,410,500
8400,410,501
8401,410,502
8402,410,503
8403,410,504
8404,410,505
8405,410,506
8406,410,507
8407,410,508
8408,410,509
8409,410,510
8410,410,511
8411,410,512
8412,410,513
8413,410,514
8414,410,515
8415,410,516
8416,410,517
8417,410,518
8418,410,519
8419,410,520
8420,410,521
8421,410,522
8422,410,523
8423,410,524
8424,410,525
8425,410,526
8426,410,527
8427,410,528
8428,410,529
8429,410,530
8430,410,531
8431,410,532
8432,410,533
8433,410,534
8434,410,535
8435,410,536
8436,410,537
8437,410,538
8438,410,539
8439,410,540
8440,410,541
8441,410,542
8442,410,543
8443,410,544
8444,410,545
8445,410,546
8446,410,547
8447,410,548
8448,410,549
8449,410,550
8450,410,551
8451,410,552
8452,410,554
8453,410,555
8454,410,556
8455,410,557
8456,410,558
8457,410,559
8458,410,560
8459,410,561
8460,410,562
8461,410,563
8462,410,564
8463,410,565
8464,411,446
8465,411,447
8466,411,448
8467,411,449
8468,411,450
8469,411,451
8470,411,452
8471,411,453
8472,411,454
8473,411,455
8474,411,456
8475,411,457
8476,411,458
8477,411,459
8478,411,460
8479,411,461
8480,411,462
8481,411,463
8482,411,464
8483,411,465
8484,411,466
8485,411,467
8486,411,468
8487,411,469
8488,411,470
8489,411,471
8490,411,472
8491,411,473
8492,411,474
8493,411,475
8494,411,476
8495,411,477
8496,411,478
8497,411,479
8498,411,480
8499,411,481
8500,411,482
8501,411,483
8502,411,484
8503,411,485
8504,411,486
8505,411,487
8506,411,488
8507,411,489
8508,411,490
8509,411,491
8510,411,492
8511,411,493
8512,411,494
8513,411,495
8514,411,496
8515,411,497
8516,411,498
8517,411,499
8518,411,500
8519,411,501
8520,411,502
8521,411,503
8522,411,504
8523,411,505
8524,411,506
8525,411,507
8526,411,508
8527,411,509
8528,411,510
8529,411,511
8530,411,512
8531,411,513
8532,411,514
8533,411,515
8534,411,516
8535,411,517
8536,411,518
8537,411,519
8538,411,520
8539,411,521
8540,411,522
8541,411,523
8542,411,524
8543,411,525
8544,411,526
8545,411,527
8546,411,528
8547,411,529
8548,411,530
8549,411,531
8550,411,532
8551,411,533
8552,411,534
8553,411,535
8554,411,536
8555,411,537
8556,411,538
8557,411,539
8558,411,540
8559,411,541
8560,411,542
8561,411,543
8562,411,544
8563,411,545
8564,411,546
8565,411,547
8566,411,548
8567,411,549
8568,411,550
8569,411,551
8570,411,552
8571,411,554
8572,411,555
8573,411,556
8574,411,557
8575,411,558
8576,411,559
8577,411,560
8578,411,561
8579,411,562
8580,411,563
8581,411,564
8582,411,565
8583,412,445
8584,412,446
8585,412,447
8586,412,448
8587,412,449
8588,412,450
8589,412,451
8590,412,452
8591,412,453
8592,412,454
8593,412,455
8594,412,456
8595,412,457
8596,412,458
8597,412,459
8598,412,460
8599,412,461
8600,412,462
8601,412,463
8602,412,464
8603,412,465
8604,412,466
8605,412,467
8606,412,468
8607,412,469
8608,412,470
8609,412,471
8610,412,472
8611,412,473
8612,412,474
8613,412,475
8614,412,476
8615,412,477
8616,412,478
8617,412,479
8618,412,480
8619,412,481
8620,412,482
8621,412,483
8622,412,484
8623,412,485
8624,412,486
8625,412,487
8626,412,488
8627,412,489
8628,412,490
8629,412,491
8630,412,492
8631,412,493
8632,412,494
8633,412,495
8634,412,496
8635,412,497
8636,412,498
8637,412,499
8638,412,500
8639,412,501
8640,412,502
8641,412,503
8642,412,504
8643,412,505
8644,412,506
8645,412,507
8646,412,508
8647,412,509
8648,412,510
8649,412,511
8650,412,512
8651,412,513
8652,412,514
8653,412,515
8654,412,516
8655,412,517
8656,412,518
8657,412,519
8658,412,520
8659,412,521
8660,412,522
8661,412,523
8662,412,524
8663,412,525
8664,412,526
8665,412,527
8666,412,528
8667,412,529
8668,412,530
8669,412,531
8670,412,532
8671,412,533
8672,412,534
8673,412,535
8674,412,536
8675,412,537
8676,412,538
8677,412,539
8678,412,540
8679,412,541
8680,412,542
8681,412,543
8682,412,544
8683,412,545
8684,412,546
8685,412,547
8686,412,548
8687,412,549
8688,412,550
8689,412,551
8690,412,552
8691,412,554
8692,412,555
8693,412,556
8694,412,557
8695,412,558
8696,412,559
8697,412,560
8698,412,561
8699,412,562
8700,412,563
8701,412,564
8702,412,565
8703,412,566
8704,413,444
8705,413,445
8706,413,446
8707,413,447
8708,413,448
8709,413,449
8710,413,450
8711,413,451
8712,413,452
8713,413,453
8714,413,454
8715,413,455
8716,413,456
8717,413,457
8718,413,458
8719,413,459
8720,413,460
8721,413,461
8722,413,462
8723,413,463
8724,413,464
8725,413,465
8726,413,466
8727,413,467
8728,413,468
8729,413,469
8730,413,470
8731,413,471
8732,413,472
8733,413,473
8734,413,474
8735,413,475
8736,413,476
8737,413,477
8738,413,478
8739,413,479
8740,413,480
8741,413,481
8742,413,482
8743,413,483
8744,413,484
8745,413,485
8746,413,486
8747,413,487
8748,413,488
8749,413,489
8750,413,490
8751,413,491
8752,413,492
8753,413,493
8754,413,494
8755,413,495
8756,413,496
8757,413,497
8758,413,498
8759,413,499
8760,413,500
8761,413,501
8762,413,502
8763,413,503
8764,413,504
8765,413,505
8766,413,506
8767,413,507
8768,413,508
8769,413,509
8770,413,510
8771,413,511
8772,413,512
8773,413,513
8774,413,514
8775,413,515
8776,413,516
8777,413,517
8778,413,518
8779,413,519
8780,413,520
8781,413,521
8782,413,522
8783,413,523
8784,413,524
8785,413,525
8786,413,526
8787,413,527
8788,413,528
8789,413,529
8790,413,530
8791,413,531
8792,413,532
8793,413,533
8794,413,534
8795,413,535
8796,413,536
8797,413,537
8798,413,538
8799,413,539
8800,413,540
8801,413,541
8802,413,542
8803,413,543
8804,413,544
8805,413,545
8806,413,546
8807,413,547
8808,413,548
8809,413,549
8810,413,550
8811,413,551
8812,413,552
8813,413,554
8814,413,555
8815,413,556
8816,413,557
8817,413,558
8818,413,559
8819,413,560
8820,413,561
8821,413,562
8822,413,563
8823,413,564
8824,413,565
8825,413,566
8826,414,446
8827,414,447
8828,414,448
8829,414,449
8830,414,450
8831,414,451
8832,414,452
8833,414,453
8834,414,454
8835,414,455
8836,414,456
8837,414,457
8838,414,458
8839,414,459
8840,414,460
8841,414,461
8842,414,462
8843,414,463
8844,414,464
8845,414,465
8846,414,466
8847,414,467
8848,414,468
8849,414,469
8850,414,470
8851,414,471
8852,414,472
8853,414,473
8854,414,474
8855,414,475
8856,414,476
8857,414,477
8858,414,478
8859,414,479
8860,414,480
8861,414,481
8862,414,482
8863,414,483
8864,414,484
8865,414,485
8866,414,486
8867,414,487
8868,414,488
8869,414,489
8870,414,490
8871,414,491
8872,414,492
8873,414,493
8874,414,494
8875,414,495
8876,414,496
8877,414,497
8878,414,498
8879,414,499
8880,414,500
8881,414,501
8882,414,502
8883,414,503
8884,414,504
8885,414,505
8886,414,506
8887,414,507
8888,414,508
8889,414,509
8890,414,510
8891,414,511
8892,414,512
8893,414,513
8894,414,514
8895,414,515
8896,414,516
8897,414,517
8898,414,518
8899,414,519
8900,414,520
8901,414,521
8902,414,522
8903,414,523
8904,414,524
8905,414,525
8906,414,526
8907,414,527
8908,414,528
8909,414,529
8910,414,530
8911,414,531
8912,414,532
8913,414,533
8914,414,534
8915,414,535
8916,414,536
8917,414,537
8918,414,538
8919,414,539
8920,414,540
8921,414,541
8922,414,542
8923,414,543
8924,414,544
8925,414,545
8926,414,546
8927,414,547
8928,414,548
8929,414,549
8930,414,550
8931,414,551
8932,414,552
8933,414,553
8934,414,554
8935,414,555
8936,414,556
8937,414,557
8938,414,558
8939,414,559
8940,414,560
8941,414,561
8942,414,562
8943,414,563
8944,414,564
8945,414,565
8946,414,566
8947,415,446
8948,415,447
8949,415,448
8950,415,449
8951,415,450
8952,415,451
8953,415,452
8954,415,453
8955,415,454
8956,415,455
8957,415,456
8958,415,457
8959,415,458
8960,415,459
8961,415,460
8962,415,461
8963,415,462
8964,415,463
8965,415,464
8966,415,465
8967,415,466
8968,415,467
8969,415,468
8970,415,469
8971,415,470
8972,415,471
8973,415,472
8974,415,473
8975,415,474
8976,415,475
8977,415,476
8978,415,477
8979,415,478
8980,415,479
8981,415,480
8982,415,481
8983,415,482
8984,415,483
8985,415,484
8986,415,485
8987,415,486
8988,415,487
8989,415,488
8990,415,489
8991,415,490
8992,415,491
8993,415,492
8994,415,493
8995,415,494
8996,415,495
8997,415,496
8998,415,497
8999,415,498
9000,415,499
9001,415,500
9002,415,501
9003,415,502
9004,415,503
9005,415,504
9006,415,505
9007,415,506
9008,415,507
9009,415,508
9010,415,509
9011,415,510
9012,415,511
9013,415,512
9014,415,513
9015,415,514
9016,415,515
9017,415,516
9018,415,517
9019,415,518
9020,415,519
9021,415,520
9022,415,521
9023,415,522
9024,415,523
9025,415,524
9026,415,525
9027,415,526
9028,415,527
9029,415,528
9030,415,529
9031,415,530
9032,415,531
9033,415,532
9034,415,533
9035,415,534
9036,415,535
9037,415,536
9038,415,537
9039,415,538
9040,415,539
9041,415,540
9042,415,541
9043,415,542
9044,415,543
9045,415,544
9046,415,545
9047,415,546
9048,415,547
9049,415,548
9050,415,549
9051,415,550
9052,415,551
9053,415,552
9054,415,553
9055,415,554
9056,415,555
9057,415,556
9058,415,557
9059,415,558
9060,415,559
9061,415,560
9062,415,561
9063,415,562
9064,415,563
9065,415,564
9066,415,565
9067,415,566
9068,416,447
9069,416,448
9070,416,449
9071,416,450
9072,416,451
9073,416,452
9074,416,453
9075,416,454
9076,416,455
9077,416,456
9078,416,457
9079,416,458
9080,416,459
9081,416,460
9082,416,461
9083,416,462
9084,416,463
9085,416,464
9086,416,465
9087,416,466
9088,416,467
9089,416,468
9090,416,469
9091,416,470
9092,416,471
9093,416,472
9094,416,473
9095,416,474
9096,416,475
9097,416,476
9098,416,477
9099,416,478
9100,416,479
9101,416,480
9102,416,481
9103,416,482
9104,416,483
9105,416,484
9106,416,485
9107,416,486
9108,416,487
9109,416,488
9110,416,489
9111,416,490
9112,416,491
9113,416,492
9114,416,493
9115,416,494
9116,416,495
9117,416,496
9118,416,497
9119,416,498
9120,416,499
9121,416,500
9122,416,501
9123,416,502
9124,416,503
9125,416,504
9126,416,505
9127,416,506
9128,416,507
9129,416,508
9130,416,509
9131,416,510
9132,416,511
9133,416,512
9134,416,513
9135,416,514
9136,416,515
9137,416,516
9138,416,517
9139,416,518
9140,416,519
9141,416,520
9142,416,521
9143,416,522
9144,416,523
9145,416,524
9146,416,525
9147,416,526
9148,416,527
9149,416,528
9150,416,529
9151,416,530
9152,416,531
9153,416,532
9154,416,533
9155,416,534
9156,416,535
9157,416,536
9158,416,537
9159,416,538
9160,416,539
9161,416,540
9162,416,541
9163,416,542
9164,416,543
9165,416,544
9166,416,545
9167,416,546
9168,416,547
9169,416,548
9170,416,549
9171,416,550
9172,416,551
9173,416,552
9174,416,553
9175,416,554
9176,416,555
9177,416,556
9178,416,557
9179,416,558
9180,416,559
9181,416,560
9182,416,561
9183,416,562
9184,416,563
9185,416,564
9186,416,565
9187,416,566
9188,417,448
9189,417,449
9190,417,450
9191,417,451
9192,417,452
9193,417,453
9194,417,454
9195,417,455
9196,417,456
9197,417,457
9198,417,458
9199,417,459
9200,417,460
9201,417,461
9202,417,462
9203,417,463
9204,417,464
9205,417,465
9206,417,466
9207,417,467
9208,417,468
9209,417,469
9210,417,470
9211,417,471
9212,417,472
9213,417,473
9214,417,474
9215,417,475
9216,417,476
9217,417,477
9218,417,478
9219,417,479
9220,417,480
9221,417,481
9222,417,482
9223,417,483
9224,417,484
9225,417,485
9226,417,486
9227,417,487
9228,417,488
9229,417,489
9230,417,490
9231,417,491
9232,417,492
9233,417,493
9234,417,494
9235,417,495
9236,417,496
9237,417,497
9238,417,498
9239,417,499
9240,417,500
9241,417,501
9242,417,502
9243,417,503
9244,417,504
9245,417,505
9246,417,506
9247,417,507
9248,417,508
9249,417,509
9250,417,510
9251,417,511
9252,417,512
9253,417,513
9254,417,514
9255,417,515
9256,417,516
9257,417,517
9258,417,518
9259,417,519
9260,417,520
9261,417,521
9262,417,522
9263,417,523
9264,417,524
9265,417,525
9266,417,526
9267,417,527
9268,417,528
9269,417,529
9270,417,530
9271,417,531
9272,417,532
9273,417,533
9274,417,534
9275,417,535
9276,417,536
9277,417,537
9278,417,538
9279,417,539
9280,417,540
9281,417,541
9282,417,542
9283,417,543
9284,417,544
9285,417,545
9286,417,546
9287,417,547
9288,417,548
9289,417,549
9290,417,550
9291,417,551
9292,417,552
9293,417,553
9294,417,554
9295,417,555
9296,417,556
9297,417,557
9298,417,558
9299,417,559
9300,417,560
9301,417,561
9302,417,562
9303,417,563
9304,417,564
9305,417,565
9306,417,566
9307,418,447
9308,418,448
9309,418,449
9310,418,450
9311,418,451
9312,418,452
9313,418,453
9314,418,454
9315,418,455
9316,418,456
9317,418,457
9318,418,458
9319,418,459
9320,418,460
9321,418,461
9322,418,462
9323,418,463
9324,418,464
9325,418,465
9326,418,466
9327,418,467
9328,418,468
9329,418,469
9330,418,470
9331,418,471
9332,418,472
9333,418,473
9334,418,474
9335,418,475
9336,418,476
9337,418,477
9338,418,478
9339,418,479
9340,418,480
9341,418,481
9342,418,482
9343,418,483
9344,418,484
9345,418,485
9346,418,486
9347,418,487
9348,418,488
9349,418,489
9350,418,490
9351,418,491
9352,418,492
9353,418,493
9354,418,494
9355,418,495
9356,418,496
9357,418,497
9358,418,498
9359,418,499
9360,418,500
9361,418,501
9362,418,502
9363,418,503
9364,418,504
9365,418,505
9366,418,506
9367,418,507
9368,418,508
9369,418,509
9370,418,510
9371,418,511
9372,418,512
9373,418,513
9374,418,514
9375,418,515
9376,418,516
9377,418,517
9378,418,518
9379,418,519
9380,418,520
9381,418,521
9382,418,522
9383,418,523
9384,418,524
9385,418,525
9386,418,526
9387,418,527
9388,418,528
9389,418,529
9390,418,530
9391,418,531
9392,418,532
9393,418,533
9394,418,534
9395,418,535
9396,418,536
9397,418,537
9398,418,538
9399,418,539
9400,418,540
9401,418,541
9402,418,542
9403,418,543
9404,418,544
9405,418,545
9406,418,546
9407,418,547
9408,418,548
9409,418,549
9410,418,550
9411,418,551
9412,418,552
9413,418,553
9414,418,554
9415,418,555
9416,418,556
9417,418,557
9418,418,558
9419,418,559
9420,418,560
9421,418,561
9422,418,562
9423,418,563
9424,418,564
9425,418,565
9426,418,566
9427,419,447
9428,419,448
9429,419,449
9430,419,450
9431,419,451
9432,419,452
9433,419,453
9434,419,454
9435,419,455
9436,419,456
9437,419,457
9438,419,458
9439,419,459
9440,419,460
9441,419,461
9442,419,462
9443,419,463
9444,419,464
9445,419,465
9446,419,466
9447,419,467
9448,419,468
9449,419,469
9450,419,470
9451,419,471
9452,419,472
9453,419,473
9454,419,474
9455,419,475
9456,419,476
9457,419,477
9458,419,478
9459,419,479
9460,419,480
9461,419,481
9462,419,482
9463,419,483
9464,419,484
9465,419,485
9466,419,486
9467,419,487
9468,419,488
9469,419,489
9470,419,490
9471,419,491
9472,419,492
9473,419,493
9474,419,494
9475,419,495
9476,419,496
9477,419,497
9478,419,498
9479,419,499
9480,419,500
9481,419,501
9482,419,502
9483,419,503
9484,419,504
9485,419,505
9486,419,506
9487,419,507
9488,419,508
9489,419,509
9490,419,510
9491,419,511
9492,419,512
9493,419,513
9494,419,514
9495,419,515
9496,419,516
9497,419,517
9498,419,518
9499,419,519
9500,419,520
9501,419,521
9502,419,522
9503,419,523
9504,419,524
9505,419,525
9506,419,526
9507,419,527
9508,419,528
9509,419,529
9510,419,530
9511,419,531
9512,419,532
9513,419,533
9514,419,534
9515,419,535
9516,419,536
9517,419,537
9518,419,538
9519,419,539
9520,419,540
9521,419,541
9522,419,542
9523,419,543
9524,419,544
9525,419,545
9526,419,546
9527,419,547
9528,419,548
9529,419,549
9530,419,550
9531,419,551
9532,419,552
9533,419,553
9534,419,554
9535,419,555
9536,419,556
9537,419,557
9538,419,558
9539,419,559
9540,419,560
9541,419,561
9542,419,562
9543,419,563
9544,419,564
9545,419,565
9546,419,566
9547,419,567
9548,420,447
9549,420,448
9550,420,449
9551,420,450
9552,420,451
9553,420,452
9554,420,453
9555,420,454
9556,420,455
9557,420,456
9558,420,457
9559,420,458
9560,420,459
9561,420,460
9562,420,461
9563,420,462
9564,420,463
9565,420,464
9566,420,465
9567,420,466
9568,420,467
9569,420,468
9570,420,469
9571,420,470
9572,420,471
9573,420,472
9574,420,473
9575,420,474
9576,420,475
9577,420,476
9578,420,477
9579,420,478
9580,420,479
9581,420,480
9582,420,481
9583,420,482
9584,420,483
9585,420,484
9586,420,485
9587,420,486
9588,420,487
9589,420,488
9590,420,489
9591,420,490
9592,420,491
9593,420,492
9594,420,493
9595,420,494
9596,420,495
9597,420,496
9598,420,497
9599,420,498
9600,420,499
9601,420,500
9602,420,501
9603,420,502
9604,420,503
9605,420,504
9606,420,505
9607,420,506
9608,420,507
9609,420,508
9610,420,509
9611,420,510
9612,420,511
9613,420,512
9614,420,513
9615,420,514
9616,420,515
9617,420,516
9618,420,517
9619,420,518
9620,420,519
9621,420,520
9622,420,521
9623,420,522
9624,420,523
9625,420,524
9626,420,525
9627,420,526
9628,420,527
9629,420,528
9630,420,529
9631,420,530
9632,420,531
9633,420,532
9634,420,533
9635,420,534
9636,420,535
9637,420,536
9638,420,537
9639,420,538
9640,420,539
9641,420,540
9642,420,541
9643,420,542
9644,420,543
9645,420,544
9646,420,545
9647,420,546
9648,420,547
9649,420,548
9650,420,549
9651,420,550
9652,420,551
9653,420,552
9654,420,553
9655,420,554
9656,420,555
9657,420,556
9658,420,557
9659,420,558
9660,420,559
9661,420,560
9662,420,561
9663,420,562
9664,420,563
9665,420,564
9666,420,565
9667,420,566
9668,420,567
9669,421,447
9670,421,448
9671,421,449
9672,421,450
9673,421,451
9674,421,452
9675,421,453
9676,421,454
9677,421,455
9678,421,456
9679,421,457
9680,421,458
9681,421,459
9682,421,460
9683,421,461
9684,421,462
9685,421,463
9686,421,464
9687,421,465
9688,421,466
9689,421,467
9690,421,468
9691,421,469
9692,421,470
9693,421,471
9694,421,472
9695,421,473
9696,421,474
9697,421,475
9698,421,476
9699,421,477
9700,421,478
9701,421,479
9702,421,480
9703,421,481
9704,421,482
9705,421,483
9706,421,484
9707,421,485
9708,421,486
9709,421,487
9710,421,488
9711,421,489
9712,421,490
9713,421,491
9714,421,492
9715,421,493
9716,421,494
9717,421,495
9718,421,496
9719,421,497
9720,421,498
9721,421,499
9722,421,500
9723,421,501
9724,421,502
9725,421,503
9726,421,504
9727,421,505
9728,421,506
9729,421,507
9730,421,508
9731,421,509
9732,421,510
9733,421,511
9734,421,512
9735,421,513
9736,421,514
9737,421,515
9738,421,516
9739,421,517
9740,421,518
9741,421,519
9742,421,520
9743,421,521
9744,421,522
9745,421,523
9746,421,524
9747,421,525
9748,421,526
9749,421,527
9750,421,528
9751,421,529
9752,421,530
9753,421,531
9754,421,532
9755,421,533
9756,421,534
9757,421,535
9758,421,536
9759,421,537
9760,421,538
9761,421,539
9762,421,540
9763,421,541
9764,421,542
9765,421,543
9766,421,544
9767,421,545
9768,421,546
9769,421,547
9770,421,548
9771,421,549
9772,421,550
9773,421,551
9774,421,552
9775,421,553
9776,421,554
9777,421,555
9778,421,556
9779,421,557
9780,421,558
9781,421,559
9782,421,560
9783,421,561
9784,421,562
9785,421,563
9786,421,564
9787,421,565
9788,421,566
9789,421,567
9790,422,447
9791,422,448
9792,422,449
9793,422,450
9794,422,451
9795,422,452
9796,422,453
9797,422,454
9798,422,455
9799,422,456
9800,422,457
9801,422,458
9802,422,459
9803,422,460
9804,422,461
9805,422,462
9806,422,463
9807,422,464
9808,422,465
9809,422,466
9810,422,467
9811,422,468
9812,422,469
9813,422,470
9814,422,471
9815,422,472
9816,422,473
9817,422,474
9818,422,475
9819,422,476
9820,422,477
9821,422,478
9822,422,479
9823,422,480
9824,422,481
9825,422,482
9826,422,483
9827,422,484
9828,422,485
9829,422,486
9830,422,487
9831,422,488
9832,422,489
9833,422,490
9834,422,491
9835,422,492
9836,422,493
9837,422,494
9838,422,495
9839,422,496
9840,422,497
9841,422,498
9842,422,499
9843,422,500
9844,422,501
9845,422,502
9846,422,503
9847,422,504
9848,422,505
9849,422,506
9850,422,507
9851,422,508
9852,422,509
9853,422,510
9854,422,511
9855,422,512
9856,422,513
9857,422,514
9858,422,515
9859,422,516
9860,422,517
9861,422,518
9862,422,519
9863,422,520
9864,422,521
9865,422,522
9866,422,523
9867,422,524
9868,422,525
9869,422,526
9870,422,527
9871,422,528
9872,422,529
9873,422,530
9874,422,531
9875,422,532
9876,422,533
9877,422,534
9878,422,535
9879,422,536
9880,422,537
9881,422,538
9882,422,539
9883,422,540
9884,422,541
9885,422,542
9886,422,543
9887,422,544
9888,422,545
9889,422,546
9890,422,547
9891,422,548
9892,422,549
9893,422,550
9894,422,551
9895,422,552
9896,422,553
9897,422,554
9898,422,555
9899,422,556
9900,422,557
9901,422,558
9902,422,559
9903,422,560
9904,422,561
9905,422,562
9906,422,563
9907,422,564
9908,422,565
9909,422,566
9910,422,567
9911,423,448
9912,423,449
9913,423,450
9914,423,451
9915,423,452
9916,423,453
9917,423,454
9918,423,455
9919,423,456
9920,423,457
9921,423,458
9922,423,459
9923,423,460
9924,423,461
9925,423,462
9926,423,463
9927,423,464
9928,423,465
9929,423,466
9930,423,467
9931,423,468
9932,423,469
9933,423,470
9934,423,471
9935,423,472
9936,423,473
9937,423,474
9938,423,475
9939,423,476
9940,423,477
9941,423,478
9942,423,479
9943,423,480
9944,423,481
9945,423,482
9946,423,483
9947,423,484
9948,423,485
9949,423,486
9950,423,487
9951,423,488
9952,423,489
9953,423,490
9954,423,491
9955,423,492
9956,423,493
9957,423,494
9958,423,495
9959,423,496
9960,423,497
9961,423,498
9962,423,499
9963,423,500
9964,423,501
9965,423,502
9966,423,503
9967,423,504
9968,423,505
9969,423,506
9970,423,507
9971,423,508
9972,423,509
9973,423,510
9974,423,511
9975,423,512
9976,423,513
9977,423,514
9978,423,515
9979,423,516
9980,423,517
9981,423,518
9982,423,519
9983,423,520
9984,423,521
9985,423,522
9986,423,523
9987,423,524
9988,423,525
9989,423,526
9990,423,527
9991,423,528
9992,423,529
9993,423,530
9994,423,531
9995,423,532
9996,423,533
9997,423,534
9998,423,535
9999,423,536
10000,423,537
10001,423,538
10002,423,539
10003,423,540
10004,423,541
10005,423,542
10006,423,543
10007,423,544
10008,423,545
10009,423,546
10010,423,547
10011,423,548
10012,423,549
10013,423,550
10014,423,551
10015,423,552
10016,423,553
10017,423,554
10018,423,555
10019,423,556
10020,423,557
10021,423,558
10022,423,559
10023,423,560
10024,423,561
10025,423,562
10026,423,563
10027,423,564
10028,423,565
10029,423,566
10030,423,567
10031,424,448
10032,424,449
10033,424,450
10034,424,451
10035,424,452
10036,424,453
10037,424,454
10038,424,455
10039,424,456
10040,424,457
10041,424,458
10042,424,459
10043,424,460
10044,424,461
10045,424,462
10046,424,463
10047,424,464
10048,424,465
10049,424,466
10050,424,467
10051,424,468
10052,424,469
10053,424,470
10054,424,471
10055,424,472
10056,424,473
10057,424,474
10058,424,475
10059,424,476
10060,424,477
10061,424,478
10062,424,479
10063,424,480
10064,424,481
10065,424,482
10066,424,483
10067,424,484
10068,424,485
10069,424,486
10070,424,487
10071,424,488
10072,424,489
10073,424,490
10074,424,491
10075,424,492
10076,424,493
10077,424,494
10078,424,495
10079,424,496
10080,424,497
10081,424,498
10082,424,499
10083,424,500
10084,424,501
10085,424,502
10086,424,503
10087,424,504
10088,424,505
10089,424,506
10090,424,507
10091,424,508
10092,424,509
10093,424,510
10094,424,511
10095,424,512
10096,424,513
10097,424,514
10098,424,515
10099,424,516
10100,424,517
10101,424,518
10102,424,519
10103,424,520
10104,424,521
10105,424,522
10106,424,523
10107,424,524
10108,424,525
10109,424,526
10110,424,527
10111,424,528
10112,424,529
10113,424,530
10114,424,531
10115,424,532
10116,424,533
10117,424,534
10118,424,535
10119,424,536
10120,424,537
10121,424,538
10122,424,539
10123,424,540
10124,424,541
10125,424,542
10126,424,543
10127,424,544
10128,424,545
10129,424,546
10130,424,547
10131,424,548
10132,424,549
10133,424,550
10134,424,551
10135,424,552
10136,424,553
10137,424,554
10138,424,555
10139,424,556
10140,424,557
10141,424,558
10142,424,559
10143,424,560
10144,424,561
10145,424,562
10146,424,563
10147,424,564
10148,424,565
10149,424,566
10150,424,567
10151,425,447
10152,425,448
10153,425,449
10154,425,450
10155,425,451
10156,425,452
10157,425,453
10158,425,454
10159,425,455
10160,425,456
10161,425,457
10162,425,458
10163,425,459
10164,425,460
10165,425,461
10166,425,462
10167,425,463
10168,425,464
10169,425,465
10170,425,466
10171,425,467
10172,425,468
10173,425,469
10174,425,470
10175,425,471
10176,425,472
10177,425,473
10178,425,474
10179,425,475
10180,425,476
10181,425,477
10182,425,478
10183,425,479
10184,425,480
10185,425,481
10186,425,482
10187,425,483
10188,425,484
10189,425,485
10190,425,486
10191,425,487
10192,425,488
10193,425,489
10194,425,490
10195,425,491
10196,425,492
10197,425,493
10198,425,494
10199,425,495
10200,425,496
10201,425,497
10202,425,498
10203,425,499
10204,425,500
10205,425,501
10206,425,502
10207,425,503
10208,425,504
10209,425,505
10210,425,506
10211,425,507
10212,425,508
10213,425,509
10214,425,510
10215,425,511
10216,425,512
10217,425,513
10218,425,514
10219,425,515
10220,425,516
10221,425,517
10222,425,518
10223,425,519
10224,425,520
10225,425,521
10226,425,522
10227,425,523
10228,425,524
10229,425,525
10230,425,526
10231,425,527
10232,425,528
10233,425,529
10234,425,530
10235,425,531
10236,425,532
10237,425,533
10238,425,534
10239,425,535
10240,425,536
10241,425,537
10242,425,538
10243,425,539
10244,425,540
10245,425,541
10246,425,542
10247,425,543
10248,425,544
10249,425,545
10250,425,546
10251,425,547
10252,425,548
10253,425,549
10254,425,550
10255,425,551
10256,425,552
10257,425,553
10258,425,554
10259,425,555
10260,425,556
10261,425,557
10262,425,558
10263,425,559
10264,425,560
10265,425,561
10266,425,562
10267,425,563
10268,425,564
10269,425,565
10270,425,566
10271,425,567
10272,426,447
10273,426,448
10274,426,449
10275,426,450
10276,426,451
10277,426,452
10278,426,453
10279,426,454
10280,426,455
10281,426,456
10282,426,457
10283,426,458
10284,426,459
10285,426,460
10286,426,461
10287,426,462
10288,426,463
10289,426,464
10290,426,465
10291,426,466
10292,426,467
10293,426,468
10294,426,469
10295,426,470
10296,426,471
10297,426,472
10298,426,473
10299,426,474
10300,426,475
10301,426,476
10302,426,477
10303,426,478
10304,426,479
10305,426,480
10306,426,481
10307,426,482
10308,426,483
10309,426,484
10310,426,485
10311,426,486
10312,426,487
10313,426,488
10314,426,489
10315,426,490
10316,426,491
10317,426,492
10318,426,493
10319,426,494
10320,426,495
10321,426,496
10322,426,497
10323,426,498
10324,426,499
10325,426,500
10326,426,501
10327,426,502
10328,426,503
10329,426,504
10330,426,505
10331,426,506
10332,426,507
10333,426,508
10334,426,509
10335,426,510
10336,426,511
10337,426,512
10338,426,513
10339,426,514
10340,426,515
10341,426,516
10342,426,517
10343,426,518
10344,426,519
10345,426,520
10346,426,521
10347,426,522
10348,426,523
10349,426,524
10350,426,525
10351,426,526
10352,426,527
10353,426,528
10354,426,529
10355,426,530
10356,426,531
10357,426,532
10358,426,533
10359,426,534
10360,426,535
10361,426,536
10362,426,537
10363,426,538
10364,426,539
10365,426,540
10366,426,541
10367,426,542
10368,426,543
10369,426,544
10370,426,545
10371,426,546
10372,426,547
10373,426,548
10374,426,549
10375,426,550
10376,426,551
10377,426,552
10378,426,553
10379,426,554
10380,426,555
10381,426,556
10382,426,557
10383,426,558
10384,426,559
10385,426,560
10386,426,561
10387,426,562
10388,426,563
10389,426,564
10390,426,565
10391,426,566
10392,426,567
10393,427,447
10394,427,448
10395,427,449
10396,427,450
10397,427,451
10398,427,452
10399,427,453
10400,427,454
10401,427,455
10402,427,456
10403,427,457
10404,427,458
10405,427,459
10406,427,460
10407,427,461
10408,427,462
10409,427,463
10410,427,464
10411,427,465
10412,427,466
10413,427,467
10414,427,468
10415,427,469
10416,427,470
10417,427,471
10418,427,472
10419,427,473
10420,427,474
10421,427,475
10422,427,476
10423,427,477
10424,427,478
10425,427,479
10426,427,480
10427,427,481
10428,427,482
10429,427,483
10430,427,484
10431,427,485
10432,427,486
10433,427,487
10434,427,488
10435,427,489
10436,427,490
10437,427,491
10438,427,492
10439,427,493
10440,427,494
10441,427,495
10442,427,496
10443,427,497
10444,427,498
10445,427,499
10446,427,500
10447,427,501
10448,427,502
10449,427,503
10450,427,504
10451,427,505
10452,427,506
10453,427,507
10454,427,508
10455,427,509
10456,427,510
10457,427,511
10458,427,512
10459,427,513
10460,427,514
10461,427,515
10462,427,516
10463,427,517
10464,427,518
10465,427,519
10466,427,520
10467,427,521
10468,427,522
10469,427,523
10470,427,524
10471,427,525
10472,427,526
10473,427,527
10474,427,528
10475,427,529
10476,427,530
10477,427,531
10478,427,532
10479,427,533
10480,427,534
10481,427,535
10482,427,536
10483,427,537
10484,427,538
10485,427,539
10486,427,540
10487,427,541
10488,427,542
10489,427,543
10490,427,544
10491,427,545
10492,427,546
10493,427,547
10494,427,548
10495,427,549
10496,427,550
10497,427,551
10498,427,552
10499,427,553
10500,427,554
10501,427,555
10502,427,556
10503,427,557
10504,427,558
10505,427,559
10506,427,560
10507,427,561
10508,427,562
10509,427,563
10510,427,564
10511,427,565
10512,427,566
10513,427,567
10514,427,568
10515,428,447
10516,428,448
10517,428,449
10518,428,450
10519,428,451
10520,428,452
10521,428,453
10522,428,454
10523,428,455
10524,428,456
10525,428,457
10526,428,458
10527,428,459
10528,428,460
10529,428,461
10530,428,462
10531,428,463
10532,428,464
10533,428,465
10534,428,466
10535,428,467
10536,428,468
10537,428,469
10538,428,470
10539,428,471
10540,428,472
10541,428,473
10542,428,474
10543,428,475
10544,428,476
10545,428,477
10546,428,478
10547,428,479
10548,428,480
10549,428,481
10550,428,482
10551,428,483
10552,428,484
10553,428,485
10554,428,486
10555,428,487
10556,428,488
10557,428,489
10558,428,490
10559,428,491
10560,428,492
10561,428,493
10562,428,494
10563,428,495
10564,428,496
10565,428,497
10566,428,498
10567,428,499
10568,428,500
10569,428,501
10570,428,502
10571,428,503
10572,428,504
10573,428,505
10574,428,506
10575,428,507
10576,428,508
10577,428,509
10578,428,510
10579,428,511
10580,428,512
10581,428,513
10582,428,514
10583,428,515
10584,428,516
10585,428,517
10586,428,518
10587,428,519
10588,428,520
10589,428,521
10590,428,522
10591,428,523
10592,428,524
10593,428,525
10594,428,526
10595,428,527
10596,428,528
10597,428,529
10598,428,530
10599,428,531
10600,428,532
10601,428,533
10602,428,534
10603,428,535
10604,428,536
10605,428,537
10606,428,538
10607,428,539
10608,428,540
10609,428,541
10610,428,542
10611,428,543
10612,428,544
10613,428,545
10614,428,546
10615,428,547
10616,428,548
10617,428,549
10618,428,550
10619,428,551
10620,428,552
10621,428,553
10622,428,554
10623,428,555
10624,428,556
10625,428,557
10626,428,558
10627,428,559
10628,428,560
10629,428,561
10630,428,562
10631,428,563
10632,428,564
10633,428,565
10634,428,566
10635,428,567
10636,428,568
10637,429,446
10638,429,447
10639,429,448
10640,429,449
10641,429,450
10642,429,451
10643,429,452
10644,429,453
10645,429,454
10646,429,455
10647,429,456
10648,429,457
10649,429,458
10650,429,459
10651,429,460
10652,429,461
10653,429,462
10654,429,463
10655,429,464
10656,429,465
10657,429,466
10658,429,467
10659,429,468
10660,429,469
10661,429,470
10662,429,471
10663,429,472
10664,429,473
10665,429,474
10666,429,475
10667,429,476
10668,429,477
10669,429,478
10670,429,479
10671,429,480
10672,429,481
10673,429,482
10674,429,483
10675,429,484
10676,429,485
10677,429,486
10678,429,487
10679,429,488
10680,429,489
10681,429,490
10682,429,491
10683,429,492
10684,429,493
10685,429,494
10686,429,495
10687,429,496
10688,429,497
10689,429,498
10690,429,499
10691,429,500
10692,429,501
10693,429,502
10694,429,503
10695,429,504
10696,429,505
10697,429,506
10698,429,507
10699,429,508
10700,429,509
10701,429,510
10702,429,511
10703,429,512
10704,429,513
10705,429,514
10706,429,515
10707,429,516
10708,429,517
10709,429,518
10710,429,519
10711,429,520
10712,429,521
10713,429,522
10714,429,523
10715,429,524
10716,429,525
10717,429,526
10718,429,527
10719,429,528
10720,429,529
10721,429,530
10722,429,531
10723,429,532
10724,429,533
10725,429,534
10726,429,535
10727,429,536
10728,429,537
10729,429,538
10730,429,539
10731,429,540
10732,429,541
10733,429,542
10734,429,543
10735,429,544
10736,429,545
10737,429,546
10738,429,547
10739,429,548
10740,429,549
10741,429,550
10742,429,551
10743,429,552
10744,429,553
10745,429,554
10746,429,555
10747,429,556
10748,429,557
10749,429,558
10750,429,559
10751,429,560
10752,429,561
10753,429,562
10754,429,563
10755,429,564
10756,429,565
10757,429,566
10758,429,567
10759,429,568
10760,430,446
10761,430,447
10762,430,448
10763,430,449
10764,430,450
10765,430,451
10766,430,452
10767,430,453
10768,430,454
10769,430,455
10770,430,456
10771,430,457
10772,430,458
10773,430,459
10774,430,460
10775,430,461
10776,430,462
10777,430,463
10778,430,464
10779,430,465
10780,430,466
10781,430,467
10782,430,468
10783,430,469
10784,430,470
10785,430,471
10786,430,472
10787,430,473
10788,430,474
10789,430,475
10790,430,476
10791,430,477
10792,430,478
10793,430,479
10794,430,480
10795,430,481
10796,430,482
10797,430,483
10798,430,484
10799,430,485
10800,430,486
10801,430,487
10802,430,488
10803,430,489
10804,430,490
10805,430,491
10806,430,492
10807,430,493
10808,430,494
10809,430,495
10810,430,496
10811,430,497
10812,430,498
10813,430,499
10814,430,500
10815,430,501
10816,430,502
10817,430,503
10818,430,504
10819,430,505
10820,430,506
10821,430,507
10822,430,508
10823,430,509
10824,430,510
10825,430,511
10826,430,512
10827,430,513
10828,430,514
10829,430,515
10830,430,516
10831,430,517
10832,430,518
10833,430,519
10834,430,520
10835,430,521
10836,430,522
10837,430,523
10838,430,524
10839,430,525
10840,430,526
10841,430,527
10842,430,528
10843,430,529
10844,430,530
10845,430,531
10846,430,532
10847,430,533
10848,430,534
10849,430,535
10850,430,536
10851,430,537
10852,430,538
10853,430,539
10854,430,540
10855,430,541
10856,430,542
10857,430,543
10858,430,544
10859,430,545
10860,430,546
10861,430,547
10862,430,548
10863,430,549
10864,430,550
10865,430,551
10866,430,552
10867,430,553
10868,430,554
10869,430,555
10870,430,556
10871,430,557
10872,430,558
10873,430,559
10874,430,560
10875,430,561
10876,430,562
10877,430,563
10878,430,564
10879,430,565
10880,430,566
10881,430,567
10882,430,568
10883,431,446
10884,431,447
10885,431,448
10886,431,449
10887,431,450
10888,431,451
10889,431,452
10890,431,453
10891,431,454
10892,431,455
10893,431,456
10894,431,457
10895,431,458
10896,431,459
10897,431,460
10898,431,461
10899,431,462
10900,431,463
10901,431,464
10902,431,465
10903,431,466
10904,431,467
10905,431,468
10906,431,469
10907,431,470
10908,431,471
10909,431,472
10910,431,473
10911,431,474
10912,431,475
10913,431,476
10914,431,477
10915,431,478
10916,431,479
10917,431,480
10918,431,481
10919,431,482
10920,431,483
10921,431,484
10922,431,485
10923,431,486
10924,431,487
10925,431,488
10926,431,489
10927,431,490
10928,431,491
10929,431,492
10930,431,493
10931,431,494
10932,431,495
10933,431,496
10934,431,497
10935,431,498
10936,431,499
10937,431,500
10938,431,501
10939,431,502
10940,431,503
10941,431,504
10942,431,505
10943,431,506
10944,431,507
10945,431,508
10946,431,509
10947,431,510
10948,431,511
10949,431,512
10950,431,513
10951,431,514
10952,431,515
10953,431,516
10954,431,517
10955,431,518
10956,431,519
10957,431,520
10958,431,521
10959,431,522
10960,431,523
10961,431,524
10962,431,525
10963,431,526
10964,431,527
10965,431,528
10966,431,529
10967,431,530
10968,431,531
10969,431,532
10970,431,533
10971,431,534
10972,431,535
10973,431,536
10974,431,537
10975,431,538
10976,431,539
10977,431,540
10978,431,541
10979,431,542
10980,431,543
10981,431,544
10982,431,545
10983,431,546
10984,431,547
10985,431,548
10986,431,549
10987,431,550
10988,431,551
10989,431,552
10990,431,553
10991,431,554
10992,431,555
10993,431,556
10994,431,557
10995,431,558
10996,431,559
10997,431,560
10998,431,561
10999,431,562
11000,431,563
11001,431,564
11002,431,565
11003,431,566
11004,431,567
11005,431,568
11006,432,446
11007,432,447
11008,432,448
11009,432,449
11010,432,450
11011,432,451
11012,432,452
11013,432,453
11014,432,454
11015,432,455
11016,432,456
11017,432,457
11018,432,458
11019,432,459
11020,432,460
11021,432,461
11022,432,462
11023,432,463
11024,432,464
11025,432,465
11026,432,466
11027,432,467
11028,432,468
11029,432,469
11030,432,470
11031,432,471
11032,432,472
11033,432,473
11034,432,474
11035,432,475
11036,432,476
11037,432,477
11038,432,478
11039,432,479
11040,432,480
11041,432,481
11042,432,482
11043,432,483
11044,432,484
11045,432,485
11046,432,486
11047,432,487
11048,432,488
11049,432,489
11050,432,490
11051,432,491
11052,432,492
11053,432,493
11054,432,494
11055,432,495
11056,432,496
11057,432,497
11058,432,498
11059,432,499
11060,432,500
11061,432,501
11062,432,502
11063,432,503
11064,432,504
11065,432,505
11066,432,506
11067,432,507
11068,432,508
11069,432,509
11070,432,510
11071,432,511
11072,432,512
11073,432,513
11074,432,514
11075,432,515
11076,432,516
11077,432,517
11078,432,518
11079,432,519
11080,432,520
11081,432,521
11082,432,522
11083,432,523
11084,432,524
11085,432,525
11086,432,526
11087,432,527
11088,432,528
11089,432,529
11090,432,530
11091,432,531
11092,432,532
11093,432,533
11094,432,534
11095,432,535
11096,432,536
11097,432,537
11098,432,538
11099,432,539
11100,432,540
11101,432,541
11102,432,542
11103,432,543
11104,432,544
11105,432,545
11106,432,546
11107,432,547
11108,432,548
11109,432,549
11110,432,550
11111,432,551
11112,432,552
11113,432,553
11114,432,554
11115,432,555
11116,432,556
11117,432,557
11118,432,558
11119,432,559
11120,432,560
11121,432,561
11122,432,562
11123,432,563
11124,432,564
11125,432,565
11126,432,566
11127,432,567
11128,432,568
11129,433,446
11130,433,447
11131,433,448
11132,433,449
11133,433,450
11134,433,451
11135,433,452
11136,433,453
11137,433,454
11138,433,455
11139,433,456
11140,433,457
11141,433,458
11142,433,459
11143,433,460
11144,433,461
11145,433,462
11146,433,463
11147,433,464
11148,433,465
11149,433,466
11150,433,467
11151,433,468
11152,433,469
11153,433,470
11154,433,471
11155,433,472
11156,433,473
11157,433,474
11158,433,475
11159,433,476
11160,433,477
11161,433,478
11162,433,479
11163,433,480
11164,433,481
11165,433,482
11166,433,483
11167,433,484
11168,433,485
11169,433,486
11170,433,487
11171,433,488
11172,433,489
11173,433,490
11174,433,491
11175,433,492
11176,433,493
11177,433,494
11178,433,495
11179,433,496
11180,433,497
11181,433,498
11182,433,499
11183,433,500
11184,433,501
11185,433,502
11186,433,503
11187,433,504
11188,433,505
11189,433,506
11190,433,507
11191,433,508
11192,433,509
11193,433,510
11194,433,511
11195,433,512
11196,433,513
11197,433,514
11198,433,515
11199,433,516
11200,433,517
11201,433,518
11202,433,519
11203,433,520
11204,433,521
11205,433,522
11206,433,523
11207,433,524
11208,433,525
11209,433,526
11210,433,527
11211,433,528
11212,433,529
11213,433,530
11214,433,531
11215,433,532
11216,433,533
11217,433,534
11218,433,535
11219,433,536
11220,433,537
11221,433,538
11222,433,539
11223,433,540
11224,433,541
11225,433,542
11226,433,543
11227,433,544
11228,433,545
11229,433,546
11230,433,547
11231,433,548
11232,433,549
11233,433,550
11234,433,551
11235,433,552
11236,433,553
11237,433,554
11238,433,555
11239,433,556
11240,433,557
11241,433,558
11242,433,559
11243,433,560
11244,433,561
11245,433,562
11246,433,563
11247,433,564
11248,433,565
11249,433,566
11250,433,567
11251,433,568
11252,434,446
11253,434,447
11254,434,448
11255,434,449
11256,434,450
11257,434,451
11258,434,452
11259,434,453
11260,434,454
11261,434,455
11262,434,456
11263,434,457
11264,434,458
11265,434,459
11266,434,460
11267,434,461
11268,434,462
11269,434,463
11270,434,464
11271,434,465
11272,434,466
11273,434,467
11274,434,468
11275,434,469
11276,434,470
11277,434,471
11278,434,472
11279,434,473
11280,434,474
11281,434,475
11282,434,476
11283,434,477
11284,434,478
11285,434,479
11286,434,480
11287,434,481
11288,434,482
11289,434,483
11290,434,484
11291,434,485
11292,434,486
11293,434,487
11294,434,488
11295,434,489
11296,434,490
11297,434,491
11298,434,492
11299,434,493
11300,434,494
11301,434,495
11302,434,496
11303,434,497
11304,434,498
11305,434,499
11306,434,500
11307,434,501
11308,434,502
11309,434,503
11310,434,504
11311,434,505
11312,434,506
11313,434,507
11314,434,508
11315,434,509
11316,434,510
11317,434,511
11318,434,512
11319,434,513
11320,434,514
11321,434,515
11322,434,516
11323,434,517
11324,434,518
11325,434,519
11326,434,520
11327,434,521
11328,434,522
11329,434,523
11330,434,524
11331,434,525
11332,434,526
11333,434,527
11334,434,528
11335,434,529
11336,434,530
11337,434,531
11338,434,532
11339,434,533
11340,434,534
11341,434,535
11342,434,536
11343,434,537
11344,434,538
11345,434,539
11346,434,540
11347,434,541
11348,434,542
11349,434,543
11350,434,544
11351,434,545
11352,434,546
11353,434,547
11354,434,548
11355,434,549
11356,434,550
11357,434,551
11358,434,552
11359,434,553
11360,434,554
11361,434,555
11362,434,556
11363,434,557
11364,434,558
11365,434,559
11366,434,560
11367,434,561
11368,434,562
11369,434,563
11370,434,564
11371,434,565
11372,434,566
11373,434,567
11374,434,568
11375,435,446
11376,435,447
11377,435,448
11378,435,449
11379,435,450
11380,435,451
11381,435,452
11382,435,453
11383,435,454
11384,435,455
11385,435,456
11386,435,457
11387,435,458
11388,435,459
11389,435,460
11390,435,461
11391,435,462
11392,435,463
11393,435,464
11394,435,465
11395,435,466
11396,435,467
11397,435,468
11398,435,469
11399,435,470
11400,435,471
11401,435,472
11402,435,473
11403,435,474
11404,435,475
11405,435,476
11406,435,477
11407,435,478
11408,435,479
11409,435,480
11410,435,481
11411,435,482
11412,435,483
11413,435,484
11414,435,485
11415,435,486
11416,435,487
11417,435,488
11418,435,489
11419,435,490
11420,435,491
11421,435,492
11422,435,493
11423,435,494
11424,435,495
11425,435,496
11426,435,497
11427,435,498
11428,435,499
11429,435,500
11430,435,501
11431,435,502
11432,435,503
11433,435,504
11434,435,505
11435,435,506
11436,435,507
11437,435,508
11438,435,509
11439,435,510
11440,435,511
11441,435,512
11442,435,513
11443,435,514
11444,435,515
11445,435,516
11446,435,517
11447,435,518
11448,435,519
11449,435,520
11450,435,521
11451,435,522
11452,435,523
11453,435,524
11454,435,525
11455,435,526
11456,435,527
11457,435,528
11458,435,529
11459,435,530
11460,435,531
11461,435,532
11462,435,533
11463,435,534
11464,435,535
11465,435,536
11466,435,537
11467,435,538
11468,435,539
11469,435,540
11470,435,541
11471,435,542
11472,435,543
11473,435,544
11474,435,545
11475,435,546
11476,435,547
11477,435,548
11478,435,549
11479,435,550
11480,435,551
11481,435,552
11482,435,553
11483,435,554
11484,435,555
11485,435,556
11486,435,557
11487,435,558
11488,435,559
11489,435,560
11490,435,561
11491,435,562
11492,435,563
11493,435,564
11494,435,565
11495,435,566
11496,435,567
11497,435,568
11498,435,569
11499,436,446
11500,436,447
11501,436,448
11502,436,449
11503,436,450
11504,436,451
11505,436,452
11506,436,453
11507,436,454
11508,436,455
11509,436,456
11510,436,457
11511,436,458
11512,436,459
11513,436,460
11514,436,461
11515,436,462
11516,436,463
11517,436,464
11518,436,465
11519,436,466
11520,436,467
11521,436,468
11522,436,469
11523,436,470
11524,436,471
11525,436,472
11526,436,473
11527,436,474
11528,436,475
11529,436,476
11530,436,477
11531,436,478
11532,436,479
11533,436,480
11534,436,481
11535,436,482
11536,436,483
11537,436,484
11538,436,485
11539,436,486
11540,436,487
11541,436,488
11542,436,489
11543,436,490
11544,436,491
11545,436,492
11546,436,493
11547,436,494
11548,436,495
11549,436,496
11550,436,497
11551,436,498
11552,436,499
11553,436,500
11554,436,501
11555,436,502
11556,436,503
11557,436,504
11558,436,505
11559,436,506
11560,436,507
11561,436,508
11562,436,509
11563,436,510
11564,436,511
11565,436,512
11566,436,513
11567,436,514
11568,436,515
11569,436,516
11570,436,517
11571,436,518
11572,436,519
11573,436,520
11574,436,521
11575,436,522
11576,436,523
11577,436,524
11578,436,525
11579,436,526
11580,436,527
11581,436,528
11582,436,529
11583,436,530
11584,436,531
11585,436,532
11586,436,533
11587,436,534
11588,436,535
11589,436,536
11590,436,537
11591,436,538
11592,436,539
11593,436,540
11594,436,541
11595,436,542
11596,436,543
11597,436,544
11598,436,545
11599,436,546
11600,436,547
11601,436,548
11602,436,549
11603,436,550
11604,436,551
11605,436,552
11606,436,553
11607,436,554
11608,436,555
11609,436,556
11610,436,557
11611,436,558
11612,436,559
11613,436,560
11614,436,561
11615,436,562
11616,436,563
11617,436,564
11618,436,565
11619,436,566
11620,436,567
11621,436,568
11622,436,569
11623,437,446
11624,437,447
11625,437,448
11626,437,449
11627,437,450
11628,437,451
11629,437,452
11630,437,453
11631,437,454
11632,437,455
11633,437,456
11634,437,457
11635,437,458
11636,437,459
11637,437,460
11638,437,461
11639,437,462
11640,437,463
11641,437,464
11642,437,465
11643,437,466
11644,437,467
11645,437,468
11646,437,469
11647,437,470
11648,437,471
11649,437,472
11650,437,473
11651,437,474
11652,437,475
11653,437,476
11654,437,477
11655,437,478
11656,437,479
11657,437,480
11658,437,481
11659,437,482
11660,437,483
11661,437,484
11662,437,485
11663,437,486
11664,437,487
11665,437,488
11666,437,489
11667,437,490
11668,437,491
11669,437,492
11670,437,493
11671,437,494
11672,437,495
11673,437,496
11674,437,497
11675,437,498
11676,437,499
11677,437,500
11678,437,501
11679,437,502
11680,437,503
11681,437,504
11682,437,505
11683,437,506
11684,437,507
11685,437,508
11686,437,509
11687,437,510
11688,437,511
11689,437,512
11690,437,513
11691,437,514
11692,437,515
11693,437,516
11694,437,517
11695,437,518
11696,437,519
11697,437,520
11698,437,521
11699,437,522
11700,437,523
11701,437,524
11702,437,525
11703,437,526
11704,437,527
11705,437,528
11706,437,529
11707,437,530
11708,437,531
11709,437,532
11710,437,533
11711,437,534
11712,437,535
11713,437,536
11714,437,537
11715,437,538
11716,437,539
11717,437,540
11718,437,541
11719,437,542
11720,437,543
11721,437,544
11722,437,545
11723,437,546
11724,437,547
11725,437,548
11726,437,549
11727,437,550
11728,437,551
11729,437,552
11730,437,553
11731,437,554
11732,437,555
11733,437,556
11734,437,557
11735,437,558
11736,437,559
11737,437,560
11738,437,561
11739,437,562
11740,437,563
11741,437,564
11742,437,565
11743,437,566
11744,437,567
11745,437,568
11746,437,569
11747,437,570
11748,438,447
11749,438,448
11750,438,449
11751,438,450
11752,438,451
11753,438,452
11754,438,453
11755,438,454
11756,438,455
11757,438,456
11758,438,457
11759,438,458
11760,438,459
11761,438,460
11762,438,461
11763,438,462
11764,438,463
11765,438,464
11766,438,465
11767,438,466
11768,438,467
11769,438,468
11770,438,469
11771,438,470
11772,438,471
11773,438,472
11774,438,473
11775,438,474
11776,438,475
11777,438,476
11778,438,477
11779,438,478
11780,438,479
11781,438,480
11782,438,481
11783,438,482
11784,438,483
11785,438,484
11786,438,485
11787,438,486
11788,438,487
11789,438,488
11790,438,489
11791,438,490
11792,438,491
11793,438,492
11794,438,493
11795,438,494
11796,438,495
11797,438,496
11798,438,497
11799,438,498
11800,438,499
11801,438,500
11802,438,501
11803,438,502
11804,438,503
11805,438,504
11806,438,505
11807,438,506
11808,438,507
11809,438,508
11810,438,509
11811,438,510
11812,438,511
11813,438,512
11814,438,513
11815,438,514
11816,438,515
11817,438,516
11818,438,517
11819,438,518
11820,438,519
11821,438,520
11822,438,521
11823,438,522
11824,438,523
11825,438,524
11826,438,525
11827,438,526
11828,438,527
11829,438,528
11830,438,529
11831,438,530
11832,438,531
11833,438,532
11834,438,533
11835,438,534
11836,438,535
11837,438,536
11838,438,537
11839,438,538
11840,438,539
11841,438,540
11842,438,541
11843,438,542
11844,438,543
11845,438,544
11846,438,545
11847,438,546
11848,438,547
11849,438,548
11850,438,549
11851,438,550
11852,438,551
11853,438,552
11854,438,553
11855,438,554
11856,438,555
11857,438,556
11858,438,557
11859,438,558
11860,438,559
11861,438,560
11862,438,561
11863,438,562
11864,438,563
11865,438,564
11866,438,565
11867,438,566
11868,438,567
11869,438,568
11870,438,569
11871,438,570
11872,439,447
11873,439,448
11874,439,449
11875,439,450
11876,439,451
11877,439,452
11878,439,453
11879,439,454
11880,439,455
11881,439,456
11882,439,457
11883,439,458
11884,439,459
11885,439,460
11886,439,461
11887,439,462
11888,439,463
11889,439,464
11890,439,465
11891,439,466
11892,439,467
11893,439,468
11894,439,469
11895,439,470
11896,439,471
11897,439,472
11898,439,473
11899,439,474
11900,439,475
11901,439,476
11902,439,477
11903,439,478
11904,439,479
11905,439,480
11906,439,481
11907,439,482
11908,439,483
11909,439,484
11910,439,485
11911,439,486
11912,439,487
11913,439,488
11914,439,489
11915,439,490
11916,439,491
11917,439,492
11918,439,493
11919,439,494
11920,439,495
11921,439,496
11922,439,497
11923,439,498
11924,439,499
11925,439,500
11926,439,501
11927,439,502
11928,439,503
11929,439,504
11930,439,505
11931,439,506
11932,439,507
11933,439,508
11934,439,509
11935,439,510
11936,439,511
11937,439,512
11938,439,513
11939,439,514
11940,439,515
11941,439,516
11942,439,517
11943,439,518
11944,439,519
11945,439,520
11946,439,521
11947,439,522
11948,439,523
11949,439,524
11950,439,525
11951,439,526
11952,439,527
11953,439,528
11954,439,529
11955,439,530
11956,439,531
11957,439,532
11958,439,533
11959,439,534
11960,439,535
11961,439,536
11962,439,537
11963,439,538
11964,439,539
11965,439,540
11966,439,541
11967,439,542
11968,439,543
11969,439,544
11970,439,545
11971,439,546
11972,439,547
11973,439,548
11974,439,549
11975,439,550
11976,439,551
11977,439,552
11978,439,553
11979,439,554
11980,439,555
11981,439,556
11982,439,557
11983,439,558
11984,439,559
11985,439,560
11986,439,561
11987,439,562
11988,439,563
11989,439,564
11990,439,565
11991,439,566
11992,439,567
11993,439,568
11994,439,569
11995,439,570
11996,440,447
11997,440,448
11998,440,449
11999,440,450
12000,440,451
12001,440,452
12002,440,453
12003,440,454
12004,440,455
12005,440,456
12006,440,457
12007,440,458
12008,440,459
12009,440,460
12010,440,461
12011,440,462
12012,440,463
12013,440,464
12014,440,465
12015,440,466
12016,440,467
12017,440,468
12018,440,469
12019,440,470
12020,440,471
12021,440,472
12022,440,473
12023,440,474
12024,440,475
12025,440,476
12026,440,477
12027,440,478
12028,440,479
12029,440,480
12030,440,481
12031,440,482
12032,440,483
12033,440,484
12034,440,485
12035,440,486
12036,440,487
12037,440,488
12038,440,489
12039,440,490
12040,440,491
12041,440,492
12042,440,493
12043,440,494
12044,440,495
12045,440,496
12046,440,497
12047,440,498
12048,440,499
12049,440,500
12050,440,501
12051,440,502
12052,440,503
12053,440,504
12054,440,505
12055,440,506
12056,440,507
12057,440,508
12058,440,509
12059,440,510
12060,440,511
12061,440,512
12062,440,513
12063,440,514
12064,440,515
12065,440,516
12066,440,517
12067,440,518
12068,440,519
12069,440,520
12070,440,521
12071,440,522
12072,440,523
12073,440,524
12074,440,525
12075,440,526
12076,440,527
12077,440,528
12078,440,529
12079,440,530
12080,440,531
12081,440,532
12082,440,533
12083,440,534
12084,440,535
12085,440,536
12086,440,537
12087,440,538
12088,440,539
12089,440,540
12090,440,541
12091,440,542
12092,440,543
12093,440,544
12094,440,545
12095,440,546
12096,440,547
12097,440,548
12098,440,549
12099,440,550
12100,440,551
12101,440,552
12102,440,553
12103,440,554
12104,440,555
12105,440,556
12106,440,557
12107,440,558
12108,440,559
12109,440,560
12110,440,561
12111,440,562
12112,440,563
12113,440,564
12114,440,565
12115,440,566
12116,440,567
12117,440,568
12118,440,569
12119,441,447
12120,441,448
12121,441,449
12122,441,450
12123,441,451
12124,441,452
12125,441,453
12126,441,454
12127,441,455
12128,441,456
12129,441,457
12130,441,458
12131,441,459
12132,441,460
12133,441,461
12134,441,462
12135,441,463
12136,441,464
12137,441,465
12138,441,466
12139,441,467
12140,441,468
12141,441,469
12142,441,470
12143,441,471
12144,441,472
12145,441,473
12146,441,474
12147,441,475
12148,441,476
12149,441,477
12150,441,478
12151,441,479
12152,441,480
12153,441,481
12154,441,482
12155,441,483
12156,441,484
12157,441,485
12158,441,486
12159,441,487
12160,441,488
12161,441,489
12162,441,490
12163,441,491
12164,441,492
12165,441,493
12166,441,494
12167,441,495
12168,441,496
12169,441,497
12170,441,498
12171,441,499
12172,441,500
12173,441,501
12174,441,502
12175,441,503
12176,441,504
12177,441,505
12178,441,506
12179,441,507
12180,441,508
12181,441,509
12182,441,510
12183,441,511
12184,441,512
12185,441,513
12186,441,514
12187,441,515
12188,441,516
12189,441,517
12190,441,518
12191,441,519
12192,441,520
12193,441,521
12194,441,522
12195,441,523
12196,441,524
12197,441,525
12198,441,526
12199,441,527
12200,441,528
12201,441,529
12202,441,530
12203,441,531
12204,441,532
12205,441,533
12206,441,534
12207,441,535
12208,441,536
12209,441,537
12210,441,538
12211,441,539
12212,441,540
12213,441,541
12214,441,542
12215,441,543
12216,441,544
12217,441,545
12218,441,546
12219,441,547
12220,441,548
12221,441,549
12222,441,550
12223,441,551
12224,441,552
12225,441,553
12226,441,554
12227,441,555
12228,441,556
12229,441,557
12230,441,558
12231,441,559
12232,441,560
12233,441,561
12234,441,562
12235,441,563
12236,441,564
12237,441,565
12238,441,566
12239,441,567
12240,441,568
12241,441,569
12242,442,447
12243,442,448
12244,442,449
12245,442,450
12246,442,451
12247,442,452
12248,442,453
12249,442,454
12250,442,455
12251,442,456
12252,442,457
12253,442,458
12254,442,459
12255,442,460
12256,442,461
12257,442,462
12258,442,463
12259,442,464
12260,442,465
12261,442,466
12262,442,467
12263,442,468
12264,442,469
12265,442,470
12266,442,471
12267,442,472
12268,442,473
12269,442,474
12270,442,475
12271,442,476
12272,442,477
12273,442,478
12274,442,479
12275,442,480
12276,442,481
12277,442,482
12278,442,483
12279,442,484
12280,442,485
12281,442,486
12282,442,487
12283,442,488
12284,442,489
12285,442,490
12286,442,491
12287,442,492
12288,442,493
12289,442,494
12290,442,495
12291,442,496
12292,442,497
12293,442,498
12294,442,499
12295,442,500
12296,442,501
12297,442,502
12298,442,503
12299,442,504
12300,442,505
12301,442,506
12302,442,507
12303,442,508
12304,442,509
12305,442,510
12306,442,511
12307,442,512
12308,442,513
12309,442,514
12310,442,515
12311,442,516
12312,442,517
12313,442,518
12314,442,519
12315,442,520
12316,442,521
12317,442,522
12318,442,523
12319,442,524
12320,442,525
12321,442,526
12322,442,527
12323,442,528
12324,442,529
12325,442,530
12326,442,531
12327,442,532
12328,442,533
12329,442,534
12330,442,535
12331,442,536
12332,442,537
12333,442,538
12334,442,539
12335,442,540
12336,442,541
12337,442,542
12338,442,543
12339,442,544
12340,442,545
12341,442,546
12342,442,547
12343,442,548
12344,442,549
12345,442,550
12346,442,551
12347,442,552
12348,442,553
12349,442,554
12350,442,555
12351,442,556
12352,442,557
12353,442,558
12354,442,559
12355,442,560
12356,442,561
12357,442,562
12358,442,563
12359,442,564
12360,442,565
12361,442,566
12362,442,567
12363,442,568
12364,442,569
12365,442,570
12366,443,448
12367,443,449
12368,443,450
12369,443,451
12370,443,452
12371,443,453
12372,443,454
12373,443,455
12374,443,456
12375,443,457
12376,443,458
12377,443,459
12378,443,460
12379,443,461
12380,443,462
12381,443,463
12382,443,464
12383,443,465
12384,443,466
12385,443,467
12386,443,468
12387,443,469
12388,443,470
12389,443,471
12390,443,472
12391,443,473
12392,443,474
12393,443,475
12394,443,476
12395,443,477
12396,443,478
12397,443,479
12398,443,480
12399,443,481
12400,443,482
12401,443,483
12402,443,484
12403,443,485
12404,443,486
12405,443,487
12406,443,488
12407,443,489
12408,443,490
12409,443,491
12410,443,492
12411,443,493
12412,443,494
12413,443,495
12414,443,496
12415,443,497
12416,443,498
12417,443,499
12418,443,500
12419,443,501
12420,443,502
12421,443,503
12422,443,504
12423,443,505
12424,443,506
12425,443,507
12426,443,508
12427,443,509
12428,443,510
12429,443,511
12430,443,512
12431,443,513
12432,443,514
12433,443,515
12434,443,516
12435,443,517
12436,443,518
12437,443,519
12438,443,520
12439,443,521
12440,443,522
12441,443,523
12442,443,524
12443,443,525
12444,443,526
12445,443,527
12446,443,528
12447,443,529
12448,443,530
12449,443,531
12450,443,532
12451,443,533
12452,443,534
12453,443,535
12454,443,536
12455,443,537
12456,443,538
12457,443,539
12458,443,540
12459,443,541
12460,443,542
12461,443,543
12462,443,544
12463,443,545
12464,443,546
12465,443,547
12466,443,548
12467,443,549
12468,443,550
12469,443,551
12470,443,552
12471,443,553
12472,443,554
12473,443,555
12474,443,556
12475,443,557
12476,443,558
12477,443,559
12478,443,560
12479,443,561
12480,443,562
12481,443,563
12482,443,564
12483,443,565
12484,443,566
12485,443,567
12486,443,568
12487,443,569
12488,443,570
12489,444,448
12490,444,449
12491,444,450
12492,444,451
12493,444,452
12494,444,453
12495,444,454
12496,444,455
12497,444,456
12498,444,457
12499,444,458
12500,444,459
12501,444,460
12502,444,461
12503,444,462
12504,444,463
12505,444,464
12506,444,465
12507,444,466
12508,444,467
12509,444,468
12510,444,469
12511,444,470
12512,444,471
12513,444,472
12514,444,473
12515,444,474
12516,444,475
12517,444,476
12518,444,477
12519,444,478
12520,444,479
12521,444,480
12522,444,481
12523,444,482
12524,444,483
12525,444,484
12526,444,485
12527,444,486
12528,444,487
12529,444,488
12530,444,489
12531,444,490
12532,444,491
12533,444,492
12534,444,493
12535,444,494
12536,444,495
12537,444,496
12538,444,497
12539,444,498
12540,444,499
12541,444,500
12542,444,501
12543,444,502
12544,444,503
12545,444,504
12546,444,505
12547,444,506
12548,444,507
12549,444,508
12550,444,509
12551,444,510
12552,444,511
12553,444,512
12554,444,513
12555,444,514
12556,444,515
12557,444,516
12558,444,517
12559,444,518
12560,444,519
12561,444,520
12562,444,521
12563,444,522
12564,444,523
12565,444,524
12566,444,525
12567,444,526
12568,444,527
12569,444,528
12570,444,529
12571,444,530
12572,444,531
12573,444,532
12574,444,533
12575,444,534
12576,444,535
12577,444,536
12578,444,537
12579,444,538
12580,444,539
12581,444,540
12582,444,541
12583,444,542
12584,444,543
12585,444,544
12586,444,545
12587,444,546
12588,444,547
12589,444,548
12590,444,549
12591,444,550
12592,444,551
12593,444,552
12594,444,553
12595,444,554
12596,444,555
12597,444,556
12598,444,557
12599,444,558
12600,444,559
12601,444,560
12602,444,561
12603,444,562
12604,444,563
12605,444,564
12606,444,565
12607,444,566
12608,444,567
12609,444,568
12610,444,569
12611,444,570
12612,444,571
12613,445,448
12614,445,449
12615,445,450
12616,445,451
12617,445,452
12618,445,453
12619,445,454
12620,445,455
12621,445,456
12622,445,457
12623,445,458
12624,445,459
12625,445,460
12626,445,461
12627,445,462
12628,445,463
12629,445,464
12630,445,465
12631,445,466
12632,445,467
12633,445,468
12634,445,469
12635,445,470
12636,445,471
12637,445,472
12638,445,473
12639,445,474
12640,445,475
12641,445,476
12642,445,477
12643,445,478
12644,445,479
12645,445,480
12646,445,481
12647,445,482
12648,445,483
12649,445,484
12650,445,485
12651,445,486
12652,445,487
12653,445,488
12654,445,489
12655,445,490
12656,445,491
12657,445,492
12658,445,493
12659,445,494
12660,445,495
12661,445,496
12662,445,497
12663,445,498
12664,445,499
12665,445,500
12666,445,501
12667,445,502
12668,445,503
12669,445,504
12670,445,505
12671,445,506
12672,445,507
12673,445,508
12674,445,509
12675,445,510
12676,445,511
12677,445,512
12678,445,513
12679,445,514
12680,445,515
12681,445,516
12682,445,517
12683,445,518
12684,445,519
12685,445,520
12686,445,521
12687,445,522
12688,445,523
12689,445,524
12690,445,525
12691,445,526
12692,445,527
12693,445,528
12694,445,529
12695,445,530
12696,445,531
12697,445,532
12698,445,533
12699,445,534
12700,445,535
12701,445,536
12702,445,537
12703,445,538
12704,445,539
12705,445,540
12706,445,541
12707,445,542
12708,445,543
12709,445,544
12710,445,545
12711,445,546
12712,445,547
12713,445,548
12714,445,549
12715,445,550
12716,445,551
12717,445,552
12718,445,553
12719,445,554
12720,445,555
12721,445,556
12722,445,557
12723,445,558
12724,445,559
12725,445,560
12726,445,561
12727,445,562
12728,445,563
12729,445,564
12730,445,565
12731,445,566
12732,445,567
12733,445,568
12734,445,569
12735,445,570
12736,445,571
12737,446,448
12738,446,449
12739,446,450
12740,446,451
12741,446,452
12742,446,453
12743,446,454
12744,446,455
12745,446,456
12746,446,457
12747,446,458
12748,446,459
12749,446,460
12750,446,461
12751,446,462
12752,446,463
12753,446,464
12754,446,465
12755,446,466
12756,446,467
12757,446,468
12758,446,469
12759,446,470
12760,446,471
12761,446,472
12762,446,473
12763,446,474
12764,446,475
12765,446,476
12766,446,477
12767,446,478
12768,446,479
12769,446,480
12770,446,481
12771,446,482
12772,446,483
12773,446,484
12774,446,485
12775,446,486
12776,446,487
12777,446,488
12778,446,489
12779,446,490
12780,446,491
12781,446,492
12782,446,493
12783,446,494
12784,446,495
12785,446,496
12786,446,497
12787,446,498
12788,446,499
12789,446,500
12790,446,501
12791,446,502
12792,446,503
12793,446,504
12794,446,505
12795,446,506
12796,446,507
12797,446,508
12798,446,509
12799,446,510
12800,446,511
12801,446,512
12802,446,513
12803,446,514
12804,446,515
12805,446,516
12806,446,517
12807,446,518
12808,446,519
12809,446,520
12810,446,521
12811,446,522
12812,446,523
12813,446,524
12814,446,525
12815,446,526
12816,446,527
12817,446,528
12818,446,529
12819,446,530
12820,446,531
12821,446,532
12822,446,533
12823,446,534
12824,446,535
12825,446,536
12826,446,537
12827,446,538
12828,446,539
12829,446,540
12830,446,541
12831,446,542
12832,446,543
12833,446,544
12834,446,545
12835,446,546
12836,446,547
12837,446,548
12838,446,549
12839,446,550
12840,446,551
12841,446,552
12842,446,553
12843,446,554
12844,446,555
12845,446,556
12846,446,557
12847,446,558
12848,446,559
12849,446,560
12850,446,561
12851,446,562
12852,446,563
12853,446,564
12854,446,565
12855,446,566
12856,446,567
12857,446,568
12858,446,569
12859,446,570
12860,446,571
12861,447,448
12862,447,449
12863,447,450
12864,447,451
12865,447,452
12866,447,453
12867,447,454
12868,447,455
12869,447,456
12870,447,457
12871,447,458
12872,447,459
12873,447,460
12874,447,461
12875,447,462
12876,447,463
12877,447,464
12878,447,465
12879,447,466
12880,447,467
12881,447,468
12882,447,469
12883,447,470
12884,447,471
12885,447,472
12886,447,473
12887,447,474
12888,447,475
12889,447,476
12890,447,477
12891,447,478
12892,447,479
12893,447,480
12894,447,481
12895,447,482
12896,447,483
12897,447,484
12898,447,485
12899,447,486
12900,447,487
12901,447,488
12902,447,489
12903,447,490
12904,447,491
12905,447,492
12906,447,493
12907,447,494
12908,447,495
12909,447,496
12910,447,497
12911,447,498
12912,447,499
12913,447,500
12914,447,501
12915,447,502
12916,447,503
12917,447,504
12918,447,505
12919,447,506
12920,447,507
12921,447,508
12922,447,509
12923,447,510
12924,447,511
12925,447,512
12926,447,513
12927,447,514
12928,447,515
12929,447,516
12930,447,517
12931,447,518
12932,447,519
12933,447,520
12934,447,521
12935,447,522
12936,447,523
12937,447,524
12938,447,525
12939,447,526
12940,447,527
12941,447,528
12942,447,529
12943,447,530
12944,447,531
12945,447,532
12946,447,533
12947,447,534
12948,447,535
12949,447,536
12950,447,537
12951,447,538
12952,447,539
12953,447,540
12954,447,541
12955,447,542
12956,447,543
12957,447,544
12958,447,545
12959,447,546
12960,447,547
12961,447,548
12962,447,549
12963,447,550
12964,447,551
12965,447,552
12966,447,553
12967,447,554
12968,447,555
12969,447,556
12970,447,557
12971,447,558
12972,447,559
12973,447,560
12974,447,561
12975,447,562
12976,447,563
12977,447,564
12978,447,565
12979,447,566
12980,447,567
12981,447,568
12982,447,569
12983,447,570
12984,447,571
12985,448,448
12986,448,449
12987,448,450
12988,448,451
12989,448,452
12990,448,453
12991,448,454
12992,448,455
12993,448,456
12994,448,457
12995,448,458
12996,448,459
12997,448,460
12998,448,461
12999,448,462
13000,448,463
13001,448,464
13002,448,465
13003,448,466
13004,448,467
13005,448,468
13006,448,469
13007,448,470
13008,448,471
13009,448,472
13010,448,473
13011,448,474
13012,448,475
13013,448,476
13014,448,477
13015,448,478
13016,448,479
13017,448,480
13018,448,481
13019,448,482
13020,448,483
13021,448,484
13022,448,485
13023,448,486
13024,448,487
13025,448,488
13026,448,489
13027,448,490
13028,448,491
13029,448,492
13030,448,493
13031,448,494
13032,448,495
13033,448,496
13034,448,497
13035,448,498
13036,448,499
13037,448,500
13038,448,501
13039,448,502
13040,448,503
13041,448,504
13042,448,505
13043,448,506
13044,448,507
13045,448,508
13046,448,509
13047,448,510
13048,448,511
13049,448,512
13050,448,513
13051,448,514
13052,448,515
13053,448,516
13054,448,517
13055,448,518
13056,448,519
13057,448,520
13058,448,521
13059,448,522
13060,448,523
13061,448,524
13062,448,525
13063,448,526
13064,448,527
13065,448,528
13066,448,529
13067,448,530
13068,448,531
13069,448,532
13070,448,533
13071,448,534
13072,448,535
13073,448,536
13074,448,537
13075,448,538
13076,448,539
13077,448,540
13078,448,541
13079,448,542
13080,448,543
13081,448,544
13082,448,545
13083,448,546
13084,448,547
13085,448,548
13086,448,549
13087,448,550
13088,448,551
13089,448,552
13090,448,553
13091,448,554
13092,448,555
13093,448,556
13094,448,557
13095,448,558
13096,448,559
13097,448,560
13098,448,561
13099,448,562
13100,448,563
13101,448,564
13102,448,565
13103,448,566
13104,448,567
13105,448,568
13106,448,569
13107,448,570
13108,448,571
13109,449,449
13110,449,450
13111,449,451
13112,449,452
13113,449,453
13114,449,454
13115,449,455
13116,449,456
13117,449,457
13118,449,458
13119,449,459
13120,449,460
13121,449,461
13122,449,462
13123,449,463
13124,449,464
13125,449,465
13126,449,466
13127,449,467
13128,449,468
13129,449,469
13130,449,470
13131,449,471
13132,449,472
13133,449,473
13134,449,474
13135,449,475
13136,449,476
13137,449,477
13138,449,478
13139,449,479
13140,449,480
13141,449,481
13142,449,482
13143,449,483
13144,449,484
13145,449,485
13146,449,486
13147,449,487
13148,449,488
13149,449,489
13150,449,490
13151,449,491
13152,449,492
13153,449,493
13154,449,494
13155,449,495
13156,449,496
13157,449,497
13158,449,498
13159,449,499
13160,449,500
13161,449,501
13162,449,502
13163,449,503
13164,449,504
13165,449,505
13166,449,506
13167,449,507
13168,449,508
13169,449,509
13170,449,510
13171,449,511
13172,449,512
13173,449,513
13174,449,514
13175,449,515
13176,449,516
13177,449,517
13178,449,518
13179,449,519
13180,449,520
13181,449,521
13182,449,522
13183,449,523
13184,449,524
13185,449,525
13186,449,526
13187,449,527
13188,449,528
13189,449,529
13190,449,530
13191,449,531
13192,449,532
13193,449,533
13194,449,534
13195,449,535
13196,449,536
13197,449,537
13198,449,538
13199,449,539
13200,449,540
13201,449,541
13202,449,542
13203,449,543
13204,449,544
13205,449,545
13206,449,546
13207,449,547
13208,449,548
13209,449,549
13210,449,550
13211,449,551
13212,449,552
13213,449,553
13214,449,554
13215,449,555
13216,449,556
13217,449,557
13218,449,558
13219,449,559
13220,449,560
13221,449,561
13222,449,562
13223,449,563
13224,449,564
13225,449,565
13226,449,566
13227,449,567
13228,449,568
13229,449,569
13230,449,570
13231,449,571
13232,450,449
13233,450,450
13234,450,451
13235,450,452
13236,450,453
13237,450,454
13238,450,455
13239,450,456
13240,450,457
13241,450,458
13242,450,459
13243,450,460
13244,450,461
13245,450,462
13246,450,463
13247,450,464
13248,450,465
13249,450,466
13250,450,467
13251,450,468
13252,450,469
13253,450,470
13254,450,471
13255,450,472
13256,450,473
13257,450,474
13258,450,475
13259,450,476
13260,450,477
13261,450,478
13262,450,479
13263,450,480
13264,450,481
13265,450,482
13266,450,483
13267,450,484
13268,450,485
13269,450,486
13270,450,487
13271,450,488
13272,450,489
13273,450,490
13274,450,491
13275,450,492
13276,450,493
13277,450,494
13278,450,495
13279,450,496
13280,450,497
13281,450,498
13282,450,499
13283,450,500
13284,450,501
13285,450,502
13286,450,503
13287,450,504
13288,450,505
13289,450,506
13290,450,507
13291,450,508
13292,450,509
13293,450,510
13294,450,511
13295,450,512
13296,450,513
13297,450,514
13298,450,515
13299,450,516
13300,450,517
13301,450,518
13302,450,519
13303,450,520
13304,450,521
13305,450,522
13306,450,523
13307,450,524
13308,450,525
13309,450,526
13310,450,527
13311,450,528
13312,450,529
13313,450,530
13314,450,531
13315,450,532
13316,450,533
13317,450,534
13318,450,535
13319,450,536
13320,450,537
13321,450,538
13322,450,539
13323,450,540
13324,450,541
13325,450,542
13326,450,543
13327,450,544
13328,450,545
13329,450,546
13330,450,547
13331,450,548
13332,450,549
13333,450,550
13334,450,551
13335,450,552
13336,450,553
13337,450,554
13338,450,555
13339,450,556
13340,450,557
13341,450,558
13342,450,559
13343,450,560
13344,450,561
13345,450,562
13346,450,563
13347,450,564
13348,450,565
13349,450,566
13350,450,567
13351,450,568
13352,450,569
13353,450,570
13354,450,571
13355,450,572
13356,451,449
13357,451,450
13358,451,451
13359,451,452
13360,451,453
13361,451,454
13362,451,455
13363,451,456
13364,451,457
13365,451,458
13366,451,459
13367,451,460
13368,451,461
13369,451,462
13370,451,463
13371,451,464
13372,451,465
13373,451,466
13374,451,467
13375,451,468
13376,451,469
13377,451,470
13378,451,471
13379,451,472
13380,451,473
13381,451,474
13382,451,475
13383,451,476
13384,451,477
13385,451,478
13386,451,479
13387,451,480
13388,451,481
13389,451,482
13390,451,483
13391,451,484
13392,451,485
13393,451,486
13394,451,487
13395,451,488
13396,451,489
13397,451,490
13398,451,491
13399,451,492
13400,451,493
13401,451,494
13402,451,495
13403,451,496
13404,451,497
13405,451,498
13406,451,499
13407,451,500
13408,451,501
13409,451,502
13410,451,503
13411,451,504
13412,451,505
13413,451,506
13414,451,507
13415,451,508
13416,451,509
13417,451,510
13418,451,511
13419,451,512
13420,451,513
13421,451,514
13422,451,515
13423,451,516
13424,451,517
13425,451,518
13426,451,519
13427,451,520
13428,451,521
13429,451,522
13430,451,523
13431,451,524
13432,451,525
13433,451,526
13434,451,527
13435,451,528
13436,451,529
13437,451,530
13438,451,531
13439,451,532
13440,451,533
13441,451,534
13442,451,535
13443,451,536
13444,451,537
13445,451,538
13446,451,539
13447,451,540
13448,451,541
13449,451,542
13450,451,543
13451,451,544
13452,451,545
13453,451,546
13454,451,547
13455,451,548
13456,451,549
13457,451,550
13458,451,551
13459,451,552
13460,451,553
13461,451,554
13462,451,555
13463,451,556
13464,451,557
13465,451,558
13466,451,559
13467,451,560
13468,451,561
13469,451,562
13470,451,563
13471,451,564
13472,451,565
13473,451,566
13474,451,567
13475,451,568
13476,451,569
13477,451,570
13478,451,571
13479,451,572
13480,452,450
13481,452,451
13482,452,452
13483,452,453
13484,452,454
13485,452,455
13486,452,456
13487,452,457
13488,452,458
13489,452,459
13490,452,460
13491,452,461
13492,452,462
13493,452,463
13494,452,464
13495,452,465
13496,452,466
13497,452,467
13498,452,468
13499,452,469
13500,452,470
13501,452,471
13502,452,472
13503,452,473
13504,452,474
13505,452,475
13506,452,476
13507,452,477
13508,452,478
13509,452,479
13510,452,480
13511,452,481
13512,452,482
13513,452,483
13514,452,484
13515,452,485
13516,452,486
13517,452,487
13518,452,488
13519,452,489
13520,452,490
13521,452,491
13522,452,492
13523,452,493
13524,452,494
13525,452,495
13526,452,496
13527,452,497
13528,452,498
13529,452,499
13530,452,500
13531,452,501
13532,452,502
13533,452,503
13534,452,504
13535,452,505
13536,452,506
13537,452,507
13538,452,508
13539,452,509
13540,452,510
13541,452,511
13542,452,512
13543,452,513
13544,452,514
13545,452,515
13546,452,516
13547,452,517
13548,452,518
13549,452,519
13550,452,520
13551,452,521
13552,452,522
13553,452,523
13554,452,524
13555,452,525
13556,452,526
13557,452,527
13558,452,528
13559,452,529
13560,452,530
13561,452,531
13562,452,532
13563,452,533
13564,452,534
13565,452,535
13566,452,536
13567,452,537
13568,452,538
13569,452,539
13570,452,540
13571,452,541
13572,452,542
13573,452,543
13574,452,544
13575,452,545
13576,452,546
13577,452,547
13578,452,548
13579,452,549
13580,452,550
13581,452,551
13582,452,552
13583,452,553
13584,452,554
13585,452,555
13586,452,556
13587,452,557
13588,452,558
13589,452,559
13590,452,560
13591,452,561
13592,452,562
13593,452,563
13594,452,564
13595,452,565
13596,452,566
13597,452,567
13598,452,568
13599,452,569
13600,452,570
13601,452,571
13602,452,572
13603,453,450
13604,453,451
13605,453,452
13606,453,453
13607,453,454
13608,453,455
13609,453,456
13610,453,457
13611,453,458
13612,453,459
13613,453,460
13614,453,461
13615,453,462
13616,453,463
13617,453,464
13618,453,465
13619,453,466
13620,453,467
13621,453,468
13622,453,469
13623,453,470
13624,453,471
13625,453,472
13626,453,473
13627,453,474
13628,453,475
13629,453,476
13630,453,477
13631,453,478
13632,453,479
13633,453,480
13634,453,481
13635,453,482
13636,453,483
13637,453,484
13638,453,485
13639,453,486
13640,453,487
13641,453,488
13642,453,489
13643,453,490
13644,453,491
13645,453,492
13646,453,493
13647,453,494
13648,453,495
13649,453,496
13650,453,497
13651,453,498
13652,453,499
13653,453,500
13654,453,501
13655,453,502
13656,453,503
13657,453,504
13658,453,505
13659,453,506
13660,453,507
13661,453,508
13662,453,509
13663,453,510
13664,453,511
13665,453,512
13666,453,513
13667,453,514
13668,453,515
13669,453,516
13670,453,517
13671,453,518
13672,453,519
13673,453,520
13674,453,521
13675,453,522
13676,453,523
13677,453,524
13678,453,525
13679,453,526
13680,453,527
13681,453,528
13682,453,529
13683,453,530
13684,453,531
13685,453,532
13686,453,533
13687,453,534
13688,453,535
13689,453,536
13690,453,537
13691,453,538
13692,453,539
13693,453,540
13694,453,541
13695,453,542
13696,453,543
13697,453,544
13698,453,545
13699,453,546
13700,453,547
13701,453,548
13702,453,549
13703,453,550
13704,453,551
13705,453,552
13706,453,553
13707,453,554
13708,453,555
13709,453,556
13710,453,557
13711,453,558
13712,453,559
13713,453,560
13714,453,561
13715,453,562
13716,453,563
13717,453,564
13718,453,565
13719,453,566
13720,453,567
13721,453,568
13722,453,569
13723,453,570
13724,453,571
13725,454,451
13726,454,452
13727,454,453
13728,454,454
13729,454,455
13730,454,456
13731,454,457
13732,454,458
13733,454,459
13734,454,460
13735,454,461
13736,454,462
13737,454,463
13738,454,464
13739,454,465
13740,454,466
13741,454,467
13742,454,468
13743,454,469
13744,454,470
13745,454,471
13746,454,472
13747,454,473
13748,454,474
13749,454,475
13750,454,476
13751,454,477
13752,454,478
13753,454,479
13754,454,480
13755,454,481
13756,454,482
13757,454,483
13758,454,484
13759,454,485
13760,454,486
13761,454,487
13762,454,488
13763,454,489
13764,454,490
13765,454,491
13766,454,492
13767,454,493
13768,454,494
13769,454,495
13770,454,496
13771,454,497
13772,454,498
13773,454,499
13774,454,500
13775,454,501
13776,454,502
13777,454,503
13778,454,504
13779,454,505
13780,454,506
13781,454,507
13782,454,508
13783,454,509
13784,454,510
13785,454,511
13786,454,512
13787,454,513
13788,454,514
13789,454,515
13790,454,516
13791,454,517
13792,454,518
13793,454,519
13794,454,520
13795,454,521
13796,454,522
13797,454,523
13798,454,524
13799,454,525
13800,454,526
13801,454,527
13802,454,528
13803,454,529
13804,454,530
13805,454,531
13806,454,532
13807,454,533
13808,454,534
13809,454,535
13810,454,537
13811,454,538
13812,454,539
13813,454,540
13814,454,541
13815,454,542
13816,454,543
13817,454,544
13818,454,545
13819,454,546
13820,454,547
13821,454,548
13822,454,549
13823,454,550
13824,454,551
13825,454,552
13826,454,553
13827,454,554
13828,454,555
13829,454,556
13830,454,557
13831,454,558
13832,454,559
13833,454,560
13834,454,561
13835,454,562
13836,454,563
13837,454,564
13838,454,565
13839,454,566
13840,454,567
13841,454,568
13842,454,569
13843,454,570
13844,455,451
13845,455,452
13846,455,453
13847,455,454
13848,455,455
13849,455,456
13850,455,457
13851,455,458
13852,455,459
13853,455,460
13854,455,461
13855,455,462
13856,455,463
13857,455,464
13858,455,465
13859,455,466
13860,455,467
13861,455,468
13862,455,469
13863,455,470
13864,455,471
13865,455,472
13866,455,473
13867,455,474
13868,455,475
13869,455,476
13870,455,477
13871,455,478
13872,455,479
13873,455,480
13874,455,481
13875,455,482
13876,455,483
13877,455,484
13878,455,485
13879,455,486
13880,455,487
13881,455,488
13882,455,489
13883,455,490
13884,455,491
13885,455,492
13886,455,493
13887,455,494
13888,455,495
13889,455,496
13890,455,497
13891,455,498
13892,455,499
13893,455,500
13894,455,501
13895,455,502
13896,455,503
13897,455,504
13898,455,505
13899,455,506
13900,455,507
13901,455,508
13902,455,509
13903,455,510
13904,455,511
13905,455,512
13906,455,513
13907,455,514
13908,455,515
13909,455,516
13910,455,517
13911,455,518
13912,455,519
13913,455,520
13914,455,521
13915,455,522
13916,455,523
13917,455,524
13918,455,525
13919,455,526
13920,455,527
13921,455,528
13922,455,529
13923,455,530
13924,455,531
13925,455,532
13926,455,533
13927,455,534
13928,455,535
13929,455,537
13930,455,538
13931,455,539
13932,455,540
13933,455,541
13934,455,542
13935,455,543
13936,455,544
13937,455,545
13938,455,546
13939,455,547
13940,455,548
13941,455,549
13942,455,550
13943,455,551
13944,455,552
13945,455,553
13946,455,554
13947,455,555
13948,455,556
13949,455,557
13950,455,558
13951,455,559
13952,455,560
13953,455,561
13954,455,562
13955,455,563
13956,455,564
13957,455,565
13958,455,566
13959,455,567
13960,455,568
13961,455,569
13962,455,570
13963,456,452
13964,456,453
13965,456,454
13966,456,455
13967,456,456
13968,456,457
13969,456,458
13970,456,459
13971,456,460
13972,456,461
13973,456,462
13974,456,463
13975,456,464
13976,456,465
13977,456,466
13978,456,467
13979,456,468
13980,456,469
13981,456,470
13982,456,471
13983,456,472
13984,456,473
13985,456,474
13986,456,475
13987,456,476
13988,456,477
13989,456,478
13990,456,479
13991,456,480
13992,456,481
13993,456,482
13994,456,483
13995,456,484
13996,456,485
13997,456,486
13998,456,487
13999,456,488
14000,456,489
14001,456,490
14002,456,491
14003,456,492
14004,456,493
14005,456,494
14006,456,495
14007,456,496
14008,456,497
14009,456,498
14010,456,499
14011,456,500
14012,456,501
14013,456,502
14014,456,503
14015,456,504
14016,456,505
14017,456,506
14018,456,507
14019,456,508
14020,456,509
14021,456,510
14022,456,511
14023,456,512
14024,456,513
14025,456,514
14026,456,515
14027,456,516
14028,456,517
14029,456,518
14030,456,519
14031,456,520
14032,456,521
14033,456,522
14034,456,523
14035,456,524
14036,456,525
14037,456,526
14038,456,527
14039,456,528
14040,456,529
14041,456,530
14042,456,531
14043,456,532
14044,456,533
14045,456,534
14046,456,535
14047,456,536
14048,456,537
14049,456,538
14050,456,539
14051,456,540
14052,456,541
14053,456,542
14054,456,543
14055,456,544
14056,456,545
14057,456,546
14058,456,547
14059,456,548
14060,456,549
14061,456,550
14062,456,551
14063,456,552
14064,456,553
14065,456,554
14066,456,555
14067,456,556
14068,456,557
14069,456,558
14070,456,559
14071,456,560
14072,456,561
14073,456,562
14074,456,563
14075,456,564
14076,456,565
14077,456,566
14078,456,567
14079,456,568
14080,456,569
14081,456,570
14082,457,453
14083,457,454
14084,457,455
14085,457,456
14086,457,457
14087,457,458
14088,457,459
14089,457,460
14090,457,461
14091,457,462
14092,457,463
14093,457,464
14094,457,465
14095,457,466
14096,457,467
14097,457,468
14098,457,469
14099,457,470
14100,457,471
14101,457,472
14102,457,473
14103,457,474
14104,457,475
14105,457,476
14106,457,477
14107,457,478
14108,457,479
14109,457,480
14110,457,481
14111,457,482
14112,457,483
14113,457,484
14114,457,485
14115,457,486
14116,457,487
14117,457,488
14118,457,489
14119,457,490
14120,457,491
14121,457,492
14122,457,493
14123,457,494
14124,457,495
14125,457,496
14126,457,497
14127,457,498
14128,457,499
14129,457,500
14130,457,501
14131,457,502
14132,457,503
14133,457,504
14134,457,505
14135,457,506
14136,457,507
14137,457,508
14138,457,509
14139,457,510
14140,457,511
14141,457,512
14142,457,513
14143,457,514
14144,457,515
14145,457,516
14146,457,517
14147,457,518
14148,457,519
14149,457,520
14150,457,521
14151,457,522
14152,457,523
14153,457,524
14154,457,525
14155,457,526
14156,457,527
14157,457,528
14158,457,529
14159,457,530
14160,457,531
14161,457,532
14162,457,533
14163,457,534
14164,457,535
14165,457,536
14166,457,537
14167,457,538
14168,457,539
14169,457,540
14170,457,541
14171,457,542
14172,457,543
14173,457,544
14174,457,545
14175,457,546
14176,457,547
14177,457,548
14178,457,549
14179,457,550
14180,457,551
14181,457,552
14182,457,553
14183,457,554
14184,457,555
14185,457,556
14186,457,557
14187,457,558
14188,457,559
14189,457,560
14190,457,561
14191,457,562
14192,457,563
14193,457,564
14194,457,565
14195,457,566
14196,457,567
14197,457,568
14198,457,569
14199,457,570
14200,458,454
14201,458,455
14202,458,456
14203,458,457
14204,458,458
14205,458,459
14206,458,460
14207,458,461
14208,458,462
14209,458,463
14210,458,464
14211,458,465
14212,458,466
14213,458,467
14214,458,468
14215,458,469
14216,458,470
14217,458,471
14218,458,472
14219,458,473
14220,458,474
14221,458,475
14222,458,476
14223,458,477
14224,458,478
14225,458,479
14226,458,480
14227,458,481
14228,458,482
14229,458,483
14230,458,484
14231,458,485
14232,458,486
14233,458,487
14234,458,488
14235,458,489
14236,458,490
14237,458,491
14238,458,492
14239,458,493
14240,458,494
14241,458,495
14242,458,496
14243,458,497
14244,458,498
14245,458,499
14246,458,500
14247,458,501
14248,458,502
14249,458,503
14250,458,504
14251,458,505
14252,458,506
14253,458,507
14254,458,508
14255,458,509
14256,458,510
14257,458,511
14258,458,512
14259,458,513
14260,458,514
14261,458,515
14262,458,516
14263,458,517
14264,458,518
14265,458,519
14266,458,520
14267,458,521
14268,458,522
14269,458,523
14270,458,524
14271,458,525
14272,458,526
14273,458,527
14274,458,528
14275,458,529
14276,458,530
14277,458,531
14278,458,532
14279,458,533
14280,458,534
14281,458,535
14282,458,536
14283,458,537
14284,458,538
14285,458,539
14286,458,540
14287,458,541
14288,458,542
14289,458,543
14290,458,544
14291,458,545
14292,458,546
14293,458,547
14294,458,548
14295,458,549
14296,458,550
14297,458,551
14298,458,552
14299,458,553
14300,458,554
14301,458,555
14302,458,556
14303,458,557
14304,458,558
14305,458,559
14306,458,560
14307,458,561
14308,458,562
14309,458,563
14310,458,564
14311,458,565
14312,458,566
14313,458,567
14314,458,568
14315,458,569
14316,458,570
14317,459,454
14318,459,455
14319,459,456
14320,459,457
14321,459,458
14322,459,459
14323,459,460
14324,459,461
14325,459,462
14326,459,463
14327,459,464
14328,459,465
14329,459,466
14330,459,467
14331,459,468
14332,459,469
14333,459,470
14334,459,471
14335,459,472
14336,459,473
14337,459,474
14338,459,475
14339,459,476
14340,459,477
14341,459,478
14342,459,479
14343,459,480
14344,459,481
14345,459,482
14346,459,483
14347,459,484
14348,459,485
14349,459,486
14350,459,487
14351,459,488
14352,459,489
14353,459,490
14354,459,491
14355,459,492
14356,459,493
14357,459,494
14358,459,495
14359,459,496
14360,459,497
14361,459,498
14362,459,499
14363,459,500
14364,459,501
14365,459,502
14366,459,503
14367,459,504
14368,459,505
14369,459,506
14370,459,507
14371,459,508
14372,459,509
14373,459,510
14374,459,511
14375,459,512
14376,459,513
14377,459,514
14378,459,515
14379,459,516
14380,459,517
14381,459,518
14382,459,519
14383,459,520
14384,459,521
14385,459,522
14386,459,523
14387,459,524
14388,459,525
14389,459,526
14390,459,527
14391,459,528
14392,459,529
14393,459,530
14394,459,531
14395,459,532
14396,459,533
14397,459,534
14398,459,535
14399,459,536
14400,459,537
14401,459,538
14402,459,539
14403,459,540
14404,459,541
14405,459,542
14406,459,543
14407,459,544
14408,459,545
14409,459,546
14410,459,547
14411,459,548
14412,459,549
14413,459,550
14414,459,551
14415,459,552
14416,459,553
14417,459,554
14418,459,555
14419,459,556
14420,459,557
14421,459,558
14422,459,559
14423,459,560
14424,459,561
14425,459,562
14426,459,563
14427,459,564
14428,459,565
14429,459,566
14430,459,567
14431,459,568
14432,459,569
14433,460,455
14434,460,456
14435,460,457
14436,460,458
14437,460,459
14438,460,460
14439,460,461
14440,460,462
14441,460,463
14442,460,464
14443,460,465
14444,460,466
14445,460,467
14446,460,468
14447,460,469
14448,460,470
14449,460,471
14450,460,472
14451,460,473
14452,460,474
14453,460,475
14454,460,476
14455,460,477
14456,460,478
14457,460,479
14458,460,480
14459,460,481
14460,460,482
14461,460,483
14462,460,484
14463,460,485
14464,460,486
14465,460,487
14466,460,488
14467,460,489
14468,460,490
14469,460,491
14470,460,492
14471,460,493
14472,460,494
14473,460,495
14474,460,496
14475,460,497
14476,460,498
14477,460,499
14478,460,500
14479,460,501
14480,460,502
14481,460,503
14482,460,504
14483,460,505
14484,460,506
14485,460,507
14486,460,508
14487,460,509
14488,460,510
14489,460,511
14490,460,512
14491,460,513
14492,460,514
14493,460,515
14494,460,516
14495,460,517
14496,460,518
14497,460,519
14498,460,520
14499,460,521
14500,460,522
14501,460,523
14502,460,524
14503,460,525
14504,460,526
14505,460,527
14506,460,528
14507,460,529
14508,460,530
14509,460,531
14510,460,532
14511,460,533
14512,460,534
14513,460,535
14514,460,536
14515,460,537
14516,460,538
14517,460,539
14518,460,540
14519,460,541
14520,460,542
14521,460,543
14522,460,544
14523,460,545
14524,460,546
14525,460,547
14526,460,548
14527,460,549
14528,460,550
14529,460,551
14530,460,552
14531,460,553
14532,460,554
14533,460,555
14534,460,556
14535,460,557
14536,460,558
14537,460,559
14538,460,560
14539,460,561
14540,460,562
14541,460,563
14542,460,564
14543,460,565
14544,460,566
14545,460,567
14546,460,568
14547,461,455
14548,461,456
14549,461,457
14550,461,458
14551,461,459
14552,461,460
14553,461,461
14554,461,462
14555,461,463
14556,461,464
14557,461,465
14558,461,466
14559,461,467
14560,461,468
14561,461,469
14562,461,470
14563,461,471
14564,461,472
14565,461,473
14566,461,474
14567,461,475
14568,461,476
14569,461,477
14570,461,478
14571,461,479
14572,461,480
14573,461,481
14574,461,482
14575,461,483
14576,461,484
14577,461,485
14578,461,486
14579,461,487
14580,461,488
14581,461,489
14582,461,490
14583,461,491
14584,461,492
14585,461,493
14586,461,494
14587,461,495
14588,461,496
14589,461,497
14590,461,498
14591,461,499
14592,461,500
14593,461,501
14594,461,502
14595,461,503
14596,461,504
14597,461,505
14598,461,506
14599,461,507
14600,461,508
14601,461,509
14602,461,510
14603,461,511
14604,461,512
14605,461,513
14606,461,514
14607,461,515
14608,461,516
14609,461,517
14610,461,518
14611,461,519
14612,461,520
14613,461,521
14614,461,522
14615,461,523
14616,461,524
14617,461,525
14618,461,526
14619,461,527
14620,461,528
14621,461,529
14622,461,530
14623,461,531
14624,461,532
14625,461,533
14626,461,534
14627,461,535
14628,461,536
14629,461,537
14630,461,538
14631,461,539
14632,461,540
14633,461,541
14634,461,542
14635,461,543
14636,461,544
14637,461,545
14638,461,546
14639,461,547
14640,461,548
14641,461,549
14642,461,550
14643,461,551
14644,461,552
14645,461,553
14646,461,554
14647,461,555
14648,461,556
14649,461,557
14650,461,558
14651,461,559
14652,461,560
14653,461,561
14654,461,562
14655,461,563
14656,461,564
14657,461,565
14658,461,566
14659,461,567
14660,462,456
14661,462,457
14662,462,458
14663,462,459
14664,462,460
14665,462,461
14666,462,462
14667,462,463
14668,462,464
14669,462,465
14670,462,466
14671,462,467
14672,462,468
14673,462,469
14674,462,470
14675,462,471
14676,462,472
14677,462,473
14678,462,474
14679,462,475
14680,462,476
14681,462,477
14682,462,478
14683,462,479
14684,462,480
14685,462,481
14686,462,482
14687,462,483
14688,462,484
14689,462,485
14690,462,486
14691,462,487
14692,462,488
14693,462,489
14694,462,490
14695,462,491
14696,462,492
14697,462,493
14698,462,494
14699,462,495
14700,462,496
14701,462,497
14702,462,498
14703,462,499
14704,462,500
14705,462,501
14706,462,502
14707,462,503
14708,462,504
14709,462,505
14710,462,506
14711,462,507
14712,462,508
14713,462,509
14714,462,510
14715,462,511
14716,462,512
14717,462,513
14718,462,514
14719,462,515
14720,462,516
14721,462,517
14722,462,518
14723,462,519
14724,462,520
14725,462,521
14726,462,522
14727,462,523
14728,462,524
14729,462,525
14730,462,526
14731,462,527
14732,462,528
14733,462,529
14734,462,530
14735,462,531
14736,462,532
14737,462,533
14738,462,534
14739,462,535
14740,462,536
14741,462,537
14742,462,538
14743,462,539
14744,462,540
14745,462,541
14746,462,542
14747,462,543
14748,462,544
14749,462,545
14750,462,546
14751,462,547
14752,462,548
14753,462,549
14754,462,550
14755,462,551
14756,462,552
14757,462,553
14758,462,554
14759,462,555
14760,462,556
14761,462,557
14762,462,558
14763,462,559
14764,462,560
14765,462,561
14766,462,562
14767,462,563
14768,462,564
14769,462,565
14770,462,566
14771,462,567
14772,463,456
14773,463,457
14774,463,458
14775,463,459
14776,463,460
14777,463,461
14778,463,462
14779,463,463
14780,463,464
14781,463,465
14782,463,466
14783,463,467
14784,463,468
14785,463,469
14786,463,470
14787,463,471
14788,463,472
14789,463,473
14790,463,474
14791,463,475
14792,463,476
14793,463,477
14794,463,478
14795,463,479
14796,463,480
14797,463,481
14798,463,482
14799,463,483
14800,463,484
14801,463,485
14802,463,486
14803,463,487
14804,463,488
14805,463,489
14806,463,490
14807,463,491
14808,463,492
14809,463,493
14810,463,494
14811,463,495
14812,463,496
14813,463,497
14814,463,498
14815,463,499
14816,463,500
14817,463,501
14818,463,502
14819,463,503
14820,463,504
14821,463,505
14822,463,506
14823,463,507
14824,463,508
14825,463,509
14826,463,510
14827,463,511
14828,463,512
14829,463,513
14830,463,514
14831,463,515
14832,463,516
14833,463,517
14834,463,518
14835,463,519
14836,463,520
14837,463,521
14838,463,522
14839,463,523
14840,463,524
14841,463,525
14842,463,526
14843,463,527
14844,463,528
14845,463,529
14846,463,530
14847,463,531
14848,463,532
14849,463,533
14850,463,534
14851,463,535
14852,463,536
14853,463,537
14854,463,538
14855,463,539
14856,463,540
14857,463,541
14858,463,542
14859,463,543
14860,463,544
14861,463,545
14862,463,546
14863,463,547
14864,463,548
14865,463,549
14866,463,550
14867,463,551
14868,463,552
14869,463,553
14870,463,554
14871,463,555
14872,463,556
14873,463,557
14874,463,558
14875,463,559
14876,463,560
14877,463,561
14878,463,562
14879,463,563
14880,463,564
14881,463,565
14882,463,566
14883,463,567
14884,464,457
14885,464,458
14886,464,459
14887,464,460
14888,464,461
14889,464,462
14890,464,463
14891,464,464
14892,464,465
14893,464,466
14894,464,467
14895,464,468
14896,464,469
14897,464,470
14898,464,471
14899,464,472
14900,464,473
14901,464,474
14902,464,475
14903,464,476
14904,464,477
14905,464,478
14906,464,479
14907,464,480
14908,464,481
14909,464,482
14910,464,483
14911,464,484
14912,464,485
14913,464,486
14914,464,487
14915,464,488
14916,464,489
14917,464,490
14918,464,491
14919,464,492
14920,464,493
14921,464,494
14922,464,495
14923,464,496
14924,464,497
14925,464,498
14926,464,499
14927,464,500
14928,464,501
14929,464,502
14930,464,503
14931,464,504
14932,464,505
14933,464,506
14934,464,507
14935,464,508
14936,464,509
14937,464,510
14938,464,511
14939,464,512
14940,464,513
14941,464,514
14942,464,515
14943,464,516
14944,464,517
14945,464,518
14946,464,519
14947,464,520
14948,464,521
14949,464,522
14950,464,523
14951,464,524
14952,464,525
14953,464,526
14954,464,527
14955,464,528
14956,464,529
14957,464,530
14958,464,531
14959,464,532
14960,464,533
14961,464,534
14962,464,535
14963,464,536
14964,464,537
14965,464,538
14966,464,539
14967,464,540
14968,464,541
14969,464,542
14970,464,543
14971,464,544
14972,464,545
14973,464,546
14974,464,547
14975,464,548
14976,464,549
14977,464,550
14978,464,551
14979,464,552
14980,464,553
14981,464,554
14982,464,555
14983,464,556
14984,464,557
14985,464,558
14986,464,559
14987,464,560
14988,464,561
14989,464,562
14990,464,563
14991,464,564
14992,464,565
14993,464,566
14994,464,567
14995,465,457
14996,465,458
14997,465,459
14998,465,460
14999,465,461
15000,465,462
15001,465,463
15002,465,464
15003,465,465
15004,465,466
15005,465,467
15006,465,468
15007,465,469
15008,465,470
15009,465,471
15010,465,472
15011,465,473
15012,465,474
15013,465,475
15014,465,476
15015,465,477
15016,465,478
15017,465,479
15018,465,480
15019,465,481
15020,465,482
15021,465,483
15022,465,484
15023,465,485
15024,465,486
15025,465,487
15026,465,488
15027,465,489
15028,465,490
15029,465,491
15030,465,492
15031,465,493
15032,465,494
15033,465,495
15034,465,496
15035,465,497
15036,465,498
15037,465,499
15038,465,500
15039,465,501
15040,465,502
15041,465,503
15042,465,504
15043,465,505
15044,465,506
15045,465,507
15046,465,508
15047,465,509
15048,465,510
15049,465,511
15050,465,512
15051,465,513
15052,465,514
15053,465,515
15054,465,516
15055,465,517
15056,465,518
15057,465,519
15058,465,520
15059,465,521
15060,465,522
15061,465,523
15062,465,524
15063,465,525
15064,465,526
15065,465,527
15066,465,528
15067,465,529
15068,465,530
15069,465,531
15070,465,532
15071,465,533
15072,465,534
15073,465,535
15074,465,536
15075,465,537
15076,465,538
15077,465,539
15078,465,540
15079,465,541
15080,465,542
15081,465,543
15082,465,544
15083,465,545
15084,465,546
15085,465,547
15086,465,548
15087,465,549
15088,465,550
15089,465,551
15090,465,552
15091,465,553
15092,465,554
15093,465,555
15094,465,556
15095,465,557
15096,465,558
15097,465,559
15098,465,560
15099,465,561
15100,465,562
15101,465,563
15102,465,564
15103,465,565
15104,465,566
15105,465,567
15106,466,458
15107,466,459
15108,466,460
15109,466,461
15110,466,462
15111,466,463
15112,466,464
15113,466,465
15114,466,466
15115,466,467
15116,466,468
15117,466,469
15118,466,470
15119,466,471
15120,466,472
15121,466,473
15122,466,474
15123,466,475
15124,466,476
15125,466,477
15126,466,478
15127,466,479
15128,466,480
15129,466,481
15130,466,482
15131,466,483
15132,466,484
15133,466,485
15134,466,486
15135,466,487
15136,466,488
15137,466,489
15138,466,490
15139,466,491
15140,466,492
15141,466,493
15142,466,494
15143,466,495
15144,466,496
15145,466,497
15146,466,498
15147,466,499
15148,466,500
15149,466,501
15150,466,502
15151,466,503
15152,466,504
15153,466,505
15154,466,506
15155,466,507
15156,466,508
15157,466,509
15158,466,510
15159,466,511
15160,466,512
15161,466,513
15162,466,514
15163,466,515
15164,466,516
15165,466,517
15166,466,518
15167,466,519
15168,466,520
15169,466,521
15170,466,522
15171,466,523
15172,466,524
15173,466,525
15174,466,526
15175,466,527
15176,466,528
15177,466,529
15178,466,530
15179,466,531
15180,466,532
15181,466,533
15182,466,534
15183,466,535
15184,466,536
15185,466,537
15186,466,538
15187,466,539
15188,466,540
15189,466,541
15190,466,542
15191,466,543
15192,466,544
15193,466,545
15194,466,546
15195,466,547
15196,466,548
15197,466,549
15198,466,550
15199,466,551
15200,466,552
15201,466,553
15202,466,554
15203,466,555
15204,466,556
15205,466,557
15206,466,558
15207,466,559
15208,466,560
15209,466,561
15210,466,562
15211,466,563
15212,466,564
15213,466,565
15214,466,566
15215,467,458
15216,467,459
15217,467,460
15218,467,461
15219,467,462
15220,467,463
15221,467,464
15222,467,465
15223,467,466
15224,467,467
15225,467,468
15226,467,469
15227,467,470
15228,467,471
15229,467,472
15230,467,473
15231,467,474
15232,467,475
15233,467,476
15234,467,477
15235,467,478
15236,467,479
15237,467,480
15238,467,481
15239,467,482
15240,467,483
15241,467,484
15242,467,485
15243,467,486
15244,467,487
15245,467,488
15246,467,489
15247,467,490
15248,467,491
15249,467,492
15250,467,493
15251,467,494
15252,467,495
15253,467,496
15254,467,497
15255,467,498
15256,467,499
15257,467,500
15258,467,501
15259,467,502
15260,467,503
15261,467,504
15262,467,505
15263,467,506
15264,467,507
15265,467,508
15266,467,509
15267,467,510
15268,467,511
15269,467,512
15270,467,513
15271,467,514
15272,467,515
15273,467,516
15274,467,517
15275,467,518
15276,467,519
15277,467,520
15278,467,521
15279,467,522
15280,467,523
15281,467,524
15282,467,525
15283,467,526
15284,467,527
15285,467,528
15286,467,529
15287,467,530
15288,467,531
15289,467,532
15290,467,533
15291,467,534
15292,467,535
15293,467,536
15294,467,537
15295,467,538
15296,467,539
15297,467,540
15298,467,541
15299,467,542
15300,467,543
15301,467,544
15302,467,545
15303,467,546
15304,467,547
15305,467,548
15306,467,549
15307,467,550
15308,467,551
15309,467,552
15310,467,553
15311,467,554
15312,467,555
15313,467,556
15314,467,557
15315,467,558
15316,467,559
15317,467,560
15318,467,561
15319,467,562
15320,467,563
15321,467,564
15322,467,565
15323,468,458
15324,468,459
15325,468,460
15326,468,461
15327,468,462
15328,468,463
15329,468,464
15330,468,465
15331,468,466
15332,468,467
15333,468,468
15334,468,469
15335,468,470
15336,468,471
15337,468,472
15338,468,473
15339,468,474
15340,468,475
15341,468,476
15342,468,477
15343,468,478
15344,468,479
15345,468,480
15346,468,481
15347,468,482
15348,468,483
15349,468,484
15350,468,485
15351,468,486
15352,468,487
15353,468,488
15354,468,489
15355,468,490
15356,468,491
15357,468,492
15358,468,493
15359,468,494
15360,468,495
15361,468,496
15362,468,497
15363,468,498
15364,468,499
15365,468,500
15366,468,501
15367,468,502
15368,468,503
15369,468,504
15370,468,505
15371,468,506
15372,468,507
15373,468,508
15374,468,509
15375,468,510
15376,468,511
15377,468,512
15378,468,513
15379,468,514
15380,468,515
15381,468,516
15382,468,517
15383,468,518
15384,468,519
15385,468,520
15386,468,521
15387,468,522
15388,468,523
15389,468,524
15390,468,525
15391,468,526
15392,468,527
15393,468,528
15394,468,529
15395,468,530
15396,468,531
15397,468,532
15398,468,533
15399,468,534
15400,468,535
15401,468,536
15402,468,537
15403,468,538
15404,468,539
15405,468,540
15406,468,541
15407,468,542
15408,468,543
15409,468,544
15410,468,545
15411,468,546
15412,468,547
15413,468,548
15414,468,549
15415,468,550
15416,468,551
15417,468,552
15418,468,553
15419,468,554
15420,468,555
15421,468,556
15422,468,557
15423,468,558
15424,468,559
15425,468,560
15426,468,561
15427,468,562
15428,468,563
15429,468,564
15430,469,459
15431,469,460
15432,469,461
15433,469,462
15434,469,463
15435,469,464
15436,469,465
15437,469,466
15438,469,467
15439,469,468
15440,469,469
15441,469,470
15442,469,471
15443,469,472
15444,469,473
15445,469,474
15446,469,475
15447,469,476
15448,469,477
15449,469,478
15450,469,479
15451,469,480
15452,469,481
15453,469,482
15454,469,483
15455,469,484
15456,469,485
15457,469,486
15458,469,487
15459,469,488
15460,469,489
15461,469,490
15462,469,491
15463,469,492
15464,469,493
15465,469,494
15466,469,495
15467,469,496
15468,469,497
15469,469,498
15470,469,499
15471,469,500
15472,469,501
15473,469,502
15474,469,503
15475,469,504
15476,469,505
15477,469,506
15478,469,507
15479,469,508
15480,469,509
15481,469,510
15482,469,511
15483,469,512
15484,469,513
15485,469,514
15486,469,515
15487,469,516
15488,469,517
15489,469,518
15490,469,519
15491,469,520
15492,469,521
15493,469,522
15494,469,523
15495,469,524
15496,469,525
15497,469,526
15498,469,527
15499,469,528
15500,469,529
15501,469,530
15502,469,531
15503,469,532
15504,469,533
15505,469,534
15506,469,535
15507,469,536
15508,469,537
15509,469,538
15510,469,539
15511,469,540
15512,469,541
15513,469,542
15514,469,543
15515,469,544
15516,469,545
15517,469,546
15518,469,547
15519,469,548
15520,469,549
15521,469,550
15522,469,551
15523,469,552
15524,469,553
15525,469,554
15526,469,555
15527,469,556
15528,469,557
15529,469,558
15530,469,559
15531,469,560
15532,469,561
15533,469,562
15534,469,563
15535,469,564
15536,470,459
15537,470,460
15538,470,461
15539,470,462
15540,470,463
15541,470,464
15542,470,465
15543,470,466
15544,470,467
15545,470,468
15546,470,469
15547,470,470
15548,470,471
15549,470,472
15550,470,473
15551,470,474
15552,470,475
15553,470,476
15554,470,477
15555,470,478
15556,470,479
15557,470,480
15558,470,481
15559,470,482
15560,470,483
15561,470,484
15562,470,485
15563,470,486
15564,470,487
15565,470,488
15566,470,489
15567,470,490
15568,470,491
15569,470,492
15570,470,493
15571,470,494
15572,470,495
15573,470,496
15574,470,497
15575,470,498
15576,470,499
15577,470,500
15578,470,501
15579,470,502
15580,470,503
15581,470,504
15582,470,505
15583,470,506
15584,470,507
15585,470,508
15586,470,509
15587,470,510
15588,470,511
15589,470,512
15590,470,513
15591,470,514
15592,470,515
15593,470,516
15594,470,517
15595,470,518
15596,470,519
15597,470,520
15598,470,521
15599,470,522
15600,470,523
15601,470,524
15602,470,525
15603,470,526
15604,470,527
15605,470,528
15606,470,529
15607,470,530
15608,470,531
15609,470,532
15610,470,533
15611,470,534
15612,470,535
15613,470,536
15614,470,537
15615,470,538
15616,470,539
15617,470,540
15618,470,541
15619,470,542
15620,470,543
15621,470,544
15622,470,545
15623,470,546
15624,470,547
15625,470,548
15626,470,549
15627,470,550
15628,470,551
15629,470,552
15630,470,553
15631,470,554
15632,470,555
15633,470,556
15634,470,557
15635,470,558
15636,470,559
15637,470,560
15638,470,561
15639,470,562
15640,470,563
15641,471,460
15642,471,461
15643,471,462
15644,471,463
15645,471,464
15646,471,465
15647,471,466
15648,471,467
15649,471,468
15650,471,469
15651,471,470
15652,471,471
15653,471,472
15654,471,473
15655,471,474
15656,471,475
15657,471,476
15658,471,477
15659,471,478
15660,471,479
15661,471,480
15662,471,481
15663,471,482
15664,471,483
15665,471,484
15666,471,485
15667,471,486
15668,471,487
15669,471,488
15670,471,489
15671,471,490
15672,471,491
15673,471,492
15674,471,493
15675,471,494
15676,471,495
15677,471,496
15678,471,497
15679,471,498
15680,471,499
15681,471,500
15682,471,501
15683,471,502
15684,471,503
15685,471,504
15686,471,505
15687,471,506
15688,471,507
15689,471,508
15690,471,509
15691,471,510
15692,471,511
15693,471,512
15694,471,513
15695,471,514
15696,471,515
15697,471,516
15698,471,517
15699,471,518
15700,471,519
15701,471,520
15702,471,521
15703,471,522
15704,471,523
15705,471,524
15706,471,525
15707,471,526
15708,471,527
15709,471,528
15710,471,529
15711,471,530
15712,471,531
15713,471,532
15714,471,533
15715,471,534
15716,471,535
15717,471,536
15718,471,537
15719,471,538
15720,471,539
15721,471,540
15722,471,541
15723,471,542
15724,471,543
15725,471,544
15726,471,545
15727,471,546
15728,471,547
15729,471,548
15730,471,549
15731,471,550
15732,471,551
15733,471,552
15734,471,553
15735,471,554
15736,471,555
15737,471,556
15738,471,557
15739,471,558
15740,471,559
15741,471,560
15742,471,561
15743,471,562
15744,472,461
15745,472,462
15746,472,463
15747,472,464
15748,472,465
15749,472,466
15750,472,467
15751,472,468
15752,472,469
15753,472,470
15754,472,471
15755,472,472
15756,472,473
15757,472,474
15758,472,475
15759,472,476
15760,472,477
15761,472,478
15762,472,479
15763,472,480
15764,472,481
15765,472,482
15766,472,483
15767,472,484
15768,472,485
15769,472,486
15770,472,487
15771,472,488
15772,472,489
15773,472,490
15774,472,491
15775,472,492
15776,472,493
15777,472,494
15778,472,495
15779,472,496
15780,472,497
15781,472,498
15782,472,499
15783,472,500
15784,472,501
15785,472,502
15786,472,503
15787,472,504
15788,472,505
15789,472,506
15790,472,507
15791,472,508
15792,472,509
15793,472,510
15794,472,511
15795,472,512
15796,472,513
15797,472,514
15798,472,515
15799,472,516
15800,472,517
15801,472,518
15802,472,519
15803,472,520
15804,472,521
15805,472,522
15806,472,523
15807,472,524
15808,472,525
15809,472,526
15810,472,527
15811,472,528
15812,472,529
15813,472,530
15814,472,531
15815,472,532
15816,472,533
15817,472,534
15818,472,535
15819,472,536
15820,472,537
15821,472,538
15822,472,539
15823,472,540
15824,472,541
15825,472,542
15826,472,543
15827,472,544
15828,472,545
15829,472,546
15830,472,547
15831,472,548
15832,472,549
15833,472,550
15834,472,551
15835,472,552
15836,472,553
15837,472,554
15838,472,555
15839,472,556
15840,472,557
15841,472,558
15842,472,559
15843,472,560
15844,472,561
15845,473,463
15846,473,464
15847,473,465
15848,473,466
15849,473,467
15850,473,468
15851,473,469
15852,473,470
15853,473,471
15854,473,472
15855,473,473
15856,473,474
15857,473,475
15858,473,476
15859,473,477
15860,473,478
15861,473,479
15862,473,480
15863,473,481
15864,473,482
15865,473,483
15866,473,484
15867,473,485
15868,473,486
15869,473,487
15870,473,488
15871,473,489
15872,473,490
15873,473,491
15874,473,492
15875,473,493
15876,473,494
15877,473,495
15878,473,496
15879,473,497
15880,473,498
15881,473,499
15882,473,500
15883,473,501
15884,473,502
15885,473,503
15886,473,504
15887,473,505
15888,473,506
15889,473,507
15890,473,508
15891,473,509
15892,473,510
15893,473,511
15894,473,512
15895,473,513
15896,473,514
15897,473,515
15898,473,516
15899,473,517
15900,473,518
15901,473,519
15902,473,520
15903,473,521
15904,473,522
15905,473,523
15906,473,524
15907,473,525
15908,473,526
15909,473,527
15910,473,528
15911,473,529
15912,473,530
15913,473,531
15914,473,532
15915,473,533
15916,473,534
15917,473,535
15918,473,536
15919,473,537
15920,473,538
15921,473,539
15922,473,540
15923,473,541
15924,473,542
15925,473,543
15926,473,544
15927,473,545
15928,473,546
15929,473,547
15930,473,548
15931,473,549
15932,473,550
15933,473,551
15934,473,552
15935,473,553
15936,473,554
15937,473,555
15938,473,556
15939,473,557
15940,473,558
15941,473,559
15942,473,560
15943,474,464
15944,474,465
15945,474,466
15946,474,467
15947,474,468
15948,474,469
15949,474,470
15950,474,471
15951,474,472
15952,474,473
15953,474,474
15954,474,475
15955,474,476
15956,474,477
15957,474,478
15958,474,479
15959,474,480
15960,474,481
15961,474,482
15962,474,483
15963,474,484
15964,474,485
15965,474,486
15966,474,487
15967,474,488
15968,474,489
15969,474,490
15970,474,491
15971,474,492
15972,474,493
15973,474,494
15974,474,495
15975,474,496
15976,474,497
15977,474,498
15978,474,499
15979,474,500
15980,474,501
15981,474,502
15982,474,503
15983,474,504
15984,474,505
15985,474,506
15986,474,507
15987,474,508
15988,474,509
15989,474,510
15990,474,511
15991,474,512
15992,474,513
15993,474,514
15994,474,515
15995,474,516
15996,474,517
15997,474,518
15998,474,519
15999,474,520
16000,474,521
16001,474,522
16002,474,523
16003,474,524
16004,474,525
16005,474,526
16006,474,527
16007,474,528
16008,474,529
16009,474,530
16010,474,531
16011,474,532
16012,474,533
16013,474,534
16014,474,535
16015,474,536
16016,474,537
16017,474,538
16018,474,539
16019,474,540
16020,474,541
16021,474,542
16022,474,543
16023,474,544
16024,474,545
16025,474,546
16026,474,547
16027,474,548
16028,474,549
16029,474,550
16030,474,551
16031,474,552
16032,474,553
16033,474,554
16034,474,555
16035,474,556
16036,474,557
16037,474,558
16038,474,559
16039,474,560
16040,475,465
16041,475,466
16042,475,467
16043,475,468
16044,475,469
16045,475,470
16046,475,471
16047,475,472
16048,475,473
16049,475,474
16050,475,475
16051,475,476
16052,475,477
16053,475,478
16054,475,479
16055,475,480
16056,475,481
16057,475,482
16058,475,483
16059,475,484
16060,475,485
16061,475,486
16062,475,487
16063,475,488
16064,475,489
16065,475,490
16066,475,491
16067,475,492
16068,475,493
16069,475,494
16070,475,495
16071,475,496
16072,475,497
16073,475,498
16074,475,499
16075,475,500
16076,475,501
16077,475,502
16078,475,503
16079,475,504
16080,475,505
16081,475,506
16082,475,507
16083,475,508
16084,475,509
16085,475,510
16086,475,511
16087,475,512
16088,475,513
16089,475,514
16090,475,515
16091,475,516
16092,475,517
16093,475,518
16094,475,519
16095,475,520
16096,475,521
16097,475,522
16098,475,523
16099,475,524
16100,475,525
16101,475,526
16102,475,527
16103,475,528
16104,475,529
16105,475,530
16106,475,531
16107,475,532
16108,475,533
16109,475,534
16110,475,535
16111,475,536
16112,475,537
16113,475,538
16114,475,539
16115,475,540
16116,475,541
16117,475,542
16118,475,543
16119,475,544
16120,475,545
16121,475,546
16122,475,547
16123,475,548
16124,475,549
16125,475,550
16126,475,551
16127,475,552
16128,475,553
16129,475,554
16130,475,555
16131,475,556
16132,475,557
16133,475,558
16134,475,559
16135,476,466
16136,476,467
16137,476,468
16138,476,469
16139,476,470
16140,476,471
16141,476,472
16142,476,473
16143,476,474
16144,476,475
16145,476,476
16146,476,477
16147,476,478
16148,476,479
16149,476,480
16150,476,481
16151,476,482
16152,476,483
16153,476,484
16154,476,485
16155,476,486
16156,476,487
16157,476,488
16158,476,489
16159,476,490
16160,476,491
16161,476,492
16162,476,493
16163,476,494
16164,476,495
16165,476,496
16166,476,497
16167,476,498
16168,476,499
16169,476,500
16170,476,501
16171,476,502
16172,476,503
16173,476,504
16174,476,505
16175,476,506
16176,476,507
16177,476,508
16178,476,509
16179,476,510
16180,476,511
16181,476,512
16182,476,513
16183,476,514
16184,476,515
16185,476,516
16186,476,517
16187,476,518
16188,476,519
16189,476,520
16190,476,521
16191,476,522
16192,476,523
16193,476,524
16194,476,525
16195,476,526
16196,476,527
16197,476,528
16198,476,529
16199,476,530
16200,476,531
16201,476,532
16202,476,533
16203,476,534
16204,476,535
16205,476,536
16206,476,537
16207,476,538
16208,476,539
16209,476,540
16210,476,541
16211,476,542
16212,476,543
16213,476,544
16214,476,545
16215,476,546
16216,476,547
16217,476,548
16218,476,549
16219,476,550
16220,476,551
16221,476,552
16222,476,553
16223,476,554
16224,476,555
16225,476,556
16226,476,557
16227,476,558
16228,477,467
16229,477,468
16230,477,469
16231,477,470
16232,477,471
16233,477,472
16234,477,473
16235,477,474
16236,477,475
16237,477,476
16238,477,477
16239,477,478
16240,477,479
16241,477,480
16242,477,481
16243,477,482
16244,477,483
16245,477,484
16246,477,485
16247,477,486
16248,477,487
16249,477,488
16250,477,489
16251,477,490
16252,477,491
16253,477,492
16254,477,493
16255,477,494
16256,477,495
16257,477,496
16258,477,497
16259,477,498
16260,477,499
16261,477,500
16262,477,501
16263,477,502
16264,477,503
16265,477,504
16266,477,505
16267,477,506
16268,477,507
16269,477,508
16270,477,509
16271,477,510
16272,477,511
16273,477,512
16274,477,513
16275,477,514
16276,477,515
16277,477,516
16278,477,517
16279,477,518
16280,477,519
16281,477,520
16282,477,521
16283,477,522
16284,477,523
16285,477,524
16286,477,525
16287,477,526
16288,477,527
16289,477,528
16290,477,529
16291,477,530
16292,477,531
16293,477,532
16294,477,533
16295,477,534
16296,477,535
16297,477,536
16298,477,537
16299,477,538
16300,477,539
16301,477,540
16302,477,541
16303,477,542
16304,477,543
16305,477,544
16306,477,545
16307,477,546
16308,477,547
16309,477,548
16310,477,549
16311,477,550
16312,477,551
16313,477,552
16314,477,553
16315,477,554
16316,477,555
16317,477,556
16318,477,557
16319,477,558
16320,478,468
16321,478,469
16322,478,470
16323,478,471
16324,478,472
16325,478,473
16326,478,474
16327,478,475
16328,478,476
16329,478,477
16330,478,478
16331,478,479
16332,478,480
16333,478,481
16334,478,482
16335,478,483
16336,478,484
16337,478,485
16338,478,486
16339,478,487
16340,478,488
16341,478,489
16342,478,490
16343,478,491
16344,478,492
16345,478,493
16346,478,494
16347,478,495
16348,478,496
16349,478,497
16350,478,498
16351,478,499
16352,478,500
16353,478,501
16354,478,502
16355,478,503
16356,478,504
16357,478,505
16358,478,506
16359,478,507
16360,478,508
16361,478,509
16362,478,510
16363,478,511
16364,478,512
16365,478,513
16366,478,514
16367,478,515
16368,478,516
16369,478,517
16370,478,518
16371,478,519
16372,478,520
16373,478,521
16374,478,522
16375,478,523
16376,478,524
16377,478,525
16378,478,526
16379,478,527
16380,478,528
16381,478,529
16382,478,530
16383,478,531
16384,478,532
16385,478,533
16386,478,534
16387,478,535
16388,478,536
16389,478,537
16390,478,538
16391,478,539
16392,478,540
16393,478,541
16394,478,542
16395,478,543
16396,478,544
16397,478,545
16398,478,546
16399,478,547
16400,478,548
16401,478,549
16402,478,550
16403,478,551
16404,478,552
16405,479,470
16406,479,471
16407,479,472
16408,479,473
16409,479,474
16410,479,475
16411,479,476
16412,479,477
16413,479,478
16414,479,479
16415,479,480
16416,479,481
16417,479,482
16418,479,483
16419,479,484
16420,479,485
16421,479,486
16422,479,487
16423,479,488
16424,479,489
16425,479,490
16426,479,491
16427,479,492
16428,479,493
16429,479,494
16430,479,495
16431,479,496
16432,479,497
16433,479,498
16434,479,499
16435,479,500
16436,479,501
16437,479,502
16438,479,503
16439,479,504
16440,479,505
16441,479,506
16442,479,507
16443,479,508
16444,479,509
16445,479,510
16446,479,511
16447,479,512
16448,479,513
16449,479,514
16450,479,515
16451,479,516
16452,479,517
16453,479,518
16454,479,519
16455,479,520
16456,479,521
16457,479,522
16458,479,523
16459,479,524
16460,479,525
16461,479,526
16462,479,527
16463,479,528
16464,479,529
16465,479,530
16466,479,531
16467,479,532
16468,479,533
16469,479,534
16470,479,535
16471,479,536
16472,479,537
16473,479,538
16474,479,539
16475,479,540
16476,479,541
16477,479,542
16478,479,543
16479,479,544
16480,479,545
16481,479,546
16482,479,547
16483,479,548
16484,479,549
16485,479,550
16486,479,551
16487,480,472
16488,480,473
16489,480,474
16490,480,475
16491,480,476
16492,480,477
16493,480,478
16494,480,479
16495,480,480
16496,480,481
16497,480,482
16498,480,483
16499,480,484
16500,480,485
16501,480,486
16502,480,487
16503,480,488
16504,480,489
16505,480,490
16506,480,491
16507,480,492
16508,480,493
16509,480,494
16510,480,495
16511,480,496
16512,480,497
16513,480,498
16514,480,499
16515,480,500
16516,480,501
16517,480,502
16518,480,503
16519,480,504
16520,480,505
16521,480,506
16522,480,507
16523,480,508
16524,480,509
16525,480,510
16526,480,511
16527,480,512
16528,480,513
16529,480,514
16530,480,515
16531,480,516
16532,480,517
16533,480,518
16534,480,519
16535,480,520
16536,480,521
16537,480,522
16538,480,523
16539,480,524
16540,480,525
16541,480,526
16542,480,527
16543,480,528
16544,480,529
16545,480,530
16546,480,531
16547,480,532
16548,480,533
16549,480,534
16550,480,535
16551,480,536
16552,480,537
16553,480,538
16554,480,539
16555,480,540
16556,480,541
16557,480,542
16558,480,543
16559,480,544
16560,480,545
16561,480,546
16562,480,547
16563,480,548
16564,480,549
16565,480,550
16566,481,473
16567,481,474
16568,481,475
16569,481,476
16570,481,477
16571,481,478
16572,481,479
16573,481,480
16574,481,481
16575,481,482
16576,481,483
16577,481,484
16578,481,485
16579,481,486
16580,481,487
16581,481,488
16582,481,489
16583,481,490
16584,481,491
16585,481,492
16586,481,493
16587,481,494
16588,481,495
16589,481,496
16590,481,497
16591,481,498
16592,481,499
16593,481,500
16594,481,501
16595,481,502
16596,481,503
16597,481,504
16598,481,505
16599,481,506
16600,481,507
16601,481,508
16602,481,509
16603,481,510
16604,481,511
16605,481,512
16606,481,513
16607,481,514
16608,481,515
16609,481,516
16610,481,517
16611,481,518
16612,481,519
16613,481,520
16614,481,521
16615,481,522
16616,481,523
16617,481,524
16618,481,525
16619,481,526
16620,481,527
16621,481,528
16622,481,529
16623,481,530
16624,481,531
16625,481,532
16626,481,533
16627,481,534
16628,481,535
16629,481,536
16630,481,537
16631,481,538
16632,481,539
16633,481,540
16634,481,541
16635,481,542
16636,481,543
16637,481,544
16638,481,545
16639,481,546
16640,481,547
16641,481,548
16642,481,549
16643,482,474
16644,482,475
16645,482,476
16646,482,477
16647,482,478
16648,482,479
16649,482,480
16650,482,481
16651,482,482
16652,482,483
16653,482,484
16654,482,485
16655,482,486
16656,482,487
16657,482,488
16658,482,489
16659,482,490
16660,482,491
16661,482,492
16662,482,493
16663,482,494
16664,482,495
16665,482,496
16666,482,497
16667,482,498
16668,482,499
16669,482,500
16670,482,501
16671,482,502
16672,482,503
16673,482,504
16674,482,505
16675,482,506
16676,482,507
16677,482,508
16678,482,509
16679,482,510
16680,482,511
16681,482,512
16682,482,513
16683,482,514
16684,482,515
16685,482,516
16686,482,517
16687,482,518
16688,482,519
16689,482,520
16690,482,521
16691,482,522
16692,482,523
16693,482,524
16694,482,525
16695,482,526
16696,482,527
16697,482,528
16698,482,529
16699,482,530
16700,482,531
16701,482,532
16702,482,533
16703,482,534
16704,482,535
16705,482,536
16706,482,537
16707,482,538
16708,482,539
16709,482,540
16710,482,541
16711,482,542
16712,482,543
16713,482,544
16714,482,545
16715,482,546
16716,482,547
16717,482,548
16718,483,475
16719,483,476
16720,483,477
16721,483,478
16722,483,479
16723,483,480
16724,483,481
16725,483,482
16726,483,483
16727,483,484
16728,483,485
16729,483,486
16730,483,487
16731,483,488
16732,483,489
16733,483,490
16734,483,491
16735,483,492
16736,483,493
16737,483,494
16738,483,495
16739,483,496
16740,483,497
16741,483,498
16742,483,499
16743,483,500
16744,483,501
16745,483,502
16746,483,503
16747,483,504
16748,483,505
16749,483,506
16750,483,507
16751,483,508
16752,483,509
16753,483,510
16754,483,511
16755,483,512
16756,483,513
16757,483,514
16758,483,515
16759,483,516
16760,483,517
16761,483,518
16762,483,519
16763,483,520
16764,483,521
16765,483,522
16766,483,523
16767,483,524
16768,483,525
16769,483,526
16770,483,527
16771,483,528
16772,483,529
16773,483,530
16774,483,531
16775,483,532
16776,483,533
16777,483,534
16778,483,535
16779,483,536
16780,483,537
16781,483,538
16782,483,539
16783,483,540
16784,483,541
16785,483,542
16786,483,543
16787,483,544
16788,483,545
16789,483,546
16790,483,547
16791,484,476
16792,484,477
16793,484,478
16794,484,479
16795,484,480
16796,484,481
16797,484,482
16798,484,483
16799,484,484
16800,484,485
16801,484,486
16802,484,487
16803,484,488
16804,484,489
16805,484,490
16806,484,491
16807,484,492
16808,484,493
16809,484,494
16810,484,495
16811,484,496
16812,484,497
16813,484,498
16814,484,499
16815,484,500
16816,484,501
16817,484,502
16818,484,503
16819,484,504
16820,484,505
16821,484,506
16822,484,507
16823,484,508
16824,484,509
16825,484,510
16826,484,511
16827,484,512
16828,484,513
16829,484,514
16830,484,515
16831,484,516
16832,484,517
16833,484,518
16834,484,519
16835,484,520
16836,484,521
16837,484,522
16838,484,523
16839,484,524
16840,484,525
16841,484,526
16842,484,527
16843,484,528
16844,484,529
16845,484,530
16846,484,531
16847,484,532
16848,484,533
16849,484,534
16850,484,535
16851,484,536
16852,484,537
16853,484,538
16854,484,539
16855,484,540
16856,484,541
16857,484,542
16858,484,543
16859,484,544
16860,484,545
16861,484,546
16862,485,477
16863,485,478
16864,485,479
16865,485,480
16866,485,481
16867,485,482
16868,485,483
16869,485,484
16870,485,485
16871,485,486
16872,485,487
16873,485,488
16874,485,489
16875,485,490
16876,485,491
16877,485,492
16878,485,493
16879,485,494
16880,485,495
16881,485,496
16882,485,497
16883,485,498
16884,485,499
16885,485,500
16886,485,501
16887,485,502
16888,485,503
16889,485,504
16890,485,505
16891,485,506
16892,485,507
16893,485,508
16894,485,509
16895,485,510
16896,485,511
16897,485,512
16898,485,513
16899,485,514
16900,485,515
16901,485,516
16902,485,517
16903,485,518
16904,485,519
16905,485,520
16906,485,521
16907,485,522
16908,485,523
16909,485,524
16910,485,525
16911,485,526
16912,485,527
16913,485,528
16914,485,529
16915,485,530
16916,485,531
16917,485,532
16918,485,533
16919,485,534
16920,485,535
16921,485,536
16922,485,537
16923,485,538
16924,485,539
16925,485,540
16926,485,541
16927,485,542
16928,485,543
16929,485,544
16930,485,545
16931,486,478
16932,486,479
16933,486,480
16934,486,481
16935,486,482
16936,486,483
16937,486,484
16938,486,485
16939,486,486
16940,486,487
16941,486,488
16942,486,489
16943,486,490
16944,486,491
16945,486,492
16946,486,493
16947,486,494
16948,486,495
16949,486,496
16950,486,497
16951,486,498
16952,486,499
16953,486,500
16954,486,501
16955,486,502
16956,486,503
16957,486,504
16958,486,505
16959,486,506
16960,486,507
16961,486,508
16962,486,509
16963,486,510
16964,486,511
16965,486,512
16966,486,513
16967,486,514
16968,486,515
16969,486,516
16970,486,517
16971,486,518
16972,486,519
16973,486,520
16974,486,521
16975,486,522
16976,486,523
16977,486,524
16978,486,525
16979,486,526
16980,486,527
16981,486,528
16982,486,529
16983,486,530
16984,486,531
16985,486,532
16986,486,533
16987,486,534
16988,486,535
16989,486,536
16990,486,537
16991,486,538
16992,486,539
16993,486,540
16994,486,541
16995,486,542
16996,486,543
16997,486,544
16998,487,481
16999,487,482
17000,487,483
17001,487,484
17002,487,485
17003,487,486
17004,487,487
17005,487,488
17006,487,489
17007,487,490
17008,487,491
17009,487,492
17010,487,493
17011,487,494
17012,487,495
17013,487,496
17014,487,497
17015,487,498
17016,487,499
17017,487,500
17018,487,501
17019,487,502
17020,487,503
17021,487,504
17022,487,505
17023,487,506
17024,487,507
17025,487,508
17026,487,509
17027,487,510
17028,487,511
17029,487,512
17030,487,513
17031,487,514
17032,487,515
17033,487,516
17034,487,517
17035,487,518
17036,487,519
17037,487,520
17038,487,521
17039,487,522
17040,487,523
17041,487,524
17042,487,525
17043,487,526
17044,487,527
17045,487,528
17046,487,529
17047,487,530
17048,487,531
17049,487,532
17050,487,533
17051,487,534
17052,487,535
17053,487,536
17054,487,537
17055,487,538
17056,487,539
17057,487,540
17058,487,541
17059,487,542
17060,488,483
17061,488,484
17062,488,485
17063,488,486
17064,488,487
17065,488,488
17066,488,489
17067,488,490
17068,488,491
17069,488,492
17070,488,493
17071,488,494
17072,488,495
17073,488,496
17074,488,497
17075,488,498
17076,488,499
17077,488,500
17078,488,501
17079,488,502
17080,488,503
17081,488,504
17082,488,505
17083,488,506
17084,488,507
17085,488,508
17086,488,509
17087,488,510
17088,488,511
17089,488,512
17090,488,513
17091,488,514
17092,488,515
17093,488,516
17094,488,517
17095,488,518
17096,488,519
17097,488,520
17098,488,521
17099,488,522
17100,488,523
17101,488,524
17102,488,525
17103,488,526
17104,488,527
17105,488,528
17106,488,529
17107,488,530
17108,488,531
17109,488,532
17110,488,533
17111,488,534
17112,488,535
17113,488,536
17114,488,537
17115,488,538
17116,488,539
17117,488,540
17118,488,541
17119,489,485
17120,489,486
17121,489,487
17122,489,488
17123,489,489
17124,489,490
17125,489,491
17126,489,492
17127,489,493
17128,489,494
17129,489,495
17130,489,496
17131,489,497
17132,489,498
17133,489,499
17134,489,500
17135,489,501
17136,489,502
17137,489,503
17138,489,504
17139,489,505
17140,489,506
17141,489,507
17142,489,508
17143,489,509
17144,489,510
17145,489,511
17146,489,512
17147,489,513
17148,489,514
17149,489,515
17150,489,516
17151,489,517
17152,489,518
17153,489,519
17154,489,520
17155,489,521
17156,489,522
17157,489,523
17158,489,524
17159,489,525
17160,489,526
17161,489,527
17162,489,528
17163,489,529
17164,489,530
17165,489,531
17166,489,532
17167,489,533
17168,489,534
17169,489,535
17170,490,486
17171,490,487
17172,490,488
17173,490,489
17174,490,490
17175,490,491
17176,490,492
17177,490,493
17178,490,494
17179,490,495
17180,490,496
17181,490,497
17182,490,498
17183,490,499
17184,490,500
17185,490,501
17186,490,502
17187,490,503
17188,490,504
17189,490,505
17190,490,506
17191,490,507
17192,490,508
17193,490,509
17194,490,510
17195,490,511
17196,490,512
17197,490,513
17198,490,514
17199,490,515
17200,490,516
17201,490,517
17202,490,518
17203,490,519
17204,490,520
17205,490,521
17206,490,522
17207,490,523
17208,490,524
17209,490,525
17210,490,526
17211,490,527
17212,490,528
17213,490,529
17214,490,530
17215,490,531
17216,490,532
17217,490,533
17218,491,487
17219,491,488
17220,491,489
17221,491,490
17222,491,491
17223,491,492
17224,491,493
17225,491,494
17226,491,495
17227,491,496
17228,491,497
17229,491,498
17230,491,499
17231,491,500
17232,491,501
17233,491,502
17234,491,503
17235,491,504
17236,491,505
17237,491,506
17238,491,507
17239,491,508
17240,491,509
17241,491,510
17242,491,511
17243,491,512
17244,491,513
17245,491,514
17246,491,515
17247,491,516
17248,491,517
17249,491,518
17250,491,519
17251,491,520
17252,491,521
17253,491,522
17254,491,523
17255,491,524
17256,491,525
17257,491,526
17258,491,527
17259,491,528
17260,491,529
17261,491,530
17262,491,531
17263,491,532
17264,492,489
17265,492,490
17266,492,491
17267,492,492
17268,492,493
17269,492,494
17270,492,495
17271,492,496
17272,492,497
17273,492,498
17274,492,499
17275,492,500
17276,492,501
17277,492,502
17278,492,503
17279,492,504
17280,492,505
17281,492,506
17282,492,507
17283,492,508
17284,492,509
17285,492,510
17286,492,511
17287,492,512
17288,492,513
17289,492,514
17290,492,515
17291,492,516
17292,492,517
17293,492,518
17294,492,519
17295,492,520
17296,492,521
17297,492,522
17298,492,523
17299,492,524
17300,492,525
17301,492,526
17302,492,527
17303,492,528
17304,492,529
17305,492,530
17306,493,491
17307,493,492
17308,493,493
17309,493,494
17310,493,495
17311,493,496
17312,493,497
17313,493,498
17314,493,499
17315,493,500
17316,493,501
17317,493,502
17318,493,503
17319,493,504
17320,493,505
17321,493,506
17322,493,507
17323,493,508
17324,493,509
17325,493,510
17326,493,511
17327,493,512
17328,493,513
17329,493,514
17330,493,515
17331,493,516
17332,493,517
17333,493,518
17334,493,519
17335,493,520
17336,493,521
17337,493,522
17338,493,523
17339,493,524
17340,493,525
17341,493,526
17342,493,527
17343,493,528
17344,493,529
17345,494,494
17346,494,495
17347,494,496
17348,494,497
17349,494,498
17350,494,499
17351,494,500
17352,494,501
17353,494,502
17354,494,503
17355,494,504
17356,494,505
17357,494,506
17358,494,507
17359,494,508
17360,494,509
17361,494,510
17362,494,511
17363,494,512
17364,494,513
17365,494,514
17366,494,515
17367,494,516
17368,494,517
17369,494,518
17370,494,519
17371,494,520
17372,494,521
17373,494,522
17374,494,523
17375,494,524
17376,494,525
17377,494,526
17378,495,501
17379,495,502
17380,495,503
17381,495,504
17382,495,505
17383,495,506
17384,495,507
17385,495,508
17386,495,509
17387,495,510
17388,495,511
17389,495,512
17390,495,513
17391,495,514
17392,495,515
17393,495,516
17394,495,517
17395,495,520
17396,495,521
17397,495,522
17398,495,523
17399,496,505
17400,496,506
17401,496,507
17402,496,508
17403,496,509
17404,496,510
17405,496,511
17406,496,512
17407,496,513
17408,497,510
