index,y,x
0,524,426
1,524,427
2,525,424
3,525,425
4,525,426
5,525,427
6,525,428
7,526,422
8,526,423
9,526,424
10,526,425
11,526,426
12,526,427
13,526,428
14,526,429
15,527,419
16,527,420
17,527,421
18,527,422
19,527,423
20,527,424
21,527,425
22,527,426
23,527,427
24,527,428
25,527,429
26,527,430
27,528,417
28,528,418
29,528,419
30,528,420
31,528,421
32,528,422
33,528,423
34,528,424
35,528,425
36,528,426
37,528,427
38,528,428
39,528,429
40,528,430
41,528,431
42,528,432
43,529,414
44,529,415
45,529,416
46,529,417
47,529,418
48,529,419
49,529,420
50,529,421
51,529,422
52,529,423
53,529,424
54,529,425
55,529,426
56,529,427
57,529,428
58,529,429
59,529,430
60,529,431
61,529,432
62,529,433
63,530,412
64,530,413
65,530,414
66,530,415
67,530,416
68,530,417
69,530,418
70,530,419
71,530,420
72,530,421
73,530,422
74,530,423
75,530,424
76,530,425
77,530,426
78,530,427
79,530,428
80,530,429
81,530,430
82,530,431
83,530,432
84,530,433
85,530,434
86,531,410
87,531,411
88,531,412
89,531,413
90,531,414
91,531,415
92,531,416
93,531,417
94,531,418
95,531,419
96,531,420
97,531,421
98,531,422
99,531,423
100,531,424
101,531,425
102,531,426
103,531,427
104,531,428
105,531,429
106,531,430
107,531,431
108,531,432
109,531,433
110,531,434
111,531,435
112,532,407
113,532,408
114,532,409
115,532,410
116,532,411
117,532,412
118,532,413
119,532,414
120,532,415
121,532,416
122,532,417
123,532,418
124,532,419
125,532,420
126,532,421
127,532,422
128,532,423
129,532,424
130,532,425
131,532,426
132,532,427
133,532,428
134,532,429
135,532,430
136,532,431
137,532,432
138,532,433
139,532,434
140,532,435
141,532,436
142,533,405
143,533,406
144,533,407
145,533,408
146,533,409
147,533,410
148,533,411
149,533,412
150,533,413
151,533,414
152,533,415
153,533,416
154,533,417
155,533,418
156,533,419
157,533,420
158,533,421
159,533,422
160,533,423
161,533,424
162,533,425
163,533,426
164,533,427
165,533,428
166,533,429
167,533,430
168,533,431
169,533,432
170,533,433
171,533,434
172,533,435
173,533,436
174,533,437
175,534,403
176,534,404
177,534,405
178,534,406
179,534,407
180,534,408
181,534,409
182,534,410
183,534,411
184,534,412
185,534,413
186,534,414
187,534,415
188,534,416
189,534,417
190,534,418
191,534,419
192,534,420
193,534,421
194,534,422
195,534,423
196,534,424
197,534,425
198,534,426
199,534,427
200,534,428
201,534,429
202,534,430
203,534,431
204,534,432
205,534,433
206,534,434
207,534,435
208,534,436
209,534,437
210,534,438
211,535,400
212,535,401
213,535,402
214,535,403
215,535,404
216,535,405
217,535,406
218,535,407
219,535,408
220,535,409
221,535,410
222,535,411
223,535,412
224,535,413
225,535,414
226,535,415
227,535,416
228,535,417
229,535,418
230,535,419
231,535,420
232,535,421
233,535,422
234,535,423
235,535,424
236,535,425
237,535,426
238,535,427
239,535,428
240,535,429
241,535,430
242,535,431
243,535,432
244,535,433
245,535,434
246,535,435
247,535,436
248,535,437
249,535,438
250,535,439
251,536,398
252,536,399
253,536,400
254,536,401
255,536,402
256,536,403
257,536,404
258,536,405
259,536,406
260,536,407
261,536,408
262,536,409
263,536,410
264,536,411
265,536,412
266,536,413
267,536,414
268,536,415
269,536,416
270,536,417
271,536,418
272,536,419
273,536,420
274,536,421
275,536,422
276,536,423
277,536,424
278,536,425
279,536,426
280,536,427
281,536,428
282,536,429
283,536,430
284,536,431
285,536,432
286,536,433
287,536,434
288,536,435
289,536,436
290,536,437
291,536,438
292,536,439
293,536,440
294,537,396
295,537,397
296,537,398
297,537,399
298,537,400
299,537,401
300,537,402
301,537,403
302,537,404
303,537,405
304,537,406
305,537,407
306,537,408
307,537,409
308,537,410
309,537,411
310,537,412
311,537,413
312,537,414
313,537,415
314,537,416
315,537,417
316,537,418
317,537,419
318,537,420
319,537,421
320,537,422
321,537,423
322,537,424
323,537,425
324,537,426
325,537,427
326,537,428
327,537,429
328,537,430
329,537,431
330,537,432
331,537,433
332,537,434
333,537,435
334,537,436
335,537,437
336,537,438
337,537,439
338,537,440
339,537,441
340,537,442
341,538,393
342,538,394
343,538,395
344,538,396
345,538,397
346,538,398
347,538,399
348,538,400
349,538,401
350,538,402
351,538,403
352,538,404
353,538,405
354,538,406
355,538,407
356,538,408
357,538,409
358,538,410
359,538,411
360,538,412
361,538,413
362,538,414
363,538,415
364,538,416
365,538,417
366,538,418
367,538,419
368,538,420
369,538,421
370,538,422
371,538,423
372,538,424
373,538,425
374,538,426
375,538,427
376,538,428
377,538,429
378,538,430
379,538,431
380,538,432
381,538,433
382,538,434
383,538,435
384,538,436
385,538,437
386,538,438
387,538,439
388,538,440
389,538,441
390,538,442
391,538,443
392,539,391
393,539,392
394,539,393
395,539,394
396,539,395
397,539,396
398,539,397
399,539,398
400,539,399
401,539,400
402,539,401
403,539,402
404,539,403
405,539,404
406,539,405
407,539,406
408,539,407
409,539,408
410,539,409
411,539,410
412,539,411
413,539,412
414,539,413
415,539,414
416,539,415
417,539,416
418,539,417
419,539,418
420,539,419
421,539,420
422,539,421
423,539,422
424,539,423
425,539,424
426,539,425
427,539,426
428,539,427
429,539,428
430,539,429
431,539,430
432,539,431
433,539,432
434,539,433
435,539,434
436,539,435
437,539,436
438,539,437
439,539,438
440,539,439
441,539,440
442,539,441
443,539,442
444,539,443
445,539,444
446,540,388
447,540,389
448,540,390
449,540,391
450,540,392
451,540,393
452,540,394
453,540,395
454,540,396
455,540,397
456,540,398
457,540,399
458,540,400
459,540,401
460,540,402
461,540,403
462,540,404
463,540,405
464,540,406
465,540,407
466,540,408
467,540,409
468,540,410
469,540,411
470,540,412
471,540,413
472,540,414
473,540,415
474,540,416
475,540,417
476,540,418
477,540,419
478,540,420
479,540,421
480,540,422
481,540,423
482,540,424
483,540,425
484,540,426
485,540,427
486,540,428
487,540,429
488,540,430
489,540,431
490,540,432
491,540,433
492,540,434
493,540,435
494,540,436
495,540,437
496,540,438
497,540,439
498,540,440
499,540,441
500,540,442
501,540,443
502,540,444
503,540,445
504,541,386
505,541,387
506,541,388
507,541,389
508,541,390
509,541,391
510,541,392
511,541,393
512,541,394
513,541,395
514,541,396
515,541,397
516,541,398
517,541,399
518,541,400
519,541,401
520,541,402
521,541,403
522,541,404
523,541,405
524,541,406
525,541,407
526,541,408
527,541,409
528,541,410
529,541,411
530,541,412
531,541,413
532,541,414
533,541,415
534,541,416
535,541,417
536,541,418
537,541,419
538,541,420
539,541,421
540,541,422
541,541,423
542,541,424
543,541,425
544,541,426
545,541,427
546,541,428
547,541,429
548,541,430
549,541,431
550,541,432
551,541,433
552,541,434
553,541,435
554,541,436
555,541,437
556,541,438
557,541,439
558,541,440
559,541,441
560,541,442
561,541,443
562,541,444
563,541,445
564,541,446
565,542,384
566,542,385
567,542,386
568,542,387
569,542,388
570,542,389
571,542,390
572,542,391
573,542,392
574,542,393
575,542,394
576,542,395
577,542,396
578,542,397
579,542,398
580,542,399
581,542,400
582,542,401
583,542,402
584,542,403
585,542,404
586,542,405
587,542,406
588,542,407
589,542,408
590,542,409
591,542,410
592,542,411
593,542,412
594,542,413
595,542,414
596,542,415
597,542,416
598,542,417
599,542,418
600,542,419
601,542,420
602,542,421
603,542,422
604,542,423
605,542,424
606,542,425
607,542,426
608,542,427
609,542,428
610,542,429
611,542,430
612,542,431
613,542,432
614,542,433
615,542,434
616,542,435
617,542,436
618,542,437
619,542,438
620,542,439
621,542,440
622,542,441
623,542,442
624,542,443
625,542,444
626,542,445
627,542,446
628,542,447
629,543,381
630,543,382
631,543,383
632,543,384
633,543,385
634,543,386
635,543,387
636,543,388
637,543,389
638,543,390
639,543,391
640,543,392
641,543,393
642,543,394
643,543,395
644,543,396
645,543,397
646,543,398
647,543,399
648,543,400
649,543,401
650,543,402
651,543,403
652,543,404
653,543,405
654,543,406
655,543,407
656,543,408
657,543,409
658,543,410
659,543,411
660,543,412
661,543,413
662,543,414
663,543,415
664,543,416
665,543,417
666,543,418
667,543,419
668,543,420
669,543,421
670,543,422
671,543,423
672,543,424
673,543,425
674,543,426
675,543,427
676,543,428
677,543,429
678,543,430
679,543,431
680,543,432
681,543,433
682,543,434
683,543,435
684,543,436
685,543,437
686,543,438
687,543,439
688,543,440
689,543,441
690,543,442
691,543,443
692,543,444
693,543,445
694,543,446
695,543,447
696,543,448
697,544,379
698,544,380
699,544,381
700,544,382
701,544,383
702,544,384
703,544,385
704,544,386
705,544,387
706,544,388
707,544,389
708,544,390
709,544,391
710,544,392
711,544,393
712,544,394
713,544,395
714,544,396
715,544,397
716,544,398
717,544,399
718,544,400
719,544,401
720,544,402
721,544,403
722,544,404
723,544,405
724,544,406
725,544,407
726,544,408
727,544,409
728,544,410
729,544,411
730,544,412
731,544,413
732,544,414
733,544,415
734,544,416
735,544,417
736,544,418
737,544,419
738,544,420
739,544,421
740,544,422
741,544,423
742,544,424
743,544,425
744,544,426
745,544,427
746,544,428
747,544,429
748,544,430
749,544,431
750,544,432
751,544,433
752,544,434
753,544,435
754,544,436
755,544,437
756,544,438
757,544,439
758,544,440
759,544,441
760,544,442
761,544,443
762,544,444
763,544,445
764,544,446
765,544,447
766,544,448
767,544,449
768,545,377
769,545,378
770,545,379
771,545,380
772,545,381
773,545,382
774,545,383
775,545,384
776,545,385
777,545,386
778,545,387
779,545,388
780,545,389
781,545,390
782,545,391
783,545,392
784,545,393
785,545,394
786,545,395
787,545,396
788,545,397
789,545,398
790,545,399
791,545,400
792,545,401
793,545,402
794,545,403
795,545,404
796,545,405
797,545,406
798,545,407
799,545,408
800,545,409
801,545,410
802,545,411
803,545,412
804,545,413
805,545,414
806,545,415
807,545,416
808,545,417
809,545,418
810,545,419
811,545,420
812,545,421
813,545,422
814,545,423
815,545,424
816,545,425
817,545,426
818,545,427
819,545,428
820,545,429
821,545,430
822,545,431
823,545,432
824,545,433
825,545,434
826,545,435
827,545,436
828,545,437
829,545,438
830,545,439
831,545,440
832,545,441
833,545,442
834,545,443
835,545,444
836,545,445
837,545,446
838,545,447
839,545,448
840,545,449
841,545,450
842,546,374
843,546,375
844,546,376
845,546,377
846,546,378
847,546,379
848,546,380
849,546,381
850,546,382
851,546,383
852,546,384
853,546,385
854,546,386
855,546,387
856,546,388
857,546,389
858,546,390
859,546,391
860,546,392
861,546,393
862,546,394
863,546,395
864,546,396
865,546,397
866,546,398
867,546,399
868,546,400
869,546,401
870,546,402
871,546,403
872,546,404
873,546,405
874,546,406
875,546,407
876,546,408
877,546,409
878,546,410
879,546,411
880,546,412
881,546,413
882,546,414
883,546,415
884,546,416
885,546,417
886,546,418
887,546,419
888,546,420
889,546,421
890,546,422
891,546,423
892,546,424
893,546,425
894,546,426
895,546,427
896,546,428
897,546,429
898,546,430
899,546,431
900,546,432
901,546,433
902,546,434
903,546,435
904,546,436
905,546,437
906,546,438
907,546,439
908,546,440
909,546,441
910,546,442
911,546,443
912,546,444
913,546,445
914,546,446
915,546,447
916,546,448
917,546,449
918,546,450
919,546,451
920,546,452
921,547,372
922,547,373
923,547,374
924,547,375
925,547,376
926,547,377
927,547,378
928,547,379
929,547,380
930,547,381
931,547,382
932,547,383
933,547,384
934,547,385
935,547,386
936,547,387
937,547,388
938,547,389
939,547,390
940,547,391
941,547,392
942,547,393
943,547,394
944,547,395
945,547,396
946,547,397
947,547,398
948,547,399
949,547,400
950,547,401
951,547,402
952,547,403
953,547,404
954,547,405
955,547,406
956,547,407
957,547,408
958,547,409
959,547,410
960,547,411
961,547,412
962,547,413
963,547,414
964,547,415
965,547,416
966,547,417
967,547,418
968,547,419
969,547,420
970,547,421
971,547,422
972,547,423
973,547,424
974,547,425
975,547,426
976,547,427
977,547,428
978,547,429
979,547,430
980,547,431
981,547,432
982,547,433
983,547,434
984,547,435
985,547,436
986,547,437
987,547,438
988,547,439
989,547,440
990,547,441
991,547,442
992,547,443
993,547,444
994,547,445
995,547,446
996,547,447
997,547,448
998,547,449
999,547,450
1000,547,451
1001,547,452
1002,547,453
1003,548,369
1004,548,370
1005,548,371
1006,548,372
1007,548,373
1008,548,374
1009,548,375
1010,548,376
1011,548,377
1012,548,378
1013,548,379
1014,548,380
1015,548,381
1016,548,382
1017,548,383
1018,548,384
1019,548,385
1020,548,386
1021,548,387
1022,548,388
1023,548,389
1024,548,390
1025,548,391
1026,548,392
1027,548,393
1028,548,394
1029,548,395
1030,548,396
1031,548,397
1032,548,398
1033,548,399
1034,548,400
1035,548,401
1036,548,402
1037,548,403
1038,548,404
1039,548,405
1040,548,406
1041,548,407
1042,548,408
1043,548,409
1044,548,410
1045,548,411
1046,548,412
1047,548,413
1048,548,414
1049,548,415
1050,548,416
1051,548,417
1052,548,418
1053,548,419
1054,548,420
1055,548,421
1056,548,422
1057,548,423
1058,548,424
1059,548,425
1060,548,426
1061,548,427
1062,548,428
1063,548,429
1064,548,430
1065,548,431
1066,548,432
1067,548,433
1068,548,434
1069,548,435
1070,548,436
1071,548,437
1072,548,438
1073,548,439
1074,548,440
1075,548,441
1076,548,442
1077,548,443
1078,548,444
1079,548,445
1080,548,446
1081,548,447
1082,548,448
1083,548,449
1084,548,450
1085,548,451
1086,548,452
1087,548,453
1088,548,454
1089,549,367
1090,549,368
1091,549,369
1092,549,370
1093,549,371
1094,549,372
1095,549,373
1096,549,374
1097,549,375
1098,549,376
1099,549,377
1100,549,378
1101,549,379
1102,549,380
1103,549,381
1104,549,382
1105,549,383
1106,549,384
1107,549,385
1108,549,386
1109,549,387
1110,549,388
1111,549,389
1112,549,390
1113,549,391
1114,549,392
1115,549,393
1116,549,394
1117,549,395
1118,549,396
1119,549,397
1120,549,398
1121,549,399
1122,549,400
1123,549,401
1124,549,402
1125,549,403
1126,549,404
1127,549,405
1128,549,406
1129,549,407
1130,549,408
1131,549,409
1132,549,410
1133,549,411
1134,549,412
1135,549,413
1136,549,414
1137,549,415
1138,549,416
1139,549,417
1140,549,418
1141,549,419
1142,549,420
1143,549,421
1144,549,422
1145,549,423
1146,549,424
1147,549,425
1148,549,426
1149,549,427
1150,549,428
1151,549,429
1152,549,430
1153,549,431
1154,549,432
1155,549,433
1156,549,434
1157,549,435
1158,549,436
1159,549,437
1160,549,438
1161,549,439
1162,549,440
1163,549,441
1164,549,442
1165,549,443
1166,549,444
1167,549,445
1168,549,446
1169,549,447
1170,549,448
1171,549,449
1172,549,450
1173,549,451
1174,549,452
1175,549,453
1176,549,454
1177,549,455
1178,550,365
1179,550,366
1180,550,367
1181,550,368
1182,550,369
1183,550,370
1184,550,371
1185,550,372
1186,550,373
1187,550,374
1188,550,375
1189,550,376
1190,550,377
1191,550,378
1192,550,379
1193,550,380
1194,550,381
1195,550,382
1196,550,383
1197,550,384
1198,550,385
1199,550,386
1200,550,387
1201,550,388
1202,550,389
1203,550,390
1204,550,391
1205,550,392
1206,550,393
1207,550,394
1208,550,395
1209,550,396
1210,550,397
1211,550,398
1212,550,399
1213,550,400
1214,550,401
1215,550,402
1216,550,403
1217,550,404
1218,550,405
1219,550,406
1220,550,407
1221,550,408
1222,550,409
1223,550,410
1224,550,411
1225,550,412
1226,550,413
1227,550,414
1228,550,415
1229,550,416
1230,550,417
1231,550,418
1232,550,419
1233,550,420
1234,550,421
1235,550,422
1236,550,423
1237,550,424
1238,550,425
1239,550,426
1240,550,427
1241,550,428
1242,550,429
1243,550,430
1244,550,431
1245,550,432
1246,550,433
1247,550,434
1248,550,435
1249,550,436
1250,550,437
1251,550,438
1252,550,439
1253,550,440
1254,550,441
1255,550,442
1256,550,443
1257,550,444
1258,550,445
1259,550,446
1260,550,447
1261,550,448
1262,550,449
1263,550,450
1264,550,451
1265,550,452
1266,550,453
1267,550,454
1268,550,455
1269,550,456
1270,551,362
1271,551,363
1272,551,364
1273,551,365
1274,551,366
1275,551,367
1276,551,368
1277,551,369
1278,551,370
1279,551,371
1280,551,372
1281,551,373
1282,551,374
1283,551,375
1284,551,376
1285,551,377
1286,551,378
1287,551,379
1288,551,380
1289,551,381
1290,551,382
1291,551,383
1292,551,384
1293,551,385
1294,551,386
1295,551,387
1296,551,388
1297,551,389
1298,551,390
1299,551,391
1300,551,392
1301,551,393
1302,551,394
1303,551,395
1304,551,396
1305,551,397
1306,551,398
1307,551,399
1308,551,400
1309,551,401
1310,551,402
1311,551,403
1312,551,404
1313,551,405
1314,551,406
1315,551,407
1316,551,408
1317,551,409
1318,551,410
1319,551,411
1320,551,412
1321,551,413
1322,551,414
1323,551,415
1324,551,416
1325,551,417
1326,551,418
1327,551,419
1328,551,420
1329,551,421
1330,551,422
1331,551,423
1332,551,424
1333,551,425
1334,551,426
1335,551,427
1336,551,428
1337,551,429
1338,551,430
1339,551,431
1340,551,432
1341,551,433
1342,551,434
1343,551,435
1344,551,436
1345,551,437
1346,551,438
1347,551,439
1348,551,440
1349,551,441
1350,551,442
1351,551,443
1352,551,444
1353,551,445
1354,551,446
1355,551,447
1356,551,448
1357,551,449
1358,551,450
1359,551,451
1360,551,452
1361,551,453
1362,551,454
1363,551,455
1364,551,456
1365,551,457
1366,552,360
1367,552,361
1368,552,362
1369,552,363
1370,552,364
1371,552,365
1372,552,366
1373,552,367
1374,552,368
1375,552,369
1376,552,370
1377,552,371
1378,552,372
1379,552,373
1380,552,374
1381,552,375
1382,552,376
1383,552,377
1384,552,378
1385,552,379
1386,552,380
1387,552,381
1388,552,382
1389,552,383
1390,552,384
1391,552,385
1392,552,386
1393,552,387
1394,552,388
1395,552,389
1396,552,390
1397,552,391
1398,552,392
1399,552,393
1400,552,394
1401,552,395
1402,552,396
1403,552,397
1404,552,398
1405,552,399
1406,552,400
1407,552,401
1408,552,402
1409,552,403
1410,552,404
1411,552,405
1412,552,406
1413,552,407
1414,552,408
1415,552,409
1416,552,410
1417,552,411
1418,552,412
1419,552,413
1420,552,414
1421,552,415
1422,552,416
1423,552,417
1424,552,418
1425,552,419
1426,552,420
1427,552,421
1428,552,422
1429,552,423
1430,552,424
1431,552,425
1432,552,426
1433,552,427
1434,552,428
1435,552,429
1436,552,430
1437,552,431
1438,552,432
1439,552,433
1440,552,434
1441,552,435
1442,552,436
1443,552,437
1444,552,438
1445,552,439
1446,552,440
1447,552,441
1448,552,442
1449,552,443
1450,552,444
1451,552,445
1452,552,446
1453,552,447
1454,552,448
1455,552,449
1456,552,450
1457,552,451
1458,552,452
1459,552,453
1460,552,454
1461,552,455
1462,552,456
1463,552,457
1464,552,458
1465,553,358
1466,553,359
1467,553,360
1468,553,361
1469,553,362
1470,553,363
1471,553,364
1472,553,365
1473,553,366
1474,553,367
1475,553,368
1476,553,369
1477,553,370
1478,553,371
1479,553,372
1480,553,373
1481,553,374
1482,553,375
1483,553,376
1484,553,377
1485,553,378
1486,553,379
1487,553,380
1488,553,381
1489,553,382
1490,553,383
1491,553,384
1492,553,385
1493,553,386
1494,553,387
1495,553,388
1496,553,389
1497,553,390
1498,553,391
1499,553,392
1500,553,393
1501,553,394
1502,553,395
1503,553,396
1504,553,397
1505,553,398
1506,553,399
1507,553,400
1508,553,401
1509,553,402
1510,553,403
1511,553,404
1512,553,405
1513,553,406
1514,553,407
1515,553,408
1516,553,409
1517,553,410
1518,553,411
1519,553,412
1520,553,413
1521,553,414
1522,553,415
1523,553,416
1524,553,417
1525,553,418
1526,553,419
1527,553,420
1528,553,421
1529,553,422
1530,553,423
1531,553,424
1532,553,425
1533,553,426
1534,553,427
1535,553,428
1536,553,429
1537,553,430
1538,553,431
1539,553,432
1540,553,433
1541,553,434
1542,553,435
1543,553,436
1544,553,437
1545,553,438
1546,553,439
1547,553,440
1548,553,441
1549,553,442
1550,553,443
1551,553,444
1552,553,445
1553,553,446
1554,553,447
1555,553,448
1556,553,449
1557,553,450
1558,553,451
1559,553,452
1560,553,453
1561,553,454
1562,553,455
1563,553,456
1564,553,457
1565,553,458
1566,553,459
1567,554,355
1568,554,356
1569,554,357
1570,554,358
1571,554,359
1572,554,360
1573,554,361
1574,554,362
1575,554,363
1576,554,364
1577,554,365
1578,554,366
1579,554,367
1580,554,368
1581,554,369
1582,554,370
1583,554,371
1584,554,372
1585,554,373
1586,554,374
1587,554,375
1588,554,376
1589,554,377
1590,554,378
1591,554,379
1592,554,380
1593,554,381
1594,554,382
1595,554,383
1596,554,384
1597,554,385
1598,554,386
1599,554,387
1600,554,388
1601,554,389
1602,554,390
1603,554,391
1604,554,392
1605,554,393
1606,554,394
1607,554,395
1608,554,396
1609,554,397
1610,554,398
1611,554,399
1612,554,400
1613,554,401
1614,554,402
1615,554,403
1616,554,404
1617,554,405
1618,554,406
1619,554,407
1620,554,408
1621,554,409
1622,554,410
1623,554,411
1624,554,412
1625,554,413
1626,554,414
1627,554,415
1628,554,416
1629,554,417
1630,554,418
1631,554,419
1632,554,420
1633,554,421
1634,554,422
1635,554,423
1636,554,424
1637,554,425
1638,554,426
1639,554,427
1640,554,428
1641,554,429
1642,554,430
1643,554,431
1644,554,432
1645,554,433
1646,554,434
1647,554,435
1648,554,436
1649,554,437
1650,554,438
1651,554,439
1652,554,440
1653,554,441
1654,554,442
1655,554,443
1656,554,444
1657,554,445
1658,554,446
1659,554,447
1660,554,448
1661,554,449
1662,554,450
1663,554,451
1664,554,452
1665,554,453
1666,554,454
1667,554,455
1668,554,456
1669,554,457
1670,554,458
1671,554,459
1672,554,460
1673,555,353
1674,555,354
1675,555,355
1676,555,356
1677,555,357
1678,555,358
1679,555,359
1680,555,360
1681,555,361
1682,555,362
1683,555,363
1684,555,364
1685,555,365
1686,555,366
1687,555,367
1688,555,368
1689,555,369
1690,555,370
1691,555,371
1692,555,372
1693,555,373
1694,555,374
1695,555,375
1696,555,376
1697,555,377
1698,555,378
1699,555,379
1700,555,380
1701,555,381
1702,555,382
1703,555,383
1704,555,384
1705,555,385
1706,555,386
1707,555,387
1708,555,388
1709,555,389
1710,555,390
1711,555,391
1712,555,392
1713,555,393
1714,555,394
1715,555,395
1716,555,396
1717,555,397
1718,555,398
1719,555,399
1720,555,400
1721,555,401
1722,555,402
1723,555,403
1724,555,404
1725,555,405
1726,555,406
1727,555,407
1728,555,408
1729,555,409
1730,555,410
1731,555,411
1732,555,412
1733,555,413
1734,555,414
1735,555,415
1736,555,416
1737,555,417
1738,555,418
1739,555,419
1740,555,420
1741,555,421
1742,555,422
1743,555,423
1744,555,424
1745,555,425
1746,555,426
1747,555,427
1748,555,428
1749,555,429
1750,555,430
1751,555,431
1752,555,432
1753,555,433
1754,555,434
1755,555,435
1756,555,436
1757,555,437
1758,555,438
1759,555,439
1760,555,440
1761,555,441
1762,555,442
1763,555,443
1764,555,444
1765,555,445
1766,555,446
1767,555,447
1768,555,448
1769,555,449
1770,555,450
1771,555,451
1772,555,452
1773,555,453
1774,555,454
1775,555,455
1776,555,456
1777,555,457
1778,555,458
1779,555,459
1780,555,460
1781,555,461
1782,555,462
1783,556,351
1784,556,352
1785,556,353
1786,556,354
1787,556,355
1788,556,356
1789,556,357
1790,556,358
1791,556,359
1792,556,360
1793,556,361
1794,556,362
1795,556,363
1796,556,364
1797,556,365
1798,556,366
1799,556,367
1800,556,368
1801,556,369
1802,556,370
1803,556,371
1804,556,372
1805,556,373
1806,556,374
1807,556,375
1808,556,376
1809,556,377
1810,556,378
1811,556,379
1812,556,380
1813,556,381
1814,556,382
1815,556,383
1816,556,384
1817,556,385
1818,556,386
1819,556,387
1820,556,388
1821,556,389
1822,556,390
1823,556,391
1824,556,392
1825,556,393
1826,556,394
1827,556,395
1828,556,396
1829,556,397
1830,556,398
1831,556,399
1832,556,400
1833,556,401
1834,556,402
1835,556,403
1836,556,404
1837,556,405
1838,556,406
1839,556,407
1840,556,408
1841,556,409
1842,556,410
1843,556,411
1844,556,412
1845,556,413
1846,556,414
1847,556,415
1848,556,416
1849,556,417
1850,556,418
1851,556,419
1852,556,420
1853,556,421
1854,556,422
1855,556,423
1856,556,424
1857,556,425
1858,556,426
1859,556,427
1860,556,428
1861,556,429
1862,556,430
1863,556,431
1864,556,432
1865,556,433
1866,556,434
1867,556,435
1868,556,436
1869,556,437
1870,556,438
1871,556,439
1872,556,440
1873,556,441
1874,556,442
1875,556,443
1876,556,444
1877,556,445
1878,556,446
1879,556,447
1880,556,448
1881,556,449
1882,556,450
1883,556,451
1884,556,452
1885,556,453
1886,556,454
1887,556,455
1888,556,456
1889,556,457
1890,556,458
1891,556,459
1892,556,460
1893,556,461
1894,556,462
1895,556,463
1896,557,348
1897,557,349
1898,557,350
1899,557,351
1900,557,352
1901,557,353
1902,557,354
1903,557,355
1904,557,356
1905,557,357
1906,557,358
1907,557,359
1908,557,360
1909,557,361
1910,557,362
1911,557,363
1912,557,364
1913,557,365
1914,557,366
1915,557,367
1916,557,368
1917,557,369
1918,557,370
1919,557,371
1920,557,372
1921,557,373
1922,557,374
1923,557,375
1924,557,376
1925,557,377
1926,557,378
1927,557,379
1928,557,380
1929,557,381
1930,557,382
1931,557,383
1932,557,384
1933,557,385
1934,557,386
1935,557,387
1936,557,388
1937,557,389
1938,557,390
1939,557,391
1940,557,392
1941,557,393
1942,557,394
1943,557,395
1944,557,396
1945,557,397
1946,557,398
1947,557,399
1948,557,400
1949,557,401
1950,557,402
1951,557,403
1952,557,404
1953,557,405
1954,557,406
1955,557,407
1956,557,408
1957,557,409
1958,557,410
1959,557,411
1960,557,412
1961,557,413
1962,557,414
1963,557,415
1964,557,416
1965,557,417
1966,557,418
1967,557,419
1968,557,420
1969,557,421
1970,557,422
1971,557,423
1972,557,424
1973,557,425
1974,557,426
1975,557,427
1976,557,428
1977,557,429
1978,557,430
1979,557,431
1980,557,432
1981,557,433
1982,557,434
1983,557,435
1984,557,436
1985,557,437
1986,557,438
1987,557,439
1988,557,440
1989,557,441
1990,557,442
1991,557,443
1992,557,444
1993,557,445
1994,557,446
1995,557,447
1996,557,448
1997,557,449
1998,557,450
1999,557,451
2000,557,452
2001,557,453
2002,557,454
2003,557,455
2004,557,456
2005,557,457
2006,557,458
2007,557,459
2008,557,460
2009,557,461
2010,557,462
2011,557,463
2012,557,464
2013,558,346
2014,558,347
2015,558,348
2016,558,349
2017,558,350
2018,558,351
2019,558,352
2020,558,353
2021,558,354
2022,558,355
2023,558,356
2024,558,357
2025,558,358
2026,558,359
2027,558,360
2028,558,361
2029,558,362
2030,558,363
2031,558,364
2032,558,365
2033,558,366
2034,558,367
2035,558,368
2036,558,369
2037,558,370
2038,558,371
2039,558,372
2040,558,373
2041,558,374
2042,558,375
2043,558,376
2044,558,377
2045,558,378
2046,558,379
2047,558,380
2048,558,381
2049,558,382
2050,558,383
2051,558,384
2052,558,385
2053,558,386
2054,558,387
2055,558,388
2056,558,389
2057,558,390
2058,558,391
2059,558,392
2060,558,393
2061,558,394
2062,558,395
2063,558,396
2064,558,397
2065,558,398
2066,558,399
2067,558,400
2068,558,401
2069,558,402
2070,558,403
2071,558,404
2072,558,405
2073,558,406
2074,558,407
2075,558,408
2076,558,409
2077,558,410
2078,558,411
2079,558,412
2080,558,413
2081,558,414
2082,558,415
2083,558,416
2084,558,417
2085,558,418
2086,558,419
2087,558,420
2088,558,421
2089,558,422
2090,558,423
2091,558,424
2092,558,425
2093,558,426
2094,558,427
2095,558,428
2096,558,429
2097,558,430
2098,558,431
2099,558,432
2100,558,433
2101,558,434
2102,558,435
2103,558,436
2104,558,437
2105,558,438
2106,558,439
2107,558,440
2108,558,441
2109,558,442
2110,558,443
2111,558,444
2112,558,445
2113,558,446
2114,558,447
2115,558,448
2116,558,449
2117,558,450
2118,558,451
2119,558,452
2120,558,453
2121,558,454
2122,558,455
2123,558,456
2124,558,457
2125,558,458
2126,558,459
2127,558,460
2128,558,461
2129,558,462
2130,558,463
2131,558,464
2132,558,465
2133,559,343
2134,559,344
2135,559,345
2136,559,346
2137,559,347
2138,559,348
2139,559,349
2140,559,350
2141,559,351
2142,559,352
2143,559,353
2144,559,354
2145,559,355
2146,559,356
2147,559,357
2148,559,358
2149,559,359
2150,559,360
2151,559,361
2152,559,362
2153,559,363
2154,559,364
2155,559,365
2156,559,366
2157,559,367
2158,559,368
2159,559,369
2160,559,370
2161,559,371
2162,559,372
2163,559,373
2164,559,374
2165,559,375
2166,559,376
2167,559,377
2168,559,378
2169,559,379
2170,559,380
2171,559,381
2172,559,382
2173,559,383
2174,559,384
2175,559,385
2176,559,386
2177,559,387
2178,559,388
2179,559,389
2180,559,390
2181,559,391
2182,559,392
2183,559,393
2184,559,394
2185,559,395
2186,559,396
2187,559,397
2188,559,398
2189,559,399
2190,559,400
2191,559,401
2192,559,402
2193,559,403
2194,559,404
2195,559,405
2196,559,406
2197,559,407
2198,559,408
2199,559,409
2200,559,410
2201,559,411
2202,559,412
2203,559,413
2204,559,414
2205,559,415
2206,559,416
2207,559,417
2208,559,418
2209,559,419
2210,559,420
2211,559,421
2212,559,422
2213,559,423
2214,559,424
2215,559,425
2216,559,426
2217,559,427
2218,559,428
2219,559,429
2220,559,430
2221,559,431
2222,559,432
2223,559,433
2224,559,434
2225,559,435
2226,559,436
2227,559,437
2228,559,438
2229,559,439
2230,559,440
2231,559,441
2232,559,442
2233,559,443
2234,559,444
2235,559,445
2236,559,446
2237,559,447
2238,559,448
2239,559,449
2240,559,450
2241,559,451
2242,559,452
2243,559,453
2244,559,454
2245,559,455
2246,559,456
2247,559,457
2248,559,458
2249,559,459
2250,559,460
2251,559,461
2252,559,462
2253,559,463
2254,559,464
2255,559,465
2256,559,466
2257,560,341
2258,560,342
2259,560,343
2260,560,344
2261,560,345
2262,560,346
2263,560,347
2264,560,348
2265,560,349
2266,560,350
2267,560,351
2268,560,352
2269,560,353
2270,560,354
2271,560,355
2272,560,356
2273,560,357
2274,560,358
2275,560,359
2276,560,360
2277,560,361
2278,560,362
2279,560,363
2280,560,364
2281,560,365
2282,560,366
2283,560,367
2284,560,368
2285,560,369
2286,560,370
2287,560,371
2288,560,372
2289,560,373
2290,560,374
2291,560,375
2292,560,376
2293,560,377
2294,560,378
2295,560,379
2296,560,380
2297,560,381
2298,560,382
2299,560,383
2300,560,384
2301,560,385
2302,560,386
2303,560,387
2304,560,388
2305,560,389
2306,560,390
2307,560,391
2308,560,392
2309,560,393
2310,560,394
2311,560,395
2312,560,396
2313,560,397
2314,560,398
2315,560,399
2316,560,400
2317,560,401
2318,560,402
2319,560,403
2320,560,404
2321,560,405
2322,560,406
2323,560,407
2324,560,408
2325,560,409
2326,560,410
2327,560,411
2328,560,412
2329,560,413
2330,560,414
2331,560,415
2332,560,416
2333,560,417
2334,560,418
2335,560,419
2336,560,420
2337,560,421
2338,560,422
2339,560,423
2340,560,424
2341,560,425
2342,560,426
2343,560,427
2344,560,428
2345,560,429
2346,560,430
2347,560,431
2348,560,432
2349,560,433
2350,560,434
2351,560,435
2352,560,436
2353,560,437
2354,560,438
2355,560,439
2356,560,440
2357,560,441
2358,560,442
2359,560,443
2360,560,444
2361,560,445
2362,560,446
2363,560,447
2364,560,448
2365,560,449
2366,560,450
2367,560,451
2368,560,452
2369,560,453
2370,560,454
2371,560,455
2372,560,456
2373,560,457
2374,560,458
2375,560,459
2376,560,460
2377,560,461
2378,560,462
2379,560,463
2380,560,464
2381,560,465
2382,560,466
2383,560,467
2384,561,339
2385,561,340
2386,561,341
2387,561,342
2388,561,343
2389,561,344
2390,561,345
2391,561,346
2392,561,347
2393,561,348
2394,561,349
2395,561,350
2396,561,351
2397,561,352
2398,561,353
2399,561,354
2400,561,355
2401,561,356
2402,561,357
2403,561,358
2404,561,359
2405,561,360
2406,561,361
2407,561,362
2408,561,363
2409,561,364
2410,561,365
2411,561,366
2412,561,367
2413,561,368
2414,561,369
2415,561,370
2416,561,371
2417,561,372
2418,561,373
2419,561,374
2420,561,375
2421,561,376
2422,561,377
2423,561,378
2424,561,379
2425,561,380
2426,561,381
2427,561,382
2428,561,383
2429,561,384
2430,561,385
2431,561,386
2432,561,387
2433,561,388
2434,561,389
2435,561,390
2436,561,391
2437,561,392
2438,561,393
2439,561,394
2440,561,395
2441,561,396
2442,561,397
2443,561,398
2444,561,399
2445,561,400
2446,561,401
2447,561,402
2448,561,403
2449,561,404
2450,561,405
2451,561,406
2452,561,407
2453,561,408
2454,561,409
2455,561,410
2456,561,411
2457,561,412
2458,561,413
2459,561,414
2460,561,415
2461,561,416
2462,561,417
2463,561,418
2464,561,419
2465,561,420
2466,561,421
2467,561,422
2468,561,423
2469,561,424
2470,561,425
2471,561,426
2472,561,427
2473,561,428
2474,561,429
2475,561,430
2476,561,431
2477,561,432
2478,561,433
2479,561,434
2480,561,435
2481,561,436
2482,561,437
2483,561,438
2484,561,439
2485,561,440
2486,561,441
2487,561,442
2488,561,443
2489,561,444
2490,561,445
2491,561,446
2492,561,447
2493,561,448
2494,561,449
2495,561,450
2496,561,451
2497,561,452
2498,561,453
2499,561,454
2500,561,455
2501,561,456
2502,561,457
2503,561,458
2504,561,459
2505,561,460
2506,561,461
2507,561,462
2508,561,463
2509,561,464
2510,561,465
2511,561,466
2512,561,467
2513,561,468
2514,562,337
2515,562,338
2516,562,339
2517,562,340
2518,562,341
2519,562,342
2520,562,343
2521,562,344
2522,562,345
2523,562,346
2524,562,347
2525,562,348
2526,562,349
2527,562,350
2528,562,351
2529,562,352
2530,562,353
2531,562,354
2532,562,355
2533,562,356
2534,562,357
2535,562,358
2536,562,359
2537,562,360
2538,562,361
2539,562,362
2540,562,363
2541,562,364
2542,562,365
2543,562,366
2544,562,367
2545,562,368
2546,562,369
2547,562,370
2548,562,371
2549,562,372
2550,562,373
2551,562,374
2552,562,375
2553,562,376
2554,562,377
2555,562,378
2556,562,379
2557,562,380
2558,562,381
2559,562,382
2560,562,383
2561,562,384
2562,562,385
2563,562,386
2564,562,387
2565,562,388
2566,562,389
2567,562,390
2568,562,391
2569,562,392
2570,562,393
2571,562,394
2572,562,395
2573,562,396
2574,562,397
2575,562,398
2576,562,399
2577,562,400
2578,562,401
2579,562,402
2580,562,403
2581,562,404
2582,562,405
2583,562,406
2584,562,407
2585,562,408
2586,562,409
2587,562,410
2588,562,411
2589,562,412
2590,562,413
2591,562,414
2592,562,415
2593,562,416
2594,562,417
2595,562,418
2596,562,419
2597,562,420
2598,562,421
2599,562,422
2600,562,423
2601,562,424
2602,562,425
2603,562,426
2604,562,427
2605,562,428
2606,562,429
2607,562,430
2608,562,431
2609,562,432
2610,562,433
2611,562,434
2612,562,435
2613,562,436
2614,562,437
2615,562,438
2616,562,439
2617,562,440
2618,562,441
2619,562,442
2620,562,443
2621,562,444
2622,562,445
2623,562,446
2624,562,447
2625,562,448
2626,562,449
2627,562,450
2628,562,451
2629,562,452
2630,562,453
2631,562,454
2632,562,455
2633,562,456
2634,562,457
2635,562,458
2636,562,459
2637,562,460
2638,562,461
2639,562,462
2640,562,463
2641,562,464
2642,562,465
2643,562,466
2644,562,467
2645,562,468
2646,562,469
2647,563,337
2648,563,338
2649,563,339
2650,563,340
2651,563,341
2652,563,342
2653,563,343
2654,563,344
2655,563,345
2656,563,346
2657,563,347
2658,563,348
2659,563,349
2660,563,350
2661,563,351
2662,563,352
2663,563,353
2664,563,354
2665,563,355
2666,563,356
2667,563,357
2668,563,358
2669,563,359
2670,563,360
2671,563,361
2672,563,362
2673,563,363
2674,563,364
2675,563,365
2676,563,366
2677,563,367
2678,563,368
2679,563,369
2680,563,370
2681,563,371
2682,563,372
2683,563,373
2684,563,374
2685,563,375
2686,563,376
2687,563,377
2688,563,378
2689,563,379
2690,563,380
2691,563,381
2692,563,382
2693,563,383
2694,563,384
2695,563,385
2696,563,386
2697,563,387
2698,563,388
2699,563,389
2700,563,390
2701,563,391
2702,563,392
2703,563,393
2704,563,394
2705,563,395
2706,563,396
2707,563,397
2708,563,398
2709,563,399
2710,563,400
2711,563,401
2712,563,402
2713,563,403
2714,563,404
2715,563,405
2716,563,406
2717,563,407
2718,563,408
2719,563,409
2720,563,410
2721,563,411
2722,563,412
2723,563,413
2724,563,414
2725,563,415
2726,563,416
2727,563,417
2728,563,418
2729,563,419
2730,563,420
2731,563,421
2732,563,422
2733,563,423
2734,563,424
2735,563,425
2736,563,426
2737,563,427
2738,563,428
2739,563,429
2740,563,430
2741,563,431
2742,563,432
2743,563,433
2744,563,434
2745,563,435
2746,563,436
2747,563,437
2748,563,438
2749,563,439
2750,563,440
2751,563,441
2752,563,442
2753,563,443
2754,563,444
2755,563,445
2756,563,446
2757,563,447
2758,563,448
2759,563,449
2760,563,450
2761,563,451
2762,563,452
2763,563,453
2764,563,454
2765,563,455
2766,563,456
2767,563,457
2768,563,458
2769,563,459
2770,563,460
2771,563,461
2772,563,462
2773,563,463
2774,563,464
2775,563,465
2776,563,466
2777,563,467
2778,563,468
2779,563,469
2780,563,470
2781,564,338
2782,564,339
2783,564,340
2784,564,341
2785,564,342
2786,564,343
2787,564,344
2788,564,345
2789,564,346
2790,564,347
2791,564,348
2792,564,349
2793,564,350
2794,564,351
2795,564,352
2796,564,353
2797,564,354
2798,564,355
2799,564,356
2800,564,357
2801,564,358
2802,564,359
2803,564,360
2804,564,361
2805,564,362
2806,564,363
2807,564,364
2808,564,365
2809,564,366
2810,564,367
2811,564,368
2812,564,369
2813,564,370
2814,564,371
2815,564,372
2816,564,373
2817,564,374
2818,564,375
2819,564,376
2820,564,377
2821,564,378
2822,564,379
2823,564,380
2824,564,381
2825,564,382
2826,564,383
2827,564,384
2828,564,385
2829,564,386
2830,564,387
2831,564,388
2832,564,389
2833,564,390
2834,564,391
2835,564,392
2836,564,393
2837,564,394
2838,564,395
2839,564,396
2840,564,397
2841,564,398
2842,564,399
2843,564,400
2844,564,401
2845,564,402
2846,564,403
2847,564,404
2848,564,405
2849,564,406
2850,564,407
2851,564,408
2852,564,409
2853,564,410
2854,564,411
2855,564,412
2856,564,413
2857,564,414
2858,564,415
2859,564,416
2860,564,417
2861,564,418
2862,564,419
2863,564,420
2864,564,421
2865,564,422
2866,564,423
2867,564,424
2868,564,425
2869,564,426
2870,564,427
2871,564,428
2872,564,429
2873,564,430
2874,564,431
2875,564,432
2876,564,433
2877,564,434
2878,564,435
2879,564,436
2880,564,437
2881,564,438
2882,564,439
2883,564,440
2884,564,441
2885,564,442
2886,564,443
2887,564,444
2888,564,445
2889,564,446
2890,564,447
2891,564,448
2892,564,449
2893,564,450
2894,564,451
2895,564,452
2896,564,453
2897,564,454
2898,564,455
2899,564,456
2900,564,457
2901,564,458
2902,564,459
2903,564,460
2904,564,461
2905,564,462
2906,564,463
2907,564,464
2908,564,465
2909,564,466
2910,564,467
2911,564,468
2912,564,469
2913,564,470
2914,564,471
2915,564,472
2916,565,338
2917,565,339
2918,565,340
2919,565,341
2920,565,342
2921,565,343
2922,565,344
2923,565,345
2924,565,346
2925,565,347
2926,565,348
2927,565,349
2928,565,350
2929,565,351
2930,565,352
2931,565,353
2932,565,354
2933,565,355
2934,565,356
2935,565,357
2936,565,358
2937,565,359
2938,565,360
2939,565,361
2940,565,362
2941,565,363
2942,565,364
2943,565,365
2944,565,366
2945,565,367
2946,565,368
2947,565,369
2948,565,370
2949,565,371
2950,565,372
2951,565,373
2952,565,374
2953,565,375
2954,565,376
2955,565,377
2956,565,378
2957,565,379
2958,565,380
2959,565,381
2960,565,382
2961,565,383
2962,565,384
2963,565,385
2964,565,386
2965,565,387
2966,565,388
2967,565,389
2968,565,390
2969,565,391
2970,565,392
2971,565,393
2972,565,394
2973,565,395
2974,565,396
2975,565,397
2976,565,398
2977,565,399
2978,565,400
2979,565,401
2980,565,402
2981,565,403
2982,565,404
2983,565,405
2984,565,406
2985,565,407
2986,565,408
2987,565,409
2988,565,410
2989,565,411
2990,565,412
2991,565,413
2992,565,414
2993,565,415
2994,565,416
2995,565,417
2996,565,418
2997,565,419
2998,565,420
2999,565,421
3000,565,422
3001,565,423
3002,565,424
3003,565,425
3004,565,426
3005,565,427
3006,565,428
3007,565,429
3008,565,430
3009,565,431
3010,565,432
3011,565,433
3012,565,434
3013,565,435
3014,565,436
3015,565,437
3016,565,438
3017,565,439
3018,565,440
3019,565,441
3020,565,442
3021,565,443
3022,565,444
3023,565,445
3024,565,446
3025,565,447
3026,565,448
3027,565,449
3028,565,450
3029,565,451
3030,565,452
3031,565,453
3032,565,454
3033,565,455
3034,565,456
3035,565,457
3036,565,458
3037,565,459
3038,565,460
3039,565,461
3040,565,462
3041,565,463
3042,565,464
3043,565,465
3044,565,466
3045,565,467
3046,565,468
3047,565,469
3048,565,470
3049,565,471
3050,565,472
3051,565,473
3052,566,339
3053,566,340
3054,566,341
3055,566,342
3056,566,343
3057,566,344
3058,566,345
3059,566,346
3060,566,347
3061,566,348
3062,566,349
3063,566,350
3064,566,351
3065,566,352
3066,566,353
3067,566,354
3068,566,355
3069,566,356
3070,566,357
3071,566,358
3072,566,359
3073,566,360
3074,566,361
3075,566,362
3076,566,363
3077,566,364
3078,566,365
3079,566,366
3080,566,367
3081,566,368
3082,566,369
3083,566,370
3084,566,371
3085,566,372
3086,566,373
3087,566,374
3088,566,375
3089,566,376
3090,566,377
3091,566,378
3092,566,379
3093,566,380
3094,566,381
3095,566,382
3096,566,383
3097,566,384
3098,566,385
3099,566,386
3100,566,387
3101,566,388
3102,566,389
3103,566,390
3104,566,391
3105,566,392
3106,566,393
3107,566,394
3108,566,395
3109,566,396
3110,566,397
3111,566,398
3112,566,399
3113,566,400
3114,566,401
3115,566,402
3116,566,403
3117,566,404
3118,566,405
3119,566,406
3120,566,407
3121,566,408
3122,566,409
3123,566,410
3124,566,411
3125,566,412
3126,566,413
3127,566,414
3128,566,415
3129,566,416
3130,566,417
3131,566,418
3132,566,419
3133,566,420
3134,566,421
3135,566,422
3136,566,423
3137,566,424
3138,566,425
3139,566,426
3140,566,427
3141,566,428
3142,566,429
3143,566,430
3144,566,431
3145,566,432
3146,566,433
3147,566,434
3148,566,435
3149,566,436
3150,566,437
3151,566,438
3152,566,439
3153,566,440
3154,566,441
3155,566,442
3156,566,443
3157,566,444
3158,566,445
3159,566,446
3160,566,447
3161,566,448
3162,566,449
3163,566,450
3164,566,451
3165,566,452
3166,566,453
3167,566,454
3168,566,455
3169,566,456
3170,566,457
3171,566,458
3172,566,459
3173,566,460
3174,566,461
3175,566,462
3176,566,463
3177,566,464
3178,566,465
3179,566,466
3180,566,467
3181,566,468
3182,566,469
3183,566,470
3184,566,471
3185,566,472
3186,566,473
3187,566,474
3188,567,339
3189,567,340
3190,567,341
3191,567,342
3192,567,343
3193,567,344
3194,567,345
3195,567,346
3196,567,347
3197,567,348
3198,567,349
3199,567,350
3200,567,351
3201,567,352
3202,567,353
3203,567,354
3204,567,355
3205,567,356
3206,567,357
3207,567,358
3208,567,359
3209,567,360
3210,567,361
3211,567,362
3212,567,363
3213,567,364
3214,567,365
3215,567,366
3216,567,367
3217,567,368
3218,567,369
3219,567,370
3220,567,371
3221,567,372
3222,567,373
3223,567,374
3224,567,375
3225,567,376
3226,567,377
3227,567,378
3228,567,379
3229,567,380
3230,567,381
3231,567,382
3232,567,383
3233,567,384
3234,567,385
3235,567,386
3236,567,387
3237,567,388
3238,567,389
3239,567,390
3240,567,391
3241,567,392
3242,567,393
3243,567,394
3244,567,395
3245,567,396
3246,567,397
3247,567,398
3248,567,399
3249,567,400
3250,567,401
3251,567,402
3252,567,403
3253,567,404
3254,567,405
3255,567,406
3256,567,407
3257,567,408
3258,567,409
3259,567,410
3260,567,411
3261,567,412
3262,567,413
3263,567,414
3264,567,415
3265,567,416
3266,567,417
3267,567,418
3268,567,419
3269,567,420
3270,567,421
3271,567,422
3272,567,423
3273,567,424
3274,567,425
3275,567,426
3276,567,427
3277,567,428
3278,567,429
3279,567,430
3280,567,431
3281,567,432
3282,567,433
3283,567,434
3284,567,435
3285,567,436
3286,567,437
3287,567,438
3288,567,439
3289,567,440
3290,567,441
3291,567,442
3292,567,443
3293,567,444
3294,567,445
3295,567,446
3296,567,447
3297,567,448
3298,567,449
3299,567,450
3300,567,451
3301,567,452
3302,567,453
3303,567,454
3304,567,455
3305,567,456
3306,567,457
3307,567,458
3308,567,459
3309,567,460
3310,567,461
3311,567,462
3312,567,463
3313,567,464
3314,567,465
3315,567,466
3316,567,467
3317,567,468
3318,567,469
3319,567,470
3320,567,471
3321,567,472
3322,567,473
3323,567,474
3324,567,475
3325,568,340
3326,568,341
3327,568,342
3328,568,343
3329,568,344
3330,568,345
3331,568,346
3332,568,347
3333,568,348
3334,568,349
3335,568,350
3336,568,351
3337,568,352
3338,568,353
3339,568,354
3340,568,355
3341,568,356
3342,568,357
3343,568,358
3344,568,359
3345,568,360
3346,568,361
3347,568,362
3348,568,363
3349,568,364
3350,568,365
3351,568,366
3352,568,367
3353,568,368
3354,568,369
3355,568,370
3356,568,371
3357,568,372
3358,568,373
3359,568,374
3360,568,375
3361,568,376
3362,568,377
3363,568,378
3364,568,379
3365,568,380
3366,568,381
3367,568,382
3368,568,383
3369,568,384
3370,568,385
3371,568,386
3372,568,387
3373,568,388
3374,568,389
3375,568,390
3376,568,391
3377,568,392
3378,568,393
3379,568,394
3380,568,395
3381,568,396
3382,568,397
3383,568,398
3384,568,399
3385,568,400
3386,568,401
3387,568,402
3388,568,403
3389,568,404
3390,568,405
3391,568,406
3392,568,407
3393,568,408
3394,568,409
3395,568,410
3396,568,411
3397,568,412
3398,568,413
3399,568,414
3400,568,415
3401,568,416
3402,568,417
3403,568,418
3404,568,419
3405,568,420
3406,568,421
3407,568,422
3408,568,423
3409,568,424
3410,568,425
3411,568,426
3412,568,427
3413,568,428
3414,568,429
3415,568,430
3416,568,431
3417,568,432
3418,568,433
3419,568,434
3420,568,435
3421,568,436
3422,568,437
3423,568,438
3424,568,439
3425,568,440
3426,568,441
3427,568,442
3428,568,443
3429,568,444
3430,568,445
3431,568,446
3432,568,447
3433,568,448
3434,568,449
3435,568,450
3436,568,451
3437,568,452
3438,568,453
3439,568,454
3440,568,455
3441,568,456
3442,568,457
3443,568,458
3444,568,459
3445,568,460
3446,568,461
3447,568,462
3448,568,463
3449,568,464
3450,568,465
3451,568,466
3452,568,467
3453,568,468
3454,568,469
3455,568,470
3456,568,471
3457,568,472
3458,568,473
3459,568,474
3460,568,475
3461,568,476
3462,569,340
3463,569,341
3464,569,342
3465,569,343
3466,569,344
3467,569,345
3468,569,346
3469,569,347
3470,569,348
3471,569,349
3472,569,350
3473,569,351
3474,569,352
3475,569,353
3476,569,354
3477,569,355
3478,569,356
3479,569,357
3480,569,358
3481,569,359
3482,569,360
3483,569,361
3484,569,362
3485,569,363
3486,569,364
3487,569,365
3488,569,366
3489,569,367
3490,569,368
3491,569,369
3492,569,370
3493,569,371
3494,569,372
3495,569,373
3496,569,374
3497,569,375
3498,569,376
3499,569,377
3500,569,378
3501,569,379
3502,569,380
3503,569,381
3504,569,382
3505,569,383
3506,569,384
3507,569,385
3508,569,386
3509,569,387
3510,569,388
3511,569,389
3512,569,390
3513,569,391
3514,569,392
3515,569,393
3516,569,394
3517,569,395
3518,569,396
3519,569,397
3520,569,398
3521,569,399
3522,569,400
3523,569,401
3524,569,402
3525,569,403
3526,569,404
3527,569,405
3528,569,406
3529,569,407
3530,569,408
3531,569,409
3532,569,410
3533,569,411
3534,569,412
3535,569,413
3536,569,414
3537,569,415
3538,569,416
3539,569,417
3540,569,418
3541,569,419
3542,569,420
3543,569,421
3544,569,422
3545,569,423
3546,569,424
3547,569,425
3548,569,426
3549,569,427
3550,569,428
3551,569,429
3552,569,430
3553,569,431
3554,569,432
3555,569,433
3556,569,434
3557,569,435
3558,569,436
3559,569,437
3560,569,438
3561,569,439
3562,569,440
3563,569,441
3564,569,442
3565,569,443
3566,569,444
3567,569,445
3568,569,446
3569,569,447
3570,569,448
3571,569,449
3572,569,450
3573,569,451
3574,569,452
3575,569,453
3576,569,454
3577,569,455
3578,569,456
3579,569,457
3580,569,458
3581,569,459
3582,569,460
3583,569,461
3584,569,462
3585,569,463
3586,569,464
3587,569,465
3588,569,466
3589,569,467
3590,569,468
3591,569,469
3592,569,470
3593,569,471
3594,569,472
3595,569,473
3596,569,474
3597,569,475
3598,569,476
3599,569,477
3600,570,341
3601,570,342
3602,570,343
3603,570,344
3604,570,345
3605,570,346
3606,570,347
3607,570,348
3608,570,349
3609,570,350
3610,570,351
3611,570,352
3612,570,353
3613,570,354
3614,570,355
3615,570,356
3616,570,357
3617,570,358
3618,570,359
3619,570,360
3620,570,361
3621,570,362
3622,570,363
3623,570,364
3624,570,365
3625,570,366
3626,570,367
3627,570,368
3628,570,369
3629,570,370
3630,570,371
3631,570,372
3632,570,373
3633,570,374
3634,570,375
3635,570,376
3636,570,377
3637,570,378
3638,570,379
3639,570,380
3640,570,381
3641,570,382
3642,570,383
3643,570,384
3644,570,385
3645,570,386
3646,570,387
3647,570,388
3648,570,389
3649,570,390
3650,570,391
3651,570,392
3652,570,393
3653,570,394
3654,570,395
3655,570,396
3656,570,397
3657,570,398
3658,570,399
3659,570,400
3660,570,401
3661,570,402
3662,570,403
3663,570,404
3664,570,405
3665,570,406
3666,570,407
3667,570,408
3668,570,409
3669,570,410
3670,570,411
3671,570,412
3672,570,413
3673,570,414
3674,570,415
3675,570,416
3676,570,417
3677,570,418
3678,570,419
3679,570,420
3680,570,421
3681,570,422
3682,570,423
3683,570,424
3684,570,425
3685,570,426
3686,570,427
3687,570,428
3688,570,429
3689,570,430
3690,570,431
3691,570,432
3692,570,433
3693,570,434
3694,570,435
3695,570,436
3696,570,437
3697,570,438
3698,570,439
3699,570,440
3700,570,441
3701,570,442
3702,570,443
3703,570,444
3704,570,445
3705,570,446
3706,570,447
3707,570,448
3708,570,449
3709,570,450
3710,570,451
3711,570,452
3712,570,453
3713,570,454
3714,570,455
3715,570,456
3716,570,457
3717,570,458
3718,570,459
3719,570,460
3720,570,461
3721,570,462
3722,570,463
3723,570,464
3724,570,465
3725,570,466
3726,570,467
3727,570,468
3728,570,469
3729,570,470
3730,570,471
3731,570,472
3732,570,473
3733,570,474
3734,570,475
3735,570,476
3736,570,477
3737,570,478
3738,571,341
3739,571,342
3740,571,343
3741,571,344
3742,571,345
3743,571,346
3744,571,347
3745,571,348
3746,571,349
3747,571,350
3748,571,351
3749,571,352
3750,571,353
3751,571,354
3752,571,355
3753,571,356
3754,571,357
3755,571,358
3756,571,359
3757,571,360
3758,571,361
3759,571,362
3760,571,363
3761,571,364
3762,571,365
3763,571,366
3764,571,367
3765,571,368
3766,571,369
3767,571,370
3768,571,371
3769,571,372
3770,571,373
3771,571,374
3772,571,375
3773,571,376
3774,571,377
3775,571,378
3776,571,379
3777,571,380
3778,571,381
3779,571,382
3780,571,383
3781,571,384
3782,571,385
3783,571,386
3784,571,387
3785,571,388
3786,571,389
3787,571,390
3788,571,391
3789,571,392
3790,571,393
3791,571,394
3792,571,395
3793,571,396
3794,571,397
3795,571,398
3796,571,399
3797,571,400
3798,571,401
3799,571,402
3800,571,403
3801,571,404
3802,571,405
3803,571,406
3804,571,407
3805,571,408
3806,571,409
3807,571,410
3808,571,411
3809,571,412
3810,571,413
3811,571,414
3812,571,415
3813,571,416
3814,571,417
3815,571,418
3816,571,419
3817,571,420
3818,571,421
3819,571,422
3820,571,423
3821,571,424
3822,571,425
3823,571,426
3824,571,427
3825,571,428
3826,571,429
3827,571,430
3828,571,431
3829,571,432
3830,571,433
3831,571,434
3832,571,435
3833,571,436
3834,571,437
3835,571,438
3836,571,439
3837,571,440
3838,571,441
3839,571,442
3840,571,443
3841,571,444
3842,571,445
3843,571,446
3844,571,447
3845,571,448
3846,571,449
3847,571,450
3848,571,451
3849,571,452
3850,571,453
3851,571,454
3852,571,455
3853,571,456
3854,571,457
3855,571,458
3856,571,459
3857,571,460
3858,571,461
3859,571,462
3860,571,463
3861,571,464
3862,571,465
3863,571,466
3864,571,467
3865,571,468
3866,571,469
3867,571,470
3868,571,471
3869,571,472
3870,571,473
3871,571,474
3872,571,475
3873,571,476
3874,571,477
3875,571,478
3876,571,479
3877,572,342
3878,572,343
3879,572,344
3880,572,345
3881,572,346
3882,572,347
3883,572,348
3884,572,349
3885,572,350
3886,572,351
3887,572,352
3888,572,353
3889,572,354
3890,572,355
3891,572,356
3892,572,357
3893,572,358
3894,572,359
3895,572,360
3896,572,361
3897,572,362
3898,572,363
3899,572,364
3900,572,365
3901,572,366
3902,572,367
3903,572,368
3904,572,369
3905,572,370
3906,572,371
3907,572,372
3908,572,373
3909,572,374
3910,572,375
3911,572,376
3912,572,377
3913,572,378
3914,572,379
3915,572,380
3916,572,381
3917,572,382
3918,572,383
3919,572,384
3920,572,385
3921,572,386
3922,572,387
3923,572,388
3924,572,389
3925,572,390
3926,572,391
3927,572,392
3928,572,393
3929,572,394
3930,572,395
3931,572,396
3932,572,397
3933,572,398
3934,572,399
3935,572,400
3936,572,401
3937,572,402
3938,572,403
3939,572,404
3940,572,405
3941,572,406
3942,572,407
3943,572,408
3944,572,409
3945,572,410
3946,572,411
3947,572,412
3948,572,413
3949,572,414
3950,572,415
3951,572,416
3952,572,417
3953,572,418
3954,572,419
3955,572,420
3956,572,421
3957,572,422
3958,572,423
3959,572,424
3960,572,425
3961,572,426
3962,572,427
3963,572,428
3964,572,429
3965,572,430
3966,572,431
3967,572,432
3968,572,433
3969,572,434
3970,572,435
3971,572,436
3972,572,437
3973,572,438
3974,572,439
3975,572,440
3976,572,441
3977,572,442
3978,572,443
3979,572,444
3980,572,445
3981,572,446
3982,572,447
3983,572,448
3984,572,449
3985,572,450
3986,572,451
3987,572,452
3988,572,453
3989,572,454
3990,572,455
3991,572,456
3992,572,457
3993,572,458
3994,572,459
3995,572,460
3996,572,461
3997,572,462
3998,572,463
3999,572,464
4000,572,465
4001,572,466
4002,572,467
4003,572,468
4004,572,469
4005,572,470
4006,572,471
4007,572,472
4008,572,473
4009,572,474
4010,572,475
4011,572,476
4012,572,477
4013,572,478
4014,572,479
4015,572,480
4016,573,342
4017,573,343
4018,573,344
4019,573,345
4020,573,346
4021,573,347
4022,573,348
4023,573,349
4024,573,350
4025,573,351
4026,573,352
4027,573,353
4028,573,354
4029,573,355
4030,573,356
4031,573,357
4032,573,358
4033,573,359
4034,573,360
4035,573,361
4036,573,362
4037,573,363
4038,573,364
4039,573,365
4040,573,366
4041,573,367
4042,573,368
4043,573,369
4044,573,370
4045,573,371
4046,573,372
4047,573,373
4048,573,374
4049,573,375
4050,573,376
4051,573,377
4052,573,378
4053,573,379
4054,573,380
4055,573,381
4056,573,382
4057,573,383
4058,573,384
4059,573,385
4060,573,386
4061,573,387
4062,573,388
4063,573,389
4064,573,390
4065,573,391
4066,573,392
4067,573,393
4068,573,394
4069,573,395
4070,573,396
4071,573,397
4072,573,398
4073,573,399
4074,573,400
4075,573,401
4076,573,402
4077,573,403
4078,573,404
4079,573,405
4080,573,406
4081,573,407
4082,573,408
4083,573,409
4084,573,410
4085,573,411
4086,573,412
4087,573,413
4088,573,414
4089,573,415
4090,573,416
4091,573,417
4092,573,418
4093,573,419
4094,573,420
4095,573,421
4096,573,422
4097,573,423
4098,573,424
4099,573,425
4100,573,426
4101,573,427
4102,573,428
4103,573,429
4104,573,430
4105,573,431
4106,573,432
4107,573,433
4108,573,434
4109,573,435
4110,573,436
4111,573,437
4112,573,438
4113,573,439
4114,573,440
4115,573,441
4116,573,442
4117,573,443
4118,573,444
4119,573,445
4120,573,446
4121,573,447
4122,573,448
4123,573,449
4124,573,450
4125,573,451
4126,573,452
4127,573,453
4128,573,454
4129,573,455
4130,573,456
4131,573,457
4132,573,458
4133,573,459
4134,573,460
4135,573,461
4136,573,462
4137,573,463
4138,573,464
4139,573,465
4140,573,466
4141,573,467
4142,573,468
4143,573,469
4144,573,470
4145,573,471
4146,573,472
4147,573,473
4148,573,474
4149,573,475
4150,573,476
4151,573,477
4152,573,478
4153,573,479
4154,573,480
4155,573,481
4156,573,482
4157,574,343
4158,574,344
4159,574,345
4160,574,346
4161,574,347
4162,574,348
4163,574,349
4164,574,350
4165,574,351
4166,574,352
4167,574,353
4168,574,354
4169,574,355
4170,574,356
4171,574,357
4172,574,358
4173,574,359
4174,574,360
4175,574,361
4176,574,362
4177,574,363
4178,574,364
4179,574,365
4180,574,366
4181,574,367
4182,574,368
4183,574,369
4184,574,370
4185,574,371
4186,574,372
4187,574,373
4188,574,374
4189,574,375
4190,574,376
4191,574,377
4192,574,378
4193,574,379
4194,574,380
4195,574,381
4196,574,382
4197,574,383
4198,574,384
4199,574,385
4200,574,386
4201,574,387
4202,574,388
4203,574,389
4204,574,390
4205,574,391
4206,574,392
4207,574,393
4208,574,394
4209,574,395
4210,574,396
4211,574,397
4212,574,398
4213,574,399
4214,574,400
4215,574,401
4216,574,402
4217,574,403
4218,574,404
4219,574,405
4220,574,406
4221,574,407
4222,574,408
4223,574,409
4224,574,410
4225,574,411
4226,574,412
4227,574,413
4228,574,414
4229,574,415
4230,574,416
4231,574,417
4232,574,418
4233,574,419
4234,574,420
4235,574,421
4236,574,422
4237,574,423
4238,574,424
4239,574,425
4240,574,426
4241,574,427
4242,574,428
4243,574,429
4244,574,430
4245,574,431
4246,574,432
4247,574,433
4248,574,434
4249,574,435
4250,574,436
4251,574,437
4252,574,438
4253,574,439
4254,574,440
4255,574,441
4256,574,442
4257,574,443
4258,574,444
4259,574,445
4260,574,446
4261,574,447
4262,574,448
4263,574,449
4264,574,450
4265,574,451
4266,574,452
4267,574,453
4268,574,454
4269,574,455
4270,574,456
4271,574,457
4272,574,458
4273,574,459
4274,574,460
4275,574,461
4276,574,462
4277,574,463
4278,574,464
4279,574,465
4280,574,466
4281,574,467
4282,574,468
4283,574,469
4284,574,470
4285,574,471
4286,574,472
4287,574,473
4288,574,474
4289,574,475
4290,574,476
4291,574,477
4292,574,478
4293,574,479
4294,574,480
4295,574,481
4296,574,482
4297,574,483
4298,575,343
4299,575,344
4300,575,345
4301,575,346
4302,575,347
4303,575,348
4304,575,349
4305,575,350
4306,575,351
4307,575,352
4308,575,353
4309,575,354
4310,575,355
4311,575,356
4312,575,357
4313,575,358
4314,575,359
4315,575,360
4316,575,361
4317,575,362
4318,575,363
4319,575,364
4320,575,365
4321,575,366
4322,575,367
4323,575,368
4324,575,369
4325,575,370
4326,575,371
4327,575,372
4328,575,373
4329,575,374
4330,575,375
4331,575,376
4332,575,377
4333,575,378
4334,575,379
4335,575,380
4336,575,381
4337,575,382
4338,575,383
4339,575,384
4340,575,385
4341,575,386
4342,575,387
4343,575,388
4344,575,389
4345,575,390
4346,575,391
4347,575,392
4348,575,393
4349,575,394
4350,575,395
4351,575,396
4352,575,397
4353,575,398
4354,575,399
4355,575,400
4356,575,401
4357,575,402
4358,575,403
4359,575,404
4360,575,405
4361,575,406
4362,575,407
4363,575,408
4364,575,409
4365,575,410
4366,575,411
4367,575,412
4368,575,413
4369,575,414
4370,575,415
4371,575,416
4372,575,417
4373,575,418
4374,575,419
4375,575,420
4376,575,421
4377,575,422
4378,575,423
4379,575,424
4380,575,425
4381,575,426
4382,575,427
4383,575,428
4384,575,429
4385,575,430
4386,575,431
4387,575,432
4388,575,433
4389,575,434
4390,575,435
4391,575,436
4392,575,437
4393,575,438
4394,575,439
4395,575,440
4396,575,441
4397,575,442
4398,575,443
4399,575,444
4400,575,445
4401,575,446
4402,575,447
4403,575,448
4404,575,449
4405,575,450
4406,575,451
4407,575,452
4408,575,453
4409,575,454
4410,575,455
4411,575,456
4412,575,457
4413,575,458
4414,575,459
4415,575,460
4416,575,461
4417,575,462
4418,575,463
4419,575,464
4420,575,465
4421,575,466
4422,575,467
4423,575,468
4424,575,469
4425,575,470
4426,575,471
4427,575,472
4428,575,473
4429,575,474
4430,575,475
4431,575,476
4432,575,477
4433,575,478
4434,575,479
4435,575,480
4436,575,481
4437,575,482
4438,575,483
4439,575,484
4440,576,344
4441,576,345
4442,576,346
4443,576,347
4444,576,348
4445,576,349
4446,576,350
4447,576,351
4448,576,352
4449,576,353
4450,576,354
4451,576,355
4452,576,356
4453,576,357
4454,576,358
4455,576,359
4456,576,360
4457,576,361
4458,576,362
4459,576,363
4460,576,364
4461,576,365
4462,576,366
4463,576,367
4464,576,368
4465,576,369
4466,576,370
4467,576,371
4468,576,372
4469,576,373
4470,576,374
4471,576,375
4472,576,376
4473,576,377
4474,576,378
4475,576,379
4476,576,380
4477,576,381
4478,576,382
4479,576,383
4480,576,384
4481,576,385
4482,576,386
4483,576,387
4484,576,388
4485,576,389
4486,576,390
4487,576,391
4488,576,392
4489,576,393
4490,576,394
4491,576,395
4492,576,396
4493,576,397
4494,576,398
4495,576,399
4496,576,400
4497,576,401
4498,576,402
4499,576,403
4500,576,404
4501,576,405
4502,576,406
4503,576,407
4504,576,408
4505,576,409
4506,576,410
4507,576,411
4508,576,412
4509,576,413
4510,576,414
4511,576,415
4512,576,416
4513,576,417
4514,576,418
4515,576,419
4516,576,420
4517,576,421
4518,576,422
4519,576,423
4520,576,424
4521,576,425
4522,576,426
4523,576,427
4524,576,428
4525,576,429
4526,576,430
4527,576,431
4528,576,432
4529,576,433
4530,576,434
4531,576,435
4532,576,436
4533,576,437
4534,576,438
4535,576,439
4536,576,440
4537,576,441
4538,576,442
4539,576,443
4540,576,444
4541,576,445
4542,576,446
4543,576,447
4544,576,448
4545,576,449
4546,576,450
4547,576,451
4548,576,452
4549,576,453
4550,576,454
4551,576,455
4552,576,456
4553,576,457
4554,576,458
4555,576,459
4556,576,460
4557,576,461
4558,576,462
4559,576,463
4560,576,464
4561,576,465
4562,576,466
4563,576,467
4564,576,468
4565,576,469
4566,576,470
4567,576,471
4568,576,472
4569,576,473
4570,576,474
4571,576,475
4572,576,476
4573,576,477
4574,576,478
4575,576,479
4576,576,480
4577,576,481
4578,576,482
4579,576,483
4580,576,484
4581,576,485
4582,577,344
4583,577,345
4584,577,346
4585,577,347
4586,577,348
4587,577,349
4588,577,350
4589,577,351
4590,577,352
4591,577,353
4592,577,354
4593,577,355
4594,577,356
4595,577,357
4596,577,358
4597,577,359
4598,577,360
4599,577,361
4600,577,362
4601,577,363
4602,577,364
4603,577,365
4604,577,366
4605,577,367
4606,577,368
4607,577,369
4608,577,370
4609,577,371
4610,577,372
4611,577,373
4612,577,374
4613,577,375
4614,577,376
4615,577,377
4616,577,378
4617,577,379
4618,577,380
4619,577,381
4620,577,382
4621,577,383
4622,577,384
4623,577,385
4624,577,386
4625,577,387
4626,577,388
4627,577,389
4628,577,390
4629,577,391
4630,577,392
4631,577,393
4632,577,394
4633,577,395
4634,577,396
4635,577,397
4636,577,398
4637,577,399
4638,577,400
4639,577,401
4640,577,402
4641,577,403
4642,577,404
4643,577,405
4644,577,406
4645,577,407
4646,577,408
4647,577,409
4648,577,410
4649,577,411
4650,577,412
4651,577,413
4652,577,414
4653,577,415
4654,577,416
4655,577,417
4656,577,418
4657,577,419
4658,577,420
4659,577,421
4660,577,422
4661,577,423
4662,577,424
4663,577,425
4664,577,426
4665,577,427
4666,577,428
4667,577,429
4668,577,430
4669,577,431
4670,577,432
4671,577,433
4672,577,434
4673,577,435
4674,577,436
4675,577,437
4676,577,438
4677,577,439
4678,577,440
4679,577,441
4680,577,442
4681,577,443
4682,577,444
4683,577,445
4684,577,446
4685,577,447
4686,577,448
4687,577,449
4688,577,450
4689,577,451
4690,577,452
4691,577,453
4692,577,454
4693,577,455
4694,577,456
4695,577,457
4696,577,458
4697,577,459
4698,577,460
4699,577,461
4700,577,462
4701,577,463
4702,577,464
4703,577,465
4704,577,466
4705,577,467
4706,577,468
4707,577,469
4708,577,470
4709,577,471
4710,577,472
4711,577,473
4712,577,474
4713,577,475
4714,577,476
4715,577,477
4716,577,478
4717,577,479
4718,577,480
4719,577,481
4720,577,482
4721,577,483
4722,577,484
4723,577,485
4724,577,486
4725,578,345
4726,578,346
4727,578,347
4728,578,348
4729,578,349
4730,578,350
4731,578,351
4732,578,352
4733,578,353
4734,578,354
4735,578,355
4736,578,356
4737,578,357
4738,578,358
4739,578,359
4740,578,360
4741,578,361
4742,578,362
4743,578,363
4744,578,364
4745,578,365
4746,578,366
4747,578,367
4748,578,368
4749,578,369
4750,578,370
4751,578,371
4752,578,372
4753,578,373
4754,578,374
4755,578,375
4756,578,376
4757,578,377
4758,578,378
4759,578,379
4760,578,380
4761,578,381
4762,578,382
4763,578,383
4764,578,384
4765,578,385
4766,578,386
4767,578,387
4768,578,388
4769,578,389
4770,578,390
4771,578,391
4772,578,392
4773,578,393
4774,578,394
4775,578,395
4776,578,396
4777,578,397
4778,578,398
4779,578,399
4780,578,400
4781,578,401
4782,578,402
4783,578,403
4784,578,404
4785,578,405
4786,578,406
4787,578,407
4788,578,408
4789,578,409
4790,578,410
4791,578,411
4792,578,412
4793,578,413
4794,578,414
4795,578,415
4796,578,416
4797,578,417
4798,578,418
4799,578,419
4800,578,420
4801,578,421
4802,578,422
4803,578,423
4804,578,424
4805,578,425
4806,578,426
4807,578,427
4808,578,428
4809,578,429
4810,578,430
4811,578,431
4812,578,432
4813,578,433
4814,578,434
4815,578,435
4816,578,436
4817,578,437
4818,578,438
4819,578,439
4820,578,440
4821,578,441
4822,578,442
4823,578,443
4824,578,444
4825,578,445
4826,578,446
4827,578,447
4828,578,448
4829,578,449
4830,578,450
4831,578,451
4832,578,452
4833,578,453
4834,578,454
4835,578,455
4836,578,456
4837,578,457
4838,578,458
4839,578,459
4840,578,460
4841,578,461
4842,578,462
4843,578,463
4844,578,464
4845,578,465
4846,578,466
4847,578,467
4848,578,468
4849,578,469
4850,578,470
4851,578,471
4852,578,472
4853,578,473
4854,578,474
4855,578,475
4856,578,476
4857,578,477
4858,578,478
4859,578,479
4860,578,480
4861,578,481
4862,578,482
4863,578,483
4864,578,484
4865,578,485
4866,578,486
4867,578,487
4868,579,345
4869,579,346
4870,579,347
4871,579,348
4872,579,349
4873,579,350
4874,579,351
4875,579,352
4876,579,353
4877,579,354
4878,579,355
4879,579,356
4880,579,357
4881,579,358
4882,579,359
4883,579,360
4884,579,361
4885,579,362
4886,579,363
4887,579,364
4888,579,365
4889,579,366
4890,579,367
4891,579,368
4892,579,369
4893,579,370
4894,579,371
4895,579,372
4896,579,373
4897,579,374
4898,579,375
4899,579,376
4900,579,377
4901,579,378
4902,579,379
4903,579,380
4904,579,381
4905,579,382
4906,579,383
4907,579,384
4908,579,385
4909,579,386
4910,579,387
4911,579,388
4912,579,389
4913,579,390
4914,579,391
4915,579,392
4916,579,393
4917,579,394
4918,579,395
4919,579,396
4920,579,397
4921,579,398
4922,579,399
4923,579,400
4924,579,401
4925,579,402
4926,579,403
4927,579,404
4928,579,405
4929,579,406
4930,579,407
4931,579,408
4932,579,409
4933,579,410
4934,579,411
4935,579,412
4936,579,413
4937,579,414
4938,579,415
4939,579,416
4940,579,417
4941,579,418
4942,579,419
4943,579,420
4944,579,421
4945,579,422
4946,579,423
4947,579,424
4948,579,425
4949,579,426
4950,579,427
4951,579,428
4952,579,429
4953,579,430
4954,579,431
4955,579,432
4956,579,433
4957,579,434
4958,579,435
4959,579,436
4960,579,437
4961,579,438
4962,579,439
4963,579,440
4964,579,441
4965,579,442
4966,579,443
4967,579,444
4968,579,445
4969,579,446
4970,579,447
4971,579,448
4972,579,449
4973,579,450
4974,579,451
4975,579,452
4976,579,453
4977,579,454
4978,579,455
4979,579,456
4980,579,457
4981,579,458
4982,579,459
4983,579,460
4984,579,461
4985,579,462
4986,579,463
4987,579,464
4988,579,465
4989,579,466
4990,579,467
4991,579,468
4992,579,469
4993,579,470
4994,579,471
4995,579,472
4996,579,473
4997,579,474
4998,579,475
4999,579,476
5000,579,477
5001,579,478
5002,579,479
5003,579,480
5004,579,481
5005,579,482
5006,579,483
5007,579,484
5008,579,485
5009,579,486
5010,579,487
5011,579,488
5012,580,346
5013,580,347
5014,580,348
5015,580,349
5016,580,350
5017,580,351
5018,580,352
5019,580,353
5020,580,354
5021,580,355
5022,580,356
5023,580,357
5024,580,358
5025,580,359
5026,580,360
5027,580,361
5028,580,362
5029,580,363
5030,580,364
5031,580,365
5032,580,366
5033,580,367
5034,580,368
5035,580,369
5036,580,370
5037,580,371
5038,580,372
5039,580,373
5040,580,374
5041,580,375
5042,580,376
5043,580,377
5044,580,378
5045,580,379
5046,580,380
5047,580,381
5048,580,382
5049,580,383
5050,580,384
5051,580,385
5052,580,386
5053,580,387
5054,580,388
5055,580,389
5056,580,390
5057,580,391
5058,580,392
5059,580,393
5060,580,394
5061,580,395
5062,580,396
5063,580,397
5064,580,398
5065,580,399
5066,580,400
5067,580,401
5068,580,402
5069,580,403
5070,580,404
5071,580,405
5072,580,406
5073,580,407
5074,580,408
5075,580,409
5076,580,410
5077,580,411
5078,580,412
5079,580,413
5080,580,414
5081,580,415
5082,580,416
5083,580,417
5084,580,418
5085,580,419
5086,580,420
5087,580,421
5088,580,422
5089,580,423
5090,580,424
5091,580,425
5092,580,426
5093,580,427
5094,580,428
5095,580,429
5096,580,430
5097,580,431
5098,580,432
5099,580,433
5100,580,434
5101,580,435
5102,580,436
5103,580,437
5104,580,438
5105,580,439
5106,580,440
5107,580,441
5108,580,442
5109,580,443
5110,580,444
5111,580,445
5112,580,446
5113,580,447
5114,580,448
5115,580,449
5116,580,450
5117,580,451
5118,580,452
5119,580,453
5120,580,454
5121,580,455
5122,580,456
5123,580,457
5124,580,458
5125,580,459
5126,580,460
5127,580,461
5128,580,462
5129,580,463
5130,580,464
5131,580,465
5132,580,466
5133,580,467
5134,580,468
5135,580,469
5136,580,470
5137,580,471
5138,580,472
5139,580,473
5140,580,474
5141,580,475
5142,580,476
5143,580,477
5144,580,478
5145,580,479
5146,580,480
5147,580,481
5148,580,482
5149,580,483
5150,580,484
5151,580,485
5152,580,486
5153,580,487
5154,580,488
5155,580,489
5156,581,346
5157,581,347
5158,581,348
5159,581,349
5160,581,350
5161,581,351
5162,581,352
5163,581,353
5164,581,354
5165,581,355
5166,581,356
5167,581,357
5168,581,358
5169,581,359
5170,581,360
5171,581,361
5172,581,362
5173,581,363
5174,581,364
5175,581,365
5176,581,366
5177,581,367
5178,581,368
5179,581,369
5180,581,370
5181,581,371
5182,581,372
5183,581,373
5184,581,374
5185,581,375
5186,581,376
5187,581,377
5188,581,378
5189,581,379
5190,581,380
5191,581,381
5192,581,382
5193,581,383
5194,581,384
5195,581,385
5196,581,386
5197,581,387
5198,581,388
5199,581,389
5200,581,390
5201,581,391
5202,581,392
5203,581,393
5204,581,394
5205,581,395
5206,581,396
5207,581,397
5208,581,398
5209,581,399
5210,581,400
5211,581,401
5212,581,402
5213,581,403
5214,581,404
5215,581,405
5216,581,406
5217,581,407
5218,581,408
5219,581,409
5220,581,410
5221,581,411
5222,581,412
5223,581,413
5224,581,414
5225,581,415
5226,581,416
5227,581,417
5228,581,418
5229,581,419
5230,581,420
5231,581,421
5232,581,422
5233,581,423
5234,581,424
5235,581,425
5236,581,426
5237,581,427
5238,581,428
5239,581,429
5240,581,430
5241,581,431
5242,581,432
5243,581,433
5244,581,434
5245,581,435
5246,581,436
5247,581,437
5248,581,438
5249,581,439
5250,581,440
5251,581,441
5252,581,442
5253,581,443
5254,581,444
5255,581,445
5256,581,446
5257,581,447
5258,581,448
5259,581,449
5260,581,450
5261,581,451
5262,581,452
5263,581,453
5264,581,454
5265,581,455
5266,581,456
5267,581,457
5268,581,458
5269,581,459
5270,581,460
5271,581,461
5272,581,462
5273,581,463
5274,581,464
5275,581,465
5276,581,466
5277,581,467
5278,581,468
5279,581,469
5280,581,470
5281,581,471
5282,581,472
5283,581,473
5284,581,474
5285,581,475
5286,581,476
5287,581,477
5288,581,478
5289,581,479
5290,581,480
5291,581,481
5292,581,482
5293,581,483
5294,581,484
5295,581,485
5296,581,486
5297,581,487
5298,581,488
5299,581,489
5300,581,490
5301,582,347
5302,582,348
5303,582,349
5304,582,350
5305,582,351
5306,582,352
5307,582,353
5308,582,354
5309,582,355
5310,582,356
5311,582,357
5312,582,358
5313,582,359
5314,582,360
5315,582,361
5316,582,362
5317,582,363
5318,582,364
5319,582,365
5320,582,366
5321,582,367
5322,582,368
5323,582,369
5324,582,370
5325,582,371
5326,582,372
5327,582,373
5328,582,374
5329,582,375
5330,582,376
5331,582,377
5332,582,378
5333,582,379
5334,582,380
5335,582,381
5336,582,382
5337,582,383
5338,582,384
5339,582,385
5340,582,386
5341,582,387
5342,582,388
5343,582,389
5344,582,390
5345,582,391
5346,582,392
5347,582,393
5348,582,394
5349,582,395
5350,582,396
5351,582,397
5352,582,398
5353,582,399
5354,582,400
5355,582,401
5356,582,402
5357,582,403
5358,582,404
5359,582,405
5360,582,406
5361,582,407
5362,582,408
5363,582,409
5364,582,410
5365,582,411
5366,582,412
5367,582,413
5368,582,414
5369,582,415
5370,582,416
5371,582,417
5372,582,418
5373,582,419
5374,582,420
5375,582,421
5376,582,422
5377,582,423
5378,582,424
5379,582,425
5380,582,426
5381,582,427
5382,582,428
5383,582,429
5384,582,430
5385,582,431
5386,582,432
5387,582,433
5388,582,434
5389,582,435
5390,582,436
5391,582,437
5392,582,438
5393,582,439
5394,582,440
5395,582,441
5396,582,442
5397,582,443
5398,582,444
5399,582,445
5400,582,446
5401,582,447
5402,582,448
5403,582,449
5404,582,450
5405,582,451
5406,582,452
5407,582,453
5408,582,454
5409,582,455
5410,582,456
5411,582,457
5412,582,458
5413,582,459
5414,582,460
5415,582,461
5416,582,462
5417,582,463
5418,582,464
5419,582,465
5420,582,466
5421,582,467
5422,582,468
5423,582,469
5424,582,470
5425,582,471
5426,582,472
5427,582,473
5428,582,474
5429,582,475
5430,582,476
5431,582,477
5432,582,478
5433,582,479
5434,582,480
5435,582,481
5436,582,482
5437,582,483
5438,582,484
5439,582,485
5440,582,486
5441,582,487
5442,582,488
5443,582,489
5444,582,490
5445,582,491
5446,582,492
5447,583,347
5448,583,348
5449,583,349
5450,583,350
5451,583,351
5452,583,352
5453,583,353
5454,583,354
5455,583,355
5456,583,356
5457,583,357
5458,583,358
5459,583,359
5460,583,360
5461,583,361
5462,583,362
5463,583,363
5464,583,364
5465,583,365
5466,583,366
5467,583,367
5468,583,368
5469,583,369
5470,583,370
5471,583,371
5472,583,372
5473,583,373
5474,583,374
5475,583,375
5476,583,376
5477,583,377
5478,583,378
5479,583,379
5480,583,380
5481,583,381
5482,583,382
5483,583,383
5484,583,384
5485,583,385
5486,583,386
5487,583,387
5488,583,388
5489,583,389
5490,583,390
5491,583,391
5492,583,392
5493,583,393
5494,583,394
5495,583,395
5496,583,396
5497,583,397
5498,583,398
5499,583,399
5500,583,400
5501,583,401
5502,583,402
5503,583,403
5504,583,404
5505,583,405
5506,583,406
5507,583,407
5508,583,408
5509,583,409
5510,583,410
5511,583,411
5512,583,412
5513,583,413
5514,583,414
5515,583,415
5516,583,416
5517,583,417
5518,583,418
5519,583,419
5520,583,420
5521,583,421
5522,583,422
5523,583,423
5524,583,424
5525,583,425
5526,583,426
5527,583,427
5528,583,428
5529,583,429
5530,583,430
5531,583,431
5532,583,432
5533,583,433
5534,583,434
5535,583,435
5536,583,436
5537,583,437
5538,583,438
5539,583,439
5540,583,440
5541,583,441
5542,583,442
5543,583,443
5544,583,444
5545,583,445
5546,583,446
5547,583,447
5548,583,448
5549,583,449
5550,583,450
5551,583,451
5552,583,452
5553,583,453
5554,583,454
5555,583,455
5556,583,456
5557,583,457
5558,583,458
5559,583,459
5560,583,460
5561,583,461
5562,583,462
5563,583,463
5564,583,464
5565,583,465
5566,583,466
5567,583,467
5568,583,468
5569,583,469
5570,583,470
5571,583,471
5572,583,472
5573,583,473
5574,583,474
5575,583,475
5576,583,476
5577,583,477
5578,583,478
5579,583,479
5580,583,480
5581,583,481
5582,583,482
5583,583,483
5584,583,484
5585,583,485
5586,583,486
5587,583,487
5588,583,488
5589,583,489
5590,583,490
5591,583,491
5592,583,492
5593,583,493
5594,584,348
5595,584,349
5596,584,350
5597,584,351
5598,584,352
5599,584,353
5600,584,354
5601,584,355
5602,584,356
5603,584,357
5604,584,358
5605,584,359
5606,584,360
5607,584,361
5608,584,362
5609,584,363
5610,584,364
5611,584,365
5612,584,366
5613,584,367
5614,584,368
5615,584,369
5616,584,370
5617,584,371
5618,584,372
5619,584,373
5620,584,374
5621,584,375
5622,584,376
5623,584,377
5624,584,378
5625,584,379
5626,584,380
5627,584,381
5628,584,382
5629,584,383
5630,584,384
5631,584,385
5632,584,386
5633,584,387
5634,584,388
5635,584,389
5636,584,390
5637,584,391
5638,584,392
5639,584,393
5640,584,394
5641,584,395
5642,584,396
5643,584,397
5644,584,398
5645,584,399
5646,584,400
5647,584,401
5648,584,402
5649,584,403
5650,584,404
5651,584,405
5652,584,406
5653,584,407
5654,584,408
5655,584,409
5656,584,410
5657,584,411
5658,584,412
5659,584,413
5660,584,414
5661,584,415
5662,584,416
5663,584,417
5664,584,418
5665,584,419
5666,584,420
5667,584,421
5668,584,422
5669,584,423
5670,584,424
5671,584,425
5672,584,426
5673,584,427
5674,584,428
5675,584,429
5676,584,430
5677,584,431
5678,584,432
5679,584,433
5680,584,434
5681,584,435
5682,584,436
5683,584,437
5684,584,438
5685,584,439
5686,584,440
5687,584,441
5688,584,442
5689,584,443
5690,584,444
5691,584,445
5692,584,446
5693,584,447
5694,584,448
5695,584,449
5696,584,450
5697,584,451
5698,584,452
5699,584,453
5700,584,454
5701,584,455
5702,584,456
5703,584,457
5704,584,458
5705,584,459
5706,584,460
5707,584,461
5708,584,462
5709,584,463
5710,584,464
5711,584,465
5712,584,466
5713,584,467
5714,584,468
5715,584,469
5716,584,470
5717,584,471
5718,584,472
5719,584,473
5720,584,474
5721,584,475
5722,584,476
5723,584,477
5724,584,478
5725,584,479
5726,584,480
5727,584,481
5728,584,482
5729,584,483
5730,584,484
5731,584,485
5732,584,486
5733,584,487
5734,584,488
5735,584,489
5736,584,490
5737,584,491
5738,584,492
5739,584,493
5740,584,494
5741,585,348
5742,585,349
5743,585,350
5744,585,351
5745,585,352
5746,585,353
5747,585,354
5748,585,355
5749,585,356
5750,585,357
5751,585,358
5752,585,359
5753,585,360
5754,585,361
5755,585,362
5756,585,363
5757,585,364
5758,585,365
5759,585,366
5760,585,367
5761,585,368
5762,585,369
5763,585,370
5764,585,371
5765,585,372
5766,585,373
5767,585,374
5768,585,375
5769,585,376
5770,585,377
5771,585,378
5772,585,379
5773,585,380
5774,585,381
5775,585,382
5776,585,383
5777,585,384
5778,585,385
5779,585,386
5780,585,387
5781,585,388
5782,585,389
5783,585,390
5784,585,391
5785,585,392
5786,585,393
5787,585,394
5788,585,395
5789,585,396
5790,585,397
5791,585,398
5792,585,399
5793,585,400
5794,585,401
5795,585,402
5796,585,403
5797,585,404
5798,585,405
5799,585,406
5800,585,407
5801,585,408
5802,585,409
5803,585,410
5804,585,411
5805,585,412
5806,585,413
5807,585,414
5808,585,415
5809,585,416
5810,585,417
5811,585,418
5812,585,419
5813,585,420
5814,585,421
5815,585,422
5816,585,423
5817,585,424
5818,585,425
5819,585,426
5820,585,427
5821,585,428
5822,585,429
5823,585,430
5824,585,431
5825,585,432
5826,585,433
5827,585,434
5828,585,435
5829,585,436
5830,585,437
5831,585,438
5832,585,439
5833,585,440
5834,585,441
5835,585,442
5836,585,443
5837,585,444
5838,585,445
5839,585,446
5840,585,447
5841,585,448
5842,585,449
5843,585,450
5844,585,451
5845,585,452
5846,585,453
5847,585,454
5848,585,455
5849,585,456
5850,585,457
5851,585,458
5852,585,459
5853,585,460
5854,585,461
5855,585,462
5856,585,463
5857,585,464
5858,585,465
5859,585,466
5860,585,467
5861,585,468
5862,585,469
5863,585,470
5864,585,471
5865,585,472
5866,585,473
5867,585,474
5868,585,475
5869,585,476
5870,585,477
5871,585,478
5872,585,479
5873,585,480
5874,585,481
5875,585,482
5876,585,483
5877,585,484
5878,585,485
5879,585,486
5880,585,487
5881,585,488
5882,585,489
5883,585,490
5884,585,491
5885,585,492
5886,585,493
5887,585,494
5888,585,495
5889,586,349
5890,586,350
5891,586,351
5892,586,352
5893,586,353
5894,586,354
5895,586,355
5896,586,356
5897,586,357
5898,586,358
5899,586,359
5900,586,360
5901,586,361
5902,586,362
5903,586,363
5904,586,364
5905,586,365
5906,586,366
5907,586,367
5908,586,368
5909,586,369
5910,586,370
5911,586,371
5912,586,372
5913,586,373
5914,586,374
5915,586,375
5916,586,376
5917,586,377
5918,586,378
5919,586,379
5920,586,380
5921,586,381
5922,586,382
5923,586,383
5924,586,384
5925,586,385
5926,586,386
5927,586,387
5928,586,388
5929,586,389
5930,586,390
5931,586,391
5932,586,392
5933,586,393
5934,586,394
5935,586,395
5936,586,396
5937,586,397
5938,586,398
5939,586,399
5940,586,400
5941,586,401
5942,586,402
5943,586,403
5944,586,404
5945,586,405
5946,586,406
5947,586,407
5948,586,408
5949,586,409
5950,586,410
5951,586,411
5952,586,412
5953,586,413
5954,586,414
5955,586,415
5956,586,416
5957,586,417
5958,586,418
5959,586,419
5960,586,420
5961,586,421
5962,586,422
5963,586,423
5964,586,424
5965,586,425
5966,586,426
5967,586,427
5968,586,428
5969,586,429
5970,586,430
5971,586,431
5972,586,432
5973,586,433
5974,586,434
5975,586,435
5976,586,436
5977,586,437
5978,586,438
5979,586,439
5980,586,440
5981,586,441
5982,586,442
5983,586,443
5984,586,444
5985,586,445
5986,586,446
5987,586,447
5988,586,448
5989,586,449
5990,586,450
5991,586,451
5992,586,452
5993,586,453
5994,586,454
5995,586,455
5996,586,456
5997,586,457
5998,586,458
5999,586,459
6000,586,460
6001,586,461
6002,586,462
6003,586,463
6004,586,464
6005,586,465
6006,586,466
6007,586,467
6008,586,468
6009,586,469
6010,586,470
6011,586,471
6012,586,472
6013,586,473
6014,586,474
6015,586,475
6016,586,476
6017,586,477
6018,586,478
6019,586,479
6020,586,480
6021,586,481
6022,586,482
6023,586,483
6024,586,484
6025,586,485
6026,586,486
6027,586,487
6028,586,488
6029,586,489
6030,586,490
6031,586,491
6032,586,492
6033,586,493
6034,586,494
6035,586,495
6036,586,496
6037,587,349
6038,587,350
6039,587,351
6040,587,352
6041,587,353
6042,587,354
6043,587,355
6044,587,356
6045,587,357
6046,587,358
6047,587,359
6048,587,360
6049,587,361
6050,587,362
6051,587,363
6052,587,364
6053,587,365
6054,587,366
6055,587,367
6056,587,368
6057,587,369
6058,587,370
6059,587,371
6060,587,372
6061,587,373
6062,587,374
6063,587,375
6064,587,376
6065,587,377
6066,587,378
6067,587,379
6068,587,380
6069,587,381
6070,587,382
6071,587,383
6072,587,384
6073,587,385
6074,587,386
6075,587,387
6076,587,388
6077,587,389
6078,587,390
6079,587,391
6080,587,392
6081,587,393
6082,587,394
6083,587,395
6084,587,396
6085,587,397
6086,587,398
6087,587,399
6088,587,400
6089,587,401
6090,587,402
6091,587,403
6092,587,404
6093,587,405
6094,587,406
6095,587,407
6096,587,408
6097,587,409
6098,587,410
6099,587,411
6100,587,412
6101,587,413
6102,587,414
6103,587,415
6104,587,416
6105,587,417
6106,587,418
6107,587,419
6108,587,420
6109,587,421
6110,587,422
6111,587,423
6112,587,424
6113,587,425
6114,587,426
6115,587,427
6116,587,428
6117,587,429
6118,587,430
6119,587,431
6120,587,432
6121,587,433
6122,587,434
6123,587,435
6124,587,436
6125,587,437
6126,587,438
6127,587,439
6128,587,440
6129,587,441
6130,587,442
6131,587,443
6132,587,444
6133,587,445
6134,587,446
6135,587,447
6136,587,448
6137,587,449
6138,587,450
6139,587,451
6140,587,452
6141,587,453
6142,587,454
6143,587,455
6144,587,456
6145,587,457
6146,587,458
6147,587,459
6148,587,460
6149,587,461
6150,587,462
6151,587,463
6152,587,464
6153,587,465
6154,587,466
6155,587,467
6156,587,468
6157,587,469
6158,587,470
6159,587,471
6160,587,472
6161,587,473
6162,587,474
6163,587,475
6164,587,476
6165,587,477
6166,587,478
6167,587,479
6168,587,480
6169,587,481
6170,587,482
6171,587,483
6172,587,484
6173,587,485
6174,587,486
6175,587,487
6176,587,488
6177,587,489
6178,587,490
6179,587,491
6180,587,492
6181,587,493
6182,587,494
6183,587,495
6184,587,496
6185,587,497
6186,588,350
6187,588,351
6188,588,352
6189,588,353
6190,588,354
6191,588,355
6192,588,356
6193,588,357
6194,588,358
6195,588,359
6196,588,360
6197,588,361
6198,588,362
6199,588,363
6200,588,364
6201,588,365
6202,588,366
6203,588,367
6204,588,368
6205,588,369
6206,588,370
6207,588,371
6208,588,372
6209,588,373
6210,588,374
6211,588,375
6212,588,376
6213,588,377
6214,588,378
6215,588,379
6216,588,380
6217,588,381
6218,588,382
6219,588,383
6220,588,384
6221,588,385
6222,588,386
6223,588,387
6224,588,388
6225,588,389
6226,588,390
6227,588,391
6228,588,392
6229,588,393
6230,588,394
6231,588,395
6232,588,396
6233,588,397
6234,588,398
6235,588,399
6236,588,400
6237,588,401
6238,588,402
6239,588,403
6240,588,404
6241,588,405
6242,588,406
6243,588,407
6244,588,408
6245,588,409
6246,588,410
6247,588,411
6248,588,412
6249,588,413
6250,588,414
6251,588,415
6252,588,416
6253,588,417
6254,588,418
6255,588,419
6256,588,420
6257,588,421
6258,588,422
6259,588,423
6260,588,424
6261,588,425
6262,588,426
6263,588,427
6264,588,428
6265,588,429
6266,588,430
6267,588,431
6268,588,432
6269,588,433
6270,588,434
6271,588,435
6272,588,436
6273,588,437
6274,588,438
6275,588,439
6276,588,440
6277,588,441
6278,588,442
6279,588,443
6280,588,444
6281,588,445
6282,588,446
6283,588,447
6284,588,448
6285,588,449
6286,588,450
6287,588,451
6288,588,452
6289,588,453
6290,588,454
6291,588,455
6292,588,456
6293,588,457
6294,588,458
6295,588,459
6296,588,460
6297,588,461
6298,588,462
6299,588,463
6300,588,464
6301,588,465
6302,588,466
6303,588,467
6304,588,468
6305,588,469
6306,588,470
6307,588,471
6308,588,472
6309,588,473
6310,588,474
6311,588,475
6312,588,476
6313,588,477
6314,588,478
6315,588,479
6316,588,480
6317,588,481
6318,588,482
6319,588,483
6320,588,484
6321,588,485
6322,588,486
6323,588,487
6324,588,488
6325,588,489
6326,588,490
6327,588,491
6328,588,492
6329,588,493
6330,588,494
6331,588,495
6332,588,496
6333,588,497
6334,588,498
6335,589,350
6336,589,351
6337,589,352
6338,589,353
6339,589,354
6340,589,355
6341,589,356
6342,589,357
6343,589,358
6344,589,359
6345,589,360
6346,589,361
6347,589,362
6348,589,363
6349,589,364
6350,589,365
6351,589,366
6352,589,367
6353,589,368
6354,589,369
6355,589,370
6356,589,371
6357,589,372
6358,589,373
6359,589,374
6360,589,375
6361,589,376
6362,589,377
6363,589,378
6364,589,379
6365,589,380
6366,589,381
6367,589,382
6368,589,383
6369,589,384
6370,589,385
6371,589,386
6372,589,387
6373,589,388
6374,589,389
6375,589,390
6376,589,391
6377,589,392
6378,589,393
6379,589,394
6380,589,395
6381,589,396
6382,589,397
6383,589,398
6384,589,399
6385,589,400
6386,589,401
6387,589,402
6388,589,403
6389,589,404
6390,589,405
6391,589,406
6392,589,407
6393,589,408
6394,589,409
6395,589,410
6396,589,411
6397,589,412
6398,589,413
6399,589,414
6400,589,415
6401,589,416
6402,589,417
6403,589,418
6404,589,419
6405,589,420
6406,589,421
6407,589,422
6408,589,423
6409,589,424
6410,589,425
6411,589,426
6412,589,427
6413,589,428
6414,589,429
6415,589,430
6416,589,431
6417,589,432
6418,589,433
6419,589,434
6420,589,435
6421,589,436
6422,589,437
6423,589,438
6424,589,439
6425,589,440
6426,589,441
6427,589,442
6428,589,443
6429,589,444
6430,589,445
6431,589,446
6432,589,447
6433,589,448
6434,589,449
6435,589,450
6436,589,451
6437,589,452
6438,589,453
6439,589,454
6440,589,455
6441,589,456
6442,589,457
6443,589,458
6444,589,459
6445,589,460
6446,589,461
6447,589,462
6448,589,463
6449,589,464
6450,589,465
6451,589,466
6452,589,467
6453,589,468
6454,589,469
6455,589,470
6456,589,471
6457,589,472
6458,589,473
6459,589,474
6460,589,475
6461,589,476
6462,589,477
6463,589,478
6464,589,479
6465,589,480
6466,589,481
6467,589,482
6468,589,483
6469,589,484
6470,589,485
6471,589,486
6472,589,487
6473,589,488
6474,589,489
6475,589,490
6476,589,491
6477,589,492
6478,589,493
6479,589,494
6480,589,495
6481,589,496
6482,589,497
6483,589,498
6484,589,499
6485,590,351
6486,590,352
6487,590,353
6488,590,354
6489,590,355
6490,590,356
6491,590,357
6492,590,358
6493,590,359
6494,590,360
6495,590,361
6496,590,362
6497,590,363
6498,590,364
6499,590,365
6500,590,366
6501,590,367
6502,590,368
6503,590,369
6504,590,370
6505,590,371
6506,590,372
6507,590,373
6508,590,374
6509,590,375
6510,590,376
6511,590,377
6512,590,378
6513,590,379
6514,590,380
6515,590,381
6516,590,382
6517,590,383
6518,590,384
6519,590,385
6520,590,386
6521,590,387
6522,590,388
6523,590,389
6524,590,390
6525,590,391
6526,590,392
6527,590,393
6528,590,394
6529,590,395
6530,590,396
6531,590,397
6532,590,398
6533,590,399
6534,590,400
6535,590,401
6536,590,402
6537,590,403
6538,590,404
6539,590,405
6540,590,406
6541,590,407
6542,590,408
6543,590,409
6544,590,410
6545,590,411
6546,590,412
6547,590,413
6548,590,414
6549,590,415
6550,590,416
6551,590,417
6552,590,418
6553,590,419
6554,590,420
6555,590,421
6556,590,422
6557,590,423
6558,590,424
6559,590,425
6560,590,426
6561,590,427
6562,590,428
6563,590,429
6564,590,430
6565,590,431
6566,590,432
6567,590,433
6568,590,434
6569,590,435
6570,590,436
6571,590,437
6572,590,438
6573,590,439
6574,590,440
6575,590,441
6576,590,442
6577,590,443
6578,590,444
6579,590,445
6580,590,446
6581,590,447
6582,590,448
6583,590,449
6584,590,450
6585,590,451
6586,590,452
6587,590,453
6588,590,454
6589,590,455
6590,590,456
6591,590,457
6592,590,458
6593,590,459
6594,590,460
6595,590,461
6596,590,462
6597,590,463
6598,590,464
6599,590,465
6600,590,466
6601,590,467
6602,590,468
6603,590,469
6604,590,470
6605,590,471
6606,590,472
6607,590,473
6608,590,474
6609,590,475
6610,590,476
6611,590,477
6612,590,478
6613,590,479
6614,590,480
6615,590,481
6616,590,482
6617,590,483
6618,590,484
6619,590,485
6620,590,486
6621,590,487
6622,590,488
6623,590,489
6624,590,490
6625,590,491
6626,590,492
6627,590,493
6628,590,494
6629,590,495
6630,590,496
6631,590,497
6632,590,498
6633,590,499
6634,590,500
6635,591,351
6636,591,352
6637,591,353
6638,591,354
6639,591,355
6640,591,356
6641,591,357
6642,591,358
6643,591,359
6644,591,360
6645,591,361
6646,591,362
6647,591,363
6648,591,364
6649,591,365
6650,591,366
6651,591,367
6652,591,368
6653,591,369
6654,591,370
6655,591,371
6656,591,372
6657,591,373
6658,591,374
6659,591,375
6660,591,376
6661,591,377
6662,591,378
6663,591,379
6664,591,380
6665,591,381
6666,591,382
6667,591,383
6668,591,384
6669,591,385
6670,591,386
6671,591,387
6672,591,388
6673,591,389
6674,591,390
6675,591,391
6676,591,392
6677,591,393
6678,591,394
6679,591,395
6680,591,396
6681,591,397
6682,591,398
6683,591,399
6684,591,400
6685,591,401
6686,591,402
6687,591,403
6688,591,404
6689,591,405
6690,591,406
6691,591,407
6692,591,408
6693,591,409
6694,591,410
6695,591,411
6696,591,412
6697,591,413
6698,591,414
6699,591,415
6700,591,416
6701,591,417
6702,591,418
6703,591,419
6704,591,420
6705,591,421
6706,591,422
6707,591,423
6708,591,424
6709,591,425
6710,591,426
6711,591,427
6712,591,428
6713,591,429
6714,591,430
6715,591,431
6716,591,432
6717,591,433
6718,591,434
6719,591,435
6720,591,436
6721,591,437
6722,591,438
6723,591,439
6724,591,440
6725,591,441
6726,591,442
6727,591,443
6728,591,444
6729,591,445
6730,591,446
6731,591,447
6732,591,448
6733,591,449
6734,591,450
6735,591,451
6736,591,452
6737,591,453
6738,591,454
6739,591,455
6740,591,456
6741,591,457
6742,591,458
6743,591,459
6744,591,460
6745,591,461
6746,591,462
6747,591,463
6748,591,464
6749,591,465
6750,591,466
6751,591,467
6752,591,468
6753,591,469
6754,591,470
6755,591,471
6756,591,472
6757,591,473
6758,591,474
6759,591,475
6760,591,476
6761,591,477
6762,591,478
6763,591,479
6764,591,480
6765,591,481
6766,591,482
6767,591,483
6768,591,484
6769,591,485
6770,591,486
6771,591,487
6772,591,488
6773,591,489
6774,591,490
6775,591,491
6776,591,492
6777,591,493
6778,591,494
6779,591,495
6780,591,496
6781,591,497
6782,591,498
6783,591,499
6784,591,500
6785,591,501
6786,591,502
6787,592,352
6788,592,353
6789,592,354
6790,592,355
6791,592,356
6792,592,357
6793,592,358
6794,592,359
6795,592,360
6796,592,361
6797,592,362
6798,592,363
6799,592,364
6800,592,365
6801,592,366
6802,592,367
6803,592,368
6804,592,369
6805,592,370
6806,592,371
6807,592,372
6808,592,373
6809,592,374
6810,592,375
6811,592,376
6812,592,377
6813,592,378
6814,592,379
6815,592,380
6816,592,381
6817,592,382
6818,592,383
6819,592,384
6820,592,385
6821,592,386
6822,592,387
6823,592,388
6824,592,389
6825,592,390
6826,592,391
6827,592,392
6828,592,393
6829,592,394
6830,592,395
6831,592,396
6832,592,397
6833,592,398
6834,592,399
6835,592,400
6836,592,401
6837,592,402
6838,592,403
6839,592,404
6840,592,405
6841,592,406
6842,592,407
6843,592,408
6844,592,409
6845,592,410
6846,592,411
6847,592,412
6848,592,413
6849,592,414
6850,592,415
6851,592,416
6852,592,417
6853,592,418
6854,592,419
6855,592,420
6856,592,421
6857,592,422
6858,592,423
6859,592,424
6860,592,425
6861,592,426
6862,592,427
6863,592,428
6864,592,429
6865,592,430
6866,592,431
6867,592,432
6868,592,433
6869,592,434
6870,592,435
6871,592,436
6872,592,437
6873,592,438
6874,592,439
6875,592,440
6876,592,441
6877,592,442
6878,592,443
6879,592,444
6880,592,445
6881,592,446
6882,592,447
6883,592,448
6884,592,449
6885,592,450
6886,592,451
6887,592,452
6888,592,453
6889,592,454
6890,592,455
6891,592,456
6892,592,457
6893,592,458
6894,592,459
6895,592,460
6896,592,461
6897,592,462
6898,592,463
6899,592,464
6900,592,465
6901,592,466
6902,592,467
6903,592,468
6904,592,469
6905,592,470
6906,592,471
6907,592,472
6908,592,473
6909,592,474
6910,592,475
6911,592,476
6912,592,477
6913,592,478
6914,592,479
6915,592,480
6916,592,481
6917,592,482
6918,592,483
6919,592,484
6920,592,485
6921,592,486
6922,592,487
6923,592,488
6924,592,489
6925,592,490
6926,592,491
6927,592,492
6928,592,493
6929,592,494
6930,592,495
6931,592,496
6932,592,497
6933,592,498
6934,592,499
6935,592,500
6936,592,501
6937,592,502
6938,592,503
6939,593,352
6940,593,353
6941,593,354
6942,593,355
6943,593,356
6944,593,357
6945,593,358
6946,593,359
6947,593,360
6948,593,361
6949,593,362
6950,593,363
6951,593,364
6952,593,365
6953,593,366
6954,593,367
6955,593,368
6956,593,369
6957,593,370
6958,593,371
6959,593,372
6960,593,373
6961,593,374
6962,593,375
6963,593,376
6964,593,377
6965,593,378
6966,593,379
6967,593,380
6968,593,381
6969,593,382
6970,593,383
6971,593,384
6972,593,385
6973,593,386
6974,593,387
6975,593,388
6976,593,389
6977,593,390
6978,593,391
6979,593,392
6980,593,393
6981,593,394
6982,593,395
6983,593,396
6984,593,397
6985,593,398
6986,593,399
6987,593,400
6988,593,401
6989,593,402
6990,593,403
6991,593,404
6992,593,405
6993,593,406
6994,593,407
6995,593,408
6996,593,409
6997,593,410
6998,593,411
6999,593,412
7000,593,413
7001,593,414
7002,593,415
7003,593,416
7004,593,417
7005,593,418
7006,593,419
7007,593,420
7008,593,421
7009,593,422
7010,593,423
7011,593,424
7012,593,425
7013,593,426
7014,593,427
7015,593,428
7016,593,429
7017,593,430
7018,593,431
7019,593,432
7020,593,433
7021,593,434
7022,593,435
7023,593,436
7024,593,437
7025,593,438
7026,593,439
7027,593,440
7028,593,441
7029,593,442
7030,593,443
7031,593,444
7032,593,445
7033,593,446
7034,593,447
7035,593,448
7036,593,449
7037,593,450
7038,593,451
7039,593,452
7040,593,453
7041,593,454
7042,593,455
7043,593,456
7044,593,457
7045,593,458
7046,593,459
7047,593,460
7048,593,461
7049,593,462
7050,593,463
7051,593,464
7052,593,465
7053,593,466
7054,593,467
7055,593,468
7056,593,469
7057,593,470
7058,593,471
7059,593,472
7060,593,473
7061,593,474
7062,593,475
7063,593,476
7064,593,477
7065,593,478
7066,593,479
7067,593,480
7068,593,481
7069,593,482
7070,593,483
7071,593,484
7072,593,485
7073,593,486
7074,593,487
7075,593,488
7076,593,489
7077,593,490
7078,593,491
7079,593,492
7080,593,493
7081,593,494
7082,593,495
7083,593,496
7084,593,497
7085,593,498
7086,593,499
7087,593,500
7088,593,501
7089,593,502
7090,593,503
7091,593,504
7092,594,353
7093,594,354
7094,594,355
7095,594,356
7096,594,357
7097,594,358
7098,594,359
7099,594,360
7100,594,361
7101,594,362
7102,594,363
7103,594,364
7104,594,365
7105,594,366
7106,594,367
7107,594,368
7108,594,369
7109,594,370
7110,594,371
7111,594,372
7112,594,373
7113,594,374
7114,594,375
7115,594,376
7116,594,377
7117,594,378
7118,594,379
7119,594,380
7120,594,381
7121,594,382
7122,594,383
7123,594,384
7124,594,385
7125,594,386
7126,594,387
7127,594,388
7128,594,389
7129,594,390
7130,594,391
7131,594,392
7132,594,393
7133,594,394
7134,594,395
7135,594,396
7136,594,397
7137,594,398
7138,594,399
7139,594,400
7140,594,401
7141,594,402
7142,594,403
7143,594,404
7144,594,405
7145,594,406
7146,594,407
7147,594,408
7148,594,409
7149,594,410
7150,594,411
7151,594,412
7152,594,413
7153,594,414
7154,594,415
7155,594,416
7156,594,417
7157,594,418
7158,594,419
7159,594,420
7160,594,421
7161,594,422
7162,594,423
7163,594,424
7164,594,425
7165,594,426
7166,594,427
7167,594,428
7168,594,429
7169,594,430
7170,594,431
7171,594,432
7172,594,433
7173,594,434
7174,594,435
7175,594,436
7176,594,437
7177,594,438
7178,594,439
7179,594,440
7180,594,441
7181,594,442
7182,594,443
7183,594,444
7184,594,445
7185,594,446
7186,594,447
7187,594,448
7188,594,449
7189,594,450
7190,594,451
7191,594,452
7192,594,453
7193,594,454
7194,594,455
7195,594,456
7196,594,457
7197,594,458
7198,594,459
7199,594,460
7200,594,461
7201,594,462
7202,594,463
7203,594,464
7204,594,465
7205,594,466
7206,594,467
7207,594,468
7208,594,469
7209,594,470
7210,594,471
7211,594,472
7212,594,473
7213,594,474
7214,594,475
7215,594,476
7216,594,477
7217,594,478
7218,594,479
7219,594,480
7220,594,481
7221,594,482
7222,594,483
7223,594,484
7224,594,485
7225,594,486
7226,594,487
7227,594,488
7228,594,489
7229,594,490
7230,594,491
7231,594,492
7232,594,493
7233,594,494
7234,594,495
7235,594,496
7236,594,497
7237,594,498
7238,594,499
7239,594,500
7240,594,501
7241,594,502
7242,594,503
7243,594,504
7244,594,505
7245,595,353
7246,595,354
7247,595,355
7248,595,356
7249,595,357
7250,595,358
7251,595,359
7252,595,360
7253,595,361
7254,595,362
7255,595,363
7256,595,364
7257,595,365
7258,595,366
7259,595,367
7260,595,368
7261,595,369
7262,595,370
7263,595,371
7264,595,372
7265,595,373
7266,595,374
7267,595,375
7268,595,376
7269,595,377
7270,595,378
7271,595,379
7272,595,380
7273,595,381
7274,595,382
7275,595,383
7276,595,384
7277,595,385
7278,595,386
7279,595,387
7280,595,388
7281,595,389
7282,595,390
7283,595,391
7284,595,392
7285,595,393
7286,595,394
7287,595,395
7288,595,396
7289,595,397
7290,595,398
7291,595,399
7292,595,400
7293,595,401
7294,595,402
7295,595,403
7296,595,404
7297,595,405
7298,595,406
7299,595,407
7300,595,408
7301,595,409
7302,595,410
7303,595,411
7304,595,412
7305,595,413
7306,595,414
7307,595,415
7308,595,416
7309,595,417
7310,595,418
7311,595,419
7312,595,420
7313,595,421
7314,595,422
7315,595,423
7316,595,424
7317,595,425
7318,595,426
7319,595,427
7320,595,428
7321,595,429
7322,595,430
7323,595,431
7324,595,432
7325,595,433
7326,595,434
7327,595,435
7328,595,436
7329,595,437
7330,595,438
7331,595,439
7332,595,440
7333,595,441
7334,595,442
7335,595,443
7336,595,444
7337,595,445
7338,595,446
7339,595,447
7340,595,448
7341,595,449
7342,595,450
7343,595,451
7344,595,452
7345,595,453
7346,595,454
7347,595,455
7348,595,456
7349,595,457
7350,595,458
7351,595,459
7352,595,460
7353,595,461
7354,595,462
7355,595,463
7356,595,464
7357,595,465
7358,595,466
7359,595,467
7360,595,468
7361,595,469
7362,595,470
7363,595,471
7364,595,472
7365,595,473
7366,595,474
7367,595,475
7368,595,476
7369,595,477
7370,595,478
7371,595,479
7372,595,480
7373,595,481
7374,595,482
7375,595,483
7376,595,484
7377,595,485
7378,595,486
7379,595,487
7380,595,488
7381,595,489
7382,595,490
7383,595,491
7384,595,492
7385,595,493
7386,595,494
7387,595,495
7388,595,496
7389,595,497
7390,595,498
7391,595,499
7392,595,500
7393,595,501
7394,595,502
7395,595,503
7396,595,504
7397,595,505
7398,595,506
7399,596,354
7400,596,355
7401,596,356
7402,596,357
7403,596,358
7404,596,359
7405,596,360
7406,596,361
7407,596,362
7408,596,363
7409,596,364
7410,596,365
7411,596,366
7412,596,367
7413,596,368
7414,596,369
7415,596,370
7416,596,371
7417,596,372
7418,596,373
7419,596,374
7420,596,375
7421,596,376
7422,596,377
7423,596,378
7424,596,379
7425,596,380
7426,596,381
7427,596,382
7428,596,383
7429,596,384
7430,596,385
7431,596,386
7432,596,387
7433,596,388
7434,596,389
7435,596,390
7436,596,391
7437,596,392
7438,596,393
7439,596,394
7440,596,395
7441,596,396
7442,596,397
7443,596,398
7444,596,399
7445,596,400
7446,596,401
7447,596,402
7448,596,403
7449,596,404
7450,596,405
7451,596,406
7452,596,407
7453,596,408
7454,596,409
7455,596,410
7456,596,411
7457,596,412
7458,596,413
7459,596,414
7460,596,415
7461,596,416
7462,596,417
7463,596,418
7464,596,419
7465,596,420
7466,596,421
7467,596,422
7468,596,423
7469,596,424
7470,596,425
7471,596,426
7472,596,427
7473,596,428
7474,596,429
7475,596,430
7476,596,431
7477,596,432
7478,596,433
7479,596,434
7480,596,435
7481,596,436
7482,596,437
7483,596,438
7484,596,439
7485,596,440
7486,596,441
7487,596,442
7488,596,443
7489,596,444
7490,596,445
7491,596,446
7492,596,447
7493,596,448
7494,596,449
7495,596,450
7496,596,451
7497,596,452
7498,596,453
7499,596,454
7500,596,455
7501,596,456
7502,596,457
7503,596,458
7504,596,459
7505,596,460
7506,596,461
7507,596,462
7508,596,463
7509,596,464
7510,596,465
7511,596,466
7512,596,467
7513,596,468
7514,596,469
7515,596,470
7516,596,471
7517,596,472
7518,596,473
7519,596,474
7520,596,475
7521,596,476
7522,596,477
7523,596,478
7524,596,479
7525,596,480
7526,596,481
7527,596,482
7528,596,483
7529,596,484
7530,596,485
7531,596,486
7532,596,487
7533,596,488
7534,596,489
7535,596,490
7536,596,491
7537,596,492
7538,596,493
7539,596,494
7540,596,495
7541,596,496
7542,596,497
7543,596,498
7544,596,499
7545,596,500
7546,596,501
7547,596,502
7548,596,503
7549,596,504
7550,596,505
7551,596,506
7552,596,507
7553,597,354
7554,597,355
7555,597,356
7556,597,357
7557,597,358
7558,597,359
7559,597,360
7560,597,361
7561,597,362
7562,597,363
7563,597,364
7564,597,365
7565,597,366
7566,597,367
7567,597,368
7568,597,369
7569,597,370
7570,597,371
7571,597,372
7572,597,373
7573,597,374
7574,597,375
7575,597,376
7576,597,377
7577,597,378
7578,597,379
7579,597,380
7580,597,381
7581,597,382
7582,597,383
7583,597,384
7584,597,385
7585,597,386
7586,597,387
7587,597,388
7588,597,389
7589,597,390
7590,597,391
7591,597,392
7592,597,393
7593,597,394
7594,597,395
7595,597,396
7596,597,397
7597,597,398
7598,597,399
7599,597,400
7600,597,401
7601,597,402
7602,597,403
7603,597,404
7604,597,405
7605,597,406
7606,597,407
7607,597,408
7608,597,409
7609,597,410
7610,597,411
7611,597,412
7612,597,413
7613,597,414
7614,597,415
7615,597,416
7616,597,417
7617,597,418
7618,597,419
7619,597,420
7620,597,421
7621,597,422
7622,597,423
7623,597,424
7624,597,425
7625,597,426
7626,597,427
7627,597,428
7628,597,429
7629,597,430
7630,597,431
7631,597,432
7632,597,433
7633,597,434
7634,597,435
7635,597,436
7636,597,437
7637,597,438
7638,597,439
7639,597,440
7640,597,441
7641,597,442
7642,597,443
7643,597,444
7644,597,445
7645,597,446
7646,597,447
7647,597,448
7648,597,449
7649,597,450
7650,597,451
7651,597,452
7652,597,453
7653,597,454
7654,597,455
7655,597,456
7656,597,457
7657,597,458
7658,597,459
7659,597,460
7660,597,461
7661,597,462
7662,597,463
7663,597,464
7664,597,465
7665,597,466
7666,597,467
7667,597,468
7668,597,469
7669,597,470
7670,597,471
7671,597,472
7672,597,473
7673,597,474
7674,597,475
7675,597,476
7676,597,477
7677,597,478
7678,597,479
7679,597,480
7680,597,481
7681,597,482
7682,597,483
7683,597,484
7684,597,485
7685,597,486
7686,597,487
7687,597,488
7688,597,489
7689,597,490
7690,597,491
7691,597,492
7692,597,493
7693,597,494
7694,597,495
7695,597,496
7696,597,497
7697,597,498
7698,597,499
7699,597,500
7700,597,501
7701,597,502
7702,597,503
7703,597,504
7704,597,505
7705,597,506
7706,597,507
7707,597,508
7708,598,355
7709,598,356
7710,598,357
7711,598,358
7712,598,359
7713,598,360
7714,598,361
7715,598,362
7716,598,363
7717,598,364
7718,598,365
7719,598,366
7720,598,367
7721,598,368
7722,598,369
7723,598,370
7724,598,371
7725,598,372
7726,598,373
7727,598,374
7728,598,375
7729,598,376
7730,598,377
7731,598,378
7732,598,379
7733,598,380
7734,598,381
7735,598,382
7736,598,383
7737,598,384
7738,598,385
7739,598,386
7740,598,387
7741,598,388
7742,598,389
7743,598,390
7744,598,391
7745,598,392
7746,598,393
7747,598,394
7748,598,395
7749,598,396
7750,598,397
7751,598,398
7752,598,399
7753,598,400
7754,598,401
7755,598,402
7756,598,403
7757,598,404
7758,598,405
7759,598,406
7760,598,407
7761,598,408
7762,598,409
7763,598,410
7764,598,411
7765,598,412
7766,598,413
7767,598,414
7768,598,415
7769,598,416
7770,598,417
7771,598,418
7772,598,419
7773,598,420
7774,598,421
7775,598,422
7776,598,423
7777,598,424
7778,598,425
7779,598,426
7780,598,427
7781,598,428
7782,598,429
7783,598,430
7784,598,431
7785,598,432
7786,598,433
7787,598,434
7788,598,435
7789,598,436
7790,598,437
7791,598,438
7792,598,439
7793,598,440
7794,598,441
7795,598,442
7796,598,443
7797,598,444
7798,598,445
7799,598,446
7800,598,447
7801,598,448
7802,598,449
7803,598,450
7804,598,451
7805,598,452
7806,598,453
7807,598,454
7808,598,455
7809,598,456
7810,598,457
7811,598,458
7812,598,459
7813,598,460
7814,598,461
7815,598,462
7816,598,463
7817,598,464
7818,598,465
7819,598,466
7820,598,467
7821,598,468
7822,598,469
7823,598,470
7824,598,471
7825,598,472
7826,598,473
7827,598,474
7828,598,475
7829,598,476
7830,598,477
7831,598,478
7832,598,479
7833,598,480
7834,598,481
7835,598,482
7836,598,483
7837,598,484
7838,598,485
7839,598,486
7840,598,487
7841,598,488
7842,598,489
7843,598,490
7844,598,491
7845,598,492
7846,598,493
7847,598,494
7848,598,495
7849,598,496
7850,598,497
7851,598,498
7852,598,499
7853,598,500
7854,598,501
7855,598,502
7856,598,503
7857,598,504
7858,598,505
7859,598,506
7860,598,507
7861,598,508
7862,598,509
7863,599,355
7864,599,356
7865,599,357
7866,599,358
7867,599,359
7868,599,360
7869,599,361
7870,599,362
7871,599,363
7872,599,364
7873,599,365
7874,599,366
7875,599,367
7876,599,368
7877,599,369
7878,599,370
7879,599,371
7880,599,372
7881,599,373
7882,599,374
7883,599,375
7884,599,376
7885,599,377
7886,599,378
7887,599,379
7888,599,380
7889,599,381
7890,599,382
7891,599,383
7892,599,384
7893,599,385
7894,599,386
7895,599,387
7896,599,388
7897,599,389
7898,599,390
7899,599,391
7900,599,392
7901,599,393
7902,599,394
7903,599,395
7904,599,396
7905,599,397
7906,599,398
7907,599,399
7908,599,400
7909,599,401
7910,599,402
7911,599,403
7912,599,404
7913,599,405
7914,599,406
7915,599,407
7916,599,408
7917,599,409
7918,599,410
7919,599,411
7920,599,412
7921,599,413
7922,599,414
7923,599,415
7924,599,416
7925,599,417
7926,599,418
7927,599,419
7928,599,420
7929,599,421
7930,599,422
7931,599,423
7932,599,424
7933,599,425
7934,599,426
7935,599,427
7936,599,428
7937,599,429
7938,599,430
7939,599,431
7940,599,432
7941,599,433
7942,599,434
7943,599,435
7944,599,436
7945,599,437
7946,599,438
7947,599,439
7948,599,440
7949,599,441
7950,599,442
7951,599,443
7952,599,444
7953,599,445
7954,599,446
7955,599,447
7956,599,448
7957,599,449
7958,599,450
7959,599,451
7960,599,452
7961,599,453
7962,599,454
7963,599,455
7964,599,456
7965,599,457
7966,599,458
7967,599,459
7968,599,460
7969,599,461
7970,599,462
7971,599,463
7972,599,464
7973,599,465
7974,599,466
7975,599,467
7976,599,468
7977,599,469
7978,599,470
7979,599,471
7980,599,472
7981,599,473
7982,599,474
7983,599,475
7984,599,476
7985,599,477
7986,599,478
7987,599,479
7988,599,480
7989,599,481
7990,599,482
7991,599,483
7992,599,484
7993,599,485
7994,599,486
7995,599,487
7996,599,488
7997,599,489
7998,599,490
7999,599,491
8000,599,492
8001,599,493
8002,599,494
8003,599,495
8004,599,496
8005,599,497
8006,599,498
8007,599,499
8008,599,500
8009,599,501
8010,599,502
8011,599,503
8012,599,504
8013,599,505
8014,599,506
8015,599,507
8016,599,508
8017,599,509
8018,599,510
8019,600,356
8020,600,357
8021,600,358
8022,600,359
8023,600,360
8024,600,361
8025,600,362
8026,600,363
8027,600,364
8028,600,365
8029,600,366
8030,600,367
8031,600,368
8032,600,369
8033,600,370
8034,600,371
8035,600,372
8036,600,373
8037,600,374
8038,600,375
8039,600,376
8040,600,377
8041,600,378
8042,600,379
8043,600,380
8044,600,381
8045,600,382
8046,600,383
8047,600,384
8048,600,385
8049,600,386
8050,600,387
8051,600,388
8052,600,389
8053,600,390
8054,600,391
8055,600,392
8056,600,393
8057,600,394
8058,600,395
8059,600,396
8060,600,397
8061,600,398
8062,600,399
8063,600,400
8064,600,401
8065,600,402
8066,600,403
8067,600,404
8068,600,405
8069,600,406
8070,600,407
8071,600,408
8072,600,409
8073,600,410
8074,600,411
8075,600,412
8076,600,413
8077,600,414
8078,600,415
8079,600,416
8080,600,417
8081,600,418
8082,600,419
8083,600,420
8084,600,421
8085,600,422
8086,600,423
8087,600,424
8088,600,425
8089,600,426
8090,600,427
8091,600,428
8092,600,429
8093,600,430
8094,600,431
8095,600,432
8096,600,433
8097,600,434
8098,600,435
8099,600,436
8100,600,437
8101,600,438
8102,600,439
8103,600,440
8104,600,441
8105,600,442
8106,600,443
8107,600,444
8108,600,445
8109,600,446
8110,600,447
8111,600,448
8112,600,449
8113,600,450
8114,600,451
8115,600,452
8116,600,453
8117,600,454
8118,600,455
8119,600,456
8120,600,457
8121,600,458
8122,600,459
8123,600,460
8124,600,461
8125,600,462
8126,600,463
8127,600,464
8128,600,465
8129,600,466
8130,600,467
8131,600,468
8132,600,469
8133,600,470
8134,600,471
8135,600,472
8136,600,473
8137,600,474
8138,600,475
8139,600,476
8140,600,477
8141,600,478
8142,600,479
8143,600,480
8144,600,481
8145,600,482
8146,600,483
8147,600,484
8148,600,485
8149,600,486
8150,600,487
8151,600,488
8152,600,489
8153,600,490
8154,600,491
8155,600,492
8156,600,493
8157,600,494
8158,600,495
8159,600,496
8160,600,497
8161,600,498
8162,600,499
8163,600,500
8164,600,501
8165,600,502
8166,600,503
8167,600,504
8168,600,505
8169,600,506
8170,600,507
8171,600,508
8172,600,509
8173,600,510
8174,600,511
8175,600,512
8176,601,356
8177,601,357
8178,601,358
8179,601,359
8180,601,360
8181,601,361
8182,601,362
8183,601,363
8184,601,364
8185,601,365
8186,601,366
8187,601,367
8188,601,368
8189,601,369
8190,601,370
8191,601,371
8192,601,372
8193,601,373
8194,601,374
8195,601,375
8196,601,376
8197,601,377
8198,601,378
8199,601,379
8200,601,380
8201,601,381
8202,601,382
8203,601,383
8204,601,384
8205,601,385
8206,601,386
8207,601,387
8208,601,388
8209,601,389
8210,601,390
8211,601,391
8212,601,392
8213,601,393
8214,601,394
8215,601,395
8216,601,396
8217,601,397
8218,601,398
8219,601,399
8220,601,400
8221,601,401
8222,601,402
8223,601,403
8224,601,404
8225,601,405
8226,601,406
8227,601,407
8228,601,408
8229,601,409
8230,601,410
8231,601,411
8232,601,412
8233,601,413
8234,601,414
8235,601,415
8236,601,416
8237,601,417
8238,601,418
8239,601,419
8240,601,420
8241,601,421
8242,601,422
8243,601,423
8244,601,424
8245,601,425
8246,601,426
8247,601,427
8248,601,428
8249,601,429
8250,601,430
8251,601,431
8252,601,432
8253,601,433
8254,601,434
8255,601,435
8256,601,436
8257,601,437
8258,601,438
8259,601,439
8260,601,440
8261,601,441
8262,601,442
8263,601,443
8264,601,444
8265,601,445
8266,601,446
8267,601,447
8268,601,448
8269,601,449
8270,601,450
8271,601,451
8272,601,452
8273,601,453
8274,601,454
8275,601,455
8276,601,456
8277,601,457
8278,601,458
8279,601,459
8280,601,460
8281,601,461
8282,601,462
8283,601,463
8284,601,464
8285,601,465
8286,601,466
8287,601,467
8288,601,468
8289,601,469
8290,601,470
8291,601,471
8292,601,472
8293,601,473
8294,601,474
8295,601,475
8296,601,476
8297,601,477
8298,601,478
8299,601,479
8300,601,480
8301,601,481
8302,601,482
8303,601,483
8304,601,484
8305,601,485
8306,601,486
8307,601,487
8308,601,488
8309,601,489
8310,601,490
8311,601,491
8312,601,492
8313,601,493
8314,601,494
8315,601,495
8316,601,496
8317,601,497
8318,601,498
8319,601,499
8320,601,500
8321,601,501
8322,601,502
8323,601,503
8324,601,504
8325,601,505
8326,601,506
8327,601,507
8328,601,508
8329,601,509
8330,601,510
8331,601,511
8332,601,512
8333,601,513
8334,602,357
8335,602,358
8336,602,359
8337,602,360
8338,602,361
8339,602,362
8340,602,363
8341,602,364
8342,602,365
8343,602,366
8344,602,367
8345,602,368
8346,602,369
8347,602,370
8348,602,371
8349,602,372
8350,602,373
8351,602,374
8352,602,375
8353,602,376
8354,602,377
8355,602,378
8356,602,379
8357,602,380
8358,602,381
8359,602,382
8360,602,383
8361,602,384
8362,602,385
8363,602,386
8364,602,387
8365,602,388
8366,602,389
8367,602,390
8368,602,391
8369,602,392
8370,602,393
8371,602,394
8372,602,395
8373,602,396
8374,602,397
8375,602,398
8376,602,399
8377,602,400
8378,602,401
8379,602,402
8380,602,403
8381,602,404
8382,602,405
8383,602,406
8384,602,407
8385,602,408
8386,602,409
8387,602,410
8388,602,411
8389,602,412
8390,602,413
8391,602,414
8392,602,415
8393,602,416
8394,602,417
8395,602,418
8396,602,419
8397,602,420
8398,602,421
8399,602,422
8400,602,423
8401,602,424
8402,602,425
8403,602,426
8404,602,427
8405,602,428
8406,602,429
8407,602,430
8408,602,431
8409,602,432
8410,602,433
8411,602,434
8412,602,435
8413,602,436
8414,602,437
8415,602,438
8416,602,439
8417,602,440
8418,602,441
8419,602,442
8420,602,443
8421,602,444
8422,602,445
8423,602,446
8424,602,447
8425,602,448
8426,602,449
8427,602,450
8428,602,451
8429,602,452
8430,602,453
8431,602,454
8432,602,455
8433,602,456
8434,602,457
8435,602,458
8436,602,459
8437,602,460
8438,602,461
8439,602,462
8440,602,463
8441,602,464
8442,602,465
8443,602,466
8444,602,467
8445,602,468
8446,602,469
8447,602,470
8448,602,471
8449,602,472
8450,602,473
8451,602,474
8452,602,475
8453,602,476
8454,602,477
8455,602,478
8456,602,479
8457,602,480
8458,602,481
8459,602,482
8460,602,483
8461,602,484
8462,602,485
8463,602,486
8464,602,487
8465,602,488
8466,602,489
8467,602,490
8468,602,491
8469,602,492
8470,602,493
8471,602,494
8472,602,495
8473,602,496
8474,602,497
8475,602,498
8476,602,499
8477,602,500
8478,602,501
8479,602,502
8480,602,503
8481,602,504
8482,602,505
8483,602,506
8484,602,507
8485,602,508
8486,602,509
8487,602,510
8488,602,511
8489,602,512
8490,602,513
8491,602,514
8492,603,357
8493,603,358
8494,603,359
8495,603,360
8496,603,361
8497,603,362
8498,603,363
8499,603,364
8500,603,365
8501,603,366
8502,603,367
8503,603,368
8504,603,369
8505,603,370
8506,603,371
8507,603,372
8508,603,373
8509,603,374
8510,603,375
8511,603,376
8512,603,377
8513,603,378
8514,603,379
8515,603,380
8516,603,381
8517,603,382
8518,603,383
8519,603,384
8520,603,385
8521,603,386
8522,603,387
8523,603,388
8524,603,389
8525,603,390
8526,603,391
8527,603,392
8528,603,393
8529,603,394
8530,603,395
8531,603,396
8532,603,397
8533,603,398
8534,603,399
8535,603,400
8536,603,401
8537,603,402
8538,603,403
8539,603,404
8540,603,405
8541,603,406
8542,603,407
8543,603,408
8544,603,409
8545,603,410
8546,603,411
8547,603,412
8548,603,413
8549,603,414
8550,603,415
8551,603,416
8552,603,417
8553,603,418
8554,603,419
8555,603,420
8556,603,421
8557,603,422
8558,603,423
8559,603,424
8560,603,425
8561,603,426
8562,603,427
8563,603,428
8564,603,429
8565,603,430
8566,603,431
8567,603,432
8568,603,433
8569,603,434
8570,603,435
8571,603,436
8572,603,437
8573,603,438
8574,603,439
8575,603,440
8576,603,441
8577,603,442
8578,603,443
8579,603,444
8580,603,445
8581,603,446
8582,603,447
8583,603,448
8584,603,449
8585,603,450
8586,603,451
8587,603,452
8588,603,453
8589,603,454
8590,603,455
8591,603,456
8592,603,457
8593,603,458
8594,603,459
8595,603,460
8596,603,461
8597,603,462
8598,603,463
8599,603,464
8600,603,465
8601,603,466
8602,603,467
8603,603,468
8604,603,469
8605,603,470
8606,603,471
8607,603,472
8608,603,473
8609,603,474
8610,603,475
8611,603,476
8612,603,477
8613,603,478
8614,603,479
8615,603,480
8616,603,481
8617,603,482
8618,603,483
8619,603,484
8620,603,485
8621,603,486
8622,603,487
8623,603,488
8624,603,489
8625,603,490
8626,603,491
8627,603,492
8628,603,493
8629,603,494
8630,603,495
8631,603,496
8632,603,497
8633,603,498
8634,603,499
8635,603,500
8636,603,501
8637,603,502
8638,603,503
8639,603,504
8640,603,505
8641,603,506
8642,603,507
8643,603,508
8644,603,509
8645,603,510
8646,603,511
8647,603,512
8648,603,513
8649,603,514
8650,603,515
8651,604,358
8652,604,359
8653,604,360
8654,604,361
8655,604,362
8656,604,363
8657,604,364
8658,604,365
8659,604,366
8660,604,367
8661,604,368
8662,604,369
8663,604,370
8664,604,371
8665,604,372
8666,604,373
8667,604,374
8668,604,375
8669,604,376
8670,604,377
8671,604,378
8672,604,379
8673,604,380
8674,604,381
8675,604,382
8676,604,383
8677,604,384
8678,604,385
8679,604,386
8680,604,387
8681,604,388
8682,604,389
8683,604,390
8684,604,391
8685,604,392
8686,604,393
8687,604,394
8688,604,395
8689,604,396
8690,604,397
8691,604,398
8692,604,399
8693,604,400
8694,604,401
8695,604,402
8696,604,403
8697,604,404
8698,604,405
8699,604,406
8700,604,407
8701,604,408
8702,604,409
8703,604,410
8704,604,411
8705,604,412
8706,604,413
8707,604,414
8708,604,415
8709,604,416
8710,604,417
8711,604,418
8712,604,419
8713,604,420
8714,604,421
8715,604,422
8716,604,423
8717,604,424
8718,604,425
8719,604,426
8720,604,427
8721,604,428
8722,604,429
8723,604,430
8724,604,431
8725,604,432
8726,604,433
8727,604,434
8728,604,435
8729,604,436
8730,604,437
8731,604,438
8732,604,439
8733,604,440
8734,604,441
8735,604,442
8736,604,443
8737,604,444
8738,604,445
8739,604,446
8740,604,447
8741,604,448
8742,604,449
8743,604,450
8744,604,451
8745,604,452
8746,604,453
8747,604,454
8748,604,455
8749,604,456
8750,604,457
8751,604,458
8752,604,459
8753,604,460
8754,604,461
8755,604,462
8756,604,463
8757,604,464
8758,604,465
8759,604,466
8760,604,467
8761,604,468
8762,604,469
8763,604,470
8764,604,471
8765,604,472
8766,604,473
8767,604,474
8768,604,475
8769,604,476
8770,604,477
8771,604,478
8772,604,479
8773,604,480
8774,604,481
8775,604,482
8776,604,483
8777,604,484
8778,604,485
8779,604,486
8780,604,487
8781,604,488
8782,604,489
8783,604,490
8784,604,491
8785,604,492
8786,604,493
8787,604,494
8788,604,495
8789,604,496
8790,604,497
8791,604,498
8792,604,499
8793,604,500
8794,604,501
8795,604,502
8796,604,503
8797,604,504
8798,604,505
8799,604,506
8800,604,507
8801,604,508
8802,604,509
8803,604,510
8804,604,511
8805,604,512
8806,604,513
8807,604,514
8808,604,515
8809,604,516
8810,605,358
8811,605,359
8812,605,360
8813,605,361
8814,605,362
8815,605,363
8816,605,364
8817,605,365
8818,605,366
8819,605,367
8820,605,368
8821,605,369
8822,605,370
8823,605,371
8824,605,372
8825,605,373
8826,605,374
8827,605,375
8828,605,376
8829,605,377
8830,605,378
8831,605,379
8832,605,380
8833,605,381
8834,605,382
8835,605,383
8836,605,384
8837,605,385
8838,605,386
8839,605,387
8840,605,388
8841,605,389
8842,605,390
8843,605,391
8844,605,392
8845,605,393
8846,605,394
8847,605,395
8848,605,396
8849,605,397
8850,605,398
8851,605,399
8852,605,400
8853,605,401
8854,605,402
8855,605,403
8856,605,404
8857,605,405
8858,605,406
8859,605,407
8860,605,408
8861,605,409
8862,605,410
8863,605,411
8864,605,412
8865,605,413
8866,605,414
8867,605,415
8868,605,416
8869,605,417
8870,605,418
8871,605,419
8872,605,420
8873,605,421
8874,605,422
8875,605,423
8876,605,424
8877,605,425
8878,605,426
8879,605,427
8880,605,428
8881,605,429
8882,605,430
8883,605,431
8884,605,432
8885,605,433
8886,605,434
8887,605,435
8888,605,436
8889,605,437
8890,605,438
8891,605,439
8892,605,440
8893,605,441
8894,605,442
8895,605,443
8896,605,444
8897,605,445
8898,605,446
8899,605,447
8900,605,448
8901,605,449
8902,605,450
8903,605,451
8904,605,452
8905,605,453
8906,605,454
8907,605,455
8908,605,456
8909,605,457
8910,605,458
8911,605,459
8912,605,460
8913,605,461
8914,605,462
8915,605,463
8916,605,464
8917,605,465
8918,605,466
8919,605,467
8920,605,468
8921,605,469
8922,605,470
8923,605,471
8924,605,472
8925,605,473
8926,605,474
8927,605,475
8928,605,476
8929,605,477
8930,605,478
8931,605,479
8932,605,480
8933,605,481
8934,605,482
8935,605,483
8936,605,484
8937,605,485
8938,605,486
8939,605,487
8940,605,488
8941,605,489
8942,605,490
8943,605,491
8944,605,492
8945,605,493
8946,605,494
8947,605,495
8948,605,496
8949,605,497
8950,605,498
8951,605,499
8952,605,500
8953,605,501
8954,605,502
8955,605,503
8956,605,504
8957,605,505
8958,605,506
8959,605,507
8960,605,508
8961,605,509
8962,605,510
8963,605,511
8964,605,512
8965,605,513
8966,605,514
8967,605,515
8968,605,516
8969,605,517
8970,606,359
8971,606,360
8972,606,361
8973,606,362
8974,606,363
8975,606,364
8976,606,365
8977,606,366
8978,606,367
8979,606,368
8980,606,369
8981,606,370
8982,606,371
8983,606,372
8984,606,373
8985,606,374
8986,606,375
8987,606,376
8988,606,377
8989,606,378
8990,606,379
8991,606,380
8992,606,381
8993,606,382
8994,606,383
8995,606,384
8996,606,385
8997,606,386
8998,606,387
8999,606,388
9000,606,389
9001,606,390
9002,606,391
9003,606,392
9004,606,393
9005,606,394
9006,606,395
9007,606,396
9008,606,397
9009,606,398
9010,606,399
9011,606,400
9012,606,401
9013,606,402
9014,606,403
9015,606,404
9016,606,405
9017,606,406
9018,606,407
9019,606,408
9020,606,409
9021,606,410
9022,606,411
9023,606,412
9024,606,413
9025,606,414
9026,606,415
9027,606,416
9028,606,417
9029,606,418
9030,606,419
9031,606,420
9032,606,421
9033,606,422
9034,606,423
9035,606,424
9036,606,425
9037,606,426
9038,606,427
9039,606,428
9040,606,429
9041,606,430
9042,606,431
9043,606,432
9044,606,433
9045,606,434
9046,606,435
9047,606,436
9048,606,437
9049,606,438
9050,606,439
9051,606,440
9052,606,441
9053,606,442
9054,606,443
9055,606,444
9056,606,445
9057,606,446
9058,606,447
9059,606,448
9060,606,449
9061,606,450
9062,606,451
9063,606,452
9064,606,453
9065,606,454
9066,606,455
9067,606,456
9068,606,457
9069,606,458
9070,606,459
9071,606,460
9072,606,461
9073,606,462
9074,606,463
9075,606,464
9076,606,465
9077,606,466
9078,606,467
9079,606,468
9080,606,469
9081,606,470
9082,606,471
9083,606,472
9084,606,473
9085,606,474
9086,606,475
9087,606,476
9088,606,477
9089,606,478
9090,606,479
9091,606,480
9092,606,481
9093,606,482
9094,606,483
9095,606,484
9096,606,485
9097,606,486
9098,606,487
9099,606,488
9100,606,489
9101,606,490
9102,606,491
9103,606,492
9104,606,493
9105,606,494
9106,606,495
9107,606,496
9108,606,497
9109,606,498
9110,606,499
9111,606,500
9112,606,501
9113,606,502
9114,606,503
9115,606,504
9116,606,505
9117,606,506
9118,606,507
9119,606,508
9120,606,509
9121,606,510
9122,606,511
9123,606,512
9124,606,513
9125,606,514
9126,606,515
9127,606,516
9128,606,517
9129,606,518
9130,607,359
9131,607,360
9132,607,361
9133,607,362
9134,607,363
9135,607,364
9136,607,365
9137,607,366
9138,607,367
9139,607,368
9140,607,369
9141,607,370
9142,607,371
9143,607,372
9144,607,373
9145,607,374
9146,607,375
9147,607,376
9148,607,377
9149,607,378
9150,607,379
9151,607,380
9152,607,381
9153,607,382
9154,607,383
9155,607,384
9156,607,385
9157,607,386
9158,607,387
9159,607,388
9160,607,389
9161,607,390
9162,607,391
9163,607,392
9164,607,393
9165,607,394
9166,607,395
9167,607,396
9168,607,397
9169,607,398
9170,607,399
9171,607,400
9172,607,401
9173,607,402
9174,607,403
9175,607,404
9176,607,405
9177,607,406
9178,607,407
9179,607,408
9180,607,409
9181,607,410
9182,607,411
9183,607,412
9184,607,413
9185,607,414
9186,607,415
9187,607,416
9188,607,417
9189,607,418
9190,607,419
9191,607,420
9192,607,421
9193,607,422
9194,607,423
9195,607,424
9196,607,425
9197,607,426
9198,607,427
9199,607,428
9200,607,429
9201,607,430
9202,607,431
9203,607,432
9204,607,433
9205,607,434
9206,607,435
9207,607,436
9208,607,437
9209,607,438
9210,607,439
9211,607,440
9212,607,441
9213,607,442
9214,607,443
9215,607,444
9216,607,445
9217,607,446
9218,607,447
9219,607,448
9220,607,449
9221,607,450
9222,607,451
9223,607,452
9224,607,453
9225,607,454
9226,607,455
9227,607,456
9228,607,457
9229,607,458
9230,607,459
9231,607,460
9232,607,461
9233,607,462
9234,607,463
9235,607,464
9236,607,465
9237,607,466
9238,607,467
9239,607,468
9240,607,469
9241,607,470
9242,607,471
9243,607,472
9244,607,473
9245,607,474
9246,607,475
9247,607,476
9248,607,477
9249,607,478
9250,607,479
9251,607,480
9252,607,481
9253,607,482
9254,607,483
9255,607,484
9256,607,485
9257,607,486
9258,607,487
9259,607,488
9260,607,489
9261,607,490
9262,607,491
9263,607,492
9264,607,493
9265,607,494
9266,607,495
9267,607,496
9268,607,497
9269,607,498
9270,607,499
9271,607,500
9272,607,501
9273,607,502
9274,607,503
9275,607,504
9276,607,505
9277,607,506
9278,607,507
9279,607,508
9280,607,509
9281,607,510
9282,607,511
9283,607,512
9284,607,513
9285,607,514
9286,607,515
9287,607,516
9288,607,517
9289,607,518
9290,607,519
9291,608,360
9292,608,361
9293,608,362
9294,608,363
9295,608,364
9296,608,365
9297,608,366
9298,608,367
9299,608,368
9300,608,369
9301,608,370
9302,608,371
9303,608,372
9304,608,373
9305,608,374
9306,608,375
9307,608,376
9308,608,377
9309,608,378
9310,608,379
9311,608,380
9312,608,381
9313,608,382
9314,608,383
9315,608,384
9316,608,385
9317,608,386
9318,608,387
9319,608,388
9320,608,389
9321,608,390
9322,608,391
9323,608,392
9324,608,393
9325,608,394
9326,608,395
9327,608,396
9328,608,397
9329,608,398
9330,608,399
9331,608,400
9332,608,401
9333,608,402
9334,608,403
9335,608,404
9336,608,405
9337,608,406
9338,608,407
9339,608,408
9340,608,409
9341,608,410
9342,608,411
9343,608,412
9344,608,413
9345,608,414
9346,608,415
9347,608,416
9348,608,417
9349,608,418
9350,608,419
9351,608,420
9352,608,421
9353,608,422
9354,608,423
9355,608,424
9356,608,425
9357,608,426
9358,608,427
9359,608,428
9360,608,429
9361,608,430
9362,608,431
9363,608,432
9364,608,433
9365,608,434
9366,608,435
9367,608,436
9368,608,437
9369,608,438
9370,608,439
9371,608,440
9372,608,441
9373,608,442
9374,608,443
9375,608,444
9376,608,445
9377,608,446
9378,608,447
9379,608,448
9380,608,449
9381,608,450
9382,608,451
9383,608,452
9384,608,453
9385,608,454
9386,608,455
9387,608,456
9388,608,457
9389,608,458
9390,608,459
9391,608,460
9392,608,461
9393,608,462
9394,608,463
9395,608,464
9396,608,465
9397,608,466
9398,608,467
9399,608,468
9400,608,469
9401,608,470
9402,608,471
9403,608,472
9404,608,473
9405,608,474
9406,608,475
9407,608,476
9408,608,477
9409,608,478
9410,608,479
9411,608,480
9412,608,481
9413,608,482
9414,608,483
9415,608,484
9416,608,485
9417,608,486
9418,608,487
9419,608,488
9420,608,489
9421,608,490
9422,608,491
9423,608,492
9424,608,493
9425,608,494
9426,608,495
9427,608,496
9428,608,497
9429,608,498
9430,608,499
9431,608,500
9432,608,501
9433,608,502
9434,608,503
9435,608,504
9436,608,505
9437,608,506
9438,608,507
9439,608,508
9440,608,509
9441,608,510
9442,608,511
9443,608,512
9444,608,513
9445,608,514
9446,608,515
9447,608,516
9448,608,517
9449,608,518
9450,608,519
9451,608,520
9452,609,360
9453,609,361
9454,609,362
9455,609,363
9456,609,364
9457,609,365
9458,609,366
9459,609,367
9460,609,368
9461,609,369
9462,609,370
9463,609,371
9464,609,372
9465,609,373
9466,609,374
9467,609,375
9468,609,376
9469,609,377
9470,609,378
9471,609,379
9472,609,380
9473,609,381
9474,609,382
9475,609,383
9476,609,384
9477,609,385
9478,609,386
9479,609,387
9480,609,388
9481,609,389
9482,609,390
9483,609,391
9484,609,392
9485,609,393
9486,609,394
9487,609,395
9488,609,396
9489,609,397
9490,609,398
9491,609,399
9492,609,400
9493,609,401
9494,609,402
9495,609,403
9496,609,404
9497,609,405
9498,609,406
9499,609,407
9500,609,408
9501,609,409
9502,609,410
9503,609,411
9504,609,412
9505,609,413
9506,609,414
9507,609,415
9508,609,416
9509,609,417
9510,609,418
9511,609,419
9512,609,420
9513,609,421
9514,609,422
9515,609,423
9516,609,424
9517,609,425
9518,609,426
9519,609,427
9520,609,428
9521,609,429
9522,609,430
9523,609,431
9524,609,432
9525,609,433
9526,609,434
9527,609,435
9528,609,436
9529,609,437
9530,609,438
9531,609,439
9532,609,440
9533,609,441
9534,609,442
9535,609,443
9536,609,444
9537,609,445
9538,609,446
9539,609,447
9540,609,448
9541,609,449
9542,609,450
9543,609,451
9544,609,452
9545,609,453
9546,609,454
9547,609,455
9548,609,456
9549,609,457
9550,609,458
9551,609,459
9552,609,460
9553,609,461
9554,609,462
9555,609,463
9556,609,464
9557,609,465
9558,609,466
9559,609,467
9560,609,468
9561,609,469
9562,609,470
9563,609,471
9564,609,472
9565,609,473
9566,609,474
9567,609,475
9568,609,476
9569,609,477
9570,609,478
9571,609,479
9572,609,480
9573,609,481
9574,609,482
9575,609,483
9576,609,484
9577,609,485
9578,609,486
9579,609,487
9580,609,488
9581,609,489
9582,609,490
9583,609,491
9584,609,492
9585,609,493
9586,609,494
9587,609,495
9588,609,496
9589,609,497
9590,609,498
9591,609,499
9592,609,500
9593,609,501
9594,609,502
9595,609,503
9596,609,504
9597,609,505
9598,609,506
9599,609,507
9600,609,508
9601,609,509
9602,609,510
9603,609,511
9604,609,512
9605,609,513
9606,609,514
9607,609,515
9608,609,516
9609,609,517
9610,609,518
9611,609,519
9612,609,520
9613,609,521
9614,609,522
9615,610,361
9616,610,362
9617,610,363
9618,610,364
9619,610,365
9620,610,366
9621,610,367
9622,610,368
9623,610,369
9624,610,370
9625,610,371
9626,610,372
9627,610,373
9628,610,374
9629,610,375
9630,610,376
9631,610,377
9632,610,378
9633,610,379
9634,610,380
9635,610,381
9636,610,382
9637,610,383
9638,610,384
9639,610,385
9640,610,386
9641,610,387
9642,610,388
9643,610,389
9644,610,390
9645,610,391
9646,610,392
9647,610,393
9648,610,394
9649,610,395
9650,610,396
9651,610,397
9652,610,398
9653,610,399
9654,610,400
9655,610,401
9656,610,402
9657,610,403
9658,610,404
9659,610,405
9660,610,406
9661,610,407
9662,610,408
9663,610,409
9664,610,410
9665,610,411
9666,610,412
9667,610,413
9668,610,414
9669,610,415
9670,610,416
9671,610,417
9672,610,418
9673,610,419
9674,610,420
9675,610,421
9676,610,422
9677,610,423
9678,610,424
9679,610,425
9680,610,426
9681,610,427
9682,610,428
9683,610,429
9684,610,430
9685,610,431
9686,610,432
9687,610,433
9688,610,434
9689,610,435
9690,610,436
9691,610,437
9692,610,438
9693,610,439
9694,610,440
9695,610,441
9696,610,442
9697,610,443
9698,610,444
9699,610,445
9700,610,446
9701,610,447
9702,610,448
9703,610,449
9704,610,450
9705,610,451
9706,610,452
9707,610,453
9708,610,454
9709,610,455
9710,610,456
9711,610,457
9712,610,458
9713,610,459
9714,610,460
9715,610,461
9716,610,462
9717,610,463
9718,610,464
9719,610,465
9720,610,466
9721,610,467
9722,610,468
9723,610,469
9724,610,470
9725,610,471
9726,610,472
9727,610,473
9728,610,474
9729,610,475
9730,610,476
9731,610,477
9732,610,478
9733,610,479
9734,610,480
9735,610,481
9736,610,482
9737,610,483
9738,610,484
9739,610,485
9740,610,486
9741,610,487
9742,610,488
9743,610,489
9744,610,490
9745,610,491
9746,610,492
9747,610,493
9748,610,494
9749,610,495
9750,610,496
9751,610,497
9752,610,498
9753,610,499
9754,610,500
9755,610,501
9756,610,502
9757,610,503
9758,610,504
9759,610,505
9760,610,506
9761,610,507
9762,610,508
9763,610,509
9764,610,510
9765,610,511
9766,610,512
9767,610,513
9768,610,514
9769,610,515
9770,610,516
9771,610,517
9772,610,518
9773,610,519
9774,610,520
9775,610,521
9776,610,522
9777,610,523
9778,611,361
9779,611,362
9780,611,363
9781,611,364
9782,611,365
9783,611,366
9784,611,367
9785,611,368
9786,611,369
9787,611,370
9788,611,371
9789,611,372
9790,611,373
9791,611,374
9792,611,375
9793,611,376
9794,611,377
9795,611,378
9796,611,379
9797,611,380
9798,611,381
9799,611,382
9800,611,383
9801,611,384
9802,611,385
9803,611,386
9804,611,387
9805,611,388
9806,611,389
9807,611,390
9808,611,391
9809,611,392
9810,611,393
9811,611,394
9812,611,395
9813,611,396
9814,611,397
9815,611,398
9816,611,399
9817,611,400
9818,611,401
9819,611,402
9820,611,403
9821,611,404
9822,611,405
9823,611,406
9824,611,407
9825,611,408
9826,611,409
9827,611,410
9828,611,411
9829,611,412
9830,611,413
9831,611,414
9832,611,415
9833,611,416
9834,611,417
9835,611,418
9836,611,419
9837,611,420
9838,611,421
9839,611,422
9840,611,423
9841,611,424
9842,611,425
9843,611,426
9844,611,427
9845,611,428
9846,611,429
9847,611,430
9848,611,431
9849,611,432
9850,611,433
9851,611,434
9852,611,435
9853,611,436
9854,611,437
9855,611,438
9856,611,439
9857,611,440
9858,611,441
9859,611,442
9860,611,443
9861,611,444
9862,611,445
9863,611,446
9864,611,447
9865,611,448
9866,611,449
9867,611,450
9868,611,451
9869,611,452
9870,611,453
9871,611,454
9872,611,455
9873,611,456
9874,611,457
9875,611,458
9876,611,459
9877,611,460
9878,611,461
9879,611,462
9880,611,463
9881,611,464
9882,611,465
9883,611,466
9884,611,467
9885,611,468
9886,611,469
9887,611,470
9888,611,471
9889,611,472
9890,611,473
9891,611,474
9892,611,475
9893,611,476
9894,611,477
9895,611,478
9896,611,479
9897,611,480
9898,611,481
9899,611,482
9900,611,483
9901,611,484
9902,611,485
9903,611,486
9904,611,487
9905,611,488
9906,611,489
9907,611,490
9908,611,491
9909,611,492
9910,611,493
9911,611,494
9912,611,495
9913,611,496
9914,611,497
9915,611,498
9916,611,499
9917,611,500
9918,611,501
9919,611,502
9920,611,503
9921,611,504
9922,611,505
9923,611,506
9924,611,507
9925,611,508
9926,611,509
9927,611,510
9928,611,511
9929,611,512
9930,611,513
9931,611,514
9932,611,515
9933,611,516
9934,611,517
9935,611,518
9936,611,519
9937,611,520
9938,611,521
9939,611,522
9940,611,523
9941,611,524
9942,612,364
9943,612,365
9944,612,366
9945,612,367
9946,612,368
9947,612,369
9948,612,370
9949,612,371
9950,612,372
9951,612,373
9952,612,374
9953,612,375
9954,612,376
9955,612,377
9956,612,378
9957,612,379
9958,612,380
9959,612,381
9960,612,382
9961,612,383
9962,612,384
9963,612,385
9964,612,386
9965,612,387
9966,612,388
9967,612,389
9968,612,390
9969,612,391
9970,612,392
9971,612,393
9972,612,394
9973,612,395
9974,612,396
9975,612,397
9976,612,398
9977,612,399
9978,612,400
9979,612,401
9980,612,402
9981,612,403
9982,612,404
9983,612,405
9984,612,406
9985,612,407
9986,612,408
9987,612,409
9988,612,410
9989,612,411
9990,612,412
9991,612,413
9992,612,414
9993,612,415
9994,612,416
9995,612,417
9996,612,418
9997,612,419
9998,612,420
9999,612,421
10000,612,422
10001,612,423
10002,612,424
10003,612,425
10004,612,426
10005,612,427
10006,612,428
10007,612,429
10008,612,430
10009,612,431
10010,612,432
10011,612,433
10012,612,434
10013,612,435
10014,612,436
10015,612,437
10016,612,438
10017,612,439
10018,612,440
10019,612,441
10020,612,442
10021,612,443
10022,612,444
10023,612,445
10024,612,446
10025,612,447
10026,612,448
10027,612,449
10028,612,450
10029,612,451
10030,612,452
10031,612,453
10032,612,454
10033,612,455
10034,612,456
10035,612,457
10036,612,458
10037,612,459
10038,612,460
10039,612,461
10040,612,462
10041,612,463
10042,612,464
10043,612,465
10044,612,466
10045,612,467
10046,612,468
10047,612,469
10048,612,470
10049,612,471
10050,612,472
10051,612,473
10052,612,474
10053,612,475
10054,612,476
10055,612,477
10056,612,478
10057,612,479
10058,612,480
10059,612,481
10060,612,482
10061,612,483
10062,612,484
10063,612,485
10064,612,486
10065,612,487
10066,612,488
10067,612,489
10068,612,490
10069,612,491
10070,612,492
10071,612,493
10072,612,494
10073,612,495
10074,612,496
10075,612,497
10076,612,498
10077,612,499
10078,612,500
10079,612,501
10080,612,502
10081,612,503
10082,612,504
10083,612,505
10084,612,506
10085,612,507
10086,612,508
10087,612,509
10088,612,510
10089,612,511
10090,612,512
10091,612,513
10092,612,514
10093,612,515
10094,612,516
10095,612,517
10096,612,518
10097,612,519
10098,612,520
10099,612,521
10100,612,522
10101,612,523
10102,612,524
10103,612,525
10104,613,369
10105,613,370
10106,613,371
10107,613,372
10108,613,373
10109,613,374
10110,613,375
10111,613,376
10112,613,377
10113,613,378
10114,613,379
10115,613,380
10116,613,381
10117,613,382
10118,613,383
10119,613,384
10120,613,385
10121,613,386
10122,613,387
10123,613,388
10124,613,389
10125,613,390
10126,613,391
10127,613,392
10128,613,393
10129,613,394
10130,613,395
10131,613,396
10132,613,397
10133,613,398
10134,613,399
10135,613,400
10136,613,401
10137,613,402
10138,613,403
10139,613,404
10140,613,405
10141,613,406
10142,613,407
10143,613,408
10144,613,409
10145,613,410
10146,613,411
10147,613,412
10148,613,413
10149,613,414
10150,613,415
10151,613,416
10152,613,417
10153,613,418
10154,613,419
10155,613,420
10156,613,421
10157,613,422
10158,613,423
10159,613,424
10160,613,425
10161,613,426
10162,613,427
10163,613,428
10164,613,429
10165,613,430
10166,613,431
10167,613,432
10168,613,433
10169,613,434
10170,613,435
10171,613,436
10172,613,437
10173,613,438
10174,613,439
10175,613,440
10176,613,441
10177,613,442
10178,613,443
10179,613,444
10180,613,445
10181,613,446
10182,613,447
10183,613,448
10184,613,449
10185,613,450
10186,613,451
10187,613,452
10188,613,453
10189,613,454
10190,613,455
10191,613,456
10192,613,457
10193,613,458
10194,613,459
10195,613,460
10196,613,461
10197,613,462
10198,613,463
10199,613,464
10200,613,465
10201,613,466
10202,613,467
10203,613,468
10204,613,469
10205,613,470
10206,613,471
10207,613,472
10208,613,473
10209,613,474
10210,613,475
10211,613,476
10212,613,477
10213,613,478
10214,613,479
10215,613,480
10216,613,481
10217,613,482
10218,613,483
10219,613,484
10220,613,485
10221,613,486
10222,613,487
10223,613,488
10224,613,489
10225,613,490
10226,613,491
10227,613,492
10228,613,493
10229,613,494
10230,613,495
10231,613,496
10232,613,497
10233,613,498
10234,613,499
10235,613,500
10236,613,501
10237,613,502
10238,613,503
10239,613,504
10240,613,505
10241,613,506
10242,613,507
10243,613,508
10244,613,509
10245,613,510
10246,613,511
10247,613,512
10248,613,513
10249,613,514
10250,613,515
10251,613,516
10252,613,517
10253,613,518
10254,613,519
10255,613,520
10256,613,521
10257,613,522
10258,613,523
10259,613,524
10260,613,525
10261,613,526
10262,614,375
10263,614,376
10264,614,377
10265,614,378
10266,614,379
10267,614,380
10268,614,381
10269,614,382
10270,614,383
10271,614,384
10272,614,385
10273,614,386
10274,614,387
10275,614,388
10276,614,389
10277,614,390
10278,614,391
10279,614,392
10280,614,393
10281,614,394
10282,614,395
10283,614,396
10284,614,397
10285,614,398
10286,614,399
10287,614,400
10288,614,401
10289,614,402
10290,614,403
10291,614,404
10292,614,405
10293,614,406
10294,614,407
10295,614,408
10296,614,409
10297,614,410
10298,614,411
10299,614,412
10300,614,413
10301,614,414
10302,614,415
10303,614,416
10304,614,417
10305,614,418
10306,614,419
10307,614,420
10308,614,421
10309,614,422
10310,614,423
10311,614,424
10312,614,425
10313,614,426
10314,614,427
10315,614,428
10316,614,429
10317,614,430
10318,614,431
10319,614,432
10320,614,433
10321,614,434
10322,614,435
10323,614,436
10324,614,437
10325,614,438
10326,614,439
10327,614,440
10328,614,441
10329,614,442
10330,614,443
10331,614,444
10332,614,445
10333,614,446
10334,614,447
10335,614,448
10336,614,449
10337,614,450
10338,614,451
10339,614,452
10340,614,453
10341,614,454
10342,614,455
10343,614,456
10344,614,457
10345,614,458
10346,614,459
10347,614,460
10348,614,461
10349,614,462
10350,614,463
10351,614,464
10352,614,465
10353,614,466
10354,614,467
10355,614,468
10356,614,469
10357,614,470
10358,614,471
10359,614,472
10360,614,473
10361,614,474
10362,614,475
10363,614,476
10364,614,477
10365,614,478
10366,614,479
10367,614,480
10368,614,481
10369,614,482
10370,614,483
10371,614,484
10372,614,485
10373,614,486
10374,614,487
10375,614,488
10376,614,489
10377,614,490
10378,614,491
10379,614,492
10380,614,493
10381,614,494
10382,614,495
10383,614,496
10384,614,497
10385,614,498
10386,614,499
10387,614,500
10388,614,501
10389,614,502
10390,614,503
10391,614,504
10392,614,505
10393,614,506
10394,614,507
10395,614,508
10396,614,509
10397,614,510
10398,614,511
10399,614,512
10400,614,513
10401,614,514
10402,614,515
10403,614,516
10404,614,517
10405,614,518
10406,614,519
10407,614,520
10408,614,521
10409,614,522
10410,614,523
10411,614,524
10412,614,525
10413,614,526
10414,614,527
10415,615,380
10416,615,381
10417,615,382
10418,615,383
10419,615,384
10420,615,385
10421,615,386
10422,615,387
10423,615,388
10424,615,389
10425,615,390
10426,615,391
10427,615,392
10428,615,393
10429,615,394
10430,615,395
10431,615,396
10432,615,397
10433,615,398
10434,615,399
10435,615,400
10436,615,401
10437,615,402
10438,615,403
10439,615,404
10440,615,405
10441,615,406
10442,615,407
10443,615,408
10444,615,409
10445,615,410
10446,615,411
10447,615,412
10448,615,413
10449,615,414
10450,615,415
10451,615,416
10452,615,417
10453,615,418
10454,615,419
10455,615,420
10456,615,421
10457,615,422
10458,615,423
10459,615,424
10460,615,425
10461,615,426
10462,615,427
10463,615,428
10464,615,429
10465,615,430
10466,615,431
10467,615,432
10468,615,433
10469,615,434
10470,615,435
10471,615,436
10472,615,437
10473,615,438
10474,615,439
10475,615,440
10476,615,441
10477,615,442
10478,615,443
10479,615,444
10480,615,445
10481,615,446
10482,615,447
10483,615,448
10484,615,449
10485,615,450
10486,615,451
10487,615,452
10488,615,453
10489,615,454
10490,615,455
10491,615,456
10492,615,457
10493,615,458
10494,615,459
10495,615,460
10496,615,461
10497,615,462
10498,615,463
10499,615,464
10500,615,465
10501,615,466
10502,615,467
10503,615,468
10504,615,469
10505,615,470
10506,615,471
10507,615,472
10508,615,473
10509,615,474
10510,615,475
10511,615,476
10512,615,477
10513,615,478
10514,615,479
10515,615,480
10516,615,481
10517,615,482
10518,615,483
10519,615,484
10520,615,485
10521,615,486
10522,615,487
10523,615,488
10524,615,489
10525,615,490
10526,615,491
10527,615,492
10528,615,493
10529,615,494
10530,615,495
10531,615,496
10532,615,497
10533,615,498
10534,615,499
10535,615,500
10536,615,501
10537,615,502
10538,615,503
10539,615,504
10540,615,505
10541,615,506
10542,615,507
10543,615,508
10544,615,509
10545,615,510
10546,615,511
10547,615,512
10548,615,513
10549,615,514
10550,615,515
10551,615,516
10552,615,517
10553,615,518
10554,615,519
10555,615,520
10556,615,521
10557,615,522
10558,615,523
10559,615,524
10560,615,525
10561,615,526
10562,615,527
10563,615,528
10564,616,385
10565,616,386
10566,616,387
10567,616,388
10568,616,389
10569,616,390
10570,616,391
10571,616,392
10572,616,393
10573,616,394
10574,616,395
10575,616,396
10576,616,397
10577,616,398
10578,616,399
10579,616,400
10580,616,401
10581,616,402
10582,616,403
10583,616,404
10584,616,405
10585,616,406
10586,616,407
10587,616,408
10588,616,409
10589,616,410
10590,616,411
10591,616,412
10592,616,413
10593,616,414
10594,616,415
10595,616,416
10596,616,417
10597,616,418
10598,616,419
10599,616,420
10600,616,421
10601,616,422
10602,616,423
10603,616,424
10604,616,425
10605,616,426
10606,616,427
10607,616,428
10608,616,429
10609,616,430
10610,616,431
10611,616,432
10612,616,433
10613,616,434
10614,616,435
10615,616,436
10616,616,437
10617,616,438
10618,616,439
10619,616,440
10620,616,441
10621,616,442
10622,616,443
10623,616,444
10624,616,445
10625,616,446
10626,616,447
10627,616,448
10628,616,449
10629,616,450
10630,616,451
10631,616,452
10632,616,453
10633,616,454
10634,616,455
10635,616,456
10636,616,457
10637,616,458
10638,616,459
10639,616,460
10640,616,461
10641,616,462
10642,616,463
10643,616,464
10644,616,465
10645,616,466
10646,616,467
10647,616,468
10648,616,469
10649,616,470
10650,616,471
10651,616,472
10652,616,473
10653,616,474
10654,616,475
10655,616,476
10656,616,477
10657,616,478
10658,616,479
10659,616,480
10660,616,481
10661,616,482
10662,616,483
10663,616,484
10664,616,485
10665,616,486
10666,616,487
10667,616,488
10668,616,489
10669,616,490
10670,616,491
10671,616,492
10672,616,493
10673,616,494
10674,616,495
10675,616,496
10676,616,497
10677,616,498
10678,616,499
10679,616,500
10680,616,501
10681,616,502
10682,616,503
10683,616,504
10684,616,505
10685,616,506
10686,616,507
10687,616,508
10688,616,509
10689,616,510
10690,616,511
10691,616,512
10692,616,513
10693,616,514
10694,616,515
10695,616,516
10696,616,517
10697,616,518
10698,616,519
10699,616,520
10700,616,521
10701,616,522
10702,616,523
10703,616,524
10704,616,525
10705,616,526
10706,616,527
10707,616,528
10708,616,529
10709,617,391
10710,617,392
10711,617,393
10712,617,394
10713,617,395
10714,617,396
10715,617,397
10716,617,398
10717,617,399
10718,617,400
10719,617,401
10720,617,402
10721,617,403
10722,617,404
10723,617,405
10724,617,406
10725,617,407
10726,617,408
10727,617,409
10728,617,410
10729,617,411
10730,617,412
10731,617,413
10732,617,414
10733,617,415
10734,617,416
10735,617,417
10736,617,418
10737,617,419
10738,617,420
10739,617,421
10740,617,422
10741,617,423
10742,617,424
10743,617,425
10744,617,426
10745,617,427
10746,617,428
10747,617,429
10748,617,430
10749,617,431
10750,617,432
10751,617,433
10752,617,434
10753,617,435
10754,617,436
10755,617,437
10756,617,438
10757,617,439
10758,617,440
10759,617,441
10760,617,442
10761,617,443
10762,617,444
10763,617,445
10764,617,446
10765,617,447
10766,617,448
10767,617,449
10768,617,450
10769,617,451
10770,617,452
10771,617,453
10772,617,454
10773,617,455
10774,617,456
10775,617,457
10776,617,458
10777,617,459
10778,617,460
10779,617,461
10780,617,462
10781,617,463
10782,617,464
10783,617,465
10784,617,466
10785,617,467
10786,617,468
10787,617,469
10788,617,470
10789,617,471
10790,617,472
10791,617,473
10792,617,474
10793,617,475
10794,617,476
10795,617,477
10796,617,478
10797,617,479
10798,617,480
10799,617,481
10800,617,482
10801,617,483
10802,617,484
10803,617,485
10804,617,486
10805,617,487
10806,617,488
10807,617,489
10808,617,490
10809,617,491
10810,617,492
10811,617,493
10812,617,494
10813,617,495
10814,617,496
10815,617,497
10816,617,498
10817,617,499
10818,617,500
10819,617,501
10820,617,502
10821,617,503
10822,617,504
10823,617,505
10824,617,506
10825,617,507
10826,617,508
10827,617,509
10828,617,510
10829,617,511
10830,617,512
10831,617,513
10832,617,514
10833,617,515
10834,617,516
10835,617,517
10836,617,518
10837,617,519
10838,617,520
10839,617,521
10840,617,522
10841,617,523
10842,617,524
10843,617,525
10844,617,526
10845,617,527
10846,617,528
10847,617,529
10848,617,530
10849,618,396
10850,618,397
10851,618,398
10852,618,399
10853,618,400
10854,618,401
10855,618,402
10856,618,403
10857,618,404
10858,618,405
10859,618,406
10860,618,407
10861,618,408
10862,618,409
10863,618,410
10864,618,411
10865,618,412
10866,618,413
10867,618,414
10868,618,415
10869,618,416
10870,618,417
10871,618,418
10872,618,419
10873,618,420
10874,618,421
10875,618,422
10876,618,423
10877,618,424
10878,618,425
10879,618,426
10880,618,427
10881,618,428
10882,618,429
10883,618,430
10884,618,431
10885,618,432
10886,618,433
10887,618,434
10888,618,435
10889,618,436
10890,618,437
10891,618,438
10892,618,439
10893,618,440
10894,618,441
10895,618,442
10896,618,443
10897,618,444
10898,618,445
10899,618,446
10900,618,447
10901,618,448
10902,618,449
10903,618,450
10904,618,451
10905,618,452
10906,618,453
10907,618,454
10908,618,455
10909,618,456
10910,618,457
10911,618,458
10912,618,459
10913,618,460
10914,618,461
10915,618,462
10916,618,463
10917,618,464
10918,618,465
10919,618,466
10920,618,467
10921,618,468
10922,618,469
10923,618,470
10924,618,471
10925,618,472
10926,618,473
10927,618,474
10928,618,475
10929,618,476
10930,618,477
10931,618,478
10932,618,479
10933,618,480
10934,618,481
10935,618,482
10936,618,483
10937,618,484
10938,618,485
10939,618,486
10940,618,487
10941,618,488
10942,618,489
10943,618,490
10944,618,491
10945,618,492
10946,618,493
10947,618,494
10948,618,495
10949,618,496
10950,618,497
10951,618,498
10952,618,499
10953,618,500
10954,618,501
10955,618,502
10956,618,503
10957,618,504
10958,618,505
10959,618,506
10960,618,507
10961,618,508
10962,618,509
10963,618,510
10964,618,511
10965,618,512
10966,618,513
10967,618,514
10968,618,515
10969,618,516
10970,618,517
10971,618,518
10972,618,519
10973,618,520
10974,618,521
10975,618,522
10976,618,523
10977,618,524
10978,618,525
10979,618,526
10980,618,527
10981,618,528
10982,618,529
10983,618,530
10984,618,531
10985,618,532
10986,619,401
10987,619,402
10988,619,403
10989,619,404
10990,619,405
10991,619,406
10992,619,407
10993,619,408
10994,619,409
10995,619,410
10996,619,411
10997,619,412
10998,619,413
10999,619,414
11000,619,415
11001,619,416
11002,619,417
11003,619,418
11004,619,419
11005,619,420
11006,619,421
11007,619,422
11008,619,423
11009,619,424
11010,619,425
11011,619,426
11012,619,427
11013,619,428
11014,619,429
11015,619,430
11016,619,431
11017,619,432
11018,619,433
11019,619,434
11020,619,435
11021,619,436
11022,619,437
11023,619,438
11024,619,439
11025,619,440
11026,619,441
11027,619,442
11028,619,443
11029,619,444
11030,619,445
11031,619,446
11032,619,447
11033,619,448
11034,619,449
11035,619,450
11036,619,451
11037,619,452
11038,619,453
11039,619,454
11040,619,455
11041,619,456
11042,619,457
11043,619,458
11044,619,459
11045,619,460
11046,619,461
11047,619,462
11048,619,463
11049,619,464
11050,619,465
11051,619,466
11052,619,467
11053,619,468
11054,619,469
11055,619,470
11056,619,471
11057,619,472
11058,619,473
11059,619,474
11060,619,475
11061,619,476
11062,619,477
11063,619,478
11064,619,479
11065,619,480
11066,619,481
11067,619,482
11068,619,483
11069,619,484
11070,619,485
11071,619,486
11072,619,487
11073,619,488
11074,619,489
11075,619,490
11076,619,491
11077,619,492
11078,619,493
11079,619,494
11080,619,495
11081,619,496
11082,619,497
11083,619,498
11084,619,499
11085,619,500
11086,619,501
11087,619,502
11088,619,503
11089,619,504
11090,619,505
11091,619,506
11092,619,507
11093,619,508
11094,619,509
11095,619,510
11096,619,511
11097,619,512
11098,619,513
11099,619,514
11100,619,515
11101,619,516
11102,619,517
11103,619,518
11104,619,519
11105,619,520
11106,619,521
11107,619,522
11108,619,523
11109,619,524
11110,619,525
11111,619,526
11112,619,527
11113,619,528
11114,619,529
11115,619,530
11116,619,531
11117,619,532
11118,619,533
11119,620,406
11120,620,407
11121,620,408
11122,620,409
11123,620,410
11124,620,411
11125,620,412
11126,620,413
11127,620,414
11128,620,415
11129,620,416
11130,620,417
11131,620,418
11132,620,419
11133,620,420
11134,620,421
11135,620,422
11136,620,423
11137,620,424
11138,620,425
11139,620,426
11140,620,427
11141,620,428
11142,620,429
11143,620,430
11144,620,431
11145,620,432
11146,620,433
11147,620,434
11148,620,435
11149,620,436
11150,620,437
11151,620,438
11152,620,439
11153,620,440
11154,620,441
11155,620,442
11156,620,443
11157,620,444
11158,620,445
11159,620,446
11160,620,447
11161,620,448
11162,620,449
11163,620,450
11164,620,451
11165,620,452
11166,620,453
11167,620,454
11168,620,455
11169,620,456
11170,620,457
11171,620,458
11172,620,459
11173,620,460
11174,620,461
11175,620,462
11176,620,463
11177,620,464
11178,620,465
11179,620,466
11180,620,467
11181,620,468
11182,620,469
11183,620,470
11184,620,471
11185,620,472
11186,620,473
11187,620,474
11188,620,475
11189,620,476
11190,620,477
11191,620,478
11192,620,479
11193,620,480
11194,620,481
11195,620,482
11196,620,483
11197,620,484
11198,620,485
11199,620,486
11200,620,487
11201,620,488
11202,620,489
11203,620,490
11204,620,491
11205,620,492
11206,620,493
11207,620,494
11208,620,495
11209,620,496
11210,620,497
11211,620,498
11212,620,499
11213,620,500
11214,620,501
11215,620,502
11216,620,503
11217,620,504
11218,620,505
11219,620,506
11220,620,507
11221,620,508
11222,620,509
11223,620,510
11224,620,511
11225,620,512
11226,620,513
11227,620,514
11228,620,515
11229,620,516
11230,620,517
11231,620,518
11232,620,519
11233,620,520
11234,620,521
11235,620,522
11236,620,523
11237,620,524
11238,620,525
11239,620,526
11240,620,527
11241,620,528
11242,620,529
11243,620,530
11244,620,531
11245,620,532
11246,620,533
11247,620,534
11248,621,412
11249,621,413
11250,621,414
11251,621,415
11252,621,416
11253,621,417
11254,621,418
11255,621,419
11256,621,420
11257,621,421
11258,621,422
11259,621,423
11260,621,424
11261,621,425
11262,621,426
11263,621,427
11264,621,428
11265,621,429
11266,621,430
11267,621,431
11268,621,432
11269,621,433
11270,621,434
11271,621,435
11272,621,436
11273,621,437
11274,621,438
11275,621,439
11276,621,440
11277,621,441
11278,621,442
11279,621,443
11280,621,444
11281,621,445
11282,621,446
11283,621,447
11284,621,448
11285,621,449
11286,621,450
11287,621,451
11288,621,452
11289,621,453
11290,621,454
11291,621,455
11292,621,456
11293,621,457
11294,621,458
11295,621,459
11296,621,460
11297,621,461
11298,621,462
11299,621,463
11300,621,464
11301,621,465
11302,621,466
11303,621,467
11304,621,468
11305,621,469
11306,621,470
11307,621,471
11308,621,472
11309,621,473
11310,621,474
11311,621,475
11312,621,476
11313,621,477
11314,621,478
11315,621,479
11316,621,480
11317,621,481
11318,621,482
11319,621,483
11320,621,484
11321,621,485
11322,621,486
11323,621,487
11324,621,488
11325,621,489
11326,621,490
11327,621,491
11328,621,492
11329,621,493
11330,621,494
11331,621,495
11332,621,496
11333,621,497
11334,621,498
11335,621,499
11336,621,500
11337,621,501
11338,621,502
11339,621,503
11340,621,504
11341,621,505
11342,621,506
11343,621,507
11344,621,508
11345,621,509
11346,621,510
11347,621,511
11348,621,512
11349,621,513
11350,621,514
11351,621,515
11352,621,516
11353,621,517
11354,621,518
11355,621,519
11356,621,520
11357,621,521
11358,621,522
11359,621,523
11360,621,524
11361,621,525
11362,621,526
11363,621,527
11364,621,528
11365,621,529
11366,621,530
11367,621,531
11368,621,532
11369,621,533
11370,621,534
11371,621,535
11372,622,417
11373,622,418
11374,622,419
11375,622,420
11376,622,421
11377,622,422
11378,622,423
11379,622,424
11380,622,425
11381,622,426
11382,622,427
11383,622,428
11384,622,429
11385,622,430
11386,622,431
11387,622,432
11388,622,433
11389,622,434
11390,622,435
11391,622,436
11392,622,437
11393,622,438
11394,622,439
11395,622,440
11396,622,441
11397,622,442
11398,622,443
11399,622,444
11400,622,445
11401,622,446
11402,622,447
11403,622,448
11404,622,449
11405,622,450
11406,622,451
11407,622,452
11408,622,453
11409,622,454
11410,622,455
11411,622,456
11412,622,457
11413,622,458
11414,622,459
11415,622,460
11416,622,461
11417,622,462
11418,622,463
11419,622,464
11420,622,465
11421,622,466
11422,622,467
11423,622,468
11424,622,469
11425,622,470
11426,622,471
11427,622,472
11428,622,473
11429,622,474
11430,622,475
11431,622,476
11432,622,477
11433,622,478
11434,622,479
11435,622,480
11436,622,481
11437,622,482
11438,622,483
11439,622,484
11440,622,485
11441,622,486
11442,622,487
11443,622,488
11444,622,489
11445,622,490
11446,622,491
11447,622,492
11448,622,493
11449,622,494
11450,622,495
11451,622,496
11452,622,497
11453,622,498
11454,622,499
11455,622,500
11456,622,501
11457,622,502
11458,622,503
11459,622,504
11460,622,505
11461,622,506
11462,622,507
11463,622,508
11464,622,509
11465,622,510
11466,622,511
11467,622,512
11468,622,513
11469,622,514
11470,622,515
11471,622,516
11472,622,517
11473,622,518
11474,622,519
11475,622,520
11476,622,521
11477,622,522
11478,622,523
11479,622,524
11480,622,525
11481,622,526
11482,622,527
11483,622,528
11484,622,529
11485,622,530
11486,622,531
11487,622,532
11488,622,533
11489,622,534
11490,622,535
11491,622,536
11492,623,422
11493,623,423
11494,623,424
11495,623,425
11496,623,426
11497,623,427
11498,623,428
11499,623,429
11500,623,430
11501,623,431
11502,623,432
11503,623,433
11504,623,434
11505,623,435
11506,623,436
11507,623,437
11508,623,438
11509,623,439
11510,623,440
11511,623,441
11512,623,442
11513,623,443
11514,623,444
11515,623,445
11516,623,446
11517,623,447
11518,623,448
11519,623,449
11520,623,450
11521,623,451
11522,623,452
11523,623,453
11524,623,454
11525,623,455
11526,623,456
11527,623,457
11528,623,458
11529,623,459
11530,623,460
11531,623,461
11532,623,462
11533,623,463
11534,623,464
11535,623,465
11536,623,466
11537,623,467
11538,623,468
11539,623,469
11540,623,470
11541,623,471
11542,623,472
11543,623,473
11544,623,474
11545,623,475
11546,623,476
11547,623,477
11548,623,478
11549,623,479
11550,623,480
11551,623,481
11552,623,482
11553,623,483
11554,623,484
11555,623,485
11556,623,486
11557,623,487
11558,623,488
11559,623,489
11560,623,490
11561,623,491
11562,623,492
11563,623,493
11564,623,494
11565,623,495
11566,623,496
11567,623,497
11568,623,498
11569,623,499
11570,623,500
11571,623,501
11572,623,502
11573,623,503
11574,623,504
11575,623,505
11576,623,506
11577,623,507
11578,623,508
11579,623,509
11580,623,510
11581,623,511
11582,623,512
11583,623,513
11584,623,514
11585,623,515
11586,623,516
11587,623,517
11588,623,518
11589,623,519
11590,623,520
11591,623,521
11592,623,522
11593,623,523
11594,623,524
11595,623,525
11596,623,526
11597,623,527
11598,623,528
11599,623,529
11600,623,530
11601,623,531
11602,623,532
11603,623,533
11604,623,534
11605,623,535
11606,623,536
11607,623,537
11608,624,428
11609,624,429
11610,624,430
11611,624,431
11612,624,432
11613,624,433
11614,624,434
11615,624,435
11616,624,436
11617,624,437
11618,624,438
11619,624,439
11620,624,440
11621,624,441
11622,624,442
11623,624,443
11624,624,444
11625,624,445
11626,624,446
11627,624,447
11628,624,448
11629,624,449
11630,624,450
11631,624,451
11632,624,452
11633,624,453
11634,624,454
11635,624,455
11636,624,456
11637,624,457
11638,624,458
11639,624,459
11640,624,460
11641,624,461
11642,624,462
11643,624,463
11644,624,464
11645,624,465
11646,624,466
11647,624,467
11648,624,468
11649,624,469
11650,624,470
11651,624,471
11652,624,472
11653,624,473
11654,624,474
11655,624,475
11656,624,476
11657,624,477
11658,624,478
11659,624,479
11660,624,480
11661,624,481
11662,624,482
11663,624,483
11664,624,484
11665,624,485
11666,624,486
11667,624,487
11668,624,488
11669,624,489
11670,624,490
11671,624,491
11672,624,492
11673,624,493
11674,624,494
11675,624,495
11676,624,496
11677,624,497
11678,624,498
11679,624,499
11680,624,500
11681,624,501
11682,624,502
11683,624,503
11684,624,504
11685,624,505
11686,624,506
11687,624,507
11688,624,508
11689,624,509
11690,624,510
11691,624,511
11692,624,512
11693,624,513
11694,624,514
11695,624,515
11696,624,516
11697,624,517
11698,624,518
11699,624,519
11700,624,520
11701,624,521
11702,624,522
11703,624,523
11704,624,524
11705,624,525
11706,624,526
11707,624,527
11708,624,528
11709,624,529
11710,624,530
11711,624,531
11712,624,532
11713,624,533
11714,624,534
11715,624,535
11716,624,536
11717,624,537
11718,624,538
11719,625,433
11720,625,434
11721,625,435
11722,625,436
11723,625,437
11724,625,438
11725,625,439
11726,625,440
11727,625,441
11728,625,442
11729,625,443
11730,625,444
11731,625,445
11732,625,446
11733,625,447
11734,625,448
11735,625,449
11736,625,450
11737,625,451
11738,625,452
11739,625,453
11740,625,454
11741,625,455
11742,625,456
11743,625,457
11744,625,458
11745,625,459
11746,625,460
11747,625,461
11748,625,462
11749,625,463
11750,625,464
11751,625,465
11752,625,466
11753,625,467
11754,625,468
11755,625,469
11756,625,470
11757,625,471
11758,625,472
11759,625,473
11760,625,474
11761,625,475
11762,625,476
11763,625,477
11764,625,478
11765,625,479
11766,625,480
11767,625,481
11768,625,482
11769,625,483
11770,625,484
11771,625,485
11772,625,486
11773,625,487
11774,625,488
11775,625,489
11776,625,490
11777,625,491
11778,625,492
11779,625,493
11780,625,494
11781,625,495
11782,625,496
11783,625,497
11784,625,498
11785,625,499
11786,625,500
11787,625,501
11788,625,502
11789,625,503
11790,625,504
11791,625,505
11792,625,506
11793,625,507
11794,625,508
11795,625,509
11796,625,510
11797,625,511
11798,625,512
11799,625,513
11800,625,514
11801,625,515
11802,625,516
11803,625,517
11804,625,518
11805,625,519
11806,625,520
11807,625,521
11808,625,522
11809,625,523
11810,625,524
11811,625,525
11812,625,526
11813,625,527
11814,625,528
11815,625,529
11816,625,530
11817,625,531
11818,625,532
11819,625,533
11820,625,534
11821,625,535
11822,625,536
11823,625,537
11824,625,538
11825,625,539
11826,626,438
11827,626,439
11828,626,440
11829,626,441
11830,626,442
11831,626,443
11832,626,444
11833,626,445
11834,626,446
11835,626,447
11836,626,448
11837,626,449
11838,626,450
11839,626,451
11840,626,452
11841,626,453
11842,626,454
11843,626,455
11844,626,456
11845,626,457
11846,626,458
11847,626,459
11848,626,460
11849,626,461
11850,626,462
11851,626,463
11852,626,464
11853,626,465
11854,626,466
11855,626,467
11856,626,468
11857,626,469
11858,626,470
11859,626,471
11860,626,472
11861,626,473
11862,626,474
11863,626,475
11864,626,476
11865,626,477
11866,626,478
11867,626,479
11868,626,480
11869,626,481
11870,626,482
11871,626,483
11872,626,484
11873,626,485
11874,626,486
11875,626,487
11876,626,488
11877,626,489
11878,626,490
11879,626,491
11880,626,492
11881,626,493
11882,626,494
11883,626,495
11884,626,496
11885,626,497
11886,626,498
11887,626,499
11888,626,500
11889,626,501
11890,626,502
11891,626,503
11892,626,504
11893,626,505
11894,626,506
11895,626,507
11896,626,508
11897,626,509
11898,626,510
11899,626,511
11900,626,512
11901,626,513
11902,626,514
11903,626,515
11904,626,516
11905,626,517
11906,626,518
11907,626,519
11908,626,520
11909,626,521
11910,626,522
11911,626,523
11912,626,524
11913,626,525
11914,626,526
11915,626,527
11916,626,528
11917,626,529
11918,626,530
11919,626,531
11920,626,532
11921,626,533
11922,626,534
11923,626,535
11924,626,536
11925,626,537
11926,626,538
11927,626,539
11928,626,540
11929,627,443
11930,627,444
11931,627,445
11932,627,446
11933,627,447
11934,627,448
11935,627,449
11936,627,450
11937,627,451
11938,627,452
11939,627,453
11940,627,454
11941,627,455
11942,627,456
11943,627,457
11944,627,458
11945,627,459
11946,627,460
11947,627,461
11948,627,462
11949,627,463
11950,627,464
11951,627,465
11952,627,466
11953,627,467
11954,627,468
11955,627,469
11956,627,470
11957,627,471
11958,627,472
11959,627,473
11960,627,474
11961,627,475
11962,627,476
11963,627,477
11964,627,478
11965,627,479
11966,627,480
11967,627,481
11968,627,482
11969,627,483
11970,627,484
11971,627,485
11972,627,486
11973,627,487
11974,627,488
11975,627,489
11976,627,490
11977,627,491
11978,627,492
11979,627,493
11980,627,494
11981,627,495
11982,627,496
11983,627,497
11984,627,498
11985,627,499
11986,627,500
11987,627,501
11988,627,502
11989,627,503
11990,627,504
11991,627,505
11992,627,506
11993,627,507
11994,627,508
11995,627,509
11996,627,510
11997,627,511
11998,627,512
11999,627,513
12000,627,514
12001,627,515
12002,627,516
12003,627,517
12004,627,518
12005,627,519
12006,627,520
12007,627,521
12008,627,522
12009,627,523
12010,627,524
12011,627,525
12012,627,526
12013,627,527
12014,627,528
12015,627,529
12016,627,530
12017,627,531
12018,627,532
12019,627,533
12020,627,534
12021,627,535
12022,627,536
12023,627,537
12024,627,538
12025,627,539
12026,627,540
12027,627,541
12028,627,542
12029,628,449
12030,628,450
12031,628,451
12032,628,452
12033,628,453
12034,628,454
12035,628,455
12036,628,456
12037,628,457
12038,628,458
12039,628,459
12040,628,460
12041,628,461
12042,628,462
12043,628,463
12044,628,464
12045,628,465
12046,628,466
12047,628,467
12048,628,468
12049,628,469
12050,628,470
12051,628,471
12052,628,472
12053,628,473
12054,628,474
12055,628,475
12056,628,476
12057,628,477
12058,628,478
12059,628,479
12060,628,480
12061,628,481
12062,628,482
12063,628,483
12064,628,484
12065,628,485
12066,628,486
12067,628,487
12068,628,488
12069,628,489
12070,628,490
12071,628,491
12072,628,492
12073,628,493
12074,628,494
12075,628,495
12076,628,496
12077,628,497
12078,628,498
12079,628,499
12080,628,500
12081,628,501
12082,628,502
12083,628,503
12084,628,504
12085,628,505
12086,628,506
12087,628,507
12088,628,508
12089,628,509
12090,628,510
12091,628,511
12092,628,512
12093,628,513
12094,628,514
12095,628,515
12096,628,516
12097,628,517
12098,628,518
12099,628,519
12100,628,520
12101,628,521
12102,628,522
12103,628,523
12104,628,524
12105,628,525
12106,628,526
12107,628,527
12108,628,528
12109,628,529
12110,628,530
12111,628,531
12112,628,532
12113,628,533
12114,628,534
12115,628,535
12116,628,536
12117,628,537
12118,628,538
12119,628,539
12120,628,540
12121,628,541
12122,628,542
12123,628,543
12124,629,454
12125,629,455
12126,629,456
12127,629,457
12128,629,458
12129,629,459
12130,629,460
12131,629,461
12132,629,462
12133,629,463
12134,629,464
12135,629,465
12136,629,466
12137,629,467
12138,629,468
12139,629,469
12140,629,470
12141,629,471
12142,629,472
12143,629,473
12144,629,474
12145,629,475
12146,629,476
12147,629,477
12148,629,478
12149,629,479
12150,629,480
12151,629,481
12152,629,482
12153,629,483
12154,629,484
12155,629,485
12156,629,486
12157,629,487
12158,629,488
12159,629,489
12160,629,490
12161,629,491
12162,629,492
12163,629,493
12164,629,494
12165,629,495
12166,629,496
12167,629,497
12168,629,498
12169,629,499
12170,629,500
12171,629,501
12172,629,502
12173,629,503
12174,629,504
12175,629,505
12176,629,506
12177,629,507
12178,629,508
12179,629,509
12180,629,510
12181,629,511
12182,629,512
12183,629,513
12184,629,514
12185,629,515
12186,629,516
12187,629,517
12188,629,518
12189,629,519
12190,629,520
12191,629,521
12192,629,522
12193,629,523
12194,629,524
12195,629,525
12196,629,526
12197,629,527
12198,629,528
12199,629,529
12200,629,530
12201,629,531
12202,629,532
12203,629,533
12204,629,534
12205,629,535
12206,629,536
12207,629,537
12208,629,538
12209,629,539
12210,629,540
12211,629,541
12212,629,542
12213,629,543
12214,629,544
12215,630,459
12216,630,460
12217,630,461
12218,630,462
12219,630,463
12220,630,464
12221,630,465
12222,630,466
12223,630,467
12224,630,468
12225,630,469
12226,630,470
12227,630,471
12228,630,472
12229,630,473
12230,630,474
12231,630,475
12232,630,476
12233,630,477
12234,630,478
12235,630,479
12236,630,480
12237,630,481
12238,630,482
12239,630,483
12240,630,484
12241,630,485
12242,630,486
12243,630,487
12244,630,488
12245,630,489
12246,630,490
12247,630,491
12248,630,492
12249,630,493
12250,630,494
12251,630,495
12252,630,496
12253,630,497
12254,630,498
12255,630,499
12256,630,500
12257,630,501
12258,630,502
12259,630,503
12260,630,504
12261,630,505
12262,630,506
12263,630,507
12264,630,508
12265,630,509
12266,630,510
12267,630,511
12268,630,512
12269,630,513
12270,630,514
12271,630,515
12272,630,516
12273,630,517
12274,630,518
12275,630,519
12276,630,520
12277,630,521
12278,630,522
12279,630,523
12280,630,524
12281,630,525
12282,630,526
12283,630,527
12284,630,528
12285,630,529
12286,630,530
12287,630,531
12288,630,532
12289,630,533
12290,630,534
12291,630,535
12292,630,536
12293,630,537
12294,630,538
12295,630,539
12296,630,540
12297,630,541
12298,630,542
12299,630,543
12300,630,544
12301,630,545
12302,631,465
12303,631,466
12304,631,467
12305,631,468
12306,631,469
12307,631,470
12308,631,471
12309,631,472
12310,631,473
12311,631,474
12312,631,475
12313,631,476
12314,631,477
12315,631,478
12316,631,479
12317,631,480
12318,631,481
12319,631,482
12320,631,483
12321,631,484
12322,631,485
12323,631,486
12324,631,487
12325,631,488
12326,631,489
12327,631,490
12328,631,491
12329,631,492
12330,631,493
12331,631,494
12332,631,495
12333,631,496
12334,631,497
12335,631,498
12336,631,499
12337,631,500
12338,631,501
12339,631,502
12340,631,503
12341,631,504
12342,631,505
12343,631,506
12344,631,507
12345,631,508
12346,631,509
12347,631,510
12348,631,511
12349,631,512
12350,631,513
12351,631,514
12352,631,515
12353,631,516
12354,631,517
12355,631,518
12356,631,519
12357,631,520
12358,631,521
12359,631,522
12360,631,523
12361,631,524
12362,631,525
12363,631,526
12364,631,527
12365,631,528
12366,631,529
12367,631,530
12368,631,531
12369,631,532
12370,631,533
12371,631,534
12372,631,535
12373,631,536
12374,631,537
12375,631,538
12376,631,539
12377,631,540
12378,631,541
12379,631,542
12380,631,543
12381,631,544
12382,631,545
12383,631,546
12384,632,470
12385,632,471
12386,632,472
12387,632,473
12388,632,474
12389,632,475
12390,632,476
12391,632,477
12392,632,478
12393,632,479
12394,632,480
12395,632,481
12396,632,482
12397,632,483
12398,632,484
12399,632,485
12400,632,486
12401,632,487
12402,632,488
12403,632,489
12404,632,490
12405,632,491
12406,632,492
12407,632,493
12408,632,494
12409,632,495
12410,632,496
12411,632,497
12412,632,498
12413,632,499
12414,632,500
12415,632,501
12416,632,502
12417,632,503
12418,632,504
12419,632,505
12420,632,506
12421,632,507
12422,632,508
12423,632,509
12424,632,510
12425,632,511
12426,632,512
12427,632,513
12428,632,514
12429,632,515
12430,632,516
12431,632,517
12432,632,518
12433,632,519
12434,632,520
12435,632,521
12436,632,522
12437,632,523
12438,632,524
12439,632,525
12440,632,526
12441,632,527
12442,632,528
12443,632,529
12444,632,530
12445,632,531
12446,632,532
12447,632,533
12448,632,534
12449,632,535
12450,632,536
12451,632,537
12452,632,538
12453,632,539
12454,632,540
12455,632,541
12456,632,542
12457,632,543
12458,632,544
12459,632,545
12460,632,546
12461,632,547
12462,633,475
12463,633,476
12464,633,477
12465,633,478
12466,633,479
12467,633,480
12468,633,481
12469,633,482
12470,633,483
12471,633,484
12472,633,485
12473,633,486
12474,633,487
12475,633,488
12476,633,489
12477,633,490
12478,633,491
12479,633,492
12480,633,493
12481,633,494
12482,633,495
12483,633,496
12484,633,497
12485,633,498
12486,633,499
12487,633,500
12488,633,501
12489,633,502
12490,633,503
12491,633,504
12492,633,505
12493,633,506
12494,633,507
12495,633,508
12496,633,509
12497,633,510
12498,633,511
12499,633,512
12500,633,513
12501,633,514
12502,633,515
12503,633,516
12504,633,517
12505,633,518
12506,633,519
12507,633,520
12508,633,521
12509,633,522
12510,633,523
12511,633,524
12512,633,525
12513,633,526
12514,633,527
12515,633,528
12516,633,529
12517,633,530
12518,633,531
12519,633,532
12520,633,533
12521,633,534
12522,633,535
12523,633,536
12524,633,537
12525,633,538
12526,633,539
12527,633,540
12528,633,541
12529,633,542
12530,633,543
12531,633,544
12532,633,545
12533,633,546
12534,633,547
12535,633,548
12536,634,480
12537,634,481
12538,634,482
12539,634,483
12540,634,484
12541,634,485
12542,634,486
12543,634,487
12544,634,488
12545,634,489
12546,634,490
12547,634,491
12548,634,492
12549,634,493
12550,634,494
12551,634,495
12552,634,496
12553,634,497
12554,634,498
12555,634,499
12556,634,500
12557,634,501
12558,634,502
12559,634,503
12560,634,504
12561,634,505
12562,634,506
12563,634,507
12564,634,508
12565,634,509
12566,634,510
12567,634,511
12568,634,512
12569,634,513
12570,634,514
12571,634,515
12572,634,516
12573,634,517
12574,634,518
12575,634,519
12576,634,520
12577,634,521
12578,634,522
12579,634,523
12580,634,524
12581,634,525
12582,634,526
12583,634,527
12584,634,528
12585,634,529
12586,634,530
12587,634,531
12588,634,532
12589,634,533
12590,634,534
12591,634,535
12592,634,536
12593,634,537
12594,634,538
12595,634,539
12596,634,540
12597,634,541
12598,634,542
12599,634,543
12600,634,544
12601,634,545
12602,634,546
12603,634,547
12604,634,548
12605,634,549
12606,635,486
12607,635,487
12608,635,488
12609,635,489
12610,635,490
12611,635,491
12612,635,492
12613,635,493
12614,635,494
12615,635,495
12616,635,496
12617,635,497
12618,635,498
12619,635,499
12620,635,500
12621,635,501
12622,635,502
12623,635,503
12624,635,504
12625,635,505
12626,635,506
12627,635,507
12628,635,508
12629,635,509
12630,635,510
12631,635,511
12632,635,512
12633,635,513
12634,635,514
12635,635,515
12636,635,516
12637,635,517
12638,635,518
12639,635,519
12640,635,520
12641,635,521
12642,635,522
12643,635,523
12644,635,524
12645,635,525
12646,635,526
12647,635,527
12648,635,528
12649,635,529
12650,635,530
12651,635,531
12652,635,532
12653,635,533
12654,635,534
12655,635,535
12656,635,536
12657,635,537
12658,635,538
12659,635,539
12660,635,540
12661,635,541
12662,635,542
12663,635,543
12664,635,544
12665,635,545
12666,635,546
12667,635,547
12668,635,548
12669,635,549
12670,635,550
12671,636,491
12672,636,492
12673,636,493
12674,636,494
12675,636,495
12676,636,496
12677,636,497
12678,636,498
12679,636,499
12680,636,500
12681,636,501
12682,636,502
12683,636,503
12684,636,504
12685,636,505
12686,636,506
12687,636,507
12688,636,508
12689,636,509
12690,636,510
12691,636,511
12692,636,512
12693,636,513
12694,636,514
12695,636,515
12696,636,516
12697,636,517
12698,636,518
12699,636,519
12700,636,520
12701,636,521
12702,636,522
12703,636,523
12704,636,524
12705,636,525
12706,636,526
12707,636,527
12708,636,528
12709,636,529
12710,636,530
12711,636,531
12712,636,532
12713,636,533
12714,636,534
12715,636,535
12716,636,536
12717,636,537
12718,636,538
12719,636,539
12720,636,540
12721,636,541
12722,636,542
12723,636,543
12724,636,544
12725,636,545
12726,636,546
12727,636,547
12728,636,548
12729,636,549
12730,636,550
12731,636,551
12732,636,552
12733,637,496
12734,637,497
12735,637,498
12736,637,499
12737,637,500
12738,637,501
12739,637,502
12740,637,503
12741,637,504
12742,637,505
12743,637,506
12744,637,507
12745,637,508
12746,637,509
12747,637,510
12748,637,511
12749,637,512
12750,637,513
12751,637,514
12752,637,515
12753,637,516
12754,637,517
12755,637,518
12756,637,519
12757,637,520
12758,637,521
12759,637,522
12760,637,523
12761,637,524
12762,637,525
12763,637,526
12764,637,527
12765,637,528
12766,637,529
12767,637,530
12768,637,531
12769,637,532
12770,637,533
12771,637,534
12772,637,535
12773,637,536
12774,637,537
12775,637,538
12776,637,539
12777,637,540
12778,637,541
12779,637,542
12780,637,543
12781,637,544
12782,637,545
12783,637,546
12784,637,547
12785,637,548
12786,637,549
12787,637,550
12788,637,551
12789,637,552
12790,637,553
12791,638,501
12792,638,502
12793,638,503
12794,638,504
12795,638,505
12796,638,506
12797,638,507
12798,638,508
12799,638,509
12800,638,510
12801,638,511
12802,638,512
12803,638,513
12804,638,514
12805,638,515
12806,638,516
12807,638,517
12808,638,518
12809,638,519
12810,638,520
12811,638,521
12812,638,522
12813,638,523
12814,638,524
12815,638,525
12816,638,526
12817,638,527
12818,638,528
12819,638,529
12820,638,530
12821,638,531
12822,638,532
12823,638,533
12824,638,534
12825,638,535
12826,638,536
12827,638,537
12828,638,538
12829,638,539
12830,638,540
12831,638,541
12832,638,542
12833,638,543
12834,638,544
12835,638,545
12836,638,546
12837,638,547
12838,638,548
12839,638,549
12840,638,550
12841,638,551
12842,638,552
12843,638,553
12844,638,554
12845,639,507
12846,639,508
12847,639,509
12848,639,510
12849,639,511
12850,639,512
12851,639,513
12852,639,514
12853,639,515
12854,639,516
12855,639,517
12856,639,518
12857,639,519
12858,639,520
12859,639,521
12860,639,522
12861,639,523
12862,639,524
12863,639,525
12864,639,526
12865,639,527
12866,639,528
12867,639,529
12868,639,530
12869,639,531
12870,639,532
12871,639,533
12872,639,534
12873,639,535
12874,639,536
12875,639,537
12876,639,538
12877,639,539
12878,639,540
12879,639,541
12880,639,542
12881,639,543
12882,639,544
12883,639,545
12884,639,546
12885,639,547
12886,639,548
12887,639,549
12888,639,550
12889,639,551
12890,639,552
12891,639,553
12892,639,554
12893,639,555
12894,640,512
12895,640,513
12896,640,514
12897,640,515
12898,640,516
12899,640,517
12900,640,518
12901,640,519
12902,640,520
12903,640,521
12904,640,522
12905,640,523
12906,640,524
12907,640,525
12908,640,526
12909,640,527
12910,640,528
12911,640,529
12912,640,530
12913,640,531
12914,640,532
12915,640,533
12916,640,534
12917,640,535
12918,640,536
12919,640,537
12920,640,538
12921,640,539
12922,640,540
12923,640,541
12924,640,542
12925,640,543
12926,640,544
12927,640,545
12928,640,546
12929,640,547
12930,640,548
12931,640,549
12932,640,550
12933,640,551
12934,640,552
12935,640,553
12936,640,554
12937,640,555
12938,640,556
12939,641,517
12940,641,518
12941,641,519
12942,641,520
12943,641,521
12944,641,522
12945,641,523
12946,641,524
12947,641,525
12948,641,526
12949,641,527
12950,641,528
12951,641,529
12952,641,530
12953,641,531
12954,641,532
12955,641,533
12956,641,534
12957,641,535
12958,641,536
12959,641,537
12960,641,538
12961,641,539
12962,641,540
12963,641,541
12964,641,542
12965,641,543
12966,641,544
12967,641,545
12968,641,546
12969,641,547
12970,641,548
12971,641,549
12972,641,550
12973,641,551
12974,641,552
12975,641,553
12976,641,554
12977,641,555
12978,641,556
12979,641,557
12980,642,523
12981,642,524
12982,642,525
12983,642,526
12984,642,527
12985,642,528
12986,642,529
12987,642,530
12988,642,531
12989,642,532
12990,642,533
12991,642,534
12992,642,535
12993,642,536
12994,642,537
12995,642,538
12996,642,539
12997,642,540
12998,642,541
12999,642,542
13000,642,543
13001,642,544
13002,642,545
13003,642,546
13004,642,547
13005,642,548
13006,642,549
13007,642,550
13008,642,551
13009,642,552
13010,642,553
13011,642,554
13012,642,555
13013,642,556
13014,642,557
13015,642,558
13016,643,528
13017,643,529
13018,643,530
13019,643,531
13020,643,532
13021,643,533
13022,643,534
13023,643,535
13024,643,536
13025,643,537
13026,643,538
13027,643,539
13028,643,540
13029,643,541
13030,643,542
13031,643,543
13032,643,544
13033,643,545
13034,643,546
13035,643,547
13036,643,548
13037,643,549
13038,643,550
13039,643,551
13040,643,552
13041,643,553
13042,643,554
13043,643,555
13044,643,556
13045,643,557
13046,643,558
13047,643,559
13048,644,533
13049,644,534
13050,644,535
13051,644,536
13052,644,537
13053,644,538
13054,644,539
13055,644,540
13056,644,541
13057,644,542
13058,644,543
13059,644,544
13060,644,545
13061,644,546
13062,644,547
13063,644,548
13064,644,549
13065,644,550
13066,644,551
13067,644,552
13068,644,553
13069,644,554
13070,644,555
13071,644,556
13072,644,557
13073,644,558
13074,644,559
13075,644,560
13076,645,538
13077,645,539
13078,645,540
13079,645,541
13080,645,542
13081,645,543
13082,645,544
13083,645,545
13084,645,546
13085,645,547
13086,645,548
13087,645,549
13088,645,550
13089,645,551
13090,645,552
13091,645,553
13092,645,554
13093,645,555
13094,645,556
13095,645,557
13096,645,558
13097,645,559
13098,645,560
13099,645,561
13100,645,562
13101,646,544
13102,646,545
13103,646,546
13104,646,547
13105,646,548
13106,646,549
13107,646,550
13108,646,551
13109,646,552
13110,646,553
13111,646,554
13112,646,555
13113,646,556
13114,646,557
13115,646,558
13116,646,559
13117,646,560
13118,646,561
13119,646,562
13120,646,563
13121,647,549
13122,647,550
13123,647,551
13124,647,552
13125,647,553
13126,647,554
13127,647,555
13128,647,556
13129,647,557
13130,647,558
13131,647,559
13132,647,560
13133,647,561
13134,647,562
13135,647,563
13136,647,564
13137,648,554
13138,648,555
13139,648,556
13140,648,557
13141,648,558
13142,648,559
13143,648,560
13144,648,561
13145,648,562
13146,648,563
13147,648,564
13148,648,565
13149,649,560
13150,649,561
13151,649,562
13152,649,563
13153,649,564
13154,649,565
13155,649,566
13156,650,565
13157,650,566
13158,650,567
