index,y,x
0,370,525
1,370,526
2,370,527
3,370,528
4,370,529
5,370,530
6,371,522
7,371,523
8,371,524
9,371,525
10,371,526
11,371,527
12,371,528
13,371,529
14,371,530
15,371,531
16,371,532
17,371,533
18,371,534
19,371,535
20,371,536
21,371,537
22,371,538
23,372,521
24,372,522
25,372,523
26,372,524
27,372,525
28,372,526
29,372,527
30,372,528
31,372,529
32,372,530
33,372,531
34,372,532
35,372,533
36,372,534
37,372,535
38,372,536
39,372,537
40,372,538
41,372,539
42,372,540
43,372,541
44,372,542
45,373,521
46,373,522
47,373,523
48,373,524
49,373,525
50,373,526
51,373,527
52,373,528
53,373,529
54,373,530
55,373,531
56,373,532
57,373,533
58,373,534
59,373,535
60,373,536
61,373,537
62,373,538
63,373,539
64,373,540
65,373,541
66,373,542
67,373,543
68,373,544
69,373,545
70,374,522
71,374,523
72,374,524
73,374,525
74,374,526
75,374,527
76,374,528
77,374,529
78,374,530
79,374,531
80,374,532
81,374,533
82,374,534
83,374,535
84,374,536
85,374,537
86,374,538
87,374,539
88,374,540
89,374,541
90,374,542
91,374,543
92,374,544
93,374,545
94,374,546
95,375,523
96,375,524
97,375,525
98,375,526
99,375,527
100,375,528
101,375,529
102,375,530
103,375,531
104,375,532
105,375,533
106,375,534
107,375,535
108,375,536
109,375,537
110,375,538
111,375,539
112,375,540
113,375,541
114,375,542
115,375,543
116,375,544
117,375,545
118,375,546
119,375,547
120,376,501
121,376,502
122,376,503
123,376,522
124,376,523
125,376,524
126,376,525
127,376,526
128,376,527
129,376,528
130,376,529
131,376,530
132,376,531
133,376,532
134,376,533
135,376,534
136,376,535
137,376,536
138,376,537
139,376,538
140,376,539
141,376,540
142,376,541
143,376,542
144,376,543
145,376,544
146,376,545
147,376,546
148,376,547
149,376,548
150,376,549
151,377,499
152,377,500
153,377,501
154,377,502
155,377,503
156,377,504
157,377,505
158,377,508
159,377,509
160,377,510
161,377,511
162,377,521
163,377,522
164,377,523
165,377,524
166,377,525
167,377,526
168,377,527
169,377,528
170,377,529
171,377,530
172,377,531
173,377,532
174,377,533
175,377,534
176,377,535
177,377,536
178,377,537
179,377,538
180,377,539
181,377,540
182,377,541
183,377,542
184,377,543
185,377,544
186,377,545
187,377,546
188,377,547
189,377,548
190,377,549
191,377,550
192,377,551
193,378,497
194,378,498
195,378,499
196,378,500
197,378,501
198,378,502
199,378,503
200,378,504
201,378,505
202,378,506
203,378,507
204,378,508
205,378,509
206,378,510
207,378,511
208,378,512
209,378,513
210,378,516
211,378,517
212,378,518
213,378,519
214,378,520
215,378,521
216,378,522
217,378,523
218,378,524
219,378,525
220,378,526
221,378,527
222,378,528
223,378,529
224,378,530
225,378,531
226,378,532
227,378,533
228,378,534
229,378,535
230,378,536
231,378,537
232,378,538
233,378,539
234,378,540
235,378,541
236,378,542
237,378,543
238,378,544
239,378,545
240,378,546
241,378,547
242,378,548
243,378,549
244,378,550
245,378,551
246,378,552
247,378,553
248,379,496
249,379,497
250,379,498
251,379,499
252,379,500
253,379,501
254,379,502
255,379,503
256,379,504
257,379,505
258,379,506
259,379,507
260,379,508
261,379,509
262,379,510
263,379,511
264,379,512
265,379,513
266,379,514
267,379,515
268,379,516
269,379,517
270,379,518
271,379,519
272,379,520
273,379,521
274,379,522
275,379,523
276,379,524
277,379,525
278,379,526
279,379,527
280,379,528
281,379,529
282,379,530
283,379,531
284,379,532
285,379,533
286,379,534
287,379,535
288,379,536
289,379,537
290,379,538
291,379,539
292,379,540
293,379,541
294,379,542
295,379,543
296,379,544
297,379,545
298,379,546
299,379,547
300,379,548
301,379,549
302,379,550
303,379,551
304,379,552
305,379,553
306,379,554
307,379,555
308,380,495
309,380,496
310,380,497
311,380,498
312,380,499
313,380,500
314,380,501
315,380,502
316,380,503
317,380,504
318,380,505
319,380,506
320,380,507
321,380,508
322,380,509
323,380,510
324,380,511
325,380,512
326,380,513
327,380,514
328,380,515
329,380,516
330,380,517
331,380,518
332,380,519
333,380,520
334,380,521
335,380,522
336,380,524
337,380,525
338,380,526
339,380,527
340,380,528
341,380,529
342,380,530
343,380,531
344,380,532
345,380,533
346,380,534
347,380,535
348,380,536
349,380,537
350,380,538
351,380,539
352,380,540
353,380,541
354,380,542
355,380,543
356,380,544
357,380,545
358,380,546
359,380,547
360,380,548
361,380,549
362,380,550
363,380,551
364,380,552
365,380,553
366,380,554
367,380,555
368,380,556
369,380,557
370,381,495
371,381,496
372,381,497
373,381,498
374,381,499
375,381,500
376,381,501
377,381,502
378,381,503
379,381,504
380,381,505
381,381,506
382,381,507
383,381,508
384,381,509
385,381,510
386,381,511
387,381,512
388,381,513
389,381,514
390,381,515
391,381,516
392,381,517
393,381,518
394,381,519
395,381,520
396,381,521
397,381,525
398,381,526
399,381,527
400,381,528
401,381,529
402,381,530
403,381,531
404,381,532
405,381,533
406,381,534
407,381,535
408,381,536
409,381,537
410,381,538
411,381,539
412,381,540
413,381,541
414,381,542
415,381,543
416,381,544
417,381,545
418,381,546
419,381,547
420,381,548
421,381,549
422,381,550
423,381,551
424,381,552
425,381,553
426,381,554
427,381,555
428,381,556
429,381,557
430,381,558
431,381,559
432,382,494
433,382,495
434,382,496
435,382,497
436,382,498
437,382,499
438,382,500
439,382,501
440,382,502
441,382,503
442,382,504
443,382,505
444,382,506
445,382,507
446,382,508
447,382,509
448,382,510
449,382,511
450,382,512
451,382,513
452,382,514
453,382,515
454,382,516
455,382,517
456,382,518
457,382,519
458,382,520
459,382,521
460,382,525
461,382,526
462,382,527
463,382,528
464,382,529
465,382,530
466,382,531
467,382,532
468,382,533
469,382,534
470,382,535
471,382,536
472,382,537
473,382,538
474,382,539
475,382,540
476,382,541
477,382,542
478,382,543
479,382,544
480,382,545
481,382,546
482,382,547
483,382,548
484,382,549
485,382,550
486,382,551
487,382,552
488,382,553
489,382,554
490,382,555
491,382,556
492,382,557
493,382,558
494,382,559
495,382,560
496,382,561
497,383,493
498,383,494
499,383,495
500,383,496
501,383,497
502,383,498
503,383,499
504,383,500
505,383,501
506,383,502
507,383,503
508,383,504
509,383,505
510,383,506
511,383,507
512,383,508
513,383,509
514,383,510
515,383,511
516,383,512
517,383,513
518,383,514
519,383,515
520,383,516
521,383,517
522,383,518
523,383,519
524,383,520
525,383,521
526,383,526
527,383,527
528,383,528
529,383,529
530,383,530
531,383,531
532,383,532
533,383,533
534,383,534
535,383,535
536,383,536
537,383,537
538,383,538
539,383,539
540,383,540
541,383,541
542,383,542
543,383,543
544,383,544
545,383,545
546,383,546
547,383,547
548,383,548
549,383,549
550,383,550
551,383,551
552,383,552
553,383,553
554,383,554
555,383,555
556,383,556
557,383,557
558,383,558
559,383,559
560,383,560
561,383,561
562,383,562
563,384,492
564,384,493
565,384,494
566,384,495
567,384,496
568,384,497
569,384,498
570,384,499
571,384,500
572,384,501
573,384,502
574,384,503
575,384,504
576,384,505
577,384,506
578,384,507
579,384,508
580,384,509
581,384,510
582,384,511
583,384,512
584,384,513
585,384,514
586,384,515
587,384,516
588,384,517
589,384,518
590,384,519
591,384,520
592,384,521
593,384,526
594,384,527
595,384,528
596,384,529
597,384,530
598,384,531
599,384,532
600,384,533
601,384,534
602,384,535
603,384,536
604,384,537
605,384,538
606,384,539
607,384,540
608,384,541
609,384,542
610,384,543
611,384,544
612,384,545
613,384,546
614,384,547
615,384,548
616,384,549
617,384,550
618,384,551
619,384,552
620,384,553
621,384,554
622,384,555
623,384,556
624,384,557
625,384,558
626,384,559
627,384,560
628,384,561
629,384,562
630,385,491
631,385,492
632,385,493
633,385,494
634,385,495
635,385,496
636,385,497
637,385,498
638,385,499
639,385,500
640,385,501
641,385,502
642,385,503
643,385,504
644,385,505
645,385,506
646,385,507
647,385,508
648,385,509
649,385,510
650,385,511
651,385,512
652,385,513
653,385,514
654,385,515
655,385,516
656,385,517
657,385,518
658,385,519
659,385,520
660,385,521
661,385,527
662,385,528
663,385,529
664,385,530
665,385,531
666,385,532
667,385,533
668,385,534
669,385,535
670,385,536
671,385,537
672,385,538
673,385,539
674,385,540
675,385,541
676,385,542
677,385,543
678,385,544
679,385,545
680,385,546
681,385,547
682,385,548
683,385,549
684,385,550
685,385,551
686,385,552
687,385,553
688,385,554
689,385,555
690,385,556
691,385,557
692,385,558
693,385,559
694,385,560
695,385,561
696,385,562
697,385,563
698,386,491
699,386,492
700,386,493
701,386,494
702,386,495
703,386,496
704,386,497
705,386,498
706,386,499
707,386,500
708,386,501
709,386,502
710,386,503
711,386,504
712,386,505
713,386,506
714,386,507
715,386,508
716,386,509
717,386,510
718,386,511
719,386,512
720,386,513
721,386,514
722,386,515
723,386,516
724,386,517
725,386,518
726,386,519
727,386,520
728,386,528
729,386,529
730,386,530
731,386,531
732,386,532
733,386,533
734,386,534
735,386,535
736,386,536
737,386,537
738,386,538
739,386,539
740,386,540
741,386,541
742,386,542
743,386,543
744,386,544
745,386,545
746,386,546
747,386,547
748,386,548
749,386,549
750,386,550
751,386,551
752,386,552
753,386,553
754,386,554
755,386,555
756,386,556
757,386,557
758,386,558
759,386,559
760,386,560
761,386,561
762,386,562
763,386,563
764,386,564
765,387,492
766,387,493
767,387,494
768,387,495
769,387,496
770,387,497
771,387,498
772,387,499
773,387,500
774,387,501
775,387,502
776,387,503
777,387,504
778,387,505
779,387,506
780,387,507
781,387,508
782,387,509
783,387,510
784,387,511
785,387,512
786,387,513
787,387,514
788,387,515
789,387,516
790,387,517
791,387,518
792,387,519
793,387,529
794,387,530
795,387,531
796,387,532
797,387,533
798,387,534
799,387,535
800,387,536
801,387,537
802,387,538
803,387,539
804,387,540
805,387,541
806,387,542
807,387,543
808,387,544
809,387,545
810,387,546
811,387,547
812,387,548
813,387,549
814,387,550
815,387,551
816,387,552
817,387,553
818,387,554
819,387,555
820,387,556
821,387,557
822,387,558
823,387,559
824,387,560
825,387,561
826,387,562
827,387,563
828,387,564
829,387,565
830,388,493
831,388,494
832,388,499
833,388,500
834,388,501
835,388,502
836,388,503
837,388,504
838,388,507
839,388,508
840,388,509
841,388,510
842,388,511
843,388,518
844,388,535
845,388,536
846,388,537
847,388,538
848,388,539
849,388,540
850,388,541
851,388,542
852,388,543
853,388,544
854,388,545
855,388,546
856,388,547
857,388,548
858,388,549
859,388,550
860,388,551
861,388,552
862,388,553
863,388,554
864,388,555
865,388,556
866,388,557
867,388,558
868,388,559
869,388,560
870,388,561
871,388,562
872,388,563
873,388,564
874,388,565
875,389,510
876,389,538
877,389,539
878,389,540
879,389,541
880,389,542
881,389,543
882,389,544
883,389,545
884,389,546
885,389,547
886,389,548
887,389,549
888,389,550
889,389,551
890,389,552
891,389,553
892,389,554
893,389,555
894,389,556
895,389,557
896,389,558
897,389,559
898,389,560
899,389,561
900,389,562
901,389,563
902,389,564
903,389,565
904,389,566
905,390,538
906,390,539
907,390,540
908,390,541
909,390,542
910,390,543
911,390,544
912,390,545
913,390,546
914,390,547
915,390,548
916,390,549
917,390,550
918,390,551
919,390,552
920,390,553
921,390,554
922,390,555
923,390,556
924,390,557
925,390,558
926,390,559
927,390,560
928,390,561
929,390,562
930,390,563
931,390,564
932,390,565
933,390,566
934,390,567
935,391,537
936,391,538
937,391,539
938,391,540
939,391,541
940,391,542
941,391,543
942,391,544
943,391,545
944,391,546
945,391,547
946,391,548
947,391,549
948,391,550
949,391,551
950,391,552
951,391,553
952,391,554
953,391,555
954,391,556
955,391,557
956,391,558
957,391,559
958,391,560
959,391,561
960,391,562
961,391,563
962,391,564
963,391,565
964,391,566
965,391,567
966,391,568
967,392,537
968,392,538
969,392,539
970,392,540
971,392,541
972,392,542
973,392,543
974,392,544
975,392,545
976,392,546
977,392,547
978,392,548
979,392,549
980,392,550
981,392,551
982,392,552
983,392,553
984,392,554
985,392,555
986,392,556
987,392,557
988,392,558
989,392,559
990,392,560
991,392,561
992,392,562
993,392,563
994,392,564
995,392,565
996,392,566
997,392,567
998,392,568
999,392,569
1000,393,537
1001,393,538
1002,393,539
1003,393,540
1004,393,541
1005,393,542
1006,393,543
1007,393,544
1008,393,545
1009,393,546
1010,393,547
1011,393,548
1012,393,549
1013,393,550
1014,393,551
1015,393,552
1016,393,553
1017,393,554
1018,393,555
1019,393,556
1020,393,557
1021,393,558
1022,393,559
1023,393,560
1024,393,561
1025,393,562
1026,393,563
1027,393,564
1028,393,565
1029,393,566
1030,393,567
1031,393,568
1032,393,569
1033,393,570
1034,394,492
1035,394,493
1036,394,537
1037,394,538
1038,394,539
1039,394,540
1040,394,541
1041,394,542
1042,394,543
1043,394,544
1044,394,545
1045,394,546
1046,394,547
1047,394,548
1048,394,549
1049,394,550
1050,394,551
1051,394,552
1052,394,553
1053,394,554
1054,394,555
1055,394,556
1056,394,557
1057,394,558
1058,394,559
1059,394,560
1060,394,561
1061,394,562
1062,394,563
1063,394,564
1064,394,565
1065,394,566
1066,394,567
1067,394,568
1068,394,569
1069,394,570
1070,394,571
1071,395,491
1072,395,492
1073,395,493
1074,395,494
1075,395,500
1076,395,501
1077,395,502
1078,395,503
1079,395,509
1080,395,510
1081,395,518
1082,395,519
1083,395,537
1084,395,538
1085,395,539
1086,395,540
1087,395,541
1088,395,542
1089,395,543
1090,395,544
1091,395,545
1092,395,546
1093,395,547
1094,395,548
1095,395,549
1096,395,550
1097,395,551
1098,395,552
1099,395,553
1100,395,554
1101,395,555
1102,395,556
1103,395,557
1104,395,558
1105,395,559
1106,395,560
1107,395,561
1108,395,562
1109,395,563
1110,395,564
1111,395,565
1112,395,566
1113,395,567
1114,395,568
1115,395,569
1116,395,570
1117,395,571
1118,395,572
1119,396,491
1120,396,492
1121,396,493
1122,396,494
1123,396,499
1124,396,500
1125,396,501
1126,396,502
1127,396,503
1128,396,508
1129,396,509
1130,396,510
1131,396,511
1132,396,517
1133,396,518
1134,396,519
1135,396,520
1136,396,533
1137,396,534
1138,396,535
1139,396,536
1140,396,537
1141,396,538
1142,396,539
1143,396,540
1144,396,541
1145,396,542
1146,396,543
1147,396,544
1148,396,545
1149,396,546
1150,396,547
1151,396,548
1152,396,549
1153,396,550
1154,396,551
1155,396,552
1156,396,553
1157,396,554
1158,396,555
1159,396,556
1160,396,557
1161,396,558
1162,396,559
1163,396,560
1164,396,561
1165,396,562
1166,396,563
1167,396,564
1168,396,565
1169,396,566
1170,396,567
1171,396,568
1172,396,569
1173,396,570
1174,396,571
1175,396,572
1176,396,573
1177,397,490
1178,397,491
1179,397,492
1180,397,493
1181,397,494
1182,397,495
1183,397,498
1184,397,499
1185,397,500
1186,397,501
1187,397,502
1188,397,503
1189,397,504
1190,397,508
1191,397,509
1192,397,510
1193,397,511
1194,397,516
1195,397,517
1196,397,518
1197,397,519
1198,397,520
1199,397,521
1200,397,522
1201,397,523
1202,397,524
1203,397,525
1204,397,526
1205,397,527
1206,397,528
1207,397,529
1208,397,530
1209,397,531
1210,397,533
1211,397,534
1212,397,535
1213,397,536
1214,397,537
1215,397,538
1216,397,539
1217,397,540
1218,397,541
1219,397,542
1220,397,543
1221,397,544
1222,397,545
1223,397,546
1224,397,547
1225,397,548
1226,397,549
1227,397,550
1228,397,551
1229,397,552
1230,397,553
1231,397,554
1232,397,555
1233,397,556
1234,397,557
1235,397,558
1236,397,559
1237,397,560
1238,397,561
1239,397,562
1240,397,563
1241,397,564
1242,397,565
1243,397,566
1244,397,567
1245,397,568
1246,397,569
1247,397,570
1248,397,571
1249,397,572
1250,397,573
1251,397,574
1252,398,486
1253,398,487
1254,398,488
1255,398,489
1256,398,490
1257,398,491
1258,398,492
1259,398,493
1260,398,494
1261,398,495
1262,398,496
1263,398,497
1264,398,498
1265,398,499
1266,398,500
1267,398,501
1268,398,502
1269,398,503
1270,398,504
1271,398,505
1272,398,506
1273,398,507
1274,398,508
1275,398,509
1276,398,515
1277,398,516
1278,398,517
1279,398,518
1280,398,519
1281,398,520
1282,398,521
1283,398,522
1284,398,523
1285,398,524
1286,398,525
1287,398,526
1288,398,527
1289,398,528
1290,398,529
1291,398,530
1292,398,531
1293,398,532
1294,398,533
1295,398,534
1296,398,535
1297,398,536
1298,398,537
1299,398,538
1300,398,539
1301,398,540
1302,398,541
1303,398,542
1304,398,543
1305,398,544
1306,398,545
1307,398,546
1308,398,547
1309,398,548
1310,398,549
1311,398,550
1312,398,551
1313,398,552
1314,398,553
1315,398,554
1316,398,555
1317,398,556
1318,398,557
1319,398,558
1320,398,559
1321,398,560
1322,398,561
1323,398,562
1324,398,563
1325,398,564
1326,398,565
1327,398,566
1328,398,567
1329,398,568
1330,398,569
1331,398,570
1332,398,571
1333,398,572
1334,398,573
1335,398,574
1336,398,575
1337,399,485
1338,399,486
1339,399,487
1340,399,488
1341,399,489
1342,399,490
1343,399,491
1344,399,492
1345,399,493
1346,399,494
1347,399,495
1348,399,496
1349,399,497
1350,399,498
1351,399,499
1352,399,500
1353,399,501
1354,399,502
1355,399,503
1356,399,504
1357,399,505
1358,399,506
1359,399,507
1360,399,508
1361,399,512
1362,399,513
1363,399,514
1364,399,515
1365,399,516
1366,399,517
1367,399,518
1368,399,519
1369,399,520
1370,399,521
1371,399,522
1372,399,523
1373,399,524
1374,399,525
1375,399,526
1376,399,527
1377,399,528
1378,399,529
1379,399,530
1380,399,531
1381,399,532
1382,399,533
1383,399,534
1384,399,535
1385,399,536
1386,399,537
1387,399,538
1388,399,539
1389,399,540
1390,399,541
1391,399,542
1392,399,543
1393,399,544
1394,399,545
1395,399,546
1396,399,547
1397,399,548
1398,399,549
1399,399,550
1400,399,551
1401,399,552
1402,399,553
1403,399,554
1404,399,555
1405,399,556
1406,399,557
1407,399,558
1408,399,559
1409,399,560
1410,399,561
1411,399,562
1412,399,563
1413,399,564
1414,399,565
1415,399,566
1416,399,567
1417,399,568
1418,399,569
1419,399,570
1420,399,571
1421,399,572
1422,399,573
1423,399,574
1424,399,575
1425,400,485
1426,400,486
1427,400,487
1428,400,488
1429,400,489
1430,400,490
1431,400,491
1432,400,492
1433,400,493
1434,400,494
1435,400,495
1436,400,496
1437,400,497
1438,400,498
1439,400,499
1440,400,500
1441,400,501
1442,400,502
1443,400,503
1444,400,515
1445,400,516
1446,400,517
1447,400,518
1448,400,519
1449,400,520
1450,400,521
1451,400,522
1452,400,523
1453,400,524
1454,400,525
1455,400,526
1456,400,527
1457,400,528
1458,400,529
1459,400,530
1460,400,531
1461,400,532
1462,400,533
1463,400,534
1464,400,535
1465,400,536
1466,400,537
1467,400,538
1468,400,539
1469,400,540
1470,400,541
1471,400,542
1472,400,543
1473,400,544
1474,400,545
1475,400,546
1476,400,547
1477,400,548
1478,400,549
1479,400,550
1480,400,551
1481,400,552
1482,400,553
1483,400,554
1484,400,555
1485,400,556
1486,400,557
1487,400,558
1488,400,559
1489,400,560
1490,400,561
1491,400,562
1492,400,563
1493,400,564
1494,400,565
1495,400,566
1496,400,567
1497,400,568
1498,400,569
1499,400,570
1500,400,571
1501,400,572
1502,400,573
1503,400,574
1504,400,575
1505,400,576
1506,401,486
1507,401,487
1508,401,488
1509,401,489
1510,401,490
1511,401,491
1512,401,492
1513,401,493
1514,401,518
1515,401,519
1516,401,520
1517,401,521
1518,401,522
1519,401,523
1520,401,524
1521,401,525
1522,401,526
1523,401,527
1524,401,528
1525,401,529
1526,401,530
1527,401,531
1528,401,532
1529,401,533
1530,401,534
1531,401,535
1532,401,536
1533,401,537
1534,401,538
1535,401,539
1536,401,540
1537,401,541
1538,401,542
1539,401,543
1540,401,544
1541,401,545
1542,401,546
1543,401,547
1544,401,548
1545,401,549
1546,401,550
1547,401,551
1548,401,552
1549,401,553
1550,401,554
1551,401,555
1552,401,556
1553,401,557
1554,401,558
1555,401,559
1556,401,560
1557,401,561
1558,401,562
1559,401,563
1560,401,564
1561,401,565
1562,401,566
1563,401,567
1564,401,568
1565,401,569
1566,401,570
1567,401,571
1568,401,572
1569,401,573
1570,401,574
1571,401,575
1572,401,576
1573,402,490
1574,402,491
1575,402,492
1576,402,493
1577,402,520
1578,402,521
1579,402,522
1580,402,523
1581,402,524
1582,402,525
1583,402,526
1584,402,527
1585,402,528
1586,402,529
1587,402,530
1588,402,531
1589,402,532
1590,402,533
1591,402,534
1592,402,535
1593,402,536
1594,402,537
1595,402,538
1596,402,539
1597,402,540
1598,402,541
1599,402,542
1600,402,543
1601,402,544
1602,402,545
1603,402,546
1604,402,547
1605,402,548
1606,402,549
1607,402,550
1608,402,551
1609,402,552
1610,402,553
1611,402,554
1612,402,555
1613,402,556
1614,402,557
1615,402,558
1616,402,559
1617,402,560
1618,402,561
1619,402,562
1620,402,563
1621,402,564
1622,402,565
1623,402,566
1624,402,567
1625,402,568
1626,402,569
1627,402,570
1628,402,571
1629,402,572
1630,402,573
1631,402,574
1632,402,575
1633,402,576
1634,402,577
1635,403,492
1636,403,521
1637,403,522
1638,403,523
1639,403,524
1640,403,525
1641,403,526
1642,403,527
1643,403,528
1644,403,529
1645,403,530
1646,403,531
1647,403,532
1648,403,533
1649,403,534
1650,403,535
1651,403,536
1652,403,537
1653,403,538
1654,403,539
1655,403,540
1656,403,541
1657,403,542
1658,403,543
1659,403,544
1660,403,545
1661,403,546
1662,403,547
1663,403,548
1664,403,549
1665,403,550
1666,403,551
1667,403,552
1668,403,553
1669,403,554
1670,403,555
1671,403,556
1672,403,557
1673,403,558
1674,403,559
1675,403,560
1676,403,561
1677,403,562
1678,403,563
1679,403,564
1680,403,565
1681,403,566
1682,403,567
1683,403,568
1684,403,569
1685,403,570
1686,403,571
1687,403,572
1688,403,573
1689,403,574
1690,403,575
1691,403,576
1692,403,577
1693,403,578
1694,404,484
1695,404,485
1696,404,486
1697,404,518
1698,404,519
1699,404,520
1700,404,521
1701,404,522
1702,404,523
1703,404,524
1704,404,525
1705,404,526
1706,404,527
1707,404,528
1708,404,529
1709,404,530
1710,404,531
1711,404,532
1712,404,533
1713,404,534
1714,404,535
1715,404,536
1716,404,537
1717,404,538
1718,404,539
1719,404,540
1720,404,541
1721,404,542
1722,404,543
1723,404,544
1724,404,545
1725,404,546
1726,404,547
1727,404,548
1728,404,549
1729,404,550
1730,404,551
1731,404,552
1732,404,553
1733,404,554
1734,404,555
1735,404,556
1736,404,557
1737,404,558
1738,404,559
1739,404,560
1740,404,561
1741,404,562
1742,404,563
1743,404,564
1744,404,565
1745,404,566
1746,404,567
1747,404,568
1748,404,569
1749,404,570
1750,404,571
1751,404,572
1752,404,573
1753,404,574
1754,404,575
1755,404,576
1756,404,577
1757,404,578
1758,405,484
1759,405,485
1760,405,486
1761,405,487
1762,405,488
1763,405,516
1764,405,517
1765,405,518
1766,405,519
1767,405,520
1768,405,521
1769,405,522
1770,405,523
1771,405,524
1772,405,525
1773,405,526
1774,405,527
1775,405,528
1776,405,529
1777,405,530
1778,405,531
1779,405,532
1780,405,533
1781,405,534
1782,405,535
1783,405,536
1784,405,537
1785,405,538
1786,405,539
1787,405,540
1788,405,541
1789,405,542
1790,405,543
1791,405,544
1792,405,545
1793,405,546
1794,405,547
1795,405,548
1796,405,549
1797,405,550
1798,405,551
1799,405,552
1800,405,553
1801,405,554
1802,405,555
1803,405,556
1804,405,557
1805,405,558
1806,405,559
1807,405,560
1808,405,561
1809,405,562
1810,405,563
1811,405,564
1812,405,565
1813,405,566
1814,405,567
1815,405,568
1816,405,569
1817,405,570
1818,405,571
1819,405,572
1820,405,573
1821,405,574
1822,405,575
1823,405,576
1824,405,577
1825,405,578
1826,405,579
1827,406,483
1828,406,484
1829,406,485
1830,406,486
1831,406,487
1832,406,488
1833,406,489
1834,406,512
1835,406,513
1836,406,514
1837,406,515
1838,406,516
1839,406,517
1840,406,518
1841,406,519
1842,406,520
1843,406,521
1844,406,522
1845,406,523
1846,406,524
1847,406,525
1848,406,526
1849,406,527
1850,406,528
1851,406,529
1852,406,530
1853,406,531
1854,406,532
1855,406,533
1856,406,534
1857,406,535
1858,406,536
1859,406,537
1860,406,538
1861,406,539
1862,406,540
1863,406,541
1864,406,542
1865,406,543
1866,406,544
1867,406,545
1868,406,546
1869,406,547
1870,406,548
1871,406,549
1872,406,550
1873,406,551
1874,406,552
1875,406,553
1876,406,554
1877,406,555
1878,406,556
1879,406,557
1880,406,558
1881,406,559
1882,406,560
1883,406,561
1884,406,562
1885,406,563
1886,406,564
1887,406,565
1888,406,566
1889,406,567
1890,406,568
1891,406,569
1892,406,570
1893,406,571
1894,406,572
1895,406,573
1896,406,574
1897,406,575
1898,406,576
1899,406,577
1900,406,578
1901,406,579
1902,407,483
1903,407,484
1904,407,485
1905,407,486
1906,407,487
1907,407,488
1908,407,510
1909,407,511
1910,407,512
1911,407,513
1912,407,514
1913,407,515
1914,407,516
1915,407,517
1916,407,518
1917,407,519
1918,407,520
1919,407,521
1920,407,522
1921,407,523
1922,407,524
1923,407,525
1924,407,526
1925,407,527
1926,407,528
1927,407,529
1928,407,530
1929,407,531
1930,407,532
1931,407,533
1932,407,534
1933,407,535
1934,407,536
1935,407,537
1936,407,538
1937,407,539
1938,407,540
1939,407,541
1940,407,542
1941,407,543
1942,407,544
1943,407,545
1944,407,546
1945,407,547
1946,407,548
1947,407,549
1948,407,550
1949,407,551
1950,407,552
1951,407,553
1952,407,554
1953,407,555
1954,407,556
1955,407,557
1956,407,558
1957,407,559
1958,407,560
1959,407,561
1960,407,562
1961,407,563
1962,407,564
1963,407,565
1964,407,566
1965,407,567
1966,407,568
1967,407,569
1968,407,570
1969,407,571
1970,407,572
1971,407,573
1972,407,574
1973,407,575
1974,407,576
1975,407,577
1976,407,578
1977,407,579
1978,408,483
1979,408,484
1980,408,485
1981,408,486
1982,408,487
1983,408,488
1984,408,509
1985,408,510
1986,408,511
1987,408,512
1988,408,513
1989,408,514
1990,408,515
1991,408,516
1992,408,517
1993,408,518
1994,408,519
1995,408,520
1996,408,521
1997,408,522
1998,408,523
1999,408,524
2000,408,525
2001,408,526
2002,408,527
2003,408,528
2004,408,529
2005,408,530
2006,408,531
2007,408,532
2008,408,533
2009,408,534
2010,408,535
2011,408,536
2012,408,537
2013,408,538
2014,408,539
2015,408,540
2016,408,541
2017,408,542
2018,408,543
2019,408,544
2020,408,545
2021,408,546
2022,408,547
2023,408,548
2024,408,549
2025,408,550
2026,408,551
2027,408,552
2028,408,553
2029,408,554
2030,408,555
2031,408,556
2032,408,557
2033,408,558
2034,408,559
2035,408,560
2036,408,561
2037,408,562
2038,408,563
2039,408,564
2040,408,565
2041,408,566
2042,408,567
2043,408,568
2044,408,569
2045,408,570
2046,408,571
2047,408,572
2048,408,573
2049,408,574
2050,408,575
2051,408,576
2052,408,577
2053,408,578
2054,408,579
2055,408,580
2056,409,483
2057,409,484
2058,409,485
2059,409,486
2060,409,487
2061,409,501
2062,409,502
2063,409,508
2064,409,509
2065,409,510
2066,409,511
2067,409,512
2068,409,513
2069,409,514
2070,409,515
2071,409,516
2072,409,517
2073,409,518
2074,409,519
2075,409,520
2076,409,521
2077,409,522
2078,409,523
2079,409,524
2080,409,525
2081,409,526
2082,409,527
2083,409,528
2084,409,529
2085,409,530
2086,409,531
2087,409,532
2088,409,533
2089,409,534
2090,409,535
2091,409,536
2092,409,537
2093,409,538
2094,409,539
2095,409,540
2096,409,541
2097,409,542
2098,409,543
2099,409,544
2100,409,545
2101,409,546
2102,409,547
2103,409,548
2104,409,549
2105,409,550
2106,409,551
2107,409,552
2108,409,553
2109,409,554
2110,409,555
2111,409,556
2112,409,557
2113,409,558
2114,409,559
2115,409,560
2116,409,561
2117,409,562
2118,409,563
2119,409,564
2120,409,565
2121,409,566
2122,409,567
2123,409,568
2124,409,569
2125,409,570
2126,409,571
2127,409,572
2128,409,573
2129,409,574
2130,409,575
2131,409,576
2132,409,577
2133,409,578
2134,409,579
2135,409,580
2136,410,483
2137,410,484
2138,410,485
2139,410,486
2140,410,487
2141,410,500
2142,410,501
2143,410,502
2144,410,503
2145,410,504
2146,410,507
2147,410,508
2148,410,509
2149,410,510
2150,410,511
2151,410,512
2152,410,513
2153,410,514
2154,410,515
2155,410,516
2156,410,517
2157,410,518
2158,410,519
2159,410,520
2160,410,521
2161,410,522
2162,410,523
2163,410,524
2164,410,525
2165,410,526
2166,410,527
2167,410,528
2168,410,529
2169,410,530
2170,410,531
2171,410,532
2172,410,533
2173,410,534
2174,410,535
2175,410,536
2176,410,537
2177,410,538
2178,410,539
2179,410,540
2180,410,541
2181,410,542
2182,410,543
2183,410,544
2184,410,545
2185,410,546
2186,410,547
2187,410,548
2188,410,549
2189,410,550
2190,410,551
2191,410,552
2192,410,553
2193,410,554
2194,410,555
2195,410,556
2196,410,557
2197,410,558
2198,410,559
2199,410,560
2200,410,561
2201,410,562
2202,410,563
2203,410,564
2204,410,565
2205,410,566
2206,410,567
2207,410,568
2208,410,569
2209,410,570
2210,410,571
2211,410,572
2212,410,573
2213,410,574
2214,410,575
2215,410,576
2216,410,577
2217,410,578
2218,410,579
2219,410,580
2220,411,483
2221,411,484
2222,411,485
2223,411,486
2224,411,487
2225,411,488
2226,411,489
2227,411,500
2228,411,501
2229,411,502
2230,411,503
2231,411,504
2232,411,505
2233,411,506
2234,411,507
2235,411,508
2236,411,509
2237,411,510
2238,411,511
2239,411,512
2240,411,513
2241,411,514
2242,411,515
2243,411,516
2244,411,517
2245,411,518
2246,411,519
2247,411,520
2248,411,521
2249,411,522
2250,411,523
2251,411,524
2252,411,525
2253,411,526
2254,411,527
2255,411,528
2256,411,529
2257,411,530
2258,411,531
2259,411,532
2260,411,533
2261,411,534
2262,411,535
2263,411,536
2264,411,537
2265,411,538
2266,411,539
2267,411,540
2268,411,541
2269,411,542
2270,411,543
2271,411,544
2272,411,545
2273,411,546
2274,411,547
2275,411,548
2276,411,549
2277,411,550
2278,411,551
2279,411,552
2280,411,553
2281,411,554
2282,411,555
2283,411,556
2284,411,557
2285,411,558
2286,411,559
2287,411,560
2288,411,561
2289,411,562
2290,411,563
2291,411,564
2292,411,565
2293,411,566
2294,411,567
2295,411,568
2296,411,569
2297,411,570
2298,411,571
2299,411,572
2300,411,573
2301,411,574
2302,411,575
2303,411,576
2304,411,577
2305,411,578
2306,411,579
2307,411,580
2308,411,581
2309,412,483
2310,412,484
2311,412,485
2312,412,486
2313,412,487
2314,412,488
2315,412,489
2316,412,490
2317,412,500
2318,412,501
2319,412,502
2320,412,503
2321,412,504
2322,412,505
2323,412,506
2324,412,507
2325,412,508
2326,412,509
2327,412,510
2328,412,511
2329,412,512
2330,412,513
2331,412,514
2332,412,515
2333,412,516
2334,412,517
2335,412,518
2336,412,519
2337,412,520
2338,412,521
2339,412,522
2340,412,523
2341,412,524
2342,412,525
2343,412,526
2344,412,527
2345,412,528
2346,412,529
2347,412,530
2348,412,531
2349,412,532
2350,412,533
2351,412,534
2352,412,535
2353,412,536
2354,412,537
2355,412,538
2356,412,539
2357,412,540
2358,412,541
2359,412,542
2360,412,543
2361,412,544
2362,412,545
2363,412,546
2364,412,547
2365,412,548
2366,412,549
2367,412,550
2368,412,551
2369,412,552
2370,412,553
2371,412,554
2372,412,555
2373,412,556
2374,412,557
2375,412,558
2376,412,559
2377,412,560
2378,412,561
2379,412,562
2380,412,563
2381,412,564
2382,412,565
2383,412,566
2384,412,567
2385,412,568
2386,412,569
2387,412,570
2388,412,571
2389,412,572
2390,412,573
2391,412,574
2392,412,575
2393,412,576
2394,412,577
2395,412,578
2396,412,579
2397,412,580
2398,412,581
2399,413,483
2400,413,484
2401,413,485
2402,413,486
2403,413,487
2404,413,488
2405,413,489
2406,413,490
2407,413,491
2408,413,501
2409,413,502
2410,413,503
2411,413,504
2412,413,505
2413,413,506
2414,413,507
2415,413,508
2416,413,509
2417,413,510
2418,413,511
2419,413,512
2420,413,513
2421,413,514
2422,413,515
2423,413,516
2424,413,517
2425,413,518
2426,413,519
2427,413,520
2428,413,521
2429,413,522
2430,413,523
2431,413,524
2432,413,525
2433,413,526
2434,413,527
2435,413,528
2436,413,529
2437,413,530
2438,413,531
2439,413,532
2440,413,533
2441,413,534
2442,413,535
2443,413,536
2444,413,537
2445,413,538
2446,413,539
2447,413,540
2448,413,541
2449,413,542
2450,413,543
2451,413,544
2452,413,545
2453,413,546
2454,413,547
2455,413,548
2456,413,549
2457,413,550
2458,413,551
2459,413,552
2460,413,553
2461,413,554
2462,413,555
2463,413,556
2464,413,557
2465,413,558
2466,413,559
2467,413,560
2468,413,561
2469,413,562
2470,413,563
2471,413,564
2472,413,565
2473,413,566
2474,413,567
2475,413,568
2476,413,569
2477,413,570
2478,413,571
2479,413,572
2480,413,573
2481,413,574
2482,413,575
2483,413,576
2484,413,577
2485,413,578
2486,413,579
2487,413,580
2488,413,581
2489,414,482
2490,414,483
2491,414,484
2492,414,485
2493,414,486
2494,414,487
2495,414,488
2496,414,489
2497,414,490
2498,414,501
2499,414,502
2500,414,503
2501,414,504
2502,414,505
2503,414,506
2504,414,507
2505,414,508
2506,414,509
2507,414,510
2508,414,511
2509,414,512
2510,414,513
2511,414,514
2512,414,515
2513,414,516
2514,414,517
2515,414,518
2516,414,519
2517,414,520
2518,414,521
2519,414,522
2520,414,523
2521,414,524
2522,414,525
2523,414,526
2524,414,527
2525,414,528
2526,414,529
2527,414,530
2528,414,531
2529,414,532
2530,414,533
2531,414,534
2532,414,535
2533,414,536
2534,414,537
2535,414,538
2536,414,539
2537,414,540
2538,414,541
2539,414,542
2540,414,543
2541,414,544
2542,414,545
2543,414,546
2544,414,547
2545,414,548
2546,414,549
2547,414,550
2548,414,551
2549,414,552
2550,414,553
2551,414,554
2552,414,555
2553,414,556
2554,414,557
2555,414,558
2556,414,559
2557,414,560
2558,414,561
2559,414,562
2560,414,563
2561,414,564
2562,414,565
2563,414,566
2564,414,567
2565,414,568
2566,414,569
2567,414,570
2568,414,571
2569,414,572
2570,414,573
2571,414,574
2572,414,575
2573,414,576
2574,414,577
2575,414,578
2576,414,579
2577,414,580
2578,414,581
2579,415,479
2580,415,480
2581,415,481
2582,415,482
2583,415,483
2584,415,484
2585,415,485
2586,415,486
2587,415,487
2588,415,501
2589,415,502
2590,415,503
2591,415,504
2592,415,505
2593,415,506
2594,415,507
2595,415,508
2596,415,509
2597,415,510
2598,415,511
2599,415,512
2600,415,513
2601,415,514
2602,415,515
2603,415,516
2604,415,517
2605,415,518
2606,415,519
2607,415,520
2608,415,521
2609,415,522
2610,415,523
2611,415,524
2612,415,525
2613,415,526
2614,415,527
2615,415,528
2616,415,529
2617,415,530
2618,415,531
2619,415,532
2620,415,533
2621,415,534
2622,415,535
2623,415,536
2624,415,537
2625,415,538
2626,415,539
2627,415,540
2628,415,541
2629,415,542
2630,415,543
2631,415,544
2632,415,545
2633,415,546
2634,415,547
2635,415,548
2636,415,549
2637,415,550
2638,415,551
2639,415,552
2640,415,553
2641,415,554
2642,415,555
2643,415,556
2644,415,557
2645,415,558
2646,415,559
2647,415,560
2648,415,561
2649,415,562
2650,415,563
2651,415,564
2652,415,565
2653,415,566
2654,415,567
2655,415,568
2656,415,569
2657,415,570
2658,415,571
2659,415,572
2660,415,573
2661,415,574
2662,415,575
2663,415,576
2664,415,577
2665,415,578
2666,415,579
2667,415,580
2668,415,581
2669,416,478
2670,416,479
2671,416,480
2672,416,481
2673,416,482
2674,416,483
2675,416,484
2676,416,485
2677,416,486
2678,416,501
2679,416,502
2680,416,503
2681,416,504
2682,416,505
2683,416,506
2684,416,507
2685,416,508
2686,416,509
2687,416,510
2688,416,511
2689,416,512
2690,416,513
2691,416,514
2692,416,515
2693,416,516
2694,416,517
2695,416,518
2696,416,519
2697,416,520
2698,416,521
2699,416,522
2700,416,523
2701,416,524
2702,416,525
2703,416,526
2704,416,527
2705,416,528
2706,416,529
2707,416,530
2708,416,531
2709,416,532
2710,416,533
2711,416,534
2712,416,535
2713,416,536
2714,416,537
2715,416,538
2716,416,539
2717,416,540
2718,416,541
2719,416,542
2720,416,543
2721,416,544
2722,416,545
2723,416,546
2724,416,547
2725,416,548
2726,416,549
2727,416,550
2728,416,551
2729,416,552
2730,416,553
2731,416,554
2732,416,555
2733,416,556
2734,416,557
2735,416,558
2736,416,559
2737,416,560
2738,416,561
2739,416,562
2740,416,563
2741,416,564
2742,416,565
2743,416,566
2744,416,567
2745,416,568
2746,416,569
2747,416,570
2748,416,571
2749,416,572
2750,416,573
2751,416,574
2752,416,575
2753,416,576
2754,416,577
2755,416,578
2756,416,579
2757,416,580
2758,416,581
2759,417,477
2760,417,478
2761,417,479
2762,417,480
2763,417,481
2764,417,482
2765,417,483
2766,417,484
2767,417,485
2768,417,486
2769,417,500
2770,417,501
2771,417,502
2772,417,503
2773,417,504
2774,417,505
2775,417,506
2776,417,507
2777,417,508
2778,417,509
2779,417,510
2780,417,511
2781,417,512
2782,417,513
2783,417,514
2784,417,515
2785,417,516
2786,417,517
2787,417,518
2788,417,519
2789,417,520
2790,417,521
2791,417,522
2792,417,523
2793,417,524
2794,417,525
2795,417,526
2796,417,527
2797,417,528
2798,417,529
2799,417,530
2800,417,531
2801,417,532
2802,417,533
2803,417,534
2804,417,535
2805,417,536
2806,417,537
2807,417,538
2808,417,539
2809,417,540
2810,417,541
2811,417,542
2812,417,543
2813,417,544
2814,417,545
2815,417,546
2816,417,547
2817,417,548
2818,417,549
2819,417,550
2820,417,551
2821,417,552
2822,417,553
2823,417,554
2824,417,555
2825,417,556
2826,417,557
2827,417,558
2828,417,559
2829,417,560
2830,417,561
2831,417,562
2832,417,563
2833,417,564
2834,417,565
2835,417,566
2836,417,567
2837,417,568
2838,417,569
2839,417,570
2840,417,571
2841,417,572
2842,417,573
2843,417,574
2844,417,575
2845,417,576
2846,417,577
2847,417,578
2848,417,579
2849,417,580
2850,417,581
2851,418,476
2852,418,477
2853,418,478
2854,418,479
2855,418,480
2856,418,481
2857,418,482
2858,418,483
2859,418,484
2860,418,485
2861,418,486
2862,418,499
2863,418,500
2864,418,501
2865,418,502
2866,418,503
2867,418,504
2868,418,505
2869,418,506
2870,418,507
2871,418,508
2872,418,509
2873,418,510
2874,418,511
2875,418,512
2876,418,513
2877,418,514
2878,418,515
2879,418,516
2880,418,517
2881,418,518
2882,418,519
2883,418,520
2884,418,521
2885,418,522
2886,418,523
2887,418,524
2888,418,525
2889,418,526
2890,418,527
2891,418,528
2892,418,529
2893,418,530
2894,418,531
2895,418,532
2896,418,533
2897,418,534
2898,418,535
2899,418,536
2900,418,537
2901,418,538
2902,418,539
2903,418,540
2904,418,541
2905,418,542
2906,418,543
2907,418,544
2908,418,545
2909,418,546
2910,418,547
2911,418,548
2912,418,549
2913,418,550
2914,418,551
2915,418,552
2916,418,553
2917,418,554
2918,418,555
2919,418,556
2920,418,557
2921,418,558
2922,418,559
2923,418,560
2924,418,561
2925,418,562
2926,418,563
2927,418,564
2928,418,565
2929,418,566
2930,418,567
2931,418,568
2932,418,569
2933,418,570
2934,418,571
2935,418,572
2936,418,573
2937,418,574
2938,418,575
2939,418,576
2940,418,577
2941,418,578
2942,418,579
2943,418,580
2944,418,581
2945,419,475
2946,419,476
2947,419,477
2948,419,478
2949,419,479
2950,419,480
2951,419,481
2952,419,482
2953,419,483
2954,419,484
2955,419,485
2956,419,486
2957,419,487
2958,419,492
2959,419,493
2960,419,494
2961,419,498
2962,419,499
2963,419,500
2964,419,501
2965,419,502
2966,419,503
2967,419,504
2968,419,505
2969,419,506
2970,419,507
2971,419,508
2972,419,509
2973,419,510
2974,419,511
2975,419,512
2976,419,513
2977,419,514
2978,419,515
2979,419,516
2980,419,517
2981,419,518
2982,419,519
2983,419,520
2984,419,521
2985,419,522
2986,419,523
2987,419,524
2988,419,525
2989,419,526
2990,419,527
2991,419,528
2992,419,529
2993,419,530
2994,419,531
2995,419,532
2996,419,533
2997,419,534
2998,419,535
2999,419,536
3000,419,537
3001,419,538
3002,419,539
3003,419,540
3004,419,541
3005,419,542
3006,419,543
3007,419,544
3008,419,545
3009,419,546
3010,419,547
3011,419,548
3012,419,549
3013,419,550
3014,419,551
3015,419,552
3016,419,553
3017,419,554
3018,419,555
3019,419,556
3020,419,557
3021,419,558
3022,419,559
3023,419,560
3024,419,561
3025,419,562
3026,419,563
3027,419,564
3028,419,565
3029,419,566
3030,419,567
3031,419,568
3032,419,569
3033,419,570
3034,419,571
3035,419,572
3036,419,573
3037,419,574
3038,419,575
3039,419,576
3040,419,577
3041,419,578
3042,419,579
3043,419,580
3044,419,581
3045,420,474
3046,420,475
3047,420,476
3048,420,477
3049,420,478
3050,420,479
3051,420,480
3052,420,481
3053,420,482
3054,420,483
3055,420,484
3056,420,485
3057,420,486
3058,420,487
3059,420,492
3060,420,493
3061,420,494
3062,420,495
3063,420,496
3064,420,497
3065,420,498
3066,420,499
3067,420,500
3068,420,501
3069,420,502
3070,420,503
3071,420,504
3072,420,505
3073,420,506
3074,420,507
3075,420,508
3076,420,509
3077,420,510
3078,420,511
3079,420,512
3080,420,513
3081,420,514
3082,420,515
3083,420,516
3084,420,517
3085,420,518
3086,420,519
3087,420,520
3088,420,521
3089,420,522
3090,420,523
3091,420,524
3092,420,525
3093,420,526
3094,420,527
3095,420,528
3096,420,529
3097,420,530
3098,420,531
3099,420,532
3100,420,533
3101,420,534
3102,420,535
3103,420,536
3104,420,537
3105,420,538
3106,420,539
3107,420,540
3108,420,541
3109,420,542
3110,420,543
3111,420,544
3112,420,545
3113,420,546
3114,420,547
3115,420,548
3116,420,549
3117,420,550
3118,420,551
3119,420,552
3120,420,553
3121,420,554
3122,420,555
3123,420,556
3124,420,557
3125,420,558
3126,420,559
3127,420,560
3128,420,561
3129,420,562
3130,420,563
3131,420,564
3132,420,565
3133,420,566
3134,420,567
3135,420,568
3136,420,569
3137,420,570
3138,420,571
3139,420,572
3140,420,573
3141,420,574
3142,420,575
3143,420,576
3144,420,577
3145,420,578
3146,420,579
3147,420,580
3148,420,581
3149,420,582
3150,421,474
3151,421,475
3152,421,476
3153,421,477
3154,421,478
3155,421,479
3156,421,480
3157,421,481
3158,421,482
3159,421,483
3160,421,484
3161,421,485
3162,421,486
3163,421,487
3164,421,492
3165,421,493
3166,421,494
3167,421,495
3168,421,496
3169,421,497
3170,421,498
3171,421,499
3172,421,500
3173,421,501
3174,421,502
3175,421,503
3176,421,504
3177,421,505
3178,421,506
3179,421,507
3180,421,508
3181,421,509
3182,421,510
3183,421,511
3184,421,512
3185,421,513
3186,421,514
3187,421,515
3188,421,516
3189,421,517
3190,421,518
3191,421,519
3192,421,520
3193,421,521
3194,421,522
3195,421,523
3196,421,524
3197,421,525
3198,421,526
3199,421,527
3200,421,528
3201,421,529
3202,421,530
3203,421,531
3204,421,532
3205,421,533
3206,421,534
3207,421,535
3208,421,536
3209,421,537
3210,421,538
3211,421,539
3212,421,540
3213,421,541
3214,421,542
3215,421,543
3216,421,544
3217,421,545
3218,421,546
3219,421,547
3220,421,548
3221,421,549
3222,421,550
3223,421,551
3224,421,552
3225,421,553
3226,421,554
3227,421,555
3228,421,556
3229,421,557
3230,421,558
3231,421,559
3232,421,560
3233,421,561
3234,421,562
3235,421,563
3236,421,564
3237,421,565
3238,421,566
3239,421,567
3240,421,568
3241,421,569
3242,421,570
3243,421,571
3244,421,572
3245,421,573
3246,421,574
3247,421,575
3248,421,576
3249,421,577
3250,421,578
3251,421,579
3252,421,580
3253,421,581
3254,421,582
3255,422,473
3256,422,474
3257,422,475
3258,422,476
3259,422,477
3260,422,478
3261,422,479
3262,422,480
3263,422,481
3264,422,482
3265,422,483
3266,422,484
3267,422,485
3268,422,486
3269,422,487
3270,422,492
3271,422,493
3272,422,494
3273,422,495
3274,422,496
3275,422,497
3276,422,498
3277,422,499
3278,422,500
3279,422,501
3280,422,502
3281,422,503
3282,422,504
3283,422,505
3284,422,506
3285,422,507
3286,422,508
3287,422,509
3288,422,510
3289,422,511
3290,422,512
3291,422,513
3292,422,514
3293,422,515
3294,422,516
3295,422,517
3296,422,518
3297,422,519
3298,422,520
3299,422,521
3300,422,522
3301,422,523
3302,422,524
3303,422,525
3304,422,526
3305,422,527
3306,422,528
3307,422,529
3308,422,530
3309,422,531
3310,422,532
3311,422,533
3312,422,534
3313,422,535
3314,422,536
3315,422,537
3316,422,538
3317,422,539
3318,422,540
3319,422,541
3320,422,542
3321,422,543
3322,422,544
3323,422,545
3324,422,546
3325,422,547
3326,422,548
3327,422,549
3328,422,550
3329,422,551
3330,422,552
3331,422,553
3332,422,554
3333,422,555
3334,422,556
3335,422,557
3336,422,558
3337,422,559
3338,422,560
3339,422,561
3340,422,562
3341,422,563
3342,422,564
3343,422,565
3344,422,566
3345,422,567
3346,422,568
3347,422,569
3348,422,570
3349,422,571
3350,422,572
3351,422,573
3352,422,574
3353,422,575
3354,422,576
3355,422,577
3356,422,578
3357,422,579
3358,422,580
3359,422,581
3360,422,582
3361,423,473
3362,423,474
3363,423,475
3364,423,476
3365,423,477
3366,423,478
3367,423,479
3368,423,480
3369,423,481
3370,423,482
3371,423,483
3372,423,484
3373,423,485
3374,423,486
3375,423,487
3376,423,492
3377,423,493
3378,423,494
3379,423,495
3380,423,496
3381,423,497
3382,423,498
3383,423,499
3384,423,500
3385,423,501
3386,423,502
3387,423,503
3388,423,504
3389,423,505
3390,423,506
3391,423,507
3392,423,508
3393,423,509
3394,423,510
3395,423,511
3396,423,512
3397,423,513
3398,423,514
3399,423,515
3400,423,516
3401,423,517
3402,423,518
3403,423,519
3404,423,520
3405,423,521
3406,423,522
3407,423,523
3408,423,524
3409,423,525
3410,423,526
3411,423,527
3412,423,528
3413,423,529
3414,423,530
3415,423,531
3416,423,532
3417,423,533
3418,423,534
3419,423,535
3420,423,536
3421,423,537
3422,423,538
3423,423,539
3424,423,540
3425,423,541
3426,423,542
3427,423,543
3428,423,544
3429,423,545
3430,423,546
3431,423,547
3432,423,548
3433,423,549
3434,423,550
3435,423,551
3436,423,552
3437,423,553
3438,423,554
3439,423,555
3440,423,556
3441,423,557
3442,423,558
3443,423,559
3444,423,560
3445,423,561
3446,423,562
3447,423,563
3448,423,564
3449,423,565
3450,423,566
3451,423,567
3452,423,568
3453,423,569
3454,423,570
3455,423,571
3456,423,572
3457,423,573
3458,423,574
3459,423,575
3460,423,576
3461,423,577
3462,423,578
3463,423,579
3464,423,580
3465,423,581
3466,423,582
3467,424,472
3468,424,473
3469,424,474
3470,424,475
3471,424,476
3472,424,477
3473,424,478
3474,424,479
3475,424,480
3476,424,481
3477,424,482
3478,424,483
3479,424,484
3480,424,485
3481,424,486
3482,424,487
3483,424,492
3484,424,493
3485,424,494
3486,424,495
3487,424,496
3488,424,497
3489,424,498
3490,424,499
3491,424,500
3492,424,501
3493,424,502
3494,424,503
3495,424,504
3496,424,505
3497,424,506
3498,424,507
3499,424,508
3500,424,509
3501,424,510
3502,424,511
3503,424,512
3504,424,513
3505,424,514
3506,424,515
3507,424,516
3508,424,517
3509,424,518
3510,424,519
3511,424,520
3512,424,521
3513,424,522
3514,424,523
3515,424,524
3516,424,525
3517,424,526
3518,424,527
3519,424,528
3520,424,529
3521,424,530
3522,424,531
3523,424,532
3524,424,533
3525,424,534
3526,424,535
3527,424,536
3528,424,537
3529,424,538
3530,424,539
3531,424,540
3532,424,541
3533,424,542
3534,424,543
3535,424,544
3536,424,545
3537,424,546
3538,424,547
3539,424,548
3540,424,549
3541,424,550
3542,424,551
3543,424,552
3544,424,553
3545,424,554
3546,424,555
3547,424,556
3548,424,557
3549,424,558
3550,424,559
3551,424,560
3552,424,561
3553,424,562
3554,424,563
3555,424,564
3556,424,565
3557,424,566
3558,424,567
3559,424,568
3560,424,569
3561,424,570
3562,424,571
3563,424,572
3564,424,573
3565,424,574
3566,424,575
3567,424,576
3568,424,577
3569,424,578
3570,424,579
3571,424,580
3572,424,581
3573,424,582
3574,425,471
3575,425,472
3576,425,473
3577,425,474
3578,425,475
3579,425,476
3580,425,477
3581,425,478
3582,425,479
3583,425,480
3584,425,481
3585,425,482
3586,425,483
3587,425,484
3588,425,485
3589,425,486
3590,425,487
3591,425,493
3592,425,494
3593,425,495
3594,425,496
3595,425,497
3596,425,498
3597,425,499
3598,425,500
3599,425,501
3600,425,502
3601,425,503
3602,425,504
3603,425,505
3604,425,506
3605,425,507
3606,425,508
3607,425,509
3608,425,510
3609,425,511
3610,425,512
3611,425,513
3612,425,514
3613,425,515
3614,425,516
3615,425,517
3616,425,518
3617,425,519
3618,425,520
3619,425,521
3620,425,522
3621,425,523
3622,425,524
3623,425,525
3624,425,526
3625,425,527
3626,425,528
3627,425,529
3628,425,530
3629,425,531
3630,425,532
3631,425,533
3632,425,534
3633,425,535
3634,425,536
3635,425,537
3636,425,538
3637,425,539
3638,425,540
3639,425,541
3640,425,542
3641,425,543
3642,425,544
3643,425,545
3644,425,546
3645,425,547
3646,425,548
3647,425,549
3648,425,550
3649,425,551
3650,425,552
3651,425,553
3652,425,554
3653,425,555
3654,425,556
3655,425,557
3656,425,558
3657,425,559
3658,425,560
3659,425,561
3660,425,562
3661,425,563
3662,425,564
3663,425,565
3664,425,566
3665,425,567
3666,425,568
3667,425,569
3668,425,570
3669,425,571
3670,425,572
3671,425,573
3672,425,574
3673,425,575
3674,425,576
3675,425,577
3676,425,578
3677,425,579
3678,425,580
3679,425,581
3680,425,582
3681,426,470
3682,426,471
3683,426,472
3684,426,473
3685,426,474
3686,426,475
3687,426,476
3688,426,477
3689,426,478
3690,426,479
3691,426,480
3692,426,481
3693,426,482
3694,426,483
3695,426,484
3696,426,485
3697,426,486
3698,426,487
3699,426,493
3700,426,494
3701,426,495
3702,426,496
3703,426,497
3704,426,498
3705,426,499
3706,426,500
3707,426,501
3708,426,502
3709,426,503
3710,426,504
3711,426,505
3712,426,506
3713,426,507
3714,426,508
3715,426,509
3716,426,510
3717,426,511
3718,426,512
3719,426,513
3720,426,514
3721,426,515
3722,426,516
3723,426,517
3724,426,518
3725,426,519
3726,426,520
3727,426,521
3728,426,522
3729,426,523
3730,426,524
3731,426,525
3732,426,526
3733,426,527
3734,426,528
3735,426,529
3736,426,530
3737,426,531
3738,426,532
3739,426,533
3740,426,534
3741,426,535
3742,426,536
3743,426,537
3744,426,538
3745,426,539
3746,426,540
3747,426,541
3748,426,542
3749,426,543
3750,426,544
3751,426,545
3752,426,546
3753,426,547
3754,426,548
3755,426,549
3756,426,550
3757,426,551
3758,426,552
3759,426,553
3760,426,554
3761,426,555
3762,426,556
3763,426,557
3764,426,558
3765,426,559
3766,426,560
3767,426,561
3768,426,562
3769,426,563
3770,426,564
3771,426,565
3772,426,566
3773,426,567
3774,426,568
3775,426,569
3776,426,570
3777,426,571
3778,426,572
3779,426,573
3780,426,574
3781,426,575
3782,426,576
3783,426,577
3784,426,578
3785,426,579
3786,426,580
3787,426,581
3788,426,582
3789,427,470
3790,427,471
3791,427,472
3792,427,473
3793,427,474
3794,427,475
3795,427,476
3796,427,477
3797,427,478
3798,427,479
3799,427,480
3800,427,481
3801,427,482
3802,427,483
3803,427,484
3804,427,485
3805,427,486
3806,427,487
3807,427,488
3808,427,493
3809,427,494
3810,427,495
3811,427,496
3812,427,497
3813,427,498
3814,427,499
3815,427,500
3816,427,501
3817,427,502
3818,427,503
3819,427,504
3820,427,505
3821,427,506
3822,427,507
3823,427,508
3824,427,509
3825,427,510
3826,427,511
3827,427,512
3828,427,513
3829,427,514
3830,427,515
3831,427,516
3832,427,517
3833,427,518
3834,427,519
3835,427,520
3836,427,521
3837,427,522
3838,427,523
3839,427,524
3840,427,525
3841,427,526
3842,427,527
3843,427,528
3844,427,529
3845,427,530
3846,427,531
3847,427,532
3848,427,533
3849,427,534
3850,427,535
3851,427,536
3852,427,537
3853,427,538
3854,427,539
3855,427,540
3856,427,541
3857,427,542
3858,427,543
3859,427,544
3860,427,545
3861,427,546
3862,427,547
3863,427,548
3864,427,549
3865,427,550
3866,427,551
3867,427,552
3868,427,553
3869,427,554
3870,427,555
3871,427,556
3872,427,557
3873,427,558
3874,427,559
3875,427,560
3876,427,561
3877,427,562
3878,427,563
3879,427,564
3880,427,565
3881,427,566
3882,427,567
3883,427,568
3884,427,569
3885,427,570
3886,427,571
3887,427,572
3888,427,573
3889,427,574
3890,427,575
3891,427,576
3892,427,577
3893,427,578
3894,427,579
3895,427,580
3896,427,581
3897,427,582
3898,428,469
3899,428,470
3900,428,471
3901,428,472
3902,428,473
3903,428,474
3904,428,475
3905,428,476
3906,428,477
3907,428,478
3908,428,479
3909,428,480
3910,428,481
3911,428,482
3912,428,483
3913,428,484
3914,428,485
3915,428,486
3916,428,487
3917,428,488
3918,428,489
3919,428,490
3920,428,491
3921,428,492
3922,428,493
3923,428,494
3924,428,495
3925,428,496
3926,428,497
3927,428,498
3928,428,499
3929,428,500
3930,428,501
3931,428,502
3932,428,503
3933,428,504
3934,428,505
3935,428,506
3936,428,507
3937,428,508
3938,428,509
3939,428,510
3940,428,511
3941,428,512
3942,428,513
3943,428,514
3944,428,515
3945,428,516
3946,428,517
3947,428,518
3948,428,519
3949,428,520
3950,428,521
3951,428,522
3952,428,523
3953,428,524
3954,428,525
3955,428,526
3956,428,527
3957,428,528
3958,428,529
3959,428,530
3960,428,531
3961,428,532
3962,428,533
3963,428,534
3964,428,535
3965,428,536
3966,428,537
3967,428,538
3968,428,539
3969,428,540
3970,428,541
3971,428,542
3972,428,543
3973,428,544
3974,428,545
3975,428,546
3976,428,547
3977,428,548
3978,428,549
3979,428,550
3980,428,551
3981,428,552
3982,428,553
3983,428,554
3984,428,555
3985,428,556
3986,428,557
3987,428,558
3988,428,559
3989,428,560
3990,428,561
3991,428,562
3992,428,563
3993,428,564
3994,428,565
3995,428,566
3996,428,567
3997,428,568
3998,428,569
3999,428,570
4000,428,571
4001,428,572
4002,428,573
4003,428,574
4004,428,575
4005,428,576
4006,428,577
4007,428,578
4008,428,579
4009,428,580
4010,428,581
4011,428,582
4012,429,469
4013,429,470
4014,429,471
4015,429,472
4016,429,473
4017,429,474
4018,429,475
4019,429,476
4020,429,477
4021,429,478
4022,429,479
4023,429,480
4024,429,481
4025,429,482
4026,429,483
4027,429,484
4028,429,485
4029,429,486
4030,429,487
4031,429,488
4032,429,489
4033,429,490
4034,429,491
4035,429,492
4036,429,493
4037,429,494
4038,429,495
4039,429,496
4040,429,497
4041,429,498
4042,429,499
4043,429,500
4044,429,501
4045,429,502
4046,429,503
4047,429,504
4048,429,505
4049,429,506
4050,429,507
4051,429,508
4052,429,509
4053,429,510
4054,429,511
4055,429,512
4056,429,513
4057,429,514
4058,429,515
4059,429,516
4060,429,517
4061,429,518
4062,429,519
4063,429,520
4064,429,521
4065,429,522
4066,429,523
4067,429,524
4068,429,525
4069,429,526
4070,429,527
4071,429,528
4072,429,529
4073,429,530
4074,429,531
4075,429,532
4076,429,533
4077,429,534
4078,429,535
4079,429,536
4080,429,537
4081,429,538
4082,429,539
4083,429,540
4084,429,541
4085,429,542
4086,429,543
4087,429,544
4088,429,545
4089,429,546
4090,429,547
4091,429,548
4092,429,549
4093,429,550
4094,429,551
4095,429,552
4096,429,553
4097,429,554
4098,429,555
4099,429,556
4100,429,557
4101,429,558
4102,429,559
4103,429,560
4104,429,561
4105,429,562
4106,429,563
4107,429,564
4108,429,565
4109,429,566
4110,429,567
4111,429,568
4112,429,569
4113,429,570
4114,429,571
4115,429,572
4116,429,573
4117,429,574
4118,429,575
4119,429,576
4120,429,577
4121,429,578
4122,429,579
4123,429,580
4124,429,581
4125,429,582
4126,430,469
4127,430,470
4128,430,471
4129,430,472
4130,430,473
4131,430,474
4132,430,475
4133,430,476
4134,430,477
4135,430,478
4136,430,479
4137,430,480
4138,430,481
4139,430,482
4140,430,483
4141,430,484
4142,430,485
4143,430,486
4144,430,487
4145,430,488
4146,430,489
4147,430,490
4148,430,491
4149,430,492
4150,430,493
4151,430,494
4152,430,495
4153,430,496
4154,430,497
4155,430,498
4156,430,499
4157,430,500
4158,430,501
4159,430,502
4160,430,503
4161,430,504
4162,430,505
4163,430,506
4164,430,507
4165,430,508
4166,430,509
4167,430,510
4168,430,511
4169,430,512
4170,430,513
4171,430,514
4172,430,515
4173,430,516
4174,430,517
4175,430,518
4176,430,519
4177,430,520
4178,430,521
4179,430,522
4180,430,523
4181,430,524
4182,430,525
4183,430,526
4184,430,527
4185,430,528
4186,430,529
4187,430,530
4188,430,531
4189,430,532
4190,430,533
4191,430,534
4192,430,535
4193,430,536
4194,430,537
4195,430,538
4196,430,539
4197,430,540
4198,430,541
4199,430,542
4200,430,543
4201,430,544
4202,430,545
4203,430,546
4204,430,547
4205,430,548
4206,430,549
4207,430,550
4208,430,551
4209,430,552
4210,430,553
4211,430,554
4212,430,555
4213,430,556
4214,430,557
4215,430,558
4216,430,559
4217,430,560
4218,430,561
4219,430,562
4220,430,563
4221,430,564
4222,430,565
4223,430,566
4224,430,567
4225,430,568
4226,430,569
4227,430,570
4228,430,571
4229,430,572
4230,430,573
4231,430,574
4232,430,575
4233,430,576
4234,430,577
4235,430,578
4236,430,579
4237,430,580
4238,430,581
4239,430,582
4240,431,469
4241,431,470
4242,431,471
4243,431,472
4244,431,473
4245,431,474
4246,431,475
4247,431,476
4248,431,477
4249,431,478
4250,431,479
4251,431,480
4252,431,481
4253,431,482
4254,431,483
4255,431,484
4256,431,485
4257,431,486
4258,431,487
4259,431,488
4260,431,489
4261,431,490
4262,431,491
4263,431,492
4264,431,493
4265,431,494
4266,431,495
4267,431,496
4268,431,497
4269,431,498
4270,431,499
4271,431,500
4272,431,501
4273,431,502
4274,431,503
4275,431,504
4276,431,505
4277,431,506
4278,431,507
4279,431,508
4280,431,509
4281,431,510
4282,431,511
4283,431,512
4284,431,513
4285,431,514
4286,431,515
4287,431,516
4288,431,517
4289,431,518
4290,431,519
4291,431,520
4292,431,521
4293,431,522
4294,431,523
4295,431,524
4296,431,525
4297,431,526
4298,431,527
4299,431,528
4300,431,529
4301,431,530
4302,431,531
4303,431,532
4304,431,533
4305,431,534
4306,431,535
4307,431,536
4308,431,537
4309,431,538
4310,431,539
4311,431,540
4312,431,541
4313,431,542
4314,431,543
4315,431,544
4316,431,545
4317,431,546
4318,431,547
4319,431,548
4320,431,549
4321,431,550
4322,431,551
4323,431,552
4324,431,553
4325,431,554
4326,431,555
4327,431,556
4328,431,557
4329,431,558
4330,431,559
4331,431,560
4332,431,561
4333,431,562
4334,431,563
4335,431,564
4336,431,565
4337,431,566
4338,431,567
4339,431,568
4340,431,569
4341,431,570
4342,431,571
4343,431,572
4344,431,573
4345,431,574
4346,431,575
4347,431,576
4348,431,577
4349,431,578
4350,431,579
4351,431,580
4352,431,581
4353,431,582
4354,432,468
4355,432,469
4356,432,470
4357,432,471
4358,432,472
4359,432,473
4360,432,474
4361,432,475
4362,432,476
4363,432,477
4364,432,478
4365,432,479
4366,432,480
4367,432,481
4368,432,482
4369,432,483
4370,432,484
4371,432,485
4372,432,486
4373,432,487
4374,432,488
4375,432,489
4376,432,490
4377,432,491
4378,432,492
4379,432,493
4380,432,494
4381,432,495
4382,432,496
4383,432,497
4384,432,498
4385,432,499
4386,432,500
4387,432,501
4388,432,502
4389,432,503
4390,432,504
4391,432,505
4392,432,506
4393,432,507
4394,432,508
4395,432,509
4396,432,510
4397,432,511
4398,432,512
4399,432,513
4400,432,514
4401,432,515
4402,432,516
4403,432,517
4404,432,518
4405,432,519
4406,432,520
4407,432,521
4408,432,522
4409,432,523
4410,432,524
4411,432,525
4412,432,526
4413,432,527
4414,432,528
4415,432,529
4416,432,530
4417,432,531
4418,432,532
4419,432,533
4420,432,534
4421,432,535
4422,432,536
4423,432,537
4424,432,538
4425,432,539
4426,432,540
4427,432,541
4428,432,542
4429,432,543
4430,432,544
4431,432,545
4432,432,546
4433,432,547
4434,432,548
4435,432,549
4436,432,550
4437,432,551
4438,432,552
4439,432,553
4440,432,554
4441,432,555
4442,432,556
4443,432,557
4444,432,558
4445,432,559
4446,432,560
4447,432,561
4448,432,562
4449,432,563
4450,432,564
4451,432,565
4452,432,566
4453,432,567
4454,432,568
4455,432,569
4456,432,570
4457,432,571
4458,432,572
4459,432,573
4460,432,574
4461,432,575
4462,432,576
4463,432,577
4464,432,578
4465,432,579
4466,432,580
4467,432,581
4468,432,582
4469,433,468
4470,433,469
4471,433,470
4472,433,471
4473,433,472
4474,433,473
4475,433,474
4476,433,475
4477,433,476
4478,433,477
4479,433,478
4480,433,479
4481,433,480
4482,433,481
4483,433,482
4484,433,483
4485,433,484
4486,433,485
4487,433,486
4488,433,487
4489,433,488
4490,433,489
4491,433,490
4492,433,491
4493,433,492
4494,433,493
4495,433,494
4496,433,495
4497,433,496
4498,433,497
4499,433,498
4500,433,499
4501,433,500
4502,433,501
4503,433,502
4504,433,503
4505,433,504
4506,433,505
4507,433,506
4508,433,507
4509,433,508
4510,433,509
4511,433,510
4512,433,511
4513,433,512
4514,433,513
4515,433,514
4516,433,515
4517,433,516
4518,433,517
4519,433,518
4520,433,519
4521,433,520
4522,433,521
4523,433,522
4524,433,523
4525,433,524
4526,433,525
4527,433,526
4528,433,527
4529,433,528
4530,433,529
4531,433,530
4532,433,531
4533,433,532
4534,433,533
4535,433,534
4536,433,535
4537,433,536
4538,433,537
4539,433,538
4540,433,539
4541,433,540
4542,433,541
4543,433,542
4544,433,543
4545,433,544
4546,433,545
4547,433,546
4548,433,547
4549,433,548
4550,433,549
4551,433,550
4552,433,551
4553,433,552
4554,433,553
4555,433,554
4556,433,555
4557,433,556
4558,433,557
4559,433,558
4560,433,559
4561,433,560
4562,433,561
4563,433,562
4564,433,563
4565,433,564
4566,433,565
4567,433,566
4568,433,567
4569,433,568
4570,433,569
4571,433,570
4572,433,571
4573,433,572
4574,433,573
4575,433,574
4576,433,575
4577,433,576
4578,433,577
4579,433,578
4580,433,579
4581,433,580
4582,433,581
4583,433,582
4584,434,468
4585,434,469
4586,434,470
4587,434,471
4588,434,472
4589,434,473
4590,434,474
4591,434,475
4592,434,476
4593,434,477
4594,434,478
4595,434,479
4596,434,480
4597,434,481
4598,434,482
4599,434,483
4600,434,484
4601,434,485
4602,434,486
4603,434,487
4604,434,488
4605,434,489
4606,434,490
4607,434,491
4608,434,492
4609,434,493
4610,434,494
4611,434,495
4612,434,496
4613,434,497
4614,434,498
4615,434,499
4616,434,500
4617,434,501
4618,434,502
4619,434,503
4620,434,504
4621,434,505
4622,434,506
4623,434,507
4624,434,508
4625,434,509
4626,434,510
4627,434,511
4628,434,512
4629,434,513
4630,434,514
4631,434,515
4632,434,516
4633,434,517
4634,434,518
4635,434,519
4636,434,520
4637,434,521
4638,434,522
4639,434,523
4640,434,524
4641,434,525
4642,434,526
4643,434,527
4644,434,528
4645,434,529
4646,434,530
4647,434,531
4648,434,532
4649,434,533
4650,434,534
4651,434,535
4652,434,536
4653,434,537
4654,434,538
4655,434,539
4656,434,540
4657,434,541
4658,434,542
4659,434,543
4660,434,544
4661,434,545
4662,434,546
4663,434,547
4664,434,548
4665,434,549
4666,434,550
4667,434,551
4668,434,552
4669,434,553
4670,434,554
4671,434,555
4672,434,556
4673,434,557
4674,434,558
4675,434,559
4676,434,560
4677,434,561
4678,434,562
4679,434,563
4680,434,564
4681,434,565
4682,434,566
4683,434,567
4684,434,568
4685,434,569
4686,434,570
4687,434,571
4688,434,572
4689,434,573
4690,434,574
4691,434,575
4692,434,576
4693,434,577
4694,434,578
4695,434,579
4696,434,580
4697,434,581
4698,434,582
4699,435,467
4700,435,468
4701,435,469
4702,435,470
4703,435,471
4704,435,472
4705,435,473
4706,435,474
4707,435,475
4708,435,476
4709,435,477
4710,435,478
4711,435,479
4712,435,480
4713,435,481
4714,435,482
4715,435,483
4716,435,484
4717,435,485
4718,435,486
4719,435,487
4720,435,488
4721,435,489
4722,435,490
4723,435,491
4724,435,492
4725,435,493
4726,435,494
4727,435,495
4728,435,496
4729,435,497
4730,435,498
4731,435,499
4732,435,500
4733,435,501
4734,435,502
4735,435,503
4736,435,504
4737,435,505
4738,435,506
4739,435,507
4740,435,508
4741,435,509
4742,435,510
4743,435,511
4744,435,512
4745,435,513
4746,435,514
4747,435,515
4748,435,516
4749,435,517
4750,435,518
4751,435,519
4752,435,520
4753,435,521
4754,435,522
4755,435,523
4756,435,524
4757,435,525
4758,435,526
4759,435,527
4760,435,528
4761,435,529
4762,435,530
4763,435,531
4764,435,532
4765,435,533
4766,435,534
4767,435,535
4768,435,536
4769,435,537
4770,435,538
4771,435,539
4772,435,540
4773,435,541
4774,435,542
4775,435,543
4776,435,544
4777,435,545
4778,435,546
4779,435,547
4780,435,548
4781,435,549
4782,435,550
4783,435,551
4784,435,552
4785,435,553
4786,435,554
4787,435,555
4788,435,556
4789,435,557
4790,435,558
4791,435,559
4792,435,560
4793,435,561
4794,435,562
4795,435,563
4796,435,564
4797,435,565
4798,435,566
4799,435,567
4800,435,568
4801,435,569
4802,435,570
4803,435,571
4804,435,572
4805,435,573
4806,435,574
4807,435,575
4808,435,576
4809,435,577
4810,435,578
4811,435,579
4812,435,580
4813,435,581
4814,435,582
4815,436,467
4816,436,468
4817,436,469
4818,436,470
4819,436,471
4820,436,472
4821,436,473
4822,436,474
4823,436,475
4824,436,476
4825,436,477
4826,436,478
4827,436,479
4828,436,480
4829,436,481
4830,436,482
4831,436,483
4832,436,484
4833,436,485
4834,436,486
4835,436,487
4836,436,488
4837,436,489
4838,436,490
4839,436,491
4840,436,492
4841,436,493
4842,436,494
4843,436,495
4844,436,496
4845,436,497
4846,436,498
4847,436,499
4848,436,500
4849,436,501
4850,436,502
4851,436,503
4852,436,504
4853,436,505
4854,436,506
4855,436,507
4856,436,508
4857,436,509
4858,436,510
4859,436,511
4860,436,512
4861,436,513
4862,436,514
4863,436,515
4864,436,516
4865,436,517
4866,436,518
4867,436,519
4868,436,520
4869,436,521
4870,436,522
4871,436,523
4872,436,524
4873,436,525
4874,436,526
4875,436,527
4876,436,528
4877,436,529
4878,436,530
4879,436,531
4880,436,532
4881,436,533
4882,436,534
4883,436,535
4884,436,536
4885,436,537
4886,436,538
4887,436,539
4888,436,540
4889,436,541
4890,436,542
4891,436,543
4892,436,544
4893,436,545
4894,436,546
4895,436,547
4896,436,548
4897,436,549
4898,436,550
4899,436,551
4900,436,552
4901,436,553
4902,436,554
4903,436,555
4904,436,556
4905,436,557
4906,436,558
4907,436,559
4908,436,560
4909,436,561
4910,436,562
4911,436,563
4912,436,564
4913,436,565
4914,436,566
4915,436,567
4916,436,568
4917,436,569
4918,436,570
4919,436,571
4920,436,572
4921,436,573
4922,436,574
4923,436,575
4924,436,576
4925,436,577
4926,436,578
4927,436,579
4928,436,580
4929,436,581
4930,436,582
4931,437,467
4932,437,468
4933,437,469
4934,437,470
4935,437,471
4936,437,472
4937,437,473
4938,437,474
4939,437,475
4940,437,476
4941,437,477
4942,437,478
4943,437,479
4944,437,480
4945,437,481
4946,437,482
4947,437,483
4948,437,484
4949,437,485
4950,437,486
4951,437,487
4952,437,488
4953,437,489
4954,437,490
4955,437,491
4956,437,492
4957,437,493
4958,437,494
4959,437,495
4960,437,496
4961,437,497
4962,437,498
4963,437,499
4964,437,500
4965,437,501
4966,437,502
4967,437,503
4968,437,504
4969,437,505
4970,437,506
4971,437,507
4972,437,508
4973,437,509
4974,437,510
4975,437,511
4976,437,512
4977,437,513
4978,437,514
4979,437,515
4980,437,516
4981,437,517
4982,437,518
4983,437,519
4984,437,520
4985,437,521
4986,437,522
4987,437,523
4988,437,524
4989,437,525
4990,437,526
4991,437,527
4992,437,528
4993,437,529
4994,437,530
4995,437,531
4996,437,532
4997,437,533
4998,437,534
4999,437,535
5000,437,536
5001,437,537
5002,437,538
5003,437,539
5004,437,540
5005,437,541
5006,437,542
5007,437,543
5008,437,544
5009,437,545
5010,437,546
5011,437,547
5012,437,548
5013,437,549
5014,437,550
5015,437,551
5016,437,552
5017,437,553
5018,437,554
5019,437,555
5020,437,556
5021,437,557
5022,437,558
5023,437,559
5024,437,560
5025,437,561
5026,437,562
5027,437,563
5028,437,564
5029,437,565
5030,437,566
5031,437,567
5032,437,568
5033,437,569
5034,437,570
5035,437,571
5036,437,572
5037,437,573
5038,437,574
5039,437,575
5040,437,576
5041,437,577
5042,437,578
5043,437,579
5044,437,580
5045,437,581
5046,437,582
5047,438,467
5048,438,468
5049,438,469
5050,438,470
5051,438,471
5052,438,472
5053,438,473
5054,438,474
5055,438,475
5056,438,476
5057,438,477
5058,438,478
5059,438,479
5060,438,480
5061,438,481
5062,438,482
5063,438,483
5064,438,484
5065,438,485
5066,438,486
5067,438,487
5068,438,488
5069,438,489
5070,438,490
5071,438,491
5072,438,492
5073,438,493
5074,438,494
5075,438,495
5076,438,496
5077,438,497
5078,438,498
5079,438,499
5080,438,500
5081,438,501
5082,438,502
5083,438,503
5084,438,504
5085,438,505
5086,438,506
5087,438,507
5088,438,508
5089,438,509
5090,438,510
5091,438,511
5092,438,512
5093,438,513
5094,438,514
5095,438,515
5096,438,516
5097,438,517
5098,438,518
5099,438,519
5100,438,520
5101,438,521
5102,438,522
5103,438,523
5104,438,524
5105,438,525
5106,438,526
5107,438,527
5108,438,528
5109,438,529
5110,438,530
5111,438,531
5112,438,532
5113,438,533
5114,438,534
5115,438,535
5116,438,536
5117,438,537
5118,438,538
5119,438,539
5120,438,540
5121,438,541
5122,438,542
5123,438,543
5124,438,544
5125,438,545
5126,438,546
5127,438,547
5128,438,548
5129,438,549
5130,438,550
5131,438,551
5132,438,552
5133,438,553
5134,438,554
5135,438,555
5136,438,556
5137,438,557
5138,438,558
5139,438,559
5140,438,560
5141,438,561
5142,438,562
5143,438,563
5144,438,564
5145,438,565
5146,438,566
5147,438,567
5148,438,568
5149,438,569
5150,438,570
5151,438,571
5152,438,572
5153,438,573
5154,438,574
5155,438,575
5156,438,576
5157,438,577
5158,438,578
5159,438,579
5160,438,580
5161,438,581
5162,438,582
5163,439,467
5164,439,468
5165,439,469
5166,439,470
5167,439,471
5168,439,472
5169,439,473
5170,439,474
5171,439,475
5172,439,476
5173,439,477
5174,439,478
5175,439,479
5176,439,480
5177,439,481
5178,439,482
5179,439,483
5180,439,484
5181,439,485
5182,439,486
5183,439,487
5184,439,488
5185,439,489
5186,439,490
5187,439,491
5188,439,492
5189,439,493
5190,439,494
5191,439,495
5192,439,496
5193,439,497
5194,439,498
5195,439,499
5196,439,500
5197,439,501
5198,439,502
5199,439,503
5200,439,504
5201,439,505
5202,439,506
5203,439,507
5204,439,508
5205,439,509
5206,439,510
5207,439,511
5208,439,512
5209,439,513
5210,439,514
5211,439,515
5212,439,516
5213,439,517
5214,439,518
5215,439,519
5216,439,520
5217,439,521
5218,439,522
5219,439,523
5220,439,524
5221,439,525
5222,439,526
5223,439,527
5224,439,528
5225,439,529
5226,439,530
5227,439,531
5228,439,532
5229,439,533
5230,439,534
5231,439,535
5232,439,536
5233,439,537
5234,439,538
5235,439,539
5236,439,540
5237,439,541
5238,439,542
5239,439,543
5240,439,544
5241,439,545
5242,439,546
5243,439,547
5244,439,548
5245,439,549
5246,439,550
5247,439,551
5248,439,552
5249,439,553
5250,439,554
5251,439,555
5252,439,556
5253,439,557
5254,439,558
5255,439,559
5256,439,560
5257,439,561
5258,439,562
5259,439,563
5260,439,564
5261,439,565
5262,439,566
5263,439,567
5264,439,568
5265,439,569
5266,439,570
5267,439,571
5268,439,572
5269,439,573
5270,439,574
5271,439,575
5272,439,576
5273,439,577
5274,439,578
5275,439,579
5276,439,580
5277,439,581
5278,440,468
5279,440,469
5280,440,470
5281,440,471
5282,440,472
5283,440,473
5284,440,474
5285,440,475
5286,440,476
5287,440,477
5288,440,478
5289,440,479
5290,440,480
5291,440,481
5292,440,482
5293,440,483
5294,440,484
5295,440,485
5296,440,486
5297,440,487
5298,440,488
5299,440,489
5300,440,490
5301,440,491
5302,440,492
5303,440,493
5304,440,494
5305,440,495
5306,440,496
5307,440,497
5308,440,498
5309,440,499
5310,440,500
5311,440,501
5312,440,502
5313,440,503
5314,440,504
5315,440,505
5316,440,506
5317,440,507
5318,440,508
5319,440,509
5320,440,510
5321,440,511
5322,440,512
5323,440,513
5324,440,514
5325,440,515
5326,440,516
5327,440,517
5328,440,518
5329,440,519
5330,440,520
5331,440,521
5332,440,522
5333,440,523
5334,440,524
5335,440,525
5336,440,526
5337,440,527
5338,440,528
5339,440,529
5340,440,530
5341,440,531
5342,440,532
5343,440,533
5344,440,534
5345,440,535
5346,440,536
5347,440,537
5348,440,538
5349,440,539
5350,440,540
5351,440,541
5352,440,542
5353,440,543
5354,440,544
5355,440,545
5356,440,546
5357,440,547
5358,440,548
5359,440,549
5360,440,550
5361,440,551
5362,440,552
5363,440,553
5364,440,554
5365,440,555
5366,440,556
5367,440,557
5368,440,558
5369,440,559
5370,440,560
5371,440,561
5372,440,562
5373,440,563
5374,440,564
5375,440,565
5376,440,566
5377,440,567
5378,440,568
5379,440,569
5380,440,570
5381,440,571
5382,440,572
5383,440,573
5384,440,574
5385,440,575
5386,440,576
5387,440,577
5388,440,578
5389,440,579
5390,440,580
5391,440,581
5392,441,468
5393,441,469
5394,441,470
5395,441,471
5396,441,472
5397,441,473
5398,441,474
5399,441,475
5400,441,476
5401,441,477
5402,441,478
5403,441,479
5404,441,480
5405,441,481
5406,441,482
5407,441,483
5408,441,484
5409,441,485
5410,441,486
5411,441,487
5412,441,488
5413,441,489
5414,441,490
5415,441,491
5416,441,492
5417,441,493
5418,441,494
5419,441,495
5420,441,496
5421,441,497
5422,441,498
5423,441,499
5424,441,500
5425,441,501
5426,441,502
5427,441,503
5428,441,504
5429,441,505
5430,441,506
5431,441,507
5432,441,508
5433,441,509
5434,441,510
5435,441,511
5436,441,512
5437,441,513
5438,441,514
5439,441,515
5440,441,516
5441,441,517
5442,441,518
5443,441,519
5444,441,520
5445,441,521
5446,441,522
5447,441,523
5448,441,524
5449,441,525
5450,441,526
5451,441,527
5452,441,528
5453,441,529
5454,441,530
5455,441,531
5456,441,532
5457,441,533
5458,441,534
5459,441,535
5460,441,536
5461,441,537
5462,441,538
5463,441,539
5464,441,540
5465,441,541
5466,441,542
5467,441,543
5468,441,544
5469,441,545
5470,441,546
5471,441,547
5472,441,548
5473,441,549
5474,441,550
5475,441,551
5476,441,552
5477,441,553
5478,441,554
5479,441,555
5480,441,556
5481,441,557
5482,441,558
5483,441,559
5484,441,560
5485,441,561
5486,441,562
5487,441,563
5488,441,564
5489,441,565
5490,441,566
5491,441,567
5492,441,568
5493,441,569
5494,441,570
5495,441,571
5496,441,572
5497,441,573
5498,441,574
5499,441,575
5500,441,576
5501,441,577
5502,441,578
5503,441,579
5504,441,580
5505,441,581
5506,442,468
5507,442,469
5508,442,470
5509,442,471
5510,442,472
5511,442,473
5512,442,474
5513,442,475
5514,442,476
5515,442,477
5516,442,478
5517,442,479
5518,442,480
5519,442,481
5520,442,482
5521,442,483
5522,442,484
5523,442,485
5524,442,486
5525,442,487
5526,442,488
5527,442,489
5528,442,490
5529,442,491
5530,442,492
5531,442,493
5532,442,494
5533,442,495
5534,442,496
5535,442,497
5536,442,498
5537,442,499
5538,442,500
5539,442,501
5540,442,502
5541,442,503
5542,442,504
5543,442,505
5544,442,506
5545,442,507
5546,442,508
5547,442,509
5548,442,510
5549,442,511
5550,442,512
5551,442,513
5552,442,514
5553,442,515
5554,442,516
5555,442,517
5556,442,518
5557,442,519
5558,442,520
5559,442,521
5560,442,522
5561,442,523
5562,442,524
5563,442,525
5564,442,526
5565,442,527
5566,442,528
5567,442,529
5568,442,530
5569,442,531
5570,442,532
5571,442,533
5572,442,534
5573,442,535
5574,442,536
5575,442,537
5576,442,538
5577,442,539
5578,442,540
5579,442,541
5580,442,542
5581,442,543
5582,442,544
5583,442,545
5584,442,546
5585,442,547
5586,442,548
5587,442,549
5588,442,550
5589,442,551
5590,442,552
5591,442,553
5592,442,554
5593,442,555
5594,442,556
5595,442,557
5596,442,558
5597,442,559
5598,442,560
5599,442,561
5600,442,562
5601,442,563
5602,442,564
5603,442,565
5604,442,566
5605,442,567
5606,442,568
5607,442,569
5608,442,570
5609,442,571
5610,442,572
5611,442,573
5612,442,574
5613,442,575
5614,442,576
5615,442,577
5616,442,578
5617,442,579
5618,442,580
5619,442,581
5620,443,469
5621,443,470
5622,443,471
5623,443,472
5624,443,473
5625,443,474
5626,443,475
5627,443,476
5628,443,477
5629,443,478
5630,443,479
5631,443,480
5632,443,481
5633,443,482
5634,443,483
5635,443,484
5636,443,485
5637,443,486
5638,443,487
5639,443,488
5640,443,489
5641,443,490
5642,443,491
5643,443,492
5644,443,493
5645,443,494
5646,443,495
5647,443,496
5648,443,497
5649,443,498
5650,443,499
5651,443,500
5652,443,501
5653,443,502
5654,443,503
5655,443,504
5656,443,505
5657,443,506
5658,443,507
5659,443,508
5660,443,509
5661,443,510
5662,443,511
5663,443,512
5664,443,513
5665,443,514
5666,443,515
5667,443,516
5668,443,517
5669,443,518
5670,443,519
5671,443,520
5672,443,521
5673,443,522
5674,443,523
5675,443,524
5676,443,525
5677,443,526
5678,443,527
5679,443,528
5680,443,529
5681,443,530
5682,443,531
5683,443,532
5684,443,533
5685,443,534
5686,443,535
5687,443,536
5688,443,537
5689,443,538
5690,443,539
5691,443,540
5692,443,541
5693,443,542
5694,443,543
5695,443,544
5696,443,545
5697,443,546
5698,443,547
5699,443,548
5700,443,549
5701,443,550
5702,443,551
5703,443,552
5704,443,553
5705,443,554
5706,443,555
5707,443,556
5708,443,557
5709,443,558
5710,443,559
5711,443,560
5712,443,561
5713,443,562
5714,443,563
5715,443,564
5716,443,565
5717,443,566
5718,443,567
5719,443,568
5720,443,569
5721,443,570
5722,443,571
5723,443,572
5724,443,573
5725,443,574
5726,443,575
5727,443,576
5728,443,577
5729,443,578
5730,443,579
5731,443,580
5732,443,581
5733,444,469
5734,444,470
5735,444,471
5736,444,472
5737,444,473
5738,444,474
5739,444,475
5740,444,476
5741,444,477
5742,444,478
5743,444,479
5744,444,480
5745,444,481
5746,444,482
5747,444,483
5748,444,484
5749,444,485
5750,444,486
5751,444,487
5752,444,488
5753,444,489
5754,444,490
5755,444,491
5756,444,492
5757,444,493
5758,444,494
5759,444,495
5760,444,496
5761,444,497
5762,444,498
5763,444,499
5764,444,500
5765,444,501
5766,444,502
5767,444,503
5768,444,504
5769,444,505
5770,444,506
5771,444,507
5772,444,508
5773,444,509
5774,444,510
5775,444,511
5776,444,512
5777,444,513
5778,444,514
5779,444,515
5780,444,516
5781,444,517
5782,444,518
5783,444,519
5784,444,520
5785,444,521
5786,444,522
5787,444,523
5788,444,524
5789,444,525
5790,444,526
5791,444,527
5792,444,528
5793,444,529
5794,444,530
5795,444,531
5796,444,532
5797,444,533
5798,444,534
5799,444,535
5800,444,536
5801,444,537
5802,444,538
5803,444,539
5804,444,540
5805,444,541
5806,444,542
5807,444,543
5808,444,544
5809,444,545
5810,444,546
5811,444,547
5812,444,548
5813,444,549
5814,444,550
5815,444,551
5816,444,552
5817,444,553
5818,444,554
5819,444,555
5820,444,556
5821,444,557
5822,444,558
5823,444,559
5824,444,560
5825,444,561
5826,444,562
5827,444,563
5828,444,564
5829,444,565
5830,444,566
5831,444,567
5832,444,568
5833,444,569
5834,444,570
5835,444,571
5836,444,572
5837,444,573
5838,444,574
5839,444,575
5840,444,576
5841,444,577
5842,444,578
5843,444,579
5844,444,580
5845,444,581
5846,445,469
5847,445,470
5848,445,471
5849,445,472
5850,445,473
5851,445,474
5852,445,475
5853,445,476
5854,445,477
5855,445,478
5856,445,479
5857,445,480
5858,445,481
5859,445,482
5860,445,483
5861,445,484
5862,445,485
5863,445,486
5864,445,487
5865,445,488
5866,445,489
5867,445,490
5868,445,491
5869,445,492
5870,445,493
5871,445,494
5872,445,495
5873,445,496
5874,445,497
5875,445,498
5876,445,499
5877,445,500
5878,445,501
5879,445,502
5880,445,503
5881,445,504
5882,445,505
5883,445,506
5884,445,507
5885,445,508
5886,445,509
5887,445,510
5888,445,511
5889,445,512
5890,445,513
5891,445,514
5892,445,515
5893,445,516
5894,445,517
5895,445,518
5896,445,519
5897,445,520
5898,445,521
5899,445,522
5900,445,523
5901,445,524
5902,445,525
5903,445,526
5904,445,527
5905,445,528
5906,445,529
5907,445,530
5908,445,531
5909,445,532
5910,445,533
5911,445,534
5912,445,535
5913,445,536
5914,445,537
5915,445,538
5916,445,539
5917,445,540
5918,445,541
5919,445,542
5920,445,543
5921,445,544
5922,445,545
5923,445,546
5924,445,547
5925,445,548
5926,445,549
5927,445,550
5928,445,551
5929,445,552
5930,445,553
5931,445,554
5932,445,555
5933,445,556
5934,445,557
5935,445,558
5936,445,559
5937,445,560
5938,445,561
5939,445,562
5940,445,563
5941,445,564
5942,445,565
5943,445,566
5944,445,567
5945,445,568
5946,445,569
5947,445,570
5948,445,571
5949,445,572
5950,445,573
5951,445,574
5952,445,575
5953,445,576
5954,445,577
5955,445,578
5956,445,579
5957,445,580
5958,446,470
5959,446,471
5960,446,472
5961,446,473
5962,446,474
5963,446,475
5964,446,476
5965,446,477
5966,446,478
5967,446,479
5968,446,480
5969,446,481
5970,446,482
5971,446,483
5972,446,484
5973,446,485
5974,446,486
5975,446,487
5976,446,488
5977,446,489
5978,446,490
5979,446,491
5980,446,492
5981,446,493
5982,446,494
5983,446,495
5984,446,496
5985,446,497
5986,446,498
5987,446,499
5988,446,500
5989,446,501
5990,446,502
5991,446,503
5992,446,504
5993,446,505
5994,446,506
5995,446,507
5996,446,508
5997,446,509
5998,446,510
5999,446,511
6000,446,512
6001,446,513
6002,446,514
6003,446,515
6004,446,516
6005,446,517
6006,446,518
6007,446,519
6008,446,520
6009,446,521
6010,446,522
6011,446,523
6012,446,524
6013,446,525
6014,446,526
6015,446,527
6016,446,528
6017,446,529
6018,446,530
6019,446,531
6020,446,532
6021,446,533
6022,446,534
6023,446,535
6024,446,536
6025,446,537
6026,446,538
6027,446,539
6028,446,540
6029,446,541
6030,446,542
6031,446,543
6032,446,544
6033,446,545
6034,446,546
6035,446,547
6036,446,548
6037,446,549
6038,446,550
6039,446,551
6040,446,552
6041,446,553
6042,446,554
6043,446,555
6044,446,556
6045,446,557
6046,446,558
6047,446,559
6048,446,560
6049,446,561
6050,446,562
6051,446,563
6052,446,564
6053,446,565
6054,446,566
6055,446,567
6056,446,568
6057,446,569
6058,446,570
6059,446,571
6060,446,572
6061,446,573
6062,446,574
6063,446,575
6064,446,576
6065,446,577
6066,446,578
6067,446,579
6068,446,580
6069,447,470
6070,447,471
6071,447,472
6072,447,473
6073,447,474
6074,447,475
6075,447,476
6076,447,477
6077,447,478
6078,447,479
6079,447,480
6080,447,481
6081,447,482
6082,447,483
6083,447,484
6084,447,485
6085,447,486
6086,447,487
6087,447,488
6088,447,489
6089,447,490
6090,447,491
6091,447,492
6092,447,493
6093,447,494
6094,447,495
6095,447,496
6096,447,497
6097,447,498
6098,447,499
6099,447,500
6100,447,501
6101,447,502
6102,447,503
6103,447,504
6104,447,505
6105,447,506
6106,447,507
6107,447,508
6108,447,509
6109,447,510
6110,447,511
6111,447,512
6112,447,513
6113,447,514
6114,447,515
6115,447,516
6116,447,517
6117,447,518
6118,447,519
6119,447,520
6120,447,521
6121,447,522
6122,447,523
6123,447,524
6124,447,525
6125,447,526
6126,447,527
6127,447,528
6128,447,529
6129,447,530
6130,447,531
6131,447,532
6132,447,533
6133,447,534
6134,447,535
6135,447,536
6136,447,537
6137,447,538
6138,447,539
6139,447,540
6140,447,541
6141,447,542
6142,447,543
6143,447,544
6144,447,545
6145,447,546
6146,447,547
6147,447,548
6148,447,549
6149,447,550
6150,447,551
6151,447,552
6152,447,553
6153,447,554
6154,447,555
6155,447,556
6156,447,557
6157,447,558
6158,447,559
6159,447,560
6160,447,561
6161,447,562
6162,447,563
6163,447,564
6164,447,565
6165,447,566
6166,447,567
6167,447,568
6168,447,569
6169,447,570
6170,447,571
6171,447,572
6172,447,573
6173,447,574
6174,447,575
6175,447,576
6176,447,577
6177,447,578
6178,447,579
6179,447,580
6180,448,470
6181,448,471
6182,448,472
6183,448,473
6184,448,474
6185,448,475
6186,448,476
6187,448,477
6188,448,478
6189,448,479
6190,448,480
6191,448,481
6192,448,482
6193,448,483
6194,448,484
6195,448,485
6196,448,486
6197,448,487
6198,448,488
6199,448,489
6200,448,490
6201,448,491
6202,448,492
6203,448,493
6204,448,494
6205,448,495
6206,448,496
6207,448,497
6208,448,498
6209,448,499
6210,448,500
6211,448,501
6212,448,502
6213,448,503
6214,448,504
6215,448,505
6216,448,506
6217,448,507
6218,448,508
6219,448,509
6220,448,510
6221,448,511
6222,448,512
6223,448,513
6224,448,514
6225,448,515
6226,448,516
6227,448,517
6228,448,518
6229,448,519
6230,448,520
6231,448,521
6232,448,522
6233,448,523
6234,448,524
6235,448,525
6236,448,526
6237,448,527
6238,448,528
6239,448,529
6240,448,530
6241,448,531
6242,448,532
6243,448,533
6244,448,534
6245,448,535
6246,448,536
6247,448,537
6248,448,538
6249,448,539
6250,448,540
6251,448,541
6252,448,542
6253,448,543
6254,448,544
6255,448,545
6256,448,546
6257,448,547
6258,448,548
6259,448,549
6260,448,550
6261,448,551
6262,448,552
6263,448,553
6264,448,554
6265,448,555
6266,448,556
6267,448,557
6268,448,558
6269,448,559
6270,448,560
6271,448,561
6272,448,562
6273,448,563
6274,448,564
6275,448,565
6276,448,566
6277,448,567
6278,448,568
6279,448,569
6280,448,570
6281,448,571
6282,448,572
6283,448,573
6284,448,574
6285,448,575
6286,448,576
6287,448,577
6288,448,578
6289,448,579
6290,448,580
6291,449,471
6292,449,472
6293,449,473
6294,449,474
6295,449,475
6296,449,476
6297,449,477
6298,449,478
6299,449,479
6300,449,480
6301,449,481
6302,449,482
6303,449,483
6304,449,484
6305,449,485
6306,449,486
6307,449,487
6308,449,488
6309,449,489
6310,449,490
6311,449,491
6312,449,492
6313,449,493
6314,449,494
6315,449,495
6316,449,496
6317,449,497
6318,449,498
6319,449,499
6320,449,500
6321,449,501
6322,449,502
6323,449,503
6324,449,504
6325,449,505
6326,449,506
6327,449,507
6328,449,508
6329,449,509
6330,449,510
6331,449,511
6332,449,512
6333,449,513
6334,449,514
6335,449,515
6336,449,516
6337,449,517
6338,449,518
6339,449,519
6340,449,520
6341,449,521
6342,449,522
6343,449,523
6344,449,524
6345,449,525
6346,449,526
6347,449,527
6348,449,528
6349,449,529
6350,449,530
6351,449,531
6352,449,532
6353,449,533
6354,449,534
6355,449,535
6356,449,536
6357,449,537
6358,449,538
6359,449,539
6360,449,540
6361,449,541
6362,449,542
6363,449,543
6364,449,544
6365,449,545
6366,449,546
6367,449,547
6368,449,548
6369,449,549
6370,449,550
6371,449,551
6372,449,552
6373,449,553
6374,449,554
6375,449,555
6376,449,556
6377,449,557
6378,449,558
6379,449,559
6380,449,560
6381,449,561
6382,449,562
6383,449,563
6384,449,564
6385,449,565
6386,449,566
6387,449,567
6388,449,568
6389,449,569
6390,449,570
6391,449,571
6392,449,572
6393,449,573
6394,449,574
6395,449,575
6396,449,576
6397,449,577
6398,449,578
6399,449,579
6400,449,580
6401,450,471
6402,450,472
6403,450,473
6404,450,474
6405,450,475
6406,450,476
6407,450,477
6408,450,478
6409,450,479
6410,450,480
6411,450,481
6412,450,482
6413,450,483
6414,450,484
6415,450,485
6416,450,486
6417,450,487
6418,450,488
6419,450,489
6420,450,490
6421,450,491
6422,450,492
6423,450,493
6424,450,494
6425,450,495
6426,450,496
6427,450,497
6428,450,498
6429,450,499
6430,450,500
6431,450,501
6432,450,502
6433,450,503
6434,450,504
6435,450,505
6436,450,506
6437,450,507
6438,450,508
6439,450,509
6440,450,510
6441,450,511
6442,450,512
6443,450,513
6444,450,514
6445,450,515
6446,450,516
6447,450,517
6448,450,518
6449,450,519
6450,450,520
6451,450,521
6452,450,522
6453,450,523
6454,450,524
6455,450,525
6456,450,526
6457,450,527
6458,450,528
6459,450,529
6460,450,530
6461,450,531
6462,450,532
6463,450,533
6464,450,534
6465,450,535
6466,450,536
6467,450,537
6468,450,538
6469,450,539
6470,450,540
6471,450,541
6472,450,542
6473,450,543
6474,450,544
6475,450,545
6476,450,546
6477,450,547
6478,450,548
6479,450,549
6480,450,550
6481,450,551
6482,450,552
6483,450,553
6484,450,554
6485,450,555
6486,450,556
6487,450,557
6488,450,558
6489,450,559
6490,450,560
6491,450,561
6492,450,562
6493,450,563
6494,450,564
6495,450,565
6496,450,566
6497,450,567
6498,450,568
6499,450,569
6500,450,570
6501,450,571
6502,450,572
6503,450,573
6504,450,574
6505,450,575
6506,450,576
6507,450,577
6508,450,578
6509,450,579
6510,451,472
6511,451,473
6512,451,474
6513,451,475
6514,451,476
6515,451,477
6516,451,478
6517,451,479
6518,451,480
6519,451,481
6520,451,482
6521,451,483
6522,451,484
6523,451,485
6524,451,486
6525,451,487
6526,451,488
6527,451,489
6528,451,490
6529,451,491
6530,451,492
6531,451,493
6532,451,494
6533,451,495
6534,451,496
6535,451,497
6536,451,498
6537,451,499
6538,451,500
6539,451,501
6540,451,502
6541,451,503
6542,451,504
6543,451,505
6544,451,506
6545,451,507
6546,451,508
6547,451,509
6548,451,510
6549,451,511
6550,451,512
6551,451,513
6552,451,514
6553,451,515
6554,451,516
6555,451,517
6556,451,518
6557,451,519
6558,451,520
6559,451,521
6560,451,522
6561,451,523
6562,451,524
6563,451,525
6564,451,526
6565,451,527
6566,451,528
6567,451,529
6568,451,530
6569,451,531
6570,451,532
6571,451,533
6572,451,534
6573,451,535
6574,451,536
6575,451,537
6576,451,538
6577,451,539
6578,451,540
6579,451,541
6580,451,542
6581,451,543
6582,451,544
6583,451,545
6584,451,546
6585,451,547
6586,451,548
6587,451,549
6588,451,550
6589,451,551
6590,451,552
6591,451,553
6592,451,554
6593,451,555
6594,451,556
6595,451,557
6596,451,558
6597,451,559
6598,451,560
6599,451,561
6600,451,562
6601,451,563
6602,451,564
6603,451,565
6604,451,566
6605,451,567
6606,451,568
6607,451,569
6608,451,570
6609,451,571
6610,451,572
6611,451,573
6612,451,574
6613,451,575
6614,451,576
6615,451,577
6616,451,578
6617,451,579
6618,452,472
6619,452,473
6620,452,474
6621,452,475
6622,452,476
6623,452,477
6624,452,478
6625,452,479
6626,452,480
6627,452,481
6628,452,482
6629,452,483
6630,452,484
6631,452,485
6632,452,486
6633,452,487
6634,452,488
6635,452,489
6636,452,490
6637,452,491
6638,452,492
6639,452,493
6640,452,494
6641,452,495
6642,452,496
6643,452,497
6644,452,498
6645,452,499
6646,452,500
6647,452,501
6648,452,502
6649,452,503
6650,452,504
6651,452,505
6652,452,506
6653,452,507
6654,452,508
6655,452,509
6656,452,510
6657,452,511
6658,452,512
6659,452,513
6660,452,514
6661,452,515
6662,452,516
6663,452,517
6664,452,518
6665,452,519
6666,452,520
6667,452,521
6668,452,522
6669,452,523
6670,452,524
6671,452,525
6672,452,526
6673,452,527
6674,452,528
6675,452,529
6676,452,530
6677,452,531
6678,452,532
6679,452,533
6680,452,534
6681,452,535
6682,452,536
6683,452,537
6684,452,538
6685,452,539
6686,452,540
6687,452,541
6688,452,542
6689,452,543
6690,452,544
6691,452,545
6692,452,546
6693,452,547
6694,452,548
6695,452,549
6696,452,550
6697,452,551
6698,452,552
6699,452,553
6700,452,554
6701,452,555
6702,452,556
6703,452,557
6704,452,558
6705,452,559
6706,452,560
6707,452,561
6708,452,562
6709,452,563
6710,452,564
6711,452,565
6712,452,566
6713,452,567
6714,452,568
6715,452,569
6716,452,570
6717,452,571
6718,452,572
6719,452,573
6720,452,574
6721,452,575
6722,452,576
6723,452,577
6724,452,578
6725,453,473
6726,453,474
6727,453,475
6728,453,476
6729,453,477
6730,453,478
6731,453,479
6732,453,480
6733,453,481
6734,453,482
6735,453,483
6736,453,484
6737,453,485
6738,453,486
6739,453,487
6740,453,488
6741,453,489
6742,453,490
6743,453,491
6744,453,492
6745,453,493
6746,453,494
6747,453,495
6748,453,496
6749,453,497
6750,453,498
6751,453,499
6752,453,500
6753,453,501
6754,453,502
6755,453,503
6756,453,504
6757,453,505
6758,453,506
6759,453,507
6760,453,508
6761,453,509
6762,453,510
6763,453,511
6764,453,512
6765,453,513
6766,453,514
6767,453,515
6768,453,516
6769,453,517
6770,453,518
6771,453,519
6772,453,520
6773,453,521
6774,453,522
6775,453,523
6776,453,524
6777,453,525
6778,453,526
6779,453,527
6780,453,528
6781,453,529
6782,453,530
6783,453,531
6784,453,532
6785,453,533
6786,453,534
6787,453,535
6788,453,536
6789,453,537
6790,453,538
6791,453,539
6792,453,540
6793,453,541
6794,453,542
6795,453,543
6796,453,544
6797,453,545
6798,453,546
6799,453,547
6800,453,548
6801,453,549
6802,453,550
6803,453,551
6804,453,552
6805,453,553
6806,453,554
6807,453,555
6808,453,556
6809,453,557
6810,453,558
6811,453,559
6812,453,560
6813,453,561
6814,453,562
6815,453,563
6816,453,564
6817,453,565
6818,453,566
6819,453,567
6820,453,568
6821,453,569
6822,453,570
6823,453,571
6824,453,572
6825,453,573
6826,453,574
6827,453,575
6828,453,576
6829,453,577
6830,453,578
6831,454,473
6832,454,474
6833,454,475
6834,454,476
6835,454,477
6836,454,478
6837,454,479
6838,454,480
6839,454,481
6840,454,482
6841,454,483
6842,454,484
6843,454,485
6844,454,486
6845,454,487
6846,454,488
6847,454,489
6848,454,490
6849,454,491
6850,454,492
6851,454,493
6852,454,494
6853,454,495
6854,454,496
6855,454,497
6856,454,498
6857,454,499
6858,454,500
6859,454,501
6860,454,502
6861,454,503
6862,454,504
6863,454,505
6864,454,506
6865,454,507
6866,454,508
6867,454,509
6868,454,510
6869,454,511
6870,454,512
6871,454,513
6872,454,514
6873,454,515
6874,454,516
6875,454,517
6876,454,518
6877,454,519
6878,454,520
6879,454,521
6880,454,522
6881,454,523
6882,454,524
6883,454,525
6884,454,526
6885,454,527
6886,454,528
6887,454,529
6888,454,530
6889,454,531
6890,454,532
6891,454,533
6892,454,534
6893,454,535
6894,454,536
6895,454,537
6896,454,538
6897,454,539
6898,454,540
6899,454,541
6900,454,542
6901,454,543
6902,454,544
6903,454,545
6904,454,546
6905,454,547
6906,454,548
6907,454,549
6908,454,550
6909,454,551
6910,454,552
6911,454,553
6912,454,554
6913,454,555
6914,454,556
6915,454,557
6916,454,558
6917,454,559
6918,454,560
6919,454,561
6920,454,562
6921,454,563
6922,454,564
6923,454,565
6924,454,566
6925,454,567
6926,454,568
6927,454,569
6928,454,570
6929,454,571
6930,454,572
6931,454,573
6932,454,574
6933,454,575
6934,454,576
6935,454,577
6936,455,474
6937,455,475
6938,455,476
6939,455,477
6940,455,478
6941,455,479
6942,455,480
6943,455,481
6944,455,482
6945,455,483
6946,455,484
6947,455,485
6948,455,486
6949,455,487
6950,455,488
6951,455,489
6952,455,490
6953,455,491
6954,455,492
6955,455,493
6956,455,494
6957,455,495
6958,455,496
6959,455,497
6960,455,498
6961,455,499
6962,455,500
6963,455,501
6964,455,502
6965,455,503
6966,455,504
6967,455,505
6968,455,506
6969,455,507
6970,455,508
6971,455,509
6972,455,510
6973,455,511
6974,455,512
6975,455,513
6976,455,514
6977,455,515
6978,455,516
6979,455,517
6980,455,518
6981,455,519
6982,455,520
6983,455,521
6984,455,522
6985,455,523
6986,455,524
6987,455,525
6988,455,526
6989,455,527
6990,455,528
6991,455,529
6992,455,530
6993,455,531
6994,455,532
6995,455,533
6996,455,534
6997,455,535
6998,455,536
6999,455,537
7000,455,538
7001,455,539
7002,455,540
7003,455,541
7004,455,542
7005,455,543
7006,455,544
7007,455,545
7008,455,546
7009,455,547
7010,455,548
7011,455,549
7012,455,550
7013,455,551
7014,455,552
7015,455,553
7016,455,554
7017,455,555
7018,455,556
7019,455,557
7020,455,558
7021,455,559
7022,455,560
7023,455,561
7024,455,562
7025,455,563
7026,455,564
7027,455,565
7028,455,566
7029,455,567
7030,455,568
7031,455,569
7032,455,570
7033,455,571
7034,455,572
7035,455,573
7036,455,574
7037,455,575
7038,455,576
7039,455,577
7040,456,474
7041,456,475
7042,456,476
7043,456,477
7044,456,478
7045,456,479
7046,456,480
7047,456,481
7048,456,482
7049,456,483
7050,456,484
7051,456,485
7052,456,486
7053,456,487
7054,456,488
7055,456,489
7056,456,490
7057,456,491
7058,456,492
7059,456,493
7060,456,494
7061,456,495
7062,456,496
7063,456,497
7064,456,498
7065,456,499
7066,456,500
7067,456,501
7068,456,502
7069,456,503
7070,456,504
7071,456,505
7072,456,506
7073,456,507
7074,456,508
7075,456,509
7076,456,510
7077,456,511
7078,456,512
7079,456,513
7080,456,514
7081,456,515
7082,456,516
7083,456,517
7084,456,518
7085,456,519
7086,456,520
7087,456,521
7088,456,522
7089,456,523
7090,456,524
7091,456,525
7092,456,526
7093,456,527
7094,456,528
7095,456,529
7096,456,530
7097,456,531
7098,456,532
7099,456,533
7100,456,534
7101,456,535
7102,456,536
7103,456,537
7104,456,538
7105,456,539
7106,456,540
7107,456,541
7108,456,542
7109,456,543
7110,456,544
7111,456,545
7112,456,546
7113,456,547
7114,456,548
7115,456,549
7116,456,550
7117,456,551
7118,456,552
7119,456,553
7120,456,554
7121,456,555
7122,456,556
7123,456,557
7124,456,558
7125,456,559
7126,456,560
7127,456,561
7128,456,562
7129,456,563
7130,456,564
7131,456,565
7132,456,566
7133,456,567
7134,456,568
7135,456,569
7136,456,570
7137,456,571
7138,456,572
7139,456,573
7140,456,574
7141,456,575
7142,456,576
7143,457,474
7144,457,475
7145,457,476
7146,457,477
7147,457,478
7148,457,479
7149,457,480
7150,457,481
7151,457,482
7152,457,483
7153,457,484
7154,457,485
7155,457,486
7156,457,487
7157,457,488
7158,457,489
7159,457,490
7160,457,491
7161,457,492
7162,457,493
7163,457,494
7164,457,495
7165,457,496
7166,457,497
7167,457,498
7168,457,499
7169,457,500
7170,457,501
7171,457,502
7172,457,503
7173,457,504
7174,457,505
7175,457,506
7176,457,507
7177,457,508
7178,457,509
7179,457,510
7180,457,511
7181,457,512
7182,457,513
7183,457,514
7184,457,515
7185,457,516
7186,457,517
7187,457,518
7188,457,519
7189,457,520
7190,457,521
7191,457,522
7192,457,523
7193,457,524
7194,457,525
7195,457,526
7196,457,527
7197,457,528
7198,457,529
7199,457,530
7200,457,531
7201,457,532
7202,457,533
7203,457,534
7204,457,535
7205,457,536
7206,457,537
7207,457,538
7208,457,539
7209,457,540
7210,457,541
7211,457,542
7212,457,543
7213,457,544
7214,457,545
7215,457,546
7216,457,547
7217,457,548
7218,457,549
7219,457,550
7220,457,551
7221,457,552
7222,457,553
7223,457,554
7224,457,555
7225,457,556
7226,457,557
7227,457,558
7228,457,559
7229,457,560
7230,457,561
7231,457,562
7232,457,563
7233,457,564
7234,457,565
7235,457,566
7236,457,567
7237,457,568
7238,457,569
7239,457,570
7240,457,571
7241,457,572
7242,457,573
7243,457,574
7244,457,575
7245,458,475
7246,458,476
7247,458,477
7248,458,478
7249,458,479
7250,458,480
7251,458,481
7252,458,482
7253,458,483
7254,458,484
7255,458,485
7256,458,486
7257,458,487
7258,458,488
7259,458,489
7260,458,490
7261,458,491
7262,458,492
7263,458,493
7264,458,494
7265,458,495
7266,458,496
7267,458,497
7268,458,498
7269,458,499
7270,458,500
7271,458,501
7272,458,502
7273,458,503
7274,458,504
7275,458,505
7276,458,506
7277,458,507
7278,458,508
7279,458,509
7280,458,510
7281,458,511
7282,458,512
7283,458,513
7284,458,514
7285,458,515
7286,458,516
7287,458,517
7288,458,518
7289,458,519
7290,458,520
7291,458,521
7292,458,522
7293,458,523
7294,458,524
7295,458,525
7296,458,526
7297,458,527
7298,458,528
7299,458,529
7300,458,530
7301,458,531
7302,458,532
7303,458,533
7304,458,534
7305,458,535
7306,458,536
7307,458,537
7308,458,538
7309,458,539
7310,458,540
7311,458,541
7312,458,542
7313,458,543
7314,458,544
7315,458,545
7316,458,546
7317,458,547
7318,458,548
7319,458,549
7320,458,550
7321,458,551
7322,458,552
7323,458,553
7324,458,554
7325,458,555
7326,458,556
7327,458,557
7328,458,558
7329,458,559
7330,458,560
7331,458,561
7332,458,562
7333,458,563
7334,458,564
7335,458,565
7336,458,566
7337,458,567
7338,458,568
7339,458,569
7340,458,570
7341,458,571
7342,458,572
7343,458,573
7344,458,574
7345,458,575
7346,459,475
7347,459,476
7348,459,477
7349,459,478
7350,459,479
7351,459,480
7352,459,481
7353,459,482
7354,459,483
7355,459,484
7356,459,485
7357,459,486
7358,459,487
7359,459,488
7360,459,489
7361,459,490
7362,459,491
7363,459,492
7364,459,493
7365,459,494
7366,459,495
7367,459,496
7368,459,497
7369,459,498
7370,459,499
7371,459,500
7372,459,501
7373,459,502
7374,459,503
7375,459,504
7376,459,505
7377,459,506
7378,459,507
7379,459,508
7380,459,509
7381,459,510
7382,459,511
7383,459,512
7384,459,513
7385,459,514
7386,459,515
7387,459,516
7388,459,517
7389,459,518
7390,459,519
7391,459,520
7392,459,521
7393,459,522
7394,459,523
7395,459,524
7396,459,525
7397,459,526
7398,459,527
7399,459,528
7400,459,529
7401,459,530
7402,459,531
7403,459,532
7404,459,533
7405,459,534
7406,459,535
7407,459,536
7408,459,537
7409,459,538
7410,459,539
7411,459,540
7412,459,541
7413,459,542
7414,459,543
7415,459,544
7416,459,545
7417,459,546
7418,459,547
7419,459,548
7420,459,549
7421,459,550
7422,459,551
7423,459,552
7424,459,553
7425,459,554
7426,459,555
7427,459,556
7428,459,557
7429,459,558
7430,459,559
7431,459,560
7432,459,561
7433,459,562
7434,459,563
7435,459,564
7436,459,565
7437,459,566
7438,459,567
7439,459,568
7440,459,569
7441,459,570
7442,459,571
7443,459,572
7444,459,573
7445,459,574
7446,460,476
7447,460,477
7448,460,478
7449,460,479
7450,460,480
7451,460,481
7452,460,482
7453,460,483
7454,460,484
7455,460,485
7456,460,486
7457,460,487
7458,460,488
7459,460,489
7460,460,490
7461,460,491
7462,460,492
7463,460,493
7464,460,494
7465,460,495
7466,460,496
7467,460,497
7468,460,498
7469,460,499
7470,460,500
7471,460,501
7472,460,502
7473,460,503
7474,460,504
7475,460,505
7476,460,506
7477,460,507
7478,460,508
7479,460,509
7480,460,510
7481,460,511
7482,460,512
7483,460,513
7484,460,514
7485,460,515
7486,460,516
7487,460,517
7488,460,518
7489,460,519
7490,460,520
7491,460,521
7492,460,522
7493,460,523
7494,460,524
7495,460,525
7496,460,526
7497,460,527
7498,460,528
7499,460,529
7500,460,530
7501,460,531
7502,460,532
7503,460,533
7504,460,534
7505,460,535
7506,460,536
7507,460,537
7508,460,538
7509,460,539
7510,460,540
7511,460,541
7512,460,542
7513,460,543
7514,460,544
7515,460,545
7516,460,546
7517,460,547
7518,460,548
7519,460,549
7520,460,550
7521,460,551
7522,460,552
7523,460,553
7524,460,554
7525,460,555
7526,460,556
7527,460,557
7528,460,558
7529,460,559
7530,460,560
7531,460,561
7532,460,562
7533,460,563
7534,460,564
7535,460,565
7536,460,566
7537,460,567
7538,460,568
7539,460,569
7540,460,570
7541,460,571
7542,460,572
7543,460,573
7544,460,574
7545,461,477
7546,461,478
7547,461,479
7548,461,480
7549,461,481
7550,461,482
7551,461,483
7552,461,484
7553,461,485
7554,461,486
7555,461,487
7556,461,488
7557,461,489
7558,461,490
7559,461,491
7560,461,492
7561,461,493
7562,461,494
7563,461,495
7564,461,496
7565,461,497
7566,461,498
7567,461,499
7568,461,500
7569,461,501
7570,461,502
7571,461,503
7572,461,504
7573,461,505
7574,461,506
7575,461,507
7576,461,508
7577,461,509
7578,461,510
7579,461,511
7580,461,512
7581,461,513
7582,461,514
7583,461,515
7584,461,516
7585,461,517
7586,461,518
7587,461,519
7588,461,520
7589,461,521
7590,461,522
7591,461,523
7592,461,524
7593,461,525
7594,461,526
7595,461,527
7596,461,528
7597,461,529
7598,461,530
7599,461,531
7600,461,532
7601,461,533
7602,461,534
7603,461,535
7604,461,536
7605,461,537
7606,461,538
7607,461,539
7608,461,540
7609,461,541
7610,461,542
7611,461,543
7612,461,544
7613,461,545
7614,461,546
7615,461,547
7616,461,548
7617,461,549
7618,461,550
7619,461,551
7620,461,552
7621,461,553
7622,461,554
7623,461,555
7624,461,556
7625,461,557
7626,461,558
7627,461,559
7628,461,560
7629,461,561
7630,461,562
7631,461,563
7632,461,564
7633,461,565
7634,461,566
7635,461,567
7636,461,568
7637,461,569
7638,461,570
7639,461,571
7640,461,572
7641,461,573
7642,462,478
7643,462,479
7644,462,480
7645,462,481
7646,462,482
7647,462,483
7648,462,484
7649,462,485
7650,462,486
7651,462,487
7652,462,488
7653,462,489
7654,462,490
7655,462,491
7656,462,492
7657,462,493
7658,462,494
7659,462,495
7660,462,496
7661,462,497
7662,462,498
7663,462,499
7664,462,500
7665,462,501
7666,462,502
7667,462,503
7668,462,504
7669,462,505
7670,462,506
7671,462,507
7672,462,508
7673,462,509
7674,462,510
7675,462,511
7676,462,512
7677,462,513
7678,462,514
7679,462,515
7680,462,516
7681,462,517
7682,462,518
7683,462,519
7684,462,520
7685,462,521
7686,462,522
7687,462,523
7688,462,524
7689,462,525
7690,462,526
7691,462,527
7692,462,528
7693,462,529
7694,462,530
7695,462,531
7696,462,532
7697,462,533
7698,462,534
7699,462,535
7700,462,536
7701,462,537
7702,462,538
7703,462,539
7704,462,540
7705,462,541
7706,462,542
7707,462,543
7708,462,544
7709,462,545
7710,462,546
7711,462,547
7712,462,548
7713,462,549
7714,462,550
7715,462,551
7716,462,552
7717,462,553
7718,462,554
7719,462,555
7720,462,556
7721,462,557
7722,462,558
7723,462,559
7724,462,560
7725,462,561
7726,462,562
7727,462,563
7728,462,564
7729,462,565
7730,462,566
7731,462,567
7732,462,568
7733,462,569
7734,462,570
7735,462,571
7736,462,572
7737,463,479
7738,463,480
7739,463,481
7740,463,482
7741,463,483
7742,463,484
7743,463,485
7744,463,486
7745,463,487
7746,463,488
7747,463,489
7748,463,490
7749,463,491
7750,463,492
7751,463,493
7752,463,494
7753,463,495
7754,463,496
7755,463,497
7756,463,498
7757,463,499
7758,463,500
7759,463,501
7760,463,502
7761,463,503
7762,463,504
7763,463,505
7764,463,506
7765,463,507
7766,463,508
7767,463,509
7768,463,510
7769,463,511
7770,463,512
7771,463,513
7772,463,514
7773,463,515
7774,463,516
7775,463,517
7776,463,518
7777,463,519
7778,463,520
7779,463,521
7780,463,522
7781,463,523
7782,463,524
7783,463,525
7784,463,526
7785,463,527
7786,463,528
7787,463,529
7788,463,530
7789,463,531
7790,463,532
7791,463,533
7792,463,534
7793,463,535
7794,463,536
7795,463,537
7796,463,538
7797,463,539
7798,463,540
7799,463,541
7800,463,542
7801,463,543
7802,463,544
7803,463,545
7804,463,546
7805,463,547
7806,463,548
7807,463,549
7808,463,550
7809,463,551
7810,463,552
7811,463,553
7812,463,554
7813,463,555
7814,463,556
7815,463,557
7816,463,558
7817,463,559
7818,463,560
7819,463,561
7820,463,562
7821,463,563
7822,463,564
7823,463,565
7824,463,566
7825,463,567
7826,463,568
7827,463,569
7828,463,570
7829,463,571
7830,464,480
7831,464,481
7832,464,482
7833,464,483
7834,464,484
7835,464,485
7836,464,486
7837,464,487
7838,464,488
7839,464,489
7840,464,490
7841,464,491
7842,464,492
7843,464,493
7844,464,494
7845,464,495
7846,464,496
7847,464,497
7848,464,498
7849,464,499
7850,464,500
7851,464,501
7852,464,502
7853,464,503
7854,464,504
7855,464,505
7856,464,506
7857,464,507
7858,464,508
7859,464,509
7860,464,510
7861,464,511
7862,464,512
7863,464,513
7864,464,514
7865,464,515
7866,464,516
7867,464,517
7868,464,518
7869,464,519
7870,464,520
7871,464,521
7872,464,522
7873,464,523
7874,464,524
7875,464,525
7876,464,526
7877,464,527
7878,464,528
7879,464,529
7880,464,530
7881,464,531
7882,464,532
7883,464,533
7884,464,534
7885,464,535
7886,464,536
7887,464,537
7888,464,538
7889,464,539
7890,464,540
7891,464,541
7892,464,542
7893,464,543
7894,464,544
7895,464,545
7896,464,546
7897,464,547
7898,464,548
7899,464,549
7900,464,550
7901,464,551
7902,464,552
7903,464,553
7904,464,554
7905,464,555
7906,464,556
7907,464,557
7908,464,558
7909,464,559
7910,464,560
7911,464,561
7912,464,562
7913,464,563
7914,464,564
7915,464,565
7916,464,566
7917,464,567
7918,464,568
7919,464,569
7920,464,570
7921,465,481
7922,465,482
7923,465,483
7924,465,484
7925,465,485
7926,465,486
7927,465,487
7928,465,488
7929,465,489
7930,465,490
7931,465,491
7932,465,492
7933,465,493
7934,465,494
7935,465,495
7936,465,496
7937,465,497
7938,465,498
7939,465,499
7940,465,500
7941,465,501
7942,465,502
7943,465,503
7944,465,504
7945,465,505
7946,465,506
7947,465,507
7948,465,508
7949,465,509
7950,465,510
7951,465,511
7952,465,512
7953,465,513
7954,465,514
7955,465,515
7956,465,516
7957,465,517
7958,465,518
7959,465,519
7960,465,520
7961,465,521
7962,465,522
7963,465,523
7964,465,524
7965,465,525
7966,465,526
7967,465,527
7968,465,528
7969,465,529
7970,465,530
7971,465,531
7972,465,532
7973,465,533
7974,465,534
7975,465,535
7976,465,536
7977,465,537
7978,465,538
7979,465,539
7980,465,540
7981,465,541
7982,465,542
7983,465,543
7984,465,544
7985,465,545
7986,465,546
7987,465,547
7988,465,548
7989,465,549
7990,465,550
7991,465,551
7992,465,552
7993,465,553
7994,465,554
7995,465,555
7996,465,556
7997,465,557
7998,465,558
7999,465,559
8000,465,560
8001,465,561
8002,465,562
8003,465,563
8004,465,564
8005,465,565
8006,465,566
8007,465,567
8008,465,568
8009,465,569
8010,466,482
8011,466,483
8012,466,484
8013,466,485
8014,466,486
8015,466,487
8016,466,488
8017,466,489
8018,466,490
8019,466,491
8020,466,492
8021,466,493
8022,466,494
8023,466,495
8024,466,496
8025,466,497
8026,466,498
8027,466,499
8028,466,500
8029,466,501
8030,466,502
8031,466,503
8032,466,504
8033,466,505
8034,466,506
8035,466,507
8036,466,508
8037,466,509
8038,466,510
8039,466,511
8040,466,512
8041,466,513
8042,466,514
8043,466,515
8044,466,516
8045,466,517
8046,466,518
8047,466,519
8048,466,520
8049,466,521
8050,466,522
8051,466,523
8052,466,524
8053,466,525
8054,466,526
8055,466,527
8056,466,528
8057,466,529
8058,466,530
8059,466,531
8060,466,532
8061,466,533
8062,466,534
8063,466,535
8064,466,536
8065,466,537
8066,466,538
8067,466,539
8068,466,540
8069,466,541
8070,466,542
8071,466,543
8072,466,544
8073,466,545
8074,466,546
8075,466,547
8076,466,548
8077,466,549
8078,466,550
8079,466,551
8080,466,552
8081,466,553
8082,466,554
8083,466,555
8084,466,556
8085,466,557
8086,466,558
8087,466,559
8088,466,560
8089,466,561
8090,466,562
8091,466,563
8092,466,564
8093,466,565
8094,466,566
8095,466,567
8096,466,568
8097,467,482
8098,467,483
8099,467,484
8100,467,485
8101,467,486
8102,467,487
8103,467,488
8104,467,489
8105,467,490
8106,467,491
8107,467,492
8108,467,493
8109,467,494
8110,467,495
8111,467,496
8112,467,497
8113,467,498
8114,467,499
8115,467,500
8116,467,501
8117,467,502
8118,467,503
8119,467,504
8120,467,505
8121,467,506
8122,467,507
8123,467,508
8124,467,509
8125,467,510
8126,467,511
8127,467,512
8128,467,513
8129,467,514
8130,467,515
8131,467,516
8132,467,517
8133,467,518
8134,467,519
8135,467,520
8136,467,521
8137,467,522
8138,467,523
8139,467,524
8140,467,525
8141,467,526
8142,467,527
8143,467,528
8144,467,529
8145,467,530
8146,467,531
8147,467,532
8148,467,533
8149,467,534
8150,467,535
8151,467,536
8152,467,537
8153,467,538
8154,467,539
8155,467,540
8156,467,541
8157,467,542
8158,467,543
8159,467,544
8160,467,545
8161,467,546
8162,467,547
8163,467,548
8164,467,549
8165,467,550
8166,467,551
8167,467,552
8168,467,553
8169,467,554
8170,467,555
8171,467,556
8172,467,557
8173,467,558
8174,467,559
8175,467,560
8176,467,561
8177,467,562
8178,467,563
8179,467,564
8180,467,565
8181,467,566
8182,467,567
8183,468,484
8184,468,485
8185,468,486
8186,468,487
8187,468,488
8188,468,489
8189,468,490
8190,468,491
8191,468,492
8192,468,493
8193,468,494
8194,468,495
8195,468,496
8196,468,497
8197,468,498
8198,468,499
8199,468,500
8200,468,501
8201,468,502
8202,468,503
8203,468,504
8204,468,505
8205,468,506
8206,468,507
8207,468,508
8208,468,509
8209,468,510
8210,468,511
8211,468,512
8212,468,513
8213,468,514
8214,468,515
8215,468,516
8216,468,517
8217,468,518
8218,468,519
8219,468,520
8220,468,521
8221,468,522
8222,468,523
8223,468,524
8224,468,525
8225,468,526
8226,468,527
8227,468,528
8228,468,529
8229,468,530
8230,468,531
8231,468,532
8232,468,533
8233,468,534
8234,468,535
8235,468,536
8236,468,537
8237,468,538
8238,468,539
8239,468,540
8240,468,541
8241,468,542
8242,468,543
8243,468,544
8244,468,545
8245,468,546
8246,468,547
8247,468,548
8248,468,549
8249,468,550
8250,468,551
8251,468,552
8252,468,553
8253,468,554
8254,468,555
8255,468,556
8256,468,557
8257,468,558
8258,468,559
8259,468,560
8260,468,561
8261,468,562
8262,468,563
8263,468,564
8264,468,565
8265,468,566
8266,469,484
8267,469,485
8268,469,486
8269,469,487
8270,469,488
8271,469,489
8272,469,490
8273,469,491
8274,469,492
8275,469,493
8276,469,494
8277,469,495
8278,469,496
8279,469,497
8280,469,498
8281,469,499
8282,469,500
8283,469,501
8284,469,502
8285,469,503
8286,469,504
8287,469,505
8288,469,506
8289,469,507
8290,469,508
8291,469,509
8292,469,510
8293,469,511
8294,469,512
8295,469,513
8296,469,514
8297,469,515
8298,469,516
8299,469,517
8300,469,518
8301,469,519
8302,469,520
8303,469,521
8304,469,522
8305,469,523
8306,469,524
8307,469,525
8308,469,526
8309,469,527
8310,469,528
8311,469,529
8312,469,530
8313,469,531
8314,469,532
8315,469,533
8316,469,534
8317,469,535
8318,469,536
8319,469,537
8320,469,538
8321,469,539
8322,469,540
8323,469,541
8324,469,542
8325,469,543
8326,469,544
8327,469,545
8328,469,546
8329,469,547
8330,469,548
8331,469,549
8332,469,550
8333,469,551
8334,469,552
8335,469,553
8336,469,554
8337,469,555
8338,469,556
8339,469,557
8340,469,558
8341,469,559
8342,469,560
8343,469,561
8344,469,562
8345,469,563
8346,469,564
8347,469,565
8348,470,485
8349,470,486
8350,470,487
8351,470,488
8352,470,489
8353,470,490
8354,470,491
8355,470,492
8356,470,493
8357,470,494
8358,470,495
8359,470,496
8360,470,497
8361,470,498
8362,470,499
8363,470,500
8364,470,501
8365,470,502
8366,470,503
8367,470,504
8368,470,505
8369,470,506
8370,470,507
8371,470,508
8372,470,509
8373,470,510
8374,470,511
8375,470,512
8376,470,513
8377,470,514
8378,470,515
8379,470,516
8380,470,517
8381,470,518
8382,470,519
8383,470,520
8384,470,521
8385,470,522
8386,470,523
8387,470,524
8388,470,525
8389,470,526
8390,470,527
8391,470,528
8392,470,529
8393,470,530
8394,470,531
8395,470,532
8396,470,533
8397,470,534
8398,470,535
8399,470,536
8400,470,537
8401,470,538
8402,470,539
8403,470,540
8404,470,541
8405,470,542
8406,470,543
8407,470,544
8408,470,545
8409,470,546
8410,470,547
8411,470,548
8412,470,549
8413,470,550
8414,470,551
8415,470,552
8416,470,553
8417,470,554
8418,470,555
8419,470,556
8420,470,557
8421,470,558
8422,470,559
8423,470,560
8424,470,561
8425,470,562
8426,470,563
8427,470,564
8428,471,486
8429,471,487
8430,471,488
8431,471,489
8432,471,490
8433,471,491
8434,471,492
8435,471,493
8436,471,494
8437,471,495
8438,471,496
8439,471,497
8440,471,498
8441,471,499
8442,471,500
8443,471,501
8444,471,502
8445,471,503
8446,471,504
8447,471,505
8448,471,506
8449,471,507
8450,471,508
8451,471,509
8452,471,510
8453,471,511
8454,471,512
8455,471,513
8456,471,514
8457,471,515
8458,471,516
8459,471,517
8460,471,518
8461,471,519
8462,471,520
8463,471,521
8464,471,522
8465,471,523
8466,471,524
8467,471,525
8468,471,526
8469,471,527
8470,471,528
8471,471,529
8472,471,530
8473,471,531
8474,471,532
8475,471,533
8476,471,534
8477,471,535
8478,471,536
8479,471,537
8480,471,538
8481,471,539
8482,471,540
8483,471,541
8484,471,542
8485,471,543
8486,471,544
8487,471,545
8488,471,546
8489,471,547
8490,471,548
8491,471,549
8492,471,550
8493,471,551
8494,471,552
8495,471,553
8496,471,554
8497,471,555
8498,471,556
8499,471,557
8500,471,558
8501,471,559
8502,471,560
8503,471,561
8504,471,562
8505,471,563
8506,471,564
8507,472,486
8508,472,487
8509,472,488
8510,472,489
8511,472,490
8512,472,491
8513,472,492
8514,472,493
8515,472,494
8516,472,495
8517,472,496
8518,472,497
8519,472,498
8520,472,499
8521,472,500
8522,472,501
8523,472,502
8524,472,503
8525,472,504
8526,472,505
8527,472,506
8528,472,507
8529,472,508
8530,472,509
8531,472,510
8532,472,511
8533,472,512
8534,472,513
8535,472,514
8536,472,515
8537,472,516
8538,472,517
8539,472,518
8540,472,519
8541,472,520
8542,472,521
8543,472,522
8544,472,523
8545,472,524
8546,472,525
8547,472,526
8548,472,527
8549,472,528
8550,472,529
8551,472,530
8552,472,531
8553,472,532
8554,472,533
8555,472,534
8556,472,535
8557,472,536
8558,472,537
8559,472,538
8560,472,539
8561,472,540
8562,472,541
8563,472,542
8564,472,543
8565,472,544
8566,472,545
8567,472,546
8568,472,547
8569,472,548
8570,472,549
8571,472,550
8572,472,551
8573,472,552
8574,472,553
8575,472,554
8576,472,555
8577,472,556
8578,472,557
8579,472,558
8580,472,559
8581,472,560
8582,472,561
8583,472,562
8584,472,563
8585,473,488
8586,473,489
8587,473,490
8588,473,491
8589,473,492
8590,473,493
8591,473,494
8592,473,495
8593,473,496
8594,473,497
8595,473,498
8596,473,499
8597,473,500
8598,473,501
8599,473,502
8600,473,503
8601,473,504
8602,473,505
8603,473,506
8604,473,507
8605,473,508
8606,473,509
8607,473,510
8608,473,511
8609,473,512
8610,473,513
8611,473,514
8612,473,515
8613,473,516
8614,473,517
8615,473,518
8616,473,519
8617,473,520
8618,473,521
8619,473,522
8620,473,523
8621,473,524
8622,473,525
8623,473,526
8624,473,527
8625,473,528
8626,473,529
8627,473,530
8628,473,531
8629,473,532
8630,473,533
8631,473,534
8632,473,535
8633,473,536
8634,473,537
8635,473,538
8636,473,539
8637,473,540
8638,473,541
8639,473,542
8640,473,543
8641,473,544
8642,473,545
8643,473,546
8644,473,547
8645,473,548
8646,473,549
8647,473,550
8648,473,551
8649,473,552
8650,473,553
8651,473,554
8652,473,555
8653,473,556
8654,473,557
8655,473,558
8656,473,559
8657,473,560
8658,473,561
8659,473,562
8660,474,489
8661,474,490
8662,474,491
8663,474,492
8664,474,493
8665,474,494
8666,474,495
8667,474,496
8668,474,497
8669,474,498
8670,474,499
8671,474,500
8672,474,501
8673,474,502
8674,474,503
8675,474,504
8676,474,505
8677,474,506
8678,474,507
8679,474,508
8680,474,509
8681,474,510
8682,474,511
8683,474,512
8684,474,513
8685,474,514
8686,474,515
8687,474,516
8688,474,517
8689,474,518
8690,474,519
8691,474,520
8692,474,521
8693,474,522
8694,474,523
8695,474,524
8696,474,525
8697,474,526
8698,474,527
8699,474,528
8700,474,529
8701,474,530
8702,474,531
8703,474,532
8704,474,533
8705,474,534
8706,474,535
8707,474,536
8708,474,537
8709,474,538
8710,474,539
8711,474,540
8712,474,541
8713,474,542
8714,474,543
8715,474,544
8716,474,545
8717,474,546
8718,474,547
8719,474,548
8720,474,549
8721,474,550
8722,474,551
8723,474,552
8724,474,553
8725,474,554
8726,474,555
8727,474,556
8728,474,557
8729,474,558
8730,474,559
8731,474,560
8732,474,561
8733,475,491
8734,475,492
8735,475,493
8736,475,494
8737,475,495
8738,475,496
8739,475,497
8740,475,498
8741,475,499
8742,475,500
8743,475,501
8744,475,502
8745,475,503
8746,475,504
8747,475,505
8748,475,506
8749,475,507
8750,475,508
8751,475,509
8752,475,510
8753,475,511
8754,475,512
8755,475,513
8756,475,514
8757,475,515
8758,475,516
8759,475,517
8760,475,518
8761,475,519
8762,475,520
8763,475,521
8764,475,522
8765,475,523
8766,475,524
8767,475,525
8768,475,526
8769,475,527
8770,475,528
8771,475,529
8772,475,530
8773,475,531
8774,475,532
8775,475,533
8776,475,534
8777,475,535
8778,475,536
8779,475,537
8780,475,538
8781,475,539
8782,475,540
8783,475,541
8784,475,542
8785,475,543
8786,475,544
8787,475,545
8788,475,546
8789,475,547
8790,475,548
8791,475,549
8792,475,550
8793,475,551
8794,475,552
8795,475,553
8796,475,554
8797,475,555
8798,475,556
8799,475,557
8800,475,558
8801,475,559
8802,475,560
8803,476,493
8804,476,494
8805,476,495
8806,476,496
8807,476,497
8808,476,498
8809,476,499
8810,476,500
8811,476,501
8812,476,502
8813,476,503
8814,476,504
8815,476,505
8816,476,506
8817,476,507
8818,476,508
8819,476,509
8820,476,510
8821,476,511
8822,476,512
8823,476,513
8824,476,514
8825,476,515
8826,476,516
8827,476,517
8828,476,518
8829,476,519
8830,476,520
8831,476,521
8832,476,522
8833,476,523
8834,476,524
8835,476,525
8836,476,526
8837,476,527
8838,476,528
8839,476,529
8840,476,530
8841,476,531
8842,476,532
8843,476,533
8844,476,534
8845,476,535
8846,476,536
8847,476,537
8848,476,538
8849,476,539
8850,476,540
8851,476,541
8852,476,542
8853,476,543
8854,476,544
8855,476,545
8856,476,546
8857,476,547
8858,476,548
8859,476,549
8860,476,550
8861,476,551
8862,476,552
8863,476,553
8864,476,554
8865,476,555
8866,476,556
8867,476,557
8868,476,558
8869,477,494
8870,477,495
8871,477,496
8872,477,497
8873,477,498
8874,477,499
8875,477,500
8876,477,501
8877,477,502
8878,477,503
8879,477,504
8880,477,505
8881,477,506
8882,477,507
8883,477,508
8884,477,509
8885,477,510
8886,477,511
8887,477,512
8888,477,513
8889,477,514
8890,477,515
8891,477,516
8892,477,517
8893,477,518
8894,477,519
8895,477,520
8896,477,521
8897,477,522
8898,477,523
8899,477,524
8900,477,525
8901,477,526
8902,477,527
8903,477,528
8904,477,529
8905,477,530
8906,477,531
8907,477,532
8908,477,533
8909,477,534
8910,477,535
8911,477,536
8912,477,537
8913,477,538
8914,477,539
8915,477,540
8916,477,541
8917,477,542
8918,477,543
8919,477,544
8920,477,545
8921,477,546
8922,477,547
8923,477,548
8924,477,549
8925,477,550
8926,477,551
8927,477,552
8928,477,553
8929,477,554
8930,477,555
8931,477,556
8932,478,496
8933,478,497
8934,478,498
8935,478,499
8936,478,500
8937,478,501
8938,478,502
8939,478,503
8940,478,504
8941,478,505
8942,478,506
8943,478,507
8944,478,508
8945,478,509
8946,478,510
8947,478,511
8948,478,512
8949,478,513
8950,478,514
8951,478,515
8952,478,516
8953,478,517
8954,478,518
8955,478,519
8956,478,520
8957,478,521
8958,478,522
8959,478,523
8960,478,524
8961,478,525
8962,478,526
8963,478,527
8964,478,528
8965,478,529
8966,478,530
8967,478,531
8968,478,532
8969,478,533
8970,478,534
8971,478,535
8972,478,536
8973,478,537
8974,478,538
8975,478,539
8976,478,540
8977,478,541
8978,478,542
8979,478,543
8980,478,544
8981,478,545
8982,478,546
8983,478,547
8984,478,548
8985,478,549
8986,478,550
8987,478,551
8988,478,552
8989,478,553
8990,478,554
8991,479,497
8992,479,498
8993,479,499
8994,479,500
8995,479,501
8996,479,502
8997,479,503
8998,479,504
8999,479,505
9000,479,506
9001,479,507
9002,479,508
9003,479,509
9004,479,510
9005,479,511
9006,479,512
9007,479,513
9008,479,514
9009,479,515
9010,479,516
9011,479,517
9012,479,518
9013,479,519
9014,479,520
9015,479,521
9016,479,522
9017,479,523
9018,479,524
9019,479,525
9020,479,526
9021,479,527
9022,479,528
9023,479,529
9024,479,530
9025,479,531
9026,479,532
9027,479,533
9028,479,534
9029,479,535
9030,479,536
9031,479,537
9032,479,538
9033,479,539
9034,479,540
9035,479,541
9036,479,542
9037,479,543
9038,479,544
9039,479,545
9040,479,546
9041,479,547
9042,479,548
9043,479,549
9044,479,550
9045,479,551
9046,479,552
9047,480,500
9048,480,501
9049,480,502
9050,480,503
9051,480,504
9052,480,505
9053,480,506
9054,480,507
9055,480,508
9056,480,509
9057,480,510
9058,480,511
9059,480,512
9060,480,513
9061,480,514
9062,480,515
9063,480,516
9064,480,517
9065,480,518
9066,480,519
9067,480,520
9068,480,521
9069,480,522
9070,480,523
9071,480,524
9072,480,525
9073,480,526
9074,480,527
9075,480,528
9076,480,529
9077,480,530
9078,480,531
9079,480,532
9080,480,533
9081,480,534
9082,480,535
9083,480,536
9084,480,537
9085,480,538
9086,480,539
9087,480,540
9088,480,541
9089,480,542
9090,480,543
9091,480,544
9092,480,545
9093,480,546
9094,480,547
9095,480,548
9096,480,549
9097,481,503
9098,481,504
9099,481,505
9100,481,506
9101,481,507
9102,481,508
9103,481,509
9104,481,510
9105,481,511
9106,481,512
9107,481,513
9108,481,514
9109,481,515
9110,481,516
9111,481,517
9112,481,518
9113,481,519
9114,481,520
9115,481,521
9116,481,522
9117,481,523
9118,481,524
9119,481,525
9120,481,526
9121,481,527
9122,481,528
9123,481,529
9124,481,530
9125,481,531
9126,481,532
9127,481,533
9128,481,534
9129,481,535
9130,481,536
9131,481,537
9132,481,538
9133,481,539
9134,481,540
9135,481,541
9136,481,542
9137,481,543
9138,481,544
9139,481,545
9140,481,546
9141,481,547
9142,482,504
9143,482,505
9144,482,506
9145,482,507
9146,482,508
9147,482,509
9148,482,510
9149,482,511
9150,482,512
9151,482,513
9152,482,514
9153,482,515
9154,482,516
9155,482,517
9156,482,518
9157,482,519
9158,482,520
9159,482,521
9160,482,522
9161,482,523
9162,482,524
9163,482,525
9164,482,526
9165,482,527
9166,482,528
9167,482,529
9168,482,530
9169,482,531
9170,482,532
9171,482,533
9172,482,534
9173,482,535
9174,482,536
9175,482,537
9176,482,538
9177,482,539
9178,482,540
9179,482,541
9180,482,542
9181,482,543
9182,482,544
9183,482,545
9184,482,546
9185,483,506
9186,483,507
9187,483,508
9188,483,509
9189,483,510
9190,483,511
9191,483,512
9192,483,513
9193,483,514
9194,483,515
9195,483,516
9196,483,517
9197,483,518
9198,483,519
9199,483,520
9200,483,521
9201,483,522
9202,483,523
9203,483,524
9204,483,525
9205,483,526
9206,483,527
9207,483,528
9208,483,529
9209,483,530
9210,483,531
9211,483,532
9212,483,533
9213,483,534
9214,483,535
9215,483,536
9216,483,537
9217,483,538
9218,483,539
9219,483,540
9220,483,541
9221,483,542
9222,483,543
9223,483,544
9224,484,509
9225,484,510
9226,484,511
9227,484,512
9228,484,513
9229,484,514
9230,484,515
9231,484,516
9232,484,517
9233,484,518
9234,484,519
9235,484,520
9236,484,521
9237,484,522
9238,484,523
9239,484,524
9240,484,525
9241,484,526
9242,484,527
9243,484,528
9244,484,529
9245,484,530
9246,484,531
9247,484,532
9248,484,533
9249,484,534
9250,484,535
9251,484,536
9252,484,537
9253,484,538
9254,484,539
9255,484,540
9256,484,541
9257,484,542
9258,485,512
9259,485,513
9260,485,514
9261,485,515
9262,485,516
9263,485,517
9264,485,518
9265,485,519
9266,485,520
9267,485,521
9268,485,522
9269,485,523
9270,485,524
9271,485,525
9272,485,526
9273,485,527
9274,485,528
9275,485,529
9276,485,530
9277,485,531
9278,485,532
9279,485,533
9280,485,534
9281,485,535
9282,485,536
9283,486,519
9284,486,520
9285,486,521
9286,486,522
9287,486,523
9288,486,524
9289,486,525
9290,486,526
9291,486,527
9292,486,528
9293,486,529
9294,486,530
9295,486,531
9296,486,532
