index,y,x
0,338,512
1,338,513
2,338,514
3,338,515
4,338,516
5,338,517
6,338,518
7,338,519
8,338,520
9,338,521
10,338,522
11,338,523
12,338,524
13,338,525
14,338,526
15,338,527
16,339,508
17,339,509
18,339,510
19,339,511
20,339,512
21,339,513
22,339,514
23,339,515
24,339,516
25,339,517
26,339,518
27,339,519
28,339,520
29,339,521
30,339,522
31,339,523
32,339,524
33,339,525
34,339,526
35,339,527
36,339,528
37,339,529
38,339,530
39,339,531
40,340,505
41,340,506
42,340,507
43,340,508
44,340,509
45,340,510
46,340,511
47,340,512
48,340,513
49,340,514
50,340,515
51,340,516
52,340,517
53,340,518
54,340,519
55,340,520
56,340,521
57,340,522
58,340,523
59,340,524
60,340,525
61,340,526
62,340,527
63,340,528
64,340,529
65,340,530
66,340,531
67,340,532
68,340,533
69,341,502
70,341,503
71,341,504
72,341,505
73,341,506
74,341,507
75,341,508
76,341,509
77,341,510
78,341,511
79,341,512
80,341,513
81,341,514
82,341,515
83,341,516
84,341,517
85,341,518
86,341,519
87,341,520
88,341,521
89,341,522
90,341,523
91,341,524
92,341,525
93,341,526
94,341,527
95,341,528
96,341,529
97,341,530
98,341,531
99,341,532
100,341,533
101,341,534
102,341,535
103,341,536
104,341,537
105,342,499
106,342,500
107,342,501
108,342,502
109,342,503
110,342,504
111,342,505
112,342,506
113,342,507
114,342,508
115,342,509
116,342,510
117,342,511
118,342,512
119,342,513
120,342,514
121,342,515
122,342,516
123,342,517
124,342,518
125,342,519
126,342,520
127,342,521
128,342,522
129,342,523
130,342,524
131,342,525
132,342,526
133,342,527
134,342,528
135,342,529
136,342,530
137,342,531
138,342,532
139,342,533
140,342,534
141,342,535
142,342,536
143,342,537
144,342,538
145,342,539
146,342,540
147,342,541
148,343,496
149,343,497
150,343,498
151,343,499
152,343,500
153,343,501
154,343,502
155,343,503
156,343,504
157,343,505
158,343,506
159,343,507
160,343,508
161,343,509
162,343,510
163,343,511
164,343,512
165,343,513
166,343,514
167,343,515
168,343,516
169,343,517
170,343,518
171,343,519
172,343,520
173,343,521
174,343,522
175,343,523
176,343,524
177,343,525
178,343,526
179,343,527
180,343,528
181,343,529
182,343,530
183,343,531
184,343,532
185,343,533
186,343,534
187,343,535
188,343,536
189,343,537
190,343,538
191,343,539
192,343,540
193,343,541
194,343,542
195,343,543
196,343,544
197,343,545
198,344,493
199,344,494
200,344,495
201,344,496
202,344,497
203,344,498
204,344,499
205,344,500
206,344,501
207,344,502
208,344,503
209,344,504
210,344,505
211,344,506
212,344,507
213,344,508
214,344,509
215,344,510
216,344,511
217,344,512
218,344,513
219,344,514
220,344,515
221,344,516
222,344,517
223,344,518
224,344,519
225,344,520
226,344,521
227,344,522
228,344,523
229,344,524
230,344,525
231,344,526
232,344,527
233,344,528
234,344,529
235,344,530
236,344,531
237,344,532
238,344,533
239,344,534
240,344,535
241,344,536
242,344,537
243,344,538
244,344,539
245,344,540
246,344,541
247,344,542
248,344,543
249,344,544
250,344,545
251,344,546
252,344,547
253,344,548
254,345,492
255,345,493
256,345,494
257,345,495
258,345,496
259,345,497
260,345,498
261,345,499
262,345,500
263,345,501
264,345,502
265,345,503
266,345,504
267,345,505
268,345,506
269,345,507
270,345,508
271,345,509
272,345,510
273,345,511
274,345,512
275,345,513
276,345,514
277,345,515
278,345,516
279,345,517
280,345,518
281,345,519
282,345,520
283,345,521
284,345,522
285,345,523
286,345,524
287,345,525
288,345,526
289,345,527
290,345,528
291,345,529
292,345,530
293,345,531
294,345,532
295,345,533
296,345,534
297,345,535
298,345,536
299,345,537
300,345,538
301,345,539
302,345,540
303,345,541
304,345,542
305,345,543
306,345,544
307,345,545
308,345,546
309,345,547
310,345,548
311,345,549
312,346,491
313,346,492
314,346,493
315,346,494
316,346,495
317,346,496
318,346,497
319,346,498
320,346,499
321,346,500
322,346,501
323,346,502
324,346,503
325,346,504
326,346,505
327,346,506
328,346,507
329,346,508
330,346,509
331,346,510
332,346,511
333,346,512
334,346,513
335,346,514
336,346,515
337,346,516
338,346,517
339,346,518
340,346,519
341,346,520
342,346,521
343,346,522
344,346,523
345,346,524
346,346,525
347,346,526
348,346,527
349,346,528
350,346,529
351,346,530
352,346,531
353,346,532
354,346,533
355,346,534
356,346,535
357,346,536
358,346,537
359,346,538
360,346,539
361,346,540
362,346,541
363,346,542
364,346,543
365,346,544
366,346,545
367,346,546
368,346,547
369,346,548
370,346,549
371,346,550
372,347,490
373,347,491
374,347,492
375,347,493
376,347,494
377,347,495
378,347,496
379,347,497
380,347,498
381,347,499
382,347,500
383,347,501
384,347,502
385,347,503
386,347,504
387,347,505
388,347,506
389,347,507
390,347,508
391,347,509
392,347,510
393,347,511
394,347,512
395,347,513
396,347,514
397,347,515
398,347,516
399,347,517
400,347,518
401,347,519
402,347,520
403,347,521
404,347,522
405,347,523
406,347,524
407,347,525
408,347,526
409,347,527
410,347,528
411,347,529
412,347,530
413,347,531
414,347,532
415,347,533
416,347,534
417,347,535
418,347,536
419,347,537
420,347,538
421,347,539
422,347,540
423,347,541
424,347,542
425,347,543
426,347,544
427,347,545
428,347,546
429,347,547
430,347,548
431,347,549
432,347,550
433,347,551
434,348,489
435,348,490
436,348,491
437,348,492
438,348,493
439,348,494
440,348,495
441,348,496
442,348,497
443,348,498
444,348,499
445,348,500
446,348,501
447,348,502
448,348,503
449,348,504
450,348,505
451,348,506
452,348,507
453,348,508
454,348,509
455,348,510
456,348,511
457,348,512
458,348,513
459,348,514
460,348,515
461,348,516
462,348,517
463,348,518
464,348,519
465,348,520
466,348,521
467,348,522
468,348,523
469,348,524
470,348,525
471,348,526
472,348,527
473,348,528
474,348,529
475,348,530
476,348,531
477,348,532
478,348,533
479,348,534
480,348,535
481,348,536
482,348,537
483,348,538
484,348,539
485,348,540
486,348,541
487,348,542
488,348,543
489,348,544
490,348,545
491,348,546
492,348,547
493,348,548
494,348,549
495,348,550
496,348,551
497,348,552
498,349,487
499,349,488
500,349,489
501,349,490
502,349,491
503,349,492
504,349,493
505,349,494
506,349,495
507,349,496
508,349,497
509,349,498
510,349,499
511,349,500
512,349,501
513,349,502
514,349,503
515,349,504
516,349,505
517,349,506
518,349,507
519,349,508
520,349,509
521,349,510
522,349,511
523,349,512
524,349,513
525,349,514
526,349,515
527,349,516
528,349,517
529,349,518
530,349,519
531,349,520
532,349,521
533,349,522
534,349,523
535,349,524
536,349,525
537,349,526
538,349,527
539,349,528
540,349,529
541,349,530
542,349,531
543,349,532
544,349,533
545,349,534
546,349,535
547,349,536
548,349,537
549,349,538
550,349,539
551,349,540
552,349,541
553,349,542
554,349,543
555,349,544
556,349,545
557,349,546
558,349,547
559,349,548
560,349,549
561,349,550
562,349,551
563,349,552
564,349,553
565,349,554
566,349,555
567,350,484
568,350,485
569,350,486
570,350,487
571,350,488
572,350,489
573,350,490
574,350,491
575,350,492
576,350,493
577,350,494
578,350,495
579,350,496
580,350,497
581,350,498
582,350,499
583,350,500
584,350,501
585,350,502
586,350,503
587,350,504
588,350,505
589,350,506
590,350,507
591,350,508
592,350,509
593,350,510
594,350,511
595,350,512
596,350,513
597,350,514
598,350,515
599,350,516
600,350,517
601,350,518
602,350,519
603,350,520
604,350,521
605,350,522
606,350,523
607,350,524
608,350,525
609,350,526
610,350,527
611,350,528
612,350,529
613,350,530
614,350,531
615,350,532
616,350,533
617,350,534
618,350,535
619,350,536
620,350,537
621,350,538
622,350,539
623,350,540
624,350,541
625,350,542
626,350,543
627,350,544
628,350,545
629,350,546
630,350,547
631,350,548
632,350,549
633,350,550
634,350,551
635,350,552
636,350,553
637,350,554
638,350,555
639,350,556
640,350,557
641,350,558
642,351,483
643,351,484
644,351,485
645,351,486
646,351,487
647,351,488
648,351,489
649,351,490
650,351,491
651,351,492
652,351,493
653,351,494
654,351,495
655,351,496
656,351,497
657,351,498
658,351,499
659,351,500
660,351,501
661,351,502
662,351,503
663,351,504
664,351,505
665,351,506
666,351,507
667,351,508
668,351,509
669,351,510
670,351,511
671,351,512
672,351,513
673,351,514
674,351,515
675,351,516
676,351,517
677,351,518
678,351,519
679,351,520
680,351,521
681,351,522
682,351,523
683,351,524
684,351,525
685,351,526
686,351,527
687,351,528
688,351,529
689,351,530
690,351,531
691,351,532
692,351,533
693,351,534
694,351,535
695,351,536
696,351,537
697,351,538
698,351,539
699,351,540
700,351,541
701,351,542
702,351,543
703,351,544
704,351,545
705,351,546
706,351,547
707,351,548
708,351,549
709,351,550
710,351,551
711,351,552
712,351,553
713,351,554
714,351,555
715,351,556
716,351,557
717,351,558
718,351,559
719,352,482
720,352,483
721,352,484
722,352,485
723,352,486
724,352,487
725,352,488
726,352,489
727,352,490
728,352,491
729,352,492
730,352,493
731,352,494
732,352,495
733,352,496
734,352,497
735,352,498
736,352,499
737,352,500
738,352,501
739,352,502
740,352,503
741,352,504
742,352,505
743,352,506
744,352,507
745,352,508
746,352,509
747,352,510
748,352,511
749,352,512
750,352,513
751,352,514
752,352,515
753,352,516
754,352,517
755,352,518
756,352,519
757,352,520
758,352,521
759,352,522
760,352,523
761,352,524
762,352,525
763,352,526
764,352,527
765,352,528
766,352,529
767,352,530
768,352,531
769,352,532
770,352,533
771,352,534
772,352,535
773,352,536
774,352,537
775,352,538
776,352,539
777,352,540
778,352,541
779,352,542
780,352,543
781,352,544
782,352,545
783,352,546
784,352,547
785,352,548
786,352,549
787,352,550
788,352,551
789,352,552
790,352,553
791,352,554
792,352,555
793,352,556
794,352,557
795,352,558
796,352,559
797,352,560
798,353,481
799,353,482
800,353,483
801,353,484
802,353,485
803,353,486
804,353,487
805,353,488
806,353,489
807,353,490
808,353,491
809,353,492
810,353,493
811,353,494
812,353,495
813,353,496
814,353,497
815,353,498
816,353,499
817,353,500
818,353,501
819,353,502
820,353,503
821,353,504
822,353,505
823,353,506
824,353,507
825,353,508
826,353,509
827,353,510
828,353,511
829,353,512
830,353,513
831,353,514
832,353,515
833,353,516
834,353,517
835,353,518
836,353,519
837,353,520
838,353,521
839,353,522
840,353,523
841,353,524
842,353,525
843,353,526
844,353,527
845,353,528
846,353,529
847,353,530
848,353,531
849,353,532
850,353,533
851,353,534
852,353,535
853,353,536
854,353,537
855,353,538
856,353,539
857,353,540
858,353,541
859,353,542
860,353,543
861,353,544
862,353,545
863,353,546
864,353,547
865,353,548
866,353,549
867,353,550
868,353,551
869,353,552
870,353,553
871,353,554
872,353,555
873,353,556
874,353,557
875,353,558
876,353,559
877,353,560
878,353,561
879,354,480
880,354,481
881,354,482
882,354,483
883,354,484
884,354,485
885,354,486
886,354,487
887,354,488
888,354,489
889,354,490
890,354,491
891,354,492
892,354,493
893,354,494
894,354,495
895,354,496
896,354,497
897,354,498
898,354,499
899,354,500
900,354,501
901,354,502
902,354,503
903,354,504
904,354,505
905,354,506
906,354,507
907,354,508
908,354,509
909,354,510
910,354,511
911,354,512
912,354,513
913,354,514
914,354,515
915,354,516
916,354,517
917,354,518
918,354,519
919,354,520
920,354,521
921,354,522
922,354,523
923,354,524
924,354,525
925,354,526
926,354,527
927,354,528
928,354,529
929,354,530
930,354,531
931,354,532
932,354,533
933,354,534
934,354,535
935,354,536
936,354,537
937,354,538
938,354,539
939,354,540
940,354,541
941,354,542
942,354,543
943,354,544
944,354,545
945,354,546
946,354,547
947,354,548
948,354,549
949,354,550
950,354,551
951,354,552
952,354,553
953,354,554
954,354,555
955,354,556
956,354,557
957,354,558
958,354,559
959,354,560
960,354,561
961,355,479
962,355,480
963,355,481
964,355,482
965,355,483
966,355,484
967,355,485
968,355,486
969,355,487
970,355,488
971,355,489
972,355,490
973,355,491
974,355,492
975,355,493
976,355,494
977,355,495
978,355,496
979,355,497
980,355,498
981,355,499
982,355,500
983,355,501
984,355,502
985,355,503
986,355,504
987,355,505
988,355,506
989,355,507
990,355,508
991,355,509
992,355,510
993,355,511
994,355,512
995,355,513
996,355,514
997,355,515
998,355,516
999,355,517
1000,355,518
1001,355,519
1002,355,520
1003,355,521
1004,355,522
1005,355,523
1006,355,524
1007,355,525
1008,355,526
1009,355,527
1010,355,528
1011,355,529
1012,355,530
1013,355,531
1014,355,532
1015,355,533
1016,355,534
1017,355,535
1018,355,536
1019,355,537
1020,355,538
1021,355,539
1022,355,540
1023,355,541
1024,355,542
1025,355,543
1026,355,544
1027,355,545
1028,355,546
1029,355,547
1030,355,548
1031,355,549
1032,355,550
1033,355,551
1034,355,552
1035,355,553
1036,355,554
1037,355,555
1038,355,556
1039,355,557
1040,355,558
1041,355,559
1042,355,560
1043,355,561
1044,355,562
1045,356,478
1046,356,479
1047,356,480
1048,356,481
1049,356,482
1050,356,483
1051,356,484
1052,356,485
1053,356,486
1054,356,487
1055,356,488
1056,356,489
1057,356,490
1058,356,491
1059,356,492
1060,356,493
1061,356,494
1062,356,495
1063,356,496
1064,356,497
1065,356,498
1066,356,499
1067,356,500
1068,356,501
1069,356,502
1070,356,503
1071,356,504
1072,356,505
1073,356,506
1074,356,507
1075,356,508
1076,356,509
1077,356,510
1078,356,511
1079,356,512
1080,356,513
1081,356,514
1082,356,515
1083,356,516
1084,356,517
1085,356,518
1086,356,519
1087,356,520
1088,356,521
1089,356,522
1090,356,523
1091,356,524
1092,356,525
1093,356,526
1094,356,527
1095,356,528
1096,356,529
1097,356,530
1098,356,531
1099,356,532
1100,356,533
1101,356,534
1102,356,535
1103,356,536
1104,356,537
1105,356,538
1106,356,539
1107,356,540
1108,356,541
1109,356,542
1110,356,543
1111,356,544
1112,356,545
1113,356,546
1114,356,547
1115,356,548
1116,356,549
1117,356,550
1118,356,551
1119,356,552
1120,356,553
1121,356,554
1122,356,555
1123,356,556
1124,356,557
1125,356,558
1126,356,559
1127,356,560
1128,356,561
1129,356,562
1130,356,563
1131,357,477
1132,357,478
1133,357,479
1134,357,480
1135,357,481
1136,357,482
1137,357,483
1138,357,484
1139,357,485
1140,357,486
1141,357,487
1142,357,488
1143,357,489
1144,357,490
1145,357,491
1146,357,492
1147,357,493
1148,357,494
1149,357,495
1150,357,496
1151,357,497
1152,357,498
1153,357,499
1154,357,500
1155,357,501
1156,357,502
1157,357,503
1158,357,504
1159,357,505
1160,357,506
1161,357,507
1162,357,508
1163,357,509
1164,357,510
1165,357,511
1166,357,512
1167,357,513
1168,357,514
1169,357,515
1170,357,516
1171,357,517
1172,357,518
1173,357,519
1174,357,520
1175,357,521
1176,357,522
1177,357,523
1178,357,524
1179,357,525
1180,357,526
1181,357,527
1182,357,528
1183,357,529
1184,357,530
1185,357,531
1186,357,532
1187,357,533
1188,357,534
1189,357,535
1190,357,536
1191,357,537
1192,357,538
1193,357,539
1194,357,540
1195,357,541
1196,357,542
1197,357,543
1198,357,544
1199,357,545
1200,357,546
1201,357,547
1202,357,548
1203,357,549
1204,357,550
1205,357,551
1206,357,552
1207,357,553
1208,357,554
1209,357,555
1210,357,556
1211,357,557
1212,357,558
1213,357,559
1214,357,560
1215,357,561
1216,357,562
1217,357,563
1218,357,564
1219,358,476
1220,358,477
1221,358,478
1222,358,479
1223,358,480
1224,358,481
1225,358,482
1226,358,483
1227,358,484
1228,358,485
1229,358,486
1230,358,487
1231,358,488
1232,358,489
1233,358,490
1234,358,491
1235,358,492
1236,358,493
1237,358,494
1238,358,495
1239,358,496
1240,358,497
1241,358,498
1242,358,499
1243,358,500
1244,358,501
1245,358,502
1246,358,503
1247,358,504
1248,358,505
1249,358,506
1250,358,507
1251,358,508
1252,358,509
1253,358,510
1254,358,511
1255,358,512
1256,358,513
1257,358,514
1258,358,515
1259,358,516
1260,358,517
1261,358,518
1262,358,519
1263,358,520
1264,358,521
1265,358,522
1266,358,523
1267,358,524
1268,358,525
1269,358,526
1270,358,527
1271,358,528
1272,358,529
1273,358,530
1274,358,531
1275,358,532
1276,358,533
1277,358,534
1278,358,535
1279,358,536
1280,358,537
1281,358,538
1282,358,539
1283,358,540
1284,358,541
1285,358,542
1286,358,543
1287,358,544
1288,358,545
1289,358,546
1290,358,547
1291,358,548
1292,358,549
1293,358,550
1294,358,551
1295,358,552
1296,358,553
1297,358,554
1298,358,555
1299,358,556
1300,358,557
1301,358,558
1302,358,559
1303,358,560
1304,358,561
1305,358,562
1306,358,563
1307,358,564
1308,358,565
1309,359,475
1310,359,476
1311,359,477
1312,359,478
1313,359,479
1314,359,480
1315,359,481
1316,359,482
1317,359,483
1318,359,484
1319,359,485
1320,359,486
1321,359,487
1322,359,488
1323,359,489
1324,359,490
1325,359,491
1326,359,492
1327,359,493
1328,359,494
1329,359,495
1330,359,496
1331,359,497
1332,359,498
1333,359,499
1334,359,500
1335,359,501
1336,359,502
1337,359,503
1338,359,504
1339,359,505
1340,359,506
1341,359,507
1342,359,508
1343,359,509
1344,359,510
1345,359,511
1346,359,512
1347,359,513
1348,359,514
1349,359,515
1350,359,516
1351,359,517
1352,359,518
1353,359,519
1354,359,520
1355,359,521
1356,359,522
1357,359,523
1358,359,524
1359,359,525
1360,359,526
1361,359,527
1362,359,528
1363,359,529
1364,359,530
1365,359,531
1366,359,532
1367,359,533
1368,359,534
1369,359,535
1370,359,536
1371,359,537
1372,359,538
1373,359,539
1374,359,540
1375,359,541
1376,359,542
1377,359,543
1378,359,544
1379,359,545
1380,359,546
1381,359,547
1382,359,548
1383,359,549
1384,359,550
1385,359,551
1386,359,552
1387,359,553
1388,359,554
1389,359,555
1390,359,556
1391,359,557
1392,359,558
1393,359,559
1394,359,560
1395,359,561
1396,359,562
1397,359,563
1398,359,564
1399,359,565
1400,359,566
1401,360,475
1402,360,476
1403,360,477
1404,360,478
1405,360,479
1406,360,480
1407,360,481
1408,360,482
1409,360,483
1410,360,484
1411,360,485
1412,360,486
1413,360,487
1414,360,488
1415,360,489
1416,360,490
1417,360,491
1418,360,492
1419,360,493
1420,360,494
1421,360,495
1422,360,496
1423,360,497
1424,360,498
1425,360,499
1426,360,500
1427,360,501
1428,360,502
1429,360,503
1430,360,504
1431,360,505
1432,360,506
1433,360,507
1434,360,508
1435,360,509
1436,360,510
1437,360,511
1438,360,512
1439,360,513
1440,360,514
1441,360,515
1442,360,516
1443,360,517
1444,360,518
1445,360,519
1446,360,520
1447,360,521
1448,360,522
1449,360,523
1450,360,524
1451,360,525
1452,360,526
1453,360,527
1454,360,528
1455,360,529
1456,360,530
1457,360,531
1458,360,532
1459,360,533
1460,360,534
1461,360,535
1462,360,536
1463,360,537
1464,360,538
1465,360,539
1466,360,540
1467,360,541
1468,360,542
1469,360,543
1470,360,544
1471,360,545
1472,360,546
1473,360,547
1474,360,548
1475,360,549
1476,360,550
1477,360,551
1478,360,552
1479,360,553
1480,360,554
1481,360,555
1482,360,556
1483,360,557
1484,360,558
1485,360,559
1486,360,560
1487,360,561
1488,360,562
1489,360,563
1490,360,564
1491,360,565
1492,360,566
1493,361,475
1494,361,476
1495,361,477
1496,361,478
1497,361,479
1498,361,480
1499,361,481
1500,361,482
1501,361,483
1502,361,484
1503,361,485
1504,361,486
1505,361,487
1506,361,488
1507,361,489
1508,361,490
1509,361,491
1510,361,492
1511,361,493
1512,361,494
1513,361,495
1514,361,496
1515,361,497
1516,361,498
1517,361,499
1518,361,500
1519,361,501
1520,361,502
1521,361,503
1522,361,504
1523,361,505
1524,361,506
1525,361,507
1526,361,508
1527,361,509
1528,361,510
1529,361,511
1530,361,512
1531,361,513
1532,361,514
1533,361,515
1534,361,516
1535,361,517
1536,361,518
1537,361,519
1538,361,520
1539,361,521
1540,361,522
1541,361,523
1542,361,524
1543,361,525
1544,361,526
1545,361,527
1546,361,528
1547,361,529
1548,361,530
1549,361,531
1550,361,532
1551,361,533
1552,361,534
1553,361,535
1554,361,536
1555,361,537
1556,361,538
1557,361,539
1558,361,540
1559,361,541
1560,361,542
1561,361,543
1562,361,544
1563,361,545
1564,361,546
1565,361,547
1566,361,548
1567,361,549
1568,361,550
1569,361,551
1570,361,552
1571,361,553
1572,361,554
1573,361,555
1574,361,556
1575,361,557
1576,361,558
1577,361,559
1578,361,560
1579,361,561
1580,361,562
1581,361,563
1582,361,564
1583,361,565
1584,361,566
1585,361,567
1586,362,474
1587,362,475
1588,362,476
1589,362,477
1590,362,478
1591,362,479
1592,362,480
1593,362,481
1594,362,482
1595,362,483
1596,362,484
1597,362,485
1598,362,486
1599,362,487
1600,362,488
1601,362,489
1602,362,490
1603,362,491
1604,362,492
1605,362,493
1606,362,494
1607,362,495
1608,362,496
1609,362,497
1610,362,498
1611,362,499
1612,362,500
1613,362,501
1614,362,502
1615,362,503
1616,362,504
1617,362,505
1618,362,506
1619,362,507
1620,362,508
1621,362,509
1622,362,510
1623,362,511
1624,362,512
1625,362,513
1626,362,514
1627,362,515
1628,362,516
1629,362,517
1630,362,518
1631,362,519
1632,362,520
1633,362,521
1634,362,522
1635,362,523
1636,362,524
1637,362,525
1638,362,526
1639,362,527
1640,362,528
1641,362,529
1642,362,530
1643,362,531
1644,362,532
1645,362,533
1646,362,534
1647,362,535
1648,362,536
1649,362,537
1650,362,538
1651,362,539
1652,362,540
1653,362,541
1654,362,542
1655,362,543
1656,362,544
1657,362,545
1658,362,546
1659,362,547
1660,362,548
1661,362,549
1662,362,550
1663,362,551
1664,362,552
1665,362,553
1666,362,554
1667,362,555
1668,362,556
1669,362,557
1670,362,558
1671,362,559
1672,362,560
1673,362,561
1674,362,562
1675,362,563
1676,362,564
1677,362,565
1678,362,566
1679,362,567
1680,363,474
1681,363,475
1682,363,476
1683,363,477
1684,363,478
1685,363,479
1686,363,480
1687,363,481
1688,363,482
1689,363,483
1690,363,484
1691,363,485
1692,363,486
1693,363,487
1694,363,488
1695,363,489
1696,363,490
1697,363,491
1698,363,492
1699,363,493
1700,363,494
1701,363,495
1702,363,496
1703,363,497
1704,363,498
1705,363,499
1706,363,500
1707,363,501
1708,363,502
1709,363,503
1710,363,504
1711,363,505
1712,363,506
1713,363,507
1714,363,508
1715,363,509
1716,363,510
1717,363,511
1718,363,512
1719,363,513
1720,363,514
1721,363,515
1722,363,516
1723,363,517
1724,363,518
1725,363,519
1726,363,520
1727,363,521
1728,363,522
1729,363,523
1730,363,524
1731,363,525
1732,363,526
1733,363,527
1734,363,528
1735,363,529
1736,363,530
1737,363,531
1738,363,532
1739,363,533
1740,363,534
1741,363,535
1742,363,536
1743,363,537
1744,363,538
1745,363,539
1746,363,540
1747,363,541
1748,363,542
1749,363,543
1750,363,544
1751,363,545
1752,363,546
1753,363,547
1754,363,548
1755,363,549
1756,363,550
1757,363,551
1758,363,552
1759,363,553
1760,363,554
1761,363,555
1762,363,556
1763,363,557
1764,363,558
1765,363,559
1766,363,560
1767,363,561
1768,363,562
1769,363,563
1770,363,564
1771,363,565
1772,363,566
1773,363,567
1774,363,568
1775,364,474
1776,364,475
1777,364,476
1778,364,477
1779,364,478
1780,364,479
1781,364,480
1782,364,481
1783,364,482
1784,364,483
1785,364,484
1786,364,485
1787,364,486
1788,364,487
1789,364,488
1790,364,489
1791,364,490
1792,364,491
1793,364,492
1794,364,493
1795,364,494
1796,364,495
1797,364,496
1798,364,497
1799,364,498
1800,364,499
1801,364,500
1802,364,501
1803,364,502
1804,364,503
1805,364,504
1806,364,505
1807,364,506
1808,364,507
1809,364,508
1810,364,509
1811,364,510
1812,364,511
1813,364,512
1814,364,513
1815,364,514
1816,364,515
1817,364,516
1818,364,517
1819,364,518
1820,364,519
1821,364,520
1822,364,521
1823,364,522
1824,364,523
1825,364,524
1826,364,525
1827,364,526
1828,364,527
1829,364,528
1830,364,529
1831,364,530
1832,364,531
1833,364,532
1834,364,533
1835,364,534
1836,364,535
1837,364,536
1838,364,537
1839,364,538
1840,364,539
1841,364,540
1842,364,541
1843,364,542
1844,364,543
1845,364,544
1846,364,545
1847,364,546
1848,364,547
1849,364,548
1850,364,549
1851,364,550
1852,364,551
1853,364,552
1854,364,553
1855,364,554
1856,364,555
1857,364,556
1858,364,557
1859,364,558
1860,364,559
1861,364,560
1862,364,561
1863,364,562
1864,364,563
1865,364,564
1866,364,565
1867,364,566
1868,364,567
1869,364,568
1870,364,569
1871,365,473
1872,365,474
1873,365,475
1874,365,476
1875,365,477
1876,365,478
1877,365,479
1878,365,480
1879,365,481
1880,365,482
1881,365,483
1882,365,484
1883,365,485
1884,365,486
1885,365,487
1886,365,488
1887,365,489
1888,365,490
1889,365,491
1890,365,492
1891,365,493
1892,365,494
1893,365,495
1894,365,496
1895,365,497
1896,365,498
1897,365,499
1898,365,500
1899,365,501
1900,365,502
1901,365,503
1902,365,504
1903,365,505
1904,365,506
1905,365,507
1906,365,508
1907,365,509
1908,365,510
1909,365,511
1910,365,512
1911,365,513
1912,365,514
1913,365,515
1914,365,516
1915,365,517
1916,365,518
1917,365,519
1918,365,520
1919,365,521
1920,365,522
1921,365,523
1922,365,524
1923,365,525
1924,365,526
1925,365,527
1926,365,528
1927,365,529
1928,365,530
1929,365,531
1930,365,532
1931,365,533
1932,365,534
1933,365,535
1934,365,536
1935,365,537
1936,365,538
1937,365,539
1938,365,540
1939,365,541
1940,365,542
1941,365,543
1942,365,544
1943,365,545
1944,365,546
1945,365,547
1946,365,548
1947,365,549
1948,365,550
1949,365,551
1950,365,552
1951,365,553
1952,365,554
1953,365,555
1954,365,556
1955,365,557
1956,365,558
1957,365,559
1958,365,560
1959,365,561
1960,365,562
1961,365,563
1962,365,564
1963,365,565
1964,365,566
1965,365,567
1966,365,568
1967,365,569
1968,366,473
1969,366,474
1970,366,475
1971,366,476
1972,366,477
1973,366,478
1974,366,479
1975,366,480
1976,366,481
1977,366,482
1978,366,483
1979,366,484
1980,366,485
1981,366,486
1982,366,487
1983,366,488
1984,366,489
1985,366,490
1986,366,491
1987,366,492
1988,366,493
1989,366,494
1990,366,495
1991,366,496
1992,366,497
1993,366,498
1994,366,499
1995,366,500
1996,366,501
1997,366,502
1998,366,503
1999,366,504
2000,366,505
2001,366,506
2002,366,507
2003,366,508
2004,366,509
2005,366,510
2006,366,511
2007,366,512
2008,366,513
2009,366,514
2010,366,515
2011,366,516
2012,366,517
2013,366,518
2014,366,519
2015,366,520
2016,366,521
2017,366,522
2018,366,523
2019,366,524
2020,366,525
2021,366,526
2022,366,527
2023,366,528
2024,366,529
2025,366,530
2026,366,531
2027,366,532
2028,366,533
2029,366,534
2030,366,535
2031,366,536
2032,366,537
2033,366,538
2034,366,539
2035,366,540
2036,366,541
2037,366,542
2038,366,543
2039,366,544
2040,366,545
2041,366,546
2042,366,547
2043,366,548
2044,366,549
2045,366,550
2046,366,551
2047,366,552
2048,366,553
2049,366,554
2050,366,555
2051,366,556
2052,366,557
2053,366,558
2054,366,559
2055,366,560
2056,366,561
2057,366,562
2058,366,563
2059,366,564
2060,366,565
2061,366,566
2062,366,567
2063,366,568
2064,366,569
2065,366,570
2066,367,473
2067,367,474
2068,367,475
2069,367,476
2070,367,477
2071,367,478
2072,367,479
2073,367,480
2074,367,481
2075,367,482
2076,367,483
2077,367,484
2078,367,485
2079,367,486
2080,367,487
2081,367,488
2082,367,489
2083,367,490
2084,367,491
2085,367,492
2086,367,493
2087,367,494
2088,367,495
2089,367,496
2090,367,497
2091,367,498
2092,367,499
2093,367,500
2094,367,501
2095,367,502
2096,367,503
2097,367,504
2098,367,505
2099,367,506
2100,367,507
2101,367,508
2102,367,509
2103,367,510
2104,367,511
2105,367,512
2106,367,513
2107,367,514
2108,367,515
2109,367,516
2110,367,517
2111,367,518
2112,367,519
2113,367,520
2114,367,521
2115,367,522
2116,367,523
2117,367,524
2118,367,525
2119,367,526
2120,367,527
2121,367,528
2122,367,529
2123,367,530
2124,367,531
2125,367,532
2126,367,533
2127,367,534
2128,367,535
2129,367,536
2130,367,537
2131,367,538
2132,367,539
2133,367,540
2134,367,541
2135,367,542
2136,367,543
2137,367,544
2138,367,545
2139,367,546
2140,367,547
2141,367,548
2142,367,549
2143,367,550
2144,367,551
2145,367,552
2146,367,553
2147,367,554
2148,367,555
2149,367,556
2150,367,557
2151,367,558
2152,367,559
2153,367,560
2154,367,561
2155,367,562
2156,367,563
2157,367,564
2158,367,565
2159,367,566
2160,367,567
2161,367,568
2162,367,569
2163,367,570
2164,367,571
2165,368,473
2166,368,474
2167,368,475
2168,368,476
2169,368,477
2170,368,478
2171,368,479
2172,368,480
2173,368,481
2174,368,482
2175,368,483
2176,368,484
2177,368,485
2178,368,486
2179,368,487
2180,368,488
2181,368,489
2182,368,490
2183,368,491
2184,368,492
2185,368,493
2186,368,494
2187,368,495
2188,368,496
2189,368,497
2190,368,498
2191,368,499
2192,368,500
2193,368,501
2194,368,502
2195,368,503
2196,368,504
2197,368,505
2198,368,506
2199,368,507
2200,368,508
2201,368,509
2202,368,510
2203,368,511
2204,368,512
2205,368,513
2206,368,514
2207,368,515
2208,368,516
2209,368,517
2210,368,518
2211,368,519
2212,368,520
2213,368,521
2214,368,522
2215,368,523
2216,368,524
2217,368,525
2218,368,526
2219,368,527
2220,368,528
2221,368,529
2222,368,530
2223,368,531
2224,368,532
2225,368,533
2226,368,534
2227,368,535
2228,368,536
2229,368,537
2230,368,538
2231,368,539
2232,368,540
2233,368,541
2234,368,542
2235,368,543
2236,368,544
2237,368,545
2238,368,546
2239,368,547
2240,368,548
2241,368,549
2242,368,550
2243,368,551
2244,368,552
2245,368,553
2246,368,554
2247,368,555
2248,368,556
2249,368,557
2250,368,558
2251,368,559
2252,368,560
2253,368,561
2254,368,562
2255,368,563
2256,368,564
2257,368,565
2258,368,566
2259,368,567
2260,368,568
2261,368,569
2262,368,570
2263,368,571
2264,368,572
2265,369,473
2266,369,474
2267,369,475
2268,369,476
2269,369,477
2270,369,478
2271,369,479
2272,369,480
2273,369,481
2274,369,482
2275,369,483
2276,369,484
2277,369,485
2278,369,486
2279,369,487
2280,369,488
2281,369,489
2282,369,490
2283,369,491
2284,369,492
2285,369,493
2286,369,494
2287,369,495
2288,369,496
2289,369,497
2290,369,498
2291,369,499
2292,369,500
2293,369,501
2294,369,502
2295,369,503
2296,369,504
2297,369,505
2298,369,506
2299,369,507
2300,369,508
2301,369,509
2302,369,510
2303,369,511
2304,369,512
2305,369,513
2306,369,514
2307,369,515
2308,369,516
2309,369,517
2310,369,518
2311,369,519
2312,369,520
2313,369,521
2314,369,522
2315,369,523
2316,369,524
2317,369,525
2318,369,526
2319,369,527
2320,369,528
2321,369,529
2322,369,530
2323,369,531
2324,369,532
2325,369,533
2326,369,534
2327,369,535
2328,369,536
2329,369,537
2330,369,538
2331,369,539
2332,369,540
2333,369,541
2334,369,542
2335,369,543
2336,369,544
2337,369,545
2338,369,546
2339,369,547
2340,369,548
2341,369,549
2342,369,550
2343,369,551
2344,369,552
2345,369,553
2346,369,554
2347,369,555
2348,369,556
2349,369,557
2350,369,558
2351,369,559
2352,369,560
2353,369,561
2354,369,562
2355,369,563
2356,369,564
2357,369,565
2358,369,566
2359,369,567
2360,369,568
2361,369,569
2362,369,570
2363,369,571
2364,369,572
2365,370,473
2366,370,474
2367,370,475
2368,370,476
2369,370,477
2370,370,478
2371,370,479
2372,370,480
2373,370,481
2374,370,482
2375,370,483
2376,370,484
2377,370,485
2378,370,486
2379,370,487
2380,370,488
2381,370,489
2382,370,490
2383,370,491
2384,370,492
2385,370,493
2386,370,494
2387,370,495
2388,370,496
2389,370,497
2390,370,498
2391,370,499
2392,370,500
2393,370,501
2394,370,502
2395,370,503
2396,370,504
2397,370,505
2398,370,506
2399,370,507
2400,370,508
2401,370,509
2402,370,510
2403,370,511
2404,370,512
2405,370,513
2406,370,514
2407,370,515
2408,370,516
2409,370,517
2410,370,518
2411,370,519
2412,370,520
2413,370,521
2414,370,522
2415,370,523
2416,370,524
2417,370,525
2418,370,526
2419,370,527
2420,370,528
2421,370,529
2422,370,530
2423,370,531
2424,370,532
2425,370,533
2426,370,534
2427,370,535
2428,370,536
2429,370,537
2430,370,538
2431,370,539
2432,370,540
2433,370,541
2434,370,542
2435,370,543
2436,370,544
2437,370,545
2438,370,546
2439,370,547
2440,370,548
2441,370,549
2442,370,550
2443,370,551
2444,370,552
2445,370,553
2446,370,554
2447,370,555
2448,370,556
2449,370,557
2450,370,558
2451,370,559
2452,370,560
2453,370,561
2454,370,562
2455,370,563
2456,370,564
2457,370,565
2458,370,566
2459,370,567
2460,370,568
2461,370,569
2462,370,570
2463,370,571
2464,370,572
2465,370,573
2466,371,473
2467,371,474
2468,371,475
2469,371,476
2470,371,477
2471,371,478
2472,371,479
2473,371,480
2474,371,481
2475,371,482
2476,371,483
2477,371,484
2478,371,485
2479,371,486
2480,371,487
2481,371,488
2482,371,489
2483,371,490
2484,371,491
2485,371,492
2486,371,493
2487,371,494
2488,371,495
2489,371,496
2490,371,497
2491,371,498
2492,371,499
2493,371,500
2494,371,501
2495,371,502
2496,371,503
2497,371,504
2498,371,505
2499,371,506
2500,371,507
2501,371,508
2502,371,509
2503,371,510
2504,371,511
2505,371,512
2506,371,513
2507,371,514
2508,371,515
2509,371,516
2510,371,517
2511,371,518
2512,371,519
2513,371,520
2514,371,521
2515,371,522
2516,371,523
2517,371,524
2518,371,525
2519,371,526
2520,371,527
2521,371,528
2522,371,529
2523,371,530
2524,371,531
2525,371,532
2526,371,533
2527,371,534
2528,371,535
2529,371,536
2530,371,537
2531,371,538
2532,371,539
2533,371,540
2534,371,541
2535,371,542
2536,371,543
2537,371,544
2538,371,545
2539,371,546
2540,371,547
2541,371,548
2542,371,549
2543,371,550
2544,371,551
2545,371,552
2546,371,553
2547,371,554
2548,371,555
2549,371,556
2550,371,557
2551,371,558
2552,371,559
2553,371,560
2554,371,561
2555,371,562
2556,371,563
2557,371,564
2558,371,565
2559,371,566
2560,371,567
2561,371,568
2562,371,569
2563,371,570
2564,371,571
2565,371,572
2566,371,573
2567,372,473
2568,372,474
2569,372,475
2570,372,476
2571,372,477
2572,372,478
2573,372,479
2574,372,480
2575,372,481
2576,372,482
2577,372,483
2578,372,484
2579,372,485
2580,372,486
2581,372,487
2582,372,488
2583,372,489
2584,372,490
2585,372,491
2586,372,492
2587,372,493
2588,372,494
2589,372,495
2590,372,496
2591,372,497
2592,372,498
2593,372,499
2594,372,500
2595,372,501
2596,372,502
2597,372,503
2598,372,504
2599,372,505
2600,372,506
2601,372,507
2602,372,508
2603,372,509
2604,372,510
2605,372,511
2606,372,512
2607,372,513
2608,372,514
2609,372,515
2610,372,516
2611,372,517
2612,372,518
2613,372,519
2614,372,520
2615,372,521
2616,372,522
2617,372,523
2618,372,524
2619,372,525
2620,372,526
2621,372,527
2622,372,528
2623,372,529
2624,372,530
2625,372,531
2626,372,532
2627,372,533
2628,372,534
2629,372,535
2630,372,536
2631,372,537
2632,372,538
2633,372,539
2634,372,540
2635,372,541
2636,372,542
2637,372,543
2638,372,544
2639,372,545
2640,372,546
2641,372,547
2642,372,548
2643,372,549
2644,372,550
2645,372,551
2646,372,552
2647,372,553
2648,372,554
2649,372,555
2650,372,556
2651,372,557
2652,372,558
2653,372,559
2654,372,560
2655,372,561
2656,372,562
2657,372,563
2658,372,564
2659,372,565
2660,372,566
2661,372,567
2662,372,568
2663,372,569
2664,372,570
2665,372,571
2666,372,572
2667,372,573
2668,372,574
2669,373,473
2670,373,474
2671,373,475
2672,373,476
2673,373,477
2674,373,478
2675,373,479
2676,373,480
2677,373,481
2678,373,482
2679,373,483
2680,373,484
2681,373,485
2682,373,486
2683,373,487
2684,373,488
2685,373,489
2686,373,490
2687,373,491
2688,373,492
2689,373,493
2690,373,494
2691,373,495
2692,373,496
2693,373,497
2694,373,498
2695,373,499
2696,373,500
2697,373,501
2698,373,502
2699,373,503
2700,373,504
2701,373,505
2702,373,506
2703,373,507
2704,373,508
2705,373,509
2706,373,510
2707,373,511
2708,373,512
2709,373,513
2710,373,514
2711,373,515
2712,373,516
2713,373,517
2714,373,518
2715,373,519
2716,373,520
2717,373,521
2718,373,522
2719,373,523
2720,373,524
2721,373,525
2722,373,526
2723,373,527
2724,373,528
2725,373,529
2726,373,530
2727,373,531
2728,373,532
2729,373,533
2730,373,534
2731,373,535
2732,373,536
2733,373,537
2734,373,538
2735,373,539
2736,373,540
2737,373,541
2738,373,542
2739,373,543
2740,373,544
2741,373,545
2742,373,546
2743,373,547
2744,373,548
2745,373,549
2746,373,550
2747,373,551
2748,373,552
2749,373,553
2750,373,554
2751,373,555
2752,373,556
2753,373,557
2754,373,558
2755,373,559
2756,373,560
2757,373,561
2758,373,562
2759,373,563
2760,373,564
2761,373,565
2762,373,566
2763,373,567
2764,373,568
2765,373,569
2766,373,570
2767,373,571
2768,373,572
2769,373,573
2770,373,574
2771,374,473
2772,374,474
2773,374,475
2774,374,476
2775,374,477
2776,374,478
2777,374,479
2778,374,480
2779,374,481
2780,374,482
2781,374,483
2782,374,484
2783,374,485
2784,374,486
2785,374,487
2786,374,488
2787,374,489
2788,374,490
2789,374,491
2790,374,492
2791,374,493
2792,374,494
2793,374,495
2794,374,496
2795,374,497
2796,374,498
2797,374,499
2798,374,500
2799,374,501
2800,374,502
2801,374,503
2802,374,504
2803,374,505
2804,374,506
2805,374,507
2806,374,508
2807,374,509
2808,374,510
2809,374,511
2810,374,512
2811,374,513
2812,374,514
2813,374,515
2814,374,516
2815,374,517
2816,374,518
2817,374,519
2818,374,520
2819,374,521
2820,374,522
2821,374,523
2822,374,524
2823,374,525
2824,374,526
2825,374,527
2826,374,528
2827,374,529
2828,374,530
2829,374,531
2830,374,532
2831,374,533
2832,374,534
2833,374,535
2834,374,536
2835,374,537
2836,374,538
2837,374,539
2838,374,540
2839,374,541
2840,374,542
2841,374,543
2842,374,544
2843,374,545
2844,374,546
2845,374,547
2846,374,548
2847,374,549
2848,374,550
2849,374,551
2850,374,552
2851,374,553
2852,374,554
2853,374,555
2854,374,556
2855,374,557
2856,374,558
2857,374,559
2858,374,560
2859,374,561
2860,374,562
2861,374,563
2862,374,564
2863,374,565
2864,374,566
2865,374,567
2866,374,568
2867,374,569
2868,374,570
2869,374,571
2870,374,572
2871,374,573
2872,374,574
2873,374,575
2874,375,473
2875,375,474
2876,375,475
2877,375,476
2878,375,477
2879,375,478
2880,375,479
2881,375,480
2882,375,481
2883,375,482
2884,375,483
2885,375,484
2886,375,485
2887,375,486
2888,375,487
2889,375,488
2890,375,489
2891,375,490
2892,375,491
2893,375,492
2894,375,493
2895,375,494
2896,375,495
2897,375,496
2898,375,497
2899,375,498
2900,375,499
2901,375,500
2902,375,501
2903,375,502
2904,375,503
2905,375,504
2906,375,505
2907,375,506
2908,375,507
2909,375,508
2910,375,509
2911,375,510
2912,375,511
2913,375,512
2914,375,513
2915,375,514
2916,375,515
2917,375,516
2918,375,517
2919,375,518
2920,375,519
2921,375,520
2922,375,521
2923,375,522
2924,375,523
2925,375,524
2926,375,525
2927,375,526
2928,375,527
2929,375,528
2930,375,529
2931,375,530
2932,375,531
2933,375,532
2934,375,533
2935,375,534
2936,375,535
2937,375,536
2938,375,537
2939,375,538
2940,375,539
2941,375,540
2942,375,541
2943,375,542
2944,375,543
2945,375,544
2946,375,545
2947,375,546
2948,375,547
2949,375,548
2950,375,549
2951,375,550
2952,375,551
2953,375,552
2954,375,553
2955,375,554
2956,375,555
2957,375,556
2958,375,557
2959,375,558
2960,375,559
2961,375,560
2962,375,561
2963,375,562
2964,375,563
2965,375,564
2966,375,565
2967,375,566
2968,375,567
2969,375,568
2970,375,569
2971,375,570
2972,375,571
2973,375,572
2974,375,573
2975,375,574
2976,375,575
2977,376,473
2978,376,474
2979,376,475
2980,376,476
2981,376,477
2982,376,478
2983,376,479
2984,376,480
2985,376,481
2986,376,482
2987,376,483
2988,376,484
2989,376,485
2990,376,486
2991,376,487
2992,376,488
2993,376,489
2994,376,490
2995,376,491
2996,376,492
2997,376,493
2998,376,494
2999,376,495
3000,376,496
3001,376,497
3002,376,498
3003,376,499
3004,376,500
3005,376,501
3006,376,502
3007,376,503
3008,376,504
3009,376,505
3010,376,506
3011,376,507
3012,376,508
3013,376,509
3014,376,510
3015,376,511
3016,376,512
3017,376,513
3018,376,514
3019,376,515
3020,376,516
3021,376,517
3022,376,518
3023,376,519
3024,376,520
3025,376,521
3026,376,522
3027,376,523
3028,376,524
3029,376,525
3030,376,526
3031,376,527
3032,376,528
3033,376,529
3034,376,530
3035,376,531
3036,376,532
3037,376,533
3038,376,534
3039,376,535
3040,376,536
3041,376,537
3042,376,538
3043,376,539
3044,376,540
3045,376,541
3046,376,542
3047,376,543
3048,376,544
3049,376,545
3050,376,546
3051,376,547
3052,376,548
3053,376,549
3054,376,550
3055,376,551
3056,376,552
3057,376,553
3058,376,554
3059,376,555
3060,376,556
3061,376,557
3062,376,558
3063,376,559
3064,376,560
3065,376,561
3066,376,562
3067,376,563
3068,376,564
3069,376,565
3070,376,566
3071,376,567
3072,376,568
3073,376,569
3074,376,570
3075,376,571
3076,376,572
3077,376,573
3078,376,574
3079,376,575
3080,377,472
3081,377,473
3082,377,474
3083,377,475
3084,377,476
3085,377,477
3086,377,478
3087,377,479
3088,377,480
3089,377,481
3090,377,482
3091,377,483
3092,377,484
3093,377,485
3094,377,486
3095,377,487
3096,377,488
3097,377,489
3098,377,490
3099,377,491
3100,377,492
3101,377,493
3102,377,494
3103,377,495
3104,377,496
3105,377,497
3106,377,498
3107,377,499
3108,377,500
3109,377,501
3110,377,502
3111,377,503
3112,377,504
3113,377,505
3114,377,506
3115,377,507
3116,377,508
3117,377,509
3118,377,510
3119,377,511
3120,377,512
3121,377,513
3122,377,514
3123,377,515
3124,377,516
3125,377,517
3126,377,518
3127,377,519
3128,377,520
3129,377,521
3130,377,522
3131,377,523
3132,377,524
3133,377,525
3134,377,526
3135,377,527
3136,377,528
3137,377,529
3138,377,530
3139,377,531
3140,377,532
3141,377,533
3142,377,534
3143,377,535
3144,377,536
3145,377,537
3146,377,538
3147,377,539
3148,377,540
3149,377,541
3150,377,542
3151,377,543
3152,377,544
3153,377,545
3154,377,546
3155,377,547
3156,377,548
3157,377,549
3158,377,550
3159,377,551
3160,377,552
3161,377,553
3162,377,554
3163,377,555
3164,377,556
3165,377,557
3166,377,558
3167,377,559
3168,377,560
3169,377,561
3170,377,562
3171,377,563
3172,377,564
3173,377,565
3174,377,566
3175,377,567
3176,377,568
3177,377,569
3178,377,570
3179,377,571
3180,377,572
3181,377,573
3182,377,574
3183,377,575
3184,377,576
3185,378,472
3186,378,473
3187,378,474
3188,378,475
3189,378,476
3190,378,477
3191,378,478
3192,378,479
3193,378,480
3194,378,481
3195,378,482
3196,378,483
3197,378,484
3198,378,485
3199,378,486
3200,378,487
3201,378,488
3202,378,489
3203,378,490
3204,378,491
3205,378,492
3206,378,493
3207,378,494
3208,378,495
3209,378,496
3210,378,497
3211,378,498
3212,378,499
3213,378,500
3214,378,501
3215,378,502
3216,378,503
3217,378,504
3218,378,505
3219,378,506
3220,378,507
3221,378,508
3222,378,509
3223,378,510
3224,378,511
3225,378,512
3226,378,513
3227,378,514
3228,378,515
3229,378,516
3230,378,517
3231,378,518
3232,378,519
3233,378,520
3234,378,521
3235,378,522
3236,378,523
3237,378,524
3238,378,525
3239,378,526
3240,378,527
3241,378,528
3242,378,529
3243,378,530
3244,378,531
3245,378,532
3246,378,533
3247,378,534
3248,378,535
3249,378,536
3250,378,537
3251,378,538
3252,378,539
3253,378,540
3254,378,541
3255,378,542
3256,378,543
3257,378,544
3258,378,545
3259,378,546
3260,378,547
3261,378,548
3262,378,549
3263,378,550
3264,378,551
3265,378,552
3266,378,553
3267,378,554
3268,378,555
3269,378,556
3270,378,557
3271,378,558
3272,378,559
3273,378,560
3274,378,561
3275,378,562
3276,378,563
3277,378,564
3278,378,565
3279,378,566
3280,378,567
3281,378,568
3282,378,569
3283,378,570
3284,378,571
3285,378,572
3286,378,573
3287,378,574
3288,378,575
3289,378,576
3290,379,472
3291,379,473
3292,379,474
3293,379,475
3294,379,476
3295,379,477
3296,379,478
3297,379,479
3298,379,480
3299,379,481
3300,379,482
3301,379,483
3302,379,484
3303,379,485
3304,379,486
3305,379,487
3306,379,488
3307,379,489
3308,379,490
3309,379,491
3310,379,492
3311,379,493
3312,379,494
3313,379,495
3314,379,496
3315,379,497
3316,379,498
3317,379,499
3318,379,500
3319,379,501
3320,379,502
3321,379,503
3322,379,504
3323,379,505
3324,379,506
3325,379,507
3326,379,508
3327,379,509
3328,379,510
3329,379,511
3330,379,512
3331,379,513
3332,379,514
3333,379,515
3334,379,516
3335,379,517
3336,379,518
3337,379,519
3338,379,520
3339,379,521
3340,379,522
3341,379,523
3342,379,524
3343,379,525
3344,379,526
3345,379,527
3346,379,528
3347,379,529
3348,379,530
3349,379,531
3350,379,532
3351,379,533
3352,379,534
3353,379,535
3354,379,536
3355,379,537
3356,379,538
3357,379,539
3358,379,540
3359,379,541
3360,379,542
3361,379,543
3362,379,544
3363,379,545
3364,379,546
3365,379,547
3366,379,548
3367,379,549
3368,379,550
3369,379,551
3370,379,552
3371,379,553
3372,379,554
3373,379,555
3374,379,556
3375,379,557
3376,379,558
3377,379,559
3378,379,560
3379,379,561
3380,379,562
3381,379,563
3382,379,564
3383,379,565
3384,379,566
3385,379,567
3386,379,568
3387,379,569
3388,379,570
3389,379,571
3390,379,572
3391,379,573
3392,379,574
3393,379,575
3394,379,576
3395,380,472
3396,380,473
3397,380,474
3398,380,475
3399,380,476
3400,380,477
3401,380,478
3402,380,479
3403,380,480
3404,380,481
3405,380,482
3406,380,483
3407,380,484
3408,380,485
3409,380,486
3410,380,487
3411,380,488
3412,380,489
3413,380,490
3414,380,491
3415,380,492
3416,380,493
3417,380,494
3418,380,495
3419,380,496
3420,380,497
3421,380,498
3422,380,499
3423,380,500
3424,380,501
3425,380,502
3426,380,503
3427,380,504
3428,380,505
3429,380,506
3430,380,507
3431,380,508
3432,380,509
3433,380,510
3434,380,511
3435,380,512
3436,380,513
3437,380,514
3438,380,515
3439,380,516
3440,380,517
3441,380,518
3442,380,519
3443,380,520
3444,380,521
3445,380,522
3446,380,523
3447,380,524
3448,380,525
3449,380,526
3450,380,527
3451,380,528
3452,380,529
3453,380,530
3454,380,531
3455,380,532
3456,380,533
3457,380,534
3458,380,535
3459,380,536
3460,380,537
3461,380,538
3462,380,539
3463,380,540
3464,380,541
3465,380,542
3466,380,543
3467,380,544
3468,380,545
3469,380,546
3470,380,547
3471,380,548
3472,380,549
3473,380,550
3474,380,551
3475,380,552
3476,380,553
3477,380,554
3478,380,555
3479,380,556
3480,380,557
3481,380,558
3482,380,559
3483,380,560
3484,380,561
3485,380,562
3486,380,563
3487,380,564
3488,380,565
3489,380,566
3490,380,567
3491,380,568
3492,380,569
3493,380,570
3494,380,571
3495,380,572
3496,380,573
3497,380,574
3498,380,575
3499,380,576
3500,380,577
3501,381,472
3502,381,473
3503,381,474
3504,381,475
3505,381,476
3506,381,477
3507,381,478
3508,381,479
3509,381,480
3510,381,481
3511,381,482
3512,381,483
3513,381,484
3514,381,485
3515,381,486
3516,381,487
3517,381,488
3518,381,489
3519,381,490
3520,381,491
3521,381,492
3522,381,493
3523,381,494
3524,381,495
3525,381,496
3526,381,497
3527,381,498
3528,381,499
3529,381,500
3530,381,501
3531,381,502
3532,381,503
3533,381,504
3534,381,505
3535,381,506
3536,381,507
3537,381,508
3538,381,509
3539,381,510
3540,381,511
3541,381,512
3542,381,513
3543,381,514
3544,381,515
3545,381,516
3546,381,517
3547,381,518
3548,381,519
3549,381,520
3550,381,521
3551,381,522
3552,381,523
3553,381,524
3554,381,525
3555,381,526
3556,381,527
3557,381,528
3558,381,529
3559,381,530
3560,381,531
3561,381,532
3562,381,533
3563,381,534
3564,381,535
3565,381,536
3566,381,537
3567,381,538
3568,381,539
3569,381,540
3570,381,541
3571,381,542
3572,381,543
3573,381,544
3574,381,545
3575,381,546
3576,381,547
3577,381,548
3578,381,549
3579,381,550
3580,381,551
3581,381,552
3582,381,553
3583,381,554
3584,381,555
3585,381,556
3586,381,557
3587,381,558
3588,381,559
3589,381,560
3590,381,561
3591,381,562
3592,381,563
3593,381,564
3594,381,565
3595,381,566
3596,381,567
3597,381,568
3598,381,569
3599,381,570
3600,381,571
3601,381,572
3602,381,573
3603,381,574
3604,381,575
3605,381,576
3606,381,577
3607,382,472
3608,382,473
3609,382,474
3610,382,475
3611,382,476
3612,382,477
3613,382,478
3614,382,479
3615,382,480
3616,382,481
3617,382,482
3618,382,483
3619,382,484
3620,382,485
3621,382,486
3622,382,487
3623,382,488
3624,382,489
3625,382,490
3626,382,491
3627,382,492
3628,382,493
3629,382,494
3630,382,495
3631,382,496
3632,382,497
3633,382,498
3634,382,499
3635,382,500
3636,382,501
3637,382,502
3638,382,503
3639,382,504
3640,382,505
3641,382,506
3642,382,507
3643,382,508
3644,382,509
3645,382,510
3646,382,511
3647,382,512
3648,382,513
3649,382,514
3650,382,515
3651,382,516
3652,382,517
3653,382,518
3654,382,519
3655,382,520
3656,382,521
3657,382,522
3658,382,523
3659,382,524
3660,382,525
3661,382,526
3662,382,527
3663,382,528
3664,382,529
3665,382,530
3666,382,531
3667,382,532
3668,382,533
3669,382,534
3670,382,535
3671,382,536
3672,382,537
3673,382,538
3674,382,539
3675,382,540
3676,382,541
3677,382,542
3678,382,543
3679,382,544
3680,382,545
3681,382,546
3682,382,547
3683,382,548
3684,382,549
3685,382,550
3686,382,551
3687,382,552
3688,382,553
3689,382,554
3690,382,555
3691,382,556
3692,382,557
3693,382,558
3694,382,559
3695,382,560
3696,382,561
3697,382,562
3698,382,563
3699,382,564
3700,382,565
3701,382,566
3702,382,567
3703,382,568
3704,382,569
3705,382,570
3706,382,571
3707,382,572
3708,382,573
3709,382,574
3710,382,575
3711,382,576
3712,382,577
3713,383,472
3714,383,473
3715,383,474
3716,383,475
3717,383,476
3718,383,477
3719,383,478
3720,383,479
3721,383,480
3722,383,481
3723,383,482
3724,383,483
3725,383,484
3726,383,485
3727,383,486
3728,383,487
3729,383,488
3730,383,489
3731,383,490
3732,383,491
3733,383,492
3734,383,493
3735,383,494
3736,383,495
3737,383,496
3738,383,497
3739,383,498
3740,383,499
3741,383,500
3742,383,501
3743,383,502
3744,383,503
3745,383,504
3746,383,505
3747,383,506
3748,383,507
3749,383,508
3750,383,509
3751,383,510
3752,383,511
3753,383,512
3754,383,513
3755,383,514
3756,383,515
3757,383,516
3758,383,517
3759,383,518
3760,383,519
3761,383,520
3762,383,521
3763,383,522
3764,383,523
3765,383,524
3766,383,525
3767,383,526
3768,383,527
3769,383,528
3770,383,529
3771,383,530
3772,383,531
3773,383,532
3774,383,533
3775,383,534
3776,383,535
3777,383,536
3778,383,537
3779,383,538
3780,383,539
3781,383,540
3782,383,541
3783,383,542
3784,383,543
3785,383,544
3786,383,545
3787,383,546
3788,383,547
3789,383,548
3790,383,549
3791,383,550
3792,383,551
3793,383,552
3794,383,553
3795,383,554
3796,383,555
3797,383,556
3798,383,557
3799,383,558
3800,383,559
3801,383,560
3802,383,561
3803,383,562
3804,383,563
3805,383,564
3806,383,565
3807,383,566
3808,383,567
3809,383,568
3810,383,569
3811,383,570
3812,383,571
3813,383,572
3814,383,573
3815,383,574
3816,383,575
3817,383,576
3818,383,577
3819,383,578
3820,384,472
3821,384,473
3822,384,474
3823,384,475
3824,384,476
3825,384,477
3826,384,478
3827,384,479
3828,384,480
3829,384,481
3830,384,482
3831,384,483
3832,384,484
3833,384,485
3834,384,486
3835,384,487
3836,384,488
3837,384,489
3838,384,490
3839,384,491
3840,384,492
3841,384,493
3842,384,494
3843,384,495
3844,384,496
3845,384,497
3846,384,498
3847,384,499
3848,384,500
3849,384,501
3850,384,502
3851,384,503
3852,384,504
3853,384,505
3854,384,506
3855,384,507
3856,384,508
3857,384,509
3858,384,510
3859,384,511
3860,384,512
3861,384,513
3862,384,514
3863,384,515
3864,384,516
3865,384,517
3866,384,518
3867,384,519
3868,384,520
3869,384,521
3870,384,522
3871,384,523
3872,384,524
3873,384,525
3874,384,526
3875,384,527
3876,384,528
3877,384,529
3878,384,530
3879,384,531
3880,384,532
3881,384,533
3882,384,534
3883,384,535
3884,384,536
3885,384,537
3886,384,538
3887,384,539
3888,384,540
3889,384,541
3890,384,542
3891,384,543
3892,384,544
3893,384,545
3894,384,546
3895,384,547
3896,384,548
3897,384,549
3898,384,550
3899,384,551
3900,384,552
3901,384,553
3902,384,554
3903,384,555
3904,384,556
3905,384,557
3906,384,558
3907,384,559
3908,384,560
3909,384,561
3910,384,562
3911,384,563
3912,384,564
3913,384,565
3914,384,566
3915,384,567
3916,384,568
3917,384,569
3918,384,570
3919,384,571
3920,384,572
3921,384,573
3922,384,574
3923,384,575
3924,384,576
3925,384,577
3926,384,578
3927,385,472
3928,385,473
3929,385,474
3930,385,475
3931,385,476
3932,385,477
3933,385,478
3934,385,479
3935,385,480
3936,385,481
3937,385,482
3938,385,483
3939,385,484
3940,385,485
3941,385,486
3942,385,487
3943,385,488
3944,385,489
3945,385,490
3946,385,491
3947,385,492
3948,385,493
3949,385,494
3950,385,495
3951,385,496
3952,385,497
3953,385,498
3954,385,499
3955,385,500
3956,385,501
3957,385,502
3958,385,503
3959,385,504
3960,385,505
3961,385,506
3962,385,507
3963,385,508
3964,385,509
3965,385,510
3966,385,511
3967,385,512
3968,385,513
3969,385,514
3970,385,515
3971,385,516
3972,385,517
3973,385,518
3974,385,519
3975,385,520
3976,385,521
3977,385,522
3978,385,523
3979,385,524
3980,385,525
3981,385,526
3982,385,527
3983,385,528
3984,385,529
3985,385,530
3986,385,531
3987,385,532
3988,385,533
3989,385,534
3990,385,535
3991,385,536
3992,385,537
3993,385,538
3994,385,539
3995,385,540
3996,385,541
3997,385,542
3998,385,543
3999,385,544
4000,385,545
4001,385,546
4002,385,547
4003,385,548
4004,385,549
4005,385,550
4006,385,551
4007,385,552
4008,385,553
4009,385,554
4010,385,555
4011,385,556
4012,385,557
4013,385,558
4014,385,559
4015,385,560
4016,385,561
4017,385,562
4018,385,563
4019,385,564
4020,385,565
4021,385,566
4022,385,567
4023,385,568
4024,385,569
4025,385,570
4026,385,571
4027,385,572
4028,385,573
4029,385,574
4030,385,575
4031,385,576
4032,385,577
4033,385,578
4034,386,472
4035,386,473
4036,386,474
4037,386,475
4038,386,476
4039,386,477
4040,386,478
4041,386,479
4042,386,480
4043,386,481
4044,386,482
4045,386,483
4046,386,484
4047,386,485
4048,386,486
4049,386,487
4050,386,488
4051,386,489
4052,386,490
4053,386,491
4054,386,492
4055,386,493
4056,386,494
4057,386,495
4058,386,496
4059,386,497
4060,386,498
4061,386,499
4062,386,500
4063,386,501
4064,386,502
4065,386,503
4066,386,504
4067,386,505
4068,386,506
4069,386,507
4070,386,508
4071,386,509
4072,386,510
4073,386,511
4074,386,512
4075,386,513
4076,386,514
4077,386,515
4078,386,516
4079,386,517
4080,386,518
4081,386,519
4082,386,520
4083,386,521
4084,386,522
4085,386,523
4086,386,524
4087,386,525
4088,386,526
4089,386,527
4090,386,528
4091,386,529
4092,386,530
4093,386,531
4094,386,532
4095,386,533
4096,386,534
4097,386,535
4098,386,536
4099,386,537
4100,386,538
4101,386,539
4102,386,540
4103,386,541
4104,386,542
4105,386,543
4106,386,544
4107,386,545
4108,386,546
4109,386,547
4110,386,548
4111,386,549
4112,386,550
4113,386,551
4114,386,552
4115,386,553
4116,386,554
4117,386,555
4118,386,556
4119,386,557
4120,386,558
4121,386,559
4122,386,560
4123,386,561
4124,386,562
4125,386,563
4126,386,564
4127,386,565
4128,386,566
4129,386,567
4130,386,568
4131,386,569
4132,386,570
4133,386,571
4134,386,572
4135,386,573
4136,386,574
4137,386,575
4138,386,576
4139,386,577
4140,386,578
4141,387,472
4142,387,473
4143,387,474
4144,387,475
4145,387,476
4146,387,477
4147,387,478
4148,387,479
4149,387,480
4150,387,481
4151,387,482
4152,387,483
4153,387,484
4154,387,485
4155,387,486
4156,387,487
4157,387,488
4158,387,489
4159,387,490
4160,387,491
4161,387,492
4162,387,493
4163,387,494
4164,387,495
4165,387,496
4166,387,497
4167,387,498
4168,387,499
4169,387,500
4170,387,501
4171,387,502
4172,387,503
4173,387,504
4174,387,505
4175,387,506
4176,387,507
4177,387,508
4178,387,509
4179,387,510
4180,387,511
4181,387,512
4182,387,513
4183,387,514
4184,387,515
4185,387,516
4186,387,517
4187,387,518
4188,387,519
4189,387,520
4190,387,521
4191,387,522
4192,387,523
4193,387,524
4194,387,525
4195,387,526
4196,387,527
4197,387,528
4198,387,529
4199,387,530
4200,387,531
4201,387,532
4202,387,533
4203,387,534
4204,387,535
4205,387,536
4206,387,537
4207,387,538
4208,387,539
4209,387,540
4210,387,541
4211,387,542
4212,387,543
4213,387,544
4214,387,545
4215,387,546
4216,387,547
4217,387,548
4218,387,549
4219,387,550
4220,387,551
4221,387,552
4222,387,553
4223,387,554
4224,387,555
4225,387,556
4226,387,557
4227,387,558
4228,387,559
4229,387,560
4230,387,561
4231,387,562
4232,387,563
4233,387,564
4234,387,565
4235,387,566
4236,387,567
4237,387,568
4238,387,569
4239,387,570
4240,387,571
4241,387,572
4242,387,573
4243,387,574
4244,387,575
4245,387,576
4246,387,577
4247,387,578
4248,388,472
4249,388,473
4250,388,474
4251,388,475
4252,388,476
4253,388,477
4254,388,478
4255,388,479
4256,388,480
4257,388,481
4258,388,482
4259,388,483
4260,388,484
4261,388,485
4262,388,486
4263,388,487
4264,388,488
4265,388,489
4266,388,490
4267,388,491
4268,388,492
4269,388,493
4270,388,494
4271,388,495
4272,388,496
4273,388,497
4274,388,498
4275,388,499
4276,388,500
4277,388,501
4278,388,502
4279,388,503
4280,388,504
4281,388,505
4282,388,506
4283,388,507
4284,388,508
4285,388,509
4286,388,510
4287,388,511
4288,388,512
4289,388,513
4290,388,514
4291,388,515
4292,388,516
4293,388,517
4294,388,518
4295,388,519
4296,388,520
4297,388,521
4298,388,522
4299,388,523
4300,388,524
4301,388,525
4302,388,526
4303,388,527
4304,388,528
4305,388,529
4306,388,530
4307,388,531
4308,388,532
4309,388,533
4310,388,534
4311,388,535
4312,388,536
4313,388,537
4314,388,538
4315,388,539
4316,388,540
4317,388,541
4318,388,542
4319,388,543
4320,388,544
4321,388,545
4322,388,546
4323,388,547
4324,388,548
4325,388,549
4326,388,550
4327,388,551
4328,388,552
4329,388,553
4330,388,554
4331,388,555
4332,388,556
4333,388,557
4334,388,558
4335,388,559
4336,388,560
4337,388,561
4338,388,562
4339,388,563
4340,388,564
4341,388,565
4342,388,566
4343,388,567
4344,388,568
4345,388,569
4346,388,570
4347,388,571
4348,388,572
4349,388,573
4350,388,574
4351,388,575
4352,388,576
4353,388,577
4354,388,578
4355,389,472
4356,389,473
4357,389,474
4358,389,475
4359,389,476
4360,389,477
4361,389,478
4362,389,479
4363,389,480
4364,389,481
4365,389,482
4366,389,483
4367,389,484
4368,389,485
4369,389,486
4370,389,487
4371,389,488
4372,389,489
4373,389,490
4374,389,491
4375,389,492
4376,389,493
4377,389,494
4378,389,495
4379,389,496
4380,389,497
4381,389,498
4382,389,499
4383,389,500
4384,389,501
4385,389,502
4386,389,503
4387,389,504
4388,389,505
4389,389,506
4390,389,507
4391,389,508
4392,389,509
4393,389,510
4394,389,511
4395,389,512
4396,389,513
4397,389,514
4398,389,515
4399,389,516
4400,389,517
4401,389,518
4402,389,519
4403,389,520
4404,389,521
4405,389,522
4406,389,523
4407,389,524
4408,389,525
4409,389,526
4410,389,527
4411,389,528
4412,389,529
4413,389,530
4414,389,531
4415,389,532
4416,389,533
4417,389,534
4418,389,535
4419,389,536
4420,389,537
4421,389,538
4422,389,539
4423,389,540
4424,389,541
4425,389,542
4426,389,543
4427,389,544
4428,389,545
4429,389,546
4430,389,547
4431,389,548
4432,389,549
4433,389,550
4434,389,551
4435,389,552
4436,389,553
4437,389,554
4438,389,555
4439,389,556
4440,389,557
4441,389,558
4442,389,559
4443,389,560
4444,389,561
4445,389,562
4446,389,563
4447,389,564
4448,389,565
4449,389,566
4450,389,567
4451,389,568
4452,389,569
4453,389,570
4454,389,571
4455,389,572
4456,389,573
4457,389,574
4458,389,575
4459,389,576
4460,389,577
4461,389,578
4462,390,472
4463,390,473
4464,390,474
4465,390,475
4466,390,476
4467,390,477
4468,390,478
4469,390,479
4470,390,480
4471,390,481
4472,390,482
4473,390,483
4474,390,484
4475,390,485
4476,390,486
4477,390,487
4478,390,488
4479,390,489
4480,390,490
4481,390,491
4482,390,492
4483,390,493
4484,390,494
4485,390,495
4486,390,496
4487,390,497
4488,390,498
4489,390,499
4490,390,500
4491,390,501
4492,390,502
4493,390,503
4494,390,504
4495,390,505
4496,390,506
4497,390,507
4498,390,508
4499,390,509
4500,390,510
4501,390,511
4502,390,512
4503,390,513
4504,390,514
4505,390,515
4506,390,516
4507,390,517
4508,390,518
4509,390,519
4510,390,520
4511,390,521
4512,390,522
4513,390,523
4514,390,524
4515,390,525
4516,390,526
4517,390,527
4518,390,528
4519,390,529
4520,390,530
4521,390,531
4522,390,532
4523,390,533
4524,390,534
4525,390,535
4526,390,536
4527,390,537
4528,390,538
4529,390,539
4530,390,540
4531,390,541
4532,390,542
4533,390,543
4534,390,544
4535,390,545
4536,390,546
4537,390,547
4538,390,548
4539,390,549
4540,390,550
4541,390,551
4542,390,552
4543,390,553
4544,390,554
4545,390,555
4546,390,556
4547,390,557
4548,390,558
4549,390,559
4550,390,560
4551,390,561
4552,390,562
4553,390,563
4554,390,564
4555,390,565
4556,390,566
4557,390,567
4558,390,568
4559,390,569
4560,390,570
4561,390,571
4562,390,572
4563,390,573
4564,390,574
4565,390,575
4566,390,576
4567,390,577
4568,390,578
4569,391,472
4570,391,473
4571,391,474
4572,391,475
4573,391,476
4574,391,477
4575,391,478
4576,391,479
4577,391,480
4578,391,481
4579,391,482
4580,391,483
4581,391,484
4582,391,485
4583,391,486
4584,391,487
4585,391,488
4586,391,489
4587,391,490
4588,391,491
4589,391,492
4590,391,493
4591,391,494
4592,391,495
4593,391,496
4594,391,497
4595,391,498
4596,391,499
4597,391,500
4598,391,501
4599,391,502
4600,391,503
4601,391,504
4602,391,505
4603,391,506
4604,391,507
4605,391,508
4606,391,509
4607,391,510
4608,391,511
4609,391,512
4610,391,513
4611,391,514
4612,391,515
4613,391,516
4614,391,517
4615,391,518
4616,391,519
4617,391,520
4618,391,521
4619,391,522
4620,391,523
4621,391,524
4622,391,525
4623,391,526
4624,391,527
4625,391,528
4626,391,529
4627,391,530
4628,391,531
4629,391,532
4630,391,533
4631,391,534
4632,391,535
4633,391,536
4634,391,537
4635,391,538
4636,391,539
4637,391,541
4638,391,542
4639,391,543
4640,391,544
4641,391,545
4642,391,546
4643,391,547
4644,391,548
4645,391,549
4646,391,550
4647,391,551
4648,391,552
4649,391,553
4650,391,554
4651,391,555
4652,391,556
4653,391,557
4654,391,558
4655,391,559
4656,391,560
4657,391,561
4658,391,562
4659,391,563
4660,391,564
4661,391,565
4662,391,566
4663,391,567
4664,391,568
4665,391,569
4666,391,570
4667,391,571
4668,391,572
4669,391,573
4670,391,574
4671,391,575
4672,391,576
4673,391,577
4674,391,578
4675,392,472
4676,392,473
4677,392,474
4678,392,475
4679,392,476
4680,392,477
4681,392,478
4682,392,479
4683,392,480
4684,392,481
4685,392,482
4686,392,483
4687,392,484
4688,392,485
4689,392,486
4690,392,487
4691,392,488
4692,392,489
4693,392,490
4694,392,491
4695,392,492
4696,392,493
4697,392,494
4698,392,495
4699,392,496
4700,392,497
4701,392,498
4702,392,499
4703,392,500
4704,392,501
4705,392,502
4706,392,503
4707,392,504
4708,392,505
4709,392,506
4710,392,507
4711,392,508
4712,392,509
4713,392,510
4714,392,511
4715,392,512
4716,392,513
4717,392,514
4718,392,515
4719,392,516
4720,392,517
4721,392,518
4722,392,519
4723,392,520
4724,392,521
4725,392,522
4726,392,523
4727,392,524
4728,392,525
4729,392,526
4730,392,527
4731,392,528
4732,392,529
4733,392,530
4734,392,531
4735,392,532
4736,392,533
4737,392,534
4738,392,535
4739,392,536
4740,392,537
4741,392,542
4742,392,543
4743,392,544
4744,392,545
4745,392,546
4746,392,547
4747,392,548
4748,392,549
4749,392,550
4750,392,551
4751,392,552
4752,392,553
4753,392,554
4754,392,555
4755,392,556
4756,392,557
4757,392,558
4758,392,559
4759,392,560
4760,392,561
4761,392,562
4762,392,563
4763,392,564
4764,392,565
4765,392,566
4766,392,567
4767,392,568
4768,392,569
4769,392,570
4770,392,571
4771,392,572
4772,392,573
4773,392,574
4774,392,575
4775,392,576
4776,392,577
4777,392,578
4778,393,472
4779,393,473
4780,393,474
4781,393,475
4782,393,476
4783,393,477
4784,393,478
4785,393,479
4786,393,480
4787,393,481
4788,393,482
4789,393,483
4790,393,484
4791,393,485
4792,393,486
4793,393,487
4794,393,488
4795,393,489
4796,393,490
4797,393,491
4798,393,492
4799,393,493
4800,393,494
4801,393,495
4802,393,496
4803,393,497
4804,393,498
4805,393,499
4806,393,500
4807,393,501
4808,393,502
4809,393,503
4810,393,504
4811,393,505
4812,393,506
4813,393,507
4814,393,508
4815,393,509
4816,393,510
4817,393,511
4818,393,512
4819,393,513
4820,393,514
4821,393,515
4822,393,516
4823,393,517
4824,393,518
4825,393,519
4826,393,520
4827,393,521
4828,393,522
4829,393,523
4830,393,524
4831,393,525
4832,393,526
4833,393,527
4834,393,528
4835,393,529
4836,393,530
4837,393,531
4838,393,532
4839,393,533
4840,393,534
4841,393,535
4842,393,536
4843,393,537
4844,393,538
4845,393,539
4846,393,540
4847,393,541
4848,393,542
4849,393,543
4850,393,544
4851,393,545
4852,393,546
4853,393,547
4854,393,548
4855,393,549
4856,393,550
4857,393,551
4858,393,552
4859,393,553
4860,393,554
4861,393,555
4862,393,556
4863,393,557
4864,393,558
4865,393,559
4866,393,560
4867,393,561
4868,393,562
4869,393,563
4870,393,564
4871,393,565
4872,393,566
4873,393,567
4874,393,568
4875,393,569
4876,393,570
4877,393,571
4878,393,572
4879,393,573
4880,393,574
4881,393,575
4882,393,576
4883,393,577
4884,393,578
4885,394,472
4886,394,473
4887,394,474
4888,394,475
4889,394,476
4890,394,477
4891,394,478
4892,394,479
4893,394,480
4894,394,481
4895,394,482
4896,394,483
4897,394,484
4898,394,485
4899,394,486
4900,394,487
4901,394,488
4902,394,489
4903,394,490
4904,394,491
4905,394,492
4906,394,493
4907,394,494
4908,394,495
4909,394,496
4910,394,497
4911,394,498
4912,394,499
4913,394,500
4914,394,501
4915,394,502
4916,394,503
4917,394,504
4918,394,505
4919,394,506
4920,394,507
4921,394,508
4922,394,509
4923,394,510
4924,394,511
4925,394,512
4926,394,513
4927,394,514
4928,394,515
4929,394,516
4930,394,517
4931,394,518
4932,394,519
4933,394,520
4934,394,521
4935,394,522
4936,394,523
4937,394,524
4938,394,525
4939,394,526
4940,394,527
4941,394,528
4942,394,529
4943,394,530
4944,394,531
4945,394,532
4946,394,533
4947,394,534
4948,394,535
4949,394,536
4950,394,537
4951,394,538
4952,394,539
4953,394,540
4954,394,541
4955,394,542
4956,394,543
4957,394,544
4958,394,545
4959,394,546
4960,394,547
4961,394,548
4962,394,549
4963,394,550
4964,394,551
4965,394,552
4966,394,553
4967,394,554
4968,394,555
4969,394,556
4970,394,557
4971,394,558
4972,394,559
4973,394,560
4974,394,561
4975,394,562
4976,394,563
4977,394,564
4978,394,565
4979,394,566
4980,394,567
4981,394,568
4982,394,569
4983,394,570
4984,394,571
4985,394,572
4986,394,573
4987,394,574
4988,394,575
4989,394,576
4990,394,577
4991,394,578
4992,395,472
4993,395,473
4994,395,474
4995,395,475
4996,395,476
4997,395,477
4998,395,478
4999,395,479
5000,395,480
5001,395,481
5002,395,482
5003,395,483
5004,395,484
5005,395,485
5006,395,486
5007,395,487
5008,395,488
5009,395,489
5010,395,490
5011,395,491
5012,395,492
5013,395,493
5014,395,494
5015,395,495
5016,395,496
5017,395,497
5018,395,498
5019,395,499
5020,395,500
5021,395,501
5022,395,502
5023,395,503
5024,395,504
5025,395,505
5026,395,506
5027,395,507
5028,395,508
5029,395,509
5030,395,510
5031,395,511
5032,395,512
5033,395,513
5034,395,514
5035,395,515
5036,395,516
5037,395,517
5038,395,518
5039,395,519
5040,395,520
5041,395,521
5042,395,522
5043,395,523
5044,395,524
5045,395,525
5046,395,526
5047,395,527
5048,395,528
5049,395,529
5050,395,530
5051,395,531
5052,395,532
5053,395,533
5054,395,534
5055,395,535
5056,395,536
5057,395,537
5058,395,538
5059,395,539
5060,395,540
5061,395,541
5062,395,542
5063,395,543
5064,395,544
5065,395,545
5066,395,546
5067,395,547
5068,395,548
5069,395,549
5070,395,550
5071,395,551
5072,395,552
5073,395,553
5074,395,554
5075,395,555
5076,395,556
5077,395,557
5078,395,558
5079,395,559
5080,395,560
5081,395,561
5082,395,562
5083,395,563
5084,395,564
5085,395,565
5086,395,566
5087,395,567
5088,395,568
5089,395,569
5090,395,570
5091,395,571
5092,395,572
5093,395,573
5094,395,574
5095,395,575
5096,395,576
5097,395,577
5098,395,578
5099,396,472
5100,396,473
5101,396,474
5102,396,475
5103,396,476
5104,396,477
5105,396,478
5106,396,479
5107,396,480
5108,396,481
5109,396,482
5110,396,483
5111,396,484
5112,396,485
5113,396,486
5114,396,487
5115,396,488
5116,396,489
5117,396,490
5118,396,491
5119,396,492
5120,396,493
5121,396,494
5122,396,495
5123,396,496
5124,396,497
5125,396,498
5126,396,499
5127,396,500
5128,396,501
5129,396,502
5130,396,503
5131,396,504
5132,396,505
5133,396,506
5134,396,507
5135,396,508
5136,396,509
5137,396,510
5138,396,511
5139,396,512
5140,396,513
5141,396,514
5142,396,515
5143,396,516
5144,396,517
5145,396,518
5146,396,519
5147,396,520
5148,396,521
5149,396,522
5150,396,523
5151,396,524
5152,396,525
5153,396,526
5154,396,527
5155,396,528
5156,396,529
5157,396,530
5158,396,531
5159,396,532
5160,396,533
5161,396,534
5162,396,535
5163,396,536
5164,396,537
5165,396,538
5166,396,539
5167,396,540
5168,396,541
5169,396,542
5170,396,543
5171,396,544
5172,396,545
5173,396,546
5174,396,547
5175,396,548
5176,396,549
5177,396,550
5178,396,551
5179,396,552
5180,396,553
5181,396,554
5182,396,555
5183,396,556
5184,396,557
5185,396,558
5186,396,559
5187,396,560
5188,396,561
5189,396,562
5190,396,563
5191,396,564
5192,396,565
5193,396,566
5194,396,567
5195,396,568
5196,396,569
5197,396,570
5198,396,571
5199,396,572
5200,396,573
5201,396,574
5202,396,575
5203,396,576
5204,396,577
5205,396,578
5206,397,472
5207,397,473
5208,397,474
5209,397,475
5210,397,476
5211,397,477
5212,397,478
5213,397,479
5214,397,480
5215,397,481
5216,397,482
5217,397,483
5218,397,484
5219,397,485
5220,397,486
5221,397,487
5222,397,488
5223,397,489
5224,397,490
5225,397,491
5226,397,492
5227,397,493
5228,397,494
5229,397,495
5230,397,496
5231,397,497
5232,397,498
5233,397,499
5234,397,500
5235,397,501
5236,397,502
5237,397,503
5238,397,504
5239,397,505
5240,397,506
5241,397,507
5242,397,508
5243,397,509
5244,397,510
5245,397,511
5246,397,512
5247,397,513
5248,397,514
5249,397,515
5250,397,522
5251,397,523
5252,397,524
5253,397,525
5254,397,526
5255,397,527
5256,397,528
5257,397,529
5258,397,530
5259,397,531
5260,397,532
5261,397,533
5262,397,534
5263,397,535
5264,397,536
5265,397,537
5266,397,538
5267,397,539
5268,397,540
5269,397,541
5270,397,542
5271,397,543
5272,397,545
5273,397,546
5274,397,547
5275,397,548
5276,397,549
5277,397,550
5278,397,551
5279,397,552
5280,397,553
5281,397,554
5282,397,555
5283,397,556
5284,397,557
5285,397,558
5286,397,559
5287,397,560
5288,397,561
5289,397,562
5290,397,563
5291,397,564
5292,397,565
5293,397,566
5294,397,567
5295,397,568
5296,397,569
5297,397,570
5298,397,571
5299,397,572
5300,397,573
5301,397,574
5302,397,575
5303,397,576
5304,397,577
5305,397,578
5306,398,472
5307,398,473
5308,398,474
5309,398,475
5310,398,476
5311,398,477
5312,398,478
5313,398,479
5314,398,480
5315,398,481
5316,398,482
5317,398,483
5318,398,484
5319,398,485
5320,398,486
5321,398,487
5322,398,488
5323,398,489
5324,398,490
5325,398,491
5326,398,492
5327,398,493
5328,398,494
5329,398,495
5330,398,496
5331,398,497
5332,398,498
5333,398,499
5334,398,500
5335,398,501
5336,398,502
5337,398,503
5338,398,504
5339,398,505
5340,398,506
5341,398,507
5342,398,508
5343,398,509
5344,398,510
5345,398,511
5346,398,523
5347,398,524
5348,398,525
5349,398,526
5350,398,527
5351,398,528
5352,398,529
5353,398,530
5354,398,531
5355,398,532
5356,398,533
5357,398,534
5358,398,535
5359,398,536
5360,398,537
5361,398,538
5362,398,539
5363,398,540
5364,398,541
5365,398,542
5366,398,546
5367,398,547
5368,398,548
5369,398,549
5370,398,550
5371,398,551
5372,398,552
5373,398,553
5374,398,554
5375,398,555
5376,398,556
5377,398,557
5378,398,558
5379,398,559
5380,398,560
5381,398,561
5382,398,562
5383,398,563
5384,398,564
5385,398,565
5386,398,566
5387,398,567
5388,398,568
5389,398,569
5390,398,570
5391,398,571
5392,398,572
5393,398,573
5394,398,574
5395,398,575
5396,398,576
5397,398,577
5398,398,578
5399,399,472
5400,399,473
5401,399,474
5402,399,475
5403,399,476
5404,399,477
5405,399,478
5406,399,479
5407,399,480
5408,399,481
5409,399,482
5410,399,483
5411,399,484
5412,399,485
5413,399,486
5414,399,487
5415,399,488
5416,399,489
5417,399,490
5418,399,491
5419,399,492
5420,399,493
5421,399,494
5422,399,495
5423,399,496
5424,399,497
5425,399,498
5426,399,499
5427,399,500
5428,399,501
5429,399,502
5430,399,503
5431,399,504
5432,399,505
5433,399,506
5434,399,507
5435,399,508
5436,399,523
5437,399,524
5438,399,525
5439,399,546
5440,399,547
5441,399,548
5442,399,549
5443,399,550
5444,399,551
5445,399,552
5446,399,553
5447,399,554
5448,399,555
5449,399,556
5450,399,557
5451,399,558
5452,399,559
5453,399,560
5454,399,561
5455,399,562
5456,399,563
5457,399,564
5458,399,565
5459,399,566
5460,399,567
5461,399,568
5462,399,569
5463,399,570
5464,399,571
5465,399,572
5466,399,573
5467,399,574
5468,399,575
5469,399,576
5470,399,577
5471,399,578
5472,400,472
5473,400,473
5474,400,474
5475,400,475
5476,400,476
5477,400,477
5478,400,478
5479,400,479
5480,400,480
5481,400,481
5482,400,482
5483,400,483
5484,400,484
5485,400,485
5486,400,486
5487,400,487
5488,400,488
5489,400,489
5490,400,490
5491,400,491
5492,400,492
5493,400,493
5494,400,494
5495,400,495
5496,400,496
5497,400,497
5498,400,498
5499,400,499
5500,400,500
5501,400,501
5502,400,502
5503,400,503
5504,400,504
5505,400,505
5506,400,506
5507,400,507
5508,400,508
5509,400,509
5510,400,523
5511,400,524
5512,400,525
5513,400,526
5514,400,527
5515,400,528
5516,400,536
5517,400,537
5518,400,546
5519,400,547
5520,400,548
5521,400,549
5522,400,550
5523,400,551
5524,400,552
5525,400,553
5526,400,554
5527,400,555
5528,400,556
5529,400,557
5530,400,558
5531,400,559
5532,400,560
5533,400,561
5534,400,562
5535,400,563
5536,400,564
5537,400,565
5538,400,566
5539,400,567
5540,400,568
5541,400,569
5542,400,570
5543,400,571
5544,400,572
5545,400,573
5546,400,574
5547,400,575
5548,400,576
5549,400,577
5550,400,578
5551,401,472
5552,401,473
5553,401,474
5554,401,475
5555,401,476
5556,401,477
5557,401,478
5558,401,479
5559,401,480
5560,401,481
5561,401,482
5562,401,483
5563,401,484
5564,401,485
5565,401,486
5566,401,487
5567,401,488
5568,401,489
5569,401,490
5570,401,491
5571,401,492
5572,401,493
5573,401,494
5574,401,495
5575,401,496
5576,401,497
5577,401,498
5578,401,499
5579,401,500
5580,401,501
5581,401,502
5582,401,503
5583,401,504
5584,401,505
5585,401,506
5586,401,507
5587,401,508
5588,401,509
5589,401,510
5590,401,511
5591,401,512
5592,401,521
5593,401,522
5594,401,523
5595,401,524
5596,401,525
5597,401,526
5598,401,527
5599,401,528
5600,401,529
5601,401,530
5602,401,534
5603,401,535
5604,401,536
5605,401,537
5606,401,538
5607,401,539
5608,401,540
5609,401,545
5610,401,546
5611,401,547
5612,401,548
5613,401,549
5614,401,550
5615,401,551
5616,401,552
5617,401,553
5618,401,554
5619,401,555
5620,401,556
5621,401,557
5622,401,558
5623,401,559
5624,401,560
5625,401,561
5626,401,562
5627,401,563
5628,401,564
5629,401,565
5630,401,566
5631,401,567
5632,401,568
5633,401,569
5634,401,570
5635,401,571
5636,401,572
5637,401,573
5638,401,574
5639,401,575
5640,401,576
5641,401,577
5642,401,578
5643,402,472
5644,402,473
5645,402,474
5646,402,475
5647,402,476
5648,402,477
5649,402,478
5650,402,479
5651,402,480
5652,402,481
5653,402,482
5654,402,483
5655,402,484
5656,402,485
5657,402,486
5658,402,487
5659,402,488
5660,402,489
5661,402,490
5662,402,491
5663,402,492
5664,402,493
5665,402,494
5666,402,495
5667,402,496
5668,402,497
5669,402,498
5670,402,499
5671,402,500
5672,402,501
5673,402,502
5674,402,503
5675,402,504
5676,402,505
5677,402,506
5678,402,507
5679,402,508
5680,402,509
5681,402,510
5682,402,511
5683,402,512
5684,402,513
5685,402,514
5686,402,515
5687,402,516
5688,402,517
5689,402,518
5690,402,519
5691,402,520
5692,402,521
5693,402,522
5694,402,523
5695,402,524
5696,402,525
5697,402,526
5698,402,527
5699,402,528
5700,402,529
5701,402,530
5702,402,533
5703,402,534
5704,402,535
5705,402,536
5706,402,537
5707,402,538
5708,402,539
5709,402,540
5710,402,541
5711,402,542
5712,402,543
5713,402,544
5714,402,545
5715,402,546
5716,402,547
5717,402,548
5718,402,549
5719,402,550
5720,402,551
5721,402,552
5722,402,553
5723,402,554
5724,402,555
5725,402,556
5726,402,557
5727,402,558
5728,402,559
5729,402,560
5730,402,561
5731,402,562
5732,402,563
5733,402,564
5734,402,565
5735,402,566
5736,402,567
5737,402,568
5738,402,569
5739,402,570
5740,402,571
5741,402,572
5742,402,573
5743,402,574
5744,402,575
5745,402,576
5746,402,577
5747,402,578
5748,403,472
5749,403,473
5750,403,474
5751,403,475
5752,403,476
5753,403,477
5754,403,478
5755,403,479
5756,403,480
5757,403,481
5758,403,482
5759,403,483
5760,403,484
5761,403,485
5762,403,486
5763,403,487
5764,403,488
5765,403,489
5766,403,490
5767,403,491
5768,403,492
5769,403,493
5770,403,494
5771,403,495
5772,403,496
5773,403,497
5774,403,498
5775,403,499
5776,403,500
5777,403,501
5778,403,502
5779,403,503
5780,403,504
5781,403,505
5782,403,506
5783,403,507
5784,403,508
5785,403,509
5786,403,510
5787,403,511
5788,403,512
5789,403,513
5790,403,514
5791,403,515
5792,403,516
5793,403,517
5794,403,518
5795,403,519
5796,403,520
5797,403,521
5798,403,522
5799,403,523
5800,403,524
5801,403,525
5802,403,526
5803,403,527
5804,403,528
5805,403,529
5806,403,530
5807,403,533
5808,403,534
5809,403,535
5810,403,536
5811,403,537
5812,403,538
5813,403,539
5814,403,540
5815,403,541
5816,403,542
5817,403,543
5818,403,544
5819,403,545
5820,403,546
5821,403,547
5822,403,548
5823,403,549
5824,403,550
5825,403,551
5826,403,552
5827,403,553
5828,403,554
5829,403,555
5830,403,556
5831,403,557
5832,403,558
5833,403,559
5834,403,560
5835,403,561
5836,403,562
5837,403,563
5838,403,564
5839,403,565
5840,403,566
5841,403,567
5842,403,568
5843,403,569
5844,403,570
5845,403,571
5846,403,572
5847,403,573
5848,403,574
5849,403,575
5850,403,576
5851,403,577
5852,403,578
5853,404,472
5854,404,473
5855,404,474
5856,404,475
5857,404,476
5858,404,477
5859,404,478
5860,404,479
5861,404,480
5862,404,481
5863,404,482
5864,404,483
5865,404,484
5866,404,485
5867,404,486
5868,404,487
5869,404,488
5870,404,489
5871,404,490
5872,404,491
5873,404,492
5874,404,493
5875,404,494
5876,404,495
5877,404,496
5878,404,497
5879,404,498
5880,404,499
5881,404,500
5882,404,501
5883,404,502
5884,404,503
5885,404,504
5886,404,505
5887,404,506
5888,404,507
5889,404,508
5890,404,509
5891,404,510
5892,404,511
5893,404,512
5894,404,513
5895,404,514
5896,404,515
5897,404,516
5898,404,517
5899,404,518
5900,404,519
5901,404,520
5902,404,521
5903,404,522
5904,404,523
5905,404,524
5906,404,525
5907,404,526
5908,404,527
5909,404,528
5910,404,529
5911,404,530
5912,404,533
5913,404,534
5914,404,535
5915,404,536
5916,404,537
5917,404,538
5918,404,539
5919,404,545
5920,404,546
5921,404,547
5922,404,548
5923,404,549
5924,404,550
5925,404,551
5926,404,552
5927,404,553
5928,404,554
5929,404,555
5930,404,556
5931,404,557
5932,404,558
5933,404,559
5934,404,560
5935,404,561
5936,404,562
5937,404,563
5938,404,564
5939,404,565
5940,404,566
5941,404,567
5942,404,568
5943,404,569
5944,404,570
5945,404,571
5946,404,572
5947,404,573
5948,404,574
5949,404,575
5950,404,576
5951,404,577
5952,404,578
5953,405,472
5954,405,473
5955,405,474
5956,405,475
5957,405,476
5958,405,477
5959,405,478
5960,405,479
5961,405,480
5962,405,481
5963,405,482
5964,405,483
5965,405,484
5966,405,485
5967,405,486
5968,405,487
5969,405,488
5970,405,489
5971,405,490
5972,405,491
5973,405,492
5974,405,493
5975,405,494
5976,405,495
5977,405,496
5978,405,497
5979,405,498
5980,405,503
5981,405,504
5982,405,505
5983,405,506
5984,405,507
5985,405,508
5986,405,509
5987,405,510
5988,405,511
5989,405,512
5990,405,513
5991,405,514
5992,405,515
5993,405,516
5994,405,517
5995,405,518
5996,405,519
5997,405,520
5998,405,521
5999,405,522
6000,405,523
6001,405,524
6002,405,525
6003,405,526
6004,405,527
6005,405,528
6006,405,529
6007,405,530
6008,405,531
6009,405,533
6010,405,534
6011,405,535
6012,405,536
6013,405,537
6014,405,538
6015,405,547
6016,405,548
6017,405,549
6018,405,550
6019,405,551
6020,405,552
6021,405,553
6022,405,554
6023,405,555
6024,405,556
6025,405,557
6026,405,558
6027,405,559
6028,405,560
6029,405,561
6030,405,562
6031,405,563
6032,405,564
6033,405,565
6034,405,566
6035,405,567
6036,405,568
6037,405,569
6038,405,570
6039,405,571
6040,405,572
6041,405,573
6042,405,574
6043,405,575
6044,405,576
6045,405,577
6046,405,578
6047,406,472
6048,406,473
6049,406,474
6050,406,475
6051,406,476
6052,406,477
6053,406,478
6054,406,479
6055,406,480
6056,406,481
6057,406,482
6058,406,483
6059,406,484
6060,406,485
6061,406,486
6062,406,487
6063,406,488
6064,406,489
6065,406,490
6066,406,491
6067,406,492
6068,406,493
6069,406,494
6070,406,495
6071,406,496
6072,406,503
6073,406,504
6074,406,505
6075,406,506
6076,406,507
6077,406,508
6078,406,509
6079,406,510
6080,406,511
6081,406,512
6082,406,513
6083,406,514
6084,406,515
6085,406,516
6086,406,521
6087,406,522
6088,406,523
6089,406,524
6090,406,525
6091,406,526
6092,406,527
6093,406,528
6094,406,529
6095,406,530
6096,406,531
6097,406,532
6098,406,533
6099,406,534
6100,406,535
6101,406,536
6102,406,548
6103,406,549
6104,406,550
6105,406,551
6106,406,552
6107,406,553
6108,406,554
6109,406,555
6110,406,556
6111,406,557
6112,406,558
6113,406,559
6114,406,560
6115,406,561
6116,406,562
6117,406,563
6118,406,564
6119,406,565
6120,406,566
6121,406,567
6122,406,568
6123,406,569
6124,406,570
6125,406,571
6126,406,572
6127,406,573
6128,406,574
6129,406,575
6130,406,576
6131,406,577
6132,406,578
6133,407,472
6134,407,473
6135,407,474
6136,407,475
6137,407,476
6138,407,477
6139,407,478
6140,407,479
6141,407,480
6142,407,481
6143,407,482
6144,407,483
6145,407,484
6146,407,485
6147,407,486
6148,407,487
6149,407,488
6150,407,489
6151,407,490
6152,407,491
6153,407,492
6154,407,493
6155,407,494
6156,407,495
6157,407,496
6158,407,503
6159,407,504
6160,407,505
6161,407,506
6162,407,507
6163,407,508
6164,407,509
6165,407,510
6166,407,511
6167,407,512
6168,407,513
6169,407,514
6170,407,515
6171,407,520
6172,407,521
6173,407,522
6174,407,523
6175,407,524
6176,407,525
6177,407,526
6178,407,527
6179,407,528
6180,407,529
6181,407,530
6182,407,534
6183,407,535
6184,407,536
6185,407,537
6186,407,548
6187,407,549
6188,407,550
6189,407,551
6190,407,552
6191,407,553
6192,407,554
6193,407,555
6194,407,556
6195,407,557
6196,407,558
6197,407,559
6198,407,560
6199,407,561
6200,407,562
6201,407,563
6202,407,564
6203,407,565
6204,407,566
6205,407,567
6206,407,568
6207,407,569
6208,407,570
6209,407,571
6210,407,572
6211,407,573
6212,407,574
6213,407,575
6214,407,576
6215,407,577
6216,407,578
6217,408,472
6218,408,473
6219,408,474
6220,408,475
6221,408,476
6222,408,477
6223,408,478
6224,408,479
6225,408,480
6226,408,481
6227,408,482
6228,408,483
6229,408,484
6230,408,485
6231,408,486
6232,408,487
6233,408,488
6234,408,489
6235,408,490
6236,408,491
6237,408,492
6238,408,493
6239,408,494
6240,408,495
6241,408,496
6242,408,504
6243,408,505
6244,408,506
6245,408,507
6246,408,508
6247,408,509
6248,408,510
6249,408,511
6250,408,512
6251,408,513
6252,408,517
6253,408,518
6254,408,519
6255,408,520
6256,408,521
6257,408,522
6258,408,523
6259,408,524
6260,408,525
6261,408,526
6262,408,527
6263,408,528
6264,408,529
6265,408,530
6266,408,534
6267,408,535
6268,408,536
6269,408,537
6270,408,538
6271,408,549
6272,408,550
6273,408,551
6274,408,552
6275,408,553
6276,408,554
6277,408,555
6278,408,556
6279,408,557
6280,408,558
6281,408,559
6282,408,560
6283,408,561
6284,408,562
6285,408,563
6286,408,564
6287,408,565
6288,408,566
6289,408,567
6290,408,568
6291,408,569
6292,408,570
6293,408,571
6294,408,572
6295,408,573
6296,408,574
6297,408,575
6298,408,576
6299,408,577
6300,408,578
6301,409,472
6302,409,473
6303,409,474
6304,409,475
6305,409,476
6306,409,477
6307,409,478
6308,409,479
6309,409,480
6310,409,481
6311,409,482
6312,409,483
6313,409,484
6314,409,485
6315,409,486
6316,409,487
6317,409,488
6318,409,489
6319,409,490
6320,409,491
6321,409,492
6322,409,493
6323,409,494
6324,409,495
6325,409,496
6326,409,497
6327,409,504
6328,409,505
6329,409,506
6330,409,507
6331,409,508
6332,409,509
6333,409,510
6334,409,511
6335,409,512
6336,409,517
6337,409,518
6338,409,519
6339,409,520
6340,409,521
6341,409,522
6342,409,523
6343,409,524
6344,409,525
6345,409,526
6346,409,527
6347,409,528
6348,409,529
6349,409,534
6350,409,535
6351,409,536
6352,409,537
6353,409,538
6354,409,550
6355,409,551
6356,409,552
6357,409,553
6358,409,554
6359,409,555
6360,409,556
6361,409,557
6362,409,558
6363,409,559
6364,409,560
6365,409,561
6366,409,562
6367,409,563
6368,409,564
6369,409,565
6370,409,566
6371,409,567
6372,409,568
6373,409,569
6374,409,570
6375,409,571
6376,409,572
6377,409,573
6378,409,574
6379,409,575
6380,409,576
6381,409,577
6382,409,578
6383,410,472
6384,410,473
6385,410,474
6386,410,475
6387,410,476
6388,410,477
6389,410,478
6390,410,479
6391,410,480
6392,410,481
6393,410,482
6394,410,483
6395,410,484
6396,410,485
6397,410,486
6398,410,487
6399,410,488
6400,410,489
6401,410,490
6402,410,491
6403,410,492
6404,410,493
6405,410,494
6406,410,495
6407,410,496
6408,410,497
6409,410,504
6410,410,505
6411,410,506
6412,410,507
6413,410,508
6414,410,509
6415,410,510
6416,410,511
6417,410,512
6418,410,517
6419,410,518
6420,410,519
6421,410,520
6422,410,521
6423,410,522
6424,410,523
6425,410,524
6426,410,525
6427,410,526
6428,410,527
6429,410,528
6430,410,529
6431,410,534
6432,410,535
6433,410,536
6434,410,537
6435,410,538
6436,410,550
6437,410,551
6438,410,552
6439,410,553
6440,410,554
6441,410,555
6442,410,556
6443,410,557
6444,410,558
6445,410,559
6446,410,560
6447,410,561
6448,410,562
6449,410,563
6450,410,564
6451,410,565
6452,410,566
6453,410,567
6454,410,568
6455,410,569
6456,410,570
6457,410,571
6458,410,572
6459,410,573
6460,410,574
6461,410,575
6462,410,576
6463,410,577
6464,411,472
6465,411,473
6466,411,474
6467,411,475
6468,411,476
6469,411,477
6470,411,478
6471,411,479
6472,411,480
6473,411,481
6474,411,482
6475,411,483
6476,411,484
6477,411,485
6478,411,486
6479,411,487
6480,411,488
6481,411,489
6482,411,490
6483,411,491
6484,411,492
6485,411,493
6486,411,494
6487,411,495
6488,411,496
6489,411,497
6490,411,504
6491,411,505
6492,411,506
6493,411,507
6494,411,508
6495,411,509
6496,411,510
6497,411,511
6498,411,512
6499,411,517
6500,411,518
6501,411,519
6502,411,520
6503,411,521
6504,411,522
6505,411,523
6506,411,524
6507,411,525
6508,411,526
6509,411,527
6510,411,528
6511,411,529
6512,411,530
6513,411,534
6514,411,535
6515,411,536
6516,411,537
6517,411,538
6518,411,539
6519,411,551
6520,411,552
6521,411,553
6522,411,554
6523,411,555
6524,411,556
6525,411,557
6526,411,558
6527,411,559
6528,411,560
6529,411,561
6530,411,562
6531,411,563
6532,411,564
6533,411,565
6534,411,566
6535,411,567
6536,411,568
6537,411,569
6538,411,570
6539,411,571
6540,411,572
6541,411,573
6542,411,574
6543,411,575
6544,411,576
6545,411,577
6546,412,471
6547,412,472
6548,412,473
6549,412,474
6550,412,475
6551,412,476
6552,412,477
6553,412,478
6554,412,479
6555,412,480
6556,412,481
6557,412,482
6558,412,483
6559,412,484
6560,412,485
6561,412,486
6562,412,487
6563,412,488
6564,412,489
6565,412,490
6566,412,491
6567,412,492
6568,412,493
6569,412,494
6570,412,495
6571,412,496
6572,412,505
6573,412,506
6574,412,507
6575,412,508
6576,412,509
6577,412,510
6578,412,511
6579,412,512
6580,412,513
6581,412,515
6582,412,516
6583,412,517
6584,412,518
6585,412,519
6586,412,520
6587,412,521
6588,412,522
6589,412,523
6590,412,524
6591,412,525
6592,412,526
6593,412,527
6594,412,528
6595,412,529
6596,412,530
6597,412,534
6598,412,535
6599,412,536
6600,412,537
6601,412,538
6602,412,539
6603,412,552
6604,412,553
6605,412,554
6606,412,555
6607,412,556
6608,412,557
6609,412,558
6610,412,559
6611,412,560
6612,412,561
6613,412,562
6614,412,563
6615,412,564
6616,412,565
6617,412,566
6618,412,567
6619,412,568
6620,412,569
6621,412,570
6622,412,571
6623,412,572
6624,412,573
6625,412,574
6626,412,575
6627,412,576
6628,412,577
6629,413,471
6630,413,472
6631,413,473
6632,413,474
6633,413,475
6634,413,476
6635,413,477
6636,413,478
6637,413,479
6638,413,480
6639,413,481
6640,413,482
6641,413,483
6642,413,484
6643,413,485
6644,413,486
6645,413,487
6646,413,488
6647,413,489
6648,413,490
6649,413,491
6650,413,492
6651,413,493
6652,413,494
6653,413,495
6654,413,496
6655,413,505
6656,413,506
6657,413,507
6658,413,508
6659,413,509
6660,413,510
6661,413,511
6662,413,512
6663,413,513
6664,413,514
6665,413,515
6666,413,516
6667,413,517
6668,413,518
6669,413,519
6670,413,520
6671,413,521
6672,413,522
6673,413,523
6674,413,524
6675,413,525
6676,413,526
6677,413,527
6678,413,528
6679,413,529
6680,413,530
6681,413,531
6682,413,532
6683,413,533
6684,413,538
6685,413,539
6686,413,540
6687,413,541
6688,413,554
6689,413,555
6690,413,556
6691,413,557
6692,413,558
6693,413,559
6694,413,560
6695,413,561
6696,413,562
6697,413,563
6698,413,564
6699,413,565
6700,413,566
6701,413,567
6702,413,568
6703,413,569
6704,413,570
6705,413,571
6706,413,572
6707,413,573
6708,413,574
6709,413,575
6710,413,576
6711,413,577
6712,414,471
6713,414,472
6714,414,473
6715,414,474
6716,414,475
6717,414,476
6718,414,477
6719,414,478
6720,414,479
6721,414,480
6722,414,481
6723,414,482
6724,414,483
6725,414,484
6726,414,485
6727,414,486
6728,414,487
6729,414,488
6730,414,489
6731,414,490
6732,414,491
6733,414,492
6734,414,493
6735,414,494
6736,414,495
6737,414,496
6738,414,497
6739,414,504
6740,414,505
6741,414,506
6742,414,507
6743,414,508
6744,414,509
6745,414,510
6746,414,511
6747,414,512
6748,414,513
6749,414,514
6750,414,515
6751,414,516
6752,414,517
6753,414,518
6754,414,519
6755,414,520
6756,414,521
6757,414,522
6758,414,523
6759,414,524
6760,414,525
6761,414,526
6762,414,527
6763,414,528
6764,414,529
6765,414,530
6766,414,531
6767,414,533
6768,414,534
6769,414,535
6770,414,536
6771,414,537
6772,414,538
6773,414,539
6774,414,540
6775,414,541
6776,414,542
6777,414,553
6778,414,554
6779,414,555
6780,414,556
6781,414,557
6782,414,558
6783,414,559
6784,414,560
6785,414,561
6786,414,562
6787,414,563
6788,414,564
6789,414,565
6790,414,566
6791,414,567
6792,414,568
6793,414,569
6794,414,570
6795,414,571
6796,414,572
6797,414,573
6798,414,574
6799,414,575
6800,414,576
6801,414,577
6802,415,471
6803,415,472
6804,415,473
6805,415,474
6806,415,475
6807,415,476
6808,415,477
6809,415,478
6810,415,479
6811,415,480
6812,415,481
6813,415,482
6814,415,483
6815,415,484
6816,415,485
6817,415,486
6818,415,487
6819,415,488
6820,415,489
6821,415,490
6822,415,491
6823,415,492
6824,415,493
6825,415,494
6826,415,495
6827,415,496
6828,415,497
6829,415,504
6830,415,505
6831,415,506
6832,415,507
6833,415,508
6834,415,509
6835,415,510
6836,415,511
6837,415,512
6838,415,513
6839,415,516
6840,415,517
6841,415,518
6842,415,519
6843,415,520
6844,415,521
6845,415,522
6846,415,523
6847,415,524
6848,415,525
6849,415,526
6850,415,527
6851,415,528
6852,415,529
6853,415,530
6854,415,533
6855,415,534
6856,415,535
6857,415,536
6858,415,537
6859,415,538
6860,415,539
6861,415,540
6862,415,541
6863,415,542
6864,415,543
6865,415,544
6866,415,545
6867,415,552
6868,415,553
6869,415,554
6870,415,555
6871,415,556
6872,415,557
6873,415,558
6874,415,559
6875,415,560
6876,415,561
6877,415,562
6878,415,563
6879,415,564
6880,415,565
6881,415,566
6882,415,567
6883,415,568
6884,415,569
6885,415,570
6886,415,571
6887,415,572
6888,415,573
6889,415,574
6890,415,575
6891,415,576
6892,416,472
6893,416,473
6894,416,474
6895,416,475
6896,416,476
6897,416,477
6898,416,478
6899,416,479
6900,416,480
6901,416,481
6902,416,482
6903,416,483
6904,416,484
6905,416,485
6906,416,486
6907,416,487
6908,416,488
6909,416,489
6910,416,490
6911,416,491
6912,416,492
6913,416,493
6914,416,494
6915,416,495
6916,416,496
6917,416,497
6918,416,498
6919,416,503
6920,416,504
6921,416,505
6922,416,506
6923,416,507
6924,416,508
6925,416,509
6926,416,510
6927,416,511
6928,416,512
6929,416,513
6930,416,516
6931,416,517
6932,416,518
6933,416,519
6934,416,520
6935,416,521
6936,416,522
6937,416,523
6938,416,524
6939,416,525
6940,416,526
6941,416,527
6942,416,528
6943,416,529
6944,416,530
6945,416,533
6946,416,534
6947,416,535
6948,416,536
6949,416,537
6950,416,538
6951,416,539
6952,416,540
6953,416,541
6954,416,542
6955,416,543
6956,416,544
6957,416,545
6958,416,546
6959,416,551
6960,416,552
6961,416,553
6962,416,554
6963,416,555
6964,416,556
6965,416,557
6966,416,558
6967,416,559
6968,416,560
6969,416,561
6970,416,562
6971,416,563
6972,416,564
6973,416,565
6974,416,566
6975,416,567
6976,416,568
6977,416,569
6978,416,570
6979,416,571
6980,416,572
6981,416,573
6982,416,574
6983,416,575
6984,416,576
6985,417,472
6986,417,473
6987,417,474
6988,417,475
6989,417,476
6990,417,477
6991,417,478
6992,417,479
6993,417,480
6994,417,481
6995,417,482
6996,417,483
6997,417,484
6998,417,485
6999,417,486
7000,417,487
7001,417,488
7002,417,489
7003,417,490
7004,417,491
7005,417,492
7006,417,493
7007,417,494
7008,417,495
7009,417,496
7010,417,497
7011,417,498
7012,417,499
7013,417,503
7014,417,504
7015,417,505
7016,417,506
7017,417,507
7018,417,508
7019,417,509
7020,417,510
7021,417,511
7022,417,512
7023,417,513
7024,417,516
7025,417,517
7026,417,518
7027,417,519
7028,417,520
7029,417,521
7030,417,522
7031,417,523
7032,417,524
7033,417,525
7034,417,526
7035,417,527
7036,417,528
7037,417,529
7038,417,530
7039,417,533
7040,417,534
7041,417,535
7042,417,536
7043,417,537
7044,417,538
7045,417,539
7046,417,540
7047,417,541
7048,417,542
7049,417,543
7050,417,544
7051,417,545
7052,417,546
7053,417,551
7054,417,552
7055,417,553
7056,417,554
7057,417,555
7058,417,556
7059,417,557
7060,417,558
7061,417,559
7062,417,560
7063,417,561
7064,417,562
7065,417,563
7066,417,564
7067,417,565
7068,417,566
7069,417,567
7070,417,568
7071,417,569
7072,417,570
7073,417,571
7074,417,572
7075,417,573
7076,417,574
7077,417,575
7078,417,576
7079,418,472
7080,418,473
7081,418,474
7082,418,475
7083,418,476
7084,418,477
7085,418,478
7086,418,479
7087,418,480
7088,418,481
7089,418,482
7090,418,483
7091,418,484
7092,418,485
7093,418,486
7094,418,487
7095,418,488
7096,418,489
7097,418,490
7098,418,491
7099,418,492
7100,418,493
7101,418,494
7102,418,495
7103,418,496
7104,418,497
7105,418,498
7106,418,499
7107,418,503
7108,418,504
7109,418,505
7110,418,506
7111,418,507
7112,418,508
7113,418,509
7114,418,510
7115,418,511
7116,418,512
7117,418,513
7118,418,516
7119,418,517
7120,418,518
7121,418,519
7122,418,520
7123,418,521
7124,418,522
7125,418,523
7126,418,524
7127,418,525
7128,418,526
7129,418,527
7130,418,528
7131,418,529
7132,418,530
7133,418,534
7134,418,535
7135,418,536
7136,418,537
7137,418,538
7138,418,539
7139,418,540
7140,418,541
7141,418,542
7142,418,543
7143,418,544
7144,418,545
7145,418,546
7146,418,551
7147,418,552
7148,418,553
7149,418,554
7150,418,555
7151,418,556
7152,418,557
7153,418,558
7154,418,559
7155,418,560
7156,418,561
7157,418,562
7158,418,563
7159,418,564
7160,418,565
7161,418,566
7162,418,567
7163,418,568
7164,418,569
7165,418,570
7166,418,571
7167,418,572
7168,418,573
7169,418,574
7170,418,575
7171,419,471
7172,419,472
7173,419,473
7174,419,474
7175,419,475
7176,419,476
7177,419,477
7178,419,478
7179,419,479
7180,419,480
7181,419,481
7182,419,482
7183,419,483
7184,419,484
7185,419,485
7186,419,486
7187,419,487
7188,419,488
7189,419,489
7190,419,490
7191,419,491
7192,419,492
7193,419,493
7194,419,494
7195,419,495
7196,419,496
7197,419,497
7198,419,498
7199,419,499
7200,419,503
7201,419,504
7202,419,505
7203,419,506
7204,419,507
7205,419,508
7206,419,509
7207,419,510
7208,419,511
7209,419,512
7210,419,513
7211,419,514
7212,419,515
7213,419,516
7214,419,517
7215,419,518
7216,419,519
7217,419,520
7218,419,521
7219,419,522
7220,419,523
7221,419,524
7222,419,525
7223,419,526
7224,419,527
7225,419,528
7226,419,529
7227,419,530
7228,419,531
7229,419,537
7230,419,538
7231,419,539
7232,419,540
7233,419,541
7234,419,542
7235,419,543
7236,419,544
7237,419,545
7238,419,546
7239,419,551
7240,419,552
7241,419,553
7242,419,554
7243,419,555
7244,419,556
7245,419,557
7246,419,558
7247,419,559
7248,419,560
7249,419,561
7250,419,562
7251,419,563
7252,419,564
7253,419,565
7254,419,566
7255,419,567
7256,419,568
7257,419,569
7258,419,570
7259,419,571
7260,419,572
7261,419,573
7262,419,574
7263,419,575
7264,420,471
7265,420,472
7266,420,473
7267,420,474
7268,420,475
7269,420,476
7270,420,477
7271,420,478
7272,420,479
7273,420,480
7274,420,481
7275,420,482
7276,420,483
7277,420,484
7278,420,485
7279,420,486
7280,420,487
7281,420,488
7282,420,489
7283,420,490
7284,420,491
7285,420,492
7286,420,493
7287,420,494
7288,420,495
7289,420,496
7290,420,497
7291,420,498
7292,420,499
7293,420,503
7294,420,504
7295,420,505
7296,420,506
7297,420,507
7298,420,508
7299,420,509
7300,420,510
7301,420,511
7302,420,512
7303,420,513
7304,420,514
7305,420,515
7306,420,516
7307,420,517
7308,420,518
7309,420,519
7310,420,520
7311,420,521
7312,420,522
7313,420,523
7314,420,524
7315,420,525
7316,420,526
7317,420,527
7318,420,528
7319,420,529
7320,420,530
7321,420,531
7322,420,532
7323,420,538
7324,420,539
7325,420,540
7326,420,541
7327,420,542
7328,420,543
7329,420,544
7330,420,545
7331,420,551
7332,420,552
7333,420,553
7334,420,554
7335,420,555
7336,420,556
7337,420,557
7338,420,558
7339,420,559
7340,420,560
7341,420,561
7342,420,562
7343,420,563
7344,420,564
7345,420,565
7346,420,566
7347,420,567
7348,420,568
7349,420,569
7350,420,570
7351,420,571
7352,420,572
7353,420,573
7354,420,574
7355,420,575
7356,421,472
7357,421,473
7358,421,474
7359,421,475
7360,421,476
7361,421,477
7362,421,478
7363,421,479
7364,421,480
7365,421,481
7366,421,482
7367,421,483
7368,421,484
7369,421,485
7370,421,486
7371,421,487
7372,421,488
7373,421,489
7374,421,490
7375,421,491
7376,421,492
7377,421,493
7378,421,494
7379,421,495
7380,421,496
7381,421,497
7382,421,498
7383,421,499
7384,421,500
7385,421,502
7386,421,503
7387,421,504
7388,421,505
7389,421,506
7390,421,507
7391,421,508
7392,421,509
7393,421,510
7394,421,511
7395,421,512
7396,421,513
7397,421,514
7398,421,515
7399,421,516
7400,421,517
7401,421,518
7402,421,519
7403,421,520
7404,421,521
7405,421,522
7406,421,523
7407,421,524
7408,421,525
7409,421,526
7410,421,527
7411,421,528
7412,421,529
7413,421,530
7414,421,531
7415,421,537
7416,421,538
7417,421,539
7418,421,540
7419,421,541
7420,421,542
7421,421,543
7422,421,544
7423,421,545
7424,421,546
7425,421,551
7426,421,552
7427,421,553
7428,421,554
7429,421,555
7430,421,556
7431,421,557
7432,421,558
7433,421,559
7434,421,560
7435,421,561
7436,421,562
7437,421,563
7438,421,564
7439,421,565
7440,421,566
7441,421,567
7442,421,568
7443,421,569
7444,421,570
7445,421,571
7446,421,572
7447,421,573
7448,421,574
7449,422,472
7450,422,473
7451,422,474
7452,422,475
7453,422,476
7454,422,477
7455,422,478
7456,422,479
7457,422,480
7458,422,481
7459,422,482
7460,422,483
7461,422,484
7462,422,485
7463,422,486
7464,422,487
7465,422,488
7466,422,489
7467,422,490
7468,422,491
7469,422,492
7470,422,493
7471,422,494
7472,422,495
7473,422,496
7474,422,497
7475,422,498
7476,422,499
7477,422,500
7478,422,501
7479,422,502
7480,422,503
7481,422,504
7482,422,505
7483,422,506
7484,422,507
7485,422,508
7486,422,509
7487,422,510
7488,422,511
7489,422,512
7490,422,513
7491,422,514
7492,422,515
7493,422,516
7494,422,517
7495,422,518
7496,422,519
7497,422,520
7498,422,521
7499,422,522
7500,422,523
7501,422,524
7502,422,525
7503,422,526
7504,422,527
7505,422,528
7506,422,529
7507,422,530
7508,422,534
7509,422,535
7510,422,536
7511,422,537
7512,422,538
7513,422,539
7514,422,540
7515,422,541
7516,422,542
7517,422,543
7518,422,544
7519,422,545
7520,422,546
7521,422,551
7522,422,552
7523,422,553
7524,422,554
7525,422,555
7526,422,556
7527,422,557
7528,422,558
7529,422,559
7530,422,560
7531,422,561
7532,422,562
7533,422,563
7534,422,564
7535,422,565
7536,422,566
7537,422,567
7538,422,568
7539,422,569
7540,422,570
7541,422,571
7542,422,572
7543,422,573
7544,422,574
7545,423,472
7546,423,473
7547,423,474
7548,423,475
7549,423,476
7550,423,477
7551,423,478
7552,423,479
7553,423,480
7554,423,481
7555,423,482
7556,423,483
7557,423,484
7558,423,485
7559,423,486
7560,423,487
7561,423,488
7562,423,489
7563,423,490
7564,423,491
7565,423,492
7566,423,493
7567,423,494
7568,423,495
7569,423,496
7570,423,497
7571,423,498
7572,423,499
7573,423,500
7574,423,501
7575,423,502
7576,423,503
7577,423,504
7578,423,505
7579,423,506
7580,423,507
7581,423,508
7582,423,509
7583,423,510
7584,423,511
7585,423,512
7586,423,513
7587,423,514
7588,423,515
7589,423,516
7590,423,517
7591,423,518
7592,423,519
7593,423,520
7594,423,521
7595,423,522
7596,423,523
7597,423,524
7598,423,525
7599,423,526
7600,423,527
7601,423,528
7602,423,529
7603,423,530
7604,423,534
7605,423,535
7606,423,536
7607,423,537
7608,423,538
7609,423,539
7610,423,540
7611,423,541
7612,423,542
7613,423,543
7614,423,544
7615,423,545
7616,423,546
7617,423,551
7618,423,552
7619,423,553
7620,423,554
7621,423,555
7622,423,556
7623,423,557
7624,423,558
7625,423,559
7626,423,560
7627,423,561
7628,423,562
7629,423,563
7630,423,564
7631,423,565
7632,423,566
7633,423,567
7634,423,568
7635,423,569
7636,423,570
7637,423,571
7638,423,572
7639,423,573
7640,424,472
7641,424,473
7642,424,474
7643,424,475
7644,424,476
7645,424,477
7646,424,478
7647,424,479
7648,424,480
7649,424,481
7650,424,482
7651,424,483
7652,424,484
7653,424,485
7654,424,486
7655,424,487
7656,424,488
7657,424,489
7658,424,490
7659,424,491
7660,424,492
7661,424,493
7662,424,494
7663,424,495
7664,424,496
7665,424,497
7666,424,498
7667,424,499
7668,424,500
7669,424,501
7670,424,502
7671,424,503
7672,424,504
7673,424,505
7674,424,506
7675,424,507
7676,424,508
7677,424,509
7678,424,510
7679,424,511
7680,424,512
7681,424,513
7682,424,514
7683,424,515
7684,424,516
7685,424,517
7686,424,518
7687,424,519
7688,424,520
7689,424,521
7690,424,522
7691,424,523
7692,424,524
7693,424,525
7694,424,526
7695,424,527
7696,424,528
7697,424,529
7698,424,530
7699,424,534
7700,424,535
7701,424,536
7702,424,537
7703,424,538
7704,424,539
7705,424,540
7706,424,541
7707,424,542
7708,424,543
7709,424,544
7710,424,545
7711,424,546
7712,424,551
7713,424,552
7714,424,553
7715,424,554
7716,424,555
7717,424,556
7718,424,557
7719,424,558
7720,424,559
7721,424,560
7722,424,561
7723,424,562
7724,424,563
7725,424,564
7726,424,565
7727,424,566
7728,424,567
7729,424,568
7730,424,569
7731,424,570
7732,424,571
7733,424,572
7734,425,473
7735,425,474
7736,425,475
7737,425,476
7738,425,477
7739,425,478
7740,425,479
7741,425,480
7742,425,481
7743,425,482
7744,425,483
7745,425,484
7746,425,485
7747,425,486
7748,425,487
7749,425,488
7750,425,489
7751,425,490
7752,425,491
7753,425,492
7754,425,493
7755,425,494
7756,425,495
7757,425,496
7758,425,497
7759,425,498
7760,425,499
7761,425,500
7762,425,501
7763,425,502
7764,425,503
7765,425,504
7766,425,505
7767,425,506
7768,425,507
7769,425,508
7770,425,509
7771,425,510
7772,425,511
7773,425,512
7774,425,513
7775,425,514
7776,425,515
7777,425,516
7778,425,517
7779,425,518
7780,425,519
7781,425,520
7782,425,521
7783,425,522
7784,425,523
7785,425,524
7786,425,525
7787,425,526
7788,425,527
7789,425,528
7790,425,529
7791,425,530
7792,425,536
7793,425,537
7794,425,538
7795,425,539
7796,425,540
7797,425,541
7798,425,542
7799,425,543
7800,425,544
7801,425,545
7802,425,546
7803,425,547
7804,425,551
7805,425,552
7806,425,553
7807,425,554
7808,425,555
7809,425,556
7810,425,557
7811,425,558
7812,425,559
7813,425,560
7814,425,561
7815,425,562
7816,425,563
7817,425,564
7818,425,565
7819,425,566
7820,425,567
7821,425,568
7822,425,569
7823,425,570
7824,425,571
7825,426,473
7826,426,474
7827,426,475
7828,426,476
7829,426,477
7830,426,478
7831,426,479
7832,426,480
7833,426,481
7834,426,482
7835,426,483
7836,426,484
7837,426,485
7838,426,486
7839,426,487
7840,426,488
7841,426,489
7842,426,490
7843,426,491
7844,426,492
7845,426,493
7846,426,494
7847,426,495
7848,426,496
7849,426,497
7850,426,498
7851,426,499
7852,426,500
7853,426,501
7854,426,502
7855,426,503
7856,426,504
7857,426,505
7858,426,506
7859,426,507
7860,426,508
7861,426,509
7862,426,510
7863,426,511
7864,426,512
7865,426,513
7866,426,514
7867,426,515
7868,426,516
7869,426,517
7870,426,518
7871,426,519
7872,426,520
7873,426,521
7874,426,522
7875,426,523
7876,426,524
7877,426,525
7878,426,526
7879,426,527
7880,426,528
7881,426,529
7882,426,530
7883,426,531
7884,426,540
7885,426,541
7886,426,542
7887,426,543
7888,426,544
7889,426,545
7890,426,546
7891,426,547
7892,426,551
7893,426,552
7894,426,553
7895,426,554
7896,426,555
7897,426,556
7898,426,557
7899,426,558
7900,426,559
7901,426,560
7902,426,561
7903,426,562
7904,426,563
7905,426,564
7906,426,565
7907,426,566
7908,426,567
7909,426,568
7910,426,569
7911,426,570
7912,427,473
7913,427,474
7914,427,475
7915,427,476
7916,427,477
7917,427,478
7918,427,479
7919,427,480
7920,427,481
7921,427,482
7922,427,483
7923,427,484
7924,427,485
7925,427,486
7926,427,487
7927,427,488
7928,427,489
7929,427,490
7930,427,491
7931,427,492
7932,427,493
7933,427,494
7934,427,495
7935,427,496
7936,427,497
7937,427,498
7938,427,499
7939,427,500
7940,427,501
7941,427,502
7942,427,503
7943,427,504
7944,427,505
7945,427,506
7946,427,507
7947,427,508
7948,427,509
7949,427,510
7950,427,511
7951,427,512
7952,427,513
7953,427,514
7954,427,515
7955,427,516
7956,427,517
7957,427,521
7958,427,522
7959,427,523
7960,427,524
7961,427,525
7962,427,526
7963,427,527
7964,427,528
7965,427,529
7966,427,530
7967,427,531
7968,427,532
7969,427,541
7970,427,542
7971,427,543
7972,427,544
7973,427,545
7974,427,546
7975,427,547
7976,427,548
7977,427,549
7978,427,550
7979,427,555
7980,427,556
7981,427,557
7982,427,558
7983,427,559
7984,427,560
7985,427,561
7986,427,562
7987,427,563
7988,427,564
7989,427,565
7990,427,566
7991,427,567
7992,427,568
7993,427,569
7994,428,474
7995,428,475
7996,428,476
7997,428,477
7998,428,478
7999,428,479
8000,428,480
8001,428,481
8002,428,482
8003,428,483
8004,428,484
8005,428,485
8006,428,486
8007,428,487
8008,428,488
8009,428,489
8010,428,490
8011,428,491
8012,428,492
8013,428,493
8014,428,494
8015,428,495
8016,428,496
8017,428,497
8018,428,498
8019,428,499
8020,428,500
8021,428,501
8022,428,502
8023,428,503
8024,428,504
8025,428,505
8026,428,506
8027,428,507
8028,428,508
8029,428,509
8030,428,510
8031,428,511
8032,428,512
8033,428,513
8034,428,514
8035,428,515
8036,428,516
8037,428,517
8038,428,519
8039,428,520
8040,428,521
8041,428,522
8042,428,523
8043,428,524
8044,428,525
8045,428,526
8046,428,527
8047,428,528
8048,428,529
8049,428,530
8050,428,531
8051,428,540
8052,428,541
8053,428,542
8054,428,543
8055,428,544
8056,428,545
8057,428,546
8058,428,547
8059,428,548
8060,428,550
8061,428,551
8062,428,552
8063,428,553
8064,428,554
8065,428,555
8066,428,556
8067,428,557
8068,428,558
8069,428,559
8070,428,560
8071,428,561
8072,428,562
8073,428,563
8074,428,564
8075,428,565
8076,428,566
8077,428,567
8078,428,568
8079,428,569
8080,429,474
8081,429,475
8082,429,476
8083,429,477
8084,429,478
8085,429,479
8086,429,480
8087,429,481
8088,429,482
8089,429,483
8090,429,484
8091,429,485
8092,429,486
8093,429,487
8094,429,488
8095,429,489
8096,429,490
8097,429,491
8098,429,492
8099,429,493
8100,429,494
8101,429,495
8102,429,496
8103,429,497
8104,429,498
8105,429,499
8106,429,500
8107,429,501
8108,429,502
8109,429,503
8110,429,504
8111,429,505
8112,429,506
8113,429,507
8114,429,508
8115,429,509
8116,429,510
8117,429,511
8118,429,512
8119,429,513
8120,429,518
8121,429,519
8122,429,520
8123,429,521
8124,429,522
8125,429,523
8126,429,524
8127,429,525
8128,429,526
8129,429,527
8130,429,528
8131,429,529
8132,429,530
8133,429,536
8134,429,537
8135,429,538
8136,429,539
8137,429,540
8138,429,541
8139,429,542
8140,429,543
8141,429,544
8142,429,545
8143,429,546
8144,429,547
8145,429,548
8146,429,550
8147,429,551
8148,429,552
8149,429,553
8150,429,554
8151,429,555
8152,429,556
8153,429,557
8154,429,558
8155,429,559
8156,429,560
8157,429,561
8158,429,562
8159,429,563
8160,429,564
8161,429,565
8162,429,566
8163,429,567
8164,429,568
8165,430,474
8166,430,475
8167,430,476
8168,430,477
8169,430,478
8170,430,479
8171,430,480
8172,430,481
8173,430,482
8174,430,483
8175,430,484
8176,430,485
8177,430,486
8178,430,487
8179,430,488
8180,430,489
8181,430,490
8182,430,491
8183,430,492
8184,430,493
8185,430,494
8186,430,495
8187,430,496
8188,430,497
8189,430,498
8190,430,499
8191,430,500
8192,430,501
8193,430,502
8194,430,503
8195,430,504
8196,430,505
8197,430,506
8198,430,507
8199,430,508
8200,430,509
8201,430,510
8202,430,511
8203,430,512
8204,430,518
8205,430,519
8206,430,520
8207,430,521
8208,430,522
8209,430,523
8210,430,524
8211,430,525
8212,430,526
8213,430,527
8214,430,528
8215,430,529
8216,430,530
8217,430,534
8218,430,535
8219,430,536
8220,430,537
8221,430,538
8222,430,539
8223,430,540
8224,430,541
8225,430,542
8226,430,543
8227,430,544
8228,430,545
8229,430,546
8230,430,547
8231,430,548
8232,430,550
8233,430,551
8234,430,552
8235,430,553
8236,430,554
8237,430,555
8238,430,556
8239,430,557
8240,430,558
8241,430,559
8242,430,560
8243,430,561
8244,430,562
8245,430,563
8246,430,564
8247,430,565
8248,430,566
8249,430,567
8250,430,568
8251,431,475
8252,431,476
8253,431,477
8254,431,478
8255,431,479
8256,431,480
8257,431,481
8258,431,482
8259,431,483
8260,431,484
8261,431,485
8262,431,486
8263,431,487
8264,431,488
8265,431,489
8266,431,490
8267,431,491
8268,431,492
8269,431,493
8270,431,494
8271,431,495
8272,431,496
8273,431,497
8274,431,498
8275,431,499
8276,431,500
8277,431,501
8278,431,502
8279,431,503
8280,431,504
8281,431,505
8282,431,506
8283,431,507
8284,431,508
8285,431,509
8286,431,510
8287,431,511
8288,431,512
8289,431,518
8290,431,519
8291,431,520
8292,431,521
8293,431,522
8294,431,523
8295,431,524
8296,431,525
8297,431,526
8298,431,527
8299,431,528
8300,431,529
8301,431,530
8302,431,534
8303,431,535
8304,431,536
8305,431,537
8306,431,538
8307,431,539
8308,431,540
8309,431,541
8310,431,542
8311,431,543
8312,431,544
8313,431,545
8314,431,546
8315,431,547
8316,431,548
8317,431,550
8318,431,551
8319,431,552
8320,431,553
8321,431,554
8322,431,555
8323,431,556
8324,431,557
8325,431,558
8326,431,559
8327,431,560
8328,431,561
8329,431,562
8330,431,563
8331,431,564
8332,431,565
8333,431,566
8334,431,567
8335,432,476
8336,432,477
8337,432,478
8338,432,479
8339,432,480
8340,432,481
8341,432,482
8342,432,483
8343,432,484
8344,432,485
8345,432,486
8346,432,487
8347,432,488
8348,432,489
8349,432,490
8350,432,491
8351,432,492
8352,432,493
8353,432,494
8354,432,495
8355,432,496
8356,432,497
8357,432,498
8358,432,499
8359,432,500
8360,432,501
8361,432,502
8362,432,503
8363,432,504
8364,432,505
8365,432,506
8366,432,507
8367,432,508
8368,432,509
8369,432,510
8370,432,511
8371,432,512
8372,432,513
8373,432,518
8374,432,519
8375,432,520
8376,432,521
8377,432,522
8378,432,523
8379,432,524
8380,432,525
8381,432,526
8382,432,527
8383,432,528
8384,432,529
8385,432,530
8386,432,539
8387,432,540
8388,432,541
8389,432,542
8390,432,543
8391,432,544
8392,432,545
8393,432,546
8394,432,547
8395,432,548
8396,432,549
8397,432,550
8398,432,551
8399,432,552
8400,432,553
8401,432,554
8402,432,555
8403,432,556
8404,432,557
8405,432,558
8406,432,559
8407,432,560
8408,432,561
8409,432,562
8410,432,563
8411,432,564
8412,432,565
8413,432,566
8414,433,477
8415,433,478
8416,433,479
8417,433,480
8418,433,481
8419,433,482
8420,433,483
8421,433,484
8422,433,485
8423,433,486
8424,433,487
8425,433,488
8426,433,489
8427,433,490
8428,433,491
8429,433,492
8430,433,493
8431,433,494
8432,433,495
8433,433,496
8434,433,497
8435,433,498
8436,433,499
8437,433,500
8438,433,501
8439,433,502
8440,433,503
8441,433,504
8442,433,505
8443,433,506
8444,433,507
8445,433,508
8446,433,509
8447,433,510
8448,433,511
8449,433,512
8450,433,513
8451,433,514
8452,433,520
8453,433,521
8454,433,522
8455,433,523
8456,433,524
8457,433,525
8458,433,526
8459,433,527
8460,433,528
8461,433,529
8462,433,530
8463,433,541
8464,433,542
8465,433,543
8466,433,544
8467,433,545
8468,433,546
8469,433,547
8470,433,548
8471,433,549
8472,433,550
8473,433,551
8474,433,552
8475,433,553
8476,433,554
8477,433,555
8478,433,556
8479,433,557
8480,433,558
8481,433,559
8482,433,560
8483,433,561
8484,433,562
8485,433,563
8486,433,564
8487,433,565
8488,434,477
8489,434,478
8490,434,479
8491,434,480
8492,434,481
8493,434,482
8494,434,483
8495,434,484
8496,434,485
8497,434,486
8498,434,487
8499,434,488
8500,434,489
8501,434,490
8502,434,491
8503,434,492
8504,434,493
8505,434,494
8506,434,495
8507,434,496
8508,434,497
8509,434,498
8510,434,499
8511,434,500
8512,434,501
8513,434,502
8514,434,503
8515,434,504
8516,434,505
8517,434,506
8518,434,507
8519,434,508
8520,434,509
8521,434,510
8522,434,511
8523,434,512
8524,434,513
8525,434,514
8526,434,515
8527,434,516
8528,434,520
8529,434,521
8530,434,522
8531,434,523
8532,434,524
8533,434,525
8534,434,526
8535,434,527
8536,434,528
8537,434,529
8538,434,530
8539,434,541
8540,434,542
8541,434,543
8542,434,544
8543,434,545
8544,434,546
8545,434,547
8546,434,548
8547,434,549
8548,434,550
8549,434,551
8550,434,552
8551,434,553
8552,434,554
8553,434,555
8554,434,556
8555,434,559
8556,434,560
8557,434,561
8558,434,562
8559,434,563
8560,435,478
8561,435,479
8562,435,480
8563,435,481
8564,435,482
8565,435,483
8566,435,484
8567,435,485
8568,435,486
8569,435,487
8570,435,488
8571,435,489
8572,435,490
8573,435,491
8574,435,492
8575,435,493
8576,435,494
8577,435,495
8578,435,496
8579,435,497
8580,435,498
8581,435,499
8582,435,500
8583,435,501
8584,435,502
8585,435,503
8586,435,504
8587,435,505
8588,435,506
8589,435,507
8590,435,508
8591,435,509
8592,435,510
8593,435,511
8594,435,512
8595,435,513
8596,435,514
8597,435,515
8598,435,516
8599,435,517
8600,435,518
8601,435,519
8602,435,520
8603,435,521
8604,435,522
8605,435,523
8606,435,524
8607,435,525
8608,435,526
8609,435,527
8610,435,528
8611,435,529
8612,435,530
8613,435,538
8614,435,539
8615,435,540
8616,435,541
8617,435,542
8618,435,543
8619,435,544
8620,435,545
8621,435,546
8622,435,547
8623,435,548
8624,435,549
8625,435,550
8626,435,551
8627,435,552
8628,435,553
8629,435,554
8630,435,555
8631,435,556
8632,435,557
8633,435,558
8634,435,559
8635,435,560
8636,435,561
8637,435,562
8638,436,479
8639,436,480
8640,436,481
8641,436,482
8642,436,483
8643,436,484
8644,436,485
8645,436,486
8646,436,487
8647,436,488
8648,436,489
8649,436,490
8650,436,491
8651,436,492
8652,436,493
8653,436,494
8654,436,495
8655,436,496
8656,436,497
8657,436,498
8658,436,499
8659,436,500
8660,436,501
8661,436,502
8662,436,503
8663,436,504
8664,436,505
8665,436,506
8666,436,507
8667,436,508
8668,436,509
8669,436,510
8670,436,511
8671,436,512
8672,436,513
8673,436,514
8674,436,515
8675,436,516
8676,436,517
8677,436,518
8678,436,519
8679,436,520
8680,436,521
8681,436,522
8682,436,523
8683,436,524
8684,436,525
8685,436,526
8686,436,527
8687,436,528
8688,436,529
8689,436,530
8690,436,535
8691,436,536
8692,436,537
8693,436,538
8694,436,539
8695,436,540
8696,436,541
8697,436,542
8698,436,543
8699,436,544
8700,436,545
8701,436,546
8702,436,547
8703,436,548
8704,436,549
8705,436,550
8706,436,551
8707,436,552
8708,436,553
8709,436,554
8710,436,555
8711,436,556
8712,436,557
8713,436,558
8714,436,559
8715,437,480
8716,437,481
8717,437,482
8718,437,483
8719,437,484
8720,437,485
8721,437,486
8722,437,487
8723,437,488
8724,437,489
8725,437,490
8726,437,491
8727,437,492
8728,437,493
8729,437,494
8730,437,495
8731,437,496
8732,437,497
8733,437,498
8734,437,499
8735,437,500
8736,437,501
8737,437,502
8738,437,503
8739,437,504
8740,437,505
8741,437,506
8742,437,507
8743,437,508
8744,437,509
8745,437,510
8746,437,511
8747,437,512
8748,437,513
8749,437,514
8750,437,515
8751,437,516
8752,437,517
8753,437,518
8754,437,519
8755,437,520
8756,437,521
8757,437,522
8758,437,523
8759,437,524
8760,437,525
8761,437,526
8762,437,527
8763,437,528
8764,437,529
8765,437,534
8766,437,535
8767,437,536
8768,437,537
8769,437,538
8770,437,539
8771,437,540
8772,437,541
8773,437,542
8774,437,543
8775,437,544
8776,437,545
8777,437,546
8778,437,547
8779,437,548
8780,437,549
8781,437,550
8782,437,551
8783,437,552
8784,437,553
8785,437,554
8786,437,555
8787,437,556
8788,437,557
8789,437,558
8790,437,559
8791,438,481
8792,438,482
8793,438,483
8794,438,484
8795,438,485
8796,438,486
8797,438,487
8798,438,488
8799,438,489
8800,438,490
8801,438,491
8802,438,492
8803,438,493
8804,438,494
8805,438,495
8806,438,496
8807,438,497
8808,438,498
8809,438,499
8810,438,500
8811,438,501
8812,438,502
8813,438,503
8814,438,504
8815,438,505
8816,438,506
8817,438,507
8818,438,508
8819,438,509
8820,438,510
8821,438,511
8822,438,512
8823,438,513
8824,438,514
8825,438,515
8826,438,516
8827,438,517
8828,438,518
8829,438,519
8830,438,520
8831,438,521
8832,438,522
8833,438,523
8834,438,524
8835,438,525
8836,438,526
8837,438,527
8838,438,528
8839,438,529
8840,438,530
8841,438,534
8842,438,535
8843,438,536
8844,438,537
8845,438,538
8846,438,539
8847,438,540
8848,438,541
8849,438,542
8850,438,543
8851,438,544
8852,438,545
8853,438,546
8854,438,547
8855,438,548
8856,438,549
8857,438,550
8858,438,551
8859,438,552
8860,438,553
8861,438,554
8862,438,555
8863,438,556
8864,438,557
8865,438,558
8866,438,559
8867,439,482
8868,439,483
8869,439,484
8870,439,485
8871,439,486
8872,439,487
8873,439,488
8874,439,489
8875,439,490
8876,439,491
8877,439,492
8878,439,493
8879,439,494
8880,439,495
8881,439,496
8882,439,497
8883,439,498
8884,439,499
8885,439,500
8886,439,501
8887,439,502
8888,439,503
8889,439,504
8890,439,505
8891,439,506
8892,439,507
8893,439,508
8894,439,509
8895,439,510
8896,439,511
8897,439,512
8898,439,513
8899,439,514
8900,439,515
8901,439,516
8902,439,517
8903,439,518
8904,439,519
8905,439,520
8906,439,521
8907,439,522
8908,439,523
8909,439,524
8910,439,525
8911,439,526
8912,439,527
8913,439,528
8914,439,529
8915,439,530
8916,439,535
8917,439,536
8918,439,537
8919,439,538
8920,439,539
8921,439,540
8922,439,541
8923,439,542
8924,439,543
8925,439,544
8926,439,545
8927,439,546
8928,439,547
8929,439,548
8930,439,549
8931,439,550
8932,439,551
8933,439,552
8934,439,553
8935,439,554
8936,439,555
8937,439,556
8938,439,557
8939,439,558
8940,440,484
8941,440,485
8942,440,486
8943,440,487
8944,440,488
8945,440,489
8946,440,490
8947,440,491
8948,440,492
8949,440,493
8950,440,494
8951,440,495
8952,440,496
8953,440,497
8954,440,498
8955,440,499
8956,440,500
8957,440,501
8958,440,502
8959,440,503
8960,440,504
8961,440,505
8962,440,506
8963,440,507
8964,440,508
8965,440,509
8966,440,510
8967,440,511
8968,440,512
8969,440,513
8970,440,514
8971,440,515
8972,440,516
8973,440,517
8974,440,518
8975,440,519
8976,440,520
8977,440,521
8978,440,522
8979,440,523
8980,440,524
8981,440,525
8982,440,526
8983,440,527
8984,440,528
8985,440,529
8986,440,530
8987,440,537
8988,440,538
8989,440,539
8990,440,540
8991,440,541
8992,440,542
8993,440,543
8994,440,544
8995,440,545
8996,440,546
8997,440,547
8998,440,548
8999,440,549
9000,440,550
9001,440,551
9002,440,552
9003,440,553
9004,440,554
9005,440,555
9006,440,556
9007,440,557
9008,440,558
9009,441,485
9010,441,486
9011,441,487
9012,441,488
9013,441,489
9014,441,490
9015,441,491
9016,441,492
9017,441,493
9018,441,494
9019,441,495
9020,441,496
9021,441,497
9022,441,498
9023,441,499
9024,441,500
9025,441,501
9026,441,502
9027,441,503
9028,441,504
9029,441,505
9030,441,506
9031,441,507
9032,441,508
9033,441,509
9034,441,510
9035,441,511
9036,441,512
9037,441,513
9038,441,514
9039,441,515
9040,441,516
9041,441,517
9042,441,518
9043,441,519
9044,441,520
9045,441,521
9046,441,522
9047,441,523
9048,441,524
9049,441,525
9050,441,526
9051,441,527
9052,441,528
9053,441,529
9054,441,530
9055,441,531
9056,441,537
9057,441,538
9058,441,539
9059,441,540
9060,441,541
9061,441,542
9062,441,543
9063,441,544
9064,441,545
9065,441,546
9066,441,547
9067,441,548
9068,441,549
9069,441,550
9070,441,551
9071,441,552
9072,441,553
9073,441,554
9074,441,555
9075,441,556
9076,441,557
9077,442,485
9078,442,486
9079,442,487
9080,442,488
9081,442,489
9082,442,490
9083,442,491
9084,442,492
9085,442,493
9086,442,494
9087,442,495
9088,442,496
9089,442,497
9090,442,498
9091,442,499
9092,442,500
9093,442,501
9094,442,502
9095,442,503
9096,442,504
9097,442,505
9098,442,506
9099,442,507
9100,442,508
9101,442,509
9102,442,510
9103,442,511
9104,442,512
9105,442,513
9106,442,514
9107,442,515
9108,442,516
9109,442,517
9110,442,518
9111,442,519
9112,442,520
9113,442,521
9114,442,522
9115,442,523
9116,442,524
9117,442,525
9118,442,526
9119,442,527
9120,442,528
9121,442,529
9122,442,530
9123,442,537
9124,442,538
9125,442,539
9126,442,540
9127,442,541
9128,442,542
9129,442,543
9130,442,544
9131,442,545
9132,442,546
9133,442,547
9134,442,548
9135,442,549
9136,442,550
9137,442,551
9138,442,552
9139,442,553
9140,442,554
9141,442,555
9142,442,556
9143,442,557
9144,443,486
9145,443,487
9146,443,488
9147,443,489
9148,443,490
9149,443,491
9150,443,492
9151,443,493
9152,443,494
9153,443,495
9154,443,496
9155,443,497
9156,443,498
9157,443,499
9158,443,500
9159,443,501
9160,443,502
9161,443,503
9162,443,504
9163,443,505
9164,443,506
9165,443,507
9166,443,508
9167,443,509
9168,443,510
9169,443,511
9170,443,512
9171,443,513
9172,443,514
9173,443,515
9174,443,516
9175,443,517
9176,443,518
9177,443,519
9178,443,520
9179,443,521
9180,443,522
9181,443,523
9182,443,524
9183,443,525
9184,443,526
9185,443,527
9186,443,528
9187,443,529
9188,443,537
9189,443,538
9190,443,539
9191,443,540
9192,443,541
9193,443,542
9194,443,543
9195,443,544
9196,443,545
9197,443,546
9198,443,547
9199,443,548
9200,443,549
9201,443,550
9202,443,551
9203,443,552
9204,443,553
9205,443,554
9206,443,555
9207,443,556
9208,444,487
9209,444,488
9210,444,489
9211,444,490
9212,444,491
9213,444,492
9214,444,493
9215,444,494
9216,444,495
9217,444,496
9218,444,497
9219,444,498
9220,444,499
9221,444,500
9222,444,501
9223,444,502
9224,444,503
9225,444,504
9226,444,505
9227,444,506
9228,444,507
9229,444,508
9230,444,509
9231,444,510
9232,444,511
9233,444,512
9234,444,513
9235,444,514
9236,444,515
9237,444,516
9238,444,517
9239,444,518
9240,444,519
9241,444,520
9242,444,521
9243,444,522
9244,444,523
9245,444,524
9246,444,525
9247,444,526
9248,444,527
9249,444,528
9250,444,529
9251,444,536
9252,444,537
9253,444,538
9254,444,539
9255,444,540
9256,444,541
9257,444,542
9258,444,543
9259,444,544
9260,444,545
9261,444,546
9262,444,547
9263,444,548
9264,444,551
9265,444,552
9266,444,553
9267,444,554
9268,444,555
9269,444,556
9270,445,489
9271,445,490
9272,445,491
9273,445,492
9274,445,493
9275,445,494
9276,445,495
9277,445,496
9278,445,497
9279,445,498
9280,445,499
9281,445,500
9282,445,501
9283,445,502
9284,445,503
9285,445,504
9286,445,505
9287,445,506
9288,445,507
9289,445,508
9290,445,509
9291,445,510
9292,445,511
9293,445,512
9294,445,513
9295,445,514
9296,445,515
9297,445,516
9298,445,517
9299,445,518
9300,445,519
9301,445,520
9302,445,521
9303,445,522
9304,445,523
9305,445,524
9306,445,525
9307,445,526
9308,445,527
9309,445,528
9310,445,529
9311,445,537
9312,445,538
9313,445,539
9314,445,540
9315,445,541
9316,445,542
9317,445,543
9318,445,544
9319,445,545
9320,445,546
9321,445,547
9322,445,548
9323,446,491
9324,446,492
9325,446,493
9326,446,494
9327,446,495
9328,446,496
9329,446,497
9330,446,498
9331,446,499
9332,446,500
9333,446,501
9334,446,502
9335,446,503
9336,446,504
9337,446,505
9338,446,506
9339,446,507
9340,446,508
9341,446,509
9342,446,510
9343,446,511
9344,446,512
9345,446,513
9346,446,514
9347,446,515
9348,446,516
9349,446,517
9350,446,518
9351,446,519
9352,446,520
9353,446,521
9354,446,522
9355,446,523
9356,446,524
9357,446,525
9358,446,526
9359,446,527
9360,446,528
9361,446,529
9362,446,537
9363,446,538
9364,446,539
9365,446,540
9366,446,541
9367,446,542
9368,446,543
9369,446,544
9370,446,545
9371,446,546
9372,446,547
9373,447,493
9374,447,494
9375,447,495
9376,447,496
9377,447,497
9378,447,498
9379,447,499
9380,447,500
9381,447,501
9382,447,502
9383,447,503
9384,447,504
9385,447,505
9386,447,506
9387,447,507
9388,447,508
9389,447,509
9390,447,510
9391,447,511
9392,447,512
9393,447,513
9394,447,514
9395,447,515
9396,447,516
9397,447,517
9398,447,518
9399,447,519
9400,447,520
9401,447,521
9402,447,522
9403,447,523
9404,447,524
9405,447,525
9406,447,526
9407,447,527
9408,447,528
9409,447,529
9410,447,530
9411,447,538
9412,447,539
9413,447,540
9414,447,541
9415,447,542
9416,447,543
9417,447,544
9418,447,545
9419,447,546
9420,447,547
9421,448,494
9422,448,495
9423,448,496
9424,448,497
9425,448,498
9426,448,499
9427,448,500
9428,448,501
9429,448,502
9430,448,503
9431,448,504
9432,448,505
9433,448,506
9434,448,507
9435,448,508
9436,448,509
9437,448,510
9438,448,511
9439,448,512
9440,448,513
9441,448,514
9442,448,515
9443,448,516
9444,448,517
9445,448,518
9446,448,519
9447,448,520
9448,448,521
9449,448,522
9450,448,523
9451,448,524
9452,448,525
9453,448,526
9454,448,527
9455,448,528
9456,448,529
9457,448,530
9458,448,531
9459,448,532
9460,448,538
9461,448,539
9462,448,540
9463,448,541
9464,448,542
9465,448,543
9466,448,544
9467,448,545
9468,448,546
9469,449,496
9470,449,497
9471,449,498
9472,449,499
9473,449,500
9474,449,501
9475,449,502
9476,449,503
9477,449,504
9478,449,505
9479,449,506
9480,449,507
9481,449,508
9482,449,509
9483,449,510
9484,449,511
9485,449,512
9486,449,513
9487,449,514
9488,449,515
9489,449,516
9490,449,517
9491,449,518
9492,449,519
9493,449,520
9494,449,521
9495,449,522
9496,449,523
9497,449,524
9498,449,525
9499,449,526
9500,449,527
9501,449,528
9502,449,529
9503,449,530
9504,449,531
9505,449,532
9506,449,538
9507,449,539
9508,449,540
9509,449,541
9510,449,542
9511,449,543
9512,449,544
9513,449,545
9514,450,498
9515,450,499
9516,450,500
9517,450,501
9518,450,502
9519,450,503
9520,450,504
9521,450,505
9522,450,506
9523,450,507
9524,450,508
9525,450,509
9526,450,510
9527,450,511
9528,450,512
9529,450,513
9530,450,514
9531,450,515
9532,450,516
9533,450,517
9534,450,518
9535,450,519
9536,450,520
9537,450,521
9538,450,522
9539,450,523
9540,450,524
9541,450,525
9542,450,526
9543,450,527
9544,450,528
9545,450,529
9546,450,530
9547,450,531
9548,450,532
9549,450,533
9550,450,537
9551,450,538
9552,450,539
9553,450,540
9554,450,541
9555,450,542
9556,450,543
9557,451,501
9558,451,502
9559,451,503
9560,451,504
9561,451,505
9562,451,506
9563,451,507
9564,451,508
9565,451,509
9566,451,510
9567,451,511
9568,451,512
9569,451,513
9570,451,514
9571,451,515
9572,451,516
9573,451,517
9574,451,518
9575,451,519
9576,451,520
9577,451,521
9578,451,522
9579,451,523
9580,451,524
9581,451,525
9582,451,526
9583,451,527
9584,451,528
9585,451,529
9586,451,530
9587,451,531
9588,451,532
9589,451,533
9590,451,534
9591,451,535
9592,451,536
9593,451,537
9594,451,538
9595,451,539
9596,452,505
9597,452,506
9598,452,507
9599,452,508
9600,452,513
9601,452,514
9602,452,515
9603,452,516
9604,452,517
9605,452,518
9606,452,519
9607,452,520
9608,452,521
9609,452,522
9610,452,523
9611,452,524
9612,452,525
9613,452,526
9614,452,527
9615,452,528
9616,452,529
9617,453,518
9618,453,519
9619,453,520
9620,453,521
9621,453,522
9622,453,523
9623,453,524
9624,453,525
9625,458,518
9626,458,519
9627,458,520
9628,458,521
9629,458,540
9630,458,541
9631,458,542
9632,513,560
9633,513,561
9634,513,562
9635,513,574
9636,513,575
9637,513,576
9638,513,577
9639,513,578
9640,513,579
9641,513,580
9642,513,581
9643,514,559
9644,514,560
9645,514,561
9646,514,562
9647,514,573
9648,514,574
9649,514,575
9650,514,576
9651,514,577
9652,514,578
9653,514,579
9654,514,580
9655,514,581
9656,515,574
9657,515,575
9658,515,576
9659,515,577
9660,515,578
9661,515,579
9662,516,575
9663,516,576
9664,517,549
9665,517,575
9666,521,545
9667,525,544
9668,525,545
9669,525,546
9670,526,544
9671,526,545
9672,526,546
9673,526,547
9674,526,556
9675,526,557
9676,526,558
9677,526,559
9678,526,560
9679,526,561
9680,526,562
9681,526,563
9682,526,575
9683,526,576
9684,526,577
9685,526,578
9686,526,579
9687,526,580
9688,527,543
9689,527,544
9690,527,545
9691,527,546
9692,527,547
9693,527,552
9694,527,553
9695,527,554
9696,527,555
9697,527,556
9698,527,557
9699,527,558
9700,527,559
9701,527,560
9702,527,561
9703,527,562
9704,527,563
9705,527,564
9706,527,571
9707,527,572
9708,527,573
9709,527,574
9710,527,575
9711,527,576
9712,527,577
9713,527,578
9714,527,579
9715,527,580
9716,527,581
9717,528,543
9718,528,544
9719,528,545
9720,528,546
9721,528,547
9722,528,553
9723,528,554
9724,528,555
9725,528,556
9726,528,557
9727,528,558
9728,528,559
9729,528,560
9730,528,561
9731,528,562
9732,528,563
9733,528,564
9734,528,572
9735,528,573
9736,528,574
9737,528,575
9738,528,576
9739,528,577
9740,528,578
9741,528,579
9742,528,580
9743,528,581
9744,529,544
9745,529,545
9746,529,546
9747,529,547
9748,529,548
9749,529,549
9750,529,550
9751,529,555
9752,529,556
9753,529,557
9754,529,558
9755,529,559
9756,529,560
9757,529,561
9758,529,562
9759,529,563
9760,529,564
9761,529,573
9762,529,574
9763,529,575
9764,529,576
9765,529,577
9766,529,578
9767,529,579
9768,529,580
9769,529,581
9770,530,545
9771,530,546
9772,530,547
9773,530,548
9774,530,549
9775,530,550
9776,530,556
9777,530,557
9778,530,558
9779,530,559
9780,530,560
9781,530,561
9782,530,562
9783,530,563
9784,530,564
9785,530,565
9786,530,566
9787,530,573
9788,530,574
9789,530,575
9790,530,576
9791,530,577
9792,530,578
9793,530,579
9794,530,580
9795,530,581
9796,530,582
9797,530,583
9798,531,545
9799,531,546
9800,531,547
9801,531,548
9802,531,549
9803,531,550
9804,531,556
9805,531,557
9806,531,558
9807,531,559
9808,531,560
9809,531,561
9810,531,563
9811,531,564
9812,531,565
9813,531,566
9814,531,574
9815,531,575
9816,531,576
9817,531,577
9818,531,578
9819,531,581
9820,531,582
9821,531,583
9822,531,584
9823,532,546
9824,532,547
9825,532,548
9826,532,549
9827,532,550
9828,532,551
9829,532,556
9830,532,557
9831,532,558
9832,532,559
9833,532,560
9834,532,561
9835,532,562
9836,532,563
9837,532,564
9838,532,565
9839,532,573
9840,532,574
9841,532,575
9842,532,576
9843,532,577
9844,532,578
9845,532,579
9846,532,580
9847,532,581
9848,532,582
9849,533,547
9850,533,548
9851,533,549
9852,533,550
9853,533,551
9854,533,552
9855,533,553
9856,533,554
9857,533,555
9858,533,556
9859,533,557
9860,533,558
9861,533,559
9862,533,560
9863,533,561
9864,533,562
9865,533,563
9866,533,564
9867,533,573
9868,533,574
9869,533,575
9870,533,576
9871,533,577
9872,533,578
9873,533,579
9874,533,580
9875,533,581
9876,534,549
9877,534,550
9878,534,551
9879,534,552
9880,534,553
9881,534,554
9882,534,555
9883,534,556
9884,534,557
9885,534,558
9886,534,559
9887,534,560
9888,534,561
9889,534,562
9890,534,563
9891,534,564
9892,534,572
9893,534,573
9894,534,574
9895,534,575
9896,534,576
9897,534,577
9898,534,578
9899,534,579
9900,534,580
9901,534,581
9902,535,549
9903,535,550
9904,535,551
9905,535,552
9906,535,553
9907,535,554
9908,535,555
9909,535,556
9910,535,557
9911,535,558
9912,535,559
9913,535,560
9914,535,561
9915,535,562
9916,535,563
9917,535,564
9918,535,573
9919,535,574
9920,535,575
9921,535,576
9922,535,577
9923,535,578
9924,535,579
9925,535,580
9926,535,581
9927,536,549
9928,536,550
9929,536,551
9930,536,552
9931,536,553
9932,536,554
9933,536,555
9934,536,556
9935,536,557
9936,536,558
9937,536,559
9938,536,560
9939,536,561
9940,536,562
9941,536,563
9942,536,564
9943,536,574
9944,536,575
9945,536,576
9946,536,577
9947,536,578
9948,536,579
9949,536,580
9950,536,581
9951,537,549
9952,537,550
9953,537,551
9954,537,552
9955,537,553
9956,537,554
9957,537,555
9958,537,556
9959,537,557
9960,537,558
9961,537,559
9962,537,560
9963,537,561
9964,537,562
9965,537,563
9966,537,564
9967,537,574
9968,537,575
9969,537,576
9970,537,577
9971,537,578
9972,537,579
9973,537,580
9974,538,549
9975,538,550
9976,538,551
9977,538,552
9978,538,555
9979,538,556
9980,538,557
9981,538,558
9982,538,559
9983,538,560
9984,538,561
9985,538,562
9986,538,563
9987,538,564
9988,538,574
9989,538,575
9990,538,576
9991,538,577
9992,538,578
9993,538,579
9994,538,580
9995,538,581
9996,539,549
9997,539,550
9998,539,551
9999,539,552
10000,539,553
10001,539,554
10002,539,555
10003,539,556
10004,539,557
10005,539,558
10006,539,559
10007,539,560
10008,539,561
10009,539,562
10010,539,563
10011,539,564
10012,539,573
10013,539,574
10014,539,575
10015,539,576
10016,539,577
10017,539,578
10018,539,579
10019,539,580
10020,539,581
10021,539,582
10022,539,595
10023,539,596
10024,539,597
10025,540,551
10026,540,552
10027,540,553
10028,540,554
10029,540,555
10030,540,556
10031,540,557
10032,540,558
10033,540,559
10034,540,560
10035,540,561
10036,540,562
10037,540,563
10038,540,564
10039,540,572
10040,540,573
10041,540,574
10042,540,575
10043,540,576
10044,540,577
10045,540,578
10046,540,579
10047,540,580
10048,540,581
10049,540,582
10050,540,588
10051,540,589
10052,540,590
10053,540,591
10054,540,593
10055,540,594
10056,540,595
10057,540,596
10058,540,597
10059,540,598
10060,541,551
10061,541,552
10062,541,553
10063,541,554
10064,541,555
10065,541,556
10066,541,557
10067,541,558
10068,541,559
10069,541,560
10070,541,561
10071,541,562
10072,541,563
10073,541,564
10074,541,571
10075,541,572
10076,541,573
10077,541,574
10078,541,575
10079,541,576
10080,541,577
10081,541,578
10082,541,579
10083,541,580
10084,541,581
10085,541,582
10086,541,587
10087,541,588
10088,541,589
10089,541,590
10090,541,591
10091,541,592
10092,541,593
10093,541,594
10094,541,595
10095,541,596
10096,541,597
10097,541,598
10098,542,552
10099,542,553
10100,542,554
10101,542,555
10102,542,556
10103,542,557
10104,542,558
10105,542,559
10106,542,560
10107,542,561
10108,542,562
10109,542,563
10110,542,564
10111,542,572
10112,542,573
10113,542,574
10114,542,575
10115,542,576
10116,542,577
10117,542,578
10118,542,579
10119,542,580
10120,542,581
10121,542,582
10122,542,587
10123,542,588
10124,542,589
10125,542,590
10126,542,591
10127,542,592
10128,542,593
10129,542,594
10130,542,595
10131,542,596
10132,542,597
10133,542,598
10134,543,554
10135,543,555
10136,543,556
10137,543,557
10138,543,558
10139,543,559
10140,543,560
10141,543,561
10142,543,562
10143,543,563
10144,543,564
10145,543,565
10146,543,573
10147,543,574
10148,543,575
10149,543,576
10150,543,577
10151,543,578
10152,543,579
10153,543,580
10154,543,581
10155,543,582
10156,543,583
10157,543,590
10158,543,591
10159,543,592
10160,543,593
10161,543,594
10162,543,595
10163,543,596
10164,543,597
10165,543,598
10166,544,555
10167,544,556
10168,544,557
10169,544,558
10170,544,559
10171,544,560
10172,544,561
10173,544,562
10174,544,563
10175,544,564
10176,544,565
10177,544,566
10178,544,574
10179,544,575
10180,544,576
10181,544,577
10182,544,578
10183,544,579
10184,544,580
10185,544,581
10186,544,582
10187,544,583
10188,544,584
10189,544,585
10190,544,590
10191,544,591
10192,544,592
10193,544,593
10194,544,594
10195,544,595
10196,544,596
10197,544,597
10198,544,598
10199,545,555
10200,545,556
10201,545,557
10202,545,558
10203,545,559
10204,545,560
10205,545,561
10206,545,562
10207,545,563
10208,545,564
10209,545,565
10210,545,566
10211,545,574
10212,545,575
10213,545,576
10214,545,577
10215,545,578
10216,545,579
10217,545,580
10218,545,581
10219,545,582
10220,545,583
10221,545,584
10222,545,585
10223,545,590
10224,545,591
10225,545,592
10226,545,593
10227,545,594
10228,545,595
10229,545,596
10230,545,597
10231,546,555
10232,546,556
10233,546,557
10234,546,558
10235,546,559
10236,546,560
10237,546,561
10238,546,562
10239,546,563
10240,546,564
10241,546,565
10242,546,574
10243,546,575
10244,546,576
10245,546,577
10246,546,578
10247,546,579
10248,546,580
10249,546,581
10250,546,582
10251,546,583
10252,546,584
10253,546,585
10254,546,590
10255,546,591
10256,546,592
10257,546,593
10258,546,594
10259,546,595
10260,546,596
10261,546,597
10262,546,598
10263,547,555
10264,547,556
10265,547,557
10266,547,558
10267,547,559
10268,547,560
10269,547,561
10270,547,562
10271,547,563
10272,547,564
10273,547,565
10274,547,574
10275,547,575
10276,547,576
10277,547,577
10278,547,578
10279,547,579
10280,547,580
10281,547,581
10282,547,582
10283,547,583
10284,547,589
10285,547,590
10286,547,591
10287,547,592
10288,547,593
10289,547,594
10290,547,595
10291,547,596
10292,547,597
10293,547,598
10294,548,554
10295,548,555
10296,548,556
10297,548,557
10298,548,558
10299,548,559
10300,548,560
10301,548,561
10302,548,562
10303,548,563
10304,548,564
10305,548,571
10306,548,572
10307,548,573
10308,548,574
10309,548,575
10310,548,576
10311,548,577
10312,548,578
10313,548,579
10314,548,580
10315,548,581
10316,548,582
10317,548,587
10318,548,588
10319,548,589
10320,548,590
10321,548,591
10322,548,592
10323,548,593
10324,548,594
10325,548,595
10326,548,596
10327,548,597
10328,548,598
10329,549,555
10330,549,556
10331,549,557
10332,549,558
10333,549,559
10334,549,560
10335,549,561
10336,549,562
10337,549,563
10338,549,564
10339,549,565
10340,549,573
10341,549,574
10342,549,575
10343,549,576
10344,549,577
10345,549,578
10346,549,579
10347,549,580
10348,549,581
10349,549,582
10350,549,587
10351,549,588
10352,549,589
10353,549,590
10354,549,591
10355,549,592
10356,549,593
10357,549,594
10358,549,595
10359,549,596
10360,549,597
10361,549,598
10362,550,555
10363,550,556
10364,550,557
10365,550,558
10366,550,559
10367,550,560
10368,550,561
10369,550,562
10370,550,563
10371,550,564
10372,550,565
10373,550,574
10374,550,575
10375,550,576
10376,550,577
10377,550,578
10378,550,579
10379,550,580
10380,550,581
10381,550,582
10382,550,583
10383,550,590
10384,550,591
10385,550,592
10386,550,593
10387,550,594
10388,550,595
10389,550,596
10390,550,597
10391,551,556
10392,551,557
10393,551,558
10394,551,559
10395,551,560
10396,551,561
10397,551,562
10398,551,563
10399,551,564
10400,551,565
10401,551,566
10402,551,574
10403,551,575
10404,551,576
10405,551,577
10406,551,578
10407,551,579
10408,551,580
10409,551,581
10410,551,582
10411,551,583
10412,551,584
10413,551,585
10414,551,591
10415,551,592
10416,551,593
10417,551,594
10418,551,595
10419,551,596
10420,551,597
10421,552,556
10422,552,557
10423,552,558
10424,552,559
10425,552,560
10426,552,561
10427,552,562
10428,552,563
10429,552,564
10430,552,565
10431,552,566
10432,552,573
10433,552,574
10434,552,575
10435,552,576
10436,552,577
10437,552,578
10438,552,579
10439,552,580
10440,552,581
10441,552,582
10442,552,583
10443,552,584
10444,552,585
10445,552,590
10446,552,591
10447,552,592
10448,552,593
10449,552,594
10450,552,595
10451,552,596
10452,552,597
10453,553,556
10454,553,557
10455,553,558
10456,553,559
10457,553,560
10458,553,561
10459,553,562
10460,553,563
10461,553,564
10462,553,565
10463,553,572
10464,553,573
10465,553,574
10466,553,575
10467,553,576
10468,553,577
10469,553,578
10470,553,579
10471,553,580
10472,553,581
10473,553,582
10474,553,583
10475,553,587
10476,553,588
10477,553,589
10478,553,590
10479,553,591
10480,553,592
10481,553,593
10482,553,594
10483,553,595
10484,553,596
10485,553,597
10486,554,556
10487,554,557
10488,554,558
10489,554,559
10490,554,560
10491,554,561
10492,554,562
10493,554,563
10494,554,564
10495,554,565
10496,554,569
10497,554,570
10498,554,571
10499,554,572
10500,554,573
10501,554,574
10502,554,575
10503,554,576
10504,554,577
10505,554,578
10506,554,579
10507,554,580
10508,554,581
10509,554,582
10510,554,586
10511,554,587
10512,554,588
10513,554,589
10514,554,590
10515,554,591
10516,554,592
10517,554,593
10518,554,594
10519,554,595
10520,554,596
10521,554,597
10522,555,555
10523,555,556
10524,555,557
10525,555,558
10526,555,559
10527,555,560
10528,555,561
10529,555,562
10530,555,563
10531,555,564
10532,555,569
10533,555,570
10534,555,571
10535,555,572
10536,555,573
10537,555,574
10538,555,575
10539,555,576
10540,555,577
10541,555,578
10542,555,579
10543,555,580
10544,555,581
10545,555,582
10546,555,586
10547,555,587
10548,555,588
10549,555,589
10550,555,590
10551,555,591
10552,555,592
10553,555,593
10554,555,594
10555,555,595
10556,555,596
10557,555,597
10558,555,598
10559,556,556
10560,556,557
10561,556,558
10562,556,559
10563,556,560
10564,556,561
10565,556,562
10566,556,563
10567,556,564
10568,556,565
10569,556,569
10570,556,570
10571,556,571
10572,556,572
10573,556,573
10574,556,574
10575,556,575
10576,556,576
10577,556,577
10578,556,578
10579,556,579
10580,556,580
10581,556,581
10582,556,582
10583,556,583
10584,556,586
10585,556,587
10586,556,588
10587,556,589
10588,556,590
10589,556,591
10590,556,592
10591,556,593
10592,556,594
10593,556,595
10594,556,596
10595,556,597
10596,557,556
10597,557,557
10598,557,558
10599,557,559
10600,557,560
10601,557,561
10602,557,562
10603,557,563
10604,557,564
10605,557,565
10606,557,566
10607,557,567
10608,557,572
10609,557,573
10610,557,574
10611,557,575
10612,557,576
10613,557,577
10614,557,578
10615,557,579
10616,557,580
10617,557,581
10618,557,582
10619,557,583
10620,557,584
10621,557,585
10622,557,589
10623,557,590
10624,557,591
10625,557,592
10626,557,593
10627,557,594
10628,557,595
10629,557,596
10630,557,597
10631,558,556
10632,558,557
10633,558,558
10634,558,559
10635,558,560
10636,558,561
10637,558,562
10638,558,563
10639,558,564
10640,558,565
10641,558,566
10642,558,567
10643,558,568
10644,558,573
10645,558,574
10646,558,575
10647,558,576
10648,558,577
10649,558,578
10650,558,579
10651,558,580
10652,558,581
10653,558,582
10654,558,583
10655,558,584
10656,558,585
10657,558,590
10658,558,591
10659,558,592
10660,558,593
10661,558,594
10662,558,595
10663,558,596
10664,558,597
10665,559,557
10666,559,558
10667,559,559
10668,559,560
10669,559,561
10670,559,562
10671,559,563
10672,559,564
10673,559,565
10674,559,566
10675,559,567
10676,559,568
10677,559,573
10678,559,574
10679,559,575
10680,559,576
10681,559,577
10682,559,578
10683,559,579
10684,559,580
10685,559,581
10686,559,582
10687,559,583
10688,559,584
10689,559,585
10690,559,590
10691,559,591
10692,559,592
10693,559,593
10694,559,594
10695,559,595
10696,559,596
10697,559,597
10698,560,557
10699,560,558
10700,560,559
10701,560,560
10702,560,561
10703,560,562
10704,560,563
10705,560,564
10706,560,565
10707,560,566
10708,560,567
10709,560,573
10710,560,574
10711,560,575
10712,560,576
10713,560,577
10714,560,578
10715,560,579
10716,560,580
10717,560,581
10718,560,582
10719,560,583
10720,560,584
10721,560,590
10722,560,591
10723,560,592
10724,560,593
10725,560,594
10726,560,595
10727,560,596
10728,560,597
10729,561,558
10730,561,559
10731,561,560
10732,561,561
10733,561,562
10734,561,563
10735,561,564
10736,561,572
10737,561,573
10738,561,574
10739,561,575
10740,561,576
10741,561,577
10742,561,578
10743,561,579
10744,561,580
10745,561,581
10746,561,582
10747,561,590
10748,561,591
10749,561,592
10750,561,593
10751,561,594
10752,561,595
10753,561,596
10754,561,597
10755,561,598
10756,562,559
10757,562,560
10758,562,561
10759,562,562
10760,562,563
10761,562,570
10762,562,571
10763,562,572
10764,562,573
10765,562,574
10766,562,575
10767,562,576
10768,562,577
10769,562,578
10770,562,579
10771,562,580
10772,562,581
10773,562,588
10774,562,589
10775,562,590
10776,562,591
10777,562,592
10778,562,593
10779,562,594
10780,562,595
10781,562,596
10782,562,597
10783,562,598
10784,563,560
10785,563,561
10786,563,562
10787,563,563
10788,563,572
10789,563,573
10790,563,574
10791,563,575
10792,563,576
10793,563,577
10794,563,578
10795,563,579
10796,563,580
10797,563,581
10798,563,591
10799,563,592
10800,563,593
10801,563,594
10802,563,595
10803,563,596
10804,563,597
10805,563,598
10806,564,562
10807,564,574
10808,564,575
10809,564,576
10810,564,577
10811,564,578
10812,564,579
10813,564,580
10814,564,581
10815,564,582
10816,564,592
10817,564,593
10818,564,594
10819,564,595
10820,564,596
10821,564,597
10822,565,566
10823,565,574
10824,565,575
10825,565,576
10826,565,577
10827,565,578
10828,565,579
10829,565,580
10830,565,581
10831,565,582
10832,565,592
10833,565,593
10834,565,594
10835,565,595
10836,565,596
10837,565,597
10838,566,566
10839,566,574
10840,566,575
10841,566,576
10842,566,577
10843,566,578
10844,566,579
10845,566,580
10846,566,581
10847,566,592
10848,566,593
10849,566,594
10850,566,595
10851,566,596
10852,566,597
10853,566,598
10854,566,610
10855,567,572
10856,567,573
10857,567,574
10858,567,575
10859,567,576
10860,567,577
10861,567,578
10862,567,579
10863,567,580
10864,567,581
10865,567,592
10866,567,593
10867,567,594
10868,567,595
10869,567,596
10870,567,597
10871,567,598
10872,567,610
10873,568,568
10874,568,569
10875,568,570
10876,568,571
10877,568,572
10878,568,573
10879,568,574
10880,568,575
10881,568,576
10882,568,577
10883,568,578
10884,568,579
10885,568,580
10886,568,592
10887,568,593
10888,568,594
10889,568,595
10890,568,596
10891,568,597
10892,568,598
10893,568,609
10894,569,568
10895,569,569
10896,569,570
10897,569,571
10898,569,572
10899,569,573
10900,569,574
10901,569,575
10902,569,576
10903,569,577
10904,569,578
10905,569,579
10906,569,580
10907,569,591
10908,569,592
10909,569,593
10910,569,594
10911,569,595
10912,569,596
10913,569,597
10914,569,598
10915,570,566
10916,570,567
10917,570,568
10918,570,569
10919,570,570
10920,570,571
10921,570,572
10922,570,573
10923,570,574
10924,570,575
10925,570,576
10926,570,577
10927,570,578
10928,570,579
10929,570,580
10930,570,591
10931,570,592
10932,570,593
10933,570,594
10934,570,595
10935,570,596
10936,570,597
10937,570,598
10938,571,564
10939,571,565
10940,571,566
10941,571,567
10942,571,568
10943,571,569
10944,571,573
10945,571,574
10946,571,575
10947,571,576
10948,571,577
10949,571,578
10950,571,579
10951,571,580
10952,571,591
10953,571,592
10954,571,593
10955,571,594
10956,571,595
10957,571,596
10958,571,597
10959,571,598
10960,572,564
10961,572,565
10962,572,566
10963,572,567
10964,572,568
10965,572,574
10966,572,575
10967,572,576
10968,572,577
10969,572,578
10970,572,591
10971,572,592
10972,572,593
10973,572,594
10974,572,595
10975,572,596
10976,572,597
10977,572,598
10978,573,564
10979,573,565
10980,573,566
10981,573,567
10982,573,568
10983,573,574
10984,573,575
10985,573,576
10986,573,577
10987,573,578
10988,573,592
10989,573,593
10990,573,594
10991,573,595
10992,574,565
10993,574,566
10994,574,567
10995,574,568
10996,574,574
10997,574,575
10998,574,576
10999,574,577
11000,574,578
11001,575,566
11002,575,567
11003,575,568
11004,575,569
11005,575,570
11006,575,578
11007,575,579
11008,576,569
11009,576,570
11010,576,571
11011,576,572
11012,576,579
