a_area,a_conf,a_source,a_x,a_y,ab_b_contact_x,ab_b_contact_y,ab_edge_dist,ab_overlap,ab_overlap_area,ab_status,ac_c_contact_x,ac_c_contact_y,ac_clearance,ac_collision_like,ac_raw_dist,ac_status,action_id,action_name,action_step,b_area,b_conf,b_edge_angle_deg,b_edge_x1,b_edge_x2,b_edge_y1,b_edge_y2,b_source,b_x,b_y,c_area,c_conf,c_contour_points,c_source,c_x,c_y,contact_valid,cycle,direction,distance_status,ok,stage_x,stage_y,static_c_map_name,time
8237.5,1.0,sam2,414.1782498735457,251.31912999494182,440.0,292.0,48.1839803665231,False,2.0,ab_no_overlap,500.0,291.0,94.55127835796765,False,94.55127835796765,ac_ok,2,DOWN,20,8624.5,1.0,160.79232258478157,595.0,440.0,238.0,292.0,sam2,537.3434208746401,285.3881770923918,47746.5,1.0,4,static_c_map_loaded_from_legacy_reference,644.6350133866705,386.4960293773714,True,1,down,ac_ok|ab_no_overlap,True,0.0,0.0,default_static_c_map,1780650665.7803106
8253.5,1.0,sam2,414.28371801861834,251.0942024595626,446.0,290.0,50.195454226254576,False,0.0,ab_no_overlap,500.0,291.0,94.55027061859798,False,94.55027061859798,ac_ok,2,DOWN,20,8654.5,1.0,154.9831065219,461.0,446.0,283.0,290.0,sam2,537.6319448456486,285.1236158453213,47746.5,1.0,4,static_c_map_loaded_from_legacy_reference,644.6350133866705,386.4960293773714,True,2,down,ac_ok|ab_no_overlap,True,0.0,20.0,default_static_c_map,1780650666.2456923
8252.0,1.0,sam2,414.3395540475036,251.19524559702697,450.0,291.0,53.44236033907856,False,0.0,ab_no_overlap,500.0,291.0,94.45702977471585,False,94.45702977471585,ac_ok,2,DOWN,20,8428.5,1.0,153.92464441605125,497.0,450.0,268.0,291.0,sam2,539.6375986237172,284.1676454885211,47746.5,1.0,4,static_c_map_loaded_from_legacy_reference,644.6350133866705,386.4960293773714,True,3,down,ac_ok|ab_no_overlap,True,0.0,40.0,default_static_c_map,1780650666.679483
8201.5,1.0,sam2,414.3553211810847,251.34314861102644,449.0,292.0,53.41566563594316,False,0.0,ab_no_overlap,500.0,291.0,94.38048989109079,False,94.38048989109079,ac_ok,2,DOWN,20,8329.5,1.0,146.30993247402023,461.0,449.0,284.0,292.0,sam2,539.5993356944193,284.7550673309722,47746.5,1.0,4,static_c_map_loaded_from_legacy_reference,644.6350133866705,386.4960293773714,True,4,down,ac_ok|ab_no_overlap,True,0.0,60.0,default_static_c_map,1780650667.115778
8151.5,1.0,sam2,414.47291909464514,251.62264613874746,449.0,291.0,52.37074863852169,False,0.0,ab_no_overlap,500.0,291.0,94.15655880131462,False,94.15655880131462,ac_ok,2,DOWN,20,8302.5,1.0,147.52880770915152,460.0,449.0,284.0,291.0,sam2,539.4522332630733,284.81088025695067,47746.5,1.0,4,static_c_map_loaded_from_legacy_reference,644.6350133866705,386.4960293773714,True,5,down,ac_ok|ab_no_overlap,True,0.0,80.0,default_static_c_map,1780650667.5475702
8083.0,1.0,sam2,414.4940616107881,251.89230483731288,448.0,292.0,52.26160271752771,False,0.0,ab_no_overlap,500.0,291.0,94.0248760741399,False,94.0248760741399,ac_ok,2,DOWN,20,8321.0,1.0,146.30993247402023,460.0,448.0,284.0,292.0,sam2,539.2245323078155,284.899591395265,47746.5,1.0,4,static_c_map_loaded_from_legacy_reference,644.6350133866705,386.4960293773714,True,6,down,ac_ok|ab_no_overlap,True,0.0,100.0,default_static_c_map,1780650667.9782705
8089.5,1.0,sam2,414.19576817685476,252.18995817623667,448.0,291.0,51.46790684995072,False,0.0,ab_no_overlap,500.0,291.0,94.17316786177636,False,94.17316786177636,ac_ok,2,DOWN,20,8342.5,1.0,151.69924423399362,461.0,448.0,284.0,291.0,sam2,539.3196084307261,284.86794526021373,47746.5,1.0,4,static_c_map_loaded_from_legacy_reference,644.6350133866705,386.4960293773714,True,7,down,ac_ok|ab_no_overlap,True,0.0,120.0,default_static_c_map,1780650668.393041
8122.5,1.0,sam2,413.8302041653842,253.08934030983892,447.0,292.0,51.12997939793857,False,0.0,ab_no_overlap,500.0,291.0,94.14059609075447,False,94.14059609075447,ac_ok,2,DOWN,20,8407.0,1.0,150.25511870305778,461.0,447.0,284.0,292.0,sam2,538.5451806034654,285.2359145156813,47746.5,1.0,4,static_c_map_loaded_from_legacy_reference,644.6350133866705,386.4960293773714,True,8,down,ac_ok|ab_no_overlap,True,0.0,140.0,default_static_c_map,1780650668.8287401
8020.0,1.0,sam2,412.9848711554447,254.50575644222775,448.0,289.0,49.15192861550523,False,0.0,ab_no_overlap,500.0,291.0,94.35816054103938,False,94.35816054103938,ac_ok,2,DOWN,20,8516.0,1.0,163.81079374297306,479.0,448.0,280.0,289.0,sam2,538.4179192108971,284.7401557851886,47746.5,1.0,4,static_c_map_loaded_from_legacy_reference,644.6350133866705,386.4960293773714,True,9,down,ac_ok|ab_no_overlap,True,0.0,160.0,default_static_c_map,1780650669.2650194
8104.0,1.0,sam2,412.01556844356696,255.18371586048042,434.0,295.0,45.482433021315465,False,0.0,ab_no_overlap,500.0,291.0,94.99508621961165,False,94.99508621961165,ac_ok,2,DOWN,20,8639.5,1.0,159.14554196042167,518.0,434.0,263.0,295.0,sam2,537.1030730945077,285.00931766884656,47746.5,1.0,4,static_c_map_loaded_from_legacy_reference,644.6350133866705,386.4960293773714,True,10,down,ac_ok|ab_no_overlap,True,0.0,180.0,default_static_c_map,1780650669.7129471
8069.0,1.0,sam2,411.53701408683435,255.77863841037714,432.0,296.0,45.12750514492913,False,0.0,ab_no_overlap,500.0,291.0,95.21682723605059,False,95.21682723605059,ac_ok,2,DOWN,20,8719.5,1.0,159.80566575481603,519.0,432.0,264.0,296.0,sam2,536.4534090257469,285.1428981019554,47746.5,1.0,4,static_c_map_loaded_from_legacy_reference,644.6350133866705,386.4960293773714,True,11,down,ac_ok|ab_no_overlap,True,0.0,200.0,default_static_c_map,1780650670.1807995
8183.0,1.0,sam2,411.25304493054705,255.92502749602835,432.0,297.0,46.01727404851277,False,0.0,ab_no_overlap,500.0,291.0,95.42680823675215,False,95.42680823675215,ac_ok,2,DOWN,20,8789.0,1.0,156.6951094607969,497.0,432.0,269.0,297.0,sam2,535.6687146812303,285.4493874919407,47746.5,1.0,4,static_c_map_loaded_from_legacy_reference,644.6350133866705,386.4960293773714,True,12,down,ac_ok|ab_no_overlap,True,0.0,220.0,default_static_c_map,1780650670.6288736
8193.5,1.0,sam2,411.2443196843026,256.37924370944444,436.0,292.0,43.37835850518277,False,0.0,ab_no_overlap,500.0,291.0,95.26892229070465,False,95.26892229070465,ac_ok,2,DOWN,20,8791.5,1.0,161.35820810630068,519.0,436.0,264.0,292.0,sam2,535.6871220307494,285.3900737454738,47746.5,1.0,4,static_c_map_loaded_from_legacy_reference,644.6350133866705,386.4960293773714,True,13,down,ac_ok|ab_no_overlap,True,0.0,240.0,default_static_c_map,1780650671.0631764
8207.5,1.0,sam2,411.26329576606764,256.7635089856838,435.0,292.0,42.485779113618335,False,0.0,ab_no_overlap,500.0,291.0,95.11224944913111,False,95.11224944913111,ac_ok,2,DOWN,20,8767.5,1.0,161.2473329206733,597.0,435.0,237.0,292.0,sam2,535.6828248265373,285.50654880714757,47746.5,1.0,4,static_c_map_loaded_from_legacy_reference,644.6350133866705,386.4960293773714,True,14,down,ac_ok|ab_no_overlap,True,0.0,260.0,default_static_c_map,1780650671.4948037
8305.0,1.0,sam2,411.2212121212121,256.73694561509126,435.0,292.0,42.53132677847498,False,0.0,ab_no_overlap,500.0,291.0,95.16107435821662,False,95.16107435821662,ac_ok,2,DOWN,20,8737.0,1.0,161.2473329206733,597.0,435.0,237.0,292.0,sam2,535.7355690359009,285.451527984434,47746.5,1.0,4,static_c_map_loaded_from_legacy_reference,644.6350133866705,386.4960293773714,True,15,down,ac_ok|ab_no_overlap,True,0.0,280.0,default_static_c_map,1780650671.929397
8234.5,1.0,sam2,411.28734794664723,256.9118343554557,435.0,292.0,42.34937113703524,False,0.0,ab_no_overlap,500.0,291.0,95.03650704518304,False,95.03650704518304,ac_ok,2,DOWN,20,8825.5,1.0,161.565051177078,519.0,435.0,264.0,292.0,sam2,535.3824901327591,285.53320869450266,47746.5,1.0,4,static_c_map_loaded_from_legacy_reference,644.6350133866705,386.4960293773714,True,16,down,ac_ok|ab_no_overlap,True,0.0,300.0,default_static_c_map,1780650672.3494048
8286.5,1.0,sam2,411.33321265512177,257.06878658058287,431.0,296.0,43.61676171813844,False,0.0,ab_no_overlap,500.0,291.0,94.93748691731781,False,94.93748691731781,ac_ok,2,DOWN,20,8800.5,1.0,160.55996517182382,516.0,431.0,266.0,296.0,sam2,535.6351154290476,285.4798780372327,47746.5,1.0,4,static_c_map_loaded_from_legacy_reference,644.6350133866705,386.4960293773714,True,17,down,ac_ok|ab_no_overlap,True,0.0,320.0,default_static_c_map,1780650672.7798057
8339.5,1.0,sam2,411.22493354917356,257.55133201430937,430.0,296.0,42.787886020541144,False,0.0,ab_no_overlap,500.0,291.0,94.86741175643834,False,94.86741175643834,ac_ok,2,DOWN,20,8832.0,1.0,160.2239233973608,519.0,430.0,264.0,296.0,sam2,535.4749584842995,285.4234412741545,47746.5,1.0,4,static_c_map_loaded_from_legacy_reference,644.6350133866705,386.4960293773714,True,18,down,ac_ok|ab_no_overlap,True,0.0,340.0,default_static_c_map,1780650673.2113361
8543.5,1.0,sam2,411.62749458652775,258.4932404752151,436.0,292.0,41.4333435047366,False,0.0,ab_no_overlap,500.0,291.0,94.16150555219674,False,94.16150555219674,ac_ok,2,DOWN,20,8773.0,1.0,161.13906810043486,597.0,436.0,237.0,292.0,sam2,535.4689577871499,285.5838937649607,47746.5,1.0,4,static_c_map_loaded_from_legacy_reference,644.6350133866705,386.4960293773714,True,19,down,ac_ok|ab_no_overlap,True,0.0,360.0,default_static_c_map,1780650673.6632822
8674.5,1.0,sam2,411.71318231598366,258.9356543124483,431.0,296.0,41.782138021202506,False,0.0,ab_no_overlap,500.0,291.0,93.92914585548809,False,93.92914585548809,ac_ok,2,DOWN,20,8748.0,1.0,160.43368374639553,597.0,431.0,237.0,296.0,sam2,535.9624104557231,285.4421582075903,47746.5,1.0,4,static_c_map_loaded_from_legacy_reference,644.6350133866705,386.4960293773714,True,20,down,ac_ok|ab_no_overlap,True,0.0,380.0,default_static_c_map,1780650674.079579
8569.0,1.0,sam2,411.6430933208853,259.0246625432761,434.0,292.0,39.83973088066057,False,0.0,ab_no_overlap,500.0,291.0,93.96470168831031,False,93.96470168831031,ac_ok,2,DOWN,20,8757.5,1.0,161.3544058779226,597.0,434.0,237.0,292.0,sam2,535.4308497478352,285.5472071557712,47746.5,1.0,4,static_c_map_loaded_from_legacy_reference,644.6350133866705,386.4960293773714,True,21,down,ac_ok|ab_no_overlap,True,0.0,400.0,default_static_c_map,1780650674.5277681
8660.0,1.0,sam2,411.655831408776,258.92165127020786,435.0,292.0,40.48613789811557,False,0.0,ab_no_overlap,500.0,291.0,93.98783209173816,False,93.98783209173816,ac_ok,2,DOWN,20,8742.5,1.0,161.2473329206733,597.0,435.0,237.0,292.0,sam2,535.9386140501382,285.3928128872367,47746.5,1.0,4,static_c_map_loaded_from_legacy_reference,644.6350133866705,386.4960293773714,True,22,down,ac_ok|ab_no_overlap,True,0.0,420.0,default_static_c_map,1780650674.962518
8652.5,1.0,sam2,411.85085235481074,259.1528459982664,436.0,292.0,40.76906741639736,False,0.0,ab_no_overlap,500.0,291.0,93.72573525229616,False,93.72573525229616,ac_ok,2,DOWN,20,8750.0,1.0,161.78290480217515,515.0,436.0,266.0,292.0,sam2,536.0408,285.2824761904762,47746.5,1.0,4,static_c_map_loaded_from_legacy_reference,644.6350133866705,386.4960293773714,True,23,down,ac_ok|ab_no_overlap,True,0.0,440.0,default_static_c_map,1780650675.410773
8710.0,1.0,sam2,411.71299272866435,259.03853807883655,431.0,296.0,41.69098603816141,False,0.0,ab_no_overlap,500.0,291.0,93.89425275844553,False,93.89425275844553,ac_ok,2,DOWN,20,8694.5,1.0,160.43368374639553,597.0,431.0,237.0,296.0,sam2,536.1439224030516,285.257174075565,47746.5,1.0,4,static_c_map_loaded_from_legacy_reference,644.6350133866705,386.4960293773714,True,24,down,ac_ok|ab_no_overlap,True,0.0,460.0,default_static_c_map,1780650675.8445837
8674.5,1.0,sam2,411.8470613099698,259.22764040194437,436.0,292.0,40.71107958515259,False,0.0,ab_no_overlap,500.0,291.0,93.70391365421396,False,93.70391365421396,ac_ok,2,DOWN,20,8742.5,1.0,159.94390526342457,499.0,436.0,269.0,292.0,sam2,536.0110189686397,285.36898293775613,47746.5,1.0,4,static_c_map_loaded_from_legacy_reference,644.6350133866705,386.4960293773714,True,25,down,ac_ok|ab_no_overlap,True,0.0,480.0,default_static_c_map,1780650676.2845783
8673.0,1.0,sam2,411.74658903109264,259.1510242515085,439.0,291.0,41.917844239275475,False,0.0,ab_no_overlap,500.0,291.0,93.82442008280604,False,93.82442008280604,ac_ok,2,DOWN,20,8731.5,1.0,164.24882633654698,478.0,439.0,280.0,291.0,sam2,536.0698429059535,285.3635114241539,47746.5,1.0,4,static_c_map_loaded_from_legacy_reference,644.6350133866705,386.4960293773714,True,26,down,ac_ok|ab_no_overlap,True,0.0,500.0,default_static_c_map,1780650676.7146268
8683.0,1.0,sam2,411.73331029981955,259.3513954470421,435.0,292.0,40.09077485980918,False,0.0,ab_no_overlap,500.0,291.0,93.76909235338395,False,93.76909235338395,ac_ok,2,DOWN,20,8732.0,1.0,161.565051177078,519.0,435.0,264.0,292.0,sam2,535.828256222324,285.25696671247516,47746.5,1.0,4,static_c_map_loaded_from_legacy_reference,644.6350133866705,386.4960293773714,True,27,down,ac_ok|ab_no_overlap,True,0.0,520.0,default_static_c_map,1780650677.1781907
8717.0,1.0,sam2,411.77289587396274,259.1587510993843,431.0,296.0,41.55669805976646,False,0.0,ab_no_overlap,500.0,291.0,93.7970523738224,False,93.7970523738224,ac_ok,2,DOWN,20,8767.0,1.0,161.20011484134733,478.0,431.0,280.0,296.0,sam2,535.8351013269457,285.4066195201703,47746.5,1.0,4,static_c_map_loaded_from_legacy_reference,644.6350133866705,386.4960293773714,True,28,down,ac_ok|ab_no_overlap,True,0.0,540.0,default_static_c_map,1780650677.5995903
8698.5,1.0,sam2,411.7627560307332,259.3800463681477,432.0,296.0,41.83977829136571,False,0.0,ab_no_overlap,500.0,291.0,93.73170590025767,False,93.73170590025767,ac_ok,2,DOWN,20,8726.0,1.0,160.3241814019472,597.0,432.0,237.0,296.0,sam2,536.2750210100083,285.32193062877224,47746.5,1.0,4,static_c_map_loaded_from_legacy_reference,644.6350133866705,386.4960293773714,True,29,down,ac_ok|ab_no_overlap,True,0.0,560.0,default_static_c_map,1780650678.0463006
8651.5,1.0,sam2,411.89943940357165,259.4510393188079,432.0,297.0,42.59057389292141,False,0.0,ab_no_overlap,500.0,291.0,93.57908792817095,False,93.57908792817095,ac_ok,2,DOWN,20,8713.5,1.0,157.01128319791937,498.0,432.0,269.0,297.0,sam2,535.9489680763566,285.49788642145325,47746.5,1.0,4,static_c_map_loaded_from_legacy_reference,644.6350133866705,386.4960293773714,True,30,down,ac_ok|ab_no_overlap,True,0.0,580.0,default_static_c_map,1780650678.464693
8696.5,1.0,sam2,411.72839648134305,259.3301136472527,439.0,291.0,41.79380408714613,False,0.0,ab_no_overlap,500.0,291.0,93.78090258336663,False,93.78090258336663,ac_ok,2,DOWN,20,8761.0,1.0,163.68614757373945,480.0,439.0,279.0,291.0,sam2,536.1248145188905,285.34636457025454,47746.5,1.0,4,static_c_map_loaded_from_legacy_reference,644.6350133866705,386.4960293773714,True,31,down,ac_ok|ab_no_overlap,True,0.0,600.0,default_static_c_map,1780650678.895891
8646.0,1.0,sam2,412.0843357236487,259.71019353843775,432.0,296.0,41.39545550644396,False,0.0,ab_no_overlap,500.0,291.0,93.31782259329746,False,93.31782259329746,ac_ok,2,DOWN,20,8745.5,1.0,159.80566575481603,519.0,432.0,264.0,296.0,sam2,536.108798810817,285.3672555409448,47746.5,1.0,4,static_c_map_loaded_from_legacy_reference,644.6350133866705,386.4960293773714,True,32,down,ac_ok|ab_no_overlap,True,0.0,620.0,default_static_c_map,1780650679.3460083
8601.5,1.0,sam2,412.0492937278382,259.67389408824044,438.0,292.0,41.45378486269155,False,0.0,ab_no_overlap,500.0,291.0,93.36301004877072,False,93.36301004877072,ac_ok,2,DOWN,20,8712.5,1.0,163.68614757373945,479.0,438.0,280.0,292.0,sam2,536.020487804878,285.4816642754663,47746.5,1.0,4,static_c_map_loaded_from_legacy_reference,644.6350133866705,386.4960293773714,True,33,down,ac_ok|ab_no_overlap,True,0.0,640.0,default_static_c_map,1780650679.7803962
8728.5,1.0,sam2,411.78955910713944,259.3275667831433,431.0,296.0,41.39937677481272,False,0.0,ab_no_overlap,500.0,291.0,93.72419596021666,False,93.72419596021666,ac_ok,2,DOWN,20,8773.5,1.0,160.43368374639553,597.0,431.0,237.0,296.0,sam2,535.5212856898615,285.64649227788226,47746.5,1.0,4,static_c_map_loaded_from_legacy_reference,644.6350133866705,386.4960293773714,True,34,down,ac_ok|ab_no_overlap,True,0.0,660.0,default_static_c_map,1780650680.2126725
8670.5,1.0,sam2,411.72727447475154,259.11579493685485,434.0,292.0,39.71706490865149,False,0.0,ab_no_overlap,500.0,291.0,93.8545502581763,False,93.8545502581763,ac_ok,2,DOWN,20,8743.5,1.0,161.45835524917575,595.0,434.0,238.0,292.0,sam2,535.8215245611025,285.44474943291203,47746.5,1.0,4,static_c_map_loaded_from_legacy_reference,644.6350133866705,386.4960293773714,True,35,down,ac_ok|ab_no_overlap,True,0.0,680.0,default_static_c_map,1780650680.6615462
8679.5,1.0,sam2,411.72273748487817,259.3176066209651,431.0,297.0,42.3270081726698,False,0.0,ab_no_overlap,500.0,291.0,93.7904532849034,False,93.7904532849034,ac_ok,2,DOWN,20,8770.5,1.0,157.3194403929751,498.0,431.0,269.0,297.0,sam2,535.5364574425631,285.61486422286833,47746.5,1.0,4,static_c_map_loaded_from_legacy_reference,644.6350133866705,386.4960293773714,True,36,down,ac_ok|ab_no_overlap,True,0.0,700.0,default_static_c_map,1780650681.0944662
8653.5,1.0,sam2,411.822403266501,259.4991044086208,436.0,292.0,40.507584450932576,False,0.0,ab_no_overlap,500.0,291.0,93.63543660791329,False,93.63543660791329,ac_ok,2,DOWN,20,8800.0,1.0,161.35820810630068,519.0,436.0,264.0,292.0,sam2,535.7781628787878,285.42977272727273,47746.5,1.0,4,static_c_map_loaded_from_legacy_reference,644.6350133866705,386.4960293773714,True,37,down,ac_ok|ab_no_overlap,True,0.0,720.0,default_static_c_map,1780650681.533477
8699.5,1.0,sam2,411.79516064141615,259.26917255780984,436.0,292.0,40.70849190801937,False,0.0,ab_no_overlap,500.0,291.0,93.7386744969206,False,93.7386744969206,ac_ok,2,DOWN,20,8745.5,1.0,164.05460409907712,478.0,436.0,280.0,292.0,sam2,536.0165608979856,285.37990966782917,47746.5,1.0,4,static_c_map_loaded_from_legacy_reference,644.6350133866705,386.4960293773714,True,38,down,ac_ok|ab_no_overlap,True,0.0,740.0,default_static_c_map,1780650681.9615827
8680.0,1.0,sam2,411.93446620583717,259.3300883256528,431.0,296.0,41.330098004490495,False,0.0,ab_no_overlap,500.0,291.0,93.58697317421795,False,93.58697317421795,ac_ok,2,DOWN,20,8775.0,1.0,160.43368374639553,597.0,431.0,237.0,296.0,sam2,535.5505033238366,285.64727445394107,47746.5,1.0,4,static_c_map_loaded_from_legacy_reference,644.6350133866705,386.4960293773714,True,39,down,ac_ok|ab_no_overlap,True,0.0,760.0,default_static_c_map,1780650682.3753572
8602.5,1.0,sam2,412.0776518453938,259.58853046594976,432.0,297.0,42.385351345606544,False,0.0,ab_no_overlap,500.0,291.0,93.36498124729823,False,93.36498124729823,ac_ok,2,DOWN,20,8768.5,1.0,156.6951094607969,497.0,432.0,269.0,297.0,sam2,535.8764516926118,285.37362908897376,47746.5,1.0,4,static_c_map_loaded_from_legacy_reference,644.6350133866705,386.4960293773714,True,40,down,ac_ok|ab_no_overlap,True,0.0,780.0,default_static_c_map,1780650682.824989
8649.0,1.0,sam2,412.0248776351794,259.5295602574479,436.0,292.0,40.36255628033028,False,0.0,ab_no_overlap,500.0,291.0,93.43452644871039,False,93.43452644871039,ac_ok,2,DOWN,20,8748.0,1.0,164.05460409907712,478.0,436.0,280.0,292.0,sam2,536.0568891937204,285.4245351318396,47746.5,1.0,4,static_c_map_loaded_from_legacy_reference,644.6350133866705,386.4960293773714,True,41,down,ac_ok|ab_no_overlap,True,0.0,800.0,default_static_c_map,1780650683.261907
8678.5,1.0,sam2,411.8511839603618,259.3286666282575,431.0,296.0,41.369842240228316,False,0.0,ab_no_overlap,500.0,291.0,93.66582688864719,False,93.66582688864719,ac_ok,2,DOWN,20,8799.5,1.0,160.01689347810003,519.0,431.0,264.0,296.0,sam2,535.7991552550334,285.4033751917723,47746.5,1.0,4,static_c_map_loaded_from_legacy_reference,644.6350133866705,386.4960293773714,True,42,down,ac_ok|ab_no_overlap,True,0.0,820.0,default_static_c_map,1780650683.6789637
8643.5,1.0,sam2,411.9313742504001,259.4715296658375,439.0,291.0,41.55424095786213,False,0.0,ab_no_overlap,500.0,291.0,93.54211502331586,False,93.54211502331586,ac_ok,2,DOWN,20,8765.0,1.0,161.1310005449386,597.0,439.0,237.0,291.0,sam2,536.1400456360525,285.4442099258414,47746.5,1.0,4,static_c_map_loaded_from_legacy_reference,644.6350133866705,386.4960293773714,True,43,down,ac_ok|ab_no_overlap,True,0.0,840.0,default_static_c_map,1780650684.1131885
8700.5,1.0,sam2,411.84112024213164,259.3366473191196,436.0,292.0,40.62691324123355,False,0.0,ab_no_overlap,500.0,291.0,93.6725999594124,False,93.6725999594124,ac_ok,2,DOWN,20,8776.0,1.0,161.24134965215777,595.0,436.0,238.0,292.0,sam2,535.7531145548465,285.6841385597083,47746.5,1.0,4,static_c_map_loaded_from_legacy_reference,644.6350133866705,386.4960293773714,True,44,down,ac_ok|ab_no_overlap,True,0.0,860.0,default_static_c_map,1780650684.5646267
8658.0,1.0,sam2,411.77011627011626,259.19950719950714,431.0,296.0,41.52185808250847,False,0.0,ab_no_overlap,500.0,291.0,93.78583968458673,False,93.78583968458673,ac_ok,2,DOWN,20,8746.5,1.0,160.43368374639553,597.0,431.0,237.0,296.0,sam2,535.9380323557995,285.4436250690752,47746.5,1.0,4,static_c_map_loaded_from_legacy_reference,644.6350133866705,386.4960293773714,True,45,down,ac_ok|ab_no_overlap,True,0.0,880.0,default_static_c_map,1780650685.0108304
8639.0,1.0,sam2,411.8310761276382,259.0022957904078,431.0,296.0,41.66866639580488,False,0.0,ab_no_overlap,500.0,291.0,93.79558737752477,False,93.79558737752477,ac_ok,2,DOWN,20,8786.0,1.0,158.3440109615775,499.0,431.0,269.0,296.0,sam2,535.6717694817512,285.6945139995447,47746.5,1.0,4,static_c_map_loaded_from_legacy_reference,644.6350133866705,386.4960293773714,True,46,down,ac_ok|ab_no_overlap,True,0.0,900.0,default_static_c_map,1780650685.4473248
8551.5,1.0,sam2,411.95577773879825,259.354538190181,435.0,292.0,39.959508960947154,False,0.0,ab_no_overlap,500.0,291.0,93.55864645630892,False,93.55864645630892,ac_ok,2,DOWN,20,8814.5,1.0,161.35046124594862,595.0,435.0,238.0,292.0,sam2,535.3345434605858,285.8561461228657,47746.5,1.0,4,static_c_map_loaded_from_legacy_reference,644.6350133866705,386.4960293773714,True,47,down,ac_ok|ab_no_overlap,True,0.0,920.0,default_static_c_map,1780650685.9001307
8595.5,1.0,sam2,412.078723363,259.22127857599907,431.0,297.0,42.25217748242272,False,0.0,ab_no_overlap,500.0,291.0,93.48817048602534,False,93.48817048602534,ac_ok,2,DOWN,20,8749.0,1.0,160.1278241807561,597.0,431.0,237.0,297.0,sam2,535.8429915799901,285.68106831256904,47746.5,1.0,4,static_c_map_loaded_from_legacy_reference,644.6350133866705,386.4960293773714,True,48,down,ac_ok|ab_no_overlap,True,0.0,940.0,default_static_c_map,1780650686.315088
8607.5,1.0,sam2,411.81626488527445,258.58632975118593,431.0,296.0,42.04519490309148,False,0.0,ab_no_overlap,500.0,291.0,93.95220677441768,False,93.95220677441768,ac_ok,2,DOWN,20,8811.5,1.0,160.523424501068,595.0,431.0,238.0,296.0,sam2,535.4839508975014,285.7170742779322,47746.5,1.0,4,static_c_map_loaded_from_legacy_reference,644.6350133866705,386.4960293773714,True,49,down,ac_ok|ab_no_overlap,True,0.0,960.0,default_static_c_map,1780650686.7862575
8573.5,1.0,sam2,411.78112789409226,258.7097840244163,436.0,292.0,41.167854520041764,False,0.0,ab_no_overlap,500.0,291.0,93.9426816914886,False,93.9426816914886,ac_ok,2,DOWN,20,8791.5,1.0,161.24134965215777,595.0,436.0,238.0,292.0,sam2,535.3925003317597,285.7397107054162,47746.5,1.0,4,static_c_map_loaded_from_legacy_reference,644.6350133866705,386.4960293773714,True,50,down,ac_ok|ab_no_overlap,True,0.0,980.0,default_static_c_map,1780650687.227749
8548.0,1.0,sam2,411.8610981126189,258.84937997192327,431.0,297.0,42.68216693165296,False,0.0,ab_no_overlap,500.0,291.0,93.81965888929228,False,93.81965888929228,ac_ok,2,DOWN,20,8805.5,1.0,157.61986494804043,499.0,431.0,269.0,297.0,sam2,535.6965532905571,285.57634433024816,47746.5,1.0,4,static_c_map_loaded_from_legacy_reference,644.6350133866705,386.4960293773714,True,51,down,ac_ok|ab_no_overlap,True,0.0,1000.0,default_static_c_map,1780650687.6806498
8630.0,1.0,sam2,411.72468134414834,258.703843182696,436.0,292.0,41.20588737845163,False,0.0,ab_no_overlap,500.0,291.0,93.99773204157664,False,93.99773204157664,ac_ok,2,DOWN,20,8876.0,1.0,161.24134965215777,595.0,436.0,238.0,292.0,sam2,534.8957863902659,285.88805017275047,47746.5,1.0,4,static_c_map_loaded_from_legacy_reference,644.6350133866705,386.4960293773714,True,52,down,ac_ok|ab_no_overlap,True,0.0,1020.0,default_static_c_map,1780650688.1160324
8617.0,1.0,sam2,411.64933658272406,258.7623109357471,435.0,292.0,40.620160713109755,False,0.0,ab_no_overlap,500.0,291.0,94.04843604481805,False,94.04843604481805,ac_ok,2,DOWN,20,8807.0,1.0,161.2473329206733,597.0,435.0,237.0,292.0,sam2,535.3739828166988,285.59490556754093,47746.5,1.0,4,static_c_map_loaded_from_legacy_reference,644.6350133866705,386.4960293773714,True,53,down,ac_ok|ab_no_overlap,True,0.0,1040.0,default_static_c_map,1780650688.5786984
8624.0,1.0,sam2,411.80374536178107,259.00960497835496,431.0,297.0,42.56484824401438,False,0.0,ab_no_overlap,500.0,291.0,93.81878652940702,False,93.81878652940702,ac_ok,2,DOWN,20,8753.5,1.0,157.3194403929751,498.0,431.0,269.0,297.0,sam2,535.8336665333867,285.5369090459054,47746.5,1.0,4,static_c_map_loaded_from_legacy_reference,644.6350133866705,386.4960293773714,True,54,down,ac_ok|ab_no_overlap,True,0.0,1060.0,default_static_c_map,1780650689.0300748
8533.0,1.0,sam2,411.75045900230475,258.88171412945815,435.0,292.0,40.46433016381767,False,0.0,ab_no_overlap,500.0,291.0,93.91254321743045,False,93.91254321743045,ac_ok,2,DOWN,20,8845.0,1.0,161.2473329206733,597.0,435.0,237.0,292.0,sam2,535.2320520067835,285.78079894478986,47746.5,1.0,4,static_c_map_loaded_from_legacy_reference,644.6350133866705,386.4960293773714,True,55,down,ac_ok|ab_no_overlap,True,0.0,1080.0,default_static_c_map,1780650689.4685988
8547.5,1.0,sam2,411.7582918982159,259.0120113093497,430.0,297.0,42.14080207152768,False,0.0,ab_no_overlap,500.0,291.0,93.86069714845318,False,93.86069714845318,ac_ok,2,DOWN,20,8846.5,1.0,157.91282839677166,499.0,430.0,269.0,297.0,sam2,535.30526196801,285.7752029993029,47746.5,1.0,4,static_c_map_loaded_from_legacy_reference,644.6350133866705,386.4960293773714,True,56,down,ac_ok|ab_no_overlap,True,0.0,1100.0,default_static_c_map,1780650689.8788826
8643.0,1.0,sam2,411.6631377993752,258.9372131590111,435.0,292.0,40.46921065530708,False,0.0,ab_no_overlap,500.0,291.0,93.9756538868598,False,93.9756538868598,ac_ok,2,DOWN,20,8854.5,1.0,161.2473329206733,597.0,435.0,237.0,292.0,sam2,535.1936680030869,285.75473864513333,47746.5,1.0,4,static_c_map_loaded_from_legacy_reference,644.6350133866705,386.4960293773714,True,57,down,ac_ok|ab_no_overlap,True,0.0,1120.0,default_static_c_map,1780650690.3042347
8552.5,1.0,sam2,411.6406119068498,258.67779401734384,435.0,292.0,40.69435370708045,False,0.0,ab_no_overlap,500.0,291.0,94.0856336736974,False,94.0856336736974,ac_ok,2,DOWN,20,8859.0,1.0,161.2473329206733,597.0,435.0,237.0,292.0,sam2,535.1404221695451,285.7791699589871,47746.5,1.0,4,static_c_map_loaded_from_legacy_reference,644.6350133866705,386.4960293773714,True,58,down,ac_ok|ab_no_overlap,True,0.0,1140.0,default_static_c_map,1780650690.7632115
8621.5,1.0,sam2,411.7307506427729,259.15865375321385,435.0,292.0,40.249372528650795,False,0.0,ab_no_overlap,500.0,291.0,93.83672901852485,False,93.83672901852485,ac_ok,2,DOWN,20,8814.5,1.0,161.2473329206733,597.0,435.0,237.0,292.0,sam2,535.4039177869797,285.6135156087507,47746.5,1.0,4,static_c_map_loaded_from_legacy_reference,644.6350133866705,386.4960293773714,True,59,down,ac_ok|ab_no_overlap,True,0.0,1160.0,default_static_c_map,1780650691.195662
8590.0,1.0,sam2,411.58948389600306,258.7706635622817,436.0,292.0,41.23180928063389,False,0.0,ab_no_overlap,500.0,291.0,94.10180383494644,False,94.10180383494644,ac_ok,2,DOWN,20,8843.5,1.0,161.24134965215777,595.0,436.0,238.0,292.0,sam2,535.3094928478544,285.67823825408493,47746.5,1.0,4,static_c_map_loaded_from_legacy_reference,644.6350133866705,386.4960293773714,True,60,down,ac_ok|ab_no_overlap,True,0.0,1180.0,default_static_c_map,1780650691.6111085
8594.5,1.0,sam2,411.43368821145305,258.3829193088603,434.0,292.0,40.488844660381574,False,0.0,ab_no_overlap,500.0,291.0,94.38148937497452,False,94.38148937497452,ac_ok,2,DOWN,20,8768.0,1.0,161.45835524917575,595.0,434.0,238.0,292.0,sam2,535.1677311435523,285.68519996958634,47746.5,1.0,4,static_c_map_loaded_from_legacy_reference,644.6350133866705,386.4960293773714,True,61,down,ac_ok|ab_no_overlap,True,0.0,1200.0,default_static_c_map,1780650692.0475087
8622.5,1.0,sam2,411.4920266743984,258.9667729776747,435.0,292.0,40.54403652062384,False,0.0,ab_no_overlap,500.0,291.0,94.1264520507877,False,94.1264520507877,ac_ok,2,DOWN,20,8841.5,1.0,161.565051177078,519.0,435.0,264.0,292.0,sam2,535.4340326867613,285.47388263680745,47746.5,1.0,4,static_c_map_loaded_from_legacy_reference,644.6350133866705,386.4960293773714,True,62,down,ac_ok|ab_no_overlap,True,0.0,1220.0,default_static_c_map,1780650692.4789283
8624.5,1.0,sam2,411.73814907144373,259.0337797360233,431.0,296.0,41.68357400462161,False,0.0,ab_no_overlap,500.0,291.0,93.8722193585502,False,93.8722193585502,ac_ok,2,DOWN,20,8831.5,1.0,160.55996517182382,516.0,431.0,266.0,296.0,sam2,535.4473947423049,285.61325935571534,47746.5,1.0,4,static_c_map_loaded_from_legacy_reference,644.6350133866705,386.4960293773714,True,63,down,ac_ok|ab_no_overlap,True,0.0,1240.0,default_static_c_map,1780650692.9276755
8660.5,1.0,sam2,411.5829532552008,259.04168350557126,436.0,292.0,41.01759132231735,False,0.0,ab_no_overlap,500.0,291.0,94.01546760097557,False,94.01546760097557,ac_ok,2,DOWN,20,8855.5,1.0,164.05460409907712,478.0,436.0,280.0,292.0,sam2,535.2490354393691,285.66557506634297,47746.5,1.0,4,static_c_map_loaded_from_legacy_reference,644.6350133866705,386.4960293773714,True,64,down,ac_ok|ab_no_overlap,True,0.0,1260.0,default_static_c_map,1780650693.3788035
8684.0,1.0,sam2,411.7196952249347,259.1251151543068,431.0,297.0,42.49984769730271,False,0.0,ab_no_overlap,500.0,291.0,93.85851317331114,False,93.85851317331114,ac_ok,2,DOWN,20,8773.0,1.0,157.44275336529435,496.0,431.0,270.0,297.0,sam2,535.5884342110262,285.5127284471294,47746.5,1.0,4,static_c_map_loaded_from_legacy_reference,644.6350133866705,386.4960293773714,True,65,down,ac_ok|ab_no_overlap,True,0.0,1280.0,default_static_c_map,1780650693.8135948
8590.0,1.0,sam2,411.7938106325184,259.2954598370198,431.0,296.0,41.42584915961761,False,0.0,ab_no_overlap,500.0,291.0,93.73104986970993,False,93.73104986970993,ac_ok,2,DOWN,20,8794.0,1.0,158.3440109615775,499.0,431.0,269.0,296.0,sam2,535.4877188992494,285.61847092714726,47746.5,1.0,4,static_c_map_loaded_from_legacy_reference,644.6350133866705,386.4960293773714,True,66,down,ac_ok|ab_no_overlap,True,0.0,1300.0,default_static_c_map,1780650694.2631576
8682.5,1.0,sam2,411.57832805451574,259.1026969958729,435.0,292.0,40.38325471859881,False,0.0,ab_no_overlap,500.0,291.0,93.99909578592728,False,93.99909578592728,ac_ok,2,DOWN,20,8730.5,1.0,161.2473329206733,597.0,435.0,237.0,292.0,sam2,535.6751045186415,285.4673271863009,47746.5,1.0,4,static_c_map_loaded_from_legacy_reference,644.6350133866705,386.4960293773714,True,67,down,ac_ok|ab_no_overlap,True,0.0,1320.0,default_static_c_map,1780650694.6979594
8659.5,1.0,sam2,411.7993148180226,259.61604788575164,431.0,296.0,41.13949784464225,False,0.0,ab_no_overlap,500.0,291.0,93.6179113037656,False,93.6179113037656,ac_ok,2,DOWN,20,8774.5,1.0,160.01689347810003,519.0,431.0,264.0,296.0,sam2,535.7185404676429,285.43162953254694,47746.5,1.0,4,static_c_map_loaded_from_legacy_reference,644.6350133866705,386.4960293773714,True,68,down,ac_ok|ab_no_overlap,True,0.0,1340.0,default_static_c_map,1780650695.1292863
8657.0,1.0,sam2,411.6708251511301,259.1520542143159,431.0,296.0,41.60995204230472,False,0.0,ab_no_overlap,500.0,291.0,93.89533950228896,False,93.89533950228896,ac_ok,2,DOWN,20,8795.0,1.0,160.01689347810003,519.0,431.0,264.0,296.0,sam2,535.7998294485503,285.341690354368,47746.5,1.0,4,static_c_map_loaded_from_legacy_reference,644.6350133866705,386.4960293773714,True,69,down,ac_ok|ab_no_overlap,True,0.0,1360.0,default_static_c_map,1780650695.580689
8614.0,1.0,sam2,411.68907205324666,258.9400781673245,435.0,292.0,40.45191952579434,False,0.0,ab_no_overlap,500.0,291.0,93.95029847070164,False,93.95029847070164,ac_ok,2,DOWN,20,8765.0,1.0,161.13906810043486,596.0,435.0,237.0,292.0,sam2,535.5427457691576,285.41507891234073,47746.5,1.0,4,static_c_map_loaded_from_legacy_reference,644.6350133866705,386.4960293773714,True,70,down,ac_ok|ab_no_overlap,True,0.0,1380.0,default_static_c_map,1780650695.9962096
8657.0,1.0,sam2,411.6139732778868,259.16220014631705,431.0,296.0,41.62741320488807,False,0.0,ab_no_overlap,500.0,291.0,93.94538423597659,False,93.94538423597659,ac_ok,2,DOWN,20,8756.5,1.0,160.43368374639553,597.0,431.0,237.0,296.0,sam2,535.7511372504234,285.2957612440282,47746.5,1.0,4,static_c_map_loaded_from_legacy_reference,644.6350133866705,386.4960293773714,True,71,down,ac_ok|ab_no_overlap,True,0.0,1400.0,default_static_c_map,1780650696.427969
8638.5,1.0,sam2,411.5364357237946,259.0164573324844,431.0,297.0,42.679970102015744,False,0.0,ab_no_overlap,500.0,291.0,94.06779048120092,False,94.06779048120092,ac_ok,2,DOWN,20,8823.0,1.0,157.61986494804043,499.0,431.0,269.0,297.0,sam2,535.4023385847595,285.62352185575577,47746.5,1.0,4,static_c_map_loaded_from_legacy_reference,644.6350133866705,386.4960293773714,True,72,down,ac_ok|ab_no_overlap,True,0.0,1420.0,default_static_c_map,1780650696.881615
8622.5,1.0,sam2,411.6198318353146,258.97154730839856,435.0,292.0,40.46617044656344,False,0.0,ab_no_overlap,500.0,291.0,94.00465896239518,False,94.00465896239518,ac_ok,2,DOWN,20,8772.5,1.0,161.2473329206733,597.0,435.0,237.0,292.0,sam2,535.6345967512111,285.4202716823406,47746.5,1.0,4,static_c_map_loaded_from_legacy_reference,644.6350133866705,386.4960293773714,True,73,down,ac_ok|ab_no_overlap,True,0.0,1440.0,default_static_c_map,1780650697.3136458
8623.5,1.0,sam2,411.5860536131887,258.6588392184148,431.0,297.0,42.97610876276899,False,0.0,ab_no_overlap,500.0,291.0,94.14338317901203,False,94.14338317901203,ac_ok,2,DOWN,20,8729.0,1.0,157.44275336529435,496.0,431.0,270.0,297.0,sam2,535.8947760339099,285.3649711689006,47746.5,1.0,4,static_c_map_loaded_from_legacy_reference,644.6350133866705,386.4960293773714,True,74,down,ac_ok|ab_no_overlap,True,0.0,1460.0,default_static_c_map,1780650697.762667
8438.5,1.0,sam2,411.1065552724615,257.4038829965831,431.0,296.0,43.42130111902541,False,0.0,ab_no_overlap,500.0,291.0,95.03022463003664,False,95.03022463003664,ac_ok,2,DOWN,20,8839.5,1.0,160.01689347810003,519.0,431.0,264.0,296.0,sam2,535.2525595339102,285.4395044968607,47746.5,1.0,4,static_c_map_loaded_from_legacy_reference,644.6350133866705,386.4960293773714,True,75,down,ac_ok|ab_no_overlap,True,0.0,1480.0,default_static_c_map,1780650698.2118607
8571.0,1.0,sam2,411.7172247501264,259.2393147435149,431.0,296.0,41.51112383281738,False,0.0,ab_no_overlap,500.0,291.0,93.82211644266617,False,93.82211644266617,ac_ok,2,DOWN,20,8811.5,1.0,160.43368374639553,597.0,431.0,237.0,296.0,sam2,535.4068546785451,285.585957744614,47746.5,1.0,4,static_c_map_loaded_from_legacy_reference,644.6350133866705,386.4960293773714,True,76,down,ac_ok|ab_no_overlap,True,0.0,1500.0,default_static_c_map,1780650698.6467786
8689.0,1.0,sam2,411.17316914105953,257.74337284689454,440.0,291.0,44.01124205212383,False,0.0,ab_no_overlap,500.0,291.0,94.84834806175324,False,94.84834806175324,ac_ok,2,DOWN,20,8807.5,1.0,163.85566121971652,478.0,440.0,280.0,291.0,sam2,535.3592014381682,285.6683886838868,47746.5,1.0,4,static_c_map_loaded_from_legacy_reference,644.6350133866705,386.4960293773714,True,77,down,ac_ok|ab_no_overlap,True,0.0,1520.0,default_static_c_map,1780650699.0802126
8730.0,1.0,sam2,410.51901489117984,256.8193585337915,440.0,291.0,45.138063029199294,False,0.0,ab_no_overlap,500.0,291.0,95.78707087643086,False,95.78707087643086,ac_ok,2,DOWN,20,8827.0,1.0,161.1310005449386,519.0,440.0,264.0,291.0,sam2,535.3022733280465,285.4754540991654,47746.5,1.0,4,static_c_map_loaded_from_legacy_reference,644.6350133866705,386.4960293773714,True,78,down,ac_ok|ab_no_overlap,True,0.0,1540.0,default_static_c_map,1780650699.513023
8696.5,1.0,sam2,410.5268211349393,256.69568217098833,440.0,291.0,45.22670111920288,False,0.0,ab_no_overlap,500.0,291.0,95.82398425202841,False,95.82398425202841,ac_ok,2,DOWN,20,8896.0,1.0,161.1310005449386,519.0,440.0,264.0,291.0,sam2,534.5709120203836,285.8048186450839,47746.5,1.0,4,static_c_map_loaded_from_legacy_reference,644.6350133866705,386.4960293773714,True,79,down,ac_ok|ab_no_overlap,True,0.0,1560.0,default_static_c_map,1780650699.9782963
8696.5,1.0,sam2,410.46880929109415,256.75344487245826,440.0,291.0,45.220766941633386,False,0.0,ab_no_overlap,500.0,291.0,95.85750178185442,False,95.85750178185442,ac_ok,2,DOWN,20,8905.5,1.0,163.85566121971652,478.0,440.0,280.0,291.0,sam2,534.5277824565343,285.7620571556903,47746.5,1.0,4,static_c_map_loaded_from_legacy_reference,644.6350133866705,386.4960293773714,True,80,down,ac_ok|ab_no_overlap,True,0.0,1580.0,default_static_c_map,1780650700.3952503
8711.0,1.0,sam2,410.2730455745609,256.9457008380209,440.0,291.0,45.20383955844572,False,0.0,ab_no_overlap,500.0,291.0,95.97198363000732,False,95.97198363000732,ac_ok,2,DOWN,20,8948.5,1.0,161.1310005449386,519.0,440.0,264.0,291.0,sam2,534.3058799426346,285.7461026987763,47746.5,1.0,4,static_c_map_loaded_from_legacy_reference,644.6350133866705,386.4960293773714,True,81,down,ac_ok|ab_no_overlap,True,0.0,1600.0,default_static_c_map,1780650700.8271086
8652.5,1.0,sam2,410.3100837908119,257.0947895598574,436.0,292.0,43.3398836028172,False,0.0,ab_no_overlap,500.0,291.0,95.88453662922679,False,95.88453662922679,ac_ok,2,DOWN,20,8914.5,1.0,161.35820810630068,519.0,436.0,264.0,292.0,sam2,534.2111541122141,285.7093873277619,47746.5,1.0,4,static_c_map_loaded_from_legacy_reference,644.6350133866705,386.4960293773714,True,82,down,ac_ok|ab_no_overlap,True,0.0,1620.0,default_static_c_map,1780650701.2825913
8655.0,1.0,sam2,410.26266127479295,257.4149046793761,431.3628798390349,298.2965781475949,46.00576538892542,False,0.0,ab_no_overlap,500.0,291.0,95.8162229957847,False,95.8162229957847,ac_ok,2,DOWN,20,8923.0,1.0,152.7004277886672,461.0,430.0,283.0,299.0,sam2,534.3601740819604,285.85475736859803,47746.5,1.0,4,static_c_map_loaded_from_legacy_reference,644.6350133866705,386.4960293773714,True,83,down,ac_ok|ab_no_overlap,True,0.0,1640.0,default_static_c_map,1780650701.7220516
8666.5,1.0,sam2,410.1446950902902,257.1792342160426,438.0,291.0,43.815091119683956,False,0.0,ab_no_overlap,500.0,291.0,96.00947879574298,False,96.00947879574298,ac_ok,2,DOWN,20,8967.0,1.0,161.565051177078,519.0,438.0,264.0,291.0,sam2,533.8818445410951,285.76725772276126,47746.5,1.0,4,static_c_map_loaded_from_legacy_reference,644.6350133866705,386.4960293773714,True,84,down,ac_ok|ab_no_overlap,True,0.0,1660.0,default_static_c_map,1780650702.1636336
8644.0,1.0,sam2,410.1893220731143,257.21255591547117,433.0,293.0,42.43899364484729,False,0.0,ab_no_overlap,500.0,291.0,95.95597556927844,False,95.95597556927844,ac_ok,2,DOWN,20,8904.5,1.0,161.1468412355809,597.0,433.0,237.0,293.0,sam2,534.2590637692552,285.75911056207536,47746.5,1.0,4,static_c_map_loaded_from_legacy_reference,644.6350133866705,386.4960293773714,True,85,down,ac_ok|ab_no_overlap,True,0.0,1680.0,default_static_c_map,1780650702.5975323
8707.0,1.0,sam2,410.1585314497913,257.04482983040464,434.0,292.0,42.31169512340482,False,0.0,ab_no_overlap,500.0,291.0,96.0439641648777,False,96.0439641648777,ac_ok,2,DOWN,20,8999.0,1.0,161.3544058779226,597.0,434.0,237.0,292.0,sam2,533.8818757639738,285.88933955624697,47746.5,1.0,4,static_c_map_loaded_from_legacy_reference,644.6350133866705,386.4960293773714,True,86,down,ac_ok|ab_no_overlap,True,0.0,1700.0,default_static_c_map,1780650703.0288932
8667.5,1.0,sam2,410.1259301990193,257.2867224305355,436.0,292.0,43.29525525598281,False,0.0,ab_no_overlap,500.0,291.0,95.98923641256506,False,95.98923641256506,ac_ok,2,DOWN,20,8984.5,1.0,161.02959219151347,596.0,436.0,237.0,292.0,sam2,534.0770586380247,285.8818891795128,47746.5,1.0,4,static_c_map_loaded_from_legacy_reference,644.6350133866705,386.4960293773714,True,87,down,ac_ok|ab_no_overlap,True,0.0,1720.0,default_static_c_map,1780650703.4790852
8653.5,1.0,sam2,410.1388262937925,257.2577184568864,433.0,292.0,41.589173952440646,False,0.0,ab_no_overlap,500.0,291.0,95.98735387326785,False,95.98735387326785,ac_ok,2,DOWN,20,8966.0,1.0,165.06858282186246,478.0,433.0,280.0,292.0,sam2,533.8019741244702,285.99455349840133,47746.5,1.0,4,static_c_map_loaded_from_legacy_reference,644.6350133866705,386.4960293773714,True,88,down,ac_ok|ab_no_overlap,True,0.0,1740.0,default_static_c_map,1780650703.9125488
8700.0,1.0,sam2,410.14009578544056,257.32683908045976,432.0,294.0,42.69398252798873,False,0.0,ab_no_overlap,500.0,291.0,95.96188905895428,False,95.96188905895428,ac_ok,2,DOWN,20,8974.0,1.0,163.07248693585296,478.0,432.0,280.0,294.0,sam2,534.0895178664289,285.87161057870884,47746.5,1.0,4,static_c_map_loaded_from_legacy_reference,644.6350133866705,386.4960293773714,True,89,down,ac_ok|ab_no_overlap,True,0.0,1760.0,default_static_c_map,1780650704.34776
8670.0,1.0,sam2,410.1011726259131,257.269415609381,435.0,292.0,42.733652976529974,False,0.0,ab_no_overlap,500.0,291.0,96.01849554418436,False,96.01849554418436,ac_ok,2,DOWN,20,8941.0,1.0,162.20401107606963,516.0,435.0,266.0,292.0,sam2,534.018472952317,285.79979868023713,47746.5,1.0,4,static_c_map_loaded_from_legacy_reference,644.6350133866705,386.4960293773714,True,90,down,ac_ok|ab_no_overlap,True,0.0,1780.0,default_static_c_map,1780650704.76429
8717.5,1.0,sam2,410.20586941974955,257.61481693910713,435.0,292.0,42.39209508105992,False,0.0,ab_no_overlap,500.0,291.0,95.79956333236805,False,95.79956333236805,ac_ok,2,DOWN,20,8995.0,1.0,161.565051177078,519.0,435.0,264.0,292.0,sam2,534.0274226422085,285.8562164165277,47746.5,1.0,4,static_c_map_loaded_from_legacy_reference,644.6350133866705,386.4960293773714,True,91,down,ac_ok|ab_no_overlap,True,0.0,1800.0,default_static_c_map,1780650705.1780474
8688.5,1.0,sam2,410.1609598895091,257.6983560645297,435.0,292.0,42.35068701079547,False,0.0,ab_no_overlap,500.0,291.0,95.81259111817837,False,95.81259111817837,ac_ok,2,DOWN,20,9025.0,1.0,161.565051177078,519.0,435.0,264.0,292.0,sam2,533.9270175438596,285.9626777469991,47746.5,1.0,4,static_c_map_loaded_from_legacy_reference,644.6350133866705,386.4960293773714,True,92,down,ac_ok|ab_no_overlap,True,0.0,1820.0,default_static_c_map,1780650705.6121333
8639.0,1.0,sam2,410.0926804799938,257.6882548134429,436.0,292.0,42.99401193723283,False,0.0,ab_no_overlap,500.0,291.0,95.88012552477493,False,95.88012552477493,ac_ok,2,DOWN,20,8919.5,1.0,164.40718906073366,479.0,436.0,280.0,292.0,sam2,534.545845245436,285.7415027000766,47746.5,1.0,4,static_c_map_loaded_from_legacy_reference,644.6350133866705,386.4960293773714,True,93,down,ac_ok|ab_no_overlap,True,0.0,1840.0,default_static_c_map,1780650706.0447342
8668.5,1.0,sam2,410.0650054796101,257.51802503316605,435.0,292.0,42.55303219918927,False,0.0,ab_no_overlap,500.0,291.0,95.96533690381261,False,95.96533690381261,ac_ok,2,DOWN,20,8961.5,1.0,161.565051177078,519.0,435.0,264.0,292.0,sam2,534.2874704755527,285.7155982071453,47746.5,1.0,4,static_c_map_loaded_from_legacy_reference,644.6350133866705,386.4960293773714,True,94,down,ac_ok|ab_no_overlap,True,0.0,1860.0,default_static_c_map,1780650706.496449
8698.5,1.0,sam2,409.94594853518805,257.5739878523117,435.0,292.0,42.57764445333054,False,0.0,ab_no_overlap,500.0,291.0,96.05743320183194,False,96.05743320183194,ac_ok,2,DOWN,20,8880.5,1.0,161.35046124594862,595.0,435.0,238.0,292.0,sam2,534.3747161383556,285.87299889270497,47746.5,1.0,4,static_c_map_loaded_from_legacy_reference,644.6350133866705,386.4960293773714,True,95,down,ac_ok|ab_no_overlap,True,0.0,1880.0,default_static_c_map,1780650706.929178
8691.5,1.0,sam2,410.0639321942894,257.7808203417132,435.0,292.0,42.340993541686125,False,0.0,ab_no_overlap,500.0,291.0,95.87497165330954,False,95.87497165330954,ac_ok,2,DOWN,20,8867.0,1.0,161.2473329206733,597.0,435.0,237.0,292.0,sam2,534.4409608661329,285.9322581857825,47746.5,1.0,4,static_c_map_loaded_from_legacy_reference,644.6350133866705,386.4960293773714,True,96,down,ac_ok|ab_no_overlap,True,0.0,1900.0,default_static_c_map,1780650707.36143
8729.5,1.0,sam2,410.1595165817057,257.6070412585677,435.0,292.0,42.425525659023016,False,0.0,ab_no_overlap,500.0,291.0,95.84572058438401,False,95.84572058438401,ac_ok,2,DOWN,20,8916.0,1.0,161.35046124594862,595.0,435.0,238.0,292.0,sam2,534.0464520711828,286.065462838343,47746.5,1.0,4,static_c_map_loaded_from_legacy_reference,644.6350133866705,386.4960293773714,True,97,down,ac_ok|ab_no_overlap,True,0.0,1920.0,default_static_c_map,1780650707.8131588
8721.0,1.0,sam2,410.08127890532427,257.63886022245157,433.0,293.0,42.13879427538064,False,0.0,ab_no_overlap,500.0,291.0,95.90798741793724,False,95.90798741793724,ac_ok,2,DOWN,20,8954.0,1.0,161.1468412355809,597.0,433.0,237.0,293.0,sam2,534.1496165587074,286.0074454619909,47746.5,1.0,4,static_c_map_loaded_from_legacy_reference,644.6350133866705,386.4960293773714,True,98,down,ac_ok|ab_no_overlap,True,0.0,1940.0,default_static_c_map,1780650708.279822
8700.0,1.0,sam2,410.0138122605364,257.5112835249042,434.0,292.0,42.0096270677608,False,0.0,ab_no_overlap,500.0,291.0,96.01566598754262,False,96.01566598754262,ac_ok,2,DOWN,20,8897.5,1.0,161.3544058779226,597.0,434.0,237.0,292.0,sam2,534.1561674627704,285.81374918048135,47746.5,1.0,4,static_c_map_loaded_from_legacy_reference,644.6350133866705,386.4960293773714,True,99,down,ac_ok|ab_no_overlap,True,0.0,1960.0,default_static_c_map,1780650708.713095
8741.5,1.0,sam2,409.99454708383377,257.6152452858968,434.0,292.0,41.93534459688292,False,0.0,ab_no_overlap,500.0,291.0,95.99751768647486,False,95.99751768647486,ac_ok,2,DOWN,20,8962.0,1.0,161.76750891929618,519.0,434.0,264.0,292.0,sam2,534.1680614446179,285.66034367328723,47746.5,1.0,4,static_c_map_loaded_from_legacy_reference,644.6350133866705,386.4960293773714,True,100,down,ac_ok|ab_no_overlap,True,0.0,1980.0,default_static_c_map,1780650709.1474953
8750.5,1.0,sam2,410.0459021389254,257.6510294649829,435.0,292.0,42.45655163665039,False,0.0,ab_no_overlap,500.0,291.0,95.93692489206242,False,95.93692489206242,ac_ok,2,DOWN,20,8933.5,1.0,162.20401107606963,516.0,435.0,266.0,292.0,sam2,534.1169381168261,285.76892222160035,47746.5,1.0,4,static_c_map_loaded_from_legacy_reference,644.6350133866705,386.4960293773714,True,101,down,ac_ok|ab_no_overlap,True,0.0,2000.0,default_static_c_map,1780650709.578891
8729.0,1.0,sam2,409.8633482262191,257.6129568106312,435.0,292.0,42.5948353876833,False,0.0,ab_no_overlap,500.0,291.0,96.12133293872186,False,96.12133293872186,ac_ok,2,DOWN,20,8970.0,1.0,161.565051177078,519.0,435.0,264.0,292.0,sam2,534.1430694908955,285.6818097361575,47746.5,1.0,4,static_c_map_loaded_from_legacy_reference,644.6350133866705,386.4960293773714,True,102,down,ac_ok|ab_no_overlap,True,0.0,2020.0,default_static_c_map,1780650709.9956899
8694.5,1.0,sam2,409.87517012670844,257.54269940767153,433.0,292.0,41.49775079180506,False,0.0,ab_no_overlap,500.0,291.0,96.13467596354174,False,96.13467596354174,ac_ok,2,DOWN,20,8896.0,1.0,161.565051177078,595.0,433.0,238.0,292.0,sam2,534.0182479016786,285.8187574940048,47746.5,1.0,4,static_c_map_loaded_from_legacy_reference,644.6350133866705,386.4960293773714,True,103,down,ac_ok|ab_no_overlap,True,0.0,2040.0,default_static_c_map,1780650710.4296083
8694.5,1.0,sam2,410.1175647439952,257.743707707938,432.0,293.0,41.49514572713962,False,0.0,ab_no_overlap,500.0,291.0,95.83753515489094,False,95.83753515489094,ac_ok,2,DOWN,20,8866.5,1.0,161.2530990172167,597.0,432.0,237.0,293.0,sam2,534.4973025808755,285.65922291772404,47746.5,1.0,4,static_c_map_loaded_from_legacy_reference,644.6350133866705,386.4960293773714,True,104,down,ac_ok|ab_no_overlap,True,0.0,2060.0,default_static_c_map,1780650710.8625932
8719.0,1.0,sam2,410.12780517643455,257.50202622624914,436.0,292.0,43.12169592540313,False,0.0,ab_no_overlap,500.0,291.0,95.91207249012923,False,95.91207249012923,ac_ok,2,DOWN,20,8913.5,1.0,164.05460409907712,478.0,436.0,280.0,292.0,sam2,534.1902731811298,285.89349488603426,47746.5,1.0,4,static_c_map_loaded_from_legacy_reference,644.6350133866705,386.4960293773714,True,105,down,ac_ok|ab_no_overlap,True,0.0,2080.0,default_static_c_map,1780650711.3149817
8697.5,1.0,sam2,410.08192009198046,257.32925170068023,439.0,291.0,44.38439631900774,False,0.0,ab_no_overlap,500.0,291.0,96.01552158573702,False,96.01552158573702,ac_ok,2,DOWN,20,8954.0,1.0,161.565051177078,520.0,439.0,264.0,291.0,sam2,534.2911920184647,285.7549884595339,47746.5,1.0,4,static_c_map_loaded_from_legacy_reference,644.6350133866705,386.4960293773714,True,106,down,ac_ok|ab_no_overlap,True,0.0,2100.0,default_static_c_map,1780650711.764131
8748.0,1.0,sam2,410.30285017527814,256.4334514555708,428.68126217478675,298.70379905444054,46.09282280087603,False,0.0,ab_no_overlap,500.0,291.0,96.12712918293661,False,96.12712918293661,ac_ok,2,DOWN,20,8978.5,1.0,156.50143432404792,497.0,428.0,269.0,299.0,sam2,534.0046407157839,285.74301572274504,47746.5,1.0,4,static_c_map_loaded_from_legacy_reference,644.6350133866705,386.4960293773714,True,107,down,ac_ok|ab_no_overlap,True,0.0,2120.0,default_static_c_map,1780650712.197481
8730.5,1.0,sam2,410.556287345131,255.89958574346636,432.0,294.0,43.72041146814678,False,0.0,ab_no_overlap,500.0,291.0,96.0844254521358,False,96.0844254521358,ac_ok,2,DOWN,20,8942.0,1.0,162.6459753637387,480.0,432.0,279.0,294.0,sam2,533.6762655632594,285.9990307910236,47746.5,1.0,4,static_c_map_loaded_from_legacy_reference,644.6350133866705,386.4960293773714,True,108,down,ac_ok|ab_no_overlap,True,0.0,2140.0,default_static_c_map,1780650712.6295383
8705.5,1.0,sam2,410.64386498956594,255.83271112132175,439.0,291.0,45.175309626015526,False,0.0,ab_no_overlap,500.0,291.0,96.02737667498434,False,96.02737667498434,ac_ok,2,DOWN,20,8987.5,1.0,161.1310005449386,597.0,439.0,237.0,291.0,sam2,533.9555308298562,285.89817338896614,47746.5,1.0,4,static_c_map_loaded_from_legacy_reference,644.6350133866705,386.4960293773714,True,109,down,ac_ok|ab_no_overlap,True,0.0,2160.0,default_static_c_map,1780650713.0649228
8670.0,1.0,sam2,410.84044598231446,255.81812764321413,437.0,292.0,44.64806998792841,False,0.0,ab_no_overlap,500.0,291.0,95.84983158650701,False,95.84983158650701,ac_ok,2,DOWN,20,8936.0,1.0,161.1468412355809,519.0,437.0,264.0,292.0,sam2,533.9390293942106,285.76449194270367,47746.5,1.0,4,static_c_map_loaded_from_legacy_reference,644.6350133866705,386.4960293773714,True,110,down,ac_ok|ab_no_overlap,True,0.0,2180.0,default_static_c_map,1780650713.4788127
8632.0,1.0,sam2,410.8584144269385,255.98889789928944,432.0,293.0,42.623799915684465,False,0.0,ab_no_overlap,500.0,291.0,95.77055679479902,False,95.77055679479902,ac_ok,2,DOWN,20,9027.0,1.0,161.2530990172167,597.0,432.0,237.0,293.0,sam2,533.5426682914219,285.9574978767401,47746.5,1.0,4,static_c_map_loaded_from_legacy_reference,644.6350133866705,386.4960293773714,True,111,down,ac_ok|ab_no_overlap,True,0.0,2200.0,default_static_c_map,1780650713.9145756
8657.0,1.0,sam2,410.7213237842209,256.04920873281736,432.0,293.0,42.6396885162974,False,0.0,ab_no_overlap,500.0,291.0,95.87616928645039,False,95.87616928645039,ac_ok,2,DOWN,20,9027.5,1.0,161.565051177078,519.0,432.0,264.0,293.0,sam2,533.3045139850457,286.0106526354657,47746.5,1.0,4,static_c_map_loaded_from_legacy_reference,644.6350133866705,386.4960293773714,True,112,down,ac_ok|ab_no_overlap,True,0.0,2220.0,default_static_c_map,1780650714.378667
8636.0,1.0,sam2,410.73066234367764,256.1001235139725,432.0,293.0,42.59090993419532,False,0.0,ab_no_overlap,500.0,291.0,95.84892291694503,False,95.84892291694503,ac_ok,2,DOWN,20,9118.5,1.0,161.565051177078,519.0,432.0,264.0,293.0,sam2,533.1456745444243,285.9776096214655,47746.5,1.0,4,static_c_map_loaded_from_legacy_reference,644.6350133866705,386.4960293773714,True,113,down,ac_ok|ab_no_overlap,True,0.0,2240.0,default_static_c_map,1780650714.7981975
8683.0,1.0,sam2,410.6286613689585,256.27217935429377,432.0,293.0,42.49313973179449,False,0.0,ab_no_overlap,500.0,291.0,95.88147733271862,False,95.88147733271862,ac_ok,2,DOWN,20,9080.0,1.0,161.565051177078,519.0,432.0,264.0,293.0,sam2,533.3027716593244,285.86071953010276,47746.5,1.0,4,static_c_map_loaded_from_legacy_reference,644.6350133866705,386.4960293773714,True,114,down,ac_ok|ab_no_overlap,True,0.0,2260.0,default_static_c_map,1780650715.2473116
8657.5,1.0,sam2,410.6853787660025,256.5303109057657,432.0,292.0,41.38129919166895,False,0.0,ab_no_overlap,500.0,291.0,95.73536980878914,False,95.73536980878914,ac_ok,2,DOWN,20,9116.5,1.0,162.15979569229648,519.0,432.0,264.0,292.0,sam2,532.9005466279091,286.0946269584453,47746.5,1.0,4,static_c_map_loaded_from_legacy_reference,644.6350133866705,386.4960293773714,True,115,down,ac_ok|ab_no_overlap,True,0.0,2280.0,default_static_c_map,1780650715.6796284
8628.0,1.0,sam2,410.7357054551074,256.35964302271674,432.0,292.0,41.50187065615396,False,0.0,ab_no_overlap,500.0,291.0,95.7500319170232,False,95.7500319170232,ac_ok,2,DOWN,20,9103.5,1.0,162.80145877993414,516.0,432.0,266.0,292.0,sam2,533.2021383716884,285.863532341041,47746.5,1.0,4,static_c_map_loaded_from_legacy_reference,644.6350133866705,386.4960293773714,True,116,down,ac_ok|ab_no_overlap,True,0.0,2300.0,default_static_c_map,1780650716.1126537
8668.5,1.0,sam2,410.6024494818403,256.507488800446,432.0,293.0,42.30317413418014,False,0.0,ab_no_overlap,500.0,291.0,95.82095474111217,False,95.82095474111217,ac_ok,2,DOWN,20,9076.0,1.0,161.565051177078,519.0,432.0,264.0,293.0,sam2,533.2079293374467,285.9834912589981,47746.5,1.0,4,static_c_map_loaded_from_legacy_reference,644.6350133866705,386.4960293773714,True,117,down,ac_ok|ab_no_overlap,True,0.0,2320.0,default_static_c_map,1780650716.545482
8640.0,1.0,sam2,410.6955632716049,256.63640046296297,433.0,292.0,41.809951805603724,False,0.0,ab_no_overlap,500.0,291.0,95.68771808606252,False,95.68771808606252,ac_ok,2,DOWN,20,9017.0,1.0,165.06858282186246,478.0,433.0,280.0,292.0,sam2,533.4196148016708,286.0103138516136,47746.5,1.0,4,static_c_map_loaded_from_legacy_reference,644.6350133866705,386.4960293773714,True,118,down,ac_ok|ab_no_overlap,True,0.0,2340.0,default_static_c_map,1780650716.9891603
8674.0,1.0,sam2,410.757628160787,256.56052570901545,433.0,292.0,41.84112143639519,False,0.0,ab_no_overlap,500.0,291.0,95.65708714427666,False,95.65708714427666,ac_ok,2,DOWN,20,9044.5,1.0,164.5387822595581,480.0,433.0,279.0,292.0,sam2,533.2469825123924,286.0225551440102,47746.5,1.0,4,static_c_map_loaded_from_legacy_reference,644.6350133866705,386.4960293773714,True,119,down,ac_ok|ab_no_overlap,True,0.0,2360.0,default_static_c_map,1780650717.4254591
8665.0,1.0,sam2,410.5507405270244,256.50084631659934,432.0,292.0,41.47602493220309,False,0.0,ab_no_overlap,500.0,291.0,95.87158924902941,False,95.87158924902941,ac_ok,2,DOWN,20,9061.0,1.0,161.565051177078,597.0,432.0,237.0,292.0,sam2,533.0098039215686,286.0649118934628,47746.5,1.0,4,static_c_map_loaded_from_legacy_reference,644.6350133866705,386.4960293773714,True,120,down,ac_ok|ab_no_overlap,True,0.0,2380.0,default_static_c_map,1780650717.8807268
8684.0,1.0,sam2,410.58874558575155,256.8108590511285,432.0,292.0,41.19123033257467,False,0.0,ab_no_overlap,500.0,291.0,95.72496944241489,False,95.72496944241489,ac_ok,2,DOWN,20,9068.5,1.0,161.565051177078,597.0,432.0,237.0,292.0,sam2,533.1752035434012,286.0371432247156,47746.5,1.0,4,static_c_map_loaded_from_legacy_reference,644.6350133866705,386.4960293773714,True,121,down,ac_ok|ab_no_overlap,True,0.0,2400.0,default_static_c_map,1780650718.3159814
8691.0,1.0,sam2,410.56328385686345,256.608311279868,432.0,292.0,41.37758365907957,False,0.0,ab_no_overlap,500.0,291.0,95.82126302387395,False,95.82126302387395,ac_ok,2,DOWN,20,9023.5,1.0,164.8459319496874,480.0,432.0,279.0,292.0,sam2,533.3140318797214,285.95631776287837,47746.5,1.0,4,static_c_map_loaded_from_legacy_reference,644.6350133866705,386.4960293773714,True,122,down,ac_ok|ab_no_overlap,True,0.0,2420.0,default_static_c_map,1780650718.7799852
8692.0,1.0,sam2,410.46874520631997,256.6950260776193,431.0,291.0,39.97954050784265,False,0.0,ab_no_overlap,500.0,291.0,95.87844815570429,False,95.87844815570429,ac_ok,2,DOWN,20,9080.5,1.0,166.55138494831348,477.0,431.0,280.0,291.0,sam2,532.9778463006809,285.98944624928873,47746.5,1.0,4,static_c_map_loaded_from_legacy_reference,644.6350133866705,386.4960293773714,True,123,down,ac_ok|ab_no_overlap,True,0.0,2440.0,default_static_c_map,1780650719.2116997
8684.5,1.0,sam2,410.6126624062026,256.8401366419099,432.0,292.0,41.153787197664144,False,0.0,ab_no_overlap,500.0,291.0,95.69217515947106,False,95.69217515947106,ac_ok,2,DOWN,20,9027.0,1.0,165.37912601136836,478.0,432.0,280.0,292.0,sam2,533.3541043536059,286.0174845832871,47746.5,1.0,4,static_c_map_loaded_from_legacy_reference,644.6350133866705,386.4960293773714,True,124,down,ac_ok|ab_no_overlap,True,0.0,2460.0,default_static_c_map,1780650719.6458673
8708.0,1.0,sam2,410.50415326902464,256.79321696524266,432.0,292.0,41.25032119072603,False,0.0,ab_no_overlap,500.0,291.0,95.81028435236581,False,95.81028435236581,ac_ok,2,DOWN,20,8945.5,1.0,163.47420361007437,523.0,432.0,265.0,292.0,sam2,533.8297840627504,285.7336649712146,47746.5,1.0,4,static_c_map_loaded_from_legacy_reference,644.6350133866705,386.4960293773714,True,125,down,ac_ok|ab_no_overlap,True,0.0,2480.0,default_static_c_map,1780650720.0790207
8699.0,1.0,sam2,410.4747672146224,256.46664367551824,431.0,291.0,40.17260110980573,False,0.0,ab_no_overlap,500.0,291.0,95.9547810393504,False,95.9547810393504,ac_ok,2,DOWN,20,9073.0,1.0,166.55138494831348,477.0,431.0,280.0,291.0,sam2,532.9417318784672,285.9778463573239,47746.5,1.0,4,static_c_map_loaded_from_legacy_reference,644.6350133866705,386.4960293773714,True,126,down,ac_ok|ab_no_overlap,True,0.0,2500.0,default_static_c_map,1780650720.5123672
8684.5,1.0,sam2,410.57247586696604,256.7685915519987,431.0,292.0,40.72512594744896,False,0.0,ab_no_overlap,500.0,291.0,95.75526824618196,False,95.75526824618196,ac_ok,2,DOWN,20,8995.0,1.0,165.14138555207535,480.0,431.0,279.0,292.0,sam2,533.3397443023903,286.033314804521,47746.5,1.0,4,static_c_map_loaded_from_legacy_reference,644.6350133866705,386.4960293773714,True,127,down,ac_ok|ab_no_overlap,True,0.0,2520.0,default_static_c_map,1780650720.9485772
8667.5,1.0,sam2,410.548831843092,256.53454475531197,431.0,293.0,41.80884721185785,False,0.0,ab_no_overlap,500.0,291.0,95.8612491565754,False,95.8612491565754,ac_ok,2,DOWN,20,9101.5,1.0,161.76059915334886,519.0,431.0,264.0,293.0,sam2,533.0429599516564,285.98470948012226,47746.5,1.0,4,static_c_map_loaded_from_legacy_reference,644.6350133866705,386.4960293773714,True,128,down,ac_ok|ab_no_overlap,True,0.0,2540.0,default_static_c_map,1780650721.400212
8851.5,1.0,sam2,410.72684479090174,255.39688188442636,430.94124932514114,297.0890912362952,46.334247283342556,False,0.0,ab_no_overlap,500.0,291.0,96.11076037853013,False,96.11076037853013,ac_ok,2,DOWN,20,9057.5,1.0,154.13364320590549,460.0,427.0,283.0,299.0,sam2,533.1457907811206,285.9000460023921,47746.5,1.0,4,static_c_map_loaded_from_legacy_reference,644.6350133866705,386.4960293773714,True,129,down,ac_ok|ab_no_overlap,True,0.0,2560.0,default_static_c_map,1780650721.8291297
8806.0,1.0,sam2,410.93593383299265,255.34122567946093,431.81225679460977,297.0938716026951,46.680877262415564,False,0.0,ab_no_overlap,500.0,291.0,95.93725068107904,False,95.93725068107904,ac_ok,2,DOWN,20,9046.5,1.0,153.434948822922,460.0,428.0,283.0,299.0,sam2,533.3589049171871,285.9310783175814,47746.5,1.0,4,static_c_map_loaded_from_legacy_reference,644.6350133866705,386.4960293773714,True,130,down,ac_ok|ab_no_overlap,True,0.0,2580.0,default_static_c_map,1780650722.2806342
8856.0,1.0,sam2,410.7205284552846,254.6153643480879,432.0,294.0,44.765672503115816,False,0.0,ab_no_overlap,500.0,291.0,96.40884684937396,False,96.40884684937396,ac_ok,2,DOWN,20,9050.5,1.0,162.71850162818336,477.0,432.0,280.0,294.0,sam2,533.0827578586818,285.9479586763162,47746.5,1.0,4,static_c_map_loaded_from_legacy_reference,644.6350133866705,386.4960293773714,True,131,down,ac_ok|ab_no_overlap,True,0.0,2600.0,default_static_c_map,1780650722.711766
8832.0,1.0,sam2,410.80436669685986,254.1002792874396,432.0,294.0,45.18011270527669,False,0.0,ab_no_overlap,500.0,291.0,96.52694126000887,False,96.52694126000887,ac_ok,2,DOWN,20,9074.0,1.0,162.71850162818336,477.0,432.0,280.0,294.0,sam2,532.8895011387848,286.0625780618617,47746.5,1.0,4,static_c_map_loaded_from_legacy_reference,644.6350133866705,386.4960293773714,True,132,down,ac_ok|ab_no_overlap,True,0.0,2620.0,default_static_c_map,1780650723.1638336
8831.0,1.0,sam2,410.79743705884573,253.35886838032687,438.4589700900085,291.39347629817564,47.02969071872145,False,0.0,ab_no_overlap,500.0,291.0,96.81917178369244,False,96.81917178369244,ac_ok,2,DOWN,20,9074.5,1.0,143.9726266148964,439.0,428.0,291.0,299.0,sam2,532.6057450364574,286.25742465149597,47746.5,1.0,4,static_c_map_loaded_from_legacy_reference,644.6350133866705,386.4960293773714,True,133,down,ac_ok|ab_no_overlap,True,0.0,2640.0,default_static_c_map,1780650723.6123881
8847.0,1.0,sam2,410.72472777966163,252.80458535850192,439.0,291.0,47.52242332594376,False,0.0,ab_no_overlap,500.0,291.0,97.10285232500374,False,97.10285232500374,ac_ok,2,DOWN,20,9057.0,1.0,164.24882633654698,478.0,439.0,280.0,291.0,sam2,532.9168414854072,286.2011151595451,47746.5,1.0,4,static_c_map_loaded_from_legacy_reference,644.6350133866705,386.4960293773714,True,134,down,ac_ok|ab_no_overlap,True,0.0,2660.0,default_static_c_map,1780650724.0654645
8855.5,1.0,sam2,410.64880582688727,252.16831347749985,439.0,291.0,48.080038365451216,False,0.0,ab_no_overlap,500.0,291.0,97.42451323123464,False,97.42451323123464,ac_ok,2,DOWN,20,9089.0,1.0,160.70995378081125,519.0,439.0,263.0,291.0,sam2,532.75464847618,286.1229874940404,47746.5,1.0,4,static_c_map_loaded_from_legacy_reference,644.6350133866705,386.4960293773714,True,135,down,ac_ok|ab_no_overlap,True,0.0,2680.0,default_static_c_map,1780650724.4936435
8823.5,1.0,sam2,410.82790275967585,251.80344156702742,440.0,291.0,48.86083759401144,False,0.0,ab_no_overlap,500.0,291.0,97.40653530039583,False,97.40653530039583,ac_ok,2,DOWN,20,9152.5,1.0,161.1310005449386,519.0,440.0,264.0,291.0,sam2,532.7603204953109,285.9400892288081,47746.5,1.0,4,static_c_map_loaded_from_legacy_reference,644.6350133866705,386.4960293773714,True,136,down,ac_ok|ab_no_overlap,True,0.0,2700.0,default_static_c_map,1780650724.9471145
8833.5,1.0,sam2,410.9117941170921,251.92622780702249,439.0,291.0,48.121793224165344,False,0.0,ab_no_overlap,500.0,291.0,97.28035824781944,False,97.28035824781944,ac_ok,2,DOWN,20,9112.5,1.0,164.24882633654698,478.0,439.0,280.0,291.0,sam2,532.6865477823502,286.01075445816184,47746.5,1.0,4,static_c_map_loaded_from_legacy_reference,644.6350133866705,386.4960293773714,True,137,down,ac_ok|ab_no_overlap,True,0.0,2720.0,default_static_c_map,1780650725.3787763
8792.0,1.0,sam2,411.1520700636943,251.9577077646345,440.0,291.0,48.54383219938126,False,0.0,ab_no_overlap,500.0,291.0,97.0476956808268,False,97.0476956808268,ac_ok,2,DOWN,20,9178.0,1.0,161.1310005449386,519.0,440.0,264.0,291.0,sam2,532.4643894820948,286.0282559744316,47746.5,1.0,4,static_c_map_loaded_from_legacy_reference,644.6350133866705,386.4960293773714,True,138,down,ac_ok|ab_no_overlap,True,0.0,2740.0,default_static_c_map,1780650725.8130674
8777.5,1.0,sam2,411.29606000189875,252.23639988607235,432.0,295.0,47.511878789928836,False,0.0,ab_no_overlap,500.0,291.0,96.80395480030369,False,96.80395480030369,ac_ok,2,DOWN,20,9098.5,1.0,156.03751102542182,459.0,432.0,283.0,295.0,sam2,532.7341503178179,286.0192705757359,47746.5,1.0,4,static_c_map_loaded_from_legacy_reference,644.6350133866705,386.4960293773714,True,139,down,ac_ok|ab_no_overlap,True,0.0,2760.0,default_static_c_map,1780650726.248487
8762.0,1.0,sam2,411.18150346191885,251.80700753252682,429.0,296.0,47.64996749324967,False,0.0,ab_no_overlap,500.0,291.0,97.08149146897436,False,97.08149146897436,ac_ok,2,DOWN,20,9223.0,1.0,161.22196677755446,479.0,429.0,279.0,296.0,sam2,532.3309841338681,285.94786584263977,47746.5,1.0,4,static_c_map_loaded_from_legacy_reference,644.6350133866705,386.4960293773714,True,140,down,ac_ok|ab_no_overlap,True,0.0,2780.0,default_static_c_map,1780650726.6776052
8707.5,1.0,sam2,410.95714422432764,251.91335055986218,431.0,294.0,46.6154709162254,False,0.0,ab_no_overlap,500.0,291.0,97.2440040781097,False,97.2440040781097,ac_ok,2,DOWN,20,9214.5,1.0,157.06789956241022,457.0,431.0,283.0,294.0,sam2,532.4825004069672,285.78405411760446,47746.5,1.0,4,static_c_map_loaded_from_legacy_reference,644.6350133866705,386.4960293773714,True,141,down,ac_ok|ab_no_overlap,True,0.0,2800.0,default_static_c_map,1780650727.100497
8771.5,1.0,sam2,410.9973398696536,252.24803815386952,432.0,294.0,46.736902449259276,False,0.0,ab_no_overlap,500.0,291.0,97.07310676599313,False,97.07310676599313,ac_ok,2,DOWN,20,9179.5,1.0,162.71850162818336,477.0,432.0,280.0,294.0,sam2,532.3609129037529,285.92452384843034,47746.5,1.0,4,static_c_map_loaded_from_legacy_reference,644.6350133866705,386.4960293773714,True,142,down,ac_ok|ab_no_overlap,True,0.0,2820.0,default_static_c_map,1780650727.5654674
8738.0,1.0,sam2,410.8910505836576,252.50652323186083,430.8222680364145,295.2162749163399,47.131479056984254,False,0.0,ab_no_overlap,500.0,291.0,97.06777333277785,False,97.06777333277785,ac_ok,2,DOWN,20,9196.5,1.0,154.9831065219,457.0,427.0,283.0,297.0,sam2,532.2236901719856,286.0034070932782,47746.5,1.0,4,static_c_map_loaded_from_legacy_reference,644.6350133866705,386.4960293773714,True,143,down,ac_ok|ab_no_overlap,True,0.0,2840.0,default_static_c_map,1780650727.996789
8723.0,1.0,sam2,410.9301845695288,252.67413733807177,430.79017192571695,295.2312531013321,46.96304078608508,False,0.0,ab_no_overlap,500.0,291.0,96.96547720502997,False,96.96547720502997,ac_ok,2,DOWN,20,9182.0,1.0,154.9831065219,457.0,427.0,283.0,297.0,sam2,532.198177593843,286.0956037174181,47746.5,1.0,4,static_c_map_loaded_from_legacy_reference,644.6350133866705,386.4960293773714,True,144,down,ac_ok|ab_no_overlap,True,0.0,2860.0,default_static_c_map,1780650728.437092
8753.0,1.0,sam2,410.8409497696028,252.57235614455993,433.60759392340645,295.42721572819033,48.526890235812566,False,0.0,ab_no_overlap,500.0,291.0,97.087692578756,False,97.087692578756,ac_ok,2,DOWN,20,9184.5,1.0,152.02052561151984,457.0,425.0,283.0,300.0,sam2,532.0385069047488,285.96396102128585,47746.5,1.0,4,static_c_map_loaded_from_legacy_reference,644.6350133866705,386.4960293773714,True,145,down,ac_ok|ab_no_overlap,True,0.0,2880.0,default_static_c_map,1780650728.8789752
8690.0,1.0,sam2,410.94679708477173,252.45414269275028,431.0,293.0,45.23380916901842,False,0.0,ab_no_overlap,500.0,291.0,97.03739518871927,False,97.03739518871927,ac_ok,2,DOWN,20,9224.0,1.0,161.565051177078,518.0,431.0,264.0,293.0,sam2,531.9466066782308,285.7095258745302,47746.5,1.0,4,static_c_map_loaded_from_legacy_reference,644.6350133866705,386.4960293773714,True,146,down,ac_ok|ab_no_overlap,True,0.0,2900.0,default_static_c_map,1780650729.3172517
8732.5,1.0,sam2,410.8832140471419,252.47288863441167,432.0,293.0,45.698636791677096,False,0.0,ab_no_overlap,500.0,291.0,97.08830953695697,False,97.08830953695697,ac_ok,2,DOWN,20,9151.5,1.0,161.1468412355809,596.0,432.0,237.0,293.0,sam2,532.2979475131581,285.84332258828243,47746.5,1.0,4,static_c_map_loaded_from_legacy_reference,644.6350133866705,386.4960293773714,True,147,down,ac_ok|ab_no_overlap,True,0.0,2920.0,default_static_c_map,1780650729.7815866
8736.0,1.0,sam2,410.8156097374847,252.58962912087912,432.2166361416361,295.39168192918197,47.85414982795047,False,0.0,ab_no_overlap,500.0,291.0,97.10412997173835,False,97.10412997173835,ac_ok,2,DOWN,20,9139.5,1.0,153.434948822922,457.0,425.0,283.0,299.0,sam2,532.2629976111019,285.9730109232817,47746.5,1.0,4,static_c_map_loaded_from_legacy_reference,644.6350133866705,386.4960293773714,True,148,down,ac_ok|ab_no_overlap,True,0.0,2940.0,default_static_c_map,1780650730.214828
8726.5,1.0,sam2,410.713134322657,252.641188716362,430.0,294.0,45.63479438379725,False,0.0,ab_no_overlap,500.0,291.0,97.1778924734306,False,97.1778924734306,ac_ok,2,DOWN,20,9151.0,1.0,156.80140948635182,458.0,430.0,282.0,294.0,sam2,532.1379448512002,285.91294211925833,47746.5,1.0,4,static_c_map_loaded_from_legacy_reference,644.6350133866705,386.4960293773714,True,149,down,ac_ok|ab_no_overlap,True,0.0,2960.0,default_static_c_map,1780650730.6688437
8725.5,1.0,sam2,410.87931923671994,252.72326323228847,433.9914793268285,295.0955567308208,48.265755980369484,False,0.0,ab_no_overlap,500.0,291.0,96.99280549244442,False,96.99280549244442,ac_ok,2,DOWN,20,9130.0,1.0,151.3895403340348,458.0,425.0,282.0,300.0,sam2,532.4041803577948,285.9081964220518,47746.5,1.0,4,static_c_map_loaded_from_legacy_reference,644.6350133866705,386.4960293773714,True,150,down,ac_ok|ab_no_overlap,True,0.0,2980.0,default_static_c_map,1780650731.0954812
8727.0,1.0,sam2,410.6822504869944,252.61878843436077,433.9684329704748,295.0818270807074,48.42887512357763,False,0.0,ab_no_overlap,500.0,291.0,97.21511085893164,False,97.21511085893164,ac_ok,2,DOWN,20,9149.5,1.0,151.26020470831196,456.0,425.0,283.0,300.0,sam2,532.126236406361,285.73847386924604,47746.5,1.0,4,static_c_map_loaded_from_legacy_reference,644.6350133866705,386.4960293773714,True,151,down,ac_ok|ab_no_overlap,True,0.0,3000.0,default_static_c_map,1780650731.5302675
8740.0,1.0,sam2,410.7800724637681,252.42507627765062,431.0,293.0,45.33398178678926,False,0.0,ab_no_overlap,500.0,291.0,97.20195579182318,False,97.20195579182318,ac_ok,2,DOWN,20,9131.0,1.0,161.04888694731315,597.0,431.0,236.0,293.0,sam2,532.2283977658526,285.9133537765122,47746.5,1.0,4,static_c_map_loaded_from_legacy_reference,644.6350133866705,386.4960293773714,True,152,down,ac_ok|ab_no_overlap,True,0.0,3020.0,default_static_c_map,1780650731.9684072
8774.0,1.0,sam2,410.812571233189,252.55685358255448,432.0,293.0,45.65692970285702,False,0.0,ab_no_overlap,500.0,291.0,97.11988960304755,False,97.11988960304755,ac_ok,2,DOWN,20,9129.5,1.0,163.07248693585296,478.0,432.0,279.0,293.0,sam2,532.4999361045693,285.6338426711941,47746.5,1.0,4,static_c_map_loaded_from_legacy_reference,644.6350133866705,386.4960293773714,True,153,down,ac_ok|ab_no_overlap,True,0.0,3040.0,default_static_c_map,1780650732.4144132
8756.0,1.0,sam2,410.761839500533,252.4223389675651,431.0,292.0,44.451933514758416,False,0.0,ab_no_overlap,500.0,291.0,97.21977792641826,False,97.21977792641826,ac_ok,2,DOWN,20,9135.5,1.0,161.35820810630068,597.0,431.0,236.0,292.0,sam2,532.0811668764709,285.81232554321053,47746.5,1.0,4,static_c_map_loaded_from_legacy_reference,644.6350133866705,386.4960293773714,True,154,down,ac_ok|ab_no_overlap,True,0.0,3060.0,default_static_c_map,1780650732.861829
8754.5,1.0,sam2,410.58269080663274,252.56900260818242,432.0,292.0,44.87209253420013,False,0.0,ab_no_overlap,500.0,291.0,97.32623872272127,False,97.32623872272127,ac_ok,2,DOWN,20,9093.5,1.0,26.565051177078004,436.0,432.0,294.0,292.0,sam2,532.4430820549476,285.7759205293158,47746.5,1.0,4,static_c_map_loaded_from_legacy_reference,644.6350133866705,386.4960293773714,True,155,down,ac_ok|ab_no_overlap,True,0.0,3080.0,default_static_c_map,1780650733.3214605
8734.5,1.0,sam2,410.6810158948232,252.61516591295054,431.0,292.0,44.317336011213946,False,0.0,ab_no_overlap,500.0,291.0,97.21767539635549,False,97.21767539635549,ac_ok,2,DOWN,20,9107.0,1.0,162.15979569229648,518.0,431.0,264.0,292.0,sam2,532.5934995058745,285.5456791479082,47746.5,1.0,4,static_c_map_loaded_from_legacy_reference,644.6350133866705,386.4960293773714,True,156,down,ac_ok|ab_no_overlap,True,0.0,3100.0,default_static_c_map,1780650733.7855053
8755.5,1.0,sam2,410.79742257247824,252.5527002074886,431.0,293.0,45.212035955266415,False,0.0,ab_no_overlap,500.0,291.0,97.13544502934168,False,97.13544502934168,ac_ok,2,DOWN,20,9151.5,1.0,157.83365417791757,458.0,431.0,282.0,293.0,sam2,532.2235334826713,285.72922471725946,47746.5,1.0,4,static_c_map_loaded_from_legacy_reference,644.6350133866705,386.4960293773714,True,157,down,ac_ok|ab_no_overlap,True,0.0,3120.0,default_static_c_map,1780650734.2152555
8758.5,1.0,sam2,410.769462046393,252.41369336454107,431.0,293.0,45.34890243655109,False,0.0,ab_no_overlap,500.0,291.0,97.21621245068005,False,97.21621245068005,ac_ok,2,DOWN,20,9162.0,1.0,157.06789956241022,457.0,431.0,282.0,293.0,sam2,532.2830531907152,285.6710689078076,47746.5,1.0,4,static_c_map_loaded_from_legacy_reference,644.6350133866705,386.4960293773714,True,158,down,ac_ok|ab_no_overlap,True,0.0,3140.0,default_static_c_map,1780650734.6787393
8733.5,1.0,sam2,410.7830766588424,252.3277609205931,431.0,293.0,45.41976465278829,False,0.0,ab_no_overlap,500.0,291.0,97.23786035221465,False,97.23786035221465,ac_ok,2,DOWN,20,9202.0,1.0,161.76059915334886,519.0,431.0,264.0,293.0,sam2,532.0526515974788,285.78999130623777,47746.5,1.0,4,static_c_map_loaded_from_legacy_reference,644.6350133866705,386.4960293773714,True,159,down,ac_ok|ab_no_overlap,True,0.0,3160.0,default_static_c_map,1780650735.0960522
8989.5,1.0,sam2,411.1812299534642,251.78615792498655,430.44595457721255,294.44376244900076,46.80599148139107,False,0.0,ab_no_overlap,500.0,291.0,97.09016079327246,False,97.09016079327246,ac_ok,2,DOWN,20,9290.5,1.0,155.6954507340633,458.0,427.0,282.0,296.0,sam2,531.4701038695441,285.8887752722315,47746.5,1.0,4,static_c_map_loaded_from_legacy_reference,644.6350133866705,386.4960293773714,True,160,down,ac_ok|ab_no_overlap,True,0.0,3180.0,default_static_c_map,1780650735.514929
8938.5,1.0,sam2,411.21614364826314,251.96641867576585,434.15125615857187,295.1383951657587,48.885978970590486,False,0.0,ab_no_overlap,500.0,291.0,96.98553304324025,False,96.98553304324025,ac_ok,2,DOWN,20,9180.5,1.0,152.02052561151984,457.0,425.0,283.0,300.0,sam2,532.0016157435143,285.85216854564925,47746.5,1.0,4,static_c_map_loaded_from_legacy_reference,644.6350133866705,386.4960293773714,True,161,down,ac_ok|ab_no_overlap,True,0.0,3200.0,default_static_c_map,1780650735.9812357
8935.5,1.0,sam2,411.09934157760244,251.89069815156768,430.338724510195,294.4921889308797,46.74442076062919,False,0.0,ab_no_overlap,500.0,291.0,97.1229352882603,False,97.1229352882603,ac_ok,2,DOWN,20,9204.5,1.0,155.6954507340633,458.0,427.0,282.0,296.0,sam2,531.7085483549713,285.93468774331393,47746.5,1.0,4,static_c_map_loaded_from_legacy_reference,644.6350133866705,386.4960293773714,True,162,down,ac_ok|ab_no_overlap,True,0.0,3220.0,default_static_c_map,1780650736.431328
8937.0,1.0,sam2,411.0783074111372,252.11105516392524,431.6986616955123,294.7264540183005,47.34206618146948,False,0.0,ab_no_overlap,500.0,291.0,97.05368330636136,False,97.05368330636136,ac_ok,2,DOWN,20,9192.5,1.0,154.17900802581073,458.0,427.0,282.0,297.0,sam2,531.9468407216027,285.8735200797751,47746.5,1.0,4,static_c_map_loaded_from_legacy_reference,644.6350133866705,386.4960293773714,True,163,down,ac_ok|ab_no_overlap,True,0.0,3240.0,default_static_c_map,1780650736.8654861
8886.0,1.0,sam2,410.9501462975467,252.0329169480081,430.2145181651859,295.00728496043394,47.094716577574765,False,0.0,ab_no_overlap,500.0,291.0,97.20241769631642,False,97.20241769631642,ac_ok,2,DOWN,20,9245.5,1.0,155.85445803957836,457.0,428.0,283.0,296.0,sam2,531.9511113514683,285.76703982117425,47746.5,1.0,4,static_c_map_loaded_from_legacy_reference,644.6350133866705,386.4960293773714,True,164,down,ac_ok|ab_no_overlap,True,0.0,3260.0,default_static_c_map,1780650737.3162956
8841.0,1.0,sam2,410.82290841910793,252.22866945669793,430.0355025695987,295.0875333308696,46.968137993497756,False,0.0,ab_no_overlap,500.0,291.0,97.2407822619954,False,97.2407822619954,ac_ok,2,DOWN,20,9213.0,1.0,155.85445803957836,457.0,428.0,283.0,296.0,sam2,531.7822461015231,286.0010854227722,47746.5,1.0,4,static_c_map_loaded_from_legacy_reference,644.6350133866705,386.4960293773714,True,165,down,ac_ok|ab_no_overlap,True,0.0,3280.0,default_static_c_map,1780650737.7811894
8762.5,1.0,sam2,410.4559771754636,252.04804564907275,430.64069369097325,295.30100961087913,47.73092993324989,False,0.0,ab_no_overlap,500.0,291.0,97.64930502240051,False,97.64930502240051,ac_ok,2,DOWN,20,9218.5,1.0,154.9831065219,457.0,427.0,283.0,297.0,sam2,531.9056064797237,285.8884851114606,47746.5,1.0,4,static_c_map_loaded_from_legacy_reference,644.6350133866705,386.4960293773714,True,166,down,ac_ok|ab_no_overlap,True,0.0,3300.0,default_static_c_map,1780650738.197511
8771.5,1.0,sam2,410.2004978243934,252.09732276881564,435.2147039687703,295.54304923010193,50.132241689179395,False,0.0,ab_no_overlap,500.0,291.0,97.86403265112514,False,97.86403265112514,ac_ok,2,DOWN,20,9149.5,1.0,150.06848815949223,457.0,424.0,283.0,302.0,sam2,531.8854217898974,285.98152904530303,47746.5,1.0,4,static_c_map_loaded_from_legacy_reference,644.6350133866705,386.4960293773714,True,167,down,ac_ok|ab_no_overlap,True,0.0,3320.0,default_static_c_map,1780650738.6413004
8724.0,1.0,sam2,410.01620051963926,252.42457588262266,428.75677817909497,295.6720627890588,47.1333679544806,False,0.0,ab_no_overlap,500.0,291.0,97.90376660148121,False,97.90376660148121,ac_ok,2,DOWN,20,9132.5,1.0,156.5713071912546,458.0,428.0,283.0,296.0,sam2,532.2339447029839,285.83874441098635,47746.5,1.0,4,static_c_map_loaded_from_legacy_reference,644.6350133866705,386.4960293773714,True,168,down,ac_ok|ab_no_overlap,True,0.0,3340.0,default_static_c_map,1780650739.0615118
8709.5,1.0,sam2,409.91631743115755,252.37837992996154,429.3788800015031,295.4740541928696,47.28666283403058,False,0.0,ab_no_overlap,500.0,291.0,98.013771491553,False,98.013771491553,ac_ok,2,DOWN,20,9166.5,1.0,155.6954507340633,457.0,426.0,283.0,297.0,sam2,531.5379734176985,286.1113111147475,47746.5,1.0,4,static_c_map_loaded_from_legacy_reference,644.6350133866705,386.4960293773714,True,169,down,ac_ok|ab_no_overlap,True,0.0,3360.0,default_static_c_map,1780650739.4956367
8720.5,1.0,sam2,409.94111576171093,252.60357777650364,429.1613163701555,295.47940990303374,46.986733148530796,False,0.0,ab_no_overlap,500.0,291.0,97.90244057126746,False,97.90244057126746,ac_ok,2,DOWN,20,9236.0,1.0,155.85445803957836,457.0,428.0,283.0,296.0,sam2,531.7941749675184,285.97758770030316,47746.5,1.0,4,static_c_map_loaded_from_legacy_reference,644.6350133866705,386.4960293773714,True,170,down,ac_ok|ab_no_overlap,True,0.0,3380.0,default_static_c_map,1780650739.9151452
8700.5,1.0,sam2,410.1394172748693,252.5501216405187,430.1883434839092,295.5121063741757,47.40982571567314,False,0.0,ab_no_overlap,500.0,291.0,97.74107362597859,False,97.74107362597859,ac_ok,2,DOWN,20,9193.5,1.0,154.9831065219,457.0,427.0,283.0,297.0,sam2,531.9955403274053,285.9078515617918,47746.5,1.0,4,static_c_map_loaded_from_legacy_reference,644.6350133866705,386.4960293773714,True,171,down,ac_ok|ab_no_overlap,True,0.0,3400.0,default_static_c_map,1780650740.3638139
8679.5,1.0,sam2,409.9894771204178,252.70234460510397,429.3181244201438,295.5014921973544,46.96129939706144,False,0.0,ab_no_overlap,500.0,291.0,97.81924472107724,False,97.81924472107724,ac_ok,2,DOWN,20,9184.5,1.0,155.6954507340633,457.0,426.0,283.0,297.0,sam2,531.6765928103507,286.04075707260415,47746.5,1.0,4,static_c_map_loaded_from_legacy_reference,644.6350133866705,386.4960293773714,True,172,down,ac_ok|ab_no_overlap,True,0.0,3420.0,default_static_c_map,1780650740.814112
8704.0,1.0,sam2,409.93663832720586,252.70819929534312,429.27204056894203,295.5223042591875,46.97771135022244,False,0.0,ab_no_overlap,500.0,291.0,97.8655767724775,False,97.8655767724775,ac_ok,2,DOWN,20,9178.0,1.0,155.6954507340633,457.0,426.0,283.0,297.0,sam2,531.7607321856614,286.0452894603036,47746.5,1.0,4,static_c_map_loaded_from_legacy_reference,644.6350133866705,386.4960293773714,True,173,down,ac_ok|ab_no_overlap,True,0.0,3440.0,default_static_c_map,1780650741.2614574
8706.5,1.0,sam2,409.92993740308964,252.78845307146,429.2363709691923,295.5384131106873,46.907328429552116,False,0.0,ab_no_overlap,500.0,291.0,97.8403725201584,False,97.8403725201584,ac_ok,2,DOWN,20,9175.5,1.0,155.6954507340633,457.0,426.0,283.0,297.0,sam2,532.1092038581004,285.8553757288431,47746.5,1.0,4,static_c_map_loaded_from_legacy_reference,644.6350133866705,386.4960293773714,True,174,down,ac_ok|ab_no_overlap,True,0.0,3460.0,default_static_c_map,1780650741.7014532
8674.0,1.0,sam2,410.0407539774037,252.69975405426177,429.36168652786114,295.48181898741757,46.942555475432776,False,0.0,ab_no_overlap,500.0,291.0,97.77307801464595,False,97.77307801464595,ac_ok,2,DOWN,20,9165.5,1.0,155.6954507340633,457.0,426.0,283.0,297.0,sam2,532.039623224774,285.8123943047297,47746.5,1.0,4,static_c_map_loaded_from_legacy_reference,644.6350133866705,386.4960293773714,True,175,down,ac_ok|ab_no_overlap,True,0.0,3480.0,default_static_c_map,1780650742.1344206
8680.5,1.0,sam2,409.8683255572836,252.58450934085974,429.84355555407984,295.19833333402505,47.06323202613034,False,0.0,ab_no_overlap,500.0,291.0,97.97687819292015,False,97.97687819292015,ac_ok,2,DOWN,20,9162.5,1.0,154.88516511385544,458.0,426.0,282.0,297.0,sam2,532.055352432924,285.7818281036835,47746.5,1.0,4,static_c_map_loaded_from_legacy_reference,644.6350133866705,386.4960293773714,True,176,down,ac_ok|ab_no_overlap,True,0.0,3500.0,default_static_c_map,1780650742.5882688
8691.5,1.0,sam2,409.9739592322,252.58610903373025,426.0,296.0,46.27742334575625,False,0.0,ab_no_overlap,500.0,291.0,97.87908374874607,False,97.87908374874607,ac_ok,2,DOWN,20,9147.0,1.0,160.6651914621736,597.0,426.0,236.0,296.0,sam2,531.9454283736015,285.93017747166647,47746.5,1.0,4,static_c_map_loaded_from_legacy_reference,644.6350133866705,386.4960293773714,True,177,down,ac_ok|ab_no_overlap,True,0.0,3520.0,default_static_c_map,1780650743.0310993
8671.0,1.0,sam2,409.956214200592,252.61496174989423,426.0,296.0,46.25650880406374,False,0.0,ab_no_overlap,500.0,291.0,97.88408717739443,False,97.88408717739443,ac_ok,2,DOWN,20,9148.5,1.0,160.6651914621736,597.0,426.0,236.0,296.0,sam2,532.1199650215882,285.78145779818186,47746.5,1.0,4,static_c_map_loaded_from_legacy_reference,644.6350133866705,386.4960293773714,True,178,down,ac_ok|ab_no_overlap,True,0.0,3540.0,default_static_c_map,1780650743.479628
8696.0,1.0,sam2,409.8276793928243,252.65068230604106,429.78480079371684,295.22587462794525,47.02056673262342,False,0.0,ab_no_overlap,500.0,291.0,97.98835426353216,False,97.98835426353216,ac_ok,2,DOWN,20,9067.0,1.0,154.88516511385544,458.0,426.0,282.0,297.0,sam2,532.6795338406675,285.59784566743866,47746.5,1.0,4,static_c_map_loaded_from_legacy_reference,644.6350133866705,386.4960293773714,True,179,down,ac_ok|ab_no_overlap,True,0.0,3560.0,default_static_c_map,1780650743.9048767
8724.5,1.0,sam2,409.8616921695608,252.52877910864038,428.4176063450487,294.9422972240412,46.29501560442018,False,0.0,ab_no_overlap,500.0,291.0,98.0048436323777,False,98.0048436323777,ac_ok,2,DOWN,20,9179.5,1.0,156.3706222693432,458.0,426.0,282.0,296.0,sam2,531.9322584744992,285.8617934891152,47746.5,1.0,4,static_c_map_loaded_from_legacy_reference,644.6350133866705,386.4960293773714,True,180,down,ac_ok|ab_no_overlap,True,0.0,3580.0,default_static_c_map,1780650744.3308923
8708.5,1.0,sam2,409.8153145394346,252.67279095136936,425.47612498642445,296.8311417199309,46.85318480590048,False,0.0,ab_no_overlap,500.0,291.0,97.99108349782928,False,97.99108349782928,ac_ok,2,DOWN,20,9066.0,1.0,160.47288958610667,597.0,425.0,236.0,297.0,sam2,532.2770791969998,285.6971836164424,47746.5,1.0,4,static_c_map_loaded_from_legacy_reference,644.6350133866705,386.4960293773714,True,181,down,ac_ok|ab_no_overlap,True,0.0,3600.0,default_static_c_map,1780650744.7796192
8735.5,1.0,sam2,409.8212084788125,252.8288783317116,429.13089727932237,295.58604638998344,46.91523741745147,False,0.0,ab_no_overlap,500.0,291.0,97.92471072021137,False,97.92471072021137,ac_ok,2,DOWN,20,9026.0,1.0,155.6954507340633,457.0,426.0,283.0,297.0,sam2,533.098899475589,285.2848807149715,47746.5,1.0,4,static_c_map_loaded_from_legacy_reference,644.6350133866705,386.4960293773714,True,182,down,ac_ok|ab_no_overlap,True,0.0,3620.0,default_static_c_map,1780650745.2113261
8730.5,1.0,sam2,409.77920317660306,252.88158371990912,433.9985992805444,295.93828790469377,49.40100123373676,False,0.0,ab_no_overlap,500.0,291.0,97.94287028237926,False,97.94287028237926,ac_ok,2,DOWN,20,9073.0,1.0,150.64224645720873,457.0,425.0,283.0,301.0,sam2,532.6253536132848,285.6059186597597,47746.5,1.0,4,static_c_map_loaded_from_legacy_reference,644.6350133866705,386.4960293773714,True,183,down,ac_ok|ab_no_overlap,True,0.0,3640.0,default_static_c_map,1780650745.6613314
8748.0,1.0,sam2,409.86246380124976,252.7009411675049,429.7940041409747,295.2215605589181,46.96029571609944,False,0.0,ab_no_overlap,500.0,291.0,97.93668025533606,False,97.93668025533606,ac_ok,2,DOWN,20,9035.5,1.0,154.88516511385544,458.0,426.0,282.0,297.0,sam2,532.8700865106155,285.5018722446645,47746.5,1.0,4,static_c_map_loaded_from_legacy_reference,644.6350133866705,386.4960293773714,True,184,down,ac_ok|ab_no_overlap,True,0.0,3660.0,default_static_c_map,1780650746.0965526
8743.5,1.0,sam2,409.8416728617449,252.80089971597948,431.3529784030041,295.8235107984979,48.10074147502352,False,0.0,ab_no_overlap,500.0,291.0,97.91677698370839,False,97.91677698370839,ac_ok,2,DOWN,20,9052.0,1.0,153.434948822922,457.0,425.0,283.0,299.0,sam2,532.8597179260568,285.6222934158197,47746.5,1.0,4,static_c_map_loaded_from_legacy_reference,644.6350133866705,386.4960293773714,True,185,down,ac_ok|ab_no_overlap,True,0.0,3680.0,default_static_c_map,1780650746.5311215
8741.0,1.0,sam2,409.8127597910231,252.76636921786215,430.0,294.0,45.91009665348789,False,0.0,ab_no_overlap,500.0,291.0,97.95687224129065,False,97.95687224129065,ac_ok,2,DOWN,20,9041.5,1.0,160.84761022059627,597.0,430.0,236.0,294.0,sam2,532.5249682021788,285.7141698464488,47746.5,1.0,4,static_c_map_loaded_from_legacy_reference,644.6350133866705,386.4960293773714,True,186,down,ac_ok|ab_no_overlap,True,0.0,3700.0,default_static_c_map,1780650746.9856765
8729.5,1.0,sam2,409.73677377474843,252.63569887546058,431.0,293.0,45.62238041552327,False,0.0,ab_no_overlap,500.0,291.0,98.07787522864308,False,98.07787522864308,ac_ok,2,DOWN,20,9026.0,1.0,160.74070835623283,597.0,431.0,235.0,293.0,sam2,532.861677376468,285.3966873476623,47746.5,1.0,4,static_c_map_loaded_from_legacy_reference,644.6350133866705,386.4960293773714,True,187,down,ac_ok|ab_no_overlap,True,0.0,3720.0,default_static_c_map,1780650747.4298985
8735.0,1.0,sam2,409.71020797557713,252.7578515550467,430.0,295.0,46.86229577858734,False,0.0,ab_no_overlap,500.0,291.0,98.05461978662393,False,98.05461978662393,ac_ok,2,DOWN,20,8976.5,1.0,156.03751102542182,457.0,430.0,283.0,295.0,sam2,533.192001336824,285.33045544848585,47746.5,1.0,4,static_c_map_loaded_from_legacy_reference,644.6350133866705,386.4960293773714,True,188,down,ac_ok|ab_no_overlap,True,0.0,3740.0,default_static_c_map,1780650747.8641708
8739.5,1.0,sam2,409.82607700669377,252.81785761961973,430.0,295.0,46.75810416108124,False,0.0,ab_no_overlap,500.0,291.0,97.92452391897729,False,97.92452391897729,ac_ok,2,DOWN,20,9005.0,1.0,156.03751102542182,457.0,430.0,283.0,295.0,sam2,532.9569868591523,285.51336294651117,47746.5,1.0,4,static_c_map_loaded_from_legacy_reference,644.6350133866705,386.4960293773714,True,189,down,ac_ok|ab_no_overlap,True,0.0,3760.0,default_static_c_map,1780650748.2984369
8777.0,1.0,sam2,409.79051308343776,252.8659564771562,433.0923500356921,295.5859908896225,48.66186335881263,False,0.0,ab_no_overlap,500.0,291.0,97.93853585362382,False,97.93853585362382,ac_ok,2,DOWN,20,9059.0,1.0,151.3895403340348,458.0,425.0,282.0,300.0,sam2,532.3798432498069,285.64004489090036,47746.5,1.0,4,static_c_map_loaded_from_legacy_reference,644.6350133866705,386.4960293773714,True,190,down,ac_ok|ab_no_overlap,True,0.0,3780.0,default_static_c_map,1780650748.7305815
8757.5,1.0,sam2,409.72351317917975,252.82456941669045,432.0,292.0,45.06613170071161,False,0.0,ab_no_overlap,500.0,291.0,98.01636380182046,False,98.01636380182046,ac_ok,2,DOWN,20,9175.5,1.0,158.19859051364818,457.0,432.0,282.0,292.0,sam2,532.0543294643344,285.6267959965851,47746.5,1.0,4,static_c_map_loaded_from_legacy_reference,644.6350133866705,386.4960293773714,True,191,down,ac_ok|ab_no_overlap,True,0.0,3800.0,default_static_c_map,1780650749.1663847
8766.0,1.0,sam2,409.7088942124876,252.9553578218876,431.0,294.0,46.23822917439992,False,0.0,ab_no_overlap,500.0,291.0,97.97897010477483,False,97.97897010477483,ac_ok,2,DOWN,20,8974.0,1.0,155.22485943116808,457.0,431.0,282.0,294.0,sam2,533.2296449000817,285.37045910407846,47746.5,1.0,4,static_c_map_loaded_from_legacy_reference,644.6350133866705,386.4960293773714,True,192,down,ac_ok|ab_no_overlap,True,0.0,3820.0,default_static_c_map,1780650749.5968013
8732.5,1.0,sam2,409.7756847027388,252.96079778604826,430.0,295.0,46.65101769552899,False,0.0,ab_no_overlap,500.0,291.0,97.9153102223218,False,97.9153102223218,ac_ok,2,DOWN,20,8984.0,1.0,156.03751102542182,457.0,430.0,283.0,295.0,sam2,533.625,285.22473285841494,47746.5,1.0,4,static_c_map_loaded_from_legacy_reference,644.6350133866705,386.4960293773714,True,193,down,ac_ok|ab_no_overlap,True,0.0,3840.0,default_static_c_map,1780650750.0305057
8693.5,1.0,sam2,409.82653706792433,252.63986503326237,428.6807716752764,295.3761301432604,46.710496873626894,False,0.0,ab_no_overlap,500.0,291.0,97.99363944577603,False,97.99363944577603,ac_ok,2,DOWN,20,9128.0,1.0,156.1940564815423,459.0,425.0,282.0,297.0,sam2,531.9846078001752,285.6575007303535,47746.5,1.0,4,static_c_map_loaded_from_legacy_reference,644.6350133866705,386.4960293773714,True,194,down,ac_ok|ab_no_overlap,True,0.0,3860.0,default_static_c_map,1780650750.485769
8667.0,1.0,sam2,409.83773701011495,252.50569208876578,428.6125349529431,295.4195159580874,46.84110712697964,False,0.0,ab_no_overlap,500.0,291.0,98.03593937440547,False,98.03593937440547,ac_ok,2,DOWN,20,9131.0,1.0,156.3706222693432,457.0,425.0,283.0,297.0,sam2,532.3215967582959,285.6516445807323,47746.5,1.0,4,static_c_map_loaded_from_legacy_reference,644.6350133866705,386.4960293773714,True,195,down,ac_ok|ab_no_overlap,True,0.0,3880.0,default_static_c_map,1780650750.9140832
8725.5,1.0,sam2,409.81084178557103,252.5724218287395,429.01278122926607,295.09100202549274,46.65344725041301,False,0.0,ab_no_overlap,500.0,291.0,98.03449914971584,False,98.03449914971584,ac_ok,2,DOWN,20,9113.0,1.0,155.6954507340633,458.0,427.0,282.0,296.0,sam2,532.1962032261604,285.60885548118074,47746.5,1.0,4,static_c_map_loaded_from_legacy_reference,644.6350133866705,386.4960293773714,True,196,down,ac_ok|ab_no_overlap,True,0.0,3900.0,default_static_c_map,1780650751.3641813
8706.5,1.0,sam2,409.8465131415226,252.637473917954,430.0,295.0,46.91211622392288,False,0.0,ab_no_overlap,500.0,291.0,97.97619404803044,False,97.97619404803044,ac_ok,2,DOWN,20,9141.0,1.0,155.09523119190482,458.0,430.0,282.0,295.0,sam2,532.2462531451702,285.6793749772089,47746.5,1.0,4,static_c_map_loaded_from_legacy_reference,644.6350133866705,386.4960293773714,True,197,down,ac_ok|ab_no_overlap,True,0.0,3920.0,default_static_c_map,1780650751.7964659
8706.0,1.0,sam2,409.7848227276208,252.7041695382495,429.07694674957804,295.1468423865554,46.62152429711952,False,0.0,ab_no_overlap,500.0,291.0,98.00688160043633,False,98.00688160043633,ac_ok,2,DOWN,20,9165.0,1.0,155.55604521958347,458.0,425.0,282.0,297.0,sam2,532.0615384615385,285.77339516275686,47746.5,1.0,4,static_c_map_loaded_from_legacy_reference,644.6350133866705,386.4960293773714,True,198,down,ac_ok|ab_no_overlap,True,0.0,3940.0,default_static_c_map,1780650752.2306607
8749.0,1.0,sam2,410.09122947384463,252.62654779593856,427.9426245596431,296.6174856859419,47.47499260612267,False,0.0,ab_no_overlap,500.0,291.0,97.75535203548833,False,97.75535203548833,ac_ok,2,DOWN,20,9180.0,1.0,157.91282839677166,496.0,427.0,269.0,297.0,sam2,531.8998729121278,285.7730029048656,47746.5,1.0,4,static_c_map_loaded_from_legacy_reference,644.6350133866705,386.4960293773714,True,199,down,ac_ok|ab_no_overlap,True,0.0,3960.0,default_static_c_map,1780650752.661677
8740.5,1.0,sam2,410.0816696222565,252.57702648589898,428.9517392028754,295.70861409874203,47.07879964465697,False,0.0,ab_no_overlap,500.0,291.0,97.78359285476441,False,97.78359285476441,ac_ok,2,DOWN,20,9208.0,1.0,156.3706222693432,458.0,426.0,283.0,297.0,sam2,531.4594012452939,285.9788951636258,47746.5,1.0,4,static_c_map_loaded_from_legacy_reference,644.6350133866705,386.4960293773714,True,200,down,ac_ok|ab_no_overlap,True,0.0,3980.0,default_static_c_map,1780650753.0792484
8724.0,1.0,sam2,410.1020556319731,252.65774491823322,428.9392092162065,295.71409596790966,46.99667776416724,False,0.0,ab_no_overlap,500.0,291.0,97.73315162396091,False,97.73315162396091,ac_ok,2,DOWN,20,9117.5,1.0,156.3706222693432,458.0,426.0,283.0,297.0,sam2,531.9853212686226,285.8928434329586,47746.5,1.0,4,static_c_map_loaded_from_legacy_reference,644.6350133866705,386.4960293773714,True,201,down,ac_ok|ab_no_overlap,True,0.0,4000.0,default_static_c_map,1780650753.5137944
8689.0,1.0,sam2,410.0796792879886,252.72656999271106,428.0,295.0,45.914929805048175,False,0.0,ab_no_overlap,500.0,291.0,97.72675949541063,False,97.72675949541063,ac_ok,2,DOWN,20,9212.0,1.0,157.52056560289688,457.0,428.0,283.0,295.0,sam2,531.6259046171659,285.90240990013024,47746.5,1.0,4,static_c_map_loaded_from_legacy_reference,644.6350133866705,386.4960293773714,True,202,down,ac_ok|ab_no_overlap,True,0.0,4020.0,default_static_c_map,1780650753.9467115
8684.0,1.0,sam2,409.9901734991555,252.8443689543989,429.05972394682743,295.06980208852957,46.331792083204,False,0.0,ab_no_overlap,500.0,291.0,97.7630863219864,False,97.7630863219864,ac_ok,2,DOWN,20,9213.0,1.0,155.6954507340633,458.0,427.0,282.0,296.0,sam2,531.704131842686,285.73314881146206,47746.5,1.0,4,static_c_map_loaded_from_legacy_reference,644.6350133866705,386.4960293773714,True,203,down,ac_ok|ab_no_overlap,True,0.0,4040.0,default_static_c_map,1780650754.4050815
8700.0,1.0,sam2,410.06747126436784,252.99544061302677,428.4335849381203,295.37877986014786,46.191574742735845,False,0.0,ab_no_overlap,500.0,291.0,97.63301828266542,False,97.63301828266542,ac_ok,2,DOWN,20,9233.0,1.0,156.5713071912546,457.0,427.0,283.0,296.0,sam2,531.6631286328026,285.9065489728871,47746.5,1.0,4,static_c_map_loaded_from_legacy_reference,644.6350133866705,386.4960293773714,True,204,down,ac_ok|ab_no_overlap,True,0.0,4060.0,default_static_c_map,1780650754.8274534
8892.0,1.0,sam2,410.0771292547608,252.23867896236314,428.7178031187681,295.2556186485338,46.88210556350823,False,0.0,ab_no_overlap,500.0,291.0,97.92120654714047,False,97.92120654714047,ac_ok,2,DOWN,20,9275.0,1.0,156.5713071912546,457.0,427.0,283.0,296.0,sam2,531.0872596585804,285.99629829290205,47746.5,1.0,4,static_c_map_loaded_from_legacy_reference,644.6350133866705,386.4960293773714,True,205,down,ac_ok|ab_no_overlap,True,0.0,4080.0,default_static_c_map,1780650755.264971
8904.0,1.0,sam2,409.97484276729557,252.03996331236894,428.0,295.0,46.588314473334655,False,0.0,ab_no_overlap,500.0,291.0,98.0939008984489,False,98.0939008984489,ac_ok,2,DOWN,20,9270.5,1.0,160.7552707601671,597.0,428.0,236.0,295.0,sam2,531.079499487622,286.05264009492475,47746.5,1.0,4,static_c_map_loaded_from_legacy_reference,644.6350133866705,386.4960293773714,True,206,down,ac_ok|ab_no_overlap,True,0.0,4100.0,default_static_c_map,1780650755.6939797
8852.0,1.0,sam2,409.90772330170205,251.87833258020785,432.4008229524499,294.0528944253601,47.79783675783919,False,0.0,ab_no_overlap,500.0,291.0,98.21976981436836,False,98.21976981436836,ac_ok,2,DOWN,20,9251.5,1.0,151.92751306414706,440.0,425.0,290.0,298.0,sam2,531.4217874578896,286.04111045055754,47746.5,1.0,4,static_c_map_loaded_from_legacy_reference,644.6350133866705,386.4960293773714,True,207,down,ac_ok|ab_no_overlap,True,0.0,4120.0,default_static_c_map,1780650756.1490583
8875.5,1.0,sam2,409.76649202861813,251.81764407639005,428.0,295.0,46.87405120165929,False,0.0,ab_no_overlap,500.0,291.0,98.3734871626796,False,98.3734871626796,ac_ok,2,DOWN,20,9283.5,1.0,159.1791071466892,499.0,428.0,268.0,295.0,sam2,531.2733882695104,286.0112385774043,47746.5,1.0,4,static_c_map_loaded_from_legacy_reference,644.6350133866705,386.4960293773714,True,208,down,ac_ok|ab_no_overlap,True,0.0,4140.0,default_static_c_map,1780650756.5805123
8872.0,1.0,sam2,409.51209798617367,251.92436880072137,433.05711092738153,295.48264274195594,49.5145520341372,False,0.0,ab_no_overlap,500.0,291.0,98.56452386374052,False,98.56452386374052,ac_ok,2,DOWN,20,9315.5,1.0,151.60698057861703,458.0,421.0,282.0,302.0,sam2,530.851573542304,286.13060669493495,47746.5,1.0,4,static_c_map_loaded_from_legacy_reference,644.6350133866705,386.4960293773714,True,209,down,ac_ok|ab_no_overlap,True,0.0,4160.0,default_static_c_map,1780650757.0233984
8840.5,1.0,sam2,409.488188827932,251.94004863978282,432.40049224582367,295.473425133777,49.19480172621268,False,0.0,ab_no_overlap,500.0,291.0,98.58026050843357,False,98.58026050843357,ac_ok,2,DOWN,20,9296.0,1.0,152.24145939893998,458.0,420.0,282.0,302.0,sam2,530.7896586345381,286.1467656339644,47746.5,1.0,4,static_c_map_loaded_from_legacy_reference,644.6350133866705,386.4960293773714,True,210,down,ac_ok|ab_no_overlap,True,0.0,4180.0,default_static_c_map,1780650757.4806352
8846.0,1.0,sam2,409.45161654985304,252.01789886200916,431.96339893454126,295.8566329795599,49.28097964899709,False,0.0,ab_no_overlap,500.0,291.0,98.58303076375464,False,98.58303076375464,ac_ok,2,DOWN,20,9284.5,1.0,152.8188889145228,457.0,420.0,283.0,302.0,sam2,530.887913547669,286.1403773313946,47746.5,1.0,4,static_c_map_loaded_from_legacy_reference,644.6350133866705,386.4960293773714,True,211,down,ac_ok|ab_no_overlap,True,0.0,4200.0,default_static_c_map,1780650757.9115298
8768.0,1.0,sam2,409.42018324209243,252.06936207420924,431.3084017639903,295.8457991180049,48.943544521333514,False,0.0,ab_no_overlap,500.0,291.0,98.59157049771106,False,98.59157049771106,ac_ok,2,DOWN,20,9334.0,1.0,153.434948822922,457.0,419.0,283.0,302.0,sam2,530.6314013284765,286.2903185486751,47746.5,1.0,4,static_c_map_loaded_from_legacy_reference,644.6350133866705,386.4960293773714,True,212,down,ac_ok|ab_no_overlap,True,0.0,4220.0,default_static_c_map,1780650758.347347
8768.5,1.0,sam2,409.47127026667425,252.34836821197086,428.6453750408631,294.8053144976747,46.58581953554872,False,0.0,ab_no_overlap,500.0,291.0,98.4347476606047,False,98.4347476606047,ac_ok,2,DOWN,20,9409.0,1.0,155.6954507340633,457.0,426.0,282.0,296.0,sam2,530.1022248202075,286.31501753640134,47746.5,1.0,4,static_c_map_loaded_from_legacy_reference,644.6350133866705,386.4960293773714,True,213,down,ac_ok|ab_no_overlap,True,0.0,4240.0,default_static_c_map,1780650758.7818909
8766.5,1.0,sam2,409.3498735717409,252.31101351736726,431.53491262835576,295.57183967776626,48.617641222336054,False,0.0,ab_no_overlap,500.0,291.0,98.56106278096183,False,98.56106278096183,ac_ok,2,DOWN,20,9333.0,1.0,152.85031830221683,458.0,419.0,282.0,302.0,sam2,530.5276795599842,286.23066895246257,47746.5,1.0,4,static_c_map_loaded_from_legacy_reference,644.6350133866705,386.4960293773714,True,214,down,ac_ok|ab_no_overlap,True,0.0,4260.0,default_static_c_map,1780650759.2147834
8788.5,1.0,sam2,409.29447573533594,252.39868388613905,431.45545245302316,295.61258848562915,48.56490955222408,False,0.0,ab_no_overlap,500.0,291.0,98.57765333913048,False,98.57765333913048,ac_ok,2,DOWN,20,9303.5,1.0,152.85031830221683,458.0,419.0,282.0,302.0,sam2,530.4958886440587,286.22242525214523,47746.5,1.0,4,static_c_map_loaded_from_legacy_reference,644.6350133866705,386.4960293773714,True,215,down,ac_ok|ab_no_overlap,True,0.0,4280.0,default_static_c_map,1780650759.6613941
8726.5,1.0,sam2,409.3261521419431,252.4352642334651,427.37983471339703,294.9903731518922,46.22632095949246,False,0.0,ab_no_overlap,500.0,291.0,98.53418457636266,False,98.53418457636266,ac_ok,2,DOWN,20,9337.0,1.0,157.01128319791937,458.0,425.0,282.0,296.0,sam2,530.5725072293028,286.08203919888615,47746.5,1.0,4,static_c_map_loaded_from_legacy_reference,644.6350133866705,386.4960293773714,True,216,down,ac_ok|ab_no_overlap,True,0.0,4300.0,default_static_c_map,1780650760.1134892
8716.0,1.0,sam2,409.28501223802965,252.42200168272907,431.82583318483773,295.2495614816644,48.397195035326604,False,0.0,ab_no_overlap,500.0,291.0,98.57723347113058,False,98.57723347113058,ac_ok,2,DOWN,20,9320.5,1.0,152.24145939893998,457.0,419.0,282.0,302.0,sam2,530.4244943940776,286.24673211379934,47746.5,1.0,4,static_c_map_loaded_from_legacy_reference,644.6350133866705,386.4960293773714,True,217,down,ac_ok|ab_no_overlap,True,0.0,4320.0,default_static_c_map,1780650760.565717
8699.5,1.0,sam2,409.2498802613177,252.3290993735272,431.4483968589864,295.6162067389813,48.64717672388937,False,0.0,ab_no_overlap,500.0,291.0,98.64594663668503,False,98.64594663668503,ac_ok,2,DOWN,20,9347.0,1.0,152.85031830221683,458.0,419.0,282.0,302.0,sam2,530.3484362183945,286.2663599728968,47746.5,1.0,4,static_c_map_loaded_from_legacy_reference,644.6350133866705,386.4960293773714,True,218,down,ac_ok|ab_no_overlap,True,0.0,4340.0,default_static_c_map,1780650760.98362
8729.0,1.0,sam2,409.1735212128155,252.3468514911979,431.38072962080065,295.6509078867689,48.66622448461026,False,0.0,ab_no_overlap,500.0,291.0,98.70924545614959,False,98.70924545614959,ac_ok,2,DOWN,20,9358.5,1.0,152.85031830221683,458.0,419.0,282.0,302.0,sam2,530.4332603159338,286.26131324464393,47746.5,1.0,4,static_c_map_loaded_from_legacy_reference,644.6350133866705,386.4960293773714,True,219,down,ac_ok|ab_no_overlap,True,0.0,4360.0,default_static_c_map,1780650761.4106927
8720.5,1.0,sam2,409.2170938210729,252.25600596296084,427.81607655850183,294.76796650565547,46.40246704703105,False,0.0,ab_no_overlap,500.0,291.0,98.70477763631304,False,98.70477763631304,ac_ok,2,DOWN,20,9413.0,1.0,156.3706222693432,457.0,425.0,282.0,296.0,sam2,530.2215730018768,286.2066645419455,47746.5,1.0,4,static_c_map_loaded_from_legacy_reference,644.6350133866705,386.4960293773714,True,220,down,ac_ok|ab_no_overlap,True,0.0,4380.0,default_static_c_map,1780650761.8636334
8747.0,1.0,sam2,409.1680004572996,252.37359475629736,431.3654996281316,295.6587181394197,48.644947072961344,False,0.0,ab_no_overlap,500.0,291.0,98.70385667731459,False,98.70385667731459,ac_ok,2,DOWN,20,9348.0,1.0,152.85031830221683,458.0,419.0,282.0,302.0,sam2,530.5887712166596,286.1382826986164,47746.5,1.0,4,static_c_map_loaded_from_legacy_reference,644.6350133866705,386.4960293773714,True,221,down,ac_ok|ab_no_overlap,True,0.0,4400.0,default_static_c_map,1780650762.3219547
8724.0,1.0,sam2,409.2176371694941,252.4655547913801,431.36746142505154,295.65771208971717,48.540469369757574,False,0.0,ab_no_overlap,500.0,291.0,98.62221285605871,False,98.62221285605871,ac_ok,2,DOWN,20,9381.5,1.0,152.85031830221683,458.0,419.0,282.0,302.0,sam2,530.3637478015243,286.2190658920926,47746.5,1.0,4,static_c_map_loaded_from_legacy_reference,644.6350133866705,386.4960293773714,True,222,down,ac_ok|ab_no_overlap,True,0.0,4420.0,default_static_c_map,1780650762.764673
8730.0,1.0,sam2,409.15908743795336,252.37044673539518,427.4657914313175,295.08608938657824,46.47323464322473,False,0.0,ab_no_overlap,500.0,291.0,98.71329079981248,False,98.71329079981248,ac_ok,2,DOWN,20,9337.0,1.0,156.80140948635182,458.0,423.0,282.0,297.0,sam2,530.591249866124,285.997608082539,47746.5,1.0,4,static_c_map_loaded_from_legacy_reference,644.6350133866705,386.4960293773714,True,223,down,ac_ok|ab_no_overlap,True,0.0,4440.0,default_static_c_map,1780650763.197166
8775.0,1.0,sam2,409.0949287749288,252.31585944919277,427.4313527851459,295.10084880636606,46.548681611576264,False,0.0,ab_no_overlap,500.0,291.0,98.79369769671483,False,98.79369769671483,ac_ok,2,DOWN,20,9296.0,1.0,156.80140948635182,458.0,423.0,282.0,297.0,sam2,530.6434846528973,286.08007028112445,47746.5,1.0,4,static_c_map_loaded_from_legacy_reference,644.6350133866705,386.4960293773714,True,224,down,ac_ok|ab_no_overlap,True,0.0,4460.0,default_static_c_map,1780650763.6513608
8724.5,1.0,sam2,409.17634248380995,252.39029934857774,427.4731809549406,295.0829224478826,46.448190116924295,False,0.0,ab_no_overlap,500.0,291.0,98.68964357525374,False,98.68964357525374,ac_ok,2,DOWN,20,9279.5,1.0,156.80140948635182,458.0,423.0,282.0,297.0,sam2,530.8839197514234,286.16279612766493,47746.5,1.0,4,static_c_map_loaded_from_legacy_reference,644.6350133866705,386.4960293773714,True,225,down,ac_ok|ab_no_overlap,True,0.0,4480.0,default_static_c_map,1780650764.0980334
8748.0,1.0,sam2,409.1513298277701,252.50729690595944,431.2980120152993,295.6933271716414,48.53358365115666,False,0.0,ab_no_overlap,500.0,291.0,98.66696034412216,False,98.66696034412216,ac_ok,2,DOWN,20,9227.0,1.0,152.85031830221683,458.0,419.0,282.0,302.0,sam2,531.0414183013619,286.13884975253785,47746.5,1.0,4,static_c_map_loaded_from_legacy_reference,644.6350133866705,386.4960293773714,True,226,down,ac_ok|ab_no_overlap,True,0.0,4500.0,default_static_c_map,1780650764.5314112
8761.5,1.0,sam2,409.0879225398999,252.45591508303372,431.26867070193725,295.70837399900654,48.608237895501205,False,0.0,ab_no_overlap,500.0,291.0,98.745391336495,False,98.745391336495,ac_ok,2,DOWN,20,9240.5,1.0,152.85031830221683,458.0,419.0,282.0,302.0,sam2,531.182133001461,285.97195317713687,47746.5,1.0,4,static_c_map_loaded_from_legacy_reference,644.6350133866705,386.4960293773714,True,227,down,ac_ok|ab_no_overlap,True,0.0,4520.0,default_static_c_map,1780650764.9807513
8778.5,1.0,sam2,409.2090903912969,252.447931499307,431.36785003420255,295.65751280297303,48.56005091997112,False,0.0,ab_no_overlap,500.0,291.0,98.63696697109974,False,98.63696697109974,ac_ok,2,DOWN,20,9293.5,1.0,152.85031830221683,458.0,419.0,282.0,302.0,sam2,530.9160703717652,286.12236150714654,47746.5,1.0,4,static_c_map_loaded_from_legacy_reference,644.6350133866705,386.4960293773714,True,228,down,ac_ok|ab_no_overlap,True,0.0,4540.0,default_static_c_map,1780650765.4119215
8800.5,1.0,sam2,409.084048254834,252.4599170501676,431.49291351132945,296.0982336022903,49.05568176661124,False,0.0,ab_no_overlap,500.0,291.0,98.74739629736733,False,98.74739629736733,ac_ok,2,DOWN,20,9215.5,1.0,152.8188889145228,457.0,420.0,283.0,302.0,sam2,531.3449984627349,286.0694120413072,47746.5,1.0,4,static_c_map_loaded_from_legacy_reference,644.6350133866705,386.4960293773714,True,229,down,ac_ok|ab_no_overlap,True,0.0,4560.0,default_static_c_map,1780650765.8624043
8812.0,1.0,sam2,409.13602663035255,252.58034498411257,431.25623499071236,295.7147512868142,48.47556729933418,False,0.0,ab_no_overlap,500.0,291.0,98.65258003752263,False,98.65258003752263,ac_ok,2,DOWN,20,9324.5,1.0,152.85031830221683,458.0,419.0,282.0,302.0,sam2,530.8425116628238,286.05067295833555,47746.5,1.0,4,static_c_map_loaded_from_legacy_reference,644.6350133866705,386.4960293773714,True,230,down,ac_ok|ab_no_overlap,True,0.0,4580.0,default_static_c_map,1780650766.2919533
8767.0,1.0,sam2,409.1625793696057,252.4534048135052,431.71701570035066,295.3068338419207,48.42642850439288,False,0.0,ab_no_overlap,500.0,291.0,98.67764177996297,False,98.67764177996297,ac_ok,2,DOWN,20,9272.5,1.0,152.24145939893998,457.0,419.0,282.0,302.0,sam2,530.8038464995057,286.12040981396603,47746.5,1.0,4,static_c_map_loaded_from_legacy_reference,644.6350133866705,386.4960293773714,True,231,down,ac_ok|ab_no_overlap,True,0.0,4600.0,default_static_c_map,1780650766.7311988
8787.5,1.0,sam2,409.0895590327169,252.42702702702704,432.293728838773,295.3547411682308,48.797767754039654,False,0.0,ab_no_overlap,500.0,291.0,98.75516452742897,False,98.75516452742897,ac_ok,2,DOWN,20,9219.5,1.0,151.60698057861703,457.0,420.0,282.0,302.0,sam2,530.962742014209,286.138348066598,47746.5,1.0,4,static_c_map_loaded_from_legacy_reference,644.6350133866705,386.4960293773714,True,232,down,ac_ok|ab_no_overlap,True,0.0,4620.0,default_static_c_map,1780650767.166166
8759.5,1.0,sam2,409.18132694027435,252.49820195216623,431.32545588415803,295.67925339273944,48.52798831804979,False,0.0,ab_no_overlap,500.0,291.0,98.64289041408668,False,98.64289041408668,ac_ok,2,DOWN,20,9241.0,1.0,152.85031830221683,458.0,419.0,282.0,302.0,sam2,530.7974245211557,286.3241893013021,47746.5,1.0,4,static_c_map_loaded_from_legacy_reference,644.6350133866705,386.4960293773714,True,233,down,ac_ok|ab_no_overlap,True,0.0,4640.0,default_static_c_map,1780650767.5957592
8741.0,1.0,sam2,409.21484955954696,252.44234069328454,431.37468008293024,295.6540102138819,48.56239771245232,False,0.0,ab_no_overlap,500.0,291.0,98.6338513478432,False,98.6338513478432,ac_ok,2,DOWN,20,9204.0,1.0,152.85031830221683,458.0,419.0,282.0,302.0,sam2,531.114008402144,286.1093546284224,47746.5,1.0,4,static_c_map_loaded_from_legacy_reference,644.6350133866705,386.4960293773714,True,234,down,ac_ok|ab_no_overlap,True,0.0,4660.0,default_static_c_map,1780650768.0286763
8730.0,1.0,sam2,409.2856815578465,252.3963344788087,431.4494433919905,295.6156700553895,48.57101302548424,False,0.0,ab_no_overlap,500.0,291.0,98.58666523468804,False,98.58666523468804,ac_ok,2,DOWN,20,9394.0,1.0,152.85031830221683,458.0,419.0,282.0,302.0,sam2,530.482683982684,286.0637463629267,47746.5,1.0,4,static_c_map_loaded_from_legacy_reference,644.6350133866705,386.4960293773714,True,235,down,ac_ok|ab_no_overlap,True,0.0,4680.0,default_static_c_map,1780650768.4797873
8751.5,1.0,sam2,409.2264945057038,252.2778761736083,431.45067919196305,295.6150363118138,48.703427331281624,False,0.0,ab_no_overlap,500.0,291.0,98.68754821835142,False,98.68754821835142,ac_ok,2,DOWN,20,9307.5,1.0,152.85031830221683,458.0,419.0,282.0,302.0,sam2,530.8029546065002,286.00123556271825,47746.5,1.0,4,static_c_map_loaded_from_legacy_reference,644.6350133866705,386.4960293773714,True,236,down,ac_ok|ab_no_overlap,True,0.0,4700.0,default_static_c_map,1780650768.9189591
8724.5,1.0,sam2,409.21821689877163,252.31833724950806,431.427696433324,295.62682234188514,48.67120156922724,False,0.0,ab_no_overlap,500.0,291.0,98.67929456669859,False,98.67929456669859,ac_ok,2,DOWN,20,9312.5,1.0,152.85031830221683,458.0,419.0,282.0,302.0,sam2,530.5729395973154,286.1642058165548,47746.5,1.0,4,static_c_map_loaded_from_legacy_reference,644.6350133866705,386.4960293773714,True,237,down,ac_ok|ab_no_overlap,True,0.0,4720.0,default_static_c_map,1780650769.379033
8910.5,1.0,sam2,409.36632811477097,252.1282382208256,433.3902619084936,295.6001184189904,49.668438297260366,False,0.0,ab_no_overlap,500.0,291.0,98.6178297429843,False,98.6178297429843,ac_ok,2,DOWN,20,9366.5,1.0,151.0735741647464,458.0,420.0,282.0,303.0,sam2,530.2442392213384,286.39301411057136,47746.5,1.0,4,static_c_map_loaded_from_legacy_reference,644.6350133866705,386.4960293773714,True,238,down,ac_ok|ab_no_overlap,True,0.0,4740.0,default_static_c_map,1780650769.8182774
8903.0,1.0,sam2,409.33917406117786,251.99195027893217,432.0454908526857,295.13395218279703,48.75252968318045,False,0.0,ab_no_overlap,500.0,291.0,98.69657189057128,False,98.69657189057128,ac_ok,2,DOWN,20,9439.5,1.0,152.24145939893998,457.0,419.0,282.0,302.0,sam2,530.0078923671805,286.27091830428867,47746.5,1.0,4,static_c_map_loaded_from_legacy_reference,644.6350133866705,386.4960293773714,True,239,down,ac_ok|ab_no_overlap,True,0.0,4760.0,default_static_c_map,1780650770.2692997
8850.0,1.0,sam2,409.23677966101695,251.74446327683617,436.5558396759407,291.67232022172476,48.379384042280805,False,0.0,ab_no_overlap,500.0,291.0,98.88862083033847,False,98.88862083033847,ac_ok,2,DOWN,20,9401.5,1.0,145.61965527615513,439.0,420.0,290.0,303.0,sam2,529.9492279600772,286.3815171337907,47746.5,1.0,4,static_c_map_loaded_from_legacy_reference,644.6350133866705,386.4960293773714,True,240,down,ac_ok|ab_no_overlap,True,0.0,4780.0,default_static_c_map,1780650770.715258
8859.0,1.0,sam2,409.2844941114497,251.7647590021447,428.21369666980627,295.03150770695976,47.22633008164945,False,0.0,ab_no_overlap,500.0,291.0,98.83677020610997,False,98.83677020610997,ac_ok,2,DOWN,20,9326.5,1.0,156.3706222693432,458.0,426.0,282.0,296.0,sam2,530.4453796529601,286.153701817402,47746.5,1.0,4,static_c_map_loaded_from_legacy_reference,644.6350133866705,386.4960293773714,True,241,down,ac_ok|ab_no_overlap,True,0.0,4800.0,default_static_c_map,1780650771.1660929
8866.0,1.0,sam2,409.27932551319645,251.8485600421084,431.66682835644315,295.5041905864394,49.06133265392924,False,0.0,ab_no_overlap,500.0,291.0,98.80827915775559,False,98.80827915775559,ac_ok,2,DOWN,20,9329.0,1.0,152.85031830221683,458.0,419.0,282.0,302.0,sam2,530.4959088148069,286.22676599849933,47746.5,1.0,4,static_c_map_loaded_from_legacy_reference,644.6350133866705,386.4960293773714,True,242,down,ac_ok|ab_no_overlap,True,0.0,4820.0,default_static_c_map,1780650771.5958104
8835.0,1.0,sam2,409.2829277494812,251.84725523486134,428.182088254304,295.045336388742,47.15137838032217,False,0.0,ab_no_overlap,500.0,291.0,98.80548881691716,False,98.80548881691716,ac_ok,2,DOWN,20,9347.5,1.0,156.3706222693432,458.0,426.0,282.0,296.0,sam2,530.3426228046715,286.07752518498705,47746.5,1.0,4,static_c_map_loaded_from_legacy_reference,644.6350133866705,386.4960293773714,True,243,down,ac_ok|ab_no_overlap,True,0.0,4840.0,default_static_c_map,1780650772.0739925
8828.5,1.0,sam2,408.9702289932227,251.9178795944951,427.2642171213718,295.039423039418,46.84162156357564,False,0.0,ab_no_overlap,500.0,291.0,99.06478357588381,False,99.06478357588381,ac_ok,2,DOWN,20,9331.5,1.0,157.01128319791937,458.0,425.0,282.0,296.0,sam2,530.3771455107253,285.9788887102824,47746.5,1.0,4,static_c_map_loaded_from_legacy_reference,644.6350133866705,386.4960293773714,True,244,down,ac_ok|ab_no_overlap,True,0.0,4860.0,default_static_c_map,1780650772.5145943
8806.5,1.0,sam2,408.9404984954295,252.13283748746187,427.78980267617777,295.21696132917225,47.02699219922757,False,0.0,ab_no_overlap,500.0,291.0,99.00752060342147,False,99.00752060342147,ac_ok,2,DOWN,20,9343.5,1.0,156.3706222693432,458.0,426.0,282.0,296.0,sam2,530.5293162804801,285.9494300850859,47746.5,1.0,4,static_c_map_loaded_from_legacy_reference,644.6350133866705,386.4960293773714,True,245,down,ac_ok|ab_no_overlap,True,0.0,4880.0,default_static_c_map,1780650772.964828
8863.0,1.0,sam2,408.82727819775096,252.13424724510134,432.74082780687615,295.40638463304214,49.44022379630695,False,0.0,ab_no_overlap,500.0,291.0,99.1111090546121,False,99.1111090546121,ac_ok,2,DOWN,20,9369.0,1.0,151.0735741647464,457.0,419.0,282.0,303.0,sam2,530.087700572811,286.2213505532429,47746.5,1.0,4,static_c_map_loaded_from_legacy_reference,644.6350133866705,386.4960293773714,True,246,down,ac_ok|ab_no_overlap,True,0.0,4900.0,default_static_c_map,1780650773.3883128
8817.0,1.0,sam2,408.8862235832293,252.24711731125473,431.5856278186711,295.37598535859416,48.73768779588144,False,0.0,ab_no_overlap,500.0,291.0,99.01265661324784,False,99.01265661324784,ac_ok,2,DOWN,20,9311.0,1.0,152.24145939893998,457.0,419.0,282.0,302.0,sam2,530.5254179644148,285.92503490495113,47746.5,1.0,4,static_c_map_loaded_from_legacy_reference,644.6350133866705,386.4960293773714,True,247,down,ac_ok|ab_no_overlap,True,0.0,4920.0,default_static_c_map,1780650773.8396041
8786.0,1.0,sam2,408.9014340997041,252.25476136277408,432.74661605967054,295.403185861761,49.298876655038356,False,0.0,ab_no_overlap,500.0,291.0,98.99566771402748,False,98.99566771402748,ac_ok,2,DOWN,20,9341.5,1.0,151.0735741647464,457.0,419.0,282.0,303.0,sam2,530.657121447305,285.9115595282699,47746.5,1.0,4,static_c_map_loaded_from_legacy_reference,644.6350133866705,386.4960293773714,True,248,down,ac_ok|ab_no_overlap,True,0.0,4940.0,default_static_c_map,1780650774.2723606
