index,y,x
0,331,492
1,331,493
2,331,494
3,331,495
4,332,490
5,332,491
6,332,492
7,332,493
8,332,494
9,332,495
10,332,496
11,332,497
12,332,498
13,332,499
14,333,488
15,333,489
16,333,490
17,333,491
18,333,492
19,333,493
20,333,494
21,333,495
22,333,496
23,333,497
24,333,498
25,333,499
26,333,500
27,333,501
28,333,502
29,333,503
30,333,504
31,334,482
32,334,483
33,334,484
34,334,485
35,334,486
36,334,487
37,334,488
38,334,489
39,334,490
40,334,491
41,334,492
42,334,493
43,334,494
44,334,495
45,334,496
46,334,497
47,334,498
48,334,499
49,334,500
50,334,501
51,334,502
52,334,503
53,334,504
54,334,505
55,334,506
56,334,507
57,334,508
58,335,473
59,335,474
60,335,475
61,335,476
62,335,477
63,335,478
64,335,479
65,335,480
66,335,481
67,335,482
68,335,483
69,335,484
70,335,485
71,335,486
72,335,487
73,335,488
74,335,489
75,335,490
76,335,491
77,335,492
78,335,493
79,335,494
80,335,495
81,335,496
82,335,497
83,335,498
84,335,499
85,335,500
86,335,501
87,335,502
88,335,503
89,335,504
90,335,505
91,335,506
92,335,507
93,335,508
94,335,509
95,335,510
96,335,511
97,336,470
98,336,471
99,336,472
100,336,473
101,336,474
102,336,475
103,336,476
104,336,477
105,336,478
106,336,479
107,336,480
108,336,481
109,336,482
110,336,483
111,336,484
112,336,485
113,336,486
114,336,487
115,336,488
116,336,489
117,336,490
118,336,491
119,336,492
120,336,493
121,336,494
122,336,495
123,336,496
124,336,497
125,336,498
126,336,499
127,336,500
128,336,501
129,336,502
130,336,503
131,336,504
132,336,505
133,336,506
134,336,507
135,336,508
136,336,509
137,336,510
138,336,511
139,336,512
140,336,513
141,336,514
142,337,467
143,337,468
144,337,469
145,337,470
146,337,471
147,337,472
148,337,473
149,337,474
150,337,475
151,337,476
152,337,477
153,337,478
154,337,479
155,337,480
156,337,481
157,337,482
158,337,483
159,337,484
160,337,485
161,337,486
162,337,487
163,337,488
164,337,489
165,337,490
166,337,491
167,337,492
168,337,493
169,337,494
170,337,495
171,337,496
172,337,497
173,337,498
174,337,499
175,337,500
176,337,501
177,337,502
178,337,503
179,337,504
180,337,505
181,337,506
182,337,507
183,337,508
184,337,509
185,337,510
186,337,511
187,337,512
188,337,513
189,337,514
190,337,515
191,337,516
192,338,466
193,338,467
194,338,468
195,338,469
196,338,470
197,338,471
198,338,472
199,338,473
200,338,474
201,338,475
202,338,476
203,338,477
204,338,478
205,338,479
206,338,480
207,338,481
208,338,482
209,338,483
210,338,484
211,338,485
212,338,486
213,338,487
214,338,488
215,338,489
216,338,490
217,338,491
218,338,492
219,338,493
220,338,494
221,338,495
222,338,496
223,338,497
224,338,498
225,338,499
226,338,500
227,338,501
228,338,502
229,338,503
230,338,504
231,338,505
232,338,506
233,338,507
234,338,508
235,338,509
236,338,510
237,338,511
238,338,512
239,338,513
240,338,514
241,338,515
242,338,516
243,338,517
244,339,465
245,339,466
246,339,467
247,339,468
248,339,469
249,339,470
250,339,471
251,339,472
252,339,473
253,339,474
254,339,475
255,339,476
256,339,477
257,339,478
258,339,479
259,339,480
260,339,481
261,339,482
262,339,483
263,339,484
264,339,485
265,339,486
266,339,487
267,339,488
268,339,489
269,339,490
270,339,491
271,339,492
272,339,493
273,339,494
274,339,495
275,339,496
276,339,497
277,339,498
278,339,499
279,339,500
280,339,501
281,339,502
282,339,503
283,339,504
284,339,505
285,339,506
286,339,507
287,339,508
288,339,509
289,339,510
290,339,511
291,339,512
292,339,513
293,339,514
294,339,515
295,339,516
296,339,517
297,339,518
298,339,519
299,339,520
300,340,464
301,340,465
302,340,466
303,340,467
304,340,468
305,340,469
306,340,470
307,340,471
308,340,472
309,340,473
310,340,474
311,340,475
312,340,476
313,340,477
314,340,478
315,340,479
316,340,480
317,340,481
318,340,482
319,340,483
320,340,484
321,340,485
322,340,486
323,340,487
324,340,488
325,340,489
326,340,490
327,340,491
328,340,492
329,340,493
330,340,494
331,340,495
332,340,496
333,340,497
334,340,498
335,340,499
336,340,500
337,340,501
338,340,502
339,340,503
340,340,504
341,340,505
342,340,506
343,340,507
344,340,508
345,340,509
346,340,510
347,340,511
348,340,512
349,340,513
350,340,514
351,340,515
352,340,516
353,340,517
354,340,518
355,340,519
356,340,520
357,340,521
358,340,522
359,341,463
360,341,464
361,341,465
362,341,466
363,341,467
364,341,468
365,341,469
366,341,470
367,341,471
368,341,472
369,341,473
370,341,474
371,341,475
372,341,476
373,341,477
374,341,478
375,341,479
376,341,480
377,341,481
378,341,482
379,341,483
380,341,484
381,341,485
382,341,486
383,341,487
384,341,488
385,341,489
386,341,490
387,341,491
388,341,492
389,341,493
390,341,494
391,341,495
392,341,496
393,341,497
394,341,498
395,341,499
396,341,500
397,341,501
398,341,502
399,341,503
400,341,504
401,341,505
402,341,506
403,341,507
404,341,508
405,341,509
406,341,510
407,341,511
408,341,512
409,341,513
410,341,514
411,341,515
412,341,516
413,341,517
414,341,518
415,341,519
416,341,520
417,341,521
418,341,522
419,341,523
420,341,524
421,342,462
422,342,463
423,342,464
424,342,465
425,342,466
426,342,467
427,342,468
428,342,469
429,342,470
430,342,471
431,342,472
432,342,473
433,342,474
434,342,475
435,342,476
436,342,477
437,342,478
438,342,479
439,342,480
440,342,481
441,342,482
442,342,483
443,342,484
444,342,485
445,342,486
446,342,487
447,342,488
448,342,489
449,342,490
450,342,491
451,342,492
452,342,493
453,342,494
454,342,495
455,342,496
456,342,497
457,342,498
458,342,499
459,342,500
460,342,501
461,342,502
462,342,503
463,342,504
464,342,505
465,342,506
466,342,507
467,342,508
468,342,509
469,342,510
470,342,511
471,342,512
472,342,513
473,342,514
474,342,515
475,342,516
476,342,517
477,342,518
478,342,519
479,342,520
480,342,521
481,342,522
482,342,523
483,342,524
484,342,525
485,342,526
486,343,461
487,343,462
488,343,463
489,343,464
490,343,465
491,343,466
492,343,467
493,343,468
494,343,469
495,343,470
496,343,471
497,343,472
498,343,473
499,343,474
500,343,475
501,343,476
502,343,477
503,343,478
504,343,479
505,343,480
506,343,481
507,343,482
508,343,483
509,343,484
510,343,485
511,343,486
512,343,487
513,343,488
514,343,489
515,343,490
516,343,491
517,343,492
518,343,493
519,343,494
520,343,495
521,343,496
522,343,497
523,343,498
524,343,499
525,343,500
526,343,501
527,343,502
528,343,503
529,343,504
530,343,505
531,343,506
532,343,507
533,343,508
534,343,509
535,343,510
536,343,511
537,343,512
538,343,513
539,343,514
540,343,515
541,343,516
542,343,517
543,343,518
544,343,519
545,343,520
546,343,521
547,343,522
548,343,523
549,343,524
550,343,525
551,343,526
552,343,527
553,343,528
554,344,460
555,344,461
556,344,462
557,344,463
558,344,464
559,344,465
560,344,466
561,344,467
562,344,468
563,344,469
564,344,470
565,344,471
566,344,472
567,344,473
568,344,474
569,344,475
570,344,476
571,344,477
572,344,478
573,344,479
574,344,480
575,344,481
576,344,482
577,344,483
578,344,484
579,344,485
580,344,486
581,344,487
582,344,488
583,344,489
584,344,490
585,344,491
586,344,492
587,344,493
588,344,494
589,344,495
590,344,496
591,344,497
592,344,498
593,344,499
594,344,500
595,344,501
596,344,502
597,344,503
598,344,504
599,344,505
600,344,506
601,344,507
602,344,508
603,344,509
604,344,510
605,344,511
606,344,512
607,344,513
608,344,514
609,344,515
610,344,516
611,344,517
612,344,518
613,344,519
614,344,520
615,344,521
616,344,522
617,344,523
618,344,524
619,344,525
620,344,526
621,344,527
622,344,528
623,344,529
624,345,460
625,345,461
626,345,462
627,345,463
628,345,464
629,345,465
630,345,466
631,345,467
632,345,468
633,345,469
634,345,470
635,345,471
636,345,472
637,345,473
638,345,474
639,345,475
640,345,476
641,345,477
642,345,478
643,345,479
644,345,480
645,345,481
646,345,482
647,345,483
648,345,484
649,345,485
650,345,486
651,345,487
652,345,488
653,345,489
654,345,490
655,345,491
656,345,492
657,345,493
658,345,494
659,345,495
660,345,496
661,345,497
662,345,498
663,345,499
664,345,500
665,345,501
666,345,502
667,345,503
668,345,504
669,345,505
670,345,506
671,345,507
672,345,508
673,345,509
674,345,510
675,345,511
676,345,512
677,345,513
678,345,514
679,345,515
680,345,516
681,345,517
682,345,518
683,345,519
684,345,520
685,345,521
686,345,522
687,345,523
688,345,524
689,345,525
690,345,526
691,345,527
692,345,528
693,345,529
694,346,460
695,346,461
696,346,462
697,346,463
698,346,464
699,346,465
700,346,466
701,346,467
702,346,468
703,346,469
704,346,470
705,346,471
706,346,472
707,346,473
708,346,474
709,346,475
710,346,476
711,346,477
712,346,478
713,346,479
714,346,480
715,346,481
716,346,482
717,346,483
718,346,484
719,346,485
720,346,486
721,346,487
722,346,488
723,346,489
724,346,490
725,346,491
726,346,492
727,346,493
728,346,494
729,346,495
730,346,496
731,346,497
732,346,498
733,346,499
734,346,500
735,346,501
736,346,502
737,346,503
738,346,504
739,346,505
740,346,506
741,346,507
742,346,508
743,346,509
744,346,510
745,346,511
746,346,512
747,346,513
748,346,514
749,346,515
750,346,516
751,346,517
752,346,518
753,346,519
754,346,520
755,346,521
756,346,522
757,346,523
758,346,524
759,346,525
760,346,526
761,346,527
762,346,528
763,346,529
764,346,530
765,347,460
766,347,461
767,347,462
768,347,463
769,347,464
770,347,465
771,347,466
772,347,467
773,347,468
774,347,469
775,347,470
776,347,471
777,347,472
778,347,473
779,347,474
780,347,475
781,347,476
782,347,477
783,347,478
784,347,479
785,347,480
786,347,481
787,347,482
788,347,483
789,347,484
790,347,485
791,347,486
792,347,487
793,347,488
794,347,489
795,347,490
796,347,491
797,347,492
798,347,493
799,347,494
800,347,495
801,347,496
802,347,497
803,347,498
804,347,499
805,347,500
806,347,501
807,347,502
808,347,503
809,347,504
810,347,505
811,347,506
812,347,507
813,347,508
814,347,509
815,347,510
816,347,511
817,347,512
818,347,513
819,347,514
820,347,515
821,347,516
822,347,517
823,347,518
824,347,519
825,347,520
826,347,521
827,347,522
828,347,523
829,347,524
830,347,525
831,347,526
832,347,527
833,347,528
834,347,529
835,347,530
836,347,531
837,348,459
838,348,460
839,348,461
840,348,462
841,348,463
842,348,464
843,348,465
844,348,466
845,348,467
846,348,468
847,348,469
848,348,470
849,348,471
850,348,472
851,348,473
852,348,474
853,348,475
854,348,476
855,348,477
856,348,478
857,348,479
858,348,480
859,348,481
860,348,482
861,348,483
862,348,484
863,348,485
864,348,486
865,348,487
866,348,488
867,348,489
868,348,490
869,348,491
870,348,492
871,348,493
872,348,494
873,348,495
874,348,496
875,348,497
876,348,498
877,348,499
878,348,500
879,348,501
880,348,502
881,348,503
882,348,504
883,348,505
884,348,506
885,348,507
886,348,508
887,348,509
888,348,510
889,348,511
890,348,512
891,348,513
892,348,514
893,348,515
894,348,516
895,348,517
896,348,518
897,348,519
898,348,520
899,348,521
900,348,522
901,348,523
902,348,524
903,348,525
904,348,526
905,348,527
906,348,528
907,348,529
908,348,530
909,348,531
910,348,532
911,349,458
912,349,459
913,349,460
914,349,461
915,349,462
916,349,463
917,349,464
918,349,465
919,349,466
920,349,467
921,349,468
922,349,469
923,349,470
924,349,471
925,349,472
926,349,473
927,349,474
928,349,475
929,349,476
930,349,477
931,349,478
932,349,479
933,349,480
934,349,481
935,349,482
936,349,483
937,349,484
938,349,485
939,349,486
940,349,487
941,349,488
942,349,489
943,349,490
944,349,491
945,349,492
946,349,493
947,349,494
948,349,495
949,349,496
950,349,497
951,349,498
952,349,499
953,349,500
954,349,501
955,349,502
956,349,503
957,349,504
958,349,505
959,349,506
960,349,507
961,349,508
962,349,509
963,349,510
964,349,511
965,349,512
966,349,513
967,349,514
968,349,515
969,349,516
970,349,517
971,349,518
972,349,519
973,349,520
974,349,521
975,349,522
976,349,523
977,349,524
978,349,525
979,349,526
980,349,527
981,349,528
982,349,529
983,349,530
984,349,531
985,349,532
986,349,533
987,350,457
988,350,458
989,350,459
990,350,460
991,350,461
992,350,462
993,350,463
994,350,464
995,350,465
996,350,466
997,350,467
998,350,468
999,350,469
1000,350,470
1001,350,471
1002,350,472
1003,350,473
1004,350,474
1005,350,475
1006,350,476
1007,350,477
1008,350,478
1009,350,479
1010,350,480
1011,350,481
1012,350,482
1013,350,483
1014,350,484
1015,350,485
1016,350,486
1017,350,487
1018,350,488
1019,350,489
1020,350,490
1021,350,491
1022,350,492
1023,350,493
1024,350,494
1025,350,495
1026,350,496
1027,350,497
1028,350,498
1029,350,499
1030,350,500
1031,350,501
1032,350,502
1033,350,503
1034,350,504
1035,350,505
1036,350,506
1037,350,507
1038,350,508
1039,350,509
1040,350,510
1041,350,511
1042,350,512
1043,350,513
1044,350,514
1045,350,515
1046,350,516
1047,350,517
1048,350,518
1049,350,519
1050,350,520
1051,350,521
1052,350,522
1053,350,523
1054,350,524
1055,350,525
1056,350,526
1057,350,527
1058,350,528
1059,350,529
1060,350,530
1061,350,531
1062,350,532
1063,350,533
1064,350,534
1065,351,457
1066,351,458
1067,351,459
1068,351,460
1069,351,461
1070,351,462
1071,351,463
1072,351,464
1073,351,465
1074,351,466
1075,351,467
1076,351,468
1077,351,469
1078,351,470
1079,351,471
1080,351,472
1081,351,473
1082,351,474
1083,351,475
1084,351,476
1085,351,477
1086,351,478
1087,351,479
1088,351,480
1089,351,481
1090,351,482
1091,351,483
1092,351,484
1093,351,485
1094,351,486
1095,351,487
1096,351,488
1097,351,489
1098,351,490
1099,351,491
1100,351,492
1101,351,493
1102,351,494
1103,351,495
1104,351,496
1105,351,497
1106,351,498
1107,351,499
1108,351,500
1109,351,501
1110,351,502
1111,351,503
1112,351,504
1113,351,505
1114,351,506
1115,351,507
1116,351,508
1117,351,509
1118,351,510
1119,351,511
1120,351,512
1121,351,513
1122,351,514
1123,351,515
1124,351,516
1125,351,517
1126,351,518
1127,351,519
1128,351,520
1129,351,521
1130,351,522
1131,351,523
1132,351,524
1133,351,525
1134,351,526
1135,351,527
1136,351,528
1137,351,529
1138,351,530
1139,351,531
1140,351,532
1141,351,533
1142,351,534
1143,351,535
1144,352,457
1145,352,458
1146,352,459
1147,352,460
1148,352,461
1149,352,462
1150,352,463
1151,352,464
1152,352,465
1153,352,466
1154,352,467
1155,352,468
1156,352,469
1157,352,470
1158,352,471
1159,352,472
1160,352,473
1161,352,474
1162,352,475
1163,352,476
1164,352,477
1165,352,478
1166,352,479
1167,352,480
1168,352,481
1169,352,482
1170,352,483
1171,352,484
1172,352,485
1173,352,486
1174,352,487
1175,352,488
1176,352,489
1177,352,490
1178,352,491
1179,352,492
1180,352,493
1181,352,494
1182,352,495
1183,352,496
1184,352,497
1185,352,498
1186,352,499
1187,352,500
1188,352,501
1189,352,502
1190,352,503
1191,352,504
1192,352,505
1193,352,506
1194,352,507
1195,352,508
1196,352,509
1197,352,510
1198,352,511
1199,352,512
1200,352,513
1201,352,514
1202,352,515
1203,352,516
1204,352,517
1205,352,518
1206,352,519
1207,352,520
1208,352,521
1209,352,522
1210,352,523
1211,352,524
1212,352,525
1213,352,526
1214,352,527
1215,352,528
1216,352,529
1217,352,530
1218,352,531
1219,352,532
1220,352,533
1221,352,534
1222,352,535
1223,352,536
1224,353,456
1225,353,457
1226,353,458
1227,353,459
1228,353,460
1229,353,461
1230,353,462
1231,353,463
1232,353,464
1233,353,465
1234,353,466
1235,353,467
1236,353,468
1237,353,469
1238,353,470
1239,353,471
1240,353,472
1241,353,473
1242,353,474
1243,353,475
1244,353,476
1245,353,477
1246,353,478
1247,353,479
1248,353,480
1249,353,481
1250,353,482
1251,353,483
1252,353,484
1253,353,485
1254,353,486
1255,353,487
1256,353,488
1257,353,489
1258,353,490
1259,353,491
1260,353,492
1261,353,493
1262,353,494
1263,353,495
1264,353,496
1265,353,497
1266,353,498
1267,353,499
1268,353,500
1269,353,501
1270,353,502
1271,353,503
1272,353,504
1273,353,505
1274,353,506
1275,353,507
1276,353,508
1277,353,509
1278,353,510
1279,353,511
1280,353,512
1281,353,513
1282,353,514
1283,353,515
1284,353,516
1285,353,517
1286,353,518
1287,353,519
1288,353,520
1289,353,521
1290,353,522
1291,353,523
1292,353,524
1293,353,525
1294,353,526
1295,353,527
1296,353,528
1297,353,529
1298,353,530
1299,353,531
1300,353,532
1301,353,533
1302,353,534
1303,353,535
1304,353,536
1305,353,537
1306,353,538
1307,354,456
1308,354,457
1309,354,458
1310,354,459
1311,354,460
1312,354,461
1313,354,462
1314,354,463
1315,354,464
1316,354,465
1317,354,466
1318,354,467
1319,354,468
1320,354,469
1321,354,470
1322,354,471
1323,354,472
1324,354,473
1325,354,474
1326,354,475
1327,354,476
1328,354,477
1329,354,478
1330,354,479
1331,354,480
1332,354,481
1333,354,482
1334,354,483
1335,354,484
1336,354,485
1337,354,486
1338,354,487
1339,354,488
1340,354,489
1341,354,490
1342,354,491
1343,354,492
1344,354,493
1345,354,494
1346,354,495
1347,354,496
1348,354,497
1349,354,498
1350,354,499
1351,354,500
1352,354,501
1353,354,502
1354,354,503
1355,354,504
1356,354,505
1357,354,506
1358,354,507
1359,354,508
1360,354,509
1361,354,510
1362,354,511
1363,354,512
1364,354,513
1365,354,514
1366,354,515
1367,354,516
1368,354,517
1369,354,518
1370,354,519
1371,354,520
1372,354,521
1373,354,522
1374,354,523
1375,354,524
1376,354,525
1377,354,526
1378,354,527
1379,354,528
1380,354,529
1381,354,530
1382,354,531
1383,354,532
1384,354,533
1385,354,534
1386,354,535
1387,354,536
1388,354,537
1389,354,538
1390,354,539
1391,355,456
1392,355,457
1393,355,458
1394,355,459
1395,355,460
1396,355,461
1397,355,462
1398,355,463
1399,355,464
1400,355,465
1401,355,466
1402,355,467
1403,355,468
1404,355,469
1405,355,470
1406,355,471
1407,355,472
1408,355,473
1409,355,474
1410,355,475
1411,355,476
1412,355,477
1413,355,478
1414,355,479
1415,355,480
1416,355,481
1417,355,482
1418,355,483
1419,355,484
1420,355,485
1421,355,486
1422,355,487
1423,355,488
1424,355,489
1425,355,490
1426,355,491
1427,355,492
1428,355,493
1429,355,494
1430,355,495
1431,355,496
1432,355,497
1433,355,498
1434,355,499
1435,355,500
1436,355,501
1437,355,502
1438,355,503
1439,355,504
1440,355,505
1441,355,506
1442,355,507
1443,355,508
1444,355,509
1445,355,510
1446,355,511
1447,355,512
1448,355,513
1449,355,514
1450,355,515
1451,355,516
1452,355,517
1453,355,518
1454,355,519
1455,355,520
1456,355,521
1457,355,522
1458,355,523
1459,355,524
1460,355,525
1461,355,526
1462,355,527
1463,355,528
1464,355,529
1465,355,530
1466,355,531
1467,355,532
1468,355,533
1469,355,534
1470,355,535
1471,355,536
1472,355,537
1473,355,538
1474,355,539
1475,356,455
1476,356,456
1477,356,457
1478,356,458
1479,356,459
1480,356,460
1481,356,461
1482,356,462
1483,356,463
1484,356,464
1485,356,465
1486,356,466
1487,356,467
1488,356,468
1489,356,469
1490,356,470
1491,356,471
1492,356,472
1493,356,473
1494,356,474
1495,356,475
1496,356,476
1497,356,477
1498,356,478
1499,356,479
1500,356,480
1501,356,481
1502,356,482
1503,356,483
1504,356,484
1505,356,485
1506,356,486
1507,356,487
1508,356,488
1509,356,489
1510,356,490
1511,356,491
1512,356,492
1513,356,493
1514,356,494
1515,356,495
1516,356,496
1517,356,497
1518,356,498
1519,356,499
1520,356,500
1521,356,501
1522,356,502
1523,356,503
1524,356,504
1525,356,505
1526,356,506
1527,356,507
1528,356,508
1529,356,509
1530,356,510
1531,356,511
1532,356,512
1533,356,513
1534,356,514
1535,356,515
1536,356,516
1537,356,517
1538,356,518
1539,356,519
1540,356,520
1541,356,521
1542,356,522
1543,356,523
1544,356,524
1545,356,525
1546,356,526
1547,356,527
1548,356,528
1549,356,529
1550,356,530
1551,356,531
1552,356,532
1553,356,533
1554,356,534
1555,356,535
1556,356,536
1557,356,537
1558,356,538
1559,356,539
1560,356,540
1561,357,454
1562,357,455
1563,357,456
1564,357,457
1565,357,458
1566,357,459
1567,357,460
1568,357,461
1569,357,462
1570,357,463
1571,357,464
1572,357,465
1573,357,466
1574,357,467
1575,357,468
1576,357,469
1577,357,470
1578,357,471
1579,357,472
1580,357,473
1581,357,474
1582,357,475
1583,357,476
1584,357,477
1585,357,478
1586,357,479
1587,357,480
1588,357,481
1589,357,482
1590,357,483
1591,357,484
1592,357,485
1593,357,486
1594,357,487
1595,357,488
1596,357,489
1597,357,490
1598,357,491
1599,357,492
1600,357,493
1601,357,494
1602,357,495
1603,357,496
1604,357,497
1605,357,498
1606,357,499
1607,357,500
1608,357,501
1609,357,502
1610,357,503
1611,357,504
1612,357,505
1613,357,506
1614,357,507
1615,357,508
1616,357,509
1617,357,510
1618,357,511
1619,357,512
1620,357,513
1621,357,514
1622,357,515
1623,357,516
1624,357,517
1625,357,518
1626,357,519
1627,357,520
1628,357,521
1629,357,522
1630,357,523
1631,357,524
1632,357,525
1633,357,526
1634,357,527
1635,357,528
1636,357,529
1637,357,530
1638,357,531
1639,357,532
1640,357,533
1641,357,534
1642,357,535
1643,357,536
1644,357,537
1645,357,538
1646,357,539
1647,357,540
1648,357,541
1649,358,453
1650,358,454
1651,358,455
1652,358,456
1653,358,457
1654,358,458
1655,358,459
1656,358,460
1657,358,461
1658,358,462
1659,358,463
1660,358,464
1661,358,465
1662,358,466
1663,358,467
1664,358,468
1665,358,469
1666,358,470
1667,358,471
1668,358,472
1669,358,473
1670,358,474
1671,358,475
1672,358,476
1673,358,477
1674,358,478
1675,358,479
1676,358,480
1677,358,481
1678,358,482
1679,358,483
1680,358,484
1681,358,485
1682,358,486
1683,358,487
1684,358,488
1685,358,489
1686,358,490
1687,358,491
1688,358,492
1689,358,493
1690,358,494
1691,358,495
1692,358,496
1693,358,497
1694,358,498
1695,358,499
1696,358,500
1697,358,501
1698,358,502
1699,358,503
1700,358,504
1701,358,505
1702,358,506
1703,358,507
1704,358,508
1705,358,509
1706,358,510
1707,358,511
1708,358,512
1709,358,513
1710,358,514
1711,358,515
1712,358,516
1713,358,517
1714,358,518
1715,358,519
1716,358,520
1717,358,521
1718,358,522
1719,358,523
1720,358,524
1721,358,525
1722,358,526
1723,358,527
1724,358,528
1725,358,529
1726,358,530
1727,358,531
1728,358,532
1729,358,533
1730,358,534
1731,358,535
1732,358,536
1733,358,537
1734,358,538
1735,358,539
1736,358,540
1737,358,541
1738,358,542
1739,359,453
1740,359,454
1741,359,455
1742,359,456
1743,359,457
1744,359,458
1745,359,459
1746,359,460
1747,359,461
1748,359,462
1749,359,463
1750,359,464
1751,359,465
1752,359,466
1753,359,467
1754,359,468
1755,359,469
1756,359,470
1757,359,471
1758,359,472
1759,359,473
1760,359,474
1761,359,475
1762,359,476
1763,359,477
1764,359,478
1765,359,479
1766,359,480
1767,359,481
1768,359,482
1769,359,483
1770,359,484
1771,359,485
1772,359,486
1773,359,487
1774,359,488
1775,359,489
1776,359,490
1777,359,491
1778,359,492
1779,359,493
1780,359,494
1781,359,495
1782,359,496
1783,359,497
1784,359,498
1785,359,499
1786,359,500
1787,359,501
1788,359,502
1789,359,503
1790,359,504
1791,359,505
1792,359,506
1793,359,507
1794,359,508
1795,359,509
1796,359,510
1797,359,511
1798,359,512
1799,359,513
1800,359,514
1801,359,515
1802,359,516
1803,359,517
1804,359,518
1805,359,519
1806,359,520
1807,359,521
1808,359,522
1809,359,523
1810,359,524
1811,359,525
1812,359,526
1813,359,527
1814,359,528
1815,359,529
1816,359,530
1817,359,531
1818,359,532
1819,359,533
1820,359,534
1821,359,535
1822,359,536
1823,359,537
1824,359,538
1825,359,539
1826,359,540
1827,359,541
1828,359,542
1829,360,454
1830,360,455
1831,360,456
1832,360,457
1833,360,458
1834,360,459
1835,360,460
1836,360,461
1837,360,462
1838,360,463
1839,360,464
1840,360,465
1841,360,466
1842,360,467
1843,360,468
1844,360,469
1845,360,470
1846,360,471
1847,360,472
1848,360,473
1849,360,474
1850,360,475
1851,360,476
1852,360,477
1853,360,478
1854,360,479
1855,360,480
1856,360,481
1857,360,482
1858,360,483
1859,360,484
1860,360,485
1861,360,486
1862,360,487
1863,360,488
1864,360,489
1865,360,490
1866,360,491
1867,360,492
1868,360,493
1869,360,494
1870,360,495
1871,360,496
1872,360,497
1873,360,498
1874,360,499
1875,360,500
1876,360,501
1877,360,502
1878,360,503
1879,360,504
1880,360,505
1881,360,506
1882,360,507
1883,360,508
1884,360,509
1885,360,510
1886,360,511
1887,360,512
1888,360,513
1889,360,514
1890,360,515
1891,360,516
1892,360,517
1893,360,518
1894,360,519
1895,360,520
1896,360,521
1897,360,522
1898,360,523
1899,360,524
1900,360,525
1901,360,526
1902,360,527
1903,360,528
1904,360,529
1905,360,530
1906,360,531
1907,360,532
1908,360,533
1909,360,534
1910,360,535
1911,360,536
1912,360,537
1913,360,538
1914,360,539
1915,360,540
1916,360,541
1917,360,542
1918,360,543
1919,361,454
1920,361,455
1921,361,456
1922,361,457
1923,361,458
1924,361,459
1925,361,460
1926,361,461
1927,361,462
1928,361,463
1929,361,464
1930,361,465
1931,361,466
1932,361,467
1933,361,468
1934,361,469
1935,361,470
1936,361,471
1937,361,472
1938,361,473
1939,361,474
1940,361,475
1941,361,476
1942,361,477
1943,361,478
1944,361,479
1945,361,480
1946,361,481
1947,361,482
1948,361,483
1949,361,484
1950,361,485
1951,361,486
1952,361,487
1953,361,488
1954,361,489
1955,361,490
1956,361,491
1957,361,492
1958,361,493
1959,361,494
1960,361,495
1961,361,496
1962,361,497
1963,361,498
1964,361,499
1965,361,500
1966,361,501
1967,361,502
1968,361,503
1969,361,504
1970,361,505
1971,361,506
1972,361,507
1973,361,508
1974,361,509
1975,361,510
1976,361,511
1977,361,512
1978,361,513
1979,361,514
1980,361,515
1981,361,516
1982,361,517
1983,361,518
1984,361,519
1985,361,520
1986,361,521
1987,361,522
1988,361,523
1989,361,524
1990,361,525
1991,361,526
1992,361,527
1993,361,528
1994,361,529
1995,361,530
1996,361,531
1997,361,532
1998,361,533
1999,361,534
2000,361,535
2001,361,536
2002,361,537
2003,361,538
2004,361,539
2005,361,540
2006,361,541
2007,361,542
2008,361,543
2009,362,453
2010,362,454
2011,362,455
2012,362,456
2013,362,457
2014,362,458
2015,362,459
2016,362,460
2017,362,461
2018,362,462
2019,362,463
2020,362,464
2021,362,465
2022,362,466
2023,362,467
2024,362,468
2025,362,469
2026,362,470
2027,362,471
2028,362,472
2029,362,473
2030,362,474
2031,362,475
2032,362,476
2033,362,477
2034,362,478
2035,362,479
2036,362,480
2037,362,481
2038,362,482
2039,362,483
2040,362,484
2041,362,485
2042,362,486
2043,362,487
2044,362,488
2045,362,489
2046,362,490
2047,362,491
2048,362,492
2049,362,493
2050,362,494
2051,362,495
2052,362,496
2053,362,497
2054,362,498
2055,362,499
2056,362,500
2057,362,501
2058,362,502
2059,362,503
2060,362,504
2061,362,505
2062,362,506
2063,362,507
2064,362,508
2065,362,509
2066,362,510
2067,362,511
2068,362,512
2069,362,513
2070,362,514
2071,362,515
2072,362,516
2073,362,517
2074,362,518
2075,362,519
2076,362,520
2077,362,521
2078,362,522
2079,362,523
2080,362,524
2081,362,525
2082,362,526
2083,362,527
2084,362,528
2085,362,529
2086,362,530
2087,362,531
2088,362,532
2089,362,533
2090,362,534
2091,362,535
2092,362,536
2093,362,537
2094,362,538
2095,362,539
2096,362,540
2097,362,541
2098,362,542
2099,362,543
2100,362,544
2101,363,451
2102,363,452
2103,363,453
2104,363,454
2105,363,455
2106,363,456
2107,363,457
2108,363,458
2109,363,459
2110,363,460
2111,363,461
2112,363,462
2113,363,463
2114,363,464
2115,363,465
2116,363,466
2117,363,467
2118,363,468
2119,363,469
2120,363,470
2121,363,471
2122,363,472
2123,363,473
2124,363,474
2125,363,475
2126,363,476
2127,363,477
2128,363,478
2129,363,479
2130,363,480
2131,363,481
2132,363,482
2133,363,483
2134,363,484
2135,363,485
2136,363,486
2137,363,487
2138,363,488
2139,363,489
2140,363,490
2141,363,491
2142,363,492
2143,363,493
2144,363,494
2145,363,495
2146,363,496
2147,363,497
2148,363,498
2149,363,499
2150,363,500
2151,363,501
2152,363,502
2153,363,503
2154,363,504
2155,363,505
2156,363,506
2157,363,507
2158,363,508
2159,363,509
2160,363,510
2161,363,511
2162,363,512
2163,363,513
2164,363,514
2165,363,515
2166,363,516
2167,363,517
2168,363,518
2169,363,519
2170,363,520
2171,363,521
2172,363,522
2173,363,523
2174,363,524
2175,363,525
2176,363,526
2177,363,527
2178,363,528
2179,363,529
2180,363,530
2181,363,531
2182,363,532
2183,363,533
2184,363,534
2185,363,535
2186,363,536
2187,363,537
2188,363,538
2189,363,539
2190,363,540
2191,363,541
2192,363,542
2193,363,543
2194,363,544
2195,363,545
2196,364,450
2197,364,451
2198,364,452
2199,364,453
2200,364,454
2201,364,455
2202,364,456
2203,364,457
2204,364,458
2205,364,459
2206,364,460
2207,364,461
2208,364,462
2209,364,463
2210,364,464
2211,364,465
2212,364,466
2213,364,467
2214,364,468
2215,364,469
2216,364,470
2217,364,471
2218,364,472
2219,364,473
2220,364,474
2221,364,475
2222,364,476
2223,364,477
2224,364,478
2225,364,479
2226,364,480
2227,364,481
2228,364,482
2229,364,483
2230,364,484
2231,364,485
2232,364,486
2233,364,487
2234,364,488
2235,364,489
2236,364,490
2237,364,491
2238,364,492
2239,364,493
2240,364,494
2241,364,495
2242,364,496
2243,364,497
2244,364,498
2245,364,499
2246,364,500
2247,364,501
2248,364,502
2249,364,503
2250,364,504
2251,364,505
2252,364,506
2253,364,507
2254,364,508
2255,364,509
2256,364,510
2257,364,511
2258,364,512
2259,364,513
2260,364,514
2261,364,515
2262,364,516
2263,364,517
2264,364,518
2265,364,519
2266,364,520
2267,364,521
2268,364,522
2269,364,523
2270,364,524
2271,364,525
2272,364,526
2273,364,527
2274,364,528
2275,364,529
2276,364,530
2277,364,531
2278,364,532
2279,364,533
2280,364,534
2281,364,535
2282,364,536
2283,364,537
2284,364,538
2285,364,539
2286,364,540
2287,364,541
2288,364,542
2289,364,543
2290,364,544
2291,364,545
2292,365,449
2293,365,450
2294,365,451
2295,365,452
2296,365,453
2297,365,454
2298,365,455
2299,365,456
2300,365,457
2301,365,458
2302,365,459
2303,365,460
2304,365,461
2305,365,462
2306,365,463
2307,365,464
2308,365,465
2309,365,466
2310,365,467
2311,365,468
2312,365,469
2313,365,470
2314,365,471
2315,365,472
2316,365,473
2317,365,474
2318,365,475
2319,365,476
2320,365,477
2321,365,478
2322,365,479
2323,365,480
2324,365,481
2325,365,482
2326,365,483
2327,365,484
2328,365,485
2329,365,486
2330,365,487
2331,365,488
2332,365,489
2333,365,490
2334,365,491
2335,365,492
2336,365,493
2337,365,494
2338,365,495
2339,365,496
2340,365,497
2341,365,498
2342,365,499
2343,365,500
2344,365,501
2345,365,502
2346,365,503
2347,365,504
2348,365,505
2349,365,506
2350,365,507
2351,365,508
2352,365,509
2353,365,510
2354,365,511
2355,365,512
2356,365,513
2357,365,514
2358,365,515
2359,365,516
2360,365,517
2361,365,518
2362,365,519
2363,365,520
2364,365,521
2365,365,522
2366,365,523
2367,365,524
2368,365,525
2369,365,526
2370,365,527
2371,365,528
2372,365,529
2373,365,530
2374,365,531
2375,365,532
2376,365,533
2377,365,534
2378,365,535
2379,365,536
2380,365,537
2381,365,538
2382,365,539
2383,365,540
2384,365,541
2385,365,542
2386,365,543
2387,365,544
2388,365,545
2389,365,546
2390,366,449
2391,366,450
2392,366,451
2393,366,452
2394,366,453
2395,366,454
2396,366,455
2397,366,456
2398,366,457
2399,366,458
2400,366,459
2401,366,460
2402,366,461
2403,366,462
2404,366,463
2405,366,464
2406,366,465
2407,366,466
2408,366,467
2409,366,468
2410,366,469
2411,366,470
2412,366,471
2413,366,472
2414,366,473
2415,366,474
2416,366,475
2417,366,476
2418,366,477
2419,366,478
2420,366,479
2421,366,480
2422,366,481
2423,366,482
2424,366,483
2425,366,484
2426,366,485
2427,366,486
2428,366,487
2429,366,488
2430,366,489
2431,366,490
2432,366,491
2433,366,492
2434,366,493
2435,366,494
2436,366,495
2437,366,496
2438,366,497
2439,366,498
2440,366,499
2441,366,500
2442,366,501
2443,366,502
2444,366,503
2445,366,504
2446,366,505
2447,366,506
2448,366,507
2449,366,508
2450,366,509
2451,366,510
2452,366,511
2453,366,512
2454,366,513
2455,366,514
2456,366,515
2457,366,516
2458,366,517
2459,366,518
2460,366,519
2461,366,520
2462,366,521
2463,366,522
2464,366,523
2465,366,524
2466,366,525
2467,366,526
2468,366,527
2469,366,528
2470,366,529
2471,366,530
2472,366,531
2473,366,532
2474,366,533
2475,366,534
2476,366,535
2477,366,536
2478,366,537
2479,366,538
2480,366,539
2481,366,540
2482,366,541
2483,366,542
2484,366,543
2485,366,544
2486,366,545
2487,366,546
2488,367,448
2489,367,449
2490,367,450
2491,367,451
2492,367,452
2493,367,453
2494,367,454
2495,367,455
2496,367,456
2497,367,457
2498,367,458
2499,367,459
2500,367,460
2501,367,461
2502,367,462
2503,367,463
2504,367,464
2505,367,465
2506,367,466
2507,367,467
2508,367,468
2509,367,469
2510,367,470
2511,367,471
2512,367,472
2513,367,473
2514,367,474
2515,367,475
2516,367,476
2517,367,477
2518,367,478
2519,367,479
2520,367,480
2521,367,481
2522,367,482
2523,367,483
2524,367,484
2525,367,485
2526,367,486
2527,367,487
2528,367,488
2529,367,489
2530,367,490
2531,367,491
2532,367,492
2533,367,493
2534,367,494
2535,367,495
2536,367,496
2537,367,497
2538,367,498
2539,367,499
2540,367,500
2541,367,501
2542,367,502
2543,367,503
2544,367,504
2545,367,505
2546,367,506
2547,367,507
2548,367,508
2549,367,509
2550,367,510
2551,367,511
2552,367,512
2553,367,513
2554,367,514
2555,367,515
2556,367,516
2557,367,517
2558,367,518
2559,367,519
2560,367,520
2561,367,521
2562,367,522
2563,367,523
2564,367,524
2565,367,525
2566,367,526
2567,367,527
2568,367,528
2569,367,529
2570,367,530
2571,367,531
2572,367,532
2573,367,533
2574,367,534
2575,367,535
2576,367,536
2577,367,537
2578,367,538
2579,367,539
2580,367,540
2581,367,541
2582,367,542
2583,367,543
2584,367,544
2585,367,545
2586,367,546
2587,368,448
2588,368,449
2589,368,450
2590,368,451
2591,368,452
2592,368,453
2593,368,454
2594,368,455
2595,368,456
2596,368,457
2597,368,458
2598,368,459
2599,368,460
2600,368,461
2601,368,462
2602,368,463
2603,368,464
2604,368,465
2605,368,466
2606,368,467
2607,368,468
2608,368,469
2609,368,470
2610,368,471
2611,368,472
2612,368,473
2613,368,474
2614,368,475
2615,368,476
2616,368,477
2617,368,478
2618,368,479
2619,368,480
2620,368,481
2621,368,482
2622,368,483
2623,368,484
2624,368,485
2625,368,486
2626,368,487
2627,368,488
2628,368,489
2629,368,490
2630,368,491
2631,368,492
2632,368,493
2633,368,494
2634,368,495
2635,368,496
2636,368,497
2637,368,498
2638,368,499
2639,368,500
2640,368,501
2641,368,502
2642,368,503
2643,368,504
2644,368,505
2645,368,506
2646,368,507
2647,368,508
2648,368,509
2649,368,510
2650,368,511
2651,368,512
2652,368,513
2653,368,514
2654,368,515
2655,368,516
2656,368,517
2657,368,518
2658,368,519
2659,368,520
2660,368,521
2661,368,522
2662,368,523
2663,368,524
2664,368,525
2665,368,526
2666,368,527
2667,368,528
2668,368,529
2669,368,530
2670,368,531
2671,368,532
2672,368,533
2673,368,534
2674,368,535
2675,368,536
2676,368,537
2677,368,538
2678,368,539
2679,368,540
2680,368,541
2681,368,542
2682,368,543
2683,368,544
2684,368,545
2685,368,546
2686,368,547
2687,369,447
2688,369,448
2689,369,449
2690,369,450
2691,369,451
2692,369,452
2693,369,453
2694,369,454
2695,369,455
2696,369,456
2697,369,457
2698,369,458
2699,369,459
2700,369,460
2701,369,461
2702,369,462
2703,369,463
2704,369,464
2705,369,465
2706,369,466
2707,369,467
2708,369,468
2709,369,469
2710,369,470
2711,369,471
2712,369,472
2713,369,473
2714,369,474
2715,369,475
2716,369,476
2717,369,477
2718,369,478
2719,369,479
2720,369,480
2721,369,481
2722,369,482
2723,369,483
2724,369,484
2725,369,485
2726,369,486
2727,369,487
2728,369,488
2729,369,489
2730,369,490
2731,369,491
2732,369,492
2733,369,493
2734,369,494
2735,369,495
2736,369,496
2737,369,497
2738,369,498
2739,369,499
2740,369,500
2741,369,501
2742,369,502
2743,369,503
2744,369,504
2745,369,505
2746,369,506
2747,369,507
2748,369,508
2749,369,509
2750,369,510
2751,369,511
2752,369,512
2753,369,513
2754,369,514
2755,369,515
2756,369,516
2757,369,517
2758,369,518
2759,369,519
2760,369,520
2761,369,521
2762,369,522
2763,369,523
2764,369,524
2765,369,525
2766,369,526
2767,369,527
2768,369,528
2769,369,529
2770,369,530
2771,369,531
2772,369,532
2773,369,533
2774,369,534
2775,369,535
2776,369,536
2777,369,537
2778,369,538
2779,369,539
2780,369,540
2781,369,541
2782,369,542
2783,369,543
2784,369,544
2785,369,545
2786,369,546
2787,369,547
2788,370,447
2789,370,448
2790,370,449
2791,370,450
2792,370,451
2793,370,452
2794,370,453
2795,370,454
2796,370,455
2797,370,456
2798,370,457
2799,370,458
2800,370,459
2801,370,460
2802,370,461
2803,370,462
2804,370,463
2805,370,464
2806,370,465
2807,370,466
2808,370,467
2809,370,468
2810,370,469
2811,370,470
2812,370,471
2813,370,472
2814,370,473
2815,370,474
2816,370,475
2817,370,476
2818,370,477
2819,370,478
2820,370,479
2821,370,480
2822,370,481
2823,370,482
2824,370,483
2825,370,484
2826,370,485
2827,370,486
2828,370,487
2829,370,488
2830,370,489
2831,370,490
2832,370,491
2833,370,492
2834,370,493
2835,370,494
2836,370,495
2837,370,496
2838,370,497
2839,370,498
2840,370,499
2841,370,500
2842,370,501
2843,370,502
2844,370,503
2845,370,504
2846,370,505
2847,370,506
2848,370,507
2849,370,508
2850,370,509
2851,370,510
2852,370,511
2853,370,512
2854,370,513
2855,370,514
2856,370,515
2857,370,516
2858,370,517
2859,370,518
2860,370,519
2861,370,520
2862,370,521
2863,370,522
2864,370,523
2865,370,524
2866,370,525
2867,370,526
2868,370,527
2869,370,528
2870,370,529
2871,370,530
2872,370,531
2873,370,532
2874,370,533
2875,370,534
2876,370,535
2877,370,536
2878,370,537
2879,370,538
2880,370,539
2881,370,540
2882,370,541
2883,370,542
2884,370,543
2885,370,544
2886,370,545
2887,370,546
2888,370,547
2889,371,446
2890,371,447
2891,371,448
2892,371,449
2893,371,450
2894,371,451
2895,371,452
2896,371,453
2897,371,454
2898,371,455
2899,371,456
2900,371,457
2901,371,458
2902,371,459
2903,371,460
2904,371,461
2905,371,462
2906,371,463
2907,371,464
2908,371,465
2909,371,466
2910,371,467
2911,371,468
2912,371,469
2913,371,470
2914,371,471
2915,371,472
2916,371,473
2917,371,474
2918,371,475
2919,371,476
2920,371,477
2921,371,478
2922,371,479
2923,371,480
2924,371,481
2925,371,482
2926,371,483
2927,371,484
2928,371,485
2929,371,486
2930,371,487
2931,371,488
2932,371,489
2933,371,490
2934,371,491
2935,371,492
2936,371,493
2937,371,494
2938,371,495
2939,371,496
2940,371,497
2941,371,498
2942,371,499
2943,371,500
2944,371,501
2945,371,502
2946,371,503
2947,371,504
2948,371,505
2949,371,506
2950,371,507
2951,371,508
2952,371,509
2953,371,510
2954,371,511
2955,371,512
2956,371,513
2957,371,514
2958,371,515
2959,371,516
2960,371,517
2961,371,518
2962,371,519
2963,371,520
2964,371,521
2965,371,522
2966,371,523
2967,371,524
2968,371,525
2969,371,526
2970,371,527
2971,371,528
2972,371,529
2973,371,530
2974,371,531
2975,371,532
2976,371,533
2977,371,534
2978,371,535
2979,371,536
2980,371,537
2981,371,538
2982,371,539
2983,371,540
2984,371,541
2985,371,542
2986,371,543
2987,371,544
2988,371,545
2989,371,546
2990,371,547
2991,372,445
2992,372,446
2993,372,447
2994,372,448
2995,372,449
2996,372,450
2997,372,451
2998,372,452
2999,372,453
3000,372,454
3001,372,455
3002,372,456
3003,372,457
3004,372,458
3005,372,459
3006,372,460
3007,372,461
3008,372,462
3009,372,463
3010,372,464
3011,372,465
3012,372,466
3013,372,467
3014,372,468
3015,372,469
3016,372,470
3017,372,471
3018,372,472
3019,372,473
3020,372,474
3021,372,475
3022,372,476
3023,372,477
3024,372,478
3025,372,479
3026,372,480
3027,372,481
3028,372,482
3029,372,483
3030,372,484
3031,372,485
3032,372,486
3033,372,487
3034,372,488
3035,372,489
3036,372,490
3037,372,491
3038,372,492
3039,372,493
3040,372,494
3041,372,495
3042,372,496
3043,372,497
3044,372,498
3045,372,499
3046,372,500
3047,372,501
3048,372,502
3049,372,503
3050,372,504
3051,372,505
3052,372,506
3053,372,507
3054,372,508
3055,372,509
3056,372,510
3057,372,511
3058,372,512
3059,372,513
3060,372,514
3061,372,515
3062,372,516
3063,372,517
3064,372,518
3065,372,519
3066,372,520
3067,372,521
3068,372,522
3069,372,523
3070,372,524
3071,372,525
3072,372,526
3073,372,527
3074,372,528
3075,372,529
3076,372,530
3077,372,531
3078,372,532
3079,372,533
3080,372,534
3081,372,535
3082,372,536
3083,372,537
3084,372,538
3085,372,539
3086,372,540
3087,372,541
3088,372,542
3089,372,543
3090,372,544
3091,372,545
3092,372,546
3093,372,547
3094,372,548
3095,373,445
3096,373,446
3097,373,447
3098,373,448
3099,373,449
3100,373,450
3101,373,451
3102,373,452
3103,373,453
3104,373,454
3105,373,455
3106,373,456
3107,373,457
3108,373,458
3109,373,459
3110,373,460
3111,373,461
3112,373,462
3113,373,463
3114,373,464
3115,373,465
3116,373,466
3117,373,467
3118,373,468
3119,373,469
3120,373,470
3121,373,471
3122,373,472
3123,373,473
3124,373,474
3125,373,475
3126,373,476
3127,373,477
3128,373,478
3129,373,479
3130,373,480
3131,373,481
3132,373,482
3133,373,483
3134,373,484
3135,373,485
3136,373,486
3137,373,487
3138,373,488
3139,373,489
3140,373,490
3141,373,491
3142,373,492
3143,373,493
3144,373,494
3145,373,495
3146,373,496
3147,373,497
3148,373,498
3149,373,499
3150,373,500
3151,373,501
3152,373,502
3153,373,503
3154,373,504
3155,373,505
3156,373,506
3157,373,507
3158,373,508
3159,373,509
3160,373,510
3161,373,511
3162,373,512
3163,373,513
3164,373,514
3165,373,515
3166,373,516
3167,373,517
3168,373,518
3169,373,519
3170,373,520
3171,373,521
3172,373,522
3173,373,523
3174,373,524
3175,373,525
3176,373,526
3177,373,527
3178,373,528
3179,373,529
3180,373,530
3181,373,531
3182,373,532
3183,373,533
3184,373,534
3185,373,535
3186,373,536
3187,373,537
3188,373,538
3189,373,539
3190,373,540
3191,373,541
3192,373,542
3193,373,543
3194,373,544
3195,373,545
3196,373,546
3197,373,547
3198,373,548
3199,374,445
3200,374,446
3201,374,447
3202,374,448
3203,374,449
3204,374,450
3205,374,451
3206,374,452
3207,374,453
3208,374,454
3209,374,455
3210,374,456
3211,374,457
3212,374,458
3213,374,459
3214,374,460
3215,374,461
3216,374,462
3217,374,463
3218,374,464
3219,374,465
3220,374,466
3221,374,467
3222,374,468
3223,374,469
3224,374,470
3225,374,471
3226,374,472
3227,374,473
3228,374,474
3229,374,475
3230,374,476
3231,374,477
3232,374,478
3233,374,479
3234,374,480
3235,374,481
3236,374,482
3237,374,483
3238,374,484
3239,374,485
3240,374,486
3241,374,487
3242,374,488
3243,374,489
3244,374,490
3245,374,491
3246,374,492
3247,374,493
3248,374,494
3249,374,495
3250,374,496
3251,374,497
3252,374,498
3253,374,499
3254,374,500
3255,374,501
3256,374,502
3257,374,503
3258,374,504
3259,374,505
3260,374,506
3261,374,507
3262,374,508
3263,374,509
3264,374,510
3265,374,511
3266,374,512
3267,374,513
3268,374,514
3269,374,515
3270,374,516
3271,374,517
3272,374,518
3273,374,519
3274,374,520
3275,374,521
3276,374,522
3277,374,523
3278,374,524
3279,374,525
3280,374,526
3281,374,527
3282,374,528
3283,374,529
3284,374,530
3285,374,531
3286,374,532
3287,374,533
3288,374,534
3289,374,535
3290,374,536
3291,374,537
3292,374,538
3293,374,539
3294,374,540
3295,374,541
3296,374,542
3297,374,543
3298,374,544
3299,374,545
3300,374,546
3301,374,547
3302,374,548
3303,375,445
3304,375,446
3305,375,447
3306,375,448
3307,375,449
3308,375,450
3309,375,451
3310,375,452
3311,375,453
3312,375,454
3313,375,455
3314,375,456
3315,375,457
3316,375,458
3317,375,459
3318,375,460
3319,375,461
3320,375,462
3321,375,463
3322,375,464
3323,375,465
3324,375,466
3325,375,467
3326,375,468
3327,375,469
3328,375,470
3329,375,471
3330,375,472
3331,375,473
3332,375,474
3333,375,475
3334,375,476
3335,375,477
3336,375,478
3337,375,479
3338,375,480
3339,375,481
3340,375,482
3341,375,483
3342,375,484
3343,375,485
3344,375,486
3345,375,487
3346,375,488
3347,375,489
3348,375,490
3349,375,491
3350,375,492
3351,375,493
3352,375,494
3353,375,495
3354,375,496
3355,375,497
3356,375,498
3357,375,499
3358,375,500
3359,375,501
3360,375,502
3361,375,503
3362,375,504
3363,375,505
3364,375,506
3365,375,507
3366,375,508
3367,375,509
3368,375,510
3369,375,511
3370,375,512
3371,375,513
3372,375,514
3373,375,515
3374,375,516
3375,375,517
3376,375,518
3377,375,519
3378,375,520
3379,375,521
3380,375,522
3381,375,523
3382,375,524
3383,375,525
3384,375,526
3385,375,527
3386,375,528
3387,375,529
3388,375,530
3389,375,531
3390,375,532
3391,375,533
3392,375,534
3393,375,535
3394,375,536
3395,375,537
3396,375,538
3397,375,539
3398,375,540
3399,375,541
3400,375,542
3401,375,543
3402,375,544
3403,375,545
3404,375,546
3405,375,547
3406,375,548
3407,376,444
3408,376,445
3409,376,446
3410,376,447
3411,376,448
3412,376,449
3413,376,450
3414,376,451
3415,376,452
3416,376,453
3417,376,454
3418,376,455
3419,376,456
3420,376,457
3421,376,458
3422,376,459
3423,376,460
3424,376,461
3425,376,462
3426,376,463
3427,376,464
3428,376,465
3429,376,466
3430,376,467
3431,376,468
3432,376,469
3433,376,470
3434,376,471
3435,376,472
3436,376,473
3437,376,474
3438,376,475
3439,376,476
3440,376,477
3441,376,478
3442,376,479
3443,376,480
3444,376,481
3445,376,482
3446,376,483
3447,376,484
3448,376,485
3449,376,486
3450,376,487
3451,376,488
3452,376,489
3453,376,490
3454,376,491
3455,376,492
3456,376,493
3457,376,494
3458,376,495
3459,376,496
3460,376,497
3461,376,498
3462,376,499
3463,376,500
3464,376,501
3465,376,502
3466,376,503
3467,376,504
3468,376,505
3469,376,506
3470,376,507
3471,376,508
3472,376,509
3473,376,510
3474,376,511
3475,376,512
3476,376,513
3477,376,514
3478,376,515
3479,376,516
3480,376,517
3481,376,518
3482,376,519
3483,376,520
3484,376,521
3485,376,522
3486,376,523
3487,376,524
3488,376,525
3489,376,526
3490,376,527
3491,376,528
3492,376,529
3493,376,530
3494,376,531
3495,376,532
3496,376,533
3497,376,534
3498,376,535
3499,376,536
3500,376,537
3501,376,538
3502,376,539
3503,376,540
3504,376,541
3505,376,542
3506,376,543
3507,376,544
3508,376,545
3509,376,546
3510,376,547
3511,376,548
3512,377,443
3513,377,444
3514,377,445
3515,377,446
3516,377,447
3517,377,448
3518,377,449
3519,377,450
3520,377,451
3521,377,452
3522,377,453
3523,377,454
3524,377,455
3525,377,456
3526,377,457
3527,377,458
3528,377,459
3529,377,460
3530,377,461
3531,377,462
3532,377,463
3533,377,464
3534,377,465
3535,377,466
3536,377,467
3537,377,468
3538,377,469
3539,377,470
3540,377,471
3541,377,472
3542,377,473
3543,377,474
3544,377,475
3545,377,476
3546,377,477
3547,377,478
3548,377,479
3549,377,480
3550,377,481
3551,377,482
3552,377,483
3553,377,484
3554,377,485
3555,377,486
3556,377,487
3557,377,488
3558,377,489
3559,377,490
3560,377,491
3561,377,492
3562,377,493
3563,377,494
3564,377,495
3565,377,496
3566,377,497
3567,377,498
3568,377,499
3569,377,500
3570,377,501
3571,377,502
3572,377,503
3573,377,504
3574,377,505
3575,377,506
3576,377,507
3577,377,508
3578,377,509
3579,377,510
3580,377,511
3581,377,512
3582,377,513
3583,377,514
3584,377,515
3585,377,516
3586,377,517
3587,377,518
3588,377,519
3589,377,520
3590,377,521
3591,377,522
3592,377,523
3593,377,524
3594,377,525
3595,377,526
3596,377,527
3597,377,528
3598,377,529
3599,377,530
3600,377,531
3601,377,532
3602,377,533
3603,377,534
3604,377,535
3605,377,536
3606,377,537
3607,377,538
3608,377,539
3609,377,540
3610,377,541
3611,377,542
3612,377,543
3613,377,544
3614,377,545
3615,377,546
3616,377,547
3617,377,548
3618,378,442
3619,378,443
3620,378,444
3621,378,445
3622,378,446
3623,378,447
3624,378,448
3625,378,449
3626,378,450
3627,378,451
3628,378,452
3629,378,453
3630,378,454
3631,378,455
3632,378,456
3633,378,457
3634,378,458
3635,378,459
3636,378,460
3637,378,461
3638,378,462
3639,378,463
3640,378,464
3641,378,465
3642,378,466
3643,378,467
3644,378,468
3645,378,469
3646,378,470
3647,378,471
3648,378,472
3649,378,473
3650,378,474
3651,378,475
3652,378,476
3653,378,477
3654,378,478
3655,378,479
3656,378,480
3657,378,481
3658,378,482
3659,378,483
3660,378,484
3661,378,485
3662,378,486
3663,378,487
3664,378,488
3665,378,489
3666,378,490
3667,378,491
3668,378,492
3669,378,493
3670,378,494
3671,378,495
3672,378,496
3673,378,497
3674,378,498
3675,378,499
3676,378,500
3677,378,501
3678,378,502
3679,378,503
3680,378,504
3681,378,505
3682,378,506
3683,378,507
3684,378,508
3685,378,509
3686,378,510
3687,378,511
3688,378,512
3689,378,513
3690,378,514
3691,378,515
3692,378,516
3693,378,517
3694,378,518
3695,378,519
3696,378,520
3697,378,521
3698,378,522
3699,378,523
3700,378,524
3701,378,525
3702,378,526
3703,378,527
3704,378,528
3705,378,529
3706,378,530
3707,378,531
3708,378,532
3709,378,533
3710,378,534
3711,378,535
3712,378,536
3713,378,537
3714,378,538
3715,378,539
3716,378,540
3717,378,541
3718,378,542
3719,378,543
3720,378,544
3721,378,545
3722,378,546
3723,378,547
3724,378,548
3725,378,549
3726,379,441
3727,379,442
3728,379,443
3729,379,444
3730,379,445
3731,379,446
3732,379,447
3733,379,448
3734,379,449
3735,379,450
3736,379,451
3737,379,452
3738,379,453
3739,379,454
3740,379,455
3741,379,456
3742,379,457
3743,379,458
3744,379,459
3745,379,460
3746,379,461
3747,379,462
3748,379,463
3749,379,464
3750,379,465
3751,379,466
3752,379,467
3753,379,468
3754,379,469
3755,379,470
3756,379,471
3757,379,472
3758,379,473
3759,379,474
3760,379,475
3761,379,476
3762,379,477
3763,379,478
3764,379,479
3765,379,480
3766,379,481
3767,379,482
3768,379,483
3769,379,484
3770,379,485
3771,379,486
3772,379,487
3773,379,488
3774,379,489
3775,379,490
3776,379,491
3777,379,492
3778,379,493
3779,379,494
3780,379,495
3781,379,496
3782,379,497
3783,379,498
3784,379,499
3785,379,500
3786,379,501
3787,379,502
3788,379,503
3789,379,504
3790,379,505
3791,379,506
3792,379,507
3793,379,508
3794,379,509
3795,379,510
3796,379,511
3797,379,512
3798,379,513
3799,379,514
3800,379,515
3801,379,516
3802,379,517
3803,379,518
3804,379,519
3805,379,520
3806,379,521
3807,379,522
3808,379,523
3809,379,524
3810,379,525
3811,379,526
3812,379,527
3813,379,528
3814,379,529
3815,379,530
3816,379,531
3817,379,532
3818,379,533
3819,379,534
3820,379,535
3821,379,536
3822,379,537
3823,379,538
3824,379,539
3825,379,540
3826,379,541
3827,379,542
3828,379,543
3829,379,544
3830,379,545
3831,379,546
3832,379,547
3833,379,548
3834,379,549
3835,380,440
3836,380,441
3837,380,442
3838,380,443
3839,380,444
3840,380,445
3841,380,446
3842,380,447
3843,380,448
3844,380,449
3845,380,450
3846,380,451
3847,380,452
3848,380,453
3849,380,454
3850,380,455
3851,380,456
3852,380,457
3853,380,458
3854,380,459
3855,380,460
3856,380,461
3857,380,462
3858,380,463
3859,380,464
3860,380,465
3861,380,466
3862,380,467
3863,380,468
3864,380,469
3865,380,470
3866,380,471
3867,380,472
3868,380,473
3869,380,474
3870,380,475
3871,380,476
3872,380,477
3873,380,478
3874,380,479
3875,380,480
3876,380,481
3877,380,482
3878,380,483
3879,380,484
3880,380,485
3881,380,486
3882,380,487
3883,380,488
3884,380,489
3885,380,490
3886,380,491
3887,380,492
3888,380,493
3889,380,494
3890,380,495
3891,380,496
3892,380,497
3893,380,498
3894,380,499
3895,380,500
3896,380,501
3897,380,502
3898,380,503
3899,380,504
3900,380,505
3901,380,506
3902,380,507
3903,380,508
3904,380,509
3905,380,510
3906,380,511
3907,380,512
3908,380,513
3909,380,514
3910,380,515
3911,380,516
3912,380,517
3913,380,518
3914,380,519
3915,380,520
3916,380,521
3917,380,522
3918,380,523
3919,380,524
3920,380,525
3921,380,526
3922,380,527
3923,380,528
3924,380,529
3925,380,530
3926,380,531
3927,380,532
3928,380,533
3929,380,534
3930,380,535
3931,380,536
3932,380,537
3933,380,538
3934,380,539
3935,380,540
3936,380,541
3937,380,542
3938,380,543
3939,380,544
3940,380,545
3941,380,546
3942,380,547
3943,380,548
3944,380,549
3945,381,440
3946,381,441
3947,381,442
3948,381,443
3949,381,444
3950,381,445
3951,381,446
3952,381,447
3953,381,448
3954,381,449
3955,381,450
3956,381,451
3957,381,452
3958,381,453
3959,381,454
3960,381,455
3961,381,456
3962,381,457
3963,381,458
3964,381,459
3965,381,460
3966,381,461
3967,381,462
3968,381,463
3969,381,464
3970,381,465
3971,381,466
3972,381,467
3973,381,468
3974,381,469
3975,381,470
3976,381,471
3977,381,472
3978,381,473
3979,381,474
3980,381,475
3981,381,476
3982,381,477
3983,381,478
3984,381,479
3985,381,480
3986,381,481
3987,381,482
3988,381,483
3989,381,484
3990,381,485
3991,381,486
3992,381,487
3993,381,488
3994,381,489
3995,381,490
3996,381,491
3997,381,492
3998,381,493
3999,381,494
4000,381,495
4001,381,496
4002,381,497
4003,381,498
4004,381,499
4005,381,500
4006,381,501
4007,381,502
4008,381,503
4009,381,504
4010,381,505
4011,381,506
4012,381,507
4013,381,508
4014,381,509
4015,381,510
4016,381,511
4017,381,512
4018,381,513
4019,381,514
4020,381,515
4021,381,516
4022,381,517
4023,381,518
4024,381,519
4025,381,520
4026,381,521
4027,381,522
4028,381,523
4029,381,524
4030,381,525
4031,381,526
4032,381,527
4033,381,528
4034,381,529
4035,381,530
4036,381,531
4037,381,532
4038,381,533
4039,381,534
4040,381,535
4041,381,536
4042,381,537
4043,381,538
4044,381,539
4045,381,540
4046,381,541
4047,381,542
4048,381,543
4049,381,544
4050,381,545
4051,381,546
4052,381,547
4053,381,548
4054,381,549
4055,382,440
4056,382,441
4057,382,442
4058,382,443
4059,382,444
4060,382,445
4061,382,446
4062,382,447
4063,382,448
4064,382,449
4065,382,450
4066,382,451
4067,382,452
4068,382,453
4069,382,454
4070,382,455
4071,382,456
4072,382,457
4073,382,458
4074,382,459
4075,382,460
4076,382,461
4077,382,462
4078,382,463
4079,382,464
4080,382,465
4081,382,466
4082,382,467
4083,382,468
4084,382,469
4085,382,470
4086,382,471
4087,382,472
4088,382,473
4089,382,474
4090,382,475
4091,382,476
4092,382,477
4093,382,478
4094,382,479
4095,382,480
4096,382,481
4097,382,482
4098,382,483
4099,382,484
4100,382,485
4101,382,486
4102,382,487
4103,382,488
4104,382,489
4105,382,490
4106,382,491
4107,382,492
4108,382,493
4109,382,494
4110,382,495
4111,382,496
4112,382,497
4113,382,498
4114,382,499
4115,382,500
4116,382,501
4117,382,502
4118,382,503
4119,382,504
4120,382,505
4121,382,506
4122,382,507
4123,382,508
4124,382,509
4125,382,510
4126,382,511
4127,382,512
4128,382,513
4129,382,514
4130,382,515
4131,382,516
4132,382,517
4133,382,518
4134,382,519
4135,382,520
4136,382,521
4137,382,522
4138,382,523
4139,382,524
4140,382,525
4141,382,526
4142,382,527
4143,382,528
4144,382,529
4145,382,530
4146,382,531
4147,382,532
4148,382,533
4149,382,534
4150,382,535
4151,382,536
4152,382,537
4153,382,538
4154,382,539
4155,382,540
4156,382,541
4157,382,542
4158,382,543
4159,382,544
4160,382,545
4161,382,546
4162,382,547
4163,382,548
4164,382,549
4165,382,550
4166,383,439
4167,383,440
4168,383,441
4169,383,442
4170,383,443
4171,383,444
4172,383,445
4173,383,446
4174,383,447
4175,383,448
4176,383,449
4177,383,450
4178,383,451
4179,383,452
4180,383,453
4181,383,454
4182,383,455
4183,383,456
4184,383,457
4185,383,458
4186,383,459
4187,383,460
4188,383,461
4189,383,462
4190,383,463
4191,383,464
4192,383,465
4193,383,466
4194,383,467
4195,383,468
4196,383,469
4197,383,470
4198,383,471
4199,383,472
4200,383,473
4201,383,474
4202,383,475
4203,383,476
4204,383,477
4205,383,478
4206,383,479
4207,383,480
4208,383,481
4209,383,482
4210,383,483
4211,383,484
4212,383,485
4213,383,486
4214,383,487
4215,383,488
4216,383,489
4217,383,490
4218,383,491
4219,383,492
4220,383,493
4221,383,494
4222,383,495
4223,383,496
4224,383,497
4225,383,498
4226,383,499
4227,383,500
4228,383,501
4229,383,502
4230,383,503
4231,383,504
4232,383,505
4233,383,506
4234,383,507
4235,383,508
4236,383,509
4237,383,510
4238,383,511
4239,383,512
4240,383,513
4241,383,514
4242,383,515
4243,383,516
4244,383,517
4245,383,518
4246,383,519
4247,383,520
4248,383,521
4249,383,522
4250,383,523
4251,383,524
4252,383,525
4253,383,526
4254,383,527
4255,383,528
4256,383,529
4257,383,530
4258,383,531
4259,383,532
4260,383,533
4261,383,534
4262,383,535
4263,383,536
4264,383,537
4265,383,538
4266,383,539
4267,383,540
4268,383,541
4269,383,542
4270,383,543
4271,383,544
4272,383,545
4273,383,546
4274,383,547
4275,383,548
4276,383,549
4277,383,550
4278,384,439
4279,384,440
4280,384,441
4281,384,442
4282,384,443
4283,384,444
4284,384,445
4285,384,446
4286,384,447
4287,384,448
4288,384,449
4289,384,450
4290,384,451
4291,384,452
4292,384,453
4293,384,454
4294,384,455
4295,384,456
4296,384,457
4297,384,458
4298,384,459
4299,384,460
4300,384,461
4301,384,462
4302,384,463
4303,384,464
4304,384,465
4305,384,466
4306,384,467
4307,384,468
4308,384,469
4309,384,470
4310,384,471
4311,384,472
4312,384,473
4313,384,474
4314,384,475
4315,384,476
4316,384,477
4317,384,478
4318,384,479
4319,384,480
4320,384,481
4321,384,482
4322,384,483
4323,384,484
4324,384,485
4325,384,486
4326,384,487
4327,384,488
4328,384,489
4329,384,490
4330,384,491
4331,384,492
4332,384,493
4333,384,494
4334,384,495
4335,384,496
4336,384,497
4337,384,498
4338,384,499
4339,384,500
4340,384,501
4341,384,502
4342,384,503
4343,384,504
4344,384,505
4345,384,506
4346,384,507
4347,384,508
4348,384,509
4349,384,510
4350,384,511
4351,384,512
4352,384,513
4353,384,514
4354,384,515
4355,384,516
4356,384,517
4357,384,518
4358,384,519
4359,384,520
4360,384,521
4361,384,522
4362,384,523
4363,384,524
4364,384,525
4365,384,526
4366,384,527
4367,384,528
4368,384,529
4369,384,530
4370,384,531
4371,384,532
4372,384,533
4373,384,534
4374,384,535
4375,384,536
4376,384,537
4377,384,538
4378,384,539
4379,384,540
4380,384,541
4381,384,542
4382,384,543
4383,384,544
4384,384,545
4385,384,546
4386,384,547
4387,384,548
4388,384,549
4389,384,550
4390,385,438
4391,385,439
4392,385,440
4393,385,441
4394,385,442
4395,385,443
4396,385,444
4397,385,445
4398,385,446
4399,385,447
4400,385,448
4401,385,449
4402,385,450
4403,385,451
4404,385,452
4405,385,453
4406,385,454
4407,385,455
4408,385,456
4409,385,457
4410,385,458
4411,385,459
4412,385,460
4413,385,461
4414,385,462
4415,385,463
4416,385,464
4417,385,465
4418,385,466
4419,385,467
4420,385,468
4421,385,469
4422,385,470
4423,385,471
4424,385,472
4425,385,473
4426,385,474
4427,385,475
4428,385,476
4429,385,477
4430,385,478
4431,385,479
4432,385,480
4433,385,481
4434,385,482
4435,385,483
4436,385,484
4437,385,485
4438,385,486
4439,385,487
4440,385,488
4441,385,489
4442,385,490
4443,385,491
4444,385,492
4445,385,493
4446,385,494
4447,385,495
4448,385,496
4449,385,497
4450,385,498
4451,385,499
4452,385,500
4453,385,501
4454,385,502
4455,385,503
4456,385,504
4457,385,505
4458,385,506
4459,385,507
4460,385,508
4461,385,509
4462,385,510
4463,385,511
4464,385,512
4465,385,513
4466,385,514
4467,385,515
4468,385,516
4469,385,517
4470,385,518
4471,385,519
4472,385,520
4473,385,521
4474,385,522
4475,385,523
4476,385,524
4477,385,525
4478,385,526
4479,385,527
4480,385,528
4481,385,529
4482,385,530
4483,385,531
4484,385,532
4485,385,533
4486,385,534
4487,385,535
4488,385,536
4489,385,537
4490,385,538
4491,385,539
4492,385,540
4493,385,541
4494,385,542
4495,385,543
4496,385,544
4497,385,545
4498,385,546
4499,385,547
4500,385,548
4501,385,549
4502,385,550
4503,386,438
4504,386,439
4505,386,440
4506,386,441
4507,386,442
4508,386,443
4509,386,444
4510,386,445
4511,386,446
4512,386,447
4513,386,448
4514,386,449
4515,386,450
4516,386,451
4517,386,452
4518,386,453
4519,386,454
4520,386,455
4521,386,456
4522,386,457
4523,386,458
4524,386,459
4525,386,460
4526,386,461
4527,386,462
4528,386,463
4529,386,464
4530,386,465
4531,386,466
4532,386,467
4533,386,468
4534,386,469
4535,386,470
4536,386,471
4537,386,472
4538,386,473
4539,386,474
4540,386,475
4541,386,476
4542,386,477
4543,386,478
4544,386,479
4545,386,480
4546,386,481
4547,386,482
4548,386,483
4549,386,484
4550,386,485
4551,386,486
4552,386,487
4553,386,488
4554,386,489
4555,386,490
4556,386,491
4557,386,492
4558,386,493
4559,386,494
4560,386,495
4561,386,496
4562,386,497
4563,386,498
4564,386,499
4565,386,500
4566,386,501
4567,386,502
4568,386,503
4569,386,504
4570,386,505
4571,386,506
4572,386,507
4573,386,508
4574,386,509
4575,386,510
4576,386,511
4577,386,512
4578,386,513
4579,386,514
4580,386,515
4581,386,516
4582,386,517
4583,386,518
4584,386,519
4585,386,520
4586,386,521
4587,386,522
4588,386,523
4589,386,524
4590,386,525
4591,386,526
4592,386,527
4593,386,528
4594,386,529
4595,386,530
4596,386,531
4597,386,532
4598,386,533
4599,386,534
4600,386,535
4601,386,536
4602,386,537
4603,386,538
4604,386,539
4605,386,540
4606,386,541
4607,386,542
4608,386,543
4609,386,544
4610,386,545
4611,386,546
4612,386,547
4613,386,548
4614,386,549
4615,386,550
4616,387,438
4617,387,439
4618,387,440
4619,387,441
4620,387,442
4621,387,443
4622,387,444
4623,387,445
4624,387,446
4625,387,447
4626,387,448
4627,387,449
4628,387,450
4629,387,451
4630,387,452
4631,387,453
4632,387,454
4633,387,455
4634,387,456
4635,387,457
4636,387,458
4637,387,459
4638,387,460
4639,387,461
4640,387,462
4641,387,463
4642,387,464
4643,387,465
4644,387,466
4645,387,467
4646,387,468
4647,387,469
4648,387,470
4649,387,471
4650,387,472
4651,387,473
4652,387,474
4653,387,475
4654,387,476
4655,387,477
4656,387,478
4657,387,479
4658,387,480
4659,387,481
4660,387,482
4661,387,483
4662,387,484
4663,387,485
4664,387,486
4665,387,487
4666,387,488
4667,387,489
4668,387,490
4669,387,491
4670,387,492
4671,387,493
4672,387,494
4673,387,495
4674,387,496
4675,387,497
4676,387,498
4677,387,499
4678,387,500
4679,387,501
4680,387,502
4681,387,503
4682,387,504
4683,387,505
4684,387,506
4685,387,507
4686,387,508
4687,387,509
4688,387,510
4689,387,511
4690,387,512
4691,387,513
4692,387,514
4693,387,515
4694,387,516
4695,387,517
4696,387,518
4697,387,519
4698,387,520
4699,387,521
4700,387,522
4701,387,523
4702,387,524
4703,387,525
4704,387,526
4705,387,527
4706,387,528
4707,387,529
4708,387,530
4709,387,531
4710,387,532
4711,387,533
4712,387,534
4713,387,535
4714,387,536
4715,387,537
4716,387,538
4717,387,539
4718,387,540
4719,387,541
4720,387,542
4721,387,543
4722,387,544
4723,387,545
4724,387,546
4725,387,547
4726,387,548
4727,387,549
4728,388,438
4729,388,439
4730,388,440
4731,388,441
4732,388,442
4733,388,443
4734,388,444
4735,388,445
4736,388,446
4737,388,447
4738,388,448
4739,388,449
4740,388,450
4741,388,451
4742,388,452
4743,388,453
4744,388,454
4745,388,455
4746,388,456
4747,388,457
4748,388,458
4749,388,459
4750,388,460
4751,388,461
4752,388,462
4753,388,463
4754,388,464
4755,388,465
4756,388,466
4757,388,467
4758,388,468
4759,388,469
4760,388,470
4761,388,472
4762,388,473
4763,388,474
4764,388,475
4765,388,476
4766,388,477
4767,388,478
4768,388,479
4769,388,480
4770,388,481
4771,388,482
4772,388,483
4773,388,484
4774,388,485
4775,388,486
4776,388,487
4777,388,488
4778,388,489
4779,388,490
4780,388,491
4781,388,492
4782,388,493
4783,388,494
4784,388,495
4785,388,496
4786,388,497
4787,388,498
4788,388,499
4789,388,500
4790,388,501
4791,388,502
4792,388,503
4793,388,504
4794,388,505
4795,388,506
4796,388,507
4797,388,508
4798,388,509
4799,388,510
4800,388,511
4801,388,512
4802,388,513
4803,388,514
4804,388,515
4805,388,516
4806,388,517
4807,388,518
4808,388,519
4809,388,520
4810,388,521
4811,388,522
4812,388,523
4813,388,524
4814,388,525
4815,388,526
4816,388,527
4817,388,528
4818,388,529
4819,388,530
4820,388,531
4821,388,532
4822,388,533
4823,388,534
4824,388,535
4825,388,536
4826,388,537
4827,388,538
4828,388,539
4829,388,540
4830,388,541
4831,388,542
4832,388,543
4833,388,544
4834,388,545
4835,388,546
4836,388,547
4837,388,548
4838,388,549
4839,389,438
4840,389,439
4841,389,440
4842,389,441
4843,389,442
4844,389,443
4845,389,444
4846,389,445
4847,389,446
4848,389,447
4849,389,448
4850,389,449
4851,389,450
4852,389,451
4853,389,452
4854,389,453
4855,389,454
4856,389,455
4857,389,456
4858,389,457
4859,389,458
4860,389,459
4861,389,460
4862,389,461
4863,389,462
4864,389,463
4865,389,464
4866,389,465
4867,389,466
4868,389,467
4869,389,468
4870,389,469
4871,389,472
4872,389,473
4873,389,474
4874,389,475
4875,389,476
4876,389,477
4877,389,478
4878,389,479
4879,389,480
4880,389,481
4881,389,482
4882,389,483
4883,389,484
4884,389,485
4885,389,486
4886,389,487
4887,389,488
4888,389,489
4889,389,490
4890,389,491
4891,389,492
4892,389,493
4893,389,494
4894,389,495
4895,389,496
4896,389,497
4897,389,498
4898,389,499
4899,389,500
4900,389,501
4901,389,502
4902,389,503
4903,389,504
4904,389,505
4905,389,506
4906,389,507
4907,389,508
4908,389,509
4909,389,510
4910,389,511
4911,389,512
4912,389,513
4913,389,514
4914,389,515
4915,389,516
4916,389,517
4917,389,518
4918,389,519
4919,389,520
4920,389,521
4921,389,522
4922,389,523
4923,389,524
4924,389,525
4925,389,526
4926,389,527
4927,389,528
4928,389,529
4929,389,530
4930,389,531
4931,389,532
4932,389,533
4933,389,534
4934,389,535
4935,389,536
4936,389,537
4937,389,538
4938,389,539
4939,389,540
4940,389,541
4941,389,542
4942,389,543
4943,389,544
4944,389,545
4945,389,546
4946,389,547
4947,389,548
4948,389,549
4949,390,437
4950,390,438
4951,390,439
4952,390,440
4953,390,441
4954,390,442
4955,390,443
4956,390,444
4957,390,445
4958,390,446
4959,390,447
4960,390,448
4961,390,449
4962,390,450
4963,390,451
4964,390,452
4965,390,453
4966,390,454
4967,390,455
4968,390,456
4969,390,457
4970,390,458
4971,390,459
4972,390,460
4973,390,461
4974,390,462
4975,390,463
4976,390,464
4977,390,465
4978,390,466
4979,390,467
4980,390,468
4981,390,469
4982,390,470
4983,390,471
4984,390,472
4985,390,473
4986,390,474
4987,390,475
4988,390,476
4989,390,477
4990,390,478
4991,390,479
4992,390,480
4993,390,481
4994,390,482
4995,390,483
4996,390,484
4997,390,485
4998,390,486
4999,390,487
5000,390,488
5001,390,489
5002,390,490
5003,390,491
5004,390,492
5005,390,493
5006,390,494
5007,390,495
5008,390,496
5009,390,497
5010,390,498
5011,390,499
5012,390,500
5013,390,501
5014,390,502
5015,390,503
5016,390,504
5017,390,505
5018,390,506
5019,390,507
5020,390,508
5021,390,509
5022,390,510
5023,390,511
5024,390,512
5025,390,513
5026,390,514
5027,390,515
5028,390,516
5029,390,517
5030,390,518
5031,390,519
5032,390,520
5033,390,521
5034,390,522
5035,390,523
5036,390,524
5037,390,525
5038,390,526
5039,390,527
5040,390,528
5041,390,529
5042,390,530
5043,390,531
5044,390,532
5045,390,533
5046,390,534
5047,390,535
5048,390,536
5049,390,537
5050,390,538
5051,390,539
5052,390,540
5053,390,541
5054,390,542
5055,390,543
5056,390,544
5057,390,545
5058,390,546
5059,390,547
5060,390,548
5061,390,549
5062,391,436
5063,391,437
5064,391,438
5065,391,439
5066,391,440
5067,391,441
5068,391,442
5069,391,443
5070,391,444
5071,391,445
5072,391,446
5073,391,447
5074,391,448
5075,391,449
5076,391,450
5077,391,451
5078,391,452
5079,391,453
5080,391,454
5081,391,455
5082,391,456
5083,391,457
5084,391,458
5085,391,459
5086,391,460
5087,391,461
5088,391,462
5089,391,463
5090,391,464
5091,391,465
5092,391,466
5093,391,467
5094,391,468
5095,391,469
5096,391,470
5097,391,471
5098,391,472
5099,391,473
5100,391,474
5101,391,475
5102,391,476
5103,391,477
5104,391,478
5105,391,479
5106,391,480
5107,391,481
5108,391,482
5109,391,483
5110,391,484
5111,391,485
5112,391,486
5113,391,487
5114,391,488
5115,391,489
5116,391,490
5117,391,491
5118,391,492
5119,391,493
5120,391,494
5121,391,495
5122,391,496
5123,391,497
5124,391,498
5125,391,499
5126,391,500
5127,391,501
5128,391,502
5129,391,503
5130,391,504
5131,391,505
5132,391,506
5133,391,507
5134,391,508
5135,391,509
5136,391,510
5137,391,511
5138,391,512
5139,391,513
5140,391,514
5141,391,515
5142,391,516
5143,391,517
5144,391,518
5145,391,519
5146,391,520
5147,391,521
5148,391,522
5149,391,523
5150,391,524
5151,391,525
5152,391,526
5153,391,527
5154,391,528
5155,391,529
5156,391,530
5157,391,531
5158,391,532
5159,391,533
5160,391,534
5161,391,535
5162,391,536
5163,391,537
5164,391,538
5165,391,539
5166,391,540
5167,391,541
5168,391,542
5169,391,543
5170,391,544
5171,391,545
5172,391,546
5173,391,547
5174,391,548
5175,391,549
5176,392,435
5177,392,436
5178,392,437
5179,392,438
5180,392,439
5181,392,440
5182,392,441
5183,392,442
5184,392,443
5185,392,444
5186,392,445
5187,392,446
5188,392,447
5189,392,448
5190,392,449
5191,392,450
5192,392,451
5193,392,452
5194,392,453
5195,392,454
5196,392,455
5197,392,456
5198,392,457
5199,392,458
5200,392,459
5201,392,460
5202,392,461
5203,392,462
5204,392,463
5205,392,464
5206,392,465
5207,392,466
5208,392,467
5209,392,468
5210,392,469
5211,392,470
5212,392,471
5213,392,472
5214,392,473
5215,392,474
5216,392,475
5217,392,476
5218,392,477
5219,392,478
5220,392,479
5221,392,480
5222,392,481
5223,392,482
5224,392,483
5225,392,484
5226,392,485
5227,392,486
5228,392,487
5229,392,488
5230,392,489
5231,392,490
5232,392,491
5233,392,492
5234,392,493
5235,392,494
5236,392,495
5237,392,496
5238,392,497
5239,392,498
5240,392,499
5241,392,500
5242,392,501
5243,392,502
5244,392,503
5245,392,504
5246,392,505
5247,392,506
5248,392,507
5249,392,508
5250,392,509
5251,392,510
5252,392,511
5253,392,512
5254,392,513
5255,392,514
5256,392,515
5257,392,516
5258,392,517
5259,392,518
5260,392,519
5261,392,520
5262,392,521
5263,392,522
5264,392,523
5265,392,524
5266,392,525
5267,392,526
5268,392,527
5269,392,528
5270,392,529
5271,392,530
5272,392,531
5273,392,532
5274,392,533
5275,392,534
5276,392,535
5277,392,536
5278,392,537
5279,392,538
5280,392,539
5281,392,540
5282,392,541
5283,392,542
5284,392,543
5285,392,544
5286,392,545
5287,392,546
5288,392,547
5289,392,548
5290,392,549
5291,393,435
5292,393,436
5293,393,437
5294,393,438
5295,393,439
5296,393,440
5297,393,441
5298,393,442
5299,393,443
5300,393,444
5301,393,445
5302,393,446
5303,393,447
5304,393,448
5305,393,449
5306,393,450
5307,393,451
5308,393,452
5309,393,453
5310,393,454
5311,393,455
5312,393,456
5313,393,457
5314,393,458
5315,393,459
5316,393,460
5317,393,461
5318,393,462
5319,393,463
5320,393,464
5321,393,465
5322,393,466
5323,393,467
5324,393,468
5325,393,469
5326,393,470
5327,393,471
5328,393,472
5329,393,473
5330,393,474
5331,393,475
5332,393,476
5333,393,477
5334,393,478
5335,393,479
5336,393,480
5337,393,481
5338,393,482
5339,393,483
5340,393,484
5341,393,485
5342,393,486
5343,393,487
5344,393,488
5345,393,489
5346,393,490
5347,393,491
5348,393,492
5349,393,493
5350,393,494
5351,393,495
5352,393,496
5353,393,497
5354,393,498
5355,393,499
5356,393,500
5357,393,501
5358,393,502
5359,393,503
5360,393,504
5361,393,505
5362,393,506
5363,393,507
5364,393,508
5365,393,509
5366,393,510
5367,393,511
5368,393,512
5369,393,513
5370,393,514
5371,393,515
5372,393,516
5373,393,517
5374,393,518
5375,393,519
5376,393,520
5377,393,521
5378,393,522
5379,393,523
5380,393,524
5381,393,525
5382,393,526
5383,393,527
5384,393,528
5385,393,529
5386,393,530
5387,393,531
5388,393,532
5389,393,533
5390,393,534
5391,393,535
5392,393,536
5393,393,537
5394,393,538
5395,393,539
5396,393,540
5397,393,541
5398,393,542
5399,393,543
5400,393,544
5401,393,545
5402,393,546
5403,393,547
5404,393,548
5405,393,549
5406,394,435
5407,394,436
5408,394,437
5409,394,438
5410,394,439
5411,394,440
5412,394,441
5413,394,442
5414,394,443
5415,394,444
5416,394,445
5417,394,446
5418,394,447
5419,394,448
5420,394,449
5421,394,450
5422,394,451
5423,394,452
5424,394,453
5425,394,454
5426,394,455
5427,394,456
5428,394,457
5429,394,458
5430,394,459
5431,394,460
5432,394,461
5433,394,462
5434,394,463
5435,394,464
5436,394,465
5437,394,466
5438,394,467
5439,394,468
5440,394,469
5441,394,470
5442,394,471
5443,394,472
5444,394,473
5445,394,474
5446,394,475
5447,394,476
5448,394,477
5449,394,478
5450,394,479
5451,394,480
5452,394,481
5453,394,482
5454,394,483
5455,394,484
5456,394,485
5457,394,486
5458,394,487
5459,394,488
5460,394,489
5461,394,490
5462,394,491
5463,394,492
5464,394,493
5465,394,494
5466,394,495
5467,394,496
5468,394,497
5469,394,498
5470,394,499
5471,394,500
5472,394,501
5473,394,502
5474,394,503
5475,394,504
5476,394,505
5477,394,506
5478,394,507
5479,394,508
5480,394,509
5481,394,510
5482,394,511
5483,394,512
5484,394,513
5485,394,514
5486,394,515
5487,394,516
5488,394,517
5489,394,518
5490,394,519
5491,394,520
5492,394,521
5493,394,522
5494,394,523
5495,394,524
5496,394,525
5497,394,526
5498,394,527
5499,394,528
5500,394,529
5501,394,530
5502,394,531
5503,394,532
5504,394,533
5505,394,534
5506,394,535
5507,394,536
5508,394,537
5509,394,538
5510,394,539
5511,394,540
5512,394,541
5513,394,542
5514,394,543
5515,394,544
5516,394,545
5517,394,546
5518,394,547
5519,394,548
5520,394,549
5521,395,436
5522,395,437
5523,395,438
5524,395,439
5525,395,440
5526,395,441
5527,395,442
5528,395,443
5529,395,444
5530,395,445
5531,395,446
5532,395,447
5533,395,448
5534,395,449
5535,395,450
5536,395,451
5537,395,452
5538,395,453
5539,395,454
5540,395,455
5541,395,456
5542,395,457
5543,395,458
5544,395,459
5545,395,460
5546,395,461
5547,395,462
5548,395,463
5549,395,464
5550,395,465
5551,395,466
5552,395,467
5553,395,468
5554,395,469
5555,395,470
5556,395,471
5557,395,472
5558,395,473
5559,395,474
5560,395,475
5561,395,476
5562,395,477
5563,395,478
5564,395,479
5565,395,480
5566,395,481
5567,395,482
5568,395,483
5569,395,484
5570,395,485
5571,395,486
5572,395,487
5573,395,488
5574,395,489
5575,395,490
5576,395,491
5577,395,492
5578,395,493
5579,395,494
5580,395,495
5581,395,496
5582,395,497
5583,395,498
5584,395,499
5585,395,500
5586,395,501
5587,395,502
5588,395,503
5589,395,504
5590,395,505
5591,395,506
5592,395,507
5593,395,508
5594,395,509
5595,395,510
5596,395,511
5597,395,512
5598,395,513
5599,395,514
5600,395,515
5601,395,516
5602,395,517
5603,395,518
5604,395,519
5605,395,520
5606,395,521
5607,395,522
5608,395,523
5609,395,524
5610,395,525
5611,395,526
5612,395,527
5613,395,528
5614,395,529
5615,395,530
5616,395,531
5617,395,532
5618,395,533
5619,395,534
5620,395,535
5621,395,536
5622,395,537
5623,395,538
5624,395,539
5625,395,540
5626,395,541
5627,395,542
5628,395,543
5629,395,544
5630,395,545
5631,395,546
5632,395,547
5633,395,548
5634,395,549
5635,396,436
5636,396,437
5637,396,438
5638,396,439
5639,396,440
5640,396,441
5641,396,442
5642,396,443
5643,396,444
5644,396,445
5645,396,446
5646,396,447
5647,396,448
5648,396,449
5649,396,450
5650,396,451
5651,396,452
5652,396,453
5653,396,454
5654,396,455
5655,396,456
5656,396,457
5657,396,458
5658,396,459
5659,396,460
5660,396,461
5661,396,462
5662,396,463
5663,396,464
5664,396,465
5665,396,466
5666,396,467
5667,396,468
5668,396,469
5669,396,470
5670,396,471
5671,396,472
5672,396,473
5673,396,474
5674,396,475
5675,396,476
5676,396,477
5677,396,478
5678,396,479
5679,396,480
5680,396,481
5681,396,482
5682,396,483
5683,396,484
5684,396,485
5685,396,486
5686,396,487
5687,396,488
5688,396,489
5689,396,490
5690,396,491
5691,396,492
5692,396,493
5693,396,494
5694,396,495
5695,396,496
5696,396,497
5697,396,498
5698,396,499
5699,396,500
5700,396,501
5701,396,502
5702,396,503
5703,396,504
5704,396,505
5705,396,506
5706,396,507
5707,396,508
5708,396,509
5709,396,510
5710,396,511
5711,396,512
5712,396,513
5713,396,514
5714,396,515
5715,396,516
5716,396,517
5717,396,518
5718,396,519
5719,396,520
5720,396,521
5721,396,522
5722,396,523
5723,396,524
5724,396,525
5725,396,526
5726,396,527
5727,396,528
5728,396,529
5729,396,530
5730,396,531
5731,396,532
5732,396,533
5733,396,534
5734,396,535
5735,396,536
5736,396,537
5737,396,538
5738,396,539
5739,396,540
5740,396,541
5741,396,542
5742,396,543
5743,396,544
5744,396,545
5745,396,546
5746,396,547
5747,396,548
5748,396,549
5749,397,435
5750,397,436
5751,397,437
5752,397,438
5753,397,439
5754,397,440
5755,397,441
5756,397,442
5757,397,443
5758,397,444
5759,397,445
5760,397,446
5761,397,447
5762,397,448
5763,397,449
5764,397,450
5765,397,451
5766,397,452
5767,397,453
5768,397,454
5769,397,455
5770,397,456
5771,397,457
5772,397,458
5773,397,459
5774,397,460
5775,397,461
5776,397,462
5777,397,463
5778,397,464
5779,397,465
5780,397,466
5781,397,467
5782,397,468
5783,397,469
5784,397,470
5785,397,471
5786,397,472
5787,397,473
5788,397,474
5789,397,475
5790,397,476
5791,397,477
5792,397,478
5793,397,479
5794,397,480
5795,397,481
5796,397,482
5797,397,483
5798,397,484
5799,397,485
5800,397,486
5801,397,487
5802,397,488
5803,397,489
5804,397,490
5805,397,491
5806,397,492
5807,397,493
5808,397,494
5809,397,495
5810,397,496
5811,397,497
5812,397,498
5813,397,499
5814,397,500
5815,397,501
5816,397,502
5817,397,503
5818,397,504
5819,397,505
5820,397,506
5821,397,507
5822,397,508
5823,397,509
5824,397,510
5825,397,511
5826,397,512
5827,397,513
5828,397,514
5829,397,515
5830,397,516
5831,397,517
5832,397,518
5833,397,519
5834,397,520
5835,397,521
5836,397,522
5837,397,523
5838,397,524
5839,397,525
5840,397,526
5841,397,527
5842,397,528
5843,397,529
5844,397,530
5845,397,531
5846,397,532
5847,397,533
5848,397,534
5849,397,535
5850,397,536
5851,397,537
5852,397,538
5853,397,539
5854,397,540
5855,397,541
5856,397,542
5857,397,543
5858,397,544
5859,397,545
5860,397,546
5861,397,547
5862,397,548
5863,397,549
5864,398,435
5865,398,436
5866,398,437
5867,398,438
5868,398,439
5869,398,440
5870,398,441
5871,398,442
5872,398,443
5873,398,444
5874,398,445
5875,398,446
5876,398,447
5877,398,448
5878,398,449
5879,398,450
5880,398,451
5881,398,452
5882,398,453
5883,398,454
5884,398,455
5885,398,456
5886,398,457
5887,398,458
5888,398,459
5889,398,460
5890,398,461
5891,398,462
5892,398,463
5893,398,464
5894,398,465
5895,398,466
5896,398,467
5897,398,468
5898,398,469
5899,398,470
5900,398,471
5901,398,472
5902,398,473
5903,398,474
5904,398,475
5905,398,476
5906,398,477
5907,398,478
5908,398,479
5909,398,480
5910,398,481
5911,398,482
5912,398,483
5913,398,484
5914,398,485
5915,398,486
5916,398,487
5917,398,488
5918,398,489
5919,398,490
5920,398,491
5921,398,492
5922,398,493
5923,398,494
5924,398,495
5925,398,496
5926,398,497
5927,398,498
5928,398,499
5929,398,500
5930,398,501
5931,398,502
5932,398,503
5933,398,504
5934,398,505
5935,398,506
5936,398,507
5937,398,508
5938,398,509
5939,398,510
5940,398,511
5941,398,512
5942,398,513
5943,398,514
5944,398,515
5945,398,516
5946,398,517
5947,398,518
5948,398,519
5949,398,520
5950,398,521
5951,398,522
5952,398,523
5953,398,524
5954,398,525
5955,398,526
5956,398,527
5957,398,528
5958,398,529
5959,398,530
5960,398,531
5961,398,532
5962,398,533
5963,398,534
5964,398,535
5965,398,536
5966,398,537
5967,398,538
5968,398,539
5969,398,540
5970,398,541
5971,398,542
5972,398,543
5973,398,544
5974,398,545
5975,398,546
5976,398,547
5977,398,548
5978,398,549
5979,399,435
5980,399,436
5981,399,437
5982,399,438
5983,399,439
5984,399,440
5985,399,441
5986,399,442
5987,399,443
5988,399,444
5989,399,445
5990,399,446
5991,399,447
5992,399,448
5993,399,449
5994,399,450
5995,399,451
5996,399,452
5997,399,453
5998,399,454
5999,399,455
6000,399,456
6001,399,457
6002,399,458
6003,399,459
6004,399,460
6005,399,461
6006,399,462
6007,399,463
6008,399,464
6009,399,465
6010,399,467
6011,399,468
6012,399,469
6013,399,470
6014,399,471
6015,399,472
6016,399,473
6017,399,474
6018,399,475
6019,399,476
6020,399,477
6021,399,478
6022,399,479
6023,399,480
6024,399,481
6025,399,482
6026,399,483
6027,399,484
6028,399,485
6029,399,486
6030,399,487
6031,399,488
6032,399,489
6033,399,490
6034,399,491
6035,399,492
6036,399,493
6037,399,494
6038,399,495
6039,399,496
6040,399,497
6041,399,498
6042,399,499
6043,399,500
6044,399,501
6045,399,502
6046,399,503
6047,399,504
6048,399,505
6049,399,506
6050,399,507
6051,399,508
6052,399,509
6053,399,510
6054,399,511
6055,399,512
6056,399,513
6057,399,514
6058,399,515
6059,399,516
6060,399,517
6061,399,518
6062,399,519
6063,399,520
6064,399,521
6065,399,522
6066,399,523
6067,399,524
6068,399,525
6069,399,526
6070,399,527
6071,399,528
6072,399,529
6073,399,530
6074,399,531
6075,399,532
6076,399,533
6077,399,534
6078,399,535
6079,399,536
6080,399,537
6081,399,538
6082,399,539
6083,399,540
6084,399,541
6085,399,542
6086,399,543
6087,399,544
6088,399,545
6089,399,546
6090,399,547
6091,399,548
6092,399,549
6093,400,435
6094,400,436
6095,400,437
6096,400,438
6097,400,439
6098,400,440
6099,400,441
6100,400,442
6101,400,443
6102,400,444
6103,400,445
6104,400,446
6105,400,447
6106,400,448
6107,400,449
6108,400,450
6109,400,451
6110,400,452
6111,400,453
6112,400,454
6113,400,455
6114,400,456
6115,400,457
6116,400,458
6117,400,459
6118,400,460
6119,400,461
6120,400,462
6121,400,463
6122,400,464
6123,400,465
6124,400,466
6125,400,467
6126,400,468
6127,400,469
6128,400,470
6129,400,471
6130,400,472
6131,400,473
6132,400,474
6133,400,475
6134,400,476
6135,400,477
6136,400,478
6137,400,479
6138,400,480
6139,400,481
6140,400,482
6141,400,483
6142,400,484
6143,400,485
6144,400,486
6145,400,487
6146,400,488
6147,400,489
6148,400,490
6149,400,491
6150,400,492
6151,400,493
6152,400,494
6153,400,495
6154,400,496
6155,400,497
6156,400,498
6157,400,499
6158,400,500
6159,400,501
6160,400,502
6161,400,503
6162,400,504
6163,400,505
6164,400,506
6165,400,507
6166,400,508
6167,400,509
6168,400,510
6169,400,511
6170,400,512
6171,400,513
6172,400,514
6173,400,515
6174,400,516
6175,400,517
6176,400,518
6177,400,519
6178,400,520
6179,400,521
6180,400,522
6181,400,523
6182,400,524
6183,400,525
6184,400,526
6185,400,527
6186,400,528
6187,400,529
6188,400,530
6189,400,531
6190,400,532
6191,400,533
6192,400,534
6193,400,535
6194,400,536
6195,400,537
6196,400,538
6197,400,539
6198,400,540
6199,400,541
6200,400,542
6201,400,543
6202,400,544
6203,400,545
6204,400,546
6205,400,547
6206,400,548
6207,401,436
6208,401,437
6209,401,438
6210,401,439
6211,401,440
6212,401,441
6213,401,442
6214,401,443
6215,401,444
6216,401,445
6217,401,446
6218,401,447
6219,401,448
6220,401,449
6221,401,450
6222,401,451
6223,401,452
6224,401,453
6225,401,454
6226,401,455
6227,401,456
6228,401,457
6229,401,458
6230,401,459
6231,401,460
6232,401,461
6233,401,462
6234,401,463
6235,401,464
6236,401,465
6237,401,466
6238,401,467
6239,401,468
6240,401,469
6241,401,470
6242,401,471
6243,401,472
6244,401,473
6245,401,474
6246,401,475
6247,401,476
6248,401,477
6249,401,478
6250,401,479
6251,401,480
6252,401,481
6253,401,482
6254,401,483
6255,401,484
6256,401,485
6257,401,486
6258,401,487
6259,401,488
6260,401,489
6261,401,490
6262,401,491
6263,401,492
6264,401,493
6265,401,494
6266,401,495
6267,401,496
6268,401,497
6269,401,498
6270,401,499
6271,401,500
6272,401,501
6273,401,502
6274,401,503
6275,401,504
6276,401,505
6277,401,506
6278,401,507
6279,401,508
6280,401,509
6281,401,510
6282,401,511
6283,401,512
6284,401,513
6285,401,514
6286,401,515
6287,401,516
6288,401,517
6289,401,518
6290,401,519
6291,401,520
6292,401,521
6293,401,522
6294,401,523
6295,401,524
6296,401,525
6297,401,526
6298,401,527
6299,401,528
6300,401,529
6301,401,530
6302,401,531
6303,401,532
6304,401,533
6305,401,534
6306,401,535
6307,401,536
6308,401,537
6309,401,538
6310,401,539
6311,401,540
6312,401,541
6313,401,542
6314,401,543
6315,401,544
6316,401,545
6317,401,546
6318,401,547
6319,401,548
6320,402,436
6321,402,437
6322,402,438
6323,402,439
6324,402,440
6325,402,441
6326,402,442
6327,402,443
6328,402,444
6329,402,445
6330,402,446
6331,402,447
6332,402,448
6333,402,449
6334,402,450
6335,402,451
6336,402,452
6337,402,453
6338,402,454
6339,402,455
6340,402,456
6341,402,457
6342,402,458
6343,402,459
6344,402,460
6345,402,461
6346,402,462
6347,402,463
6348,402,464
6349,402,465
6350,402,466
6351,402,467
6352,402,468
6353,402,469
6354,402,470
6355,402,471
6356,402,472
6357,402,473
6358,402,474
6359,402,475
6360,402,476
6361,402,477
6362,402,478
6363,402,479
6364,402,480
6365,402,481
6366,402,482
6367,402,483
6368,402,484
6369,402,485
6370,402,486
6371,402,487
6372,402,488
6373,402,489
6374,402,490
6375,402,491
6376,402,492
6377,402,493
6378,402,494
6379,402,495
6380,402,496
6381,402,497
6382,402,498
6383,402,499
6384,402,500
6385,402,501
6386,402,502
6387,402,503
6388,402,504
6389,402,505
6390,402,506
6391,402,507
6392,402,508
6393,402,509
6394,402,510
6395,402,511
6396,402,512
6397,402,513
6398,402,514
6399,402,515
6400,402,516
6401,402,517
6402,402,518
6403,402,519
6404,402,520
6405,402,521
6406,402,522
6407,402,523
6408,402,524
6409,402,525
6410,402,526
6411,402,527
6412,402,528
6413,402,529
6414,402,530
6415,402,531
6416,402,532
6417,402,533
6418,402,534
6419,402,535
6420,402,536
6421,402,537
6422,402,538
6423,402,539
6424,402,540
6425,402,541
6426,402,542
6427,402,543
6428,402,544
6429,402,545
6430,402,546
6431,402,547
6432,402,548
6433,403,437
6434,403,438
6435,403,439
6436,403,440
6437,403,441
6438,403,442
6439,403,443
6440,403,444
6441,403,445
6442,403,446
6443,403,447
6444,403,448
6445,403,449
6446,403,450
6447,403,451
6448,403,452
6449,403,453
6450,403,454
6451,403,455
6452,403,456
6453,403,457
6454,403,458
6455,403,459
6456,403,460
6457,403,461
6458,403,462
6459,403,463
6460,403,464
6461,403,465
6462,403,466
6463,403,467
6464,403,468
6465,403,469
6466,403,470
6467,403,471
6468,403,472
6469,403,473
6470,403,474
6471,403,475
6472,403,476
6473,403,477
6474,403,478
6475,403,479
6476,403,480
6477,403,481
6478,403,482
6479,403,483
6480,403,484
6481,403,485
6482,403,486
6483,403,487
6484,403,488
6485,403,489
6486,403,490
6487,403,491
6488,403,492
6489,403,493
6490,403,494
6491,403,495
6492,403,496
6493,403,497
6494,403,498
6495,403,499
6496,403,500
6497,403,501
6498,403,502
6499,403,503
6500,403,504
6501,403,505
6502,403,506
6503,403,507
6504,403,508
6505,403,509
6506,403,510
6507,403,511
6508,403,512
6509,403,513
6510,403,514
6511,403,515
6512,403,516
6513,403,517
6514,403,518
6515,403,519
6516,403,520
6517,403,521
6518,403,522
6519,403,523
6520,403,524
6521,403,525
6522,403,526
6523,403,527
6524,403,528
6525,403,529
6526,403,530
6527,403,531
6528,403,532
6529,403,533
6530,403,534
6531,403,535
6532,403,536
6533,403,537
6534,403,538
6535,403,539
6536,403,540
6537,403,541
6538,403,542
6539,403,543
6540,403,544
6541,403,545
6542,403,546
6543,403,547
6544,404,437
6545,404,438
6546,404,439
6547,404,440
6548,404,441
6549,404,442
6550,404,443
6551,404,444
6552,404,445
6553,404,446
6554,404,447
6555,404,448
6556,404,449
6557,404,450
6558,404,451
6559,404,452
6560,404,453
6561,404,454
6562,404,455
6563,404,456
6564,404,457
6565,404,458
6566,404,459
6567,404,460
6568,404,461
6569,404,462
6570,404,463
6571,404,464
6572,404,465
6573,404,466
6574,404,467
6575,404,468
6576,404,469
6577,404,470
6578,404,471
6579,404,472
6580,404,473
6581,404,474
6582,404,475
6583,404,476
6584,404,477
6585,404,478
6586,404,479
6587,404,480
6588,404,481
6589,404,482
6590,404,483
6591,404,484
6592,404,485
6593,404,486
6594,404,487
6595,404,488
6596,404,489
6597,404,490
6598,404,491
6599,404,492
6600,404,493
6601,404,494
6602,404,495
6603,404,496
6604,404,497
6605,404,498
6606,404,499
6607,404,500
6608,404,501
6609,404,502
6610,404,503
6611,404,504
6612,404,505
6613,404,506
6614,404,507
6615,404,508
6616,404,509
6617,404,510
6618,404,511
6619,404,512
6620,404,513
6621,404,514
6622,404,515
6623,404,516
6624,404,517
6625,404,518
6626,404,519
6627,404,520
6628,404,521
6629,404,522
6630,404,523
6631,404,524
6632,404,525
6633,404,526
6634,404,527
6635,404,528
6636,404,529
6637,404,530
6638,404,531
6639,404,532
6640,404,533
6641,404,534
6642,404,535
6643,404,536
6644,404,537
6645,404,538
6646,404,539
6647,404,540
6648,404,541
6649,404,542
6650,404,543
6651,404,544
6652,404,545
6653,404,546
6654,404,547
6655,405,437
6656,405,438
6657,405,439
6658,405,440
6659,405,441
6660,405,442
6661,405,443
6662,405,444
6663,405,445
6664,405,446
6665,405,447
6666,405,448
6667,405,449
6668,405,450
6669,405,451
6670,405,452
6671,405,453
6672,405,454
6673,405,455
6674,405,456
6675,405,457
6676,405,458
6677,405,459
6678,405,460
6679,405,461
6680,405,462
6681,405,463
6682,405,464
6683,405,465
6684,405,466
6685,405,467
6686,405,468
6687,405,469
6688,405,470
6689,405,471
6690,405,472
6691,405,473
6692,405,474
6693,405,475
6694,405,476
6695,405,477
6696,405,478
6697,405,479
6698,405,480
6699,405,481
6700,405,482
6701,405,483
6702,405,484
6703,405,485
6704,405,486
6705,405,487
6706,405,488
6707,405,489
6708,405,490
6709,405,491
6710,405,492
6711,405,493
6712,405,494
6713,405,495
6714,405,496
6715,405,497
6716,405,498
6717,405,499
6718,405,500
6719,405,501
6720,405,502
6721,405,503
6722,405,504
6723,405,505
6724,405,506
6725,405,507
6726,405,508
6727,405,509
6728,405,510
6729,405,511
6730,405,512
6731,405,513
6732,405,514
6733,405,515
6734,405,516
6735,405,517
6736,405,518
6737,405,519
6738,405,520
6739,405,521
6740,405,522
6741,405,523
6742,405,524
6743,405,525
6744,405,526
6745,405,527
6746,405,528
6747,405,529
6748,405,530
6749,405,531
6750,405,532
6751,405,533
6752,405,534
6753,405,535
6754,405,536
6755,405,537
6756,405,538
6757,405,539
6758,405,540
6759,405,541
6760,405,542
6761,405,543
6762,405,544
6763,405,545
6764,405,546
6765,405,547
6766,406,437
6767,406,438
6768,406,439
6769,406,440
6770,406,441
6771,406,442
6772,406,443
6773,406,444
6774,406,445
6775,406,446
6776,406,447
6777,406,448
6778,406,449
6779,406,450
6780,406,451
6781,406,452
6782,406,453
6783,406,454
6784,406,455
6785,406,456
6786,406,457
6787,406,458
6788,406,459
6789,406,460
6790,406,461
6791,406,462
6792,406,463
6793,406,464
6794,406,465
6795,406,466
6796,406,467
6797,406,468
6798,406,469
6799,406,470
6800,406,471
6801,406,472
6802,406,473
6803,406,474
6804,406,475
6805,406,476
6806,406,477
6807,406,478
6808,406,479
6809,406,480
6810,406,481
6811,406,482
6812,406,483
6813,406,484
6814,406,485
6815,406,486
6816,406,487
6817,406,488
6818,406,489
6819,406,490
6820,406,491
6821,406,492
6822,406,493
6823,406,494
6824,406,495
6825,406,496
6826,406,497
6827,406,498
6828,406,499
6829,406,500
6830,406,501
6831,406,502
6832,406,503
6833,406,504
6834,406,505
6835,406,506
6836,406,507
6837,406,508
6838,406,509
6839,406,510
6840,406,511
6841,406,512
6842,406,513
6843,406,514
6844,406,515
6845,406,516
6846,406,517
6847,406,518
6848,406,519
6849,406,520
6850,406,521
6851,406,522
6852,406,523
6853,406,524
6854,406,525
6855,406,526
6856,406,527
6857,406,528
6858,406,529
6859,406,530
6860,406,531
6861,406,532
6862,406,533
6863,406,534
6864,406,535
6865,406,536
6866,406,537
6867,406,538
6868,406,539
6869,406,540
6870,406,541
6871,406,542
6872,406,543
6873,406,544
6874,406,545
6875,406,546
6876,406,547
6877,407,438
6878,407,439
6879,407,440
6880,407,441
6881,407,442
6882,407,443
6883,407,444
6884,407,445
6885,407,446
6886,407,447
6887,407,448
6888,407,449
6889,407,450
6890,407,451
6891,407,452
6892,407,453
6893,407,454
6894,407,455
6895,407,456
6896,407,457
6897,407,458
6898,407,459
6899,407,460
6900,407,461
6901,407,462
6902,407,463
6903,407,464
6904,407,465
6905,407,466
6906,407,467
6907,407,468
6908,407,469
6909,407,470
6910,407,471
6911,407,472
6912,407,473
6913,407,474
6914,407,475
6915,407,476
6916,407,477
6917,407,478
6918,407,479
6919,407,480
6920,407,481
6921,407,482
6922,407,483
6923,407,484
6924,407,485
6925,407,486
6926,407,487
6927,407,488
6928,407,489
6929,407,490
6930,407,491
6931,407,492
6932,407,493
6933,407,494
6934,407,495
6935,407,496
6936,407,497
6937,407,498
6938,407,499
6939,407,500
6940,407,501
6941,407,502
6942,407,503
6943,407,504
6944,407,505
6945,407,506
6946,407,507
6947,407,508
6948,407,509
6949,407,510
6950,407,511
6951,407,512
6952,407,513
6953,407,514
6954,407,515
6955,407,516
6956,407,517
6957,407,518
6958,407,519
6959,407,520
6960,407,521
6961,407,522
6962,407,523
6963,407,524
6964,407,525
6965,407,526
6966,407,527
6967,407,528
6968,407,529
6969,407,530
6970,407,531
6971,407,532
6972,407,533
6973,407,534
6974,407,535
6975,407,536
6976,407,537
6977,407,538
6978,407,539
6979,407,540
6980,407,541
6981,407,542
6982,407,543
6983,407,544
6984,407,545
6985,407,546
6986,407,547
6987,408,438
6988,408,439
6989,408,440
6990,408,441
6991,408,442
6992,408,443
6993,408,444
6994,408,445
6995,408,446
6996,408,447
6997,408,448
6998,408,449
6999,408,450
7000,408,451
7001,408,452
7002,408,453
7003,408,454
7004,408,455
7005,408,456
7006,408,457
7007,408,458
7008,408,459
7009,408,460
7010,408,461
7011,408,462
7012,408,463
7013,408,464
7014,408,465
7015,408,466
7016,408,467
7017,408,468
7018,408,469
7019,408,470
7020,408,471
7021,408,472
7022,408,473
7023,408,474
7024,408,475
7025,408,476
7026,408,477
7027,408,478
7028,408,479
7029,408,480
7030,408,481
7031,408,482
7032,408,483
7033,408,484
7034,408,485
7035,408,486
7036,408,487
7037,408,488
7038,408,489
7039,408,490
7040,408,491
7041,408,492
7042,408,493
7043,408,494
7044,408,495
7045,408,496
7046,408,497
7047,408,498
7048,408,499
7049,408,500
7050,408,501
7051,408,502
7052,408,503
7053,408,504
7054,408,505
7055,408,506
7056,408,507
7057,408,508
7058,408,509
7059,408,510
7060,408,511
7061,408,512
7062,408,513
7063,408,514
7064,408,515
7065,408,516
7066,408,517
7067,408,518
7068,408,519
7069,408,520
7070,408,521
7071,408,522
7072,408,523
7073,408,524
7074,408,525
7075,408,526
7076,408,527
7077,408,528
7078,408,529
7079,408,530
7080,408,531
7081,408,532
7082,408,533
7083,408,534
7084,408,535
7085,408,536
7086,408,537
7087,408,538
7088,408,539
7089,408,540
7090,408,541
7091,408,542
7092,408,543
7093,408,544
7094,408,545
7095,408,546
7096,409,439
7097,409,440
7098,409,441
7099,409,442
7100,409,443
7101,409,444
7102,409,445
7103,409,446
7104,409,447
7105,409,448
7106,409,449
7107,409,450
7108,409,451
7109,409,452
7110,409,453
7111,409,454
7112,409,455
7113,409,456
7114,409,457
7115,409,458
7116,409,459
7117,409,460
7118,409,461
7119,409,462
7120,409,463
7121,409,464
7122,409,465
7123,409,466
7124,409,467
7125,409,468
7126,409,469
7127,409,470
7128,409,471
7129,409,472
7130,409,473
7131,409,474
7132,409,475
7133,409,476
7134,409,477
7135,409,478
7136,409,479
7137,409,480
7138,409,481
7139,409,482
7140,409,483
7141,409,484
7142,409,485
7143,409,486
7144,409,487
7145,409,488
7146,409,489
7147,409,490
7148,409,491
7149,409,492
7150,409,493
7151,409,494
7152,409,495
7153,409,496
7154,409,497
7155,409,498
7156,409,499
7157,409,500
7158,409,501
7159,409,502
7160,409,503
7161,409,504
7162,409,505
7163,409,506
7164,409,507
7165,409,508
7166,409,509
7167,409,510
7168,409,511
7169,409,512
7170,409,513
7171,409,514
7172,409,515
7173,409,516
7174,409,517
7175,409,518
7176,409,519
7177,409,520
7178,409,521
7179,409,522
7180,409,523
7181,409,524
7182,409,525
7183,409,526
7184,409,527
7185,409,528
7186,409,529
7187,409,530
7188,409,531
7189,409,532
7190,409,533
7191,409,534
7192,409,535
7193,409,536
7194,409,537
7195,409,538
7196,409,539
7197,409,540
7198,409,541
7199,409,542
7200,409,543
7201,409,544
7202,409,545
7203,410,439
7204,410,440
7205,410,441
7206,410,442
7207,410,443
7208,410,444
7209,410,445
7210,410,446
7211,410,447
7212,410,448
7213,410,449
7214,410,450
7215,410,451
7216,410,452
7217,410,453
7218,410,454
7219,410,455
7220,410,456
7221,410,457
7222,410,458
7223,410,459
7224,410,460
7225,410,461
7226,410,462
7227,410,463
7228,410,464
7229,410,465
7230,410,466
7231,410,467
7232,410,468
7233,410,469
7234,410,470
7235,410,471
7236,410,472
7237,410,473
7238,410,474
7239,410,475
7240,410,476
7241,410,477
7242,410,478
7243,410,479
7244,410,480
7245,410,481
7246,410,482
7247,410,483
7248,410,484
7249,410,485
7250,410,486
7251,410,487
7252,410,488
7253,410,489
7254,410,490
7255,410,491
7256,410,492
7257,410,493
7258,410,494
7259,410,495
7260,410,496
7261,410,497
7262,410,498
7263,410,499
7264,410,500
7265,410,501
7266,410,502
7267,410,503
7268,410,504
7269,410,505
7270,410,506
7271,410,507
7272,410,508
7273,410,509
7274,410,510
7275,410,511
7276,410,512
7277,410,513
7278,410,514
7279,410,515
7280,410,516
7281,410,517
7282,410,518
7283,410,519
7284,410,520
7285,410,521
7286,410,522
7287,410,523
7288,410,524
7289,410,525
7290,410,526
7291,410,527
7292,410,528
7293,410,529
7294,410,530
7295,410,531
7296,410,532
7297,410,533
7298,410,534
7299,410,535
7300,410,536
7301,410,537
7302,410,538
7303,410,539
7304,410,540
7305,410,541
7306,410,542
7307,410,543
7308,410,544
7309,410,545
7310,411,439
7311,411,440
7312,411,441
7313,411,442
7314,411,443
7315,411,444
7316,411,445
7317,411,446
7318,411,447
7319,411,448
7320,411,449
7321,411,450
7322,411,451
7323,411,452
7324,411,453
7325,411,454
7326,411,455
7327,411,456
7328,411,457
7329,411,458
7330,411,459
7331,411,460
7332,411,461
7333,411,462
7334,411,463
7335,411,464
7336,411,465
7337,411,466
7338,411,467
7339,411,468
7340,411,469
7341,411,470
7342,411,471
7343,411,472
7344,411,473
7345,411,474
7346,411,475
7347,411,476
7348,411,477
7349,411,478
7350,411,479
7351,411,480
7352,411,481
7353,411,482
7354,411,483
7355,411,484
7356,411,485
7357,411,486
7358,411,487
7359,411,488
7360,411,489
7361,411,490
7362,411,491
7363,411,492
7364,411,493
7365,411,494
7366,411,495
7367,411,496
7368,411,497
7369,411,498
7370,411,499
7371,411,500
7372,411,501
7373,411,502
7374,411,503
7375,411,504
7376,411,505
7377,411,506
7378,411,507
7379,411,508
7380,411,509
7381,411,510
7382,411,511
7383,411,512
7384,411,513
7385,411,514
7386,411,515
7387,411,516
7388,411,517
7389,411,518
7390,411,519
7391,411,520
7392,411,521
7393,411,522
7394,411,523
7395,411,524
7396,411,525
7397,411,526
7398,411,527
7399,411,528
7400,411,529
7401,411,530
7402,411,531
7403,411,532
7404,411,533
7405,411,534
7406,411,535
7407,411,536
7408,411,537
7409,411,538
7410,411,539
7411,411,540
7412,411,541
7413,411,542
7414,411,543
7415,411,544
7416,412,439
7417,412,440
7418,412,441
7419,412,442
7420,412,443
7421,412,444
7422,412,445
7423,412,446
7424,412,447
7425,412,448
7426,412,449
7427,412,450
7428,412,451
7429,412,452
7430,412,453
7431,412,454
7432,412,455
7433,412,456
7434,412,457
7435,412,458
7436,412,459
7437,412,460
7438,412,461
7439,412,462
7440,412,463
7441,412,464
7442,412,465
7443,412,466
7444,412,467
7445,412,468
7446,412,469
7447,412,470
7448,412,471
7449,412,472
7450,412,473
7451,412,474
7452,412,475
7453,412,476
7454,412,477
7455,412,478
7456,412,479
7457,412,480
7458,412,481
7459,412,482
7460,412,483
7461,412,484
7462,412,485
7463,412,486
7464,412,487
7465,412,488
7466,412,489
7467,412,490
7468,412,491
7469,412,492
7470,412,493
7471,412,494
7472,412,495
7473,412,496
7474,412,497
7475,412,498
7476,412,499
7477,412,500
7478,412,501
7479,412,502
7480,412,503
7481,412,504
7482,412,505
7483,412,506
7484,412,507
7485,412,508
7486,412,509
7487,412,510
7488,412,511
7489,412,512
7490,412,513
7491,412,514
7492,412,515
7493,412,516
7494,412,517
7495,412,518
7496,412,519
7497,412,520
7498,412,521
7499,412,522
7500,412,523
7501,412,524
7502,412,525
7503,412,526
7504,412,527
7505,412,528
7506,412,529
7507,412,530
7508,412,531
7509,412,532
7510,412,533
7511,412,534
7512,412,535
7513,412,536
7514,412,537
7515,412,538
7516,412,539
7517,412,540
7518,412,541
7519,412,542
7520,412,543
7521,412,544
7522,413,439
7523,413,440
7524,413,441
7525,413,442
7526,413,443
7527,413,444
7528,413,445
7529,413,446
7530,413,447
7531,413,448
7532,413,449
7533,413,450
7534,413,451
7535,413,452
7536,413,453
7537,413,454
7538,413,455
7539,413,456
7540,413,457
7541,413,458
7542,413,459
7543,413,460
7544,413,461
7545,413,462
7546,413,463
7547,413,464
7548,413,465
7549,413,466
7550,413,467
7551,413,468
7552,413,469
7553,413,470
7554,413,471
7555,413,472
7556,413,473
7557,413,474
7558,413,475
7559,413,476
7560,413,477
7561,413,478
7562,413,479
7563,413,480
7564,413,481
7565,413,482
7566,413,483
7567,413,484
7568,413,485
7569,413,486
7570,413,487
7571,413,488
7572,413,489
7573,413,490
7574,413,491
7575,413,492
7576,413,493
7577,413,494
7578,413,495
7579,413,496
7580,413,497
7581,413,498
7582,413,499
7583,413,500
7584,413,501
7585,413,502
7586,413,503
7587,413,504
7588,413,505
7589,413,506
7590,413,507
7591,413,508
7592,413,509
7593,413,510
7594,413,511
7595,413,512
7596,413,513
7597,413,514
7598,413,515
7599,413,516
7600,413,517
7601,413,518
7602,413,519
7603,413,520
7604,413,521
7605,413,522
7606,413,523
7607,413,524
7608,413,525
7609,413,526
7610,413,527
7611,413,528
7612,413,529
7613,413,530
7614,413,531
7615,413,532
7616,413,533
7617,413,534
7618,413,535
7619,413,536
7620,413,537
7621,413,538
7622,413,539
7623,413,540
7624,413,541
7625,413,542
7626,413,543
7627,414,440
7628,414,441
7629,414,442
7630,414,443
7631,414,444
7632,414,445
7633,414,446
7634,414,447
7635,414,448
7636,414,449
7637,414,450
7638,414,451
7639,414,452
7640,414,453
7641,414,454
7642,414,455
7643,414,456
7644,414,457
7645,414,458
7646,414,459
7647,414,460
7648,414,461
7649,414,462
7650,414,463
7651,414,464
7652,414,465
7653,414,466
7654,414,467
7655,414,468
7656,414,469
7657,414,470
7658,414,471
7659,414,472
7660,414,473
7661,414,474
7662,414,475
7663,414,476
7664,414,477
7665,414,478
7666,414,479
7667,414,480
7668,414,481
7669,414,482
7670,414,483
7671,414,484
7672,414,485
7673,414,486
7674,414,487
7675,414,488
7676,414,489
7677,414,490
7678,414,491
7679,414,492
7680,414,493
7681,414,494
7682,414,495
7683,414,496
7684,414,497
7685,414,498
7686,414,499
7687,414,500
7688,414,501
7689,414,502
7690,414,503
7691,414,504
7692,414,505
7693,414,506
7694,414,507
7695,414,508
7696,414,509
7697,414,510
7698,414,511
7699,414,512
7700,414,513
7701,414,514
7702,414,515
7703,414,516
7704,414,517
7705,414,518
7706,414,519
7707,414,520
7708,414,521
7709,414,522
7710,414,523
7711,414,524
7712,414,525
7713,414,526
7714,414,527
7715,414,528
7716,414,529
7717,414,530
7718,414,531
7719,414,532
7720,414,533
7721,414,534
7722,414,535
7723,414,536
7724,414,537
7725,414,538
7726,414,539
7727,414,540
7728,414,541
7729,414,542
7730,414,543
7731,414,544
7732,415,440
7733,415,441
7734,415,442
7735,415,443
7736,415,444
7737,415,445
7738,415,446
7739,415,447
7740,415,448
7741,415,449
7742,415,450
7743,415,451
7744,415,452
7745,415,453
7746,415,454
7747,415,455
7748,415,456
7749,415,457
7750,415,458
7751,415,459
7752,415,460
7753,415,461
7754,415,462
7755,415,463
7756,415,464
7757,415,465
7758,415,466
7759,415,467
7760,415,468
7761,415,469
7762,415,470
7763,415,471
7764,415,472
7765,415,473
7766,415,474
7767,415,475
7768,415,476
7769,415,477
7770,415,478
7771,415,479
7772,415,480
7773,415,481
7774,415,482
7775,415,483
7776,415,484
7777,415,485
7778,415,486
7779,415,487
7780,415,488
7781,415,489
7782,415,490
7783,415,491
7784,415,492
7785,415,493
7786,415,494
7787,415,495
7788,415,496
7789,415,497
7790,415,498
7791,415,499
7792,415,500
7793,415,501
7794,415,502
7795,415,503
7796,415,504
7797,415,505
7798,415,506
7799,415,507
7800,415,508
7801,415,509
7802,415,510
7803,415,511
7804,415,512
7805,415,513
7806,415,514
7807,415,515
7808,415,516
7809,415,517
7810,415,518
7811,415,519
7812,415,520
7813,415,521
7814,415,522
7815,415,523
7816,415,524
7817,415,525
7818,415,526
7819,415,527
7820,415,528
7821,415,529
7822,415,530
7823,415,531
7824,415,532
7825,415,533
7826,415,534
7827,415,535
7828,415,536
7829,415,537
7830,415,538
7831,415,539
7832,415,540
7833,415,541
7834,415,542
7835,415,543
7836,415,544
7837,415,545
7838,416,440
7839,416,441
7840,416,442
7841,416,443
7842,416,444
7843,416,445
7844,416,446
7845,416,447
7846,416,448
7847,416,449
7848,416,450
7849,416,451
7850,416,452
7851,416,453
7852,416,454
7853,416,455
7854,416,456
7855,416,457
7856,416,458
7857,416,459
7858,416,460
7859,416,461
7860,416,462
7861,416,463
7862,416,464
7863,416,465
7864,416,466
7865,416,467
7866,416,468
7867,416,469
7868,416,470
7869,416,471
7870,416,472
7871,416,473
7872,416,474
7873,416,475
7874,416,476
7875,416,477
7876,416,478
7877,416,479
7878,416,480
7879,416,481
7880,416,482
7881,416,483
7882,416,484
7883,416,485
7884,416,486
7885,416,487
7886,416,488
7887,416,489
7888,416,490
7889,416,491
7890,416,492
7891,416,493
7892,416,494
7893,416,495
7894,416,496
7895,416,497
7896,416,498
7897,416,499
7898,416,500
7899,416,501
7900,416,502
7901,416,503
7902,416,504
7903,416,505
7904,416,506
7905,416,507
7906,416,508
7907,416,509
7908,416,510
7909,416,511
7910,416,512
7911,416,513
7912,416,514
7913,416,515
7914,416,516
7915,416,517
7916,416,518
7917,416,519
7918,416,520
7919,416,521
7920,416,522
7921,416,523
7922,416,524
7923,416,525
7924,416,526
7925,416,527
7926,416,528
7927,416,529
7928,416,530
7929,416,531
7930,416,532
7931,416,533
7932,416,534
7933,416,535
7934,416,536
7935,416,537
7936,416,538
7937,416,539
7938,416,540
7939,416,541
7940,416,542
7941,416,543
7942,416,544
7943,416,545
7944,417,441
7945,417,442
7946,417,443
7947,417,444
7948,417,445
7949,417,446
7950,417,447
7951,417,448
7952,417,449
7953,417,450
7954,417,451
7955,417,452
7956,417,453
7957,417,454
7958,417,455
7959,417,456
7960,417,457
7961,417,458
7962,417,459
7963,417,460
7964,417,461
7965,417,462
7966,417,463
7967,417,464
7968,417,465
7969,417,466
7970,417,467
7971,417,468
7972,417,469
7973,417,470
7974,417,471
7975,417,472
7976,417,473
7977,417,474
7978,417,475
7979,417,476
7980,417,477
7981,417,478
7982,417,479
7983,417,480
7984,417,481
7985,417,482
7986,417,483
7987,417,484
7988,417,485
7989,417,486
7990,417,487
7991,417,488
7992,417,489
7993,417,490
7994,417,491
7995,417,492
7996,417,493
7997,417,494
7998,417,495
7999,417,496
8000,417,497
8001,417,498
8002,417,499
8003,417,500
8004,417,501
8005,417,502
8006,417,503
8007,417,504
8008,417,505
8009,417,506
8010,417,507
8011,417,508
8012,417,509
8013,417,510
8014,417,511
8015,417,512
8016,417,513
8017,417,514
8018,417,515
8019,417,516
8020,417,517
8021,417,518
8022,417,519
8023,417,520
8024,417,521
8025,417,522
8026,417,523
8027,417,524
8028,417,525
8029,417,526
8030,417,527
8031,417,528
8032,417,529
8033,417,530
8034,417,531
8035,417,532
8036,417,533
8037,417,534
8038,417,535
8039,417,536
8040,417,537
8041,417,538
8042,417,539
8043,417,540
8044,417,541
8045,417,542
8046,417,543
8047,417,544
8048,417,545
8049,418,441
8050,418,442
8051,418,443
8052,418,444
8053,418,445
8054,418,446
8055,418,447
8056,418,448
8057,418,449
8058,418,450
8059,418,451
8060,418,452
8061,418,453
8062,418,454
8063,418,455
8064,418,456
8065,418,457
8066,418,458
8067,418,459
8068,418,460
8069,418,461
8070,418,462
8071,418,463
8072,418,464
8073,418,465
8074,418,466
8075,418,467
8076,418,468
8077,418,469
8078,418,470
8079,418,471
8080,418,472
8081,418,473
8082,418,474
8083,418,475
8084,418,476
8085,418,477
8086,418,478
8087,418,479
8088,418,480
8089,418,481
8090,418,482
8091,418,483
8092,418,484
8093,418,485
8094,418,486
8095,418,487
8096,418,488
8097,418,489
8098,418,490
8099,418,491
8100,418,492
8101,418,493
8102,418,494
8103,418,495
8104,418,496
8105,418,497
8106,418,498
8107,418,499
8108,418,500
8109,418,501
8110,418,502
8111,418,503
8112,418,504
8113,418,505
8114,418,506
8115,418,507
8116,418,508
8117,418,509
8118,418,510
8119,418,511
8120,418,512
8121,418,513
8122,418,514
8123,418,515
8124,418,516
8125,418,517
8126,418,518
8127,418,519
8128,418,520
8129,418,521
8130,418,522
8131,418,523
8132,418,524
8133,418,525
8134,418,526
8135,418,527
8136,418,528
8137,418,529
8138,418,530
8139,418,531
8140,418,532
8141,418,533
8142,418,534
8143,418,535
8144,418,536
8145,418,537
8146,418,538
8147,418,539
8148,418,540
8149,418,541
8150,418,542
8151,418,543
8152,418,544
8153,418,545
8154,419,442
8155,419,443
8156,419,444
8157,419,445
8158,419,446
8159,419,447
8160,419,448
8161,419,449
8162,419,450
8163,419,451
8164,419,452
8165,419,453
8166,419,454
8167,419,455
8168,419,456
8169,419,457
8170,419,458
8171,419,459
8172,419,460
8173,419,461
8174,419,462
8175,419,463
8176,419,464
8177,419,465
8178,419,466
8179,419,467
8180,419,468
8181,419,469
8182,419,470
8183,419,471
8184,419,472
8185,419,473
8186,419,474
8187,419,475
8188,419,476
8189,419,477
8190,419,478
8191,419,479
8192,419,480
8193,419,481
8194,419,482
8195,419,483
8196,419,484
8197,419,485
8198,419,486
8199,419,487
8200,419,488
8201,419,489
8202,419,490
8203,419,491
8204,419,492
8205,419,493
8206,419,494
8207,419,495
8208,419,496
8209,419,497
8210,419,498
8211,419,499
8212,419,500
8213,419,501
8214,419,502
8215,419,503
8216,419,504
8217,419,505
8218,419,506
8219,419,507
8220,419,508
8221,419,509
8222,419,510
8223,419,511
8224,419,512
8225,419,513
8226,419,514
8227,419,515
8228,419,516
8229,419,517
8230,419,518
8231,419,519
8232,419,520
8233,419,521
8234,419,522
8235,419,523
8236,419,524
8237,419,525
8238,419,526
8239,419,527
8240,419,528
8241,419,529
8242,419,530
8243,419,531
8244,419,532
8245,419,533
8246,419,534
8247,419,535
8248,419,536
8249,419,537
8250,419,538
8251,419,539
8252,419,540
8253,419,541
8254,419,542
8255,419,543
8256,419,544
8257,419,545
8258,420,442
8259,420,443
8260,420,444
8261,420,445
8262,420,446
8263,420,447
8264,420,448
8265,420,449
8266,420,450
8267,420,451
8268,420,452
8269,420,453
8270,420,454
8271,420,455
8272,420,456
8273,420,457
8274,420,458
8275,420,459
8276,420,460
8277,420,461
8278,420,462
8279,420,463
8280,420,464
8281,420,465
8282,420,466
8283,420,467
8284,420,468
8285,420,469
8286,420,470
8287,420,471
8288,420,472
8289,420,473
8290,420,474
8291,420,475
8292,420,476
8293,420,477
8294,420,478
8295,420,479
8296,420,480
8297,420,481
8298,420,482
8299,420,483
8300,420,484
8301,420,485
8302,420,486
8303,420,487
8304,420,488
8305,420,489
8306,420,490
8307,420,491
8308,420,492
8309,420,493
8310,420,494
8311,420,495
8312,420,496
8313,420,497
8314,420,498
8315,420,499
8316,420,500
8317,420,501
8318,420,502
8319,420,503
8320,420,504
8321,420,505
8322,420,506
8323,420,507
8324,420,508
8325,420,509
8326,420,510
8327,420,511
8328,420,512
8329,420,513
8330,420,514
8331,420,515
8332,420,516
8333,420,517
8334,420,518
8335,420,519
8336,420,520
8337,420,521
8338,420,522
8339,420,523
8340,420,524
8341,420,525
8342,420,526
8343,420,527
8344,420,528
8345,420,529
8346,420,530
8347,420,531
8348,420,532
8349,420,533
8350,420,534
8351,420,535
8352,420,536
8353,420,537
8354,420,538
8355,420,539
8356,420,540
8357,420,541
8358,420,542
8359,420,543
8360,420,544
8361,420,545
8362,421,443
8363,421,444
8364,421,445
8365,421,446
8366,421,447
8367,421,448
8368,421,449
8369,421,450
8370,421,451
8371,421,452
8372,421,453
8373,421,454
8374,421,455
8375,421,456
8376,421,457
8377,421,458
8378,421,459
8379,421,460
8380,421,461
8381,421,462
8382,421,463
8383,421,464
8384,421,465
8385,421,466
8386,421,467
8387,421,468
8388,421,469
8389,421,470
8390,421,471
8391,421,472
8392,421,473
8393,421,474
8394,421,475
8395,421,476
8396,421,477
8397,421,478
8398,421,479
8399,421,480
8400,421,481
8401,421,482
8402,421,483
8403,421,484
8404,421,485
8405,421,486
8406,421,487
8407,421,488
8408,421,489
8409,421,490
8410,421,491
8411,421,492
8412,421,493
8413,421,494
8414,421,495
8415,421,496
8416,421,497
8417,421,498
8418,421,499
8419,421,500
8420,421,501
8421,421,502
8422,421,503
8423,421,504
8424,421,505
8425,421,506
8426,421,507
8427,421,508
8428,421,509
8429,421,510
8430,421,511
8431,421,512
8432,421,513
8433,421,514
8434,421,515
8435,421,516
8436,421,517
8437,421,518
8438,421,519
8439,421,520
8440,421,521
8441,421,522
8442,421,523
8443,421,524
8444,421,525
8445,421,526
8446,421,527
8447,421,528
8448,421,529
8449,421,530
8450,421,531
8451,421,532
8452,421,533
8453,421,534
8454,421,535
8455,421,536
8456,421,537
8457,421,538
8458,421,539
8459,421,540
8460,421,541
8461,421,542
8462,421,543
8463,421,544
8464,421,545
8465,421,546
8466,422,444
8467,422,445
8468,422,446
8469,422,447
8470,422,448
8471,422,449
8472,422,450
8473,422,451
8474,422,452
8475,422,453
8476,422,454
8477,422,455
8478,422,456
8479,422,457
8480,422,458
8481,422,459
8482,422,460
8483,422,461
8484,422,462
8485,422,463
8486,422,464
8487,422,465
8488,422,466
8489,422,467
8490,422,468
8491,422,469
8492,422,470
8493,422,471
8494,422,472
8495,422,473
8496,422,474
8497,422,475
8498,422,476
8499,422,477
8500,422,478
8501,422,479
8502,422,480
8503,422,481
8504,422,482
8505,422,483
8506,422,484
8507,422,485
8508,422,486
8509,422,487
8510,422,488
8511,422,489
8512,422,490
8513,422,491
8514,422,492
8515,422,493
8516,422,494
8517,422,495
8518,422,496
8519,422,497
8520,422,498
8521,422,499
8522,422,500
8523,422,501
8524,422,502
8525,422,503
8526,422,504
8527,422,505
8528,422,506
8529,422,507
8530,422,508
8531,422,509
8532,422,510
8533,422,511
8534,422,512
8535,422,513
8536,422,514
8537,422,515
8538,422,516
8539,422,517
8540,422,518
8541,422,519
8542,422,520
8543,422,521
8544,422,522
8545,422,523
8546,422,524
8547,422,525
8548,422,526
8549,422,527
8550,422,528
8551,422,529
8552,422,530
8553,422,531
8554,422,532
8555,422,533
8556,422,534
8557,422,535
8558,422,536
8559,422,537
8560,422,538
8561,422,539
8562,422,540
8563,422,541
8564,422,542
8565,422,543
8566,422,544
8567,422,545
8568,422,546
8569,422,547
8570,423,445
8571,423,446
8572,423,447
8573,423,448
8574,423,449
8575,423,450
8576,423,451
8577,423,452
8578,423,453
8579,423,454
8580,423,455
8581,423,456
8582,423,457
8583,423,458
8584,423,459
8585,423,460
8586,423,461
8587,423,462
8588,423,463
8589,423,464
8590,423,465
8591,423,466
8592,423,467
8593,423,468
8594,423,469
8595,423,470
8596,423,471
8597,423,472
8598,423,473
8599,423,474
8600,423,475
8601,423,476
8602,423,477
8603,423,478
8604,423,479
8605,423,480
8606,423,481
8607,423,482
8608,423,483
8609,423,484
8610,423,485
8611,423,486
8612,423,487
8613,423,488
8614,423,489
8615,423,490
8616,423,491
8617,423,492
8618,423,493
8619,423,494
8620,423,495
8621,423,496
8622,423,497
8623,423,498
8624,423,499
8625,423,500
8626,423,501
8627,423,502
8628,423,503
8629,423,504
8630,423,505
8631,423,506
8632,423,507
8633,423,508
8634,423,509
8635,423,510
8636,423,511
8637,423,512
8638,423,513
8639,423,514
8640,423,515
8641,423,516
8642,423,517
8643,423,518
8644,423,519
8645,423,520
8646,423,521
8647,423,522
8648,423,523
8649,423,524
8650,423,525
8651,423,526
8652,423,527
8653,423,528
8654,423,529
8655,423,530
8656,423,531
8657,423,532
8658,423,533
8659,423,534
8660,423,535
8661,423,536
8662,423,537
8663,423,538
8664,423,539
8665,423,540
8666,423,541
8667,423,542
8668,423,543
8669,423,544
8670,423,545
8671,423,546
8672,423,547
8673,424,446
8674,424,447
8675,424,448
8676,424,449
8677,424,450
8678,424,451
8679,424,452
8680,424,453
8681,424,454
8682,424,455
8683,424,456
8684,424,457
8685,424,458
8686,424,459
8687,424,460
8688,424,461
8689,424,462
8690,424,463
8691,424,464
8692,424,465
8693,424,466
8694,424,467
8695,424,468
8696,424,469
8697,424,470
8698,424,471
8699,424,472
8700,424,473
8701,424,474
8702,424,475
8703,424,476
8704,424,477
8705,424,478
8706,424,479
8707,424,480
8708,424,481
8709,424,482
8710,424,483
8711,424,484
8712,424,485
8713,424,486
8714,424,487
8715,424,488
8716,424,489
8717,424,490
8718,424,491
8719,424,492
8720,424,493
8721,424,494
8722,424,495
8723,424,496
8724,424,497
8725,424,498
8726,424,499
8727,424,500
8728,424,501
8729,424,502
8730,424,503
8731,424,504
8732,424,505
8733,424,506
8734,424,507
8735,424,508
8736,424,509
8737,424,510
8738,424,511
8739,424,512
8740,424,513
8741,424,514
8742,424,515
8743,424,516
8744,424,517
8745,424,518
8746,424,519
8747,424,520
8748,424,521
8749,424,522
8750,424,523
8751,424,524
8752,424,525
8753,424,526
8754,424,527
8755,424,528
8756,424,529
8757,424,530
8758,424,531
8759,424,532
8760,424,533
8761,424,534
8762,424,535
8763,424,536
8764,424,537
8765,424,538
8766,424,539
8767,424,540
8768,424,541
8769,424,542
8770,424,543
8771,424,544
8772,424,545
8773,424,546
8774,424,547
8775,425,447
8776,425,448
8777,425,449
8778,425,450
8779,425,451
8780,425,452
8781,425,453
8782,425,454
8783,425,455
8784,425,456
8785,425,457
8786,425,458
8787,425,459
8788,425,460
8789,425,461
8790,425,462
8791,425,463
8792,425,464
8793,425,465
8794,425,466
8795,425,467
8796,425,468
8797,425,469
8798,425,470
8799,425,471
8800,425,472
8801,425,473
8802,425,474
8803,425,475
8804,425,476
8805,425,477
8806,425,478
8807,425,479
8808,425,480
8809,425,481
8810,425,482
8811,425,483
8812,425,484
8813,425,485
8814,425,486
8815,425,487
8816,425,488
8817,425,489
8818,425,490
8819,425,491
8820,425,492
8821,425,493
8822,425,494
8823,425,495
8824,425,496
8825,425,497
8826,425,498
8827,425,499
8828,425,500
8829,425,501
8830,425,502
8831,425,503
8832,425,504
8833,425,505
8834,425,506
8835,425,507
8836,425,508
8837,425,509
8838,425,510
8839,425,511
8840,425,512
8841,425,513
8842,425,514
8843,425,515
8844,425,516
8845,425,517
8846,425,518
8847,425,519
8848,425,520
8849,425,521
8850,425,522
8851,425,523
8852,425,524
8853,425,525
8854,425,526
8855,425,527
8856,425,528
8857,425,529
8858,425,530
8859,425,531
8860,425,532
8861,425,533
8862,425,534
8863,425,535
8864,425,536
8865,425,537
8866,425,538
8867,425,539
8868,425,540
8869,425,541
8870,425,542
8871,425,543
8872,425,544
8873,425,545
8874,425,546
8875,425,547
8876,426,447
8877,426,448
8878,426,449
8879,426,450
8880,426,451
8881,426,452
8882,426,453
8883,426,454
8884,426,455
8885,426,456
8886,426,457
8887,426,458
8888,426,459
8889,426,460
8890,426,461
8891,426,462
8892,426,463
8893,426,464
8894,426,465
8895,426,466
8896,426,467
8897,426,468
8898,426,469
8899,426,470
8900,426,471
8901,426,472
8902,426,473
8903,426,474
8904,426,475
8905,426,476
8906,426,477
8907,426,478
8908,426,479
8909,426,480
8910,426,481
8911,426,482
8912,426,483
8913,426,484
8914,426,485
8915,426,486
8916,426,487
8917,426,488
8918,426,489
8919,426,490
8920,426,491
8921,426,492
8922,426,493
8923,426,494
8924,426,495
8925,426,496
8926,426,497
8927,426,498
8928,426,499
8929,426,500
8930,426,501
8931,426,502
8932,426,503
8933,426,504
8934,426,505
8935,426,506
8936,426,507
8937,426,508
8938,426,509
8939,426,510
8940,426,511
8941,426,512
8942,426,513
8943,426,514
8944,426,515
8945,426,516
8946,426,517
8947,426,518
8948,426,519
8949,426,520
8950,426,521
8951,426,522
8952,426,523
8953,426,524
8954,426,525
8955,426,526
8956,426,527
8957,426,528
8958,426,529
8959,426,530
8960,426,531
8961,426,532
8962,426,533
8963,426,534
8964,426,535
8965,426,537
8966,426,538
8967,426,539
8968,426,540
8969,426,541
8970,426,542
8971,426,543
8972,426,544
8973,426,545
8974,426,546
8975,426,547
8976,427,448
8977,427,449
8978,427,450
8979,427,451
8980,427,452
8981,427,453
8982,427,454
8983,427,455
8984,427,456
8985,427,457
8986,427,458
8987,427,459
8988,427,460
8989,427,461
8990,427,462
8991,427,463
8992,427,464
8993,427,465
8994,427,466
8995,427,467
8996,427,468
8997,427,469
8998,427,470
8999,427,471
9000,427,472
9001,427,473
9002,427,474
9003,427,475
9004,427,476
9005,427,477
9006,427,478
9007,427,479
9008,427,480
9009,427,481
9010,427,482
9011,427,483
9012,427,484
9013,427,485
9014,427,486
9015,427,487
9016,427,488
9017,427,489
9018,427,490
9019,427,491
9020,427,492
9021,427,493
9022,427,494
9023,427,495
9024,427,496
9025,427,497
9026,427,498
9027,427,499
9028,427,500
9029,427,501
9030,427,502
9031,427,503
9032,427,504
9033,427,505
9034,427,506
9035,427,507
9036,427,508
9037,427,509
9038,427,510
9039,427,511
9040,427,512
9041,427,513
9042,427,514
9043,427,515
9044,427,516
9045,427,517
9046,427,518
9047,427,519
9048,427,520
9049,427,521
9050,427,522
9051,427,523
9052,427,524
9053,427,525
9054,427,526
9055,427,527
9056,427,528
9057,427,529
9058,427,530
9059,427,531
9060,427,532
9061,427,533
9062,427,534
9063,427,538
9064,427,539
9065,427,540
9066,427,541
9067,427,542
9068,427,543
9069,427,544
9070,427,545
9071,427,546
9072,427,547
9073,428,449
9074,428,450
9075,428,451
9076,428,452
9077,428,453
9078,428,454
9079,428,455
9080,428,456
9081,428,457
9082,428,458
9083,428,459
9084,428,460
9085,428,461
9086,428,462
9087,428,463
9088,428,464
9089,428,465
9090,428,466
9091,428,467
9092,428,468
9093,428,469
9094,428,470
9095,428,471
9096,428,472
9097,428,473
9098,428,474
9099,428,475
9100,428,476
9101,428,477
9102,428,478
9103,428,479
9104,428,480
9105,428,481
9106,428,482
9107,428,483
9108,428,484
9109,428,485
9110,428,486
9111,428,487
9112,428,488
9113,428,489
9114,428,490
9115,428,491
9116,428,492
9117,428,493
9118,428,494
9119,428,495
9120,428,496
9121,428,497
9122,428,498
9123,428,499
9124,428,500
9125,428,501
9126,428,502
9127,428,503
9128,428,504
9129,428,505
9130,428,506
9131,428,507
9132,428,508
9133,428,509
9134,428,510
9135,428,511
9136,428,512
9137,428,513
9138,428,514
9139,428,515
9140,428,516
9141,428,517
9142,428,518
9143,428,519
9144,428,520
9145,428,521
9146,428,522
9147,428,523
9148,428,524
9149,428,525
9150,428,526
9151,428,527
9152,428,528
9153,428,529
9154,428,530
9155,428,531
9156,428,532
9157,428,533
9158,428,534
9159,428,537
9160,428,538
9161,428,539
9162,428,540
9163,428,541
9164,428,542
9165,428,543
9166,428,544
9167,428,545
9168,428,546
9169,428,547
9170,428,548
9171,428,556
9172,428,557
9173,428,558
9174,429,449
9175,429,450
9176,429,451
9177,429,452
9178,429,453
9179,429,454
9180,429,455
9181,429,456
9182,429,457
9183,429,458
9184,429,459
9185,429,460
9186,429,461
9187,429,462
9188,429,463
9189,429,464
9190,429,465
9191,429,466
9192,429,467
9193,429,468
9194,429,469
9195,429,470
9196,429,471
9197,429,472
9198,429,473
9199,429,474
9200,429,475
9201,429,476
9202,429,477
9203,429,478
9204,429,479
9205,429,480
9206,429,481
9207,429,482
9208,429,483
9209,429,484
9210,429,485
9211,429,486
9212,429,487
9213,429,488
9214,429,489
9215,429,490
9216,429,491
9217,429,492
9218,429,493
9219,429,494
9220,429,495
9221,429,496
9222,429,497
9223,429,498
9224,429,499
9225,429,500
9226,429,501
9227,429,502
9228,429,503
9229,429,504
9230,429,505
9231,429,506
9232,429,507
9233,429,508
9234,429,509
9235,429,510
9236,429,511
9237,429,512
9238,429,513
9239,429,514
9240,429,515
9241,429,516
9242,429,517
9243,429,518
9244,429,519
9245,429,520
9246,429,521
9247,429,522
9248,429,523
9249,429,524
9250,429,525
9251,429,526
9252,429,527
9253,429,528
9254,429,529
9255,429,530
9256,429,531
9257,429,532
9258,429,533
9259,429,534
9260,429,535
9261,429,536
9262,429,537
9263,429,538
9264,429,539
9265,429,540
9266,429,541
9267,429,542
9268,429,543
9269,429,544
9270,429,545
9271,429,546
9272,429,547
9273,429,548
9274,429,549
9275,429,550
9276,429,551
9277,429,552
9278,429,553
9279,429,554
9280,429,555
9281,429,556
9282,429,557
9283,429,558
9284,429,559
9285,430,450
9286,430,451
9287,430,452
9288,430,453
9289,430,454
9290,430,455
9291,430,456
9292,430,457
9293,430,458
9294,430,459
9295,430,460
9296,430,461
9297,430,462
9298,430,463
9299,430,464
9300,430,465
9301,430,466
9302,430,467
9303,430,468
9304,430,469
9305,430,470
9306,430,471
9307,430,472
9308,430,473
9309,430,474
9310,430,475
9311,430,476
9312,430,477
9313,430,478
9314,430,479
9315,430,480
9316,430,481
9317,430,482
9318,430,483
9319,430,484
9320,430,485
9321,430,486
9322,430,487
9323,430,488
9324,430,489
9325,430,490
9326,430,491
9327,430,492
9328,430,493
9329,430,494
9330,430,495
9331,430,496
9332,430,497
9333,430,498
9334,430,499
9335,430,500
9336,430,501
9337,430,502
9338,430,503
9339,430,504
9340,430,505
9341,430,506
9342,430,507
9343,430,508
9344,430,509
9345,430,510
9346,430,511
9347,430,512
9348,430,513
9349,430,514
9350,430,515
9351,430,516
9352,430,517
9353,430,518
9354,430,519
9355,430,520
9356,430,521
9357,430,522
9358,430,523
9359,430,524
9360,430,525
9361,430,526
9362,430,527
9363,430,528
9364,430,529
9365,430,530
9366,430,531
9367,430,532
9368,430,533
9369,430,534
9370,430,535
9371,430,536
9372,430,537
9373,430,538
9374,430,539
9375,430,540
9376,430,541
9377,430,542
9378,430,543
9379,430,544
9380,430,545
9381,430,546
9382,430,547
9383,430,548
9384,430,549
9385,430,550
9386,430,551
9387,430,552
9388,430,553
9389,430,554
9390,430,555
9391,430,556
9392,430,557
9393,430,558
9394,430,559
9395,430,560
9396,431,452
9397,431,453
9398,431,454
9399,431,455
9400,431,456
9401,431,457
9402,431,458
9403,431,459
9404,431,460
9405,431,461
9406,431,462
9407,431,463
9408,431,464
9409,431,465
9410,431,466
9411,431,467
9412,431,468
9413,431,469
9414,431,470
9415,431,471
9416,431,472
9417,431,473
9418,431,474
9419,431,475
9420,431,476
9421,431,477
9422,431,478
9423,431,479
9424,431,480
9425,431,481
9426,431,482
9427,431,483
9428,431,484
9429,431,485
9430,431,486
9431,431,487
9432,431,488
9433,431,489
9434,431,490
9435,431,491
9436,431,492
9437,431,493
9438,431,494
9439,431,495
9440,431,496
9441,431,497
9442,431,498
9443,431,499
9444,431,500
9445,431,501
9446,431,502
9447,431,503
9448,431,504
9449,431,505
9450,431,506
9451,431,507
9452,431,508
9453,431,509
9454,431,510
9455,431,511
9456,431,512
9457,431,513
9458,431,514
9459,431,515
9460,431,516
9461,431,517
9462,431,518
9463,431,519
9464,431,520
9465,431,521
9466,431,522
9467,431,523
9468,431,524
9469,431,525
9470,431,526
9471,431,527
9472,431,528
9473,431,529
9474,431,530
9475,431,531
9476,431,532
9477,431,533
9478,431,534
9479,431,535
9480,431,536
9481,431,537
9482,431,538
9483,431,539
9484,431,540
9485,431,541
9486,431,542
9487,431,543
9488,431,544
9489,431,545
9490,431,546
9491,431,547
9492,431,548
9493,431,549
9494,431,550
9495,431,551
9496,431,552
9497,431,553
9498,431,554
9499,431,555
9500,431,556
9501,431,557
9502,431,558
9503,431,559
9504,431,560
9505,431,561
9506,432,454
9507,432,455
9508,432,456
9509,432,457
9510,432,458
9511,432,459
9512,432,460
9513,432,461
9514,432,462
9515,432,463
9516,432,464
9517,432,465
9518,432,466
9519,432,467
9520,432,468
9521,432,469
9522,432,470
9523,432,471
9524,432,472
9525,432,473
9526,432,474
9527,432,475
9528,432,476
9529,432,477
9530,432,478
9531,432,479
9532,432,480
9533,432,481
9534,432,482
9535,432,483
9536,432,484
9537,432,485
9538,432,486
9539,432,487
9540,432,488
9541,432,489
9542,432,490
9543,432,491
9544,432,492
9545,432,493
9546,432,494
9547,432,495
9548,432,496
9549,432,497
9550,432,498
9551,432,499
9552,432,500
9553,432,501
9554,432,502
9555,432,503
9556,432,504
9557,432,505
9558,432,506
9559,432,507
9560,432,508
9561,432,509
9562,432,510
9563,432,511
9564,432,512
9565,432,513
9566,432,514
9567,432,515
9568,432,516
9569,432,517
9570,432,518
9571,432,519
9572,432,520
9573,432,521
9574,432,522
9575,432,523
9576,432,524
9577,432,525
9578,432,526
9579,432,527
9580,432,528
9581,432,529
9582,432,530
9583,432,531
9584,432,532
9585,432,533
9586,432,534
9587,432,535
9588,432,536
9589,432,537
9590,432,538
9591,432,539
9592,432,540
9593,432,541
9594,432,542
9595,432,543
9596,432,544
9597,432,545
9598,432,546
9599,432,547
9600,432,548
9601,432,549
9602,432,550
9603,432,551
9604,432,552
9605,432,553
9606,432,554
9607,432,555
9608,432,556
9609,432,557
9610,432,558
9611,432,559
9612,432,560
9613,433,455
9614,433,456
9615,433,457
9616,433,458
9617,433,459
9618,433,460
9619,433,461
9620,433,462
9621,433,463
9622,433,464
9623,433,465
9624,433,466
9625,433,467
9626,433,468
9627,433,469
9628,433,470
9629,433,471
9630,433,472
9631,433,473
9632,433,474
9633,433,475
9634,433,476
9635,433,477
9636,433,478
9637,433,479
9638,433,480
9639,433,481
9640,433,482
9641,433,483
9642,433,484
9643,433,485
9644,433,486
9645,433,487
9646,433,488
9647,433,489
9648,433,490
9649,433,491
9650,433,492
9651,433,493
9652,433,494
9653,433,495
9654,433,496
9655,433,497
9656,433,498
9657,433,499
9658,433,500
9659,433,501
9660,433,502
9661,433,503
9662,433,504
9663,433,505
9664,433,506
9665,433,507
9666,433,508
9667,433,509
9668,433,510
9669,433,511
9670,433,512
9671,433,513
9672,433,514
9673,433,515
9674,433,516
9675,433,517
9676,433,518
9677,433,519
9678,433,520
9679,433,521
9680,433,522
9681,433,523
9682,433,524
9683,433,525
9684,433,526
9685,433,527
9686,433,528
9687,433,529
9688,433,530
9689,433,531
9690,433,532
9691,433,533
9692,433,534
9693,433,537
9694,433,538
9695,433,539
9696,433,540
9697,433,541
9698,433,542
9699,433,543
9700,433,544
9701,433,545
9702,433,546
9703,433,547
9704,433,548
9705,433,549
9706,433,550
9707,433,551
9708,433,552
9709,433,553
9710,433,554
9711,433,555
9712,433,556
9713,433,557
9714,433,558
9715,433,559
9716,433,560
9717,434,456
9718,434,457
9719,434,458
9720,434,459
9721,434,460
9722,434,461
9723,434,462
9724,434,463
9725,434,464
9726,434,465
9727,434,466
9728,434,467
9729,434,468
9730,434,469
9731,434,470
9732,434,471
9733,434,472
9734,434,473
9735,434,474
9736,434,475
9737,434,476
9738,434,477
9739,434,478
9740,434,479
9741,434,480
9742,434,481
9743,434,482
9744,434,483
9745,434,484
9746,434,485
9747,434,486
9748,434,487
9749,434,488
9750,434,489
9751,434,490
9752,434,491
9753,434,492
9754,434,493
9755,434,494
9756,434,495
9757,434,496
9758,434,497
9759,434,498
9760,434,499
9761,434,500
9762,434,501
9763,434,502
9764,434,503
9765,434,504
9766,434,505
9767,434,506
9768,434,507
9769,434,508
9770,434,509
9771,434,510
9772,434,511
9773,434,512
9774,434,513
9775,434,514
9776,434,515
9777,434,516
9778,434,517
9779,434,518
9780,434,519
9781,434,520
9782,434,521
9783,434,522
9784,434,523
9785,434,524
9786,434,525
9787,434,526
9788,434,527
9789,434,528
9790,434,529
9791,434,530
9792,434,531
9793,434,532
9794,434,533
9795,434,538
9796,434,539
9797,434,540
9798,434,541
9799,434,542
9800,434,543
9801,434,544
9802,434,545
9803,434,546
9804,434,547
9805,434,548
9806,434,549
9807,434,550
9808,434,551
9809,434,552
9810,434,553
9811,434,554
9812,434,555
9813,434,556
9814,434,557
9815,434,558
9816,434,559
9817,434,560
9818,435,457
9819,435,458
9820,435,459
9821,435,460
9822,435,461
9823,435,462
9824,435,463
9825,435,464
9826,435,465
9827,435,466
9828,435,467
9829,435,468
9830,435,469
9831,435,470
9832,435,471
9833,435,472
9834,435,473
9835,435,474
9836,435,475
9837,435,476
9838,435,477
9839,435,478
9840,435,479
9841,435,480
9842,435,481
9843,435,482
9844,435,483
9845,435,484
9846,435,485
9847,435,486
9848,435,487
9849,435,488
9850,435,489
9851,435,490
9852,435,491
9853,435,492
9854,435,493
9855,435,494
9856,435,495
9857,435,496
9858,435,497
9859,435,498
9860,435,499
9861,435,500
9862,435,501
9863,435,502
9864,435,503
9865,435,504
9866,435,505
9867,435,506
9868,435,507
9869,435,508
9870,435,509
9871,435,510
9872,435,511
9873,435,512
9874,435,513
9875,435,514
9876,435,515
9877,435,516
9878,435,517
9879,435,518
9880,435,519
9881,435,520
9882,435,521
9883,435,522
9884,435,523
9885,435,524
9886,435,525
9887,435,526
9888,435,527
9889,435,528
9890,435,529
9891,435,530
9892,435,531
9893,435,532
9894,435,533
9895,435,538
9896,435,539
9897,435,540
9898,435,541
9899,435,542
9900,435,543
9901,435,544
9902,435,545
9903,435,546
9904,435,547
9905,435,548
9906,435,549
9907,435,550
9908,435,551
9909,435,552
9910,435,553
9911,435,554
9912,435,555
9913,435,556
9914,435,557
9915,435,558
9916,435,559
9917,435,560
9918,435,561
9919,436,459
9920,436,460
9921,436,461
9922,436,462
9923,436,463
9924,436,464
9925,436,465
9926,436,466
9927,436,467
9928,436,468
9929,436,469
9930,436,470
9931,436,471
9932,436,472
9933,436,473
9934,436,474
9935,436,475
9936,436,476
9937,436,477
9938,436,478
9939,436,479
9940,436,480
9941,436,481
9942,436,482
9943,436,483
9944,436,484
9945,436,485
9946,436,486
9947,436,487
9948,436,488
9949,436,489
9950,436,490
9951,436,491
9952,436,492
9953,436,493
9954,436,494
9955,436,495
9956,436,496
9957,436,497
9958,436,498
9959,436,499
9960,436,500
9961,436,501
9962,436,502
9963,436,503
9964,436,504
9965,436,505
9966,436,506
9967,436,507
9968,436,508
9969,436,509
9970,436,510
9971,436,511
9972,436,512
9973,436,513
9974,436,514
9975,436,515
9976,436,516
9977,436,517
9978,436,518
9979,436,519
9980,436,520
9981,436,521
9982,436,522
9983,436,523
9984,436,524
9985,436,525
9986,436,526
9987,436,527
9988,436,528
9989,436,529
9990,436,530
9991,436,531
9992,436,532
9993,436,533
9994,436,537
9995,436,538
9996,436,539
9997,436,540
9998,436,541
9999,436,542
10000,436,543
10001,436,544
10002,436,545
10003,436,546
10004,436,547
10005,436,548
10006,436,549
10007,436,550
10008,436,551
10009,436,552
10010,436,553
10011,436,554
10012,436,555
10013,436,556
10014,436,557
10015,436,558
10016,436,559
10017,436,560
10018,436,561
10019,436,562
10020,437,460
10021,437,461
10022,437,462
10023,437,463
10024,437,464
10025,437,465
10026,437,466
10027,437,467
10028,437,468
10029,437,469
10030,437,470
10031,437,471
10032,437,472
10033,437,473
10034,437,474
10035,437,475
10036,437,476
10037,437,477
10038,437,478
10039,437,479
10040,437,480
10041,437,481
10042,437,482
10043,437,483
10044,437,484
10045,437,485
10046,437,486
10047,437,487
10048,437,488
10049,437,489
10050,437,490
10051,437,491
10052,437,492
10053,437,493
10054,437,494
10055,437,495
10056,437,496
10057,437,497
10058,437,498
10059,437,499
10060,437,500
10061,437,501
10062,437,502
10063,437,503
10064,437,504
10065,437,505
10066,437,506
10067,437,507
10068,437,508
10069,437,509
10070,437,510
10071,437,511
10072,437,512
10073,437,513
10074,437,514
10075,437,515
10076,437,516
10077,437,517
10078,437,518
10079,437,519
10080,437,520
10081,437,521
10082,437,522
10083,437,523
10084,437,524
10085,437,525
10086,437,526
10087,437,527
10088,437,528
10089,437,529
10090,437,530
10091,437,531
10092,437,536
10093,437,537
10094,437,538
10095,437,539
10096,437,540
10097,437,541
10098,437,542
10099,437,543
10100,437,544
10101,437,545
10102,437,546
10103,437,547
10104,437,548
10105,437,549
10106,437,550
10107,437,551
10108,437,552
10109,437,553
10110,437,554
10111,437,555
10112,437,556
10113,437,557
10114,437,558
10115,437,559
10116,437,560
10117,437,561
10118,437,562
10119,437,563
10120,438,462
10121,438,463
10122,438,464
10123,438,465
10124,438,466
10125,438,467
10126,438,468
10127,438,469
10128,438,470
10129,438,471
10130,438,472
10131,438,473
10132,438,474
10133,438,475
10134,438,476
10135,438,477
10136,438,478
10137,438,479
10138,438,480
10139,438,481
10140,438,482
10141,438,483
10142,438,484
10143,438,485
10144,438,486
10145,438,487
10146,438,488
10147,438,489
10148,438,490
10149,438,491
10150,438,492
10151,438,493
10152,438,494
10153,438,495
10154,438,496
10155,438,497
10156,438,498
10157,438,499
10158,438,500
10159,438,501
10160,438,502
10161,438,503
10162,438,504
10163,438,505
10164,438,506
10165,438,507
10166,438,508
10167,438,509
10168,438,510
10169,438,511
10170,438,512
10171,438,513
10172,438,514
10173,438,515
10174,438,516
10175,438,517
10176,438,518
10177,438,519
10178,438,520
10179,438,521
10180,438,522
10181,438,523
10182,438,524
10183,438,525
10184,438,526
10185,438,527
10186,438,528
10187,438,529
10188,438,530
10189,438,537
10190,438,538
10191,438,539
10192,438,540
10193,438,541
10194,438,542
10195,438,543
10196,438,544
10197,438,545
10198,438,546
10199,438,547
10200,438,548
10201,438,549
10202,438,550
10203,438,551
10204,438,552
10205,438,553
10206,438,554
10207,438,555
10208,438,556
10209,438,557
10210,438,558
10211,438,559
10212,438,560
10213,438,561
10214,438,562
10215,438,563
10216,439,463
10217,439,464
10218,439,465
10219,439,466
10220,439,467
10221,439,468
10222,439,469
10223,439,470
10224,439,471
10225,439,472
10226,439,473
10227,439,474
10228,439,475
10229,439,476
10230,439,477
10231,439,478
10232,439,479
10233,439,480
10234,439,481
10235,439,482
10236,439,483
10237,439,484
10238,439,485
10239,439,486
10240,439,487
10241,439,488
10242,439,489
10243,439,490
10244,439,491
10245,439,492
10246,439,493
10247,439,494
10248,439,495
10249,439,496
10250,439,497
10251,439,498
10252,439,499
10253,439,500
10254,439,501
10255,439,502
10256,439,503
10257,439,504
10258,439,505
10259,439,506
10260,439,507
10261,439,508
10262,439,509
10263,439,510
10264,439,511
10265,439,512
10266,439,513
10267,439,514
10268,439,515
10269,439,516
10270,439,517
10271,439,518
10272,439,519
10273,439,520
10274,439,521
10275,439,522
10276,439,523
10277,439,524
10278,439,525
10279,439,526
10280,439,527
10281,439,528
10282,439,529
10283,439,530
10284,439,537
10285,439,538
10286,439,539
10287,439,540
10288,439,541
10289,439,542
10290,439,543
10291,439,544
10292,439,545
10293,439,546
10294,439,547
10295,439,548
10296,439,549
10297,439,550
10298,439,551
10299,439,552
10300,439,553
10301,439,554
10302,439,555
10303,439,556
10304,439,557
10305,439,558
10306,439,559
10307,439,560
10308,439,561
10309,439,562
10310,439,563
10311,440,465
10312,440,466
10313,440,467
10314,440,468
10315,440,469
10316,440,470
10317,440,471
10318,440,472
10319,440,473
10320,440,474
10321,440,475
10322,440,476
10323,440,477
10324,440,478
10325,440,479
10326,440,480
10327,440,481
10328,440,482
10329,440,483
10330,440,484
10331,440,485
10332,440,486
10333,440,487
10334,440,488
10335,440,489
10336,440,490
10337,440,491
10338,440,492
10339,440,493
10340,440,494
10341,440,495
10342,440,496
10343,440,497
10344,440,498
10345,440,499
10346,440,500
10347,440,501
10348,440,502
10349,440,503
10350,440,504
10351,440,505
10352,440,506
10353,440,507
10354,440,508
10355,440,509
10356,440,510
10357,440,511
10358,440,512
10359,440,513
10360,440,514
10361,440,515
10362,440,516
10363,440,517
10364,440,518
10365,440,519
10366,440,520
10367,440,521
10368,440,522
10369,440,523
10370,440,524
10371,440,525
10372,440,526
10373,440,527
10374,440,537
10375,440,538
10376,440,539
10377,440,540
10378,440,541
10379,440,542
10380,440,543
10381,440,544
10382,440,545
10383,440,546
10384,440,547
10385,440,548
10386,440,549
10387,440,550
10388,440,551
10389,440,552
10390,440,553
10391,440,554
10392,440,555
10393,440,556
10394,440,557
10395,440,558
10396,440,559
10397,440,560
10398,440,561
10399,440,562
10400,441,467
10401,441,468
10402,441,469
10403,441,470
10404,441,471
10405,441,472
10406,441,473
10407,441,474
10408,441,475
10409,441,476
10410,441,477
10411,441,478
10412,441,479
10413,441,480
10414,441,481
10415,441,482
10416,441,483
10417,441,484
10418,441,485
10419,441,486
10420,441,487
10421,441,488
10422,441,489
10423,441,490
10424,441,491
10425,441,492
10426,441,493
10427,441,494
10428,441,495
10429,441,496
10430,441,497
10431,441,498
10432,441,499
10433,441,500
10434,441,501
10435,441,502
10436,441,503
10437,441,504
10438,441,505
10439,441,506
10440,441,507
10441,441,508
10442,441,509
10443,441,510
10444,441,511
10445,441,512
10446,441,513
10447,441,514
10448,441,515
10449,441,516
10450,441,517
10451,441,520
10452,441,521
10453,441,522
10454,441,523
10455,441,524
10456,441,525
10457,441,526
10458,441,537
10459,441,538
10460,441,539
10461,441,540
10462,441,541
10463,441,542
10464,441,543
10465,441,544
10466,441,545
10467,441,546
10468,441,547
10469,441,548
10470,441,549
10471,441,550
10472,441,551
10473,441,552
10474,441,554
10475,441,555
10476,441,556
10477,441,557
10478,441,558
10479,441,559
10480,441,560
10481,441,561
10482,441,562
10483,442,468
10484,442,469
10485,442,470
10486,442,471
10487,442,472
10488,442,473
10489,442,474
10490,442,475
10491,442,476
10492,442,477
10493,442,478
10494,442,479
10495,442,480
10496,442,481
10497,442,482
10498,442,483
10499,442,484
10500,442,485
10501,442,486
10502,442,487
10503,442,488
10504,442,489
10505,442,490
10506,442,491
10507,442,492
10508,442,493
10509,442,494
10510,442,495
10511,442,496
10512,442,497
10513,442,498
10514,442,499
10515,442,500
10516,442,501
10517,442,502
10518,442,503
10519,442,504
10520,442,505
10521,442,506
10522,442,507
10523,442,508
10524,442,509
10525,442,510
10526,442,511
10527,442,512
10528,442,513
10529,442,514
10530,442,515
10531,442,516
10532,442,517
10533,442,518
10534,442,519
10535,442,520
10536,442,521
10537,442,522
10538,442,523
10539,442,524
10540,442,525
10541,442,526
10542,442,527
10543,442,528
10544,442,529
10545,442,530
10546,442,535
10547,442,536
10548,442,537
10549,442,538
10550,442,539
10551,442,540
10552,442,541
10553,442,542
10554,442,543
10555,442,544
10556,442,545
10557,442,546
10558,442,547
10559,442,548
10560,442,549
10561,442,550
10562,442,551
10563,442,552
10564,442,553
10565,442,554
10566,442,555
10567,442,556
10568,442,557
10569,442,558
10570,442,559
10571,442,560
10572,442,561
10573,442,562
10574,442,563
10575,442,564
10576,443,470
10577,443,471
10578,443,472
10579,443,473
10580,443,474
10581,443,475
10582,443,476
10583,443,477
10584,443,478
10585,443,479
10586,443,480
10587,443,481
10588,443,482
10589,443,483
10590,443,484
10591,443,485
10592,443,486
10593,443,487
10594,443,488
10595,443,489
10596,443,490
10597,443,491
10598,443,492
10599,443,493
10600,443,494
10601,443,495
10602,443,496
10603,443,497
10604,443,498
10605,443,499
10606,443,500
10607,443,501
10608,443,502
10609,443,503
10610,443,504
10611,443,505
10612,443,506
10613,443,507
10614,443,508
10615,443,509
10616,443,510
10617,443,511
10618,443,512
10619,443,513
10620,443,514
10621,443,515
10622,443,516
10623,443,517
10624,443,518
10625,443,519
10626,443,520
10627,443,521
10628,443,522
10629,443,523
10630,443,524
10631,443,525
10632,443,526
10633,443,527
10634,443,528
10635,443,529
10636,443,530
10637,443,531
10638,443,532
10639,443,533
10640,443,534
10641,443,535
10642,443,536
10643,443,537
10644,443,538
10645,443,539
10646,443,540
10647,443,541
10648,443,542
10649,443,543
10650,443,544
10651,443,545
10652,443,546
10653,443,547
10654,443,548
10655,443,549
10656,443,550
10657,443,551
10658,443,552
10659,443,553
10660,443,554
10661,443,555
10662,443,556
10663,443,557
10664,443,558
10665,443,559
10666,443,560
10667,443,561
10668,443,562
10669,443,563
10670,443,564
10671,443,565
10672,444,472
10673,444,473
10674,444,474
10675,444,475
10676,444,476
10677,444,477
10678,444,478
10679,444,479
10680,444,480
10681,444,481
10682,444,482
10683,444,483
10684,444,484
10685,444,485
10686,444,486
10687,444,487
10688,444,488
10689,444,489
10690,444,490
10691,444,491
10692,444,492
10693,444,493
10694,444,494
10695,444,495
10696,444,496
10697,444,497
10698,444,498
10699,444,499
10700,444,500
10701,444,501
10702,444,502
10703,444,503
10704,444,504
10705,444,505
10706,444,506
10707,444,507
10708,444,508
10709,444,509
10710,444,510
10711,444,511
10712,444,512
10713,444,513
10714,444,514
10715,444,515
10716,444,516
10717,444,517
10718,444,518
10719,444,519
10720,444,520
10721,444,521
10722,444,522
10723,444,523
10724,444,524
10725,444,525
10726,444,526
10727,444,527
10728,444,528
10729,444,529
10730,444,530
10731,444,531
10732,444,532
10733,444,533
10734,444,534
10735,444,535
10736,444,536
10737,444,537
10738,444,538
10739,444,539
10740,444,540
10741,444,541
10742,444,542
10743,444,543
10744,444,544
10745,444,545
10746,444,546
10747,444,547
10748,444,548
10749,444,549
10750,444,550
10751,444,551
10752,444,552
10753,444,553
10754,444,554
10755,444,555
10756,444,556
10757,444,557
10758,444,558
10759,444,559
10760,444,560
10761,444,561
10762,444,562
10763,444,563
10764,444,564
10765,444,565
10766,444,566
10767,445,475
10768,445,476
10769,445,477
10770,445,478
10771,445,479
10772,445,480
10773,445,481
10774,445,482
10775,445,483
10776,445,484
10777,445,485
10778,445,486
10779,445,487
10780,445,488
10781,445,489
10782,445,490
10783,445,491
10784,445,492
10785,445,493
10786,445,494
10787,445,495
10788,445,503
10789,445,504
10790,445,505
10791,445,506
10792,445,507
10793,445,508
10794,445,509
10795,445,510
10796,445,511
10797,445,512
10798,445,513
10799,445,514
10800,445,515
10801,445,516
10802,445,517
10803,445,518
10804,445,519
10805,445,520
10806,445,521
10807,445,522
10808,445,523
10809,445,524
10810,445,525
10811,445,526
10812,445,527
10813,445,528
10814,445,529
10815,445,530
10816,445,531
10817,445,532
10818,445,533
10819,445,534
10820,445,535
10821,445,536
10822,445,537
10823,445,538
10824,445,539
10825,445,540
10826,445,541
10827,445,542
10828,445,543
10829,445,544
10830,445,545
10831,445,546
10832,445,547
10833,445,548
10834,445,549
10835,445,550
10836,445,551
10837,445,552
10838,445,553
10839,445,554
10840,445,555
10841,445,556
10842,445,557
10843,445,558
10844,445,559
10845,445,560
10846,445,561
10847,445,562
10848,445,563
10849,445,564
10850,445,565
10851,445,566
10852,445,567
10853,446,487
10854,446,488
10855,446,489
10856,446,490
10857,446,491
10858,446,492
10859,446,505
10860,446,506
10861,446,507
10862,446,508
10863,446,509
10864,446,510
10865,446,511
10866,446,512
10867,446,513
10868,446,514
10869,446,515
10870,446,516
10871,446,517
10872,446,518
10873,446,519
10874,446,520
10875,446,521
10876,446,522
10877,446,523
10878,446,524
10879,446,525
10880,446,526
10881,446,527
10882,446,528
10883,446,529
10884,446,530
10885,446,531
10886,446,532
10887,446,533
10888,446,534
10889,446,535
10890,446,536
10891,446,537
10892,446,538
10893,446,539
10894,446,540
10895,446,541
10896,446,542
10897,446,543
10898,446,544
10899,446,545
10900,446,546
10901,446,547
10902,446,548
10903,446,549
10904,446,550
10905,446,551
10906,446,552
10907,446,553
10908,446,554
10909,446,555
10910,446,556
10911,446,557
10912,446,558
10913,446,559
10914,446,560
10915,446,561
10916,446,562
10917,446,563
10918,446,564
10919,446,565
10920,446,566
10921,446,567
10922,447,506
10923,447,507
10924,447,508
10925,447,509
10926,447,510
10927,447,511
10928,447,512
10929,447,513
10930,447,514
10931,447,515
10932,447,516
10933,447,517
10934,447,518
10935,447,519
10936,447,520
10937,447,521
10938,447,522
10939,447,523
10940,447,524
10941,447,525
10942,447,526
10943,447,527
10944,447,528
10945,447,529
10946,447,530
10947,447,531
10948,447,532
10949,447,533
10950,447,534
10951,447,535
10952,447,536
10953,447,537
10954,447,538
10955,447,539
10956,447,540
10957,447,541
10958,447,542
10959,447,543
10960,447,544
10961,447,545
10962,447,546
10963,447,547
10964,447,548
10965,447,549
10966,447,550
10967,447,551
10968,447,552
10969,447,553
10970,447,554
10971,447,555
10972,447,556
10973,447,557
10974,447,558
10975,447,559
10976,447,560
10977,447,561
10978,447,562
10979,447,563
10980,447,564
10981,447,565
10982,447,566
10983,447,567
10984,448,507
10985,448,508
10986,448,509
10987,448,510
10988,448,511
10989,448,512
10990,448,513
10991,448,514
10992,448,515
10993,448,516
10994,448,517
10995,448,520
10996,448,521
10997,448,522
10998,448,523
10999,448,524
11000,448,525
11001,448,526
11002,448,527
11003,448,528
11004,448,529
11005,448,530
11006,448,531
11007,448,532
11008,448,533
11009,448,534
11010,448,535
11011,448,536
11012,448,537
11013,448,538
11014,448,539
11015,448,540
11016,448,541
11017,448,542
11018,448,543
11019,448,544
11020,448,545
11021,448,546
11022,448,547
11023,448,548
11024,448,549
11025,448,550
11026,448,551
11027,448,552
11028,448,553
11029,448,554
11030,448,555
11031,448,556
11032,448,557
11033,448,558
11034,448,559
11035,448,560
11036,448,561
11037,448,562
11038,448,563
11039,448,564
11040,448,565
11041,448,566
11042,448,567
11043,449,509
11044,449,510
11045,449,511
11046,449,512
11047,449,513
11048,449,514
11049,449,515
11050,449,516
11051,449,517
11052,449,518
11053,449,519
11054,449,520
11055,449,521
11056,449,522
11057,449,523
11058,449,524
11059,449,525
11060,449,526
11061,449,527
11062,449,528
11063,449,529
11064,449,530
11065,449,531
11066,449,532
11067,449,533
11068,449,534
11069,449,535
11070,449,536
11071,449,537
11072,449,538
11073,449,539
11074,449,540
11075,449,541
11076,449,542
11077,449,543
11078,449,544
11079,449,545
11080,449,546
11081,449,547
11082,449,548
11083,449,549
11084,449,550
11085,449,551
11086,449,552
11087,449,553
11088,449,554
11089,449,555
11090,449,556
11091,449,557
11092,449,558
11093,449,559
11094,449,560
11095,449,561
11096,449,562
11097,449,563
11098,449,564
11099,449,565
11100,449,566
11101,449,567
11102,450,510
11103,450,511
11104,450,512
11105,450,513
11106,450,514
11107,450,515
11108,450,516
11109,450,517
11110,450,518
11111,450,519
11112,450,520
11113,450,521
11114,450,522
11115,450,523
11116,450,524
11117,450,525
11118,450,526
11119,450,527
11120,450,528
11121,450,529
11122,450,530
11123,450,531
11124,450,532
11125,450,533
11126,450,534
11127,450,535
11128,450,536
11129,450,537
11130,450,538
11131,450,539
11132,450,540
11133,450,541
11134,450,542
11135,450,543
11136,450,544
11137,450,545
11138,450,546
11139,450,547
11140,450,548
11141,450,549
11142,450,550
11143,450,551
11144,450,552
11145,450,553
11146,450,554
11147,450,555
11148,450,556
11149,450,557
11150,450,558
11151,450,559
11152,450,560
11153,450,561
11154,450,562
11155,450,563
11156,450,564
11157,450,565
11158,450,566
11159,450,567
11160,451,513
11161,451,514
11162,451,515
11163,451,516
11164,451,517
11165,451,518
11166,451,519
11167,451,520
11168,451,521
11169,451,522
11170,451,523
11171,451,524
11172,451,525
11173,451,526
11174,451,527
11175,451,528
11176,451,529
11177,451,530
11178,451,531
11179,451,532
11180,451,533
11181,451,534
11182,451,535
11183,451,536
11184,451,537
11185,451,538
11186,451,539
11187,451,540
11188,451,541
11189,451,542
11190,451,543
11191,451,544
11192,451,545
11193,451,546
11194,451,547
11195,451,548
11196,451,549
11197,451,550
11198,451,551
11199,451,552
11200,451,553
11201,451,554
11202,451,555
11203,451,556
11204,451,557
11205,451,558
11206,451,559
11207,451,560
11208,451,561
11209,451,562
11210,451,563
11211,451,564
11212,451,565
11213,451,570
11214,451,571
11215,452,514
11216,452,515
11217,452,516
11218,452,517
11219,452,518
11220,452,519
11221,452,520
11222,452,521
11223,452,522
11224,452,523
11225,452,524
11226,452,525
11227,452,526
11228,452,527
11229,452,528
11230,452,529
11231,452,530
11232,452,531
11233,452,532
11234,452,533
11235,452,534
11236,452,535
11237,452,536
11238,452,537
11239,452,538
11240,452,539
11241,452,540
11242,452,541
11243,452,542
11244,452,543
11245,452,544
11246,452,545
11247,452,546
11248,452,547
11249,452,548
11250,452,549
11251,452,550
11252,452,551
11253,452,552
11254,452,553
11255,452,554
11256,452,555
11257,452,556
11258,452,557
11259,452,558
11260,452,559
11261,452,560
11262,452,561
11263,452,562
11264,452,563
11265,452,564
11266,452,565
11267,452,566
11268,453,515
11269,453,516
11270,453,517
11271,453,518
11272,453,519
11273,453,520
11274,453,521
11275,453,522
11276,453,523
11277,453,524
11278,453,525
11279,453,526
11280,453,527
11281,453,528
11282,453,529
11283,453,530
11284,453,531
11285,453,532
11286,453,533
11287,453,534
11288,453,535
11289,453,536
11290,453,537
11291,453,538
11292,453,539
11293,453,540
11294,453,541
11295,453,542
11296,453,543
11297,453,544
11298,453,545
11299,453,546
11300,453,547
11301,453,548
11302,453,549
11303,453,550
11304,453,551
11305,453,552
11306,453,553
11307,453,554
11308,453,555
11309,453,556
11310,453,557
11311,453,558
11312,453,559
11313,453,560
11314,453,561
11315,453,562
11316,453,563
11317,453,564
11318,453,565
11319,453,566
11320,453,567
11321,454,519
11322,454,520
11323,454,521
11324,454,522
11325,454,523
11326,454,524
11327,454,525
11328,454,526
11329,454,527
11330,454,528
11331,454,529
11332,454,530
11333,454,531
11334,454,532
11335,454,533
11336,454,534
11337,454,537
11338,454,538
11339,454,539
11340,454,540
11341,454,541
11342,454,542
11343,454,543
11344,454,544
11345,454,545
11346,454,546
11347,454,547
11348,454,548
11349,454,549
11350,454,550
11351,454,551
11352,454,552
11353,454,554
11354,454,555
11355,454,556
11356,454,557
11357,454,558
11358,454,559
11359,454,560
11360,454,561
11361,454,562
11362,454,563
11363,454,564
11364,454,565
11365,454,566
11366,454,567
11367,454,568
11368,454,575
11369,455,519
11370,455,520
11371,455,521
11372,455,522
11373,455,523
11374,455,524
11375,455,525
11376,455,526
11377,455,527
11378,455,528
11379,455,529
11380,455,530
11381,455,531
11382,455,532
11383,455,533
11384,455,534
11385,455,537
11386,455,538
11387,455,539
11388,455,540
11389,455,541
11390,455,542
11391,455,543
11392,455,544
11393,455,545
11394,455,546
11395,455,547
11396,455,548
11397,455,549
11398,455,550
11399,455,551
11400,455,554
11401,455,555
11402,455,556
11403,455,557
11404,455,558
11405,455,559
11406,455,560
11407,455,561
11408,455,562
11409,455,563
11410,455,564
11411,455,565
11412,455,566
11413,455,567
11414,455,568
11415,455,574
11416,455,575
11417,455,576
11418,455,577
11419,456,519
11420,456,520
11421,456,521
11422,456,522
11423,456,523
11424,456,524
11425,456,525
11426,456,526
11427,456,527
11428,456,528
11429,456,529
11430,456,530
11431,456,531
11432,456,532
11433,456,533
11434,456,534
11435,456,535
11436,456,536
11437,456,537
11438,456,538
11439,456,539
11440,456,540
11441,456,541
11442,456,542
11443,456,543
11444,456,544
11445,456,545
11446,456,546
11447,456,547
11448,456,548
11449,456,549
11450,456,550
11451,456,551
11452,456,552
11453,456,553
11454,456,554
11455,456,555
11456,456,556
11457,456,557
11458,456,558
11459,456,559
11460,456,560
11461,456,561
11462,456,562
11463,456,563
11464,456,564
11465,456,565
11466,456,566
11467,456,567
11468,456,568
11469,456,572
11470,456,573
11471,456,574
11472,456,575
11473,456,576
11474,456,577
11475,456,578
11476,456,579
11477,457,519
11478,457,520
11479,457,521
11480,457,522
11481,457,523
11482,457,524
11483,457,525
11484,457,526
11485,457,527
11486,457,528
11487,457,529
11488,457,530
11489,457,531
11490,457,532
11491,457,533
11492,457,534
11493,457,535
11494,457,536
11495,457,537
11496,457,538
11497,457,539
11498,457,540
11499,457,541
11500,457,542
11501,457,543
11502,457,544
11503,457,545
11504,457,546
11505,457,547
11506,457,548
11507,457,549
11508,457,550
11509,457,551
11510,457,552
11511,457,553
11512,457,554
11513,457,555
11514,457,556
11515,457,557
11516,457,558
11517,457,559
11518,457,560
11519,457,561
11520,457,562
11521,457,563
11522,457,564
11523,457,565
11524,457,566
11525,457,567
11526,457,568
11527,457,569
11528,457,570
11529,457,571
11530,457,572
11531,457,573
11532,457,574
11533,457,575
11534,457,576
11535,457,577
11536,457,578
11537,457,579
11538,457,580
11539,457,581
11540,458,518
11541,458,519
11542,458,520
11543,458,521
11544,458,522
11545,458,523
11546,458,524
11547,458,525
11548,458,526
11549,458,527
11550,458,528
11551,458,529
11552,458,530
11553,458,531
11554,458,532
11555,458,533
11556,458,534
11557,458,535
11558,458,536
11559,458,537
11560,458,538
11561,458,539
11562,458,540
11563,458,541
11564,458,542
11565,458,543
11566,458,544
11567,458,545
11568,458,546
11569,458,547
11570,458,548
11571,458,549
11572,458,550
11573,458,551
11574,458,552
11575,458,553
11576,458,554
11577,458,555
11578,458,556
11579,458,557
11580,458,558
11581,458,559
11582,458,560
11583,458,561
11584,458,562
11585,458,563
11586,458,564
11587,458,565
11588,458,566
11589,458,568
11590,458,569
11591,458,570
11592,458,571
11593,458,572
11594,458,573
11595,458,574
11596,458,575
11597,458,576
11598,458,577
11599,458,578
11600,458,579
11601,458,580
11602,458,581
11603,458,582
11604,459,520
11605,459,521
11606,459,522
11607,459,523
11608,459,524
11609,459,525
11610,459,526
11611,459,527
11612,459,528
11613,459,529
11614,459,530
11615,459,531
11616,459,532
11617,459,533
11618,459,534
11619,459,535
11620,459,536
11621,459,537
11622,459,538
11623,459,539
11624,459,540
11625,459,541
11626,459,542
11627,459,543
11628,459,544
11629,459,545
11630,459,546
11631,459,547
11632,459,548
11633,459,549
11634,459,550
11635,459,551
11636,459,552
11637,459,553
11638,459,554
11639,459,555
11640,459,556
11641,459,557
11642,459,558
11643,459,559
11644,459,560
11645,459,561
11646,459,562
11647,459,563
11648,459,564
11649,459,565
11650,459,566
11651,459,567
11652,459,568
11653,459,569
11654,459,570
11655,459,571
11656,459,572
11657,459,573
11658,459,574
11659,459,575
11660,459,576
11661,459,577
11662,459,578
11663,459,579
11664,459,580
11665,459,581
11666,459,582
11667,460,521
11668,460,522
11669,460,523
11670,460,524
11671,460,525
11672,460,526
11673,460,527
11674,460,528
11675,460,529
11676,460,530
11677,460,531
11678,460,532
11679,460,533
11680,460,534
11681,460,535
11682,460,536
11683,460,537
11684,460,538
11685,460,539
11686,460,540
11687,460,541
11688,460,542
11689,460,543
11690,460,544
11691,460,545
11692,460,546
11693,460,547
11694,460,548
11695,460,549
11696,460,550
11697,460,551
11698,460,552
11699,460,553
11700,460,554
11701,460,555
11702,460,556
11703,460,557
11704,460,558
11705,460,559
11706,460,560
11707,460,561
11708,460,562
11709,460,563
11710,460,564
11711,460,565
11712,460,566
11713,460,567
11714,460,568
11715,460,572
11716,460,573
11717,460,574
11718,460,575
11719,460,576
11720,460,577
11721,460,578
11722,460,579
11723,460,580
11724,460,581
11725,460,582
11726,461,522
11727,461,523
11728,461,524
11729,461,525
11730,461,526
11731,461,527
11732,461,528
11733,461,529
11734,461,530
11735,461,531
11736,461,532
11737,461,533
11738,461,534
11739,461,535
11740,461,536
11741,461,537
11742,461,538
11743,461,539
11744,461,540
11745,461,541
11746,461,542
11747,461,543
11748,461,544
11749,461,545
11750,461,546
11751,461,547
11752,461,548
11753,461,549
11754,461,550
11755,461,551
11756,461,554
11757,461,555
11758,461,556
11759,461,557
11760,461,558
11761,461,559
11762,461,560
11763,461,561
11764,461,562
11765,461,563
11766,461,564
11767,461,565
11768,461,566
11769,461,567
11770,461,568
11771,461,573
11772,461,574
11773,461,575
11774,461,576
11775,461,577
11776,461,578
11777,461,579
11778,461,580
11779,461,581
11780,461,582
11781,461,583
11782,462,522
11783,462,523
11784,462,524
11785,462,525
11786,462,526
11787,462,527
11788,462,528
11789,462,529
11790,462,530
11791,462,531
11792,462,532
11793,462,533
11794,462,534
11795,462,535
11796,462,536
11797,462,537
11798,462,538
11799,462,539
11800,462,540
11801,462,541
11802,462,542
11803,462,543
11804,462,544
11805,462,545
11806,462,546
11807,462,547
11808,462,548
11809,462,549
11810,462,550
11811,462,551
11812,462,555
11813,462,556
11814,462,557
11815,462,558
11816,462,559
11817,462,560
11818,462,561
11819,462,562
11820,462,563
11821,462,564
11822,462,565
11823,462,566
11824,462,567
11825,462,568
11826,462,573
11827,462,574
11828,462,575
11829,462,576
11830,462,577
11831,462,578
11832,462,579
11833,462,580
11834,462,581
11835,462,582
11836,463,523
11837,463,524
11838,463,525
11839,463,526
11840,463,527
11841,463,528
11842,463,529
11843,463,530
11844,463,531
11845,463,532
11846,463,533
11847,463,534
11848,463,535
11849,463,536
11850,463,537
11851,463,538
11852,463,539
11853,463,540
11854,463,541
11855,463,542
11856,463,543
11857,463,544
11858,463,545
11859,463,546
11860,463,547
11861,463,548
11862,463,549
11863,463,550
11864,463,551
11865,463,552
11866,463,554
11867,463,555
11868,463,556
11869,463,557
11870,463,558
11871,463,559
11872,463,560
11873,463,561
11874,463,562
11875,463,563
11876,463,564
11877,463,565
11878,463,566
11879,463,567
11880,463,568
11881,463,573
11882,463,574
11883,463,575
11884,463,576
11885,463,577
11886,463,578
11887,463,579
11888,463,580
11889,463,581
11890,464,526
11891,464,527
11892,464,528
11893,464,529
11894,464,530
11895,464,531
11896,464,532
11897,464,533
11898,464,534
11899,464,535
11900,464,536
11901,464,537
11902,464,538
11903,464,539
11904,464,540
11905,464,541
11906,464,542
11907,464,543
11908,464,544
11909,464,545
11910,464,546
11911,464,547
11912,464,548
11913,464,549
11914,464,550
11915,464,551
11916,464,552
11917,464,553
11918,464,554
11919,464,555
11920,464,556
11921,464,557
11922,464,558
11923,464,559
11924,464,560
11925,464,561
11926,464,562
11927,464,563
11928,464,564
11929,464,565
11930,464,566
11931,464,567
11932,464,572
11933,464,573
11934,464,574
11935,464,575
11936,464,576
11937,464,577
11938,464,578
11939,464,579
11940,464,580
11941,465,527
11942,465,528
11943,465,529
11944,465,530
11945,465,531
11946,465,532
11947,465,533
11948,465,534
11949,465,535
11950,465,536
11951,465,537
11952,465,538
11953,465,539
11954,465,540
11955,465,541
11956,465,542
11957,465,543
11958,465,544
11959,465,545
11960,465,546
11961,465,547
11962,465,548
11963,465,550
11964,465,551
11965,465,552
11966,465,553
11967,465,554
11968,465,555
11969,465,556
11970,465,557
11971,465,558
11972,465,559
11973,465,560
11974,465,561
11975,465,562
11976,465,563
11977,465,564
11978,465,565
11979,465,570
11980,465,571
11981,465,572
11982,465,573
11983,465,574
11984,465,575
11985,465,576
11986,465,577
11987,465,578
11988,465,579
11989,465,580
11990,466,531
11991,466,532
11992,466,533
11993,466,534
11994,466,535
11995,466,536
11996,466,537
11997,466,538
11998,466,539
11999,466,540
12000,466,541
12001,466,542
12002,466,543
12003,466,544
12004,466,545
12005,466,546
12006,466,547
12007,466,548
12008,466,549
12009,466,550
12010,466,551
12011,466,552
12012,466,553
12013,466,554
12014,466,555
12015,466,556
12016,466,557
12017,466,558
12018,466,559
12019,466,560
12020,466,561
12021,466,562
12022,466,563
12023,466,564
12024,466,565
12025,466,573
12026,466,574
12027,466,575
12028,466,576
12029,466,577
12030,466,578
12031,466,579
12032,466,580
12033,467,531
12034,467,532
12035,467,533
12036,467,534
12037,467,537
12038,467,538
12039,467,539
12040,467,540
12041,467,541
12042,467,542
12043,467,543
12044,467,544
12045,467,545
12046,467,546
12047,467,547
12048,467,548
12049,467,549
12050,467,550
12051,467,551
12052,467,552
12053,467,553
12054,467,554
12055,467,555
12056,467,556
12057,467,557
12058,467,558
12059,467,559
12060,467,560
12061,467,561
12062,467,562
12063,467,563
12064,467,564
12065,467,565
12066,467,566
12067,467,573
12068,467,574
12069,467,575
12070,467,576
12071,467,577
12072,467,578
12073,467,579
12074,467,580
12075,468,532
12076,468,533
12077,468,537
12078,468,538
12079,468,539
12080,468,540
12081,468,541
12082,468,542
12083,468,543
12084,468,544
12085,468,545
12086,468,546
12087,468,547
12088,468,548
12089,468,549
12090,468,550
12091,468,551
12092,468,552
12093,468,554
12094,468,555
12095,468,556
12096,468,557
12097,468,558
12098,468,559
12099,468,560
12100,468,561
12101,468,562
12102,468,563
12103,468,564
12104,468,565
12105,468,566
12106,468,574
12107,468,575
12108,468,576
12109,468,577
12110,468,578
12111,468,579
12112,469,537
12113,469,538
12114,469,539
12115,469,540
12116,469,541
12117,469,542
12118,469,543
12119,469,544
12120,469,545
12121,469,546
12122,469,547
12123,469,548
12124,469,549
12125,469,550
12126,469,551
12127,469,552
12128,469,554
12129,469,555
12130,469,556
12131,469,557
12132,469,558
12133,469,559
12134,469,560
12135,469,561
12136,469,562
12137,469,563
12138,469,564
12139,469,565
12140,469,566
12141,469,574
12142,469,575
12143,469,576
12144,469,577
12145,469,578
12146,469,579
12147,469,580
12148,470,537
12149,470,538
12150,470,539
12151,470,540
12152,470,541
12153,470,542
12154,470,543
12155,470,544
12156,470,545
12157,470,546
12158,470,547
12159,470,548
12160,470,549
12161,470,550
12162,470,551
12163,470,552
12164,470,553
12165,470,554
12166,470,555
12167,470,556
12168,470,557
12169,470,558
12170,470,559
12171,470,560
12172,470,561
12173,470,562
12174,470,563
12175,470,564
12176,470,565
12177,470,566
12178,470,573
12179,470,574
12180,470,575
12181,470,576
12182,470,577
12183,470,578
12184,470,579
12185,470,580
12186,470,581
12187,471,536
12188,471,537
12189,471,538
12190,471,539
12191,471,540
12192,471,541
12193,471,542
12194,471,543
12195,471,544
12196,471,545
12197,471,546
12198,471,547
12199,471,548
12200,471,550
12201,471,551
12202,471,552
12203,471,553
12204,471,554
12205,471,555
12206,471,556
12207,471,557
12208,471,558
12209,471,559
12210,471,560
12211,471,561
12212,471,562
12213,471,563
12214,471,564
12215,471,565
12216,471,572
12217,471,573
12218,471,574
12219,471,575
12220,471,576
12221,471,577
12222,471,578
12223,471,579
12224,471,580
12225,471,581
12226,471,592
12227,471,593
12228,471,594
12229,471,595
12230,472,535
12231,472,536
12232,472,537
12233,472,538
12234,472,539
12235,472,540
12236,472,541
12237,472,542
12238,472,543
12239,472,544
12240,472,545
12241,472,546
12242,472,547
12243,472,548
12244,472,551
12245,472,552
12246,472,553
12247,472,554
12248,472,555
12249,472,556
12250,472,557
12251,472,558
12252,472,559
12253,472,560
12254,472,561
12255,472,562
12256,472,563
12257,472,564
12258,472,565
12259,472,571
12260,472,572
12261,472,573
12262,472,574
12263,472,575
12264,472,576
12265,472,577
12266,472,578
12267,472,579
12268,472,580
12269,472,581
12270,472,582
12271,472,590
12272,472,591
12273,472,592
12274,472,593
12275,472,594
12276,472,595
12277,472,596
12278,472,597
12279,472,598
12280,473,537
12281,473,538
12282,473,539
12283,473,540
12284,473,541
12285,473,542
12286,473,543
12287,473,544
12288,473,545
12289,473,546
12290,473,547
12291,473,548
12292,473,549
12293,473,550
12294,473,551
12295,473,552
12296,473,553
12297,473,554
12298,473,555
12299,473,556
12300,473,557
12301,473,558
12302,473,559
12303,473,560
12304,473,561
12305,473,562
12306,473,563
12307,473,564
12308,473,565
12309,473,566
12310,473,572
12311,473,573
12312,473,574
12313,473,575
12314,473,576
12315,473,577
12316,473,578
12317,473,579
12318,473,580
12319,473,581
12320,473,582
12321,473,591
12322,473,592
12323,473,593
12324,473,594
12325,473,595
12326,473,596
12327,474,538
12328,474,539
12329,474,540
12330,474,541
12331,474,542
12332,474,543
12333,474,544
12334,474,545
12335,474,546
12336,474,547
12337,474,548
12338,474,549
12339,474,550
12340,474,551
12341,474,554
12342,474,555
12343,474,556
12344,474,557
12345,474,558
12346,474,559
12347,474,560
12348,474,561
12349,474,562
12350,474,563
12351,474,564
12352,474,565
12353,474,566
12354,474,573
12355,474,574
12356,474,575
12357,474,576
12358,474,577
12359,474,578
12360,474,579
12361,474,580
12362,474,581
12363,474,582
12364,474,591
12365,474,592
12366,474,593
12367,474,594
12368,475,539
12369,475,540
12370,475,541
12371,475,542
12372,475,543
12373,475,544
12374,475,545
12375,475,546
12376,475,547
12377,475,548
12378,475,549
12379,475,550
12380,475,551
12381,475,555
12382,475,556
12383,475,557
12384,475,558
12385,475,559
12386,475,560
12387,475,561
12388,475,562
12389,475,563
12390,475,564
12391,475,565
12392,475,566
12393,475,567
12394,475,574
12395,475,575
12396,475,576
12397,475,577
12398,475,578
12399,475,579
12400,475,580
12401,475,581
12402,475,582
12403,475,583
12404,475,592
12405,475,593
12406,475,594
12407,476,540
12408,476,541
12409,476,542
12410,476,543
12411,476,544
12412,476,545
12413,476,546
12414,476,547
12415,476,548
12416,476,549
12417,476,550
12418,476,551
12419,476,555
12420,476,556
12421,476,557
12422,476,558
12423,476,559
12424,476,560
12425,476,561
12426,476,562
12427,476,563
12428,476,564
12429,476,565
12430,476,566
12431,476,567
12432,476,574
12433,476,575
12434,476,576
12435,476,577
12436,476,578
12437,476,579
12438,476,580
12439,476,581
12440,476,582
12441,476,592
12442,476,593
12443,477,540
12444,477,541
12445,477,542
12446,477,543
12447,477,544
12448,477,545
12449,477,546
12450,477,547
12451,477,548
12452,477,549
12453,477,550
12454,477,551
12455,477,555
12456,477,556
12457,477,557
12458,477,558
12459,477,559
12460,477,560
12461,477,561
12462,477,562
12463,477,563
12464,477,564
12465,477,565
12466,477,566
12467,477,574
12468,477,575
12469,477,576
12470,477,577
12471,477,578
12472,477,579
12473,477,580
12474,477,581
12475,478,542
12476,478,543
12477,478,544
12478,478,545
12479,478,546
12480,478,547
12481,478,548
12482,478,552
12483,478,553
12484,478,554
12485,478,555
12486,478,556
12487,478,557
12488,478,558
12489,478,559
12490,478,560
12491,478,561
12492,478,562
12493,478,563
12494,478,564
12495,478,565
12496,478,575
12497,478,576
12498,478,577
12499,478,578
12500,478,579
12501,478,580
12502,479,544
12503,479,545
12504,479,546
12505,479,547
12506,479,552
12507,479,553
12508,479,554
12509,479,555
12510,479,556
12511,479,557
12512,479,558
12513,479,559
12514,479,560
12515,479,561
12516,479,562
12517,479,563
12518,479,564
12519,479,576
12520,479,577
12521,479,578
12522,479,579
12523,479,580
12524,480,554
12525,480,555
12526,480,556
12527,480,557
12528,480,558
12529,480,559
12530,480,560
12531,480,561
12532,480,562
12533,480,563
12534,480,564
12535,480,576
12536,480,577
12537,480,578
12538,480,579
12539,480,580
12540,481,549
12541,481,555
12542,481,556
12543,481,557
12544,481,558
12545,481,559
12546,481,560
12547,481,561
12548,481,562
12549,481,563
12550,481,564
12551,481,575
12552,481,576
12553,481,577
12554,481,578
12555,481,579
12556,481,580
12557,482,549
12558,482,550
12559,482,556
12560,482,557
12561,482,558
12562,482,559
12563,482,560
12564,482,561
12565,482,562
12566,482,563
12567,482,564
12568,482,565
12569,482,575
12570,482,576
12571,482,577
12572,482,578
12573,482,579
12574,482,580
12575,483,555
12576,483,556
12577,483,557
12578,483,558
12579,483,559
12580,483,560
12581,483,561
12582,483,562
12583,483,563
12584,483,564
12585,483,565
12586,483,574
12587,483,575
12588,483,576
12589,483,577
12590,483,578
12591,483,579
12592,483,580
12593,484,555
12594,484,556
12595,484,557
12596,484,558
12597,484,559
12598,484,560
12599,484,561
12600,484,562
12601,484,563
12602,484,564
12603,484,573
12604,484,574
12605,484,575
12606,484,576
12607,484,577
12608,484,578
12609,484,579
12610,484,580
12611,484,581
12612,484,594
12613,484,595
12614,484,596
12615,484,597
12616,485,554
12617,485,555
12618,485,556
12619,485,557
12620,485,558
12621,485,559
12622,485,560
12623,485,561
12624,485,562
12625,485,563
12626,485,564
12627,485,572
12628,485,573
12629,485,574
12630,485,575
12631,485,576
12632,485,577
12633,485,578
12634,485,579
12635,485,580
12636,485,581
12637,485,592
12638,485,593
12639,485,594
12640,485,595
12641,485,596
12642,485,597
12643,485,598
12644,486,554
12645,486,555
12646,486,556
12647,486,557
12648,486,558
12649,486,559
12650,486,560
12651,486,561
12652,486,562
12653,486,563
12654,486,564
12655,486,565
12656,486,571
12657,486,572
12658,486,573
12659,486,574
12660,486,575
12661,486,576
12662,486,577
12663,486,578
12664,486,579
12665,486,580
12666,486,581
12667,486,582
12668,486,591
12669,486,592
12670,486,593
12671,486,594
12672,486,595
12673,486,596
12674,486,597
12675,486,598
12676,486,613
12677,486,614
12678,487,555
12679,487,556
12680,487,557
12681,487,558
12682,487,559
12683,487,560
12684,487,561
12685,487,562
12686,487,563
12687,487,564
12688,487,565
12689,487,572
12690,487,573
12691,487,574
12692,487,575
12693,487,576
12694,487,577
12695,487,578
12696,487,579
12697,487,580
12698,487,581
12699,487,582
12700,487,591
12701,487,592
12702,487,593
12703,487,594
12704,487,595
12705,487,596
12706,487,597
12707,487,598
12708,488,556
12709,488,557
12710,488,558
12711,488,559
12712,488,560
12713,488,561
12714,488,562
12715,488,563
12716,488,564
12717,488,565
12718,488,566
12719,488,573
12720,488,574
12721,488,575
12722,488,576
12723,488,577
12724,488,578
12725,488,579
12726,488,580
12727,488,581
12728,488,592
12729,488,593
12730,488,594
12731,488,595
12732,488,596
12733,489,556
12734,489,557
12735,489,558
12736,489,559
12737,489,560
12738,489,561
12739,489,562
12740,489,563
12741,489,564
12742,489,565
12743,489,566
12744,489,567
12745,489,573
12746,489,574
12747,489,575
12748,489,576
12749,489,577
12750,489,578
12751,489,579
12752,489,580
12753,489,581
12754,489,592
12755,489,593
12756,489,594
12757,489,595
12758,489,610
12759,490,557
12760,490,558
12761,490,559
12762,490,560
12763,490,561
12764,490,562
12765,490,563
12766,490,564
12767,490,565
12768,490,566
12769,490,574
12770,490,575
12771,490,576
12772,490,577
12773,490,578
12774,490,579
12775,490,580
12776,490,592
12777,490,593
12778,490,594
12779,491,557
12780,491,558
12781,491,559
12782,491,560
12783,491,561
12784,491,562
12785,491,563
12786,491,564
12787,491,565
12788,491,574
12789,491,575
12790,491,576
12791,491,577
12792,491,578
12793,491,579
12794,491,580
12795,492,558
12796,492,559
12797,492,560
12798,492,561
12799,492,562
12800,492,563
12801,492,564
12802,492,574
12803,492,575
12804,492,576
12805,492,577
12806,492,578
12807,492,579
12808,492,580
12809,493,561
12810,493,562
12811,493,563
12812,493,576
12813,493,577
12814,493,578
12815,493,579
12816,494,576
12817,494,577
12818,494,578
12819,494,579
12820,495,575
12821,496,566
12822,496,567
12823,496,575
12824,497,567
12825,497,573
12826,497,574
12827,497,575
12828,497,576
12829,497,577
12830,497,578
12831,497,579
12832,497,580
12833,498,570
12834,498,571
12835,498,572
12836,498,573
12837,498,574
12838,498,575
12839,498,576
12840,498,577
12841,498,578
12842,498,579
12843,498,580
12844,498,581
12845,498,592
12846,498,593
12847,498,594
12848,498,595
12849,498,596
12850,498,597
12851,498,598
12852,498,610
12853,498,611
12854,498,612
12855,498,613
12856,498,614
12857,498,615
12858,499,569
12859,499,570
12860,499,571
12861,499,572
12862,499,573
12863,499,574
12864,499,575
12865,499,576
12866,499,577
12867,499,578
12868,499,579
12869,499,580
12870,499,581
12871,499,590
12872,499,591
12873,499,592
12874,499,593
12875,499,594
12876,499,595
12877,499,596
12878,499,597
12879,499,598
12880,499,608
12881,499,609
12882,499,610
12883,499,611
12884,499,612
12885,499,613
12886,499,614
12887,499,615
12888,499,616
12889,500,569
12890,500,570
12891,500,571
12892,500,572
12893,500,573
12894,500,574
12895,500,575
12896,500,576
12897,500,577
12898,500,578
12899,500,579
12900,500,580
12901,500,581
12902,500,582
12903,500,589
12904,500,590
12905,500,591
12906,500,592
12907,500,593
12908,500,594
12909,500,595
12910,500,596
12911,500,597
12912,500,598
12913,500,599
12914,500,607
12915,500,608
12916,500,609
12917,500,610
12918,500,611
12919,500,612
12920,500,613
12921,500,614
12922,500,615
12923,500,616
12924,500,617
12925,501,570
12926,501,571
12927,501,572
12928,501,573
12929,501,574
12930,501,575
12931,501,576
12932,501,577
12933,501,578
12934,501,579
12935,501,580
12936,501,581
12937,501,582
12938,501,590
12939,501,591
12940,501,592
12941,501,593
12942,501,594
12943,501,595
12944,501,596
12945,501,597
12946,501,598
12947,501,599
12948,501,608
12949,501,609
12950,501,610
12951,501,611
12952,501,612
12953,501,613
12954,501,614
12955,501,615
12956,501,616
12957,501,617
12958,502,572
12959,502,573
12960,502,574
12961,502,575
12962,502,576
12963,502,577
12964,502,578
12965,502,579
12966,502,580
12967,502,581
12968,502,582
12969,502,583
12970,502,591
12971,502,592
12972,502,593
12973,502,594
12974,502,595
12975,502,596
12976,502,597
12977,502,598
12978,502,599
12979,502,608
12980,502,609
12981,502,610
12982,502,611
12983,502,612
12984,502,613
12985,502,614
12986,502,615
12987,502,616
12988,502,617
12989,502,627
12990,503,572
12991,503,573
12992,503,574
12993,503,575
12994,503,576
12995,503,577
12996,503,578
12997,503,579
12998,503,580
12999,503,581
13000,503,582
13001,503,583
13002,503,584
13003,503,591
13004,503,592
13005,503,593
13006,503,594
13007,503,595
13008,503,596
13009,503,597
13010,503,598
13011,503,599
13012,503,600
13013,503,601
13014,503,608
13015,503,609
13016,503,610
13017,503,611
13018,503,612
13019,503,613
13020,503,614
13021,503,615
13022,503,616
13023,503,617
13024,503,627
13025,504,573
13026,504,574
13027,504,575
13028,504,576
13029,504,577
13030,504,578
13031,504,579
13032,504,580
13033,504,581
13034,504,582
13035,504,583
13036,504,591
13037,504,592
13038,504,593
13039,504,594
13040,504,595
13041,504,596
13042,504,597
13043,504,598
13044,504,599
13045,504,600
13046,504,609
13047,504,610
13048,504,611
13049,504,612
13050,504,613
13051,504,614
13052,504,615
13053,504,616
13054,505,573
13055,505,574
13056,505,575
13057,505,576
13058,505,577
13059,505,578
13060,505,579
13061,505,580
13062,505,581
13063,505,582
13064,505,592
13065,505,593
13066,505,594
13067,505,595
13068,505,596
13069,505,597
13070,505,598
13071,505,599
13072,505,609
13073,505,610
13074,505,611
13075,505,612
13076,505,613
13077,505,614
13078,505,615
13079,506,574
13080,506,575
13081,506,576
13082,506,577
13083,506,578
13084,506,579
13085,506,580
13086,506,581
13087,506,594
13088,506,595
13089,506,596
13090,506,597
13091,506,598
13092,506,612
13093,506,613
13094,506,614
13095,506,615
13096,507,575
13097,507,576
13098,507,577
13099,507,578
13100,507,579
13101,507,580
13102,507,581
13103,507,595
13104,507,596
13105,507,597
13106,507,598
13107,507,613
13108,507,614
13109,507,615
13110,508,575
13111,508,576
13112,508,577
13113,508,578
13114,508,579
13115,508,580
13116,508,581
13117,508,595
13118,508,596
13119,508,597
13120,508,598
13121,508,613
13122,508,614
13123,508,615
13124,509,575
13125,509,576
13126,509,577
13127,509,578
13128,509,579
13129,509,580
13130,509,581
13131,509,582
13132,509,595
13133,509,596
13134,509,597
13135,509,598
13136,509,613
13137,509,614
13138,509,615
13139,510,576
13140,510,577
13141,510,578
13142,510,579
13143,510,580
13144,510,581
13145,510,582
13146,510,583
13147,510,584
13148,510,594
13149,510,595
13150,510,596
13151,510,597
13152,510,598
13153,510,613
13154,510,614
13155,510,615
13156,511,577
13157,511,578
13158,511,579
13159,511,580
13160,511,581
13161,511,582
13162,511,592
13163,511,593
13164,511,594
13165,511,595
13166,511,596
13167,511,597
13168,511,598
13169,511,599
13170,511,609
13171,511,610
13172,511,611
13173,511,612
13174,511,613
13175,511,614
13176,511,615
13177,511,616
13178,511,617
13179,511,626
13180,511,627
13181,511,628
13182,511,629
13183,511,630
13184,511,631
13185,511,632
13186,511,633
13187,511,634
13188,512,578
13189,512,579
13190,512,580
13191,512,581
13192,512,582
13193,512,589
13194,512,590
13195,512,591
13196,512,592
13197,512,593
13198,512,594
13199,512,595
13200,512,596
13201,512,597
13202,512,598
13203,512,599
13204,512,608
13205,512,609
13206,512,610
13207,512,611
13208,512,612
13209,512,613
13210,512,614
13211,512,615
13212,512,616
13213,512,617
13214,512,624
13215,512,625
13216,512,626
13217,512,627
13218,512,628
13219,512,629
13220,512,630
13221,512,631
13222,512,632
13223,512,633
13224,512,634
13225,513,578
13226,513,579
13227,513,580
13228,513,581
13229,513,582
13230,513,587
13231,513,588
13232,513,589
13233,513,590
13234,513,591
13235,513,592
13236,513,593
13237,513,594
13238,513,595
13239,513,596
13240,513,597
13241,513,598
13242,513,599
13243,513,607
13244,513,608
13245,513,609
13246,513,610
13247,513,611
13248,513,612
13249,513,613
13250,513,614
13251,513,615
13252,513,616
13253,513,617
13254,513,622
13255,513,623
13256,513,624
13257,513,625
13258,513,626
13259,513,627
13260,513,628
13261,513,629
13262,513,630
13263,513,631
13264,513,632
13265,513,633
13266,513,634
13267,513,639
13268,513,640
13269,513,641
13270,513,642
13271,513,643
13272,513,644
13273,513,645
13274,514,579
13275,514,580
13276,514,581
13277,514,582
13278,514,587
13279,514,588
13280,514,589
13281,514,590
13282,514,591
13283,514,592
13284,514,593
13285,514,594
13286,514,595
13287,514,596
13288,514,597
13289,514,598
13290,514,599
13291,514,607
13292,514,608
13293,514,609
13294,514,610
13295,514,611
13296,514,612
13297,514,613
13298,514,614
13299,514,615
13300,514,616
13301,514,617
13302,514,622
13303,514,623
13304,514,624
13305,514,625
13306,514,626
13307,514,627
13308,514,628
13309,514,629
13310,514,630
13311,514,631
13312,514,632
13313,514,633
13314,514,634
13315,514,635
13316,514,639
13317,514,640
13318,514,641
13319,514,642
13320,514,643
13321,514,644
13322,514,645
13323,515,582
13324,515,583
13325,515,584
13326,515,585
13327,515,586
13328,515,587
13329,515,589
13330,515,590
13331,515,591
13332,515,592
13333,515,593
13334,515,594
13335,515,595
13336,515,596
13337,515,597
13338,515,598
13339,515,599
13340,515,607
13341,515,608
13342,515,609
13343,515,610
13344,515,611
13345,515,612
13346,515,613
13347,515,614
13348,515,615
13349,515,616
13350,515,617
13351,515,618
13352,515,624
13353,515,625
13354,515,626
13355,515,627
13356,515,628
13357,515,629
13358,515,630
13359,515,631
13360,515,632
13361,515,633
13362,515,634
13363,515,635
13364,515,642
13365,515,643
13366,515,644
13367,515,645
13368,516,583
13369,516,584
13370,516,585
13371,516,586
13372,516,589
13373,516,590
13374,516,591
13375,516,592
13376,516,593
13377,516,594
13378,516,595
13379,516,596
13380,516,597
13381,516,598
13382,516,599
13383,516,600
13384,516,607
13385,516,608
13386,516,609
13387,516,610
13388,516,611
13389,516,612
13390,516,613
13391,516,614
13392,516,615
13393,516,616
13394,516,617
13395,516,618
13396,516,619
13397,516,625
13398,516,626
13399,516,627
13400,516,628
13401,516,629
13402,516,630
13403,516,631
13404,516,632
13405,516,633
13406,516,634
13407,516,635
13408,516,636
13409,516,643
13410,516,644
13411,516,645
13412,517,583
13413,517,584
13414,517,585
13415,517,586
13416,517,590
13417,517,591
13418,517,592
13419,517,593
13420,517,594
13421,517,595
13422,517,596
13423,517,597
13424,517,598
13425,517,599
13426,517,600
13427,517,601
13428,517,608
13429,517,609
13430,517,610
13431,517,611
13432,517,612
13433,517,613
13434,517,614
13435,517,615
13436,517,616
13437,517,617
13438,517,618
13439,517,619
13440,517,625
13441,517,626
13442,517,627
13443,517,628
13444,517,629
13445,517,630
13446,517,631
13447,517,632
13448,517,633
13449,517,634
13450,517,635
13451,517,636
13452,517,637
13453,517,644
13454,517,645
13455,518,584
13456,518,585
13457,518,586
13458,518,589
13459,518,590
13460,518,591
13461,518,592
13462,518,593
13463,518,594
13464,518,595
13465,518,596
13466,518,597
13467,518,598
13468,518,599
13469,518,600
13470,518,601
13471,518,607
13472,518,608
13473,518,609
13474,518,610
13475,518,611
13476,518,612
13477,518,613
13478,518,614
13479,518,615
13480,518,616
13481,518,617
13482,518,618
13483,518,619
13484,518,625
13485,518,626
13486,518,627
13487,518,628
13488,518,629
13489,518,630
13490,518,631
13491,518,632
13492,518,633
13493,518,634
13494,518,635
13495,518,636
13496,518,637
13497,519,588
13498,519,589
13499,519,590
13500,519,591
13501,519,592
13502,519,593
13503,519,594
13504,519,595
13505,519,596
13506,519,597
13507,519,598
13508,519,599
13509,519,600
13510,519,607
13511,519,608
13512,519,609
13513,519,610
13514,519,611
13515,519,612
13516,519,613
13517,519,614
13518,519,615
13519,519,616
13520,519,617
13521,519,618
13522,519,619
13523,519,624
13524,519,625
13525,519,626
13526,519,627
13527,519,628
13528,519,629
13529,519,630
13530,519,631
13531,519,632
13532,519,633
13533,519,634
13534,519,635
13535,519,636
13536,520,587
13537,520,588
13538,520,589
13539,520,590
13540,520,591
13541,520,592
13542,520,593
13543,520,594
13544,520,595
13545,520,596
13546,520,597
13547,520,598
13548,520,599
13549,520,605
13550,520,606
13551,520,607
13552,520,608
13553,520,609
13554,520,610
13555,520,611
13556,520,612
13557,520,613
13558,520,614
13559,520,615
13560,520,616
13561,520,617
13562,520,621
13563,520,622
13564,520,623
13565,520,624
13566,520,625
13567,520,626
13568,520,627
13569,520,628
13570,520,629
13571,520,630
13572,520,631
13573,520,632
13574,520,633
13575,520,634
13576,520,635
13577,520,640
13578,521,588
13579,521,589
13580,521,590
13581,521,591
13582,521,592
13583,521,593
13584,521,594
13585,521,595
13586,521,596
13587,521,597
13588,521,598
13589,521,599
13590,521,600
13591,521,605
13592,521,606
13593,521,607
13594,521,608
13595,521,609
13596,521,610
13597,521,611
13598,521,612
13599,521,613
13600,521,614
13601,521,615
13602,521,616
13603,521,617
13604,521,620
13605,521,621
13606,521,622
13607,521,623
13608,521,624
13609,521,625
13610,521,626
13611,521,627
13612,521,628
13613,521,629
13614,521,630
13615,521,631
13616,521,632
13617,521,633
13618,521,634
13619,521,635
13620,521,639
13621,521,640
13622,522,591
13623,522,592
13624,522,593
13625,522,594
13626,522,595
13627,522,596
13628,522,597
13629,522,598
13630,522,599
13631,522,600
13632,522,606
13633,522,607
13634,522,608
13635,522,609
13636,522,610
13637,522,611
13638,522,612
13639,522,613
13640,522,614
13641,522,615
13642,522,616
13643,522,617
13644,522,618
13645,522,620
13646,522,621
13647,522,622
13648,522,623
13649,522,624
13650,522,625
13651,522,626
13652,522,627
13653,522,628
13654,522,629
13655,522,630
13656,522,631
13657,522,632
13658,522,633
13659,522,634
13660,522,635
13661,522,636
13662,522,637
13663,523,591
13664,523,592
13665,523,593
13666,523,594
13667,523,595
13668,523,596
13669,523,597
13670,523,598
13671,523,599
13672,523,600
13673,523,607
13674,523,608
13675,523,609
13676,523,610
13677,523,611
13678,523,612
13679,523,613
13680,523,614
13681,523,615
13682,523,616
13683,523,617
13684,523,618
13685,523,619
13686,523,620
13687,523,624
13688,523,625
13689,523,626
13690,523,627
13691,523,628
13692,523,629
13693,523,630
13694,523,631
13695,523,632
13696,523,633
13697,523,634
13698,523,635
13699,523,636
13700,523,637
13701,524,591
13702,524,592
13703,524,593
13704,524,594
13705,524,595
13706,524,596
13707,524,597
13708,524,598
13709,524,599
13710,524,600
13711,524,601
13712,524,607
13713,524,608
13714,524,609
13715,524,610
13716,524,611
13717,524,612
13718,524,613
13719,524,614
13720,524,615
13721,524,616
13722,524,617
13723,524,618
13724,524,619
13725,524,620
13726,524,624
13727,524,625
13728,524,626
13729,524,627
13730,524,628
13731,524,629
13732,524,630
13733,524,631
13734,524,632
13735,524,633
13736,524,634
13737,524,635
13738,524,636
13739,524,637
13740,524,638
13741,524,643
13742,524,644
13743,524,645
13744,524,646
13745,524,647
13746,524,648
13747,524,650
13748,524,651
13749,524,652
13750,524,653
13751,525,591
13752,525,592
13753,525,593
13754,525,594
13755,525,595
13756,525,596
13757,525,597
13758,525,598
13759,525,599
13760,525,600
13761,525,601
13762,525,602
13763,525,603
13764,525,604
13765,525,605
13766,525,606
13767,525,607
13768,525,608
13769,525,609
13770,525,610
13771,525,611
13772,525,612
13773,525,613
13774,525,614
13775,525,615
13776,525,616
13777,525,617
13778,525,618
13779,525,620
13780,525,621
13781,525,622
13782,525,623
13783,525,624
13784,525,625
13785,525,626
13786,525,627
13787,525,628
13788,525,629
13789,525,630
13790,525,631
13791,525,632
13792,525,633
13793,525,634
13794,525,635
13795,525,636
13796,525,637
13797,525,638
13798,525,639
13799,525,640
13800,525,641
13801,525,642
13802,525,643
13803,525,644
13804,525,645
13805,525,646
13806,525,647
13807,525,648
13808,525,649
13809,525,650
13810,525,651
13811,525,652
13812,525,653
13813,525,654
13814,526,591
13815,526,592
13816,526,593
13817,526,594
13818,526,595
13819,526,596
13820,526,597
13821,526,598
13822,526,599
13823,526,600
13824,526,602
13825,526,603
13826,526,604
13827,526,605
13828,526,606
13829,526,607
13830,526,608
13831,526,609
13832,526,610
13833,526,611
13834,526,612
13835,526,613
13836,526,614
13837,526,615
13838,526,616
13839,526,617
13840,526,618
13841,526,621
13842,526,622
13843,526,623
13844,526,624
13845,526,625
13846,526,626
13847,526,627
13848,526,628
13849,526,629
13850,526,630
13851,526,631
13852,526,632
13853,526,633
13854,526,634
13855,526,635
13856,526,636
13857,526,637
13858,526,638
13859,526,639
13860,526,640
13861,526,641
13862,526,642
13863,526,643
13864,526,644
13865,526,645
13866,526,646
13867,526,647
13868,526,648
13869,526,649
13870,526,650
13871,526,651
13872,526,652
13873,526,653
13874,526,654
13875,526,655
13876,526,656
13877,526,657
13878,527,591
13879,527,592
13880,527,593
13881,527,594
13882,527,595
13883,527,596
13884,527,597
13885,527,598
13886,527,599
13887,527,600
13888,527,602
13889,527,603
13890,527,604
13891,527,605
13892,527,606
13893,527,607
13894,527,608
13895,527,609
13896,527,610
13897,527,611
13898,527,612
13899,527,613
13900,527,614
13901,527,615
13902,527,616
13903,527,617
13904,527,621
13905,527,622
13906,527,623
13907,527,624
13908,527,625
13909,527,626
13910,527,627
13911,527,628
13912,527,629
13913,527,630
13914,527,631
13915,527,632
13916,527,633
13917,527,634
13918,527,635
13919,527,636
13920,527,637
13921,527,638
13922,527,639
13923,527,640
13924,527,641
13925,527,642
13926,527,643
13927,527,644
13928,527,645
13929,527,646
13930,527,647
13931,527,648
13932,527,649
13933,527,650
13934,527,651
13935,527,652
13936,527,653
13937,527,654
13938,527,655
13939,527,656
13940,527,657
13941,527,658
13942,527,659
13943,528,592
13944,528,593
13945,528,594
13946,528,595
13947,528,596
13948,528,597
13949,528,598
13950,528,599
13951,528,600
13952,528,601
13953,528,602
13954,528,603
13955,528,604
13956,528,605
13957,528,606
13958,528,607
13959,528,608
13960,528,609
13961,528,610
13962,528,611
13963,528,612
13964,528,613
13965,528,614
13966,528,615
13967,528,616
13968,528,617
13969,528,618
13970,528,620
13971,528,621
13972,528,622
13973,528,623
13974,528,624
13975,528,625
13976,528,626
13977,528,627
13978,528,628
13979,528,629
13980,528,630
13981,528,631
13982,528,632
13983,528,633
13984,528,634
13985,528,635
13986,528,636
13987,528,637
13988,528,638
13989,528,639
13990,528,640
13991,528,641
13992,528,642
13993,528,643
13994,528,644
13995,528,645
13996,528,646
13997,528,647
13998,528,648
13999,528,649
14000,528,650
14001,528,651
14002,528,652
14003,528,653
14004,528,654
14005,528,655
14006,528,656
14007,528,657
14008,528,658
14009,528,659
14010,528,660
14011,529,593
14012,529,594
14013,529,595
14014,529,596
14015,529,597
14016,529,598
14017,529,599
14018,529,600
14019,529,601
14020,529,602
14021,529,603
14022,529,604
14023,529,605
14024,529,606
14025,529,607
14026,529,608
14027,529,609
14028,529,610
14029,529,611
14030,529,612
14031,529,613
14032,529,614
14033,529,615
14034,529,616
14035,529,617
14036,529,618
14037,529,619
14038,529,620
14039,529,621
14040,529,622
14041,529,623
14042,529,624
14043,529,625
14044,529,626
14045,529,627
14046,529,628
14047,529,629
14048,529,630
14049,529,631
14050,529,632
14051,529,633
14052,529,634
14053,529,635
14054,529,636
14055,529,637
14056,529,638
14057,529,639
14058,529,640
14059,529,641
14060,529,642
14061,529,643
14062,529,644
14063,529,645
14064,529,646
14065,529,647
14066,529,648
14067,529,649
14068,529,650
14069,529,651
14070,529,652
14071,529,653
14072,529,654
14073,529,655
14074,529,656
14075,529,657
14076,529,658
14077,529,659
14078,529,660
14079,530,594
14080,530,595
14081,530,596
14082,530,597
14083,530,598
14084,530,599
14085,530,600
14086,530,601
14087,530,602
14088,530,603
14089,530,604
14090,530,606
14091,530,607
14092,530,608
14093,530,609
14094,530,610
14095,530,611
14096,530,612
14097,530,613
14098,530,614
14099,530,615
14100,530,616
14101,530,617
14102,530,618
14103,530,619
14104,530,620
14105,530,621
14106,530,624
14107,530,625
14108,530,626
14109,530,627
14110,530,628
14111,530,629
14112,530,630
14113,530,631
14114,530,632
14115,530,633
14116,530,634
14117,530,635
14118,530,636
14119,530,637
14120,530,638
14121,530,639
14122,530,640
14123,530,641
14124,530,642
14125,530,643
14126,530,644
14127,530,645
14128,530,646
14129,530,647
14130,530,648
14131,530,649
14132,530,650
14133,530,651
14134,530,652
14135,530,653
14136,530,654
14137,530,655
14138,530,656
14139,530,657
14140,530,658
14141,530,659
14142,530,660
14143,530,661
14144,530,662
14145,531,596
14146,531,597
14147,531,598
14148,531,599
14149,531,600
14150,531,601
14151,531,602
14152,531,603
14153,531,604
14154,531,607
14155,531,608
14156,531,609
14157,531,610
14158,531,611
14159,531,612
14160,531,613
14161,531,614
14162,531,615
14163,531,616
14164,531,617
14165,531,618
14166,531,619
14167,531,620
14168,531,624
14169,531,625
14170,531,626
14171,531,627
14172,531,628
14173,531,629
14174,531,630
14175,531,631
14176,531,632
14177,531,633
14178,531,634
14179,531,635
14180,531,636
14181,531,637
14182,531,638
14183,531,639
14184,531,640
14185,531,641
14186,531,642
14187,531,643
14188,531,644
14189,531,645
14190,531,646
14191,531,647
14192,531,648
14193,531,649
14194,531,650
14195,531,651
14196,531,652
14197,531,653
14198,531,654
14199,531,655
14200,531,656
14201,531,657
14202,531,658
14203,531,659
14204,531,660
14205,531,661
14206,531,662
14207,532,597
14208,532,598
14209,532,599
14210,532,600
14211,532,601
14212,532,602
14213,532,603
14214,532,604
14215,532,605
14216,532,606
14217,532,607
14218,532,608
14219,532,609
14220,532,610
14221,532,611
14222,532,612
14223,532,613
14224,532,614
14225,532,615
14226,532,616
14227,532,617
14228,532,618
14229,532,619
14230,532,620
14231,532,621
14232,532,624
14233,532,625
14234,532,626
14235,532,627
14236,532,628
14237,532,629
14238,532,630
14239,532,631
14240,532,632
14241,532,633
14242,532,634
14243,532,635
14244,532,636
14245,532,637
14246,532,638
14247,532,639
14248,532,640
14249,532,641
14250,532,642
14251,532,643
14252,532,644
14253,532,645
14254,532,646
14255,532,647
14256,532,648
14257,532,649
14258,532,650
14259,532,651
14260,532,652
14261,532,653
14262,532,654
14263,532,655
14264,532,656
14265,532,657
14266,532,658
14267,532,659
14268,532,660
14269,532,661
14270,532,662
14271,533,599
14272,533,600
14273,533,601
14274,533,602
14275,533,603
14276,533,604
14277,533,605
14278,533,606
14279,533,607
14280,533,608
14281,533,609
14282,533,610
14283,533,611
14284,533,612
14285,533,613
14286,533,614
14287,533,615
14288,533,616
14289,533,617
14290,533,618
14291,533,619
14292,533,620
14293,533,621
14294,533,622
14295,533,623
14296,533,624
14297,533,625
14298,533,626
14299,533,627
14300,533,628
14301,533,629
14302,533,630
14303,533,631
14304,533,632
14305,533,633
14306,533,634
14307,533,635
14308,533,636
14309,533,637
14310,533,638
14311,533,639
14312,533,640
14313,533,641
14314,533,642
14315,533,643
14316,533,644
14317,533,645
14318,533,646
14319,533,647
14320,533,648
14321,533,649
14322,533,650
14323,533,651
14324,533,652
14325,533,653
14326,533,654
14327,533,655
14328,533,656
14329,533,657
14330,533,658
14331,533,659
14332,533,660
14333,534,602
14334,534,603
14335,534,604
14336,534,605
14337,534,606
14338,534,607
14339,534,608
14340,534,609
14341,534,610
14342,534,611
14343,534,612
14344,534,613
14345,534,614
14346,534,615
14347,534,616
14348,534,617
14349,534,618
14350,534,619
14351,534,620
14352,534,621
14353,534,622
14354,534,623
14355,534,624
14356,534,625
14357,534,626
14358,534,627
14359,534,628
14360,534,629
14361,534,630
14362,534,631
14363,534,632
14364,534,633
14365,534,634
14366,534,635
14367,534,636
14368,534,637
14369,534,638
14370,534,639
14371,534,640
14372,534,641
14373,534,642
14374,534,643
14375,534,644
14376,534,645
14377,534,646
14378,534,647
14379,534,648
14380,534,649
14381,534,650
14382,534,651
14383,534,652
14384,534,653
14385,534,654
14386,534,655
14387,534,656
14388,534,657
14389,534,658
14390,534,659
14391,534,660
14392,535,602
14393,535,603
14394,535,604
14395,535,605
14396,535,606
14397,535,607
14398,535,608
14399,535,609
14400,535,610
14401,535,611
14402,535,612
14403,535,613
14404,535,614
14405,535,615
14406,535,616
14407,535,617
14408,535,618
14409,535,619
14410,535,620
14411,535,621
14412,535,622
14413,535,623
14414,535,624
14415,535,625
14416,535,626
14417,535,627
14418,535,628
14419,535,629
14420,535,630
14421,535,631
14422,535,632
14423,535,633
14424,535,634
14425,535,635
14426,535,636
14427,535,637
14428,535,638
14429,535,639
14430,535,640
14431,535,641
14432,535,642
14433,535,643
14434,535,644
14435,535,645
14436,535,646
14437,535,647
14438,535,648
14439,535,649
14440,535,650
14441,535,651
14442,535,652
14443,535,653
14444,535,654
14445,535,655
14446,535,656
14447,535,657
14448,535,658
14449,535,659
14450,535,660
14451,536,603
14452,536,604
14453,536,605
14454,536,606
14455,536,607
14456,536,608
14457,536,609
14458,536,610
14459,536,611
14460,536,612
14461,536,613
14462,536,614
14463,536,615
14464,536,616
14465,536,617
14466,536,618
14467,536,619
14468,536,620
14469,536,621
14470,536,622
14471,536,623
14472,536,624
14473,536,625
14474,536,626
14475,536,627
14476,536,628
14477,536,629
14478,536,630
14479,536,631
14480,536,632
14481,536,633
14482,536,634
14483,536,635
14484,536,636
14485,536,637
14486,536,638
14487,536,639
14488,536,640
14489,536,641
14490,536,642
14491,536,643
14492,536,644
14493,536,645
14494,536,646
14495,536,647
14496,536,648
14497,536,649
14498,536,650
14499,536,651
14500,536,652
14501,536,653
14502,536,654
14503,536,655
14504,536,656
14505,536,657
14506,536,658
14507,536,659
14508,536,660
14509,536,661
14510,537,606
14511,537,607
14512,537,608
14513,537,609
14514,537,610
14515,537,611
14516,537,612
14517,537,613
14518,537,614
14519,537,615
14520,537,616
14521,537,617
14522,537,618
14523,537,619
14524,537,620
14525,537,621
14526,537,622
14527,537,623
14528,537,624
14529,537,625
14530,537,626
14531,537,627
14532,537,628
14533,537,629
14534,537,630
14535,537,631
14536,537,632
14537,537,633
14538,537,634
14539,537,635
14540,537,636
14541,537,637
14542,537,638
14543,537,639
14544,537,640
14545,537,641
14546,537,642
14547,537,643
14548,537,644
14549,537,645
14550,537,646
14551,537,647
14552,537,648
14553,537,649
14554,537,650
14555,537,651
14556,537,652
14557,537,653
14558,537,654
14559,537,655
14560,537,656
14561,537,657
14562,537,658
14563,537,659
14564,537,660
14565,537,661
14566,537,662
14567,538,607
14568,538,608
14569,538,609
14570,538,610
14571,538,611
14572,538,612
14573,538,613
14574,538,614
14575,538,615
14576,538,616
14577,538,617
14578,538,618
14579,538,619
14580,538,620
14581,538,621
14582,538,622
14583,538,623
14584,538,624
14585,538,625
14586,538,626
14587,538,627
14588,538,628
14589,538,629
14590,538,630
14591,538,631
14592,538,632
14593,538,633
14594,538,634
14595,538,635
14596,538,636
14597,538,637
14598,538,638
14599,538,639
14600,538,640
14601,538,641
14602,538,642
14603,538,643
14604,538,644
14605,538,645
14606,538,646
14607,538,647
14608,538,648
14609,538,649
14610,538,650
14611,538,651
14612,538,652
14613,538,653
14614,538,654
14615,538,655
14616,538,656
14617,538,657
14618,538,658
14619,538,659
14620,538,660
14621,538,661
14622,538,662
14623,538,663
14624,538,664
14625,538,665
14626,538,668
14627,538,669
14628,538,670
14629,539,607
14630,539,608
14631,539,609
14632,539,610
14633,539,611
14634,539,612
14635,539,613
14636,539,614
14637,539,615
14638,539,616
14639,539,617
14640,539,618
14641,539,619
14642,539,620
14643,539,621
14644,539,622
14645,539,623
14646,539,624
14647,539,625
14648,539,626
14649,539,627
14650,539,628
14651,539,629
14652,539,630
14653,539,631
14654,539,632
14655,539,633
14656,539,634
14657,539,635
14658,539,636
14659,539,637
14660,539,638
14661,539,639
14662,539,640
14663,539,641
14664,539,642
14665,539,643
14666,539,644
14667,539,645
14668,539,646
14669,539,647
14670,539,648
14671,539,649
14672,539,650
14673,539,651
14674,539,652
14675,539,653
14676,539,654
14677,539,655
14678,539,656
14679,539,657
14680,539,658
14681,539,659
14682,539,660
14683,539,661
14684,539,662
14685,539,663
14686,539,664
14687,539,665
14688,539,666
14689,539,667
14690,539,668
14691,539,669
14692,539,670
14693,539,671
14694,540,607
14695,540,608
14696,540,609
14697,540,610
14698,540,611
14699,540,612
14700,540,613
14701,540,614
14702,540,615
14703,540,616
14704,540,617
14705,540,618
14706,540,619
14707,540,620
14708,540,621
14709,540,622
14710,540,623
14711,540,624
14712,540,625
14713,540,626
14714,540,627
14715,540,628
14716,540,629
14717,540,630
14718,540,631
14719,540,632
14720,540,633
14721,540,634
14722,540,635
14723,540,636
14724,540,637
14725,540,638
14726,540,639
14727,540,640
14728,540,641
14729,540,642
14730,540,643
14731,540,644
14732,540,645
14733,540,646
14734,540,647
14735,540,648
14736,540,649
14737,540,650
14738,540,651
14739,540,652
14740,540,653
14741,540,654
14742,540,655
14743,540,656
14744,540,657
14745,540,658
14746,540,659
14747,540,660
14748,540,661
14749,540,662
14750,540,663
14751,540,664
14752,540,665
14753,540,666
14754,540,667
14755,540,668
14756,540,669
14757,540,670
14758,540,671
14759,540,672
14760,541,608
14761,541,609
14762,541,610
14763,541,611
14764,541,612
14765,541,613
14766,541,614
14767,541,615
14768,541,616
14769,541,617
14770,541,618
14771,541,619
14772,541,620
14773,541,621
14774,541,622
14775,541,623
14776,541,624
14777,541,625
14778,541,626
14779,541,627
14780,541,628
14781,541,629
14782,541,630
14783,541,631
14784,541,632
14785,541,633
14786,541,634
14787,541,635
14788,541,636
14789,541,637
14790,541,638
14791,541,639
14792,541,640
14793,541,641
14794,541,642
14795,541,643
14796,541,644
14797,541,645
14798,541,646
14799,541,647
14800,541,648
14801,541,649
14802,541,650
14803,541,651
14804,541,652
14805,541,653
14806,541,654
14807,541,655
14808,541,656
14809,541,657
14810,541,658
14811,541,659
14812,541,660
14813,541,661
14814,541,662
14815,541,663
14816,541,664
14817,541,665
14818,541,666
14819,541,667
14820,541,668
14821,541,669
14822,541,670
14823,541,671
14824,541,672
14825,541,673
14826,541,674
14827,541,675
14828,542,609
14829,542,610
14830,542,611
14831,542,612
14832,542,613
14833,542,614
14834,542,615
14835,542,616
14836,542,617
14837,542,618
14838,542,619
14839,542,620
14840,542,621
14841,542,622
14842,542,623
14843,542,624
14844,542,625
14845,542,626
14846,542,627
14847,542,628
14848,542,629
14849,542,630
14850,542,631
14851,542,632
14852,542,633
14853,542,634
14854,542,635
14855,542,636
14856,542,637
14857,542,638
14858,542,639
14859,542,640
14860,542,641
14861,542,642
14862,542,643
14863,542,644
14864,542,645
14865,542,646
14866,542,647
14867,542,648
14868,542,649
14869,542,650
14870,542,651
14871,542,652
14872,542,653
14873,542,654
14874,542,655
14875,542,656
14876,542,657
14877,542,658
14878,542,659
14879,542,660
14880,542,661
14881,542,662
14882,542,663
14883,542,664
14884,542,665
14885,542,666
14886,542,667
14887,542,668
14888,542,669
14889,542,670
14890,542,671
14891,542,672
14892,542,673
14893,542,674
14894,542,675
14895,543,610
14896,543,611
14897,543,612
14898,543,613
14899,543,614
14900,543,615
14901,543,616
14902,543,617
14903,543,618
14904,543,619
14905,543,620
14906,543,621
14907,543,622
14908,543,623
14909,543,624
14910,543,625
14911,543,626
14912,543,627
14913,543,628
14914,543,629
14915,543,630
14916,543,631
14917,543,632
14918,543,633
14919,543,634
14920,543,635
14921,543,636
14922,543,637
14923,543,638
14924,543,639
14925,543,640
14926,543,641
14927,543,642
14928,543,643
14929,543,644
14930,543,645
14931,543,646
14932,543,647
14933,543,648
14934,543,649
14935,543,650
14936,543,651
14937,543,652
14938,543,653
14939,543,654
14940,543,655
14941,543,656
14942,543,657
14943,543,658
14944,543,659
14945,543,660
14946,543,661
14947,543,662
14948,543,663
14949,543,664
14950,543,665
14951,543,666
14952,543,667
14953,543,668
14954,543,669
14955,543,670
14956,543,671
14957,543,672
14958,543,673
14959,543,674
14960,543,675
14961,543,676
14962,544,610
14963,544,611
14964,544,612
14965,544,613
14966,544,614
14967,544,615
14968,544,616
14969,544,617
14970,544,618
14971,544,619
14972,544,620
14973,544,621
14974,544,622
14975,544,623
14976,544,624
14977,544,625
14978,544,626
14979,544,627
14980,544,628
14981,544,629
14982,544,630
14983,544,631
14984,544,632
14985,544,633
14986,544,634
14987,544,635
14988,544,636
14989,544,637
14990,544,638
14991,544,639
14992,544,640
14993,544,641
14994,544,642
14995,544,643
14996,544,644
14997,544,645
14998,544,646
14999,544,647
15000,544,648
15001,544,649
15002,544,650
15003,544,651
15004,544,652
15005,544,653
15006,544,654
15007,544,655
15008,544,656
15009,544,657
15010,544,658
15011,544,659
15012,544,660
15013,544,661
15014,544,662
15015,544,663
15016,544,664
15017,544,665
15018,544,666
15019,544,667
15020,544,668
15021,544,669
15022,544,670
15023,544,671
15024,544,672
15025,544,673
15026,544,674
15027,544,675
15028,544,676
15029,545,613
15030,545,614
15031,545,615
15032,545,616
15033,545,617
15034,545,618
15035,545,619
15036,545,620
15037,545,621
15038,545,622
15039,545,623
15040,545,624
15041,545,625
15042,545,626
15043,545,627
15044,545,628
15045,545,629
15046,545,630
15047,545,631
15048,545,632
15049,545,633
15050,545,634
15051,545,635
15052,545,636
15053,545,637
15054,545,638
15055,545,639
15056,545,640
15057,545,641
15058,545,642
15059,545,643
15060,545,644
15061,545,645
15062,545,646
15063,545,647
15064,545,648
15065,545,649
15066,545,650
15067,545,651
15068,545,652
15069,545,653
15070,545,654
15071,545,655
15072,545,656
15073,545,657
15074,545,658
15075,545,659
15076,545,660
15077,545,661
15078,545,662
15079,545,663
15080,545,664
15081,545,665
15082,545,666
15083,545,667
15084,545,668
15085,545,669
15086,545,670
15087,545,671
15088,545,672
15089,545,673
15090,545,674
15091,545,675
15092,545,676
15093,546,615
15094,546,616
15095,546,617
15096,546,618
15097,546,619
15098,546,620
15099,546,621
15100,546,622
15101,546,623
15102,546,624
15103,546,625
15104,546,626
15105,546,627
15106,546,628
15107,546,629
15108,546,630
15109,546,631
15110,546,632
15111,546,633
15112,546,634
15113,546,635
15114,546,636
15115,546,637
15116,546,638
15117,546,639
15118,546,640
15119,546,641
15120,546,642
15121,546,643
15122,546,644
15123,546,645
15124,546,646
15125,546,647
15126,546,648
15127,546,649
15128,546,650
15129,546,651
15130,546,652
15131,546,653
15132,546,654
15133,546,655
15134,546,656
15135,546,657
15136,546,658
15137,546,659
15138,546,660
15139,546,661
15140,546,662
15141,546,663
15142,546,664
15143,546,665
15144,546,666
15145,546,667
15146,546,668
15147,546,669
15148,546,670
15149,546,671
15150,546,672
15151,546,673
15152,546,674
15153,546,675
15154,546,676
15155,546,677
15156,546,678
15157,547,616
15158,547,617
15159,547,618
15160,547,619
15161,547,620
15162,547,621
15163,547,622
15164,547,623
15165,547,624
15166,547,625
15167,547,626
15168,547,627
15169,547,628
15170,547,629
15171,547,630
15172,547,631
15173,547,632
15174,547,633
15175,547,634
15176,547,635
15177,547,636
15178,547,637
15179,547,638
15180,547,639
15181,547,640
15182,547,641
15183,547,642
15184,547,643
15185,547,644
15186,547,645
15187,547,646
15188,547,647
15189,547,648
15190,547,649
15191,547,650
15192,547,651
15193,547,652
15194,547,653
15195,547,654
15196,547,655
15197,547,656
15198,547,657
15199,547,658
15200,547,659
15201,547,660
15202,547,661
15203,547,662
15204,547,663
15205,547,664
15206,547,665
15207,547,666
15208,547,667
15209,547,668
15210,547,669
15211,547,670
15212,547,671
15213,547,672
15214,547,673
15215,547,674
15216,547,675
15217,547,676
15218,547,677
15219,547,678
15220,548,617
15221,548,618
15222,548,619
15223,548,620
15224,548,621
15225,548,622
15226,548,623
15227,548,624
15228,548,625
15229,548,626
15230,548,627
15231,548,628
15232,548,629
15233,548,630
15234,548,631
15235,548,632
15236,548,633
15237,548,634
15238,548,635
15239,548,636
15240,548,637
15241,548,638
15242,548,639
15243,548,640
15244,548,641
15245,548,642
15246,548,643
15247,548,644
15248,548,645
15249,548,646
15250,548,647
15251,548,648
15252,548,649
15253,548,650
15254,548,651
15255,548,652
15256,548,653
15257,548,654
15258,548,655
15259,548,656
15260,548,657
15261,548,658
15262,548,659
15263,548,660
15264,548,661
15265,548,662
15266,548,663
15267,548,664
15268,548,665
15269,548,666
15270,548,667
15271,548,668
15272,548,669
15273,548,670
15274,548,671
15275,548,672
15276,548,673
15277,548,674
15278,548,675
15279,548,676
15280,548,677
15281,548,678
15282,548,679
15283,549,618
15284,549,619
15285,549,620
15286,549,621
15287,549,622
15288,549,623
15289,549,624
15290,549,625
15291,549,626
15292,549,627
15293,549,628
15294,549,629
15295,549,630
15296,549,631
15297,549,632
15298,549,633
15299,549,634
15300,549,635
15301,549,636
15302,549,637
15303,549,638
15304,549,639
15305,549,640
15306,549,641
15307,549,642
15308,549,643
15309,549,644
15310,549,645
15311,549,646
15312,549,647
15313,549,648
15314,549,649
15315,549,650
15316,549,651
15317,549,652
15318,549,653
15319,549,654
15320,549,655
15321,549,656
15322,549,657
15323,549,658
15324,549,659
15325,549,660
15326,549,661
15327,549,662
15328,549,663
15329,549,664
15330,549,665
15331,549,666
15332,549,667
15333,549,668
15334,549,669
15335,549,670
15336,549,671
15337,549,672
15338,549,673
15339,549,674
15340,549,675
15341,549,676
15342,549,677
15343,549,678
15344,549,679
15345,550,618
15346,550,619
15347,550,620
15348,550,621
15349,550,622
15350,550,623
15351,550,624
15352,550,625
15353,550,626
15354,550,627
15355,550,628
15356,550,629
15357,550,630
15358,550,631
15359,550,632
15360,550,633
15361,550,634
15362,550,635
15363,550,636
15364,550,637
15365,550,638
15366,550,639
15367,550,640
15368,550,641
15369,550,642
15370,550,643
15371,550,644
15372,550,645
15373,550,646
15374,550,647
15375,550,648
15376,550,649
15377,550,650
15378,550,651
15379,550,652
15380,550,653
15381,550,654
15382,550,655
15383,550,656
15384,550,657
15385,550,658
15386,550,659
15387,550,660
15388,550,661
15389,550,662
15390,550,663
15391,550,664
15392,550,665
15393,550,666
15394,550,667
15395,550,668
15396,550,669
15397,550,670
15398,550,671
15399,550,672
15400,550,673
15401,550,674
15402,550,675
15403,550,676
15404,550,677
15405,550,678
15406,550,679
15407,551,618
15408,551,619
15409,551,620
15410,551,621
15411,551,622
15412,551,623
15413,551,624
15414,551,625
15415,551,626
15416,551,627
15417,551,628
15418,551,629
15419,551,630
15420,551,631
15421,551,632
15422,551,633
15423,551,634
15424,551,635
15425,551,636
15426,551,637
15427,551,638
15428,551,639
15429,551,640
15430,551,641
15431,551,642
15432,551,643
15433,551,644
15434,551,645
15435,551,646
15436,551,647
15437,551,648
15438,551,649
15439,551,650
15440,551,651
15441,551,652
15442,551,653
15443,551,654
15444,551,655
15445,551,656
15446,551,657
15447,551,658
15448,551,659
15449,551,660
15450,551,661
15451,551,662
15452,551,663
15453,551,664
15454,551,665
15455,551,666
15456,551,667
15457,551,668
15458,551,669
15459,551,670
15460,551,671
15461,551,672
15462,551,673
15463,551,674
15464,551,675
15465,551,676
15466,551,677
15467,551,678
15468,551,679
15469,552,619
15470,552,620
15471,552,621
15472,552,622
15473,552,623
15474,552,624
15475,552,625
15476,552,626
15477,552,627
15478,552,628
15479,552,629
15480,552,630
15481,552,631
15482,552,632
15483,552,633
15484,552,634
15485,552,635
15486,552,636
15487,552,637
15488,552,638
15489,552,639
15490,552,640
15491,552,641
15492,552,642
15493,552,643
15494,552,644
15495,552,645
15496,552,646
15497,552,647
15498,552,648
15499,552,649
15500,552,650
15501,552,651
15502,552,652
15503,552,653
15504,552,654
15505,552,655
15506,552,656
15507,552,657
15508,552,658
15509,552,659
15510,552,660
15511,552,661
15512,552,662
15513,552,663
15514,552,664
15515,552,665
15516,552,666
15517,552,667
15518,552,668
15519,552,669
15520,552,670
15521,552,671
15522,552,672
15523,552,673
15524,552,674
15525,552,675
15526,552,676
15527,552,677
15528,552,678
15529,553,622
15530,553,623
15531,553,624
15532,553,625
15533,553,626
15534,553,627
15535,553,628
15536,553,629
15537,553,630
15538,553,631
15539,553,632
15540,553,633
15541,553,634
15542,553,635
15543,553,636
15544,553,637
15545,553,638
15546,553,639
15547,553,640
15548,553,641
15549,553,642
15550,553,643
15551,553,644
15552,553,645
15553,553,646
15554,553,647
15555,553,648
15556,553,649
15557,553,650
15558,553,651
15559,553,652
15560,553,653
15561,553,654
15562,553,655
15563,553,656
15564,553,657
15565,553,658
15566,553,659
15567,553,660
15568,553,661
15569,553,662
15570,553,663
15571,553,664
15572,553,665
15573,553,666
15574,553,667
15575,553,668
15576,553,669
15577,553,670
15578,553,671
15579,553,672
15580,553,673
15581,553,674
15582,553,675
15583,553,676
15584,553,677
15585,554,622
15586,554,623
15587,554,624
15588,554,625
15589,554,626
15590,554,627
15591,554,628
15592,554,629
15593,554,630
15594,554,631
15595,554,632
15596,554,633
15597,554,634
15598,554,635
15599,554,636
15600,554,637
15601,554,638
15602,554,639
15603,554,640
15604,554,641
15605,554,642
15606,554,643
15607,554,644
15608,554,645
15609,554,646
15610,554,647
15611,554,648
15612,554,649
15613,554,650
15614,554,651
15615,554,652
15616,554,653
15617,554,654
15618,554,655
15619,554,656
15620,554,657
15621,554,658
15622,554,659
15623,554,660
15624,554,661
15625,554,662
15626,554,663
15627,554,664
15628,554,665
15629,554,666
15630,554,667
15631,554,668
15632,554,669
15633,554,670
15634,554,671
15635,554,672
15636,554,673
15637,554,674
15638,554,675
15639,554,676
15640,555,623
15641,555,624
15642,555,625
15643,555,626
15644,555,627
15645,555,628
15646,555,629
15647,555,630
15648,555,631
15649,555,632
15650,555,633
15651,555,634
15652,555,635
15653,555,636
15654,555,637
15655,555,638
15656,555,639
15657,555,640
15658,555,641
15659,555,642
15660,555,643
15661,555,644
15662,555,645
15663,555,646
15664,555,647
15665,555,648
15666,555,649
15667,555,650
15668,555,651
15669,555,652
15670,555,653
15671,555,654
15672,555,655
15673,555,656
15674,555,657
15675,555,658
15676,555,659
15677,555,660
15678,555,661
15679,555,662
15680,555,663
15681,555,664
15682,555,665
15683,555,666
15684,555,667
15685,555,668
15686,555,669
15687,555,670
15688,555,671
15689,555,672
15690,555,673
15691,555,674
15692,555,675
15693,556,624
15694,556,625
15695,556,626
15696,556,627
15697,556,628
15698,556,629
15699,556,630
15700,556,631
15701,556,632
15702,556,633
15703,556,634
15704,556,635
15705,556,636
15706,556,637
15707,556,638
15708,556,639
15709,556,640
15710,556,641
15711,556,642
15712,556,643
15713,556,644
15714,556,645
15715,556,646
15716,556,647
15717,556,648
15718,556,649
15719,556,650
15720,556,651
15721,556,652
15722,556,653
15723,556,654
15724,556,655
15725,556,656
15726,556,657
15727,556,658
15728,556,659
15729,556,660
15730,556,661
15731,556,662
15732,556,663
15733,556,664
15734,556,665
15735,556,666
15736,556,667
15737,556,668
15738,556,669
15739,556,670
15740,556,671
15741,556,672
15742,556,673
15743,557,625
15744,557,626
15745,557,627
15746,557,628
15747,557,629
15748,557,630
15749,557,631
15750,557,632
15751,557,633
15752,557,634
15753,557,635
15754,557,636
15755,557,637
15756,557,638
15757,557,639
15758,557,640
15759,557,641
15760,557,642
15761,557,643
15762,557,644
15763,557,645
15764,557,646
15765,557,647
15766,557,648
15767,557,649
15768,557,650
15769,557,651
15770,557,652
15771,557,653
15772,557,654
15773,557,655
15774,557,656
15775,557,657
15776,557,658
15777,557,659
15778,557,660
15779,557,661
15780,557,662
15781,557,663
15782,557,664
15783,557,665
15784,557,666
15785,557,667
15786,557,668
15787,557,669
15788,557,670
15789,557,671
15790,557,672
15791,558,626
15792,558,627
15793,558,628
15794,558,629
15795,558,630
15796,558,631
15797,558,632
15798,558,633
15799,558,634
15800,558,635
15801,558,636
15802,558,637
15803,558,638
15804,558,639
15805,558,640
15806,558,641
15807,558,642
15808,558,643
15809,558,644
15810,558,645
15811,558,646
15812,558,647
15813,558,648
15814,558,649
15815,558,650
15816,558,651
15817,558,652
15818,558,653
15819,558,654
15820,558,655
15821,558,656
15822,558,657
15823,558,658
15824,558,659
15825,558,660
15826,558,661
15827,558,662
15828,558,663
15829,558,664
15830,558,665
15831,558,666
15832,558,667
15833,558,668
15834,558,669
15835,558,670
15836,558,671
15837,558,672
15838,559,626
15839,559,627
15840,559,628
15841,559,629
15842,559,630
15843,559,631
15844,559,632
15845,559,633
15846,559,634
15847,559,635
15848,559,636
15849,559,637
15850,559,638
15851,559,639
15852,559,640
15853,559,641
15854,559,642
15855,559,643
15856,559,644
15857,559,645
15858,559,646
15859,559,647
15860,559,648
15861,559,649
15862,559,650
15863,559,651
15864,559,652
15865,559,653
15866,559,654
15867,559,655
15868,559,656
15869,559,657
15870,559,658
15871,559,659
15872,559,660
15873,559,661
15874,559,662
15875,559,663
15876,559,664
15877,559,665
15878,559,666
15879,559,667
15880,559,668
15881,559,669
15882,559,670
15883,559,671
15884,560,627
15885,560,628
15886,560,629
15887,560,630
15888,560,631
15889,560,632
15890,560,633
15891,560,634
15892,560,635
15893,560,636
15894,560,637
15895,560,638
15896,560,639
15897,560,640
15898,560,641
15899,560,642
15900,560,643
15901,560,644
15902,560,645
15903,560,646
15904,560,647
15905,560,648
15906,560,649
15907,560,650
15908,560,651
15909,560,652
15910,560,653
15911,560,654
15912,560,655
15913,560,656
15914,560,657
15915,560,658
15916,560,659
15917,560,660
15918,560,661
15919,560,662
15920,560,663
15921,560,664
15922,560,665
15923,560,666
15924,560,667
15925,560,668
15926,560,669
15927,560,670
15928,560,671
15929,561,628
15930,561,629
15931,561,630
15932,561,631
15933,561,632
15934,561,633
15935,561,634
15936,561,635
15937,561,636
15938,561,637
15939,561,638
15940,561,639
15941,561,640
15942,561,641
15943,561,642
15944,561,643
15945,561,644
15946,561,645
15947,561,646
15948,561,647
15949,561,648
15950,561,649
15951,561,650
15952,561,651
15953,561,652
15954,561,653
15955,561,654
15956,561,655
15957,561,656
15958,561,657
15959,561,658
15960,561,659
15961,561,660
15962,561,661
15963,561,662
15964,561,663
15965,561,664
15966,561,665
15967,561,666
15968,561,667
15969,561,668
15970,561,669
15971,561,670
15972,561,671
15973,562,629
15974,562,630
15975,562,631
15976,562,632
15977,562,633
15978,562,634
15979,562,635
15980,562,636
15981,562,637
15982,562,638
15983,562,639
15984,562,640
15985,562,641
15986,562,642
15987,562,643
15988,562,644
15989,562,645
15990,562,646
15991,562,647
15992,562,648
15993,562,649
15994,562,650
15995,562,651
15996,562,652
15997,562,653
15998,562,654
15999,562,655
16000,562,656
16001,562,657
16002,562,658
16003,562,659
16004,562,660
16005,562,661
16006,562,662
16007,562,663
16008,562,664
16009,562,665
16010,562,666
16011,562,667
16012,562,668
16013,562,669
16014,562,670
16015,563,630
16016,563,631
16017,563,632
16018,563,633
16019,563,634
16020,563,635
16021,563,636
16022,563,637
16023,563,638
16024,563,639
16025,563,640
16026,563,641
16027,563,642
16028,563,643
16029,563,644
16030,563,645
16031,563,646
16032,563,647
16033,563,648
16034,563,649
16035,563,650
16036,563,651
16037,563,652
16038,563,653
16039,563,654
16040,563,655
16041,563,656
16042,563,657
16043,563,658
16044,563,659
16045,563,660
16046,563,661
16047,563,662
16048,563,663
16049,563,664
16050,563,665
16051,563,666
16052,563,667
16053,563,668
16054,563,669
16055,564,631
16056,564,632
16057,564,633
16058,564,634
16059,564,635
16060,564,636
16061,564,637
16062,564,638
16063,564,639
16064,564,640
16065,564,641
16066,564,642
16067,564,643
16068,564,644
16069,564,645
16070,564,646
16071,564,647
16072,564,648
16073,564,649
16074,564,650
16075,564,651
16076,564,652
16077,564,653
16078,564,654
16079,564,655
16080,564,656
16081,564,657
16082,564,658
16083,564,659
16084,564,660
16085,564,661
16086,564,662
16087,564,663
16088,564,664
16089,564,665
16090,564,666
16091,564,667
16092,565,632
16093,565,633
16094,565,634
16095,565,635
16096,565,636
16097,565,637
16098,565,638
16099,565,639
16100,565,640
16101,565,641
16102,565,642
16103,565,643
16104,565,644
16105,565,645
16106,565,646
16107,565,647
16108,565,648
16109,565,649
16110,565,650
16111,565,651
16112,565,652
16113,565,653
16114,565,654
16115,565,655
16116,565,656
16117,565,657
16118,565,658
16119,565,659
16120,565,660
16121,565,661
16122,565,662
16123,565,663
16124,565,664
16125,565,665
16126,565,666
16127,565,667
16128,566,633
16129,566,634
16130,566,635
16131,566,636
16132,566,637
16133,566,638
16134,566,639
16135,566,640
16136,566,641
16137,566,642
16138,566,643
16139,566,644
16140,566,645
16141,566,646
16142,566,647
16143,566,648
16144,566,649
16145,566,650
16146,566,651
16147,566,652
16148,566,653
16149,566,654
16150,566,655
16151,566,656
16152,566,657
16153,566,658
16154,566,659
16155,566,660
16156,566,661
16157,566,662
16158,566,663
16159,566,664
16160,566,665
16161,566,666
16162,567,634
16163,567,635
16164,567,636
16165,567,637
16166,567,638
16167,567,639
16168,567,640
16169,567,641
16170,567,642
16171,567,643
16172,567,644
16173,567,645
16174,567,646
16175,567,647
16176,567,648
16177,567,649
16178,567,650
16179,567,651
16180,567,652
16181,567,653
16182,567,654
16183,567,655
16184,567,656
16185,567,657
16186,567,658
16187,567,659
16188,567,660
16189,567,661
16190,567,662
16191,567,663
16192,567,664
16193,567,665
16194,568,636
16195,568,637
16196,568,638
16197,568,639
16198,568,640
16199,568,641
16200,568,642
16201,568,643
16202,568,644
16203,568,645
16204,568,646
16205,568,647
16206,568,648
16207,568,649
16208,568,650
16209,568,651
16210,568,652
16211,568,653
16212,568,654
16213,568,655
16214,568,656
16215,568,657
16216,568,658
16217,568,659
16218,568,660
16219,568,661
16220,568,662
16221,568,663
16222,568,664
16223,569,637
16224,569,638
16225,569,639
16226,569,640
16227,569,641
16228,569,642
16229,569,643
16230,569,644
16231,569,645
16232,569,646
16233,569,647
16234,569,648
16235,569,649
16236,569,650
16237,569,651
16238,569,652
16239,569,653
16240,569,654
16241,569,655
16242,569,656
16243,569,657
16244,569,658
16245,569,659
16246,569,660
16247,569,661
16248,569,662
16249,569,663
16250,570,638
16251,570,639
16252,570,640
16253,570,641
16254,570,642
16255,570,643
16256,570,644
16257,570,645
16258,570,646
16259,570,647
16260,570,648
16261,570,649
16262,570,650
16263,570,651
16264,570,652
16265,570,653
16266,570,654
16267,570,655
16268,570,656
16269,570,657
16270,570,658
16271,570,659
16272,570,660
16273,570,661
16274,570,662
16275,571,640
16276,571,641
16277,571,642
16278,571,643
16279,571,644
16280,571,645
16281,571,646
16282,571,647
16283,571,648
16284,571,649
16285,571,650
16286,571,651
16287,571,652
16288,571,653
16289,571,654
16290,571,655
16291,571,656
16292,571,657
16293,571,658
16294,571,659
16295,571,660
16296,571,661
16297,571,662
16298,572,641
16299,572,642
16300,572,643
16301,572,644
16302,572,645
16303,572,646
16304,572,647
16305,572,648
16306,572,649
16307,572,650
16308,572,651
16309,572,652
16310,572,653
16311,572,654
16312,572,655
16313,572,656
16314,572,657
16315,572,658
16316,573,642
16317,573,643
16318,573,644
16319,573,645
16320,573,646
16321,573,647
16322,573,648
16323,573,649
16324,573,650
16325,573,651
16326,573,652
16327,573,653
16328,573,654
16329,573,655
16330,573,656
16331,573,657
16332,574,642
16333,574,643
16334,574,644
16335,574,645
16336,574,646
16337,574,647
16338,574,648
16339,574,649
16340,574,650
16341,574,651
16342,574,652
16343,574,653
16344,574,654
16345,574,655
16346,574,656
16347,575,642
16348,575,643
16349,575,644
16350,575,645
16351,575,646
16352,575,647
16353,575,648
16354,575,649
16355,575,650
16356,575,651
16357,575,652
16358,575,653
16359,575,654
16360,575,655
16361,575,656
16362,576,643
16363,576,644
16364,576,645
16365,576,646
16366,576,647
16367,576,648
16368,576,649
16369,576,650
16370,576,651
16371,576,652
16372,576,653
16373,576,654
16374,576,655
16375,576,656
16376,577,644
16377,577,645
16378,577,646
16379,577,647
16380,577,648
16381,577,649
16382,577,650
16383,577,651
16384,577,652
16385,577,653
16386,577,654
16387,577,655
16388,578,644
16389,578,645
16390,578,646
16391,578,647
16392,578,648
16393,578,649
16394,578,650
16395,578,651
16396,578,652
16397,578,653
16398,578,654
16399,579,645
16400,579,646
16401,579,647
16402,579,648
16403,579,649
16404,579,650
16405,579,651
16406,579,652
16407,579,653
16408,580,647
16409,580,648
16410,580,649
16411,580,650
16412,581,649
