index,y,x
0,337,476
1,337,477
2,337,478
3,337,479
4,337,480
5,337,481
6,337,482
7,337,483
8,338,472
9,338,473
10,338,474
11,338,475
12,338,476
13,338,477
14,338,478
15,338,479
16,338,480
17,338,481
18,338,482
19,338,483
20,338,484
21,338,485
22,338,486
23,339,469
24,339,470
25,339,471
26,339,472
27,339,473
28,339,474
29,339,475
30,339,476
31,339,477
32,339,478
33,339,479
34,339,480
35,339,481
36,339,482
37,339,483
38,339,484
39,339,485
40,339,486
41,339,487
42,340,466
43,340,467
44,340,468
45,340,469
46,340,470
47,340,471
48,340,472
49,340,473
50,340,474
51,340,475
52,340,476
53,340,477
54,340,478
55,340,479
56,340,480
57,340,481
58,340,482
59,340,483
60,340,484
61,340,485
62,340,486
63,340,487
64,340,488
65,341,463
66,341,464
67,341,465
68,341,466
69,341,467
70,341,468
71,341,469
72,341,470
73,341,471
74,341,472
75,341,473
76,341,474
77,341,475
78,341,476
79,341,477
80,341,478
81,341,479
82,341,480
83,341,481
84,341,482
85,341,483
86,341,484
87,341,485
88,341,486
89,341,487
90,341,488
91,341,489
92,341,490
93,341,491
94,341,509
95,341,510
96,342,461
97,342,462
98,342,463
99,342,464
100,342,465
101,342,466
102,342,467
103,342,468
104,342,469
105,342,470
106,342,471
107,342,472
108,342,473
109,342,474
110,342,475
111,342,476
112,342,477
113,342,478
114,342,479
115,342,480
116,342,481
117,342,482
118,342,483
119,342,484
120,342,485
121,342,486
122,342,487
123,342,488
124,342,489
125,342,490
126,342,491
127,342,492
128,342,493
129,342,505
130,342,506
131,342,507
132,342,508
133,342,509
134,342,510
135,342,511
136,343,459
137,343,460
138,343,461
139,343,462
140,343,463
141,343,464
142,343,465
143,343,466
144,343,467
145,343,468
146,343,469
147,343,470
148,343,471
149,343,472
150,343,473
151,343,474
152,343,475
153,343,476
154,343,477
155,343,478
156,343,479
157,343,480
158,343,481
159,343,482
160,343,483
161,343,484
162,343,485
163,343,486
164,343,487
165,343,488
166,343,489
167,343,490
168,343,491
169,343,492
170,343,493
171,343,494
172,343,504
173,343,505
174,343,506
175,343,507
176,343,508
177,343,509
178,343,510
179,343,511
180,343,512
181,344,457
182,344,458
183,344,459
184,344,460
185,344,461
186,344,462
187,344,463
188,344,464
189,344,465
190,344,466
191,344,467
192,344,468
193,344,469
194,344,470
195,344,471
196,344,472
197,344,473
198,344,474
199,344,475
200,344,476
201,344,477
202,344,478
203,344,479
204,344,480
205,344,481
206,344,482
207,344,483
208,344,484
209,344,485
210,344,486
211,344,487
212,344,488
213,344,489
214,344,490
215,344,491
216,344,492
217,344,493
218,344,494
219,344,495
220,344,496
221,344,504
222,344,505
223,344,506
224,344,507
225,344,508
226,344,509
227,344,510
228,344,511
229,344,512
230,344,513
231,344,523
232,345,456
233,345,457
234,345,458
235,345,459
236,345,460
237,345,461
238,345,462
239,345,463
240,345,464
241,345,465
242,345,466
243,345,467
244,345,468
245,345,469
246,345,470
247,345,471
248,345,472
249,345,473
250,345,474
251,345,475
252,345,476
253,345,477
254,345,478
255,345,479
256,345,480
257,345,481
258,345,482
259,345,483
260,345,484
261,345,485
262,345,486
263,345,487
264,345,488
265,345,489
266,345,490
267,345,491
268,345,492
269,345,493
270,345,494
271,345,495
272,345,504
273,345,505
274,345,506
275,345,507
276,345,508
277,345,509
278,345,510
279,345,511
280,345,512
281,345,523
282,346,454
283,346,455
284,346,456
285,346,457
286,346,458
287,346,459
288,346,460
289,346,461
290,346,462
291,346,463
292,346,464
293,346,465
294,346,466
295,346,467
296,346,468
297,346,469
298,346,470
299,346,471
300,346,472
301,346,473
302,346,474
303,346,475
304,346,476
305,346,477
306,346,478
307,346,479
308,346,480
309,346,481
310,346,482
311,346,483
312,346,484
313,346,485
314,346,486
315,346,487
316,346,488
317,346,489
318,346,490
319,346,491
320,346,492
321,346,493
322,346,494
323,346,504
324,346,505
325,346,506
326,346,507
327,346,508
328,346,509
329,346,510
330,346,511
331,346,512
332,346,523
333,347,453
334,347,454
335,347,455
336,347,456
337,347,457
338,347,458
339,347,459
340,347,460
341,347,461
342,347,462
343,347,463
344,347,464
345,347,465
346,347,466
347,347,467
348,347,468
349,347,469
350,347,470
351,347,471
352,347,472
353,347,473
354,347,474
355,347,475
356,347,476
357,347,477
358,347,478
359,347,479
360,347,480
361,347,481
362,347,482
363,347,483
364,347,484
365,347,485
366,347,486
367,347,487
368,347,491
369,347,492
370,347,493
371,347,494
372,347,504
373,347,505
374,347,506
375,347,507
376,347,508
377,347,509
378,347,510
379,347,511
380,348,451
381,348,452
382,348,453
383,348,454
384,348,455
385,348,456
386,348,457
387,348,458
388,348,459
389,348,460
390,348,461
391,348,462
392,348,463
393,348,464
394,348,465
395,348,466
396,348,467
397,348,468
398,348,469
399,348,470
400,348,471
401,348,472
402,348,473
403,348,474
404,348,475
405,348,476
406,348,477
407,348,478
408,348,479
409,348,480
410,348,481
411,348,482
412,348,483
413,348,484
414,348,485
415,348,486
416,348,487
417,348,491
418,348,492
419,348,493
420,348,494
421,348,495
422,348,503
423,348,504
424,348,505
425,348,506
426,348,507
427,348,508
428,348,509
429,348,510
430,348,511
431,348,522
432,348,523
433,348,524
434,349,449
435,349,450
436,349,451
437,349,452
438,349,453
439,349,454
440,349,455
441,349,456
442,349,457
443,349,458
444,349,459
445,349,460
446,349,461
447,349,462
448,349,463
449,349,464
450,349,465
451,349,466
452,349,467
453,349,468
454,349,469
455,349,470
456,349,471
457,349,472
458,349,473
459,349,474
460,349,475
461,349,476
462,349,477
463,349,478
464,349,479
465,349,480
466,349,481
467,349,482
468,349,483
469,349,484
470,349,485
471,349,486
472,349,487
473,349,490
474,349,491
475,349,492
476,349,493
477,349,494
478,349,495
479,349,496
480,349,497
481,349,498
482,349,503
483,349,504
484,349,505
485,349,506
486,349,507
487,349,508
488,349,509
489,349,510
490,349,511
491,349,512
492,349,521
493,349,522
494,349,523
495,349,524
496,349,525
497,350,448
498,350,449
499,350,450
500,350,451
501,350,452
502,350,453
503,350,454
504,350,455
505,350,456
506,350,457
507,350,458
508,350,459
509,350,460
510,350,461
511,350,462
512,350,463
513,350,464
514,350,465
515,350,466
516,350,467
517,350,468
518,350,469
519,350,470
520,350,471
521,350,472
522,350,473
523,350,474
524,350,475
525,350,476
526,350,477
527,350,478
528,350,479
529,350,480
530,350,481
531,350,482
532,350,483
533,350,484
534,350,485
535,350,486
536,350,487
537,350,488
538,350,489
539,350,490
540,350,491
541,350,492
542,350,493
543,350,494
544,350,495
545,350,496
546,350,497
547,350,498
548,350,499
549,350,500
550,350,502
551,350,503
552,350,504
553,350,505
554,350,506
555,350,507
556,350,508
557,350,509
558,350,510
559,350,511
560,350,512
561,350,513
562,350,520
563,350,521
564,350,522
565,350,523
566,350,524
567,350,525
568,350,526
569,350,527
570,351,446
571,351,447
572,351,448
573,351,449
574,351,450
575,351,451
576,351,452
577,351,453
578,351,454
579,351,455
580,351,456
581,351,457
582,351,458
583,351,459
584,351,460
585,351,461
586,351,462
587,351,463
588,351,464
589,351,465
590,351,466
591,351,467
592,351,468
593,351,469
594,351,470
595,351,471
596,351,472
597,351,473
598,351,474
599,351,475
600,351,476
601,351,477
602,351,478
603,351,479
604,351,480
605,351,481
606,351,482
607,351,483
608,351,484
609,351,485
610,351,486
611,351,487
612,351,488
613,351,489
614,351,490
615,351,491
616,351,492
617,351,493
618,351,494
619,351,495
620,351,496
621,351,497
622,351,498
623,351,499
624,351,500
625,351,502
626,351,503
627,351,504
628,351,505
629,351,506
630,351,507
631,351,508
632,351,509
633,351,510
634,351,511
635,351,512
636,351,513
637,351,514
638,351,515
639,351,516
640,351,520
641,351,521
642,351,522
643,351,523
644,351,524
645,351,525
646,351,526
647,351,527
648,351,528
649,352,445
650,352,446
651,352,447
652,352,448
653,352,449
654,352,450
655,352,451
656,352,452
657,352,453
658,352,454
659,352,455
660,352,456
661,352,457
662,352,458
663,352,459
664,352,460
665,352,461
666,352,462
667,352,463
668,352,464
669,352,465
670,352,466
671,352,467
672,352,468
673,352,469
674,352,470
675,352,471
676,352,472
677,352,473
678,352,474
679,352,475
680,352,476
681,352,477
682,352,478
683,352,479
684,352,480
685,352,481
686,352,482
687,352,483
688,352,484
689,352,485
690,352,486
691,352,487
692,352,488
693,352,489
694,352,490
695,352,491
696,352,492
697,352,493
698,352,494
699,352,495
700,352,496
701,352,497
702,352,498
703,352,499
704,352,500
705,352,501
706,352,502
707,352,503
708,352,504
709,352,505
710,352,506
711,352,507
712,352,508
713,352,509
714,352,510
715,352,511
716,352,512
717,352,513
718,352,514
719,352,515
720,352,516
721,352,517
722,352,518
723,352,519
724,352,520
725,352,521
726,352,522
727,352,523
728,352,524
729,352,525
730,352,526
731,352,527
732,352,528
733,352,529
734,353,443
735,353,444
736,353,445
737,353,446
738,353,447
739,353,448
740,353,449
741,353,450
742,353,451
743,353,452
744,353,453
745,353,454
746,353,455
747,353,456
748,353,457
749,353,458
750,353,459
751,353,460
752,353,461
753,353,462
754,353,463
755,353,464
756,353,465
757,353,466
758,353,467
759,353,468
760,353,469
761,353,470
762,353,471
763,353,472
764,353,473
765,353,474
766,353,475
767,353,476
768,353,477
769,353,478
770,353,479
771,353,480
772,353,481
773,353,482
774,353,483
775,353,484
776,353,485
777,353,486
778,353,487
779,353,488
780,353,489
781,353,490
782,353,491
783,353,492
784,353,493
785,353,494
786,353,495
787,353,496
788,353,497
789,353,498
790,353,499
791,353,500
792,353,501
793,353,502
794,353,503
795,353,504
796,353,505
797,353,506
798,353,507
799,353,508
800,353,509
801,353,510
802,353,511
803,353,512
804,353,513
805,353,514
806,353,515
807,353,516
808,353,517
809,353,518
810,353,519
811,353,520
812,353,521
813,353,522
814,353,523
815,353,524
816,353,525
817,353,526
818,353,527
819,353,528
820,353,529
821,354,442
822,354,443
823,354,444
824,354,445
825,354,446
826,354,447
827,354,448
828,354,449
829,354,450
830,354,451
831,354,452
832,354,453
833,354,454
834,354,455
835,354,456
836,354,457
837,354,458
838,354,459
839,354,460
840,354,461
841,354,462
842,354,463
843,354,464
844,354,465
845,354,466
846,354,467
847,354,468
848,354,469
849,354,470
850,354,471
851,354,472
852,354,473
853,354,474
854,354,475
855,354,476
856,354,477
857,354,478
858,354,479
859,354,480
860,354,481
861,354,482
862,354,483
863,354,484
864,354,485
865,354,486
866,354,487
867,354,488
868,354,489
869,354,490
870,354,491
871,354,492
872,354,493
873,354,494
874,354,495
875,354,496
876,354,497
877,354,498
878,354,499
879,354,500
880,354,501
881,354,502
882,354,503
883,354,504
884,354,505
885,354,506
886,354,507
887,354,508
888,354,509
889,354,510
890,354,511
891,354,512
892,354,513
893,354,514
894,354,515
895,354,516
896,354,517
897,354,518
898,354,519
899,354,520
900,354,521
901,354,522
902,354,523
903,354,524
904,354,525
905,354,526
906,354,527
907,354,528
908,354,529
909,354,530
910,355,442
911,355,443
912,355,444
913,355,445
914,355,446
915,355,447
916,355,448
917,355,449
918,355,450
919,355,451
920,355,452
921,355,453
922,355,454
923,355,455
924,355,456
925,355,457
926,355,458
927,355,459
928,355,460
929,355,461
930,355,462
931,355,463
932,355,464
933,355,465
934,355,466
935,355,467
936,355,468
937,355,469
938,355,470
939,355,471
940,355,472
941,355,473
942,355,474
943,355,475
944,355,476
945,355,477
946,355,478
947,355,479
948,355,480
949,355,481
950,355,482
951,355,483
952,355,484
953,355,485
954,355,486
955,355,487
956,355,488
957,355,489
958,355,490
959,355,491
960,355,492
961,355,493
962,355,494
963,355,495
964,355,496
965,355,497
966,355,498
967,355,499
968,355,500
969,355,501
970,355,502
971,355,503
972,355,504
973,355,505
974,355,506
975,355,507
976,355,508
977,355,509
978,355,510
979,355,511
980,355,512
981,355,513
982,355,514
983,355,515
984,355,516
985,355,517
986,355,518
987,355,519
988,355,520
989,355,521
990,355,522
991,355,523
992,355,524
993,355,525
994,355,526
995,355,527
996,355,528
997,355,529
998,355,530
999,355,531
1000,356,441
1001,356,442
1002,356,443
1003,356,444
1004,356,445
1005,356,446
1006,356,447
1007,356,448
1008,356,449
1009,356,450
1010,356,451
1011,356,452
1012,356,453
1013,356,454
1014,356,455
1015,356,456
1016,356,457
1017,356,458
1018,356,459
1019,356,460
1020,356,461
1021,356,462
1022,356,463
1023,356,464
1024,356,465
1025,356,466
1026,356,467
1027,356,468
1028,356,469
1029,356,470
1030,356,471
1031,356,472
1032,356,473
1033,356,474
1034,356,475
1035,356,476
1036,356,477
1037,356,478
1038,356,479
1039,356,480
1040,356,481
1041,356,482
1042,356,483
1043,356,484
1044,356,485
1045,356,486
1046,356,487
1047,356,488
1048,356,489
1049,356,490
1050,356,491
1051,356,492
1052,356,493
1053,356,494
1054,356,495
1055,356,496
1056,356,497
1057,356,498
1058,356,499
1059,356,500
1060,356,501
1061,356,502
1062,356,503
1063,356,504
1064,356,505
1065,356,506
1066,356,507
1067,356,508
1068,356,509
1069,356,510
1070,356,511
1071,356,512
1072,356,513
1073,356,514
1074,356,515
1075,356,516
1076,356,517
1077,356,518
1078,356,519
1079,356,520
1080,356,521
1081,356,522
1082,356,523
1083,356,524
1084,356,525
1085,356,526
1086,356,527
1087,356,528
1088,356,529
1089,356,530
1090,356,531
1091,356,532
1092,357,440
1093,357,441
1094,357,442
1095,357,443
1096,357,444
1097,357,445
1098,357,446
1099,357,447
1100,357,448
1101,357,449
1102,357,450
1103,357,451
1104,357,452
1105,357,453
1106,357,454
1107,357,455
1108,357,456
1109,357,457
1110,357,458
1111,357,459
1112,357,460
1113,357,461
1114,357,462
1115,357,463
1116,357,464
1117,357,465
1118,357,466
1119,357,467
1120,357,468
1121,357,469
1122,357,470
1123,357,471
1124,357,472
1125,357,473
1126,357,474
1127,357,475
1128,357,476
1129,357,477
1130,357,478
1131,357,479
1132,357,480
1133,357,481
1134,357,482
1135,357,483
1136,357,484
1137,357,485
1138,357,486
1139,357,487
1140,357,488
1141,357,489
1142,357,490
1143,357,491
1144,357,492
1145,357,493
1146,357,494
1147,357,495
1148,357,496
1149,357,497
1150,357,498
1151,357,499
1152,357,500
1153,357,501
1154,357,502
1155,357,503
1156,357,504
1157,357,505
1158,357,506
1159,357,507
1160,357,508
1161,357,509
1162,357,510
1163,357,511
1164,357,512
1165,357,513
1166,357,514
1167,357,515
1168,357,516
1169,357,517
1170,357,518
1171,357,519
1172,357,520
1173,357,521
1174,357,522
1175,357,523
1176,357,524
1177,357,525
1178,357,526
1179,357,527
1180,357,528
1181,357,529
1182,357,530
1183,357,531
1184,357,532
1185,357,533
1186,357,534
1187,358,439
1188,358,440
1189,358,441
1190,358,442
1191,358,443
1192,358,444
1193,358,445
1194,358,446
1195,358,447
1196,358,448
1197,358,449
1198,358,450
1199,358,451
1200,358,452
1201,358,453
1202,358,454
1203,358,455
1204,358,456
1205,358,457
1206,358,458
1207,358,459
1208,358,460
1209,358,461
1210,358,462
1211,358,463
1212,358,464
1213,358,465
1214,358,466
1215,358,467
1216,358,468
1217,358,469
1218,358,470
1219,358,471
1220,358,472
1221,358,473
1222,358,474
1223,358,475
1224,358,476
1225,358,477
1226,358,478
1227,358,479
1228,358,480
1229,358,481
1230,358,482
1231,358,483
1232,358,484
1233,358,485
1234,358,486
1235,358,487
1236,358,488
1237,358,489
1238,358,490
1239,358,491
1240,358,492
1241,358,493
1242,358,494
1243,358,495
1244,358,496
1245,358,497
1246,358,498
1247,358,499
1248,358,500
1249,358,501
1250,358,502
1251,358,503
1252,358,504
1253,358,505
1254,358,506
1255,358,507
1256,358,508
1257,358,509
1258,358,510
1259,358,511
1260,358,512
1261,358,513
1262,358,514
1263,358,515
1264,358,516
1265,358,517
1266,358,518
1267,358,519
1268,358,520
1269,358,521
1270,358,522
1271,358,523
1272,358,524
1273,358,525
1274,358,526
1275,358,527
1276,358,528
1277,358,529
1278,358,530
1279,358,531
1280,358,532
1281,358,533
1282,358,534
1283,359,439
1284,359,440
1285,359,441
1286,359,442
1287,359,443
1288,359,444
1289,359,445
1290,359,446
1291,359,447
1292,359,448
1293,359,449
1294,359,450
1295,359,451
1296,359,452
1297,359,453
1298,359,454
1299,359,455
1300,359,456
1301,359,457
1302,359,458
1303,359,459
1304,359,460
1305,359,461
1306,359,462
1307,359,463
1308,359,464
1309,359,465
1310,359,466
1311,359,467
1312,359,468
1313,359,469
1314,359,470
1315,359,471
1316,359,472
1317,359,473
1318,359,474
1319,359,475
1320,359,476
1321,359,477
1322,359,478
1323,359,479
1324,359,480
1325,359,481
1326,359,482
1327,359,483
1328,359,484
1329,359,485
1330,359,486
1331,359,487
1332,359,488
1333,359,489
1334,359,490
1335,359,491
1336,359,492
1337,359,493
1338,359,494
1339,359,495
1340,359,496
1341,359,497
1342,359,498
1343,359,499
1344,359,500
1345,359,501
1346,359,502
1347,359,503
1348,359,504
1349,359,505
1350,359,506
1351,359,507
1352,359,508
1353,359,509
1354,359,510
1355,359,511
1356,359,512
1357,359,513
1358,359,514
1359,359,515
1360,359,516
1361,359,517
1362,359,518
1363,359,519
1364,359,520
1365,359,521
1366,359,522
1367,359,523
1368,359,524
1369,359,525
1370,359,526
1371,359,527
1372,359,528
1373,359,529
1374,359,530
1375,359,531
1376,359,532
1377,359,533
1378,360,438
1379,360,439
1380,360,440
1381,360,441
1382,360,442
1383,360,443
1384,360,444
1385,360,445
1386,360,446
1387,360,447
1388,360,448
1389,360,449
1390,360,450
1391,360,451
1392,360,452
1393,360,453
1394,360,454
1395,360,455
1396,360,456
1397,360,457
1398,360,458
1399,360,459
1400,360,460
1401,360,461
1402,360,462
1403,360,463
1404,360,464
1405,360,465
1406,360,466
1407,360,467
1408,360,468
1409,360,469
1410,360,470
1411,360,471
1412,360,472
1413,360,473
1414,360,474
1415,360,475
1416,360,476
1417,360,477
1418,360,478
1419,360,479
1420,360,480
1421,360,481
1422,360,482
1423,360,483
1424,360,484
1425,360,485
1426,360,486
1427,360,487
1428,360,488
1429,360,489
1430,360,490
1431,360,491
1432,360,492
1433,360,493
1434,360,494
1435,360,495
1436,360,496
1437,360,503
1438,360,504
1439,360,505
1440,360,506
1441,360,507
1442,360,508
1443,360,509
1444,360,510
1445,360,511
1446,360,512
1447,360,513
1448,360,520
1449,360,521
1450,360,522
1451,360,523
1452,360,524
1453,360,525
1454,360,526
1455,360,527
1456,360,528
1457,360,529
1458,360,530
1459,360,531
1460,361,438
1461,361,439
1462,361,440
1463,361,441
1464,361,442
1465,361,443
1466,361,444
1467,361,445
1468,361,446
1469,361,447
1470,361,448
1471,361,449
1472,361,450
1473,361,451
1474,361,452
1475,361,453
1476,361,454
1477,361,455
1478,361,456
1479,361,457
1480,361,458
1481,361,459
1482,361,460
1483,361,461
1484,361,462
1485,361,463
1486,361,464
1487,361,465
1488,361,466
1489,361,467
1490,361,468
1491,361,469
1492,361,470
1493,361,471
1494,361,472
1495,361,473
1496,361,474
1497,361,475
1498,361,476
1499,361,477
1500,361,478
1501,361,479
1502,361,480
1503,361,481
1504,361,482
1505,361,483
1506,361,484
1507,361,485
1508,361,486
1509,361,487
1510,361,488
1511,361,489
1512,361,490
1513,361,491
1514,361,492
1515,361,493
1516,361,494
1517,361,495
1518,361,505
1519,361,506
1520,361,507
1521,361,508
1522,361,509
1523,361,510
1524,361,511
1525,361,523
1526,361,524
1527,361,525
1528,361,526
1529,361,527
1530,361,528
1531,362,437
1532,362,438
1533,362,439
1534,362,440
1535,362,441
1536,362,442
1537,362,443
1538,362,444
1539,362,445
1540,362,446
1541,362,447
1542,362,448
1543,362,449
1544,362,450
1545,362,451
1546,362,452
1547,362,453
1548,362,454
1549,362,455
1550,362,456
1551,362,457
1552,362,458
1553,362,459
1554,362,460
1555,362,461
1556,362,462
1557,362,463
1558,362,464
1559,362,465
1560,362,466
1561,362,467
1562,362,468
1563,362,469
1564,362,470
1565,362,471
1566,362,472
1567,362,473
1568,362,474
1569,362,475
1570,362,476
1571,362,477
1572,362,478
1573,362,479
1574,362,480
1575,362,481
1576,362,482
1577,362,483
1578,362,484
1579,362,485
1580,362,486
1581,362,487
1582,362,488
1583,362,489
1584,362,490
1585,362,491
1586,362,492
1587,362,493
1588,362,494
1589,362,495
1590,362,505
1591,362,506
1592,362,507
1593,362,508
1594,362,509
1595,362,510
1596,362,511
1597,362,522
1598,362,523
1599,362,524
1600,362,525
1601,362,526
1602,362,527
1603,362,528
1604,362,529
1605,363,436
1606,363,437
1607,363,438
1608,363,439
1609,363,440
1610,363,441
1611,363,442
1612,363,443
1613,363,444
1614,363,445
1615,363,446
1616,363,447
1617,363,448
1618,363,449
1619,363,450
1620,363,451
1621,363,452
1622,363,453
1623,363,454
1624,363,455
1625,363,456
1626,363,457
1627,363,458
1628,363,459
1629,363,460
1630,363,461
1631,363,462
1632,363,463
1633,363,464
1634,363,465
1635,363,466
1636,363,467
1637,363,468
1638,363,469
1639,363,470
1640,363,471
1641,363,472
1642,363,473
1643,363,474
1644,363,475
1645,363,476
1646,363,477
1647,363,478
1648,363,479
1649,363,480
1650,363,481
1651,363,482
1652,363,483
1653,363,484
1654,363,485
1655,363,486
1656,363,487
1657,363,488
1658,363,489
1659,363,490
1660,363,491
1661,363,492
1662,363,493
1663,363,494
1664,363,495
1665,363,496
1666,363,504
1667,363,505
1668,363,506
1669,363,507
1670,363,508
1671,363,509
1672,363,510
1673,363,511
1674,363,512
1675,363,521
1676,363,522
1677,363,523
1678,363,524
1679,363,525
1680,363,526
1681,363,527
1682,363,528
1683,363,529
1684,363,530
1685,364,435
1686,364,436
1687,364,437
1688,364,438
1689,364,439
1690,364,440
1691,364,441
1692,364,442
1693,364,443
1694,364,444
1695,364,445
1696,364,446
1697,364,447
1698,364,448
1699,364,449
1700,364,450
1701,364,451
1702,364,452
1703,364,453
1704,364,454
1705,364,455
1706,364,456
1707,364,457
1708,364,458
1709,364,459
1710,364,460
1711,364,461
1712,364,462
1713,364,463
1714,364,464
1715,364,465
1716,364,466
1717,364,467
1718,364,468
1719,364,469
1720,364,470
1721,364,471
1722,364,472
1723,364,473
1724,364,474
1725,364,475
1726,364,476
1727,364,477
1728,364,478
1729,364,479
1730,364,480
1731,364,481
1732,364,482
1733,364,483
1734,364,484
1735,364,485
1736,364,486
1737,364,487
1738,364,488
1739,364,489
1740,364,490
1741,364,491
1742,364,492
1743,364,493
1744,364,494
1745,364,495
1746,364,496
1747,364,497
1748,364,498
1749,364,503
1750,364,504
1751,364,505
1752,364,506
1753,364,507
1754,364,508
1755,364,509
1756,364,510
1757,364,511
1758,364,512
1759,364,513
1760,364,521
1761,364,522
1762,364,523
1763,364,524
1764,364,525
1765,364,526
1766,364,527
1767,364,528
1768,364,529
1769,364,530
1770,364,531
1771,364,532
1772,365,434
1773,365,435
1774,365,436
1775,365,437
1776,365,438
1777,365,439
1778,365,440
1779,365,441
1780,365,442
1781,365,443
1782,365,444
1783,365,445
1784,365,446
1785,365,447
1786,365,448
1787,365,449
1788,365,450
1789,365,451
1790,365,452
1791,365,453
1792,365,454
1793,365,455
1794,365,456
1795,365,457
1796,365,458
1797,365,459
1798,365,460
1799,365,461
1800,365,462
1801,365,463
1802,365,464
1803,365,465
1804,365,466
1805,365,467
1806,365,468
1807,365,469
1808,365,470
1809,365,471
1810,365,472
1811,365,473
1812,365,474
1813,365,475
1814,365,476
1815,365,477
1816,365,478
1817,365,479
1818,365,480
1819,365,481
1820,365,482
1821,365,483
1822,365,484
1823,365,485
1824,365,486
1825,365,487
1826,365,488
1827,365,489
1828,365,490
1829,365,491
1830,365,492
1831,365,493
1832,365,494
1833,365,495
1834,365,496
1835,365,497
1836,365,498
1837,365,499
1838,365,500
1839,365,502
1840,365,503
1841,365,504
1842,365,505
1843,365,506
1844,365,507
1845,365,508
1846,365,509
1847,365,510
1848,365,511
1849,365,512
1850,365,513
1851,365,514
1852,365,515
1853,365,520
1854,365,521
1855,365,522
1856,365,523
1857,365,524
1858,365,525
1859,365,526
1860,365,527
1861,365,528
1862,365,529
1863,365,530
1864,365,531
1865,365,532
1866,365,533
1867,365,534
1868,365,535
1869,366,433
1870,366,434
1871,366,435
1872,366,436
1873,366,437
1874,366,438
1875,366,439
1876,366,440
1877,366,441
1878,366,442
1879,366,443
1880,366,444
1881,366,445
1882,366,446
1883,366,447
1884,366,448
1885,366,449
1886,366,450
1887,366,451
1888,366,452
1889,366,453
1890,366,454
1891,366,455
1892,366,456
1893,366,457
1894,366,458
1895,366,459
1896,366,460
1897,366,461
1898,366,462
1899,366,463
1900,366,464
1901,366,465
1902,366,466
1903,366,467
1904,366,468
1905,366,469
1906,366,470
1907,366,471
1908,366,472
1909,366,473
1910,366,474
1911,366,475
1912,366,476
1913,366,477
1914,366,478
1915,366,479
1916,366,480
1917,366,481
1918,366,482
1919,366,483
1920,366,484
1921,366,485
1922,366,486
1923,366,487
1924,366,488
1925,366,489
1926,366,490
1927,366,491
1928,366,492
1929,366,493
1930,366,494
1931,366,495
1932,366,496
1933,366,497
1934,366,498
1935,366,499
1936,366,500
1937,366,501
1938,366,502
1939,366,503
1940,366,504
1941,366,505
1942,366,506
1943,366,507
1944,366,508
1945,366,509
1946,366,510
1947,366,511
1948,366,512
1949,366,513
1950,366,514
1951,366,515
1952,366,516
1953,366,517
1954,366,519
1955,366,520
1956,366,521
1957,366,522
1958,366,523
1959,366,524
1960,366,525
1961,366,526
1962,366,527
1963,366,528
1964,366,529
1965,366,530
1966,366,531
1967,366,532
1968,366,533
1969,366,534
1970,366,535
1971,366,536
1972,366,537
1973,367,432
1974,367,433
1975,367,434
1976,367,435
1977,367,436
1978,367,437
1979,367,438
1980,367,439
1981,367,440
1982,367,441
1983,367,442
1984,367,443
1985,367,444
1986,367,445
1987,367,446
1988,367,447
1989,367,448
1990,367,449
1991,367,450
1992,367,451
1993,367,452
1994,367,453
1995,367,454
1996,367,455
1997,367,456
1998,367,457
1999,367,458
2000,367,459
2001,367,460
2002,367,461
2003,367,462
2004,367,463
2005,367,464
2006,367,465
2007,367,466
2008,367,467
2009,367,468
2010,367,469
2011,367,470
2012,367,471
2013,367,472
2014,367,473
2015,367,474
2016,367,475
2017,367,476
2018,367,477
2019,367,478
2020,367,479
2021,367,480
2022,367,481
2023,367,482
2024,367,483
2025,367,484
2026,367,485
2027,367,486
2028,367,487
2029,367,488
2030,367,489
2031,367,490
2032,367,491
2033,367,492
2034,367,493
2035,367,494
2036,367,495
2037,367,496
2038,367,497
2039,367,498
2040,367,499
2041,367,500
2042,367,501
2043,367,502
2044,367,503
2045,367,504
2046,367,505
2047,367,506
2048,367,507
2049,367,508
2050,367,509
2051,367,510
2052,367,511
2053,367,512
2054,367,513
2055,367,514
2056,367,515
2057,367,516
2058,367,517
2059,367,518
2060,367,519
2061,367,520
2062,367,521
2063,367,522
2064,367,523
2065,367,524
2066,367,525
2067,367,526
2068,367,527
2069,367,528
2070,367,529
2071,367,530
2072,367,531
2073,367,532
2074,367,533
2075,367,534
2076,367,535
2077,367,536
2078,367,537
2079,367,538
2080,368,431
2081,368,432
2082,368,433
2083,368,434
2084,368,435
2085,368,436
2086,368,437
2087,368,438
2088,368,439
2089,368,440
2090,368,441
2091,368,442
2092,368,443
2093,368,444
2094,368,445
2095,368,446
2096,368,447
2097,368,448
2098,368,449
2099,368,450
2100,368,451
2101,368,452
2102,368,453
2103,368,454
2104,368,455
2105,368,456
2106,368,457
2107,368,458
2108,368,459
2109,368,460
2110,368,461
2111,368,462
2112,368,463
2113,368,464
2114,368,465
2115,368,466
2116,368,467
2117,368,468
2118,368,469
2119,368,470
2120,368,471
2121,368,472
2122,368,473
2123,368,474
2124,368,475
2125,368,476
2126,368,477
2127,368,478
2128,368,479
2129,368,480
2130,368,481
2131,368,482
2132,368,483
2133,368,484
2134,368,485
2135,368,486
2136,368,487
2137,368,488
2138,368,489
2139,368,490
2140,368,491
2141,368,492
2142,368,493
2143,368,494
2144,368,495
2145,368,496
2146,368,497
2147,368,498
2148,368,499
2149,368,500
2150,368,501
2151,368,502
2152,368,503
2153,368,504
2154,368,505
2155,368,506
2156,368,507
2157,368,508
2158,368,509
2159,368,510
2160,368,511
2161,368,512
2162,368,513
2163,368,514
2164,368,515
2165,368,516
2166,368,517
2167,368,518
2168,368,519
2169,368,520
2170,368,521
2171,368,522
2172,368,523
2173,368,524
2174,368,525
2175,368,526
2176,368,527
2177,368,528
2178,368,529
2179,368,530
2180,368,531
2181,368,532
2182,368,533
2183,368,534
2184,368,535
2185,368,536
2186,368,537
2187,368,538
2188,369,431
2189,369,432
2190,369,433
2191,369,434
2192,369,435
2193,369,436
2194,369,437
2195,369,438
2196,369,439
2197,369,440
2198,369,441
2199,369,442
2200,369,443
2201,369,444
2202,369,445
2203,369,446
2204,369,447
2205,369,448
2206,369,449
2207,369,450
2208,369,451
2209,369,452
2210,369,453
2211,369,454
2212,369,455
2213,369,456
2214,369,457
2215,369,458
2216,369,459
2217,369,460
2218,369,461
2219,369,462
2220,369,463
2221,369,464
2222,369,465
2223,369,466
2224,369,467
2225,369,468
2226,369,469
2227,369,470
2228,369,471
2229,369,472
2230,369,473
2231,369,474
2232,369,475
2233,369,476
2234,369,477
2235,369,478
2236,369,479
2237,369,480
2238,369,481
2239,369,482
2240,369,483
2241,369,484
2242,369,485
2243,369,486
2244,369,487
2245,369,488
2246,369,489
2247,369,490
2248,369,491
2249,369,492
2250,369,493
2251,369,494
2252,369,495
2253,369,496
2254,369,497
2255,369,498
2256,369,499
2257,369,500
2258,369,501
2259,369,502
2260,369,503
2261,369,504
2262,369,505
2263,369,506
2264,369,507
2265,369,508
2266,369,509
2267,369,510
2268,369,511
2269,369,512
2270,369,513
2271,369,514
2272,369,515
2273,369,516
2274,369,517
2275,369,518
2276,369,519
2277,369,520
2278,369,521
2279,369,522
2280,369,523
2281,369,524
2282,369,525
2283,369,526
2284,369,527
2285,369,528
2286,369,529
2287,369,530
2288,369,531
2289,369,532
2290,369,533
2291,369,534
2292,369,535
2293,369,536
2294,369,537
2295,369,538
2296,369,539
2297,370,431
2298,370,432
2299,370,433
2300,370,434
2301,370,435
2302,370,436
2303,370,437
2304,370,438
2305,370,439
2306,370,440
2307,370,441
2308,370,442
2309,370,443
2310,370,444
2311,370,445
2312,370,446
2313,370,447
2314,370,448
2315,370,449
2316,370,450
2317,370,451
2318,370,452
2319,370,453
2320,370,454
2321,370,455
2322,370,456
2323,370,457
2324,370,458
2325,370,459
2326,370,460
2327,370,461
2328,370,462
2329,370,463
2330,370,464
2331,370,465
2332,370,466
2333,370,467
2334,370,468
2335,370,469
2336,370,470
2337,370,471
2338,370,472
2339,370,473
2340,370,474
2341,370,475
2342,370,476
2343,370,477
2344,370,478
2345,370,479
2346,370,480
2347,370,481
2348,370,482
2349,370,483
2350,370,484
2351,370,485
2352,370,486
2353,370,487
2354,370,488
2355,370,489
2356,370,490
2357,370,491
2358,370,492
2359,370,493
2360,370,494
2361,370,495
2362,370,496
2363,370,497
2364,370,498
2365,370,499
2366,370,500
2367,370,501
2368,370,502
2369,370,503
2370,370,504
2371,370,505
2372,370,506
2373,370,507
2374,370,508
2375,370,509
2376,370,510
2377,370,511
2378,370,512
2379,370,513
2380,370,514
2381,370,515
2382,370,516
2383,370,517
2384,370,518
2385,370,519
2386,370,520
2387,370,521
2388,370,522
2389,370,523
2390,370,524
2391,370,525
2392,370,526
2393,370,527
2394,370,528
2395,370,529
2396,370,530
2397,370,531
2398,370,532
2399,370,533
2400,370,534
2401,370,535
2402,370,536
2403,370,537
2404,370,538
2405,370,539
2406,370,540
2407,370,541
2408,371,430
2409,371,431
2410,371,432
2411,371,433
2412,371,434
2413,371,435
2414,371,436
2415,371,437
2416,371,438
2417,371,439
2418,371,440
2419,371,441
2420,371,442
2421,371,443
2422,371,444
2423,371,445
2424,371,446
2425,371,447
2426,371,448
2427,371,449
2428,371,450
2429,371,451
2430,371,452
2431,371,453
2432,371,454
2433,371,455
2434,371,456
2435,371,457
2436,371,458
2437,371,459
2438,371,460
2439,371,461
2440,371,462
2441,371,463
2442,371,464
2443,371,465
2444,371,466
2445,371,467
2446,371,468
2447,371,469
2448,371,470
2449,371,471
2450,371,472
2451,371,473
2452,371,474
2453,371,475
2454,371,476
2455,371,477
2456,371,478
2457,371,479
2458,371,480
2459,371,481
2460,371,482
2461,371,483
2462,371,484
2463,371,485
2464,371,486
2465,371,487
2466,371,488
2467,371,489
2468,371,490
2469,371,491
2470,371,492
2471,371,493
2472,371,494
2473,371,495
2474,371,496
2475,371,497
2476,371,498
2477,371,499
2478,371,500
2479,371,501
2480,371,502
2481,371,503
2482,371,504
2483,371,505
2484,371,506
2485,371,507
2486,371,508
2487,371,509
2488,371,510
2489,371,511
2490,371,512
2491,371,513
2492,371,514
2493,371,515
2494,371,516
2495,371,517
2496,371,518
2497,371,519
2498,371,520
2499,371,521
2500,371,522
2501,371,523
2502,371,524
2503,371,525
2504,371,526
2505,371,527
2506,371,528
2507,371,529
2508,371,530
2509,371,531
2510,371,532
2511,371,533
2512,371,534
2513,371,535
2514,371,536
2515,371,537
2516,371,538
2517,371,539
2518,371,540
2519,371,541
2520,371,542
2521,372,430
2522,372,431
2523,372,432
2524,372,433
2525,372,434
2526,372,435
2527,372,436
2528,372,437
2529,372,438
2530,372,439
2531,372,440
2532,372,441
2533,372,442
2534,372,443
2535,372,444
2536,372,445
2537,372,446
2538,372,447
2539,372,448
2540,372,449
2541,372,450
2542,372,451
2543,372,452
2544,372,453
2545,372,454
2546,372,455
2547,372,456
2548,372,457
2549,372,458
2550,372,459
2551,372,460
2552,372,461
2553,372,462
2554,372,463
2555,372,464
2556,372,465
2557,372,466
2558,372,467
2559,372,468
2560,372,469
2561,372,470
2562,372,471
2563,372,472
2564,372,473
2565,372,474
2566,372,475
2567,372,476
2568,372,477
2569,372,478
2570,372,479
2571,372,480
2572,372,481
2573,372,482
2574,372,483
2575,372,484
2576,372,485
2577,372,486
2578,372,487
2579,372,488
2580,372,489
2581,372,490
2582,372,491
2583,372,492
2584,372,493
2585,372,494
2586,372,495
2587,372,496
2588,372,497
2589,372,498
2590,372,499
2591,372,500
2592,372,501
2593,372,502
2594,372,503
2595,372,504
2596,372,505
2597,372,506
2598,372,507
2599,372,508
2600,372,509
2601,372,510
2602,372,511
2603,372,512
2604,372,513
2605,372,514
2606,372,515
2607,372,516
2608,372,517
2609,372,518
2610,372,519
2611,372,520
2612,372,521
2613,372,522
2614,372,523
2615,372,524
2616,372,525
2617,372,526
2618,372,527
2619,372,528
2620,372,529
2621,372,530
2622,372,531
2623,372,532
2624,372,533
2625,372,534
2626,372,535
2627,372,536
2628,372,537
2629,372,538
2630,372,539
2631,372,540
2632,372,541
2633,372,542
2634,373,430
2635,373,431
2636,373,432
2637,373,433
2638,373,434
2639,373,435
2640,373,436
2641,373,437
2642,373,438
2643,373,439
2644,373,440
2645,373,441
2646,373,442
2647,373,443
2648,373,444
2649,373,445
2650,373,446
2651,373,447
2652,373,448
2653,373,449
2654,373,450
2655,373,451
2656,373,452
2657,373,453
2658,373,454
2659,373,455
2660,373,456
2661,373,457
2662,373,458
2663,373,459
2664,373,460
2665,373,461
2666,373,462
2667,373,463
2668,373,464
2669,373,465
2670,373,466
2671,373,467
2672,373,468
2673,373,469
2674,373,470
2675,373,471
2676,373,472
2677,373,473
2678,373,474
2679,373,475
2680,373,476
2681,373,477
2682,373,478
2683,373,479
2684,373,480
2685,373,481
2686,373,482
2687,373,483
2688,373,484
2689,373,485
2690,373,486
2691,373,487
2692,373,488
2693,373,489
2694,373,490
2695,373,491
2696,373,492
2697,373,493
2698,373,494
2699,373,495
2700,373,496
2701,373,497
2702,373,498
2703,373,499
2704,373,500
2705,373,501
2706,373,502
2707,373,503
2708,373,504
2709,373,505
2710,373,506
2711,373,507
2712,373,508
2713,373,509
2714,373,510
2715,373,511
2716,373,512
2717,373,513
2718,373,514
2719,373,515
2720,373,516
2721,373,517
2722,373,518
2723,373,519
2724,373,520
2725,373,521
2726,373,522
2727,373,523
2728,373,524
2729,373,525
2730,373,526
2731,373,527
2732,373,528
2733,373,529
2734,373,530
2735,373,531
2736,373,532
2737,373,533
2738,373,534
2739,373,535
2740,373,536
2741,373,537
2742,373,538
2743,373,539
2744,373,540
2745,373,541
2746,373,542
2747,374,429
2748,374,430
2749,374,431
2750,374,432
2751,374,433
2752,374,434
2753,374,435
2754,374,436
2755,374,437
2756,374,438
2757,374,439
2758,374,440
2759,374,441
2760,374,442
2761,374,443
2762,374,444
2763,374,445
2764,374,446
2765,374,447
2766,374,448
2767,374,449
2768,374,450
2769,374,451
2770,374,452
2771,374,453
2772,374,454
2773,374,455
2774,374,456
2775,374,457
2776,374,458
2777,374,459
2778,374,460
2779,374,461
2780,374,462
2781,374,463
2782,374,464
2783,374,465
2784,374,466
2785,374,467
2786,374,468
2787,374,469
2788,374,470
2789,374,471
2790,374,472
2791,374,473
2792,374,474
2793,374,475
2794,374,476
2795,374,477
2796,374,478
2797,374,479
2798,374,480
2799,374,481
2800,374,482
2801,374,483
2802,374,484
2803,374,485
2804,374,486
2805,374,487
2806,374,488
2807,374,489
2808,374,490
2809,374,491
2810,374,492
2811,374,493
2812,374,494
2813,374,495
2814,374,496
2815,374,497
2816,374,498
2817,374,499
2818,374,500
2819,374,501
2820,374,502
2821,374,503
2822,374,504
2823,374,505
2824,374,506
2825,374,507
2826,374,508
2827,374,509
2828,374,510
2829,374,511
2830,374,512
2831,374,513
2832,374,514
2833,374,515
2834,374,516
2835,374,517
2836,374,518
2837,374,519
2838,374,520
2839,374,521
2840,374,522
2841,374,523
2842,374,524
2843,374,525
2844,374,526
2845,374,527
2846,374,528
2847,374,529
2848,374,530
2849,374,531
2850,374,532
2851,374,533
2852,374,534
2853,374,535
2854,374,536
2855,374,537
2856,374,538
2857,374,539
2858,374,540
2859,374,541
2860,374,542
2861,374,543
2862,375,429
2863,375,430
2864,375,431
2865,375,432
2866,375,433
2867,375,434
2868,375,435
2869,375,436
2870,375,437
2871,375,438
2872,375,439
2873,375,440
2874,375,441
2875,375,442
2876,375,443
2877,375,444
2878,375,445
2879,375,446
2880,375,447
2881,375,448
2882,375,449
2883,375,450
2884,375,451
2885,375,452
2886,375,453
2887,375,454
2888,375,455
2889,375,456
2890,375,457
2891,375,458
2892,375,459
2893,375,460
2894,375,461
2895,375,462
2896,375,463
2897,375,464
2898,375,465
2899,375,466
2900,375,467
2901,375,468
2902,375,469
2903,375,470
2904,375,471
2905,375,472
2906,375,473
2907,375,474
2908,375,475
2909,375,476
2910,375,477
2911,375,478
2912,375,479
2913,375,480
2914,375,481
2915,375,482
2916,375,483
2917,375,484
2918,375,485
2919,375,486
2920,375,487
2921,375,488
2922,375,489
2923,375,490
2924,375,491
2925,375,492
2926,375,493
2927,375,494
2928,375,495
2929,375,496
2930,375,502
2931,375,503
2932,375,504
2933,375,505
2934,375,506
2935,375,507
2936,375,508
2937,375,509
2938,375,510
2939,375,511
2940,375,512
2941,375,513
2942,375,520
2943,375,521
2944,375,522
2945,375,523
2946,375,524
2947,375,525
2948,375,526
2949,375,527
2950,375,528
2951,375,529
2952,375,530
2953,375,531
2954,375,532
2955,375,533
2956,375,534
2957,375,535
2958,375,536
2959,375,537
2960,375,538
2961,375,539
2962,375,540
2963,375,541
2964,375,542
2965,375,543
2966,376,429
2967,376,430
2968,376,431
2969,376,432
2970,376,433
2971,376,434
2972,376,435
2973,376,436
2974,376,437
2975,376,438
2976,376,439
2977,376,440
2978,376,441
2979,376,442
2980,376,443
2981,376,444
2982,376,445
2983,376,446
2984,376,447
2985,376,448
2986,376,449
2987,376,450
2988,376,451
2989,376,452
2990,376,453
2991,376,454
2992,376,455
2993,376,456
2994,376,457
2995,376,458
2996,376,459
2997,376,460
2998,376,461
2999,376,462
3000,376,463
3001,376,464
3002,376,465
3003,376,466
3004,376,467
3005,376,468
3006,376,469
3007,376,470
3008,376,471
3009,376,472
3010,376,473
3011,376,474
3012,376,475
3013,376,476
3014,376,477
3015,376,478
3016,376,479
3017,376,480
3018,376,481
3019,376,482
3020,376,483
3021,376,484
3022,376,485
3023,376,486
3024,376,487
3025,376,488
3026,376,489
3027,376,490
3028,376,491
3029,376,492
3030,376,493
3031,376,494
3032,376,495
3033,376,496
3034,376,497
3035,376,498
3036,376,499
3037,376,500
3038,376,501
3039,376,502
3040,376,503
3041,376,504
3042,376,505
3043,376,506
3044,376,507
3045,376,508
3046,376,509
3047,376,510
3048,376,511
3049,376,512
3050,376,513
3051,376,514
3052,376,515
3053,376,516
3054,376,517
3055,376,518
3056,376,519
3057,376,520
3058,376,521
3059,376,522
3060,376,523
3061,376,524
3062,376,525
3063,376,526
3064,376,527
3065,376,528
3066,376,529
3067,376,530
3068,376,531
3069,376,532
3070,376,533
3071,376,534
3072,376,535
3073,376,536
3074,376,537
3075,376,538
3076,376,539
3077,376,540
3078,376,541
3079,376,542
3080,376,543
3081,376,544
3082,377,428
3083,377,429
3084,377,430
3085,377,431
3086,377,432
3087,377,433
3088,377,434
3089,377,435
3090,377,436
3091,377,437
3092,377,438
3093,377,439
3094,377,440
3095,377,441
3096,377,442
3097,377,443
3098,377,444
3099,377,445
3100,377,446
3101,377,447
3102,377,448
3103,377,449
3104,377,450
3105,377,451
3106,377,452
3107,377,453
3108,377,454
3109,377,455
3110,377,456
3111,377,457
3112,377,458
3113,377,459
3114,377,460
3115,377,461
3116,377,462
3117,377,463
3118,377,464
3119,377,465
3120,377,466
3121,377,467
3122,377,468
3123,377,469
3124,377,470
3125,377,471
3126,377,472
3127,377,473
3128,377,474
3129,377,475
3130,377,476
3131,377,477
3132,377,478
3133,377,479
3134,377,480
3135,377,481
3136,377,482
3137,377,483
3138,377,484
3139,377,485
3140,377,486
3141,377,487
3142,377,488
3143,377,489
3144,377,490
3145,377,491
3146,377,492
3147,377,493
3148,377,494
3149,377,495
3150,377,496
3151,377,497
3152,377,498
3153,377,499
3154,377,500
3155,377,501
3156,377,502
3157,377,503
3158,377,504
3159,377,505
3160,377,506
3161,377,507
3162,377,508
3163,377,509
3164,377,510
3165,377,511
3166,377,512
3167,377,513
3168,377,514
3169,377,515
3170,377,516
3171,377,517
3172,377,518
3173,377,519
3174,377,520
3175,377,521
3176,377,522
3177,377,523
3178,377,524
3179,377,525
3180,377,526
3181,377,527
3182,377,528
3183,377,529
3184,377,530
3185,377,531
3186,377,532
3187,377,533
3188,377,534
3189,377,535
3190,377,536
3191,377,537
3192,377,538
3193,377,539
3194,377,540
3195,377,541
3196,377,542
3197,377,543
3198,377,544
3199,378,427
3200,378,428
3201,378,429
3202,378,430
3203,378,431
3204,378,432
3205,378,433
3206,378,434
3207,378,435
3208,378,436
3209,378,437
3210,378,438
3211,378,439
3212,378,440
3213,378,441
3214,378,442
3215,378,443
3216,378,444
3217,378,445
3218,378,446
3219,378,447
3220,378,448
3221,378,449
3222,378,450
3223,378,451
3224,378,452
3225,378,453
3226,378,454
3227,378,455
3228,378,456
3229,378,457
3230,378,458
3231,378,459
3232,378,460
3233,378,461
3234,378,462
3235,378,463
3236,378,464
3237,378,465
3238,378,466
3239,378,467
3240,378,468
3241,378,469
3242,378,470
3243,378,471
3244,378,472
3245,378,473
3246,378,474
3247,378,475
3248,378,476
3249,378,477
3250,378,478
3251,378,479
3252,378,480
3253,378,481
3254,378,482
3255,378,483
3256,378,484
3257,378,485
3258,378,486
3259,378,487
3260,378,488
3261,378,489
3262,378,490
3263,378,491
3264,378,492
3265,378,493
3266,378,494
3267,378,495
3268,378,496
3269,378,497
3270,378,498
3271,378,499
3272,378,500
3273,378,501
3274,378,502
3275,378,503
3276,378,504
3277,378,505
3278,378,506
3279,378,507
3280,378,508
3281,378,509
3282,378,510
3283,378,511
3284,378,512
3285,378,513
3286,378,514
3287,378,515
3288,378,516
3289,378,517
3290,378,518
3291,378,519
3292,378,520
3293,378,521
3294,378,522
3295,378,523
3296,378,524
3297,378,525
3298,378,526
3299,378,527
3300,378,528
3301,378,529
3302,378,530
3303,378,531
3304,378,532
3305,378,533
3306,378,534
3307,378,535
3308,378,536
3309,378,537
3310,378,538
3311,378,539
3312,378,540
3313,378,541
3314,378,542
3315,378,543
3316,378,544
3317,379,427
3318,379,428
3319,379,429
3320,379,430
3321,379,431
3322,379,432
3323,379,433
3324,379,434
3325,379,435
3326,379,436
3327,379,437
3328,379,438
3329,379,439
3330,379,440
3331,379,441
3332,379,442
3333,379,443
3334,379,444
3335,379,445
3336,379,446
3337,379,447
3338,379,448
3339,379,449
3340,379,450
3341,379,451
3342,379,452
3343,379,453
3344,379,454
3345,379,455
3346,379,456
3347,379,457
3348,379,458
3349,379,459
3350,379,460
3351,379,461
3352,379,462
3353,379,463
3354,379,464
3355,379,465
3356,379,466
3357,379,467
3358,379,468
3359,379,469
3360,379,470
3361,379,471
3362,379,472
3363,379,473
3364,379,474
3365,379,475
3366,379,476
3367,379,477
3368,379,478
3369,379,479
3370,379,480
3371,379,481
3372,379,482
3373,379,483
3374,379,484
3375,379,485
3376,379,486
3377,379,487
3378,379,488
3379,379,489
3380,379,490
3381,379,491
3382,379,492
3383,379,493
3384,379,494
3385,379,495
3386,379,496
3387,379,497
3388,379,498
3389,379,499
3390,379,500
3391,379,501
3392,379,502
3393,379,503
3394,379,504
3395,379,505
3396,379,506
3397,379,507
3398,379,508
3399,379,509
3400,379,510
3401,379,511
3402,379,512
3403,379,513
3404,379,514
3405,379,515
3406,379,516
3407,379,517
3408,379,518
3409,379,519
3410,379,520
3411,379,521
3412,379,522
3413,379,523
3414,379,524
3415,379,525
3416,379,526
3417,379,527
3418,379,528
3419,379,529
3420,379,530
3421,379,531
3422,379,532
3423,379,533
3424,379,534
3425,379,535
3426,379,536
3427,379,537
3428,379,538
3429,379,539
3430,379,540
3431,379,541
3432,379,542
3433,379,543
3434,379,544
3435,379,545
3436,380,426
3437,380,427
3438,380,428
3439,380,429
3440,380,430
3441,380,431
3442,380,432
3443,380,433
3444,380,434
3445,380,435
3446,380,436
3447,380,437
3448,380,438
3449,380,439
3450,380,440
3451,380,441
3452,380,442
3453,380,443
3454,380,444
3455,380,445
3456,380,446
3457,380,447
3458,380,448
3459,380,449
3460,380,450
3461,380,451
3462,380,452
3463,380,453
3464,380,454
3465,380,455
3466,380,456
3467,380,457
3468,380,458
3469,380,459
3470,380,460
3471,380,461
3472,380,462
3473,380,463
3474,380,464
3475,380,465
3476,380,466
3477,380,467
3478,380,468
3479,380,469
3480,380,470
3481,380,471
3482,380,472
3483,380,473
3484,380,474
3485,380,475
3486,380,476
3487,380,477
3488,380,478
3489,380,479
3490,380,480
3491,380,481
3492,380,482
3493,380,483
3494,380,484
3495,380,485
3496,380,486
3497,380,487
3498,380,488
3499,380,489
3500,380,490
3501,380,491
3502,380,492
3503,380,493
3504,380,494
3505,380,495
3506,380,496
3507,380,497
3508,380,498
3509,380,499
3510,380,500
3511,380,501
3512,380,502
3513,380,503
3514,380,504
3515,380,505
3516,380,506
3517,380,507
3518,380,508
3519,380,509
3520,380,510
3521,380,511
3522,380,512
3523,380,513
3524,380,514
3525,380,515
3526,380,516
3527,380,517
3528,380,518
3529,380,519
3530,380,520
3531,380,521
3532,380,522
3533,380,523
3534,380,524
3535,380,525
3536,380,526
3537,380,527
3538,380,528
3539,380,529
3540,380,530
3541,380,531
3542,380,532
3543,380,533
3544,380,534
3545,380,535
3546,380,536
3547,380,537
3548,380,538
3549,380,539
3550,380,540
3551,380,541
3552,380,542
3553,380,543
3554,380,544
3555,380,545
3556,381,426
3557,381,427
3558,381,428
3559,381,429
3560,381,430
3561,381,431
3562,381,432
3563,381,433
3564,381,434
3565,381,435
3566,381,436
3567,381,437
3568,381,438
3569,381,439
3570,381,440
3571,381,441
3572,381,442
3573,381,443
3574,381,444
3575,381,445
3576,381,446
3577,381,447
3578,381,448
3579,381,449
3580,381,450
3581,381,451
3582,381,452
3583,381,453
3584,381,454
3585,381,455
3586,381,456
3587,381,457
3588,381,458
3589,381,459
3590,381,460
3591,381,461
3592,381,462
3593,381,463
3594,381,464
3595,381,465
3596,381,466
3597,381,467
3598,381,468
3599,381,469
3600,381,470
3601,381,471
3602,381,472
3603,381,473
3604,381,474
3605,381,475
3606,381,476
3607,381,477
3608,381,478
3609,381,479
3610,381,480
3611,381,481
3612,381,482
3613,381,483
3614,381,484
3615,381,485
3616,381,486
3617,381,487
3618,381,488
3619,381,489
3620,381,490
3621,381,491
3622,381,492
3623,381,493
3624,381,494
3625,381,495
3626,381,496
3627,381,497
3628,381,498
3629,381,499
3630,381,500
3631,381,501
3632,381,502
3633,381,503
3634,381,504
3635,381,505
3636,381,506
3637,381,507
3638,381,508
3639,381,509
3640,381,510
3641,381,511
3642,381,512
3643,381,513
3644,381,514
3645,381,515
3646,381,516
3647,381,517
3648,381,518
3649,381,519
3650,381,520
3651,381,521
3652,381,522
3653,381,523
3654,381,524
3655,381,525
3656,381,526
3657,381,527
3658,381,528
3659,381,529
3660,381,530
3661,381,531
3662,381,532
3663,381,533
3664,381,534
3665,381,535
3666,381,536
3667,381,537
3668,381,538
3669,381,539
3670,381,540
3671,381,541
3672,381,542
3673,381,543
3674,381,544
3675,381,545
3676,382,426
3677,382,427
3678,382,428
3679,382,429
3680,382,430
3681,382,431
3682,382,432
3683,382,433
3684,382,434
3685,382,435
3686,382,436
3687,382,437
3688,382,438
3689,382,439
3690,382,440
3691,382,441
3692,382,442
3693,382,443
3694,382,444
3695,382,445
3696,382,446
3697,382,447
3698,382,448
3699,382,449
3700,382,450
3701,382,451
3702,382,452
3703,382,453
3704,382,454
3705,382,455
3706,382,456
3707,382,457
3708,382,458
3709,382,459
3710,382,460
3711,382,461
3712,382,462
3713,382,463
3714,382,464
3715,382,465
3716,382,466
3717,382,467
3718,382,468
3719,382,469
3720,382,470
3721,382,471
3722,382,472
3723,382,473
3724,382,474
3725,382,475
3726,382,476
3727,382,477
3728,382,478
3729,382,479
3730,382,480
3731,382,481
3732,382,482
3733,382,483
3734,382,484
3735,382,485
3736,382,486
3737,382,487
3738,382,488
3739,382,489
3740,382,490
3741,382,491
3742,382,492
3743,382,493
3744,382,494
3745,382,495
3746,382,496
3747,382,497
3748,382,498
3749,382,499
3750,382,500
3751,382,501
3752,382,502
3753,382,503
3754,382,504
3755,382,505
3756,382,506
3757,382,507
3758,382,508
3759,382,509
3760,382,510
3761,382,511
3762,382,512
3763,382,513
3764,382,514
3765,382,515
3766,382,516
3767,382,517
3768,382,518
3769,382,519
3770,382,520
3771,382,521
3772,382,522
3773,382,523
3774,382,524
3775,382,525
3776,382,526
3777,382,527
3778,382,528
3779,382,529
3780,382,530
3781,382,531
3782,382,532
3783,382,533
3784,382,534
3785,382,535
3786,382,536
3787,382,537
3788,382,538
3789,382,539
3790,382,540
3791,382,541
3792,382,542
3793,382,543
3794,382,544
3795,382,545
3796,382,546
3797,383,425
3798,383,426
3799,383,427
3800,383,428
3801,383,429
3802,383,430
3803,383,431
3804,383,432
3805,383,433
3806,383,434
3807,383,435
3808,383,436
3809,383,437
3810,383,438
3811,383,439
3812,383,440
3813,383,441
3814,383,442
3815,383,443
3816,383,444
3817,383,445
3818,383,446
3819,383,447
3820,383,448
3821,383,449
3822,383,450
3823,383,451
3824,383,452
3825,383,453
3826,383,454
3827,383,455
3828,383,456
3829,383,457
3830,383,458
3831,383,459
3832,383,460
3833,383,461
3834,383,462
3835,383,463
3836,383,464
3837,383,465
3838,383,466
3839,383,467
3840,383,468
3841,383,469
3842,383,470
3843,383,471
3844,383,472
3845,383,473
3846,383,474
3847,383,475
3848,383,476
3849,383,477
3850,383,478
3851,383,479
3852,383,480
3853,383,481
3854,383,482
3855,383,483
3856,383,484
3857,383,485
3858,383,486
3859,383,487
3860,383,488
3861,383,489
3862,383,490
3863,383,491
3864,383,492
3865,383,493
3866,383,494
3867,383,495
3868,383,496
3869,383,497
3870,383,498
3871,383,499
3872,383,500
3873,383,501
3874,383,502
3875,383,503
3876,383,504
3877,383,505
3878,383,506
3879,383,507
3880,383,508
3881,383,509
3882,383,510
3883,383,511
3884,383,512
3885,383,513
3886,383,514
3887,383,515
3888,383,516
3889,383,517
3890,383,518
3891,383,519
3892,383,520
3893,383,521
3894,383,522
3895,383,523
3896,383,524
3897,383,525
3898,383,526
3899,383,527
3900,383,528
3901,383,529
3902,383,530
3903,383,531
3904,383,532
3905,383,533
3906,383,534
3907,383,535
3908,383,536
3909,383,537
3910,383,538
3911,383,539
3912,383,540
3913,383,541
3914,383,542
3915,383,543
3916,383,544
3917,383,545
3918,383,546
3919,384,425
3920,384,426
3921,384,427
3922,384,428
3923,384,429
3924,384,430
3925,384,431
3926,384,432
3927,384,433
3928,384,434
3929,384,435
3930,384,436
3931,384,437
3932,384,438
3933,384,439
3934,384,440
3935,384,441
3936,384,442
3937,384,443
3938,384,444
3939,384,445
3940,384,446
3941,384,447
3942,384,448
3943,384,449
3944,384,450
3945,384,451
3946,384,452
3947,384,453
3948,384,454
3949,384,455
3950,384,456
3951,384,457
3952,384,458
3953,384,459
3954,384,460
3955,384,461
3956,384,462
3957,384,463
3958,384,464
3959,384,465
3960,384,466
3961,384,467
3962,384,468
3963,384,469
3964,384,470
3965,384,471
3966,384,472
3967,384,473
3968,384,474
3969,384,475
3970,384,476
3971,384,477
3972,384,478
3973,384,479
3974,384,480
3975,384,481
3976,384,482
3977,384,483
3978,384,484
3979,384,485
3980,384,486
3981,384,487
3982,384,488
3983,384,489
3984,384,490
3985,384,491
3986,384,492
3987,384,493
3988,384,494
3989,384,495
3990,384,496
3991,384,497
3992,384,498
3993,384,499
3994,384,500
3995,384,501
3996,384,502
3997,384,503
3998,384,504
3999,384,505
4000,384,506
4001,384,507
4002,384,508
4003,384,509
4004,384,510
4005,384,511
4006,384,512
4007,384,513
4008,384,514
4009,384,515
4010,384,516
4011,384,517
4012,384,518
4013,384,519
4014,384,520
4015,384,521
4016,384,522
4017,384,523
4018,384,524
4019,384,525
4020,384,526
4021,384,527
4022,384,528
4023,384,529
4024,384,530
4025,384,531
4026,384,532
4027,384,533
4028,384,534
4029,384,535
4030,384,536
4031,384,537
4032,384,538
4033,384,539
4034,384,540
4035,384,541
4036,384,542
4037,384,543
4038,384,544
4039,384,545
4040,384,546
4041,385,425
4042,385,426
4043,385,427
4044,385,428
4045,385,429
4046,385,430
4047,385,431
4048,385,432
4049,385,433
4050,385,434
4051,385,435
4052,385,436
4053,385,437
4054,385,438
4055,385,439
4056,385,440
4057,385,441
4058,385,442
4059,385,443
4060,385,444
4061,385,445
4062,385,446
4063,385,447
4064,385,448
4065,385,449
4066,385,450
4067,385,451
4068,385,452
4069,385,453
4070,385,454
4071,385,455
4072,385,456
4073,385,457
4074,385,458
4075,385,459
4076,385,460
4077,385,461
4078,385,462
4079,385,463
4080,385,464
4081,385,465
4082,385,466
4083,385,467
4084,385,468
4085,385,469
4086,385,470
4087,385,471
4088,385,472
4089,385,473
4090,385,474
4091,385,475
4092,385,476
4093,385,477
4094,385,478
4095,385,479
4096,385,480
4097,385,481
4098,385,482
4099,385,483
4100,385,484
4101,385,485
4102,385,486
4103,385,487
4104,385,488
4105,385,489
4106,385,490
4107,385,491
4108,385,492
4109,385,493
4110,385,494
4111,385,495
4112,385,496
4113,385,497
4114,385,498
4115,385,499
4116,385,500
4117,385,501
4118,385,502
4119,385,503
4120,385,504
4121,385,505
4122,385,506
4123,385,507
4124,385,508
4125,385,509
4126,385,510
4127,385,511
4128,385,512
4129,385,513
4130,385,514
4131,385,515
4132,385,516
4133,385,517
4134,385,518
4135,385,519
4136,385,520
4137,385,521
4138,385,522
4139,385,523
4140,385,524
4141,385,525
4142,385,526
4143,385,527
4144,385,528
4145,385,529
4146,385,530
4147,385,531
4148,385,532
4149,385,533
4150,385,534
4151,385,535
4152,385,536
4153,385,537
4154,385,538
4155,385,539
4156,385,540
4157,385,541
4158,385,542
4159,385,543
4160,385,544
4161,385,545
4162,385,546
4163,386,425
4164,386,426
4165,386,427
4166,386,428
4167,386,429
4168,386,430
4169,386,431
4170,386,432
4171,386,433
4172,386,434
4173,386,435
4174,386,436
4175,386,437
4176,386,438
4177,386,439
4178,386,440
4179,386,441
4180,386,442
4181,386,443
4182,386,444
4183,386,445
4184,386,446
4185,386,447
4186,386,448
4187,386,449
4188,386,450
4189,386,451
4190,386,452
4191,386,453
4192,386,454
4193,386,455
4194,386,456
4195,386,457
4196,386,458
4197,386,459
4198,386,460
4199,386,461
4200,386,462
4201,386,463
4202,386,464
4203,386,465
4204,386,466
4205,386,467
4206,386,468
4207,386,469
4208,386,470
4209,386,471
4210,386,472
4211,386,473
4212,386,474
4213,386,475
4214,386,476
4215,386,477
4216,386,478
4217,386,479
4218,386,480
4219,386,481
4220,386,482
4221,386,483
4222,386,484
4223,386,485
4224,386,486
4225,386,487
4226,386,488
4227,386,489
4228,386,490
4229,386,491
4230,386,492
4231,386,493
4232,386,494
4233,386,495
4234,386,496
4235,386,497
4236,386,498
4237,386,499
4238,386,500
4239,386,501
4240,386,502
4241,386,503
4242,386,504
4243,386,505
4244,386,506
4245,386,507
4246,386,508
4247,386,509
4248,386,510
4249,386,511
4250,386,512
4251,386,513
4252,386,514
4253,386,515
4254,386,516
4255,386,517
4256,386,518
4257,386,519
4258,386,520
4259,386,521
4260,386,522
4261,386,523
4262,386,524
4263,386,525
4264,386,526
4265,386,527
4266,386,528
4267,386,529
4268,386,530
4269,386,531
4270,386,532
4271,386,533
4272,386,534
4273,386,535
4274,386,536
4275,386,537
4276,386,538
4277,386,539
4278,386,540
4279,386,541
4280,386,542
4281,386,543
4282,386,544
4283,386,545
4284,386,546
4285,387,425
4286,387,426
4287,387,427
4288,387,428
4289,387,429
4290,387,430
4291,387,431
4292,387,432
4293,387,433
4294,387,434
4295,387,435
4296,387,436
4297,387,437
4298,387,438
4299,387,439
4300,387,440
4301,387,441
4302,387,442
4303,387,443
4304,387,444
4305,387,445
4306,387,446
4307,387,447
4308,387,448
4309,387,449
4310,387,450
4311,387,451
4312,387,452
4313,387,453
4314,387,454
4315,387,455
4316,387,456
4317,387,457
4318,387,458
4319,387,459
4320,387,460
4321,387,461
4322,387,462
4323,387,463
4324,387,464
4325,387,465
4326,387,466
4327,387,467
4328,387,468
4329,387,469
4330,387,470
4331,387,471
4332,387,472
4333,387,473
4334,387,474
4335,387,475
4336,387,476
4337,387,477
4338,387,478
4339,387,479
4340,387,480
4341,387,481
4342,387,482
4343,387,483
4344,387,484
4345,387,485
4346,387,486
4347,387,487
4348,387,488
4349,387,489
4350,387,490
4351,387,491
4352,387,492
4353,387,493
4354,387,494
4355,387,495
4356,387,496
4357,387,497
4358,387,498
4359,387,499
4360,387,500
4361,387,501
4362,387,502
4363,387,503
4364,387,504
4365,387,505
4366,387,506
4367,387,507
4368,387,508
4369,387,509
4370,387,510
4371,387,511
4372,387,512
4373,387,513
4374,387,514
4375,387,515
4376,387,516
4377,387,517
4378,387,518
4379,387,519
4380,387,520
4381,387,521
4382,387,522
4383,387,523
4384,387,524
4385,387,525
4386,387,526
4387,387,527
4388,387,528
4389,387,529
4390,387,530
4391,387,531
4392,387,532
4393,387,533
4394,387,534
4395,387,535
4396,387,536
4397,387,537
4398,387,538
4399,387,539
4400,387,540
4401,387,541
4402,387,542
4403,387,543
4404,387,544
4405,387,545
4406,388,424
4407,388,425
4408,388,426
4409,388,427
4410,388,428
4411,388,429
4412,388,430
4413,388,431
4414,388,432
4415,388,433
4416,388,434
4417,388,435
4418,388,436
4419,388,437
4420,388,438
4421,388,439
4422,388,440
4423,388,441
4424,388,442
4425,388,443
4426,388,444
4427,388,445
4428,388,446
4429,388,447
4430,388,448
4431,388,449
4432,388,450
4433,388,451
4434,388,452
4435,388,453
4436,388,454
4437,388,455
4438,388,456
4439,388,457
4440,388,458
4441,388,459
4442,388,460
4443,388,461
4444,388,462
4445,388,463
4446,388,464
4447,388,465
4448,388,466
4449,388,467
4450,388,468
4451,388,469
4452,388,470
4453,388,471
4454,388,472
4455,388,473
4456,388,474
4457,388,475
4458,388,476
4459,388,477
4460,388,478
4461,388,479
4462,388,480
4463,388,481
4464,388,482
4465,388,483
4466,388,484
4467,388,485
4468,388,486
4469,388,487
4470,388,488
4471,388,489
4472,388,490
4473,388,491
4474,388,492
4475,388,493
4476,388,494
4477,388,495
4478,388,496
4479,388,497
4480,388,498
4481,388,499
4482,388,500
4483,388,501
4484,388,502
4485,388,503
4486,388,504
4487,388,505
4488,388,506
4489,388,507
4490,388,508
4491,388,509
4492,388,510
4493,388,511
4494,388,512
4495,388,513
4496,388,514
4497,388,515
4498,388,516
4499,388,517
4500,388,518
4501,388,519
4502,388,520
4503,388,521
4504,388,522
4505,388,523
4506,388,524
4507,388,525
4508,388,526
4509,388,527
4510,388,528
4511,388,529
4512,388,530
4513,388,531
4514,388,532
4515,388,533
4516,388,534
4517,388,535
4518,388,536
4519,388,537
4520,388,538
4521,388,539
4522,388,540
4523,388,541
4524,388,542
4525,388,543
4526,388,544
4527,388,545
4528,389,424
4529,389,425
4530,389,426
4531,389,427
4532,389,428
4533,389,429
4534,389,430
4535,389,431
4536,389,432
4537,389,433
4538,389,434
4539,389,435
4540,389,436
4541,389,437
4542,389,438
4543,389,439
4544,389,440
4545,389,441
4546,389,442
4547,389,443
4548,389,444
4549,389,445
4550,389,446
4551,389,447
4552,389,448
4553,389,449
4554,389,450
4555,389,451
4556,389,452
4557,389,453
4558,389,454
4559,389,455
4560,389,456
4561,389,457
4562,389,458
4563,389,459
4564,389,460
4565,389,461
4566,389,462
4567,389,463
4568,389,464
4569,389,465
4570,389,466
4571,389,467
4572,389,468
4573,389,469
4574,389,470
4575,389,471
4576,389,472
4577,389,473
4578,389,474
4579,389,475
4580,389,476
4581,389,477
4582,389,478
4583,389,479
4584,389,480
4585,389,481
4586,389,482
4587,389,483
4588,389,484
4589,389,485
4590,389,486
4591,389,487
4592,389,488
4593,389,489
4594,389,490
4595,389,491
4596,389,492
4597,389,493
4598,389,494
4599,389,495
4600,389,496
4601,389,497
4602,389,498
4603,389,499
4604,389,500
4605,389,501
4606,389,502
4607,389,503
4608,389,504
4609,389,505
4610,389,506
4611,389,507
4612,389,508
4613,389,509
4614,389,510
4615,389,511
4616,389,512
4617,389,513
4618,389,514
4619,389,515
4620,389,516
4621,389,517
4622,389,518
4623,389,519
4624,389,520
4625,389,521
4626,389,522
4627,389,523
4628,389,524
4629,389,525
4630,389,526
4631,389,527
4632,389,528
4633,389,529
4634,389,530
4635,389,531
4636,389,532
4637,389,533
4638,389,534
4639,389,535
4640,389,536
4641,389,537
4642,389,538
4643,389,539
4644,389,540
4645,389,541
4646,389,542
4647,389,543
4648,389,544
4649,389,545
4650,390,424
4651,390,425
4652,390,426
4653,390,427
4654,390,428
4655,390,429
4656,390,430
4657,390,431
4658,390,432
4659,390,433
4660,390,434
4661,390,435
4662,390,436
4663,390,437
4664,390,438
4665,390,439
4666,390,440
4667,390,441
4668,390,442
4669,390,443
4670,390,444
4671,390,445
4672,390,446
4673,390,447
4674,390,448
4675,390,449
4676,390,450
4677,390,451
4678,390,452
4679,390,453
4680,390,454
4681,390,455
4682,390,456
4683,390,457
4684,390,458
4685,390,459
4686,390,460
4687,390,461
4688,390,462
4689,390,463
4690,390,464
4691,390,465
4692,390,466
4693,390,467
4694,390,468
4695,390,469
4696,390,470
4697,390,471
4698,390,472
4699,390,473
4700,390,474
4701,390,475
4702,390,476
4703,390,477
4704,390,478
4705,390,479
4706,390,480
4707,390,481
4708,390,482
4709,390,483
4710,390,484
4711,390,485
4712,390,486
4713,390,487
4714,390,488
4715,390,489
4716,390,490
4717,390,491
4718,390,492
4719,390,493
4720,390,494
4721,390,495
4722,390,496
4723,390,497
4724,390,498
4725,390,499
4726,390,500
4727,390,501
4728,390,502
4729,390,503
4730,390,504
4731,390,505
4732,390,506
4733,390,507
4734,390,508
4735,390,509
4736,390,510
4737,390,511
4738,390,512
4739,390,513
4740,390,514
4741,390,515
4742,390,516
4743,390,517
4744,390,518
4745,390,519
4746,390,520
4747,390,521
4748,390,522
4749,390,523
4750,390,524
4751,390,525
4752,390,526
4753,390,527
4754,390,528
4755,390,529
4756,390,530
4757,390,531
4758,390,532
4759,390,533
4760,390,534
4761,390,535
4762,390,536
4763,390,537
4764,390,538
4765,390,539
4766,390,540
4767,390,541
4768,390,542
4769,390,543
4770,390,544
4771,390,545
4772,391,424
4773,391,425
4774,391,426
4775,391,427
4776,391,428
4777,391,429
4778,391,430
4779,391,431
4780,391,432
4781,391,433
4782,391,434
4783,391,435
4784,391,436
4785,391,437
4786,391,438
4787,391,439
4788,391,440
4789,391,441
4790,391,442
4791,391,443
4792,391,444
4793,391,445
4794,391,446
4795,391,447
4796,391,448
4797,391,449
4798,391,450
4799,391,451
4800,391,452
4801,391,453
4802,391,454
4803,391,455
4804,391,456
4805,391,457
4806,391,458
4807,391,459
4808,391,460
4809,391,461
4810,391,462
4811,391,463
4812,391,464
4813,391,465
4814,391,466
4815,391,467
4816,391,468
4817,391,469
4818,391,470
4819,391,471
4820,391,472
4821,391,473
4822,391,474
4823,391,475
4824,391,476
4825,391,477
4826,391,478
4827,391,479
4828,391,480
4829,391,481
4830,391,482
4831,391,483
4832,391,484
4833,391,485
4834,391,486
4835,391,487
4836,391,488
4837,391,489
4838,391,490
4839,391,491
4840,391,492
4841,391,493
4842,391,494
4843,391,495
4844,391,496
4845,391,497
4846,391,498
4847,391,499
4848,391,500
4849,391,501
4850,391,502
4851,391,503
4852,391,504
4853,391,505
4854,391,506
4855,391,507
4856,391,508
4857,391,509
4858,391,510
4859,391,511
4860,391,512
4861,391,513
4862,391,514
4863,391,515
4864,391,516
4865,391,517
4866,391,518
4867,391,519
4868,391,520
4869,391,521
4870,391,522
4871,391,523
4872,391,524
4873,391,525
4874,391,526
4875,391,527
4876,391,528
4877,391,529
4878,391,530
4879,391,531
4880,391,532
4881,391,533
4882,391,534
4883,391,535
4884,391,536
4885,391,537
4886,391,538
4887,391,539
4888,391,540
4889,391,541
4890,391,542
4891,391,543
4892,391,544
4893,391,545
4894,392,424
4895,392,425
4896,392,426
4897,392,427
4898,392,428
4899,392,429
4900,392,430
4901,392,431
4902,392,432
4903,392,433
4904,392,434
4905,392,435
4906,392,436
4907,392,437
4908,392,438
4909,392,439
4910,392,440
4911,392,441
4912,392,442
4913,392,443
4914,392,444
4915,392,445
4916,392,446
4917,392,447
4918,392,448
4919,392,449
4920,392,450
4921,392,451
4922,392,452
4923,392,453
4924,392,454
4925,392,455
4926,392,456
4927,392,457
4928,392,458
4929,392,459
4930,392,460
4931,392,461
4932,392,462
4933,392,463
4934,392,464
4935,392,465
4936,392,466
4937,392,467
4938,392,468
4939,392,469
4940,392,470
4941,392,471
4942,392,472
4943,392,473
4944,392,474
4945,392,475
4946,392,476
4947,392,477
4948,392,478
4949,392,479
4950,392,480
4951,392,481
4952,392,482
4953,392,483
4954,392,484
4955,392,485
4956,392,486
4957,392,487
4958,392,488
4959,392,489
4960,392,490
4961,392,491
4962,392,492
4963,392,493
4964,392,494
4965,392,495
4966,392,496
4967,392,497
4968,392,498
4969,392,499
4970,392,500
4971,392,501
4972,392,502
4973,392,503
4974,392,504
4975,392,505
4976,392,506
4977,392,507
4978,392,508
4979,392,509
4980,392,510
4981,392,511
4982,392,512
4983,392,513
4984,392,514
4985,392,515
4986,392,516
4987,392,517
4988,392,518
4989,392,519
4990,392,520
4991,392,521
4992,392,522
4993,392,523
4994,392,524
4995,392,525
4996,392,526
4997,392,527
4998,392,528
4999,392,529
5000,392,530
5001,392,531
5002,392,532
5003,392,533
5004,392,534
5005,392,535
5006,392,536
5007,392,537
5008,392,538
5009,392,539
5010,392,540
5011,392,541
5012,392,542
5013,392,543
5014,392,544
5015,392,545
5016,393,424
5017,393,425
5018,393,426
5019,393,427
5020,393,428
5021,393,429
5022,393,430
5023,393,431
5024,393,432
5025,393,433
5026,393,434
5027,393,435
5028,393,436
5029,393,437
5030,393,438
5031,393,439
5032,393,440
5033,393,441
5034,393,442
5035,393,443
5036,393,444
5037,393,445
5038,393,446
5039,393,447
5040,393,448
5041,393,449
5042,393,450
5043,393,451
5044,393,452
5045,393,453
5046,393,454
5047,393,455
5048,393,456
5049,393,457
5050,393,458
5051,393,459
5052,393,460
5053,393,461
5054,393,462
5055,393,463
5056,393,464
5057,393,465
5058,393,466
5059,393,467
5060,393,468
5061,393,469
5062,393,470
5063,393,471
5064,393,472
5065,393,473
5066,393,474
5067,393,475
5068,393,476
5069,393,477
5070,393,478
5071,393,479
5072,393,480
5073,393,481
5074,393,482
5075,393,483
5076,393,484
5077,393,485
5078,393,486
5079,393,487
5080,393,488
5081,393,489
5082,393,490
5083,393,491
5084,393,492
5085,393,493
5086,393,494
5087,393,495
5088,393,496
5089,393,497
5090,393,498
5091,393,499
5092,393,500
5093,393,501
5094,393,502
5095,393,503
5096,393,504
5097,393,505
5098,393,506
5099,393,507
5100,393,508
5101,393,509
5102,393,510
5103,393,511
5104,393,512
5105,393,513
5106,393,514
5107,393,515
5108,393,516
5109,393,517
5110,393,518
5111,393,519
5112,393,520
5113,393,521
5114,393,522
5115,393,523
5116,393,524
5117,393,525
5118,393,526
5119,393,527
5120,393,528
5121,393,529
5122,393,530
5123,393,531
5124,393,532
5125,393,533
5126,393,534
5127,393,535
5128,393,536
5129,393,537
5130,393,538
5131,393,539
5132,393,540
5133,393,541
5134,393,542
5135,393,543
5136,393,544
5137,393,545
5138,394,424
5139,394,425
5140,394,426
5141,394,427
5142,394,428
5143,394,429
5144,394,430
5145,394,431
5146,394,432
5147,394,433
5148,394,434
5149,394,435
5150,394,436
5151,394,437
5152,394,438
5153,394,439
5154,394,440
5155,394,441
5156,394,442
5157,394,443
5158,394,444
5159,394,445
5160,394,446
5161,394,447
5162,394,448
5163,394,449
5164,394,450
5165,394,451
5166,394,452
5167,394,453
5168,394,454
5169,394,455
5170,394,456
5171,394,457
5172,394,458
5173,394,459
5174,394,460
5175,394,461
5176,394,462
5177,394,463
5178,394,464
5179,394,465
5180,394,466
5181,394,467
5182,394,468
5183,394,469
5184,394,470
5185,394,471
5186,394,472
5187,394,473
5188,394,474
5189,394,475
5190,394,476
5191,394,477
5192,394,478
5193,394,479
5194,394,480
5195,394,481
5196,394,482
5197,394,483
5198,394,484
5199,394,485
5200,394,486
5201,394,487
5202,394,488
5203,394,489
5204,394,490
5205,394,491
5206,394,492
5207,394,493
5208,394,494
5209,394,495
5210,394,496
5211,394,497
5212,394,498
5213,394,499
5214,394,500
5215,394,501
5216,394,502
5217,394,503
5218,394,504
5219,394,505
5220,394,506
5221,394,507
5222,394,508
5223,394,509
5224,394,510
5225,394,511
5226,394,512
5227,394,513
5228,394,514
5229,394,515
5230,394,516
5231,394,517
5232,394,518
5233,394,519
5234,394,520
5235,394,521
5236,394,522
5237,394,523
5238,394,524
5239,394,525
5240,394,526
5241,394,527
5242,394,528
5243,394,529
5244,394,530
5245,394,531
5246,394,532
5247,394,533
5248,394,534
5249,394,535
5250,394,536
5251,394,537
5252,394,538
5253,394,539
5254,394,540
5255,394,541
5256,394,542
5257,394,543
5258,394,544
5259,394,545
5260,395,424
5261,395,425
5262,395,426
5263,395,427
5264,395,428
5265,395,429
5266,395,430
5267,395,431
5268,395,432
5269,395,433
5270,395,434
5271,395,435
5272,395,436
5273,395,437
5274,395,438
5275,395,439
5276,395,440
5277,395,441
5278,395,442
5279,395,443
5280,395,444
5281,395,445
5282,395,446
5283,395,447
5284,395,448
5285,395,449
5286,395,450
5287,395,451
5288,395,452
5289,395,453
5290,395,454
5291,395,455
5292,395,456
5293,395,457
5294,395,458
5295,395,459
5296,395,460
5297,395,461
5298,395,462
5299,395,463
5300,395,464
5301,395,465
5302,395,466
5303,395,467
5304,395,468
5305,395,469
5306,395,470
5307,395,471
5308,395,472
5309,395,473
5310,395,474
5311,395,475
5312,395,476
5313,395,477
5314,395,478
5315,395,479
5316,395,480
5317,395,481
5318,395,482
5319,395,483
5320,395,484
5321,395,485
5322,395,486
5323,395,487
5324,395,488
5325,395,489
5326,395,490
5327,395,491
5328,395,492
5329,395,493
5330,395,494
5331,395,495
5332,395,496
5333,395,497
5334,395,498
5335,395,499
5336,395,500
5337,395,501
5338,395,502
5339,395,503
5340,395,504
5341,395,505
5342,395,506
5343,395,507
5344,395,508
5345,395,509
5346,395,510
5347,395,511
5348,395,512
5349,395,513
5350,395,514
5351,395,515
5352,395,516
5353,395,517
5354,395,518
5355,395,519
5356,395,520
5357,395,521
5358,395,522
5359,395,523
5360,395,524
5361,395,525
5362,395,526
5363,395,527
5364,395,528
5365,395,529
5366,395,530
5367,395,531
5368,395,532
5369,395,533
5370,395,534
5371,395,535
5372,395,536
5373,395,537
5374,395,538
5375,395,539
5376,395,540
5377,395,541
5378,395,542
5379,395,543
5380,395,544
5381,395,545
5382,396,424
5383,396,425
5384,396,426
5385,396,427
5386,396,428
5387,396,429
5388,396,430
5389,396,431
5390,396,432
5391,396,433
5392,396,434
5393,396,435
5394,396,436
5395,396,437
5396,396,438
5397,396,439
5398,396,440
5399,396,441
5400,396,442
5401,396,443
5402,396,444
5403,396,445
5404,396,446
5405,396,447
5406,396,448
5407,396,449
5408,396,450
5409,396,451
5410,396,452
5411,396,453
5412,396,454
5413,396,455
5414,396,456
5415,396,457
5416,396,458
5417,396,459
5418,396,460
5419,396,461
5420,396,462
5421,396,463
5422,396,464
5423,396,465
5424,396,466
5425,396,467
5426,396,468
5427,396,469
5428,396,470
5429,396,471
5430,396,472
5431,396,473
5432,396,474
5433,396,475
5434,396,476
5435,396,477
5436,396,478
5437,396,479
5438,396,480
5439,396,481
5440,396,482
5441,396,483
5442,396,484
5443,396,485
5444,396,486
5445,396,487
5446,396,488
5447,396,489
5448,396,490
5449,396,491
5450,396,492
5451,396,493
5452,396,494
5453,396,495
5454,396,496
5455,396,497
5456,396,498
5457,396,499
5458,396,500
5459,396,501
5460,396,502
5461,396,503
5462,396,504
5463,396,505
5464,396,506
5465,396,507
5466,396,508
5467,396,509
5468,396,510
5469,396,511
5470,396,512
5471,396,513
5472,396,514
5473,396,515
5474,396,516
5475,396,517
5476,396,518
5477,396,519
5478,396,520
5479,396,521
5480,396,522
5481,396,523
5482,396,524
5483,396,525
5484,396,526
5485,396,527
5486,396,528
5487,396,529
5488,396,530
5489,396,531
5490,396,532
5491,396,533
5492,396,534
5493,396,535
5494,396,536
5495,396,537
5496,396,538
5497,396,539
5498,396,540
5499,396,541
5500,396,542
5501,396,543
5502,396,544
5503,396,545
5504,397,424
5505,397,425
5506,397,426
5507,397,427
5508,397,428
5509,397,429
5510,397,430
5511,397,431
5512,397,432
5513,397,433
5514,397,434
5515,397,435
5516,397,436
5517,397,437
5518,397,438
5519,397,439
5520,397,440
5521,397,441
5522,397,442
5523,397,443
5524,397,444
5525,397,445
5526,397,446
5527,397,447
5528,397,448
5529,397,449
5530,397,450
5531,397,451
5532,397,452
5533,397,453
5534,397,454
5535,397,455
5536,397,456
5537,397,457
5538,397,458
5539,397,459
5540,397,460
5541,397,461
5542,397,462
5543,397,463
5544,397,464
5545,397,465
5546,397,466
5547,397,467
5548,397,468
5549,397,469
5550,397,470
5551,397,471
5552,397,472
5553,397,473
5554,397,474
5555,397,475
5556,397,476
5557,397,477
5558,397,478
5559,397,479
5560,397,480
5561,397,481
5562,397,482
5563,397,483
5564,397,484
5565,397,485
5566,397,486
5567,397,487
5568,397,488
5569,397,489
5570,397,490
5571,397,491
5572,397,492
5573,397,493
5574,397,494
5575,397,495
5576,397,496
5577,397,497
5578,397,498
5579,397,499
5580,397,500
5581,397,501
5582,397,502
5583,397,503
5584,397,504
5585,397,505
5586,397,506
5587,397,507
5588,397,508
5589,397,509
5590,397,510
5591,397,511
5592,397,512
5593,397,513
5594,397,514
5595,397,515
5596,397,516
5597,397,517
5598,397,518
5599,397,519
5600,397,520
5601,397,521
5602,397,522
5603,397,523
5604,397,524
5605,397,525
5606,397,526
5607,397,527
5608,397,528
5609,397,529
5610,397,530
5611,397,531
5612,397,532
5613,397,533
5614,397,534
5615,397,535
5616,397,536
5617,397,537
5618,397,538
5619,397,539
5620,397,540
5621,397,541
5622,397,542
5623,397,543
5624,397,544
5625,398,424
5626,398,425
5627,398,426
5628,398,427
5629,398,428
5630,398,429
5631,398,430
5632,398,431
5633,398,432
5634,398,433
5635,398,434
5636,398,435
5637,398,436
5638,398,437
5639,398,438
5640,398,439
5641,398,440
5642,398,441
5643,398,442
5644,398,443
5645,398,444
5646,398,445
5647,398,446
5648,398,447
5649,398,448
5650,398,449
5651,398,450
5652,398,451
5653,398,452
5654,398,453
5655,398,454
5656,398,455
5657,398,456
5658,398,457
5659,398,458
5660,398,459
5661,398,460
5662,398,461
5663,398,462
5664,398,463
5665,398,464
5666,398,465
5667,398,466
5668,398,467
5669,398,468
5670,398,469
5671,398,470
5672,398,471
5673,398,472
5674,398,473
5675,398,474
5676,398,475
5677,398,476
5678,398,477
5679,398,478
5680,398,479
5681,398,480
5682,398,481
5683,398,482
5684,398,483
5685,398,484
5686,398,485
5687,398,486
5688,398,487
5689,398,488
5690,398,489
5691,398,490
5692,398,491
5693,398,492
5694,398,493
5695,398,494
5696,398,495
5697,398,496
5698,398,497
5699,398,498
5700,398,499
5701,398,500
5702,398,501
5703,398,502
5704,398,503
5705,398,504
5706,398,505
5707,398,506
5708,398,507
5709,398,508
5710,398,509
5711,398,510
5712,398,511
5713,398,512
5714,398,513
5715,398,514
5716,398,515
5717,398,516
5718,398,517
5719,398,518
5720,398,519
5721,398,520
5722,398,521
5723,398,522
5724,398,523
5725,398,524
5726,398,525
5727,398,526
5728,398,527
5729,398,528
5730,398,529
5731,398,530
5732,398,531
5733,398,532
5734,398,533
5735,398,534
5736,398,535
5737,398,536
5738,398,537
5739,398,538
5740,398,539
5741,398,540
5742,398,541
5743,398,542
5744,398,543
5745,398,544
5746,399,424
5747,399,425
5748,399,426
5749,399,427
5750,399,428
5751,399,429
5752,399,430
5753,399,431
5754,399,432
5755,399,433
5756,399,434
5757,399,435
5758,399,436
5759,399,437
5760,399,438
5761,399,439
5762,399,440
5763,399,441
5764,399,442
5765,399,443
5766,399,444
5767,399,445
5768,399,446
5769,399,447
5770,399,448
5771,399,449
5772,399,450
5773,399,451
5774,399,452
5775,399,453
5776,399,454
5777,399,455
5778,399,456
5779,399,457
5780,399,458
5781,399,459
5782,399,460
5783,399,461
5784,399,462
5785,399,463
5786,399,464
5787,399,465
5788,399,466
5789,399,467
5790,399,468
5791,399,469
5792,399,470
5793,399,471
5794,399,472
5795,399,473
5796,399,474
5797,399,475
5798,399,476
5799,399,477
5800,399,478
5801,399,479
5802,399,480
5803,399,481
5804,399,482
5805,399,483
5806,399,484
5807,399,485
5808,399,486
5809,399,487
5810,399,488
5811,399,489
5812,399,490
5813,399,491
5814,399,492
5815,399,493
5816,399,494
5817,399,495
5818,399,496
5819,399,497
5820,399,498
5821,399,499
5822,399,500
5823,399,501
5824,399,502
5825,399,503
5826,399,504
5827,399,505
5828,399,506
5829,399,507
5830,399,508
5831,399,509
5832,399,510
5833,399,511
5834,399,512
5835,399,513
5836,399,514
5837,399,515
5838,399,516
5839,399,517
5840,399,518
5841,399,519
5842,399,520
5843,399,521
5844,399,522
5845,399,523
5846,399,524
5847,399,525
5848,399,526
5849,399,527
5850,399,528
5851,399,529
5852,399,530
5853,399,531
5854,399,532
5855,399,533
5856,399,534
5857,399,535
5858,399,536
5859,399,537
5860,399,538
5861,399,539
5862,399,540
5863,399,541
5864,399,542
5865,399,543
5866,399,544
5867,400,423
5868,400,424
5869,400,425
5870,400,426
5871,400,427
5872,400,428
5873,400,429
5874,400,430
5875,400,431
5876,400,432
5877,400,433
5878,400,434
5879,400,435
5880,400,436
5881,400,437
5882,400,438
5883,400,439
5884,400,440
5885,400,441
5886,400,442
5887,400,443
5888,400,444
5889,400,445
5890,400,446
5891,400,447
5892,400,448
5893,400,449
5894,400,450
5895,400,451
5896,400,452
5897,400,453
5898,400,454
5899,400,455
5900,400,456
5901,400,457
5902,400,458
5903,400,459
5904,400,460
5905,400,461
5906,400,462
5907,400,463
5908,400,464
5909,400,465
5910,400,466
5911,400,467
5912,400,468
5913,400,469
5914,400,470
5915,400,471
5916,400,472
5917,400,473
5918,400,474
5919,400,475
5920,400,476
5921,400,477
5922,400,478
5923,400,479
5924,400,480
5925,400,481
5926,400,482
5927,400,483
5928,400,484
5929,400,485
5930,400,486
5931,400,487
5932,400,488
5933,400,489
5934,400,490
5935,400,491
5936,400,492
5937,400,493
5938,400,494
5939,400,495
5940,400,496
5941,400,497
5942,400,498
5943,400,499
5944,400,500
5945,400,501
5946,400,502
5947,400,503
5948,400,504
5949,400,505
5950,400,506
5951,400,507
5952,400,508
5953,400,509
5954,400,510
5955,400,511
5956,400,512
5957,400,513
5958,400,514
5959,400,515
5960,400,516
5961,400,517
5962,400,518
5963,400,519
5964,400,520
5965,400,521
5966,400,522
5967,400,523
5968,400,524
5969,400,525
5970,400,526
5971,400,527
5972,400,528
5973,400,529
5974,400,530
5975,400,531
5976,400,532
5977,400,533
5978,400,534
5979,400,535
5980,400,536
5981,400,537
5982,400,538
5983,400,539
5984,400,540
5985,400,541
5986,400,542
5987,400,543
5988,400,544
5989,401,423
5990,401,424
5991,401,425
5992,401,426
5993,401,427
5994,401,428
5995,401,429
5996,401,430
5997,401,431
5998,401,432
5999,401,433
6000,401,434
6001,401,435
6002,401,436
6003,401,437
6004,401,438
6005,401,439
6006,401,440
6007,401,441
6008,401,442
6009,401,443
6010,401,444
6011,401,445
6012,401,446
6013,401,447
6014,401,448
6015,401,449
6016,401,450
6017,401,451
6018,401,452
6019,401,453
6020,401,454
6021,401,455
6022,401,456
6023,401,457
6024,401,458
6025,401,459
6026,401,460
6027,401,461
6028,401,462
6029,401,463
6030,401,464
6031,401,465
6032,401,466
6033,401,467
6034,401,468
6035,401,469
6036,401,470
6037,401,471
6038,401,472
6039,401,473
6040,401,474
6041,401,475
6042,401,476
6043,401,477
6044,401,478
6045,401,479
6046,401,480
6047,401,481
6048,401,482
6049,401,483
6050,401,484
6051,401,485
6052,401,486
6053,401,487
6054,401,488
6055,401,489
6056,401,490
6057,401,491
6058,401,492
6059,401,493
6060,401,494
6061,401,495
6062,401,496
6063,401,497
6064,401,498
6065,401,499
6066,401,500
6067,401,501
6068,401,502
6069,401,503
6070,401,504
6071,401,505
6072,401,506
6073,401,507
6074,401,508
6075,401,509
6076,401,510
6077,401,511
6078,401,512
6079,401,513
6080,401,514
6081,401,515
6082,401,516
6083,401,517
6084,401,518
6085,401,519
6086,401,520
6087,401,521
6088,401,522
6089,401,523
6090,401,524
6091,401,525
6092,401,526
6093,401,527
6094,401,528
6095,401,529
6096,401,530
6097,401,531
6098,401,532
6099,401,533
6100,401,534
6101,401,535
6102,401,536
6103,401,537
6104,401,538
6105,401,539
6106,401,540
6107,401,541
6108,401,542
6109,401,543
6110,401,544
6111,402,423
6112,402,424
6113,402,425
6114,402,426
6115,402,427
6116,402,428
6117,402,429
6118,402,430
6119,402,431
6120,402,432
6121,402,433
6122,402,434
6123,402,435
6124,402,436
6125,402,437
6126,402,438
6127,402,439
6128,402,440
6129,402,441
6130,402,442
6131,402,443
6132,402,444
6133,402,445
6134,402,446
6135,402,447
6136,402,448
6137,402,449
6138,402,450
6139,402,451
6140,402,452
6141,402,453
6142,402,454
6143,402,455
6144,402,456
6145,402,457
6146,402,458
6147,402,459
6148,402,460
6149,402,461
6150,402,462
6151,402,463
6152,402,464
6153,402,465
6154,402,466
6155,402,467
6156,402,468
6157,402,469
6158,402,470
6159,402,471
6160,402,472
6161,402,473
6162,402,474
6163,402,475
6164,402,476
6165,402,477
6166,402,478
6167,402,479
6168,402,480
6169,402,481
6170,402,482
6171,402,483
6172,402,484
6173,402,485
6174,402,486
6175,402,487
6176,402,488
6177,402,489
6178,402,490
6179,402,491
6180,402,492
6181,402,493
6182,402,494
6183,402,495
6184,402,496
6185,402,497
6186,402,498
6187,402,499
6188,402,500
6189,402,501
6190,402,502
6191,402,503
6192,402,504
6193,402,505
6194,402,506
6195,402,507
6196,402,508
6197,402,509
6198,402,510
6199,402,511
6200,402,512
6201,402,513
6202,402,514
6203,402,515
6204,402,516
6205,402,517
6206,402,518
6207,402,519
6208,402,520
6209,402,521
6210,402,522
6211,402,523
6212,402,524
6213,402,525
6214,402,526
6215,402,527
6216,402,528
6217,402,529
6218,402,530
6219,402,531
6220,402,532
6221,402,533
6222,402,534
6223,402,535
6224,402,536
6225,402,537
6226,402,538
6227,402,539
6228,402,540
6229,402,541
6230,402,542
6231,402,543
6232,402,544
6233,403,423
6234,403,424
6235,403,425
6236,403,426
6237,403,427
6238,403,428
6239,403,429
6240,403,430
6241,403,431
6242,403,432
6243,403,433
6244,403,434
6245,403,435
6246,403,436
6247,403,437
6248,403,438
6249,403,439
6250,403,440
6251,403,441
6252,403,442
6253,403,443
6254,403,444
6255,403,445
6256,403,446
6257,403,447
6258,403,448
6259,403,449
6260,403,450
6261,403,451
6262,403,452
6263,403,453
6264,403,454
6265,403,455
6266,403,456
6267,403,457
6268,403,458
6269,403,459
6270,403,460
6271,403,461
6272,403,462
6273,403,463
6274,403,464
6275,403,465
6276,403,466
6277,403,467
6278,403,468
6279,403,469
6280,403,470
6281,403,472
6282,403,473
6283,403,474
6284,403,475
6285,403,476
6286,403,477
6287,403,478
6288,403,479
6289,403,480
6290,403,481
6291,403,482
6292,403,483
6293,403,484
6294,403,485
6295,403,486
6296,403,487
6297,403,488
6298,403,489
6299,403,490
6300,403,491
6301,403,492
6302,403,493
6303,403,494
6304,403,495
6305,403,496
6306,403,497
6307,403,498
6308,403,499
6309,403,500
6310,403,501
6311,403,502
6312,403,503
6313,403,504
6314,403,505
6315,403,506
6316,403,507
6317,403,508
6318,403,509
6319,403,510
6320,403,511
6321,403,512
6322,403,513
6323,403,514
6324,403,515
6325,403,516
6326,403,517
6327,403,518
6328,403,519
6329,403,520
6330,403,521
6331,403,522
6332,403,523
6333,403,524
6334,403,525
6335,403,526
6336,403,527
6337,403,528
6338,403,529
6339,403,530
6340,403,531
6341,403,532
6342,403,533
6343,403,534
6344,403,535
6345,403,536
6346,403,537
6347,403,538
6348,403,539
6349,403,540
6350,403,541
6351,403,542
6352,403,543
6353,404,423
6354,404,424
6355,404,425
6356,404,426
6357,404,427
6358,404,428
6359,404,429
6360,404,430
6361,404,431
6362,404,432
6363,404,433
6364,404,434
6365,404,435
6366,404,436
6367,404,437
6368,404,438
6369,404,439
6370,404,440
6371,404,441
6372,404,442
6373,404,443
6374,404,444
6375,404,445
6376,404,446
6377,404,447
6378,404,448
6379,404,449
6380,404,450
6381,404,451
6382,404,452
6383,404,453
6384,404,454
6385,404,455
6386,404,456
6387,404,457
6388,404,458
6389,404,459
6390,404,460
6391,404,461
6392,404,462
6393,404,463
6394,404,464
6395,404,465
6396,404,466
6397,404,467
6398,404,468
6399,404,469
6400,404,470
6401,404,472
6402,404,473
6403,404,474
6404,404,475
6405,404,476
6406,404,477
6407,404,478
6408,404,479
6409,404,480
6410,404,481
6411,404,482
6412,404,483
6413,404,484
6414,404,485
6415,404,486
6416,404,487
6417,404,488
6418,404,489
6419,404,490
6420,404,491
6421,404,492
6422,404,493
6423,404,494
6424,404,495
6425,404,496
6426,404,497
6427,404,498
6428,404,499
6429,404,500
6430,404,501
6431,404,502
6432,404,503
6433,404,504
6434,404,505
6435,404,506
6436,404,507
6437,404,508
6438,404,509
6439,404,510
6440,404,511
6441,404,512
6442,404,513
6443,404,514
6444,404,515
6445,404,516
6446,404,517
6447,404,518
6448,404,519
6449,404,520
6450,404,521
6451,404,522
6452,404,523
6453,404,524
6454,404,525
6455,404,526
6456,404,527
6457,404,528
6458,404,529
6459,404,530
6460,404,531
6461,404,532
6462,404,533
6463,404,534
6464,404,535
6465,404,536
6466,404,537
6467,404,538
6468,404,539
6469,404,540
6470,404,541
6471,404,542
6472,404,543
6473,405,423
6474,405,424
6475,405,425
6476,405,426
6477,405,427
6478,405,428
6479,405,429
6480,405,430
6481,405,431
6482,405,432
6483,405,433
6484,405,434
6485,405,435
6486,405,436
6487,405,437
6488,405,438
6489,405,439
6490,405,440
6491,405,441
6492,405,442
6493,405,443
6494,405,444
6495,405,445
6496,405,446
6497,405,447
6498,405,448
6499,405,449
6500,405,450
6501,405,451
6502,405,452
6503,405,453
6504,405,454
6505,405,455
6506,405,456
6507,405,457
6508,405,458
6509,405,459
6510,405,460
6511,405,461
6512,405,462
6513,405,463
6514,405,464
6515,405,465
6516,405,466
6517,405,467
6518,405,468
6519,405,469
6520,405,470
6521,405,471
6522,405,472
6523,405,473
6524,405,474
6525,405,475
6526,405,476
6527,405,477
6528,405,478
6529,405,479
6530,405,480
6531,405,481
6532,405,482
6533,405,483
6534,405,484
6535,405,485
6536,405,486
6537,405,487
6538,405,488
6539,405,489
6540,405,490
6541,405,491
6542,405,492
6543,405,493
6544,405,494
6545,405,495
6546,405,496
6547,405,497
6548,405,498
6549,405,499
6550,405,500
6551,405,501
6552,405,502
6553,405,503
6554,405,504
6555,405,505
6556,405,506
6557,405,507
6558,405,508
6559,405,509
6560,405,510
6561,405,511
6562,405,512
6563,405,513
6564,405,514
6565,405,515
6566,405,516
6567,405,517
6568,405,518
6569,405,519
6570,405,520
6571,405,521
6572,405,522
6573,405,523
6574,405,524
6575,405,525
6576,405,526
6577,405,527
6578,405,528
6579,405,529
6580,405,530
6581,405,531
6582,405,532
6583,405,533
6584,405,534
6585,405,535
6586,405,536
6587,405,537
6588,405,538
6589,405,539
6590,405,540
6591,405,541
6592,405,542
6593,405,543
6594,406,423
6595,406,424
6596,406,425
6597,406,426
6598,406,427
6599,406,428
6600,406,429
6601,406,430
6602,406,431
6603,406,432
6604,406,433
6605,406,434
6606,406,435
6607,406,436
6608,406,437
6609,406,438
6610,406,439
6611,406,440
6612,406,441
6613,406,442
6614,406,443
6615,406,444
6616,406,445
6617,406,446
6618,406,447
6619,406,448
6620,406,449
6621,406,450
6622,406,451
6623,406,452
6624,406,453
6625,406,454
6626,406,455
6627,406,456
6628,406,457
6629,406,458
6630,406,459
6631,406,460
6632,406,461
6633,406,462
6634,406,463
6635,406,464
6636,406,465
6637,406,466
6638,406,467
6639,406,468
6640,406,469
6641,406,470
6642,406,471
6643,406,472
6644,406,473
6645,406,474
6646,406,475
6647,406,476
6648,406,477
6649,406,478
6650,406,479
6651,406,480
6652,406,481
6653,406,482
6654,406,483
6655,406,484
6656,406,485
6657,406,486
6658,406,487
6659,406,488
6660,406,489
6661,406,490
6662,406,491
6663,406,492
6664,406,493
6665,406,494
6666,406,495
6667,406,496
6668,406,497
6669,406,498
6670,406,499
6671,406,500
6672,406,501
6673,406,502
6674,406,503
6675,406,504
6676,406,505
6677,406,506
6678,406,507
6679,406,508
6680,406,509
6681,406,510
6682,406,511
6683,406,512
6684,406,513
6685,406,514
6686,406,515
6687,406,516
6688,406,517
6689,406,518
6690,406,519
6691,406,520
6692,406,521
6693,406,522
6694,406,523
6695,406,524
6696,406,525
6697,406,526
6698,406,527
6699,406,528
6700,406,529
6701,406,530
6702,406,531
6703,406,532
6704,406,533
6705,406,534
6706,406,535
6707,406,536
6708,406,537
6709,406,538
6710,406,539
6711,406,540
6712,406,541
6713,406,542
6714,406,543
6715,407,423
6716,407,424
6717,407,425
6718,407,426
6719,407,427
6720,407,428
6721,407,429
6722,407,430
6723,407,431
6724,407,432
6725,407,433
6726,407,434
6727,407,435
6728,407,436
6729,407,437
6730,407,438
6731,407,439
6732,407,440
6733,407,441
6734,407,442
6735,407,443
6736,407,444
6737,407,445
6738,407,446
6739,407,447
6740,407,448
6741,407,449
6742,407,450
6743,407,451
6744,407,452
6745,407,453
6746,407,454
6747,407,455
6748,407,456
6749,407,457
6750,407,458
6751,407,459
6752,407,460
6753,407,461
6754,407,462
6755,407,463
6756,407,464
6757,407,465
6758,407,466
6759,407,467
6760,407,468
6761,407,469
6762,407,470
6763,407,471
6764,407,472
6765,407,473
6766,407,474
6767,407,475
6768,407,476
6769,407,477
6770,407,478
6771,407,479
6772,407,480
6773,407,481
6774,407,482
6775,407,483
6776,407,484
6777,407,485
6778,407,486
6779,407,487
6780,407,488
6781,407,489
6782,407,490
6783,407,491
6784,407,492
6785,407,493
6786,407,494
6787,407,495
6788,407,496
6789,407,497
6790,407,498
6791,407,499
6792,407,500
6793,407,501
6794,407,502
6795,407,503
6796,407,504
6797,407,505
6798,407,506
6799,407,507
6800,407,508
6801,407,509
6802,407,510
6803,407,511
6804,407,512
6805,407,513
6806,407,514
6807,407,515
6808,407,516
6809,407,517
6810,407,518
6811,407,519
6812,407,520
6813,407,521
6814,407,522
6815,407,523
6816,407,524
6817,407,525
6818,407,526
6819,407,527
6820,407,528
6821,407,529
6822,407,530
6823,407,531
6824,407,532
6825,407,533
6826,407,534
6827,407,535
6828,407,536
6829,407,537
6830,407,538
6831,407,539
6832,407,540
6833,407,541
6834,407,542
6835,408,423
6836,408,424
6837,408,425
6838,408,426
6839,408,427
6840,408,428
6841,408,429
6842,408,430
6843,408,431
6844,408,432
6845,408,433
6846,408,434
6847,408,435
6848,408,436
6849,408,437
6850,408,438
6851,408,439
6852,408,440
6853,408,441
6854,408,442
6855,408,443
6856,408,444
6857,408,445
6858,408,446
6859,408,447
6860,408,448
6861,408,449
6862,408,450
6863,408,451
6864,408,452
6865,408,453
6866,408,454
6867,408,455
6868,408,456
6869,408,457
6870,408,458
6871,408,459
6872,408,460
6873,408,461
6874,408,462
6875,408,463
6876,408,464
6877,408,465
6878,408,466
6879,408,467
6880,408,468
6881,408,469
6882,408,470
6883,408,471
6884,408,472
6885,408,473
6886,408,474
6887,408,475
6888,408,476
6889,408,477
6890,408,478
6891,408,479
6892,408,480
6893,408,481
6894,408,482
6895,408,483
6896,408,484
6897,408,485
6898,408,486
6899,408,487
6900,408,488
6901,408,489
6902,408,490
6903,408,491
6904,408,492
6905,408,493
6906,408,494
6907,408,495
6908,408,496
6909,408,497
6910,408,498
6911,408,499
6912,408,500
6913,408,501
6914,408,502
6915,408,503
6916,408,504
6917,408,505
6918,408,506
6919,408,507
6920,408,508
6921,408,509
6922,408,510
6923,408,511
6924,408,512
6925,408,513
6926,408,514
6927,408,515
6928,408,516
6929,408,517
6930,408,518
6931,408,519
6932,408,520
6933,408,521
6934,408,522
6935,408,523
6936,408,524
6937,408,525
6938,408,526
6939,408,527
6940,408,528
6941,408,529
6942,408,530
6943,408,531
6944,408,532
6945,408,533
6946,408,534
6947,408,535
6948,408,536
6949,408,537
6950,408,538
6951,408,539
6952,408,540
6953,408,541
6954,408,542
6955,409,424
6956,409,425
6957,409,426
6958,409,427
6959,409,428
6960,409,429
6961,409,430
6962,409,431
6963,409,432
6964,409,433
6965,409,434
6966,409,435
6967,409,436
6968,409,437
6969,409,438
6970,409,439
6971,409,440
6972,409,441
6973,409,442
6974,409,443
6975,409,444
6976,409,445
6977,409,446
6978,409,447
6979,409,448
6980,409,449
6981,409,450
6982,409,451
6983,409,452
6984,409,453
6985,409,454
6986,409,455
6987,409,456
6988,409,457
6989,409,458
6990,409,459
6991,409,460
6992,409,461
6993,409,462
6994,409,463
6995,409,464
6996,409,465
6997,409,466
6998,409,467
6999,409,468
7000,409,469
7001,409,470
7002,409,471
7003,409,472
7004,409,473
7005,409,474
7006,409,475
7007,409,476
7008,409,477
7009,409,478
7010,409,479
7011,409,480
7012,409,481
7013,409,482
7014,409,483
7015,409,484
7016,409,485
7017,409,486
7018,409,487
7019,409,488
7020,409,489
7021,409,490
7022,409,491
7023,409,492
7024,409,493
7025,409,494
7026,409,495
7027,409,496
7028,409,497
7029,409,498
7030,409,499
7031,409,500
7032,409,501
7033,409,502
7034,409,503
7035,409,504
7036,409,505
7037,409,506
7038,409,507
7039,409,508
7040,409,509
7041,409,510
7042,409,511
7043,409,512
7044,409,513
7045,409,514
7046,409,515
7047,409,516
7048,409,517
7049,409,518
7050,409,519
7051,409,520
7052,409,521
7053,409,522
7054,409,523
7055,409,524
7056,409,525
7057,409,526
7058,409,527
7059,409,528
7060,409,529
7061,409,530
7062,409,531
7063,409,532
7064,409,533
7065,409,534
7066,409,535
7067,409,536
7068,409,537
7069,409,538
7070,409,539
7071,409,540
7072,409,541
7073,409,542
7074,410,424
7075,410,425
7076,410,426
7077,410,427
7078,410,428
7079,410,429
7080,410,430
7081,410,431
7082,410,432
7083,410,433
7084,410,434
7085,410,435
7086,410,436
7087,410,437
7088,410,438
7089,410,439
7090,410,440
7091,410,441
7092,410,442
7093,410,443
7094,410,444
7095,410,445
7096,410,446
7097,410,447
7098,410,448
7099,410,449
7100,410,450
7101,410,451
7102,410,452
7103,410,453
7104,410,454
7105,410,455
7106,410,456
7107,410,457
7108,410,458
7109,410,459
7110,410,460
7111,410,461
7112,410,462
7113,410,463
7114,410,464
7115,410,465
7116,410,466
7117,410,467
7118,410,468
7119,410,469
7120,410,470
7121,410,471
7122,410,472
7123,410,473
7124,410,474
7125,410,475
7126,410,476
7127,410,477
7128,410,478
7129,410,479
7130,410,480
7131,410,481
7132,410,482
7133,410,483
7134,410,484
7135,410,485
7136,410,486
7137,410,487
7138,410,488
7139,410,489
7140,410,490
7141,410,491
7142,410,492
7143,410,493
7144,410,494
7145,410,495
7146,410,496
7147,410,497
7148,410,498
7149,410,499
7150,410,500
7151,410,501
7152,410,502
7153,410,503
7154,410,504
7155,410,505
7156,410,506
7157,410,507
7158,410,508
7159,410,509
7160,410,510
7161,410,511
7162,410,512
7163,410,513
7164,410,514
7165,410,515
7166,410,516
7167,410,517
7168,410,518
7169,410,519
7170,410,520
7171,410,521
7172,410,522
7173,410,523
7174,410,524
7175,410,525
7176,410,526
7177,410,527
7178,410,528
7179,410,529
7180,410,530
7181,410,531
7182,410,532
7183,410,533
7184,410,534
7185,410,535
7186,410,536
7187,410,537
7188,410,538
7189,410,539
7190,410,540
7191,410,541
7192,410,542
7193,411,424
7194,411,425
7195,411,426
7196,411,427
7197,411,428
7198,411,429
7199,411,430
7200,411,431
7201,411,432
7202,411,433
7203,411,434
7204,411,435
7205,411,436
7206,411,437
7207,411,438
7208,411,439
7209,411,440
7210,411,441
7211,411,442
7212,411,443
7213,411,444
7214,411,445
7215,411,446
7216,411,447
7217,411,448
7218,411,449
7219,411,450
7220,411,451
7221,411,452
7222,411,453
7223,411,454
7224,411,455
7225,411,456
7226,411,457
7227,411,458
7228,411,459
7229,411,460
7230,411,461
7231,411,462
7232,411,463
7233,411,464
7234,411,465
7235,411,466
7236,411,467
7237,411,468
7238,411,469
7239,411,470
7240,411,471
7241,411,472
7242,411,473
7243,411,474
7244,411,475
7245,411,476
7246,411,477
7247,411,478
7248,411,479
7249,411,480
7250,411,481
7251,411,482
7252,411,483
7253,411,484
7254,411,485
7255,411,486
7256,411,487
7257,411,488
7258,411,489
7259,411,490
7260,411,491
7261,411,492
7262,411,493
7263,411,494
7264,411,495
7265,411,496
7266,411,497
7267,411,498
7268,411,499
7269,411,500
7270,411,501
7271,411,502
7272,411,503
7273,411,504
7274,411,505
7275,411,506
7276,411,507
7277,411,508
7278,411,509
7279,411,510
7280,411,511
7281,411,512
7282,411,513
7283,411,514
7284,411,515
7285,411,516
7286,411,517
7287,411,518
7288,411,519
7289,411,520
7290,411,521
7291,411,522
7292,411,523
7293,411,524
7294,411,525
7295,411,526
7296,411,527
7297,411,528
7298,411,529
7299,411,530
7300,411,531
7301,411,532
7302,411,533
7303,411,534
7304,411,535
7305,411,536
7306,411,537
7307,411,538
7308,411,539
7309,411,540
7310,411,541
7311,412,424
7312,412,425
7313,412,426
7314,412,427
7315,412,428
7316,412,429
7317,412,430
7318,412,431
7319,412,432
7320,412,433
7321,412,434
7322,412,435
7323,412,436
7324,412,437
7325,412,438
7326,412,439
7327,412,440
7328,412,441
7329,412,442
7330,412,443
7331,412,444
7332,412,445
7333,412,446
7334,412,447
7335,412,448
7336,412,449
7337,412,450
7338,412,451
7339,412,452
7340,412,453
7341,412,454
7342,412,455
7343,412,456
7344,412,457
7345,412,458
7346,412,459
7347,412,460
7348,412,461
7349,412,462
7350,412,463
7351,412,464
7352,412,465
7353,412,466
7354,412,467
7355,412,468
7356,412,469
7357,412,470
7358,412,471
7359,412,472
7360,412,473
7361,412,474
7362,412,475
7363,412,476
7364,412,477
7365,412,478
7366,412,479
7367,412,480
7368,412,481
7369,412,482
7370,412,483
7371,412,484
7372,412,485
7373,412,486
7374,412,487
7375,412,488
7376,412,489
7377,412,490
7378,412,491
7379,412,492
7380,412,493
7381,412,494
7382,412,495
7383,412,496
7384,412,497
7385,412,498
7386,412,499
7387,412,500
7388,412,501
7389,412,502
7390,412,503
7391,412,504
7392,412,505
7393,412,506
7394,412,507
7395,412,508
7396,412,509
7397,412,510
7398,412,511
7399,412,512
7400,412,513
7401,412,514
7402,412,515
7403,412,516
7404,412,517
7405,412,518
7406,412,519
7407,412,520
7408,412,521
7409,412,522
7410,412,523
7411,412,524
7412,412,525
7413,412,526
7414,412,527
7415,412,528
7416,412,529
7417,412,530
7418,412,531
7419,412,532
7420,412,533
7421,412,534
7422,412,535
7423,412,536
7424,412,537
7425,412,538
7426,412,539
7427,412,540
7428,412,541
7429,413,424
7430,413,425
7431,413,426
7432,413,427
7433,413,428
7434,413,429
7435,413,430
7436,413,431
7437,413,432
7438,413,433
7439,413,434
7440,413,435
7441,413,436
7442,413,437
7443,413,438
7444,413,439
7445,413,440
7446,413,441
7447,413,442
7448,413,443
7449,413,444
7450,413,445
7451,413,446
7452,413,447
7453,413,448
7454,413,449
7455,413,450
7456,413,451
7457,413,452
7458,413,453
7459,413,454
7460,413,455
7461,413,456
7462,413,457
7463,413,458
7464,413,459
7465,413,460
7466,413,461
7467,413,462
7468,413,463
7469,413,464
7470,413,465
7471,413,466
7472,413,467
7473,413,468
7474,413,469
7475,413,470
7476,413,471
7477,413,472
7478,413,473
7479,413,474
7480,413,475
7481,413,476
7482,413,477
7483,413,478
7484,413,479
7485,413,480
7486,413,481
7487,413,482
7488,413,483
7489,413,484
7490,413,485
7491,413,486
7492,413,487
7493,413,488
7494,413,489
7495,413,490
7496,413,491
7497,413,492
7498,413,493
7499,413,494
7500,413,495
7501,413,496
7502,413,497
7503,413,498
7504,413,499
7505,413,500
7506,413,501
7507,413,502
7508,413,503
7509,413,504
7510,413,505
7511,413,506
7512,413,507
7513,413,508
7514,413,509
7515,413,510
7516,413,511
7517,413,512
7518,413,513
7519,413,514
7520,413,515
7521,413,516
7522,413,517
7523,413,518
7524,413,519
7525,413,520
7526,413,521
7527,413,522
7528,413,523
7529,413,524
7530,413,525
7531,413,526
7532,413,527
7533,413,528
7534,413,529
7535,413,530
7536,413,531
7537,413,532
7538,413,533
7539,413,534
7540,413,535
7541,413,536
7542,413,537
7543,413,538
7544,413,539
7545,413,540
7546,413,541
7547,414,424
7548,414,425
7549,414,426
7550,414,427
7551,414,428
7552,414,429
7553,414,430
7554,414,431
7555,414,432
7556,414,433
7557,414,434
7558,414,435
7559,414,436
7560,414,437
7561,414,438
7562,414,439
7563,414,440
7564,414,441
7565,414,442
7566,414,443
7567,414,444
7568,414,445
7569,414,446
7570,414,447
7571,414,448
7572,414,449
7573,414,450
7574,414,451
7575,414,452
7576,414,453
7577,414,454
7578,414,455
7579,414,456
7580,414,457
7581,414,458
7582,414,459
7583,414,460
7584,414,461
7585,414,462
7586,414,463
7587,414,464
7588,414,465
7589,414,466
7590,414,467
7591,414,468
7592,414,469
7593,414,470
7594,414,471
7595,414,472
7596,414,473
7597,414,474
7598,414,475
7599,414,476
7600,414,477
7601,414,478
7602,414,479
7603,414,480
7604,414,481
7605,414,482
7606,414,483
7607,414,484
7608,414,485
7609,414,486
7610,414,487
7611,414,488
7612,414,489
7613,414,490
7614,414,491
7615,414,492
7616,414,493
7617,414,494
7618,414,495
7619,414,496
7620,414,497
7621,414,498
7622,414,499
7623,414,500
7624,414,501
7625,414,502
7626,414,503
7627,414,504
7628,414,505
7629,414,506
7630,414,507
7631,414,508
7632,414,509
7633,414,510
7634,414,511
7635,414,512
7636,414,513
7637,414,514
7638,414,515
7639,414,516
7640,414,517
7641,414,518
7642,414,519
7643,414,520
7644,414,521
7645,414,522
7646,414,523
7647,414,524
7648,414,525
7649,414,526
7650,414,527
7651,414,528
7652,414,529
7653,414,530
7654,414,531
7655,414,532
7656,414,533
7657,414,534
7658,414,535
7659,414,536
7660,414,537
7661,414,538
7662,414,539
7663,414,540
7664,415,424
7665,415,425
7666,415,426
7667,415,427
7668,415,428
7669,415,429
7670,415,430
7671,415,431
7672,415,432
7673,415,433
7674,415,434
7675,415,435
7676,415,436
7677,415,437
7678,415,438
7679,415,439
7680,415,440
7681,415,441
7682,415,442
7683,415,443
7684,415,444
7685,415,445
7686,415,446
7687,415,447
7688,415,448
7689,415,449
7690,415,450
7691,415,451
7692,415,452
7693,415,453
7694,415,454
7695,415,455
7696,415,456
7697,415,457
7698,415,458
7699,415,459
7700,415,460
7701,415,461
7702,415,462
7703,415,463
7704,415,464
7705,415,465
7706,415,466
7707,415,467
7708,415,468
7709,415,469
7710,415,470
7711,415,471
7712,415,472
7713,415,473
7714,415,474
7715,415,475
7716,415,476
7717,415,477
7718,415,478
7719,415,479
7720,415,480
7721,415,481
7722,415,482
7723,415,483
7724,415,484
7725,415,485
7726,415,486
7727,415,487
7728,415,488
7729,415,489
7730,415,490
7731,415,491
7732,415,492
7733,415,493
7734,415,494
7735,415,495
7736,415,496
7737,415,497
7738,415,498
7739,415,499
7740,415,500
7741,415,501
7742,415,502
7743,415,503
7744,415,504
7745,415,505
7746,415,506
7747,415,507
7748,415,508
7749,415,509
7750,415,510
7751,415,511
7752,415,512
7753,415,513
7754,415,514
7755,415,515
7756,415,516
7757,415,517
7758,415,518
7759,415,519
7760,415,520
7761,415,521
7762,415,522
7763,415,523
7764,415,524
7765,415,525
7766,415,526
7767,415,527
7768,415,528
7769,415,529
7770,415,530
7771,415,531
7772,415,532
7773,415,533
7774,415,534
7775,415,535
7776,415,536
7777,415,537
7778,415,538
7779,415,539
7780,415,540
7781,416,424
7782,416,425
7783,416,426
7784,416,427
7785,416,428
7786,416,429
7787,416,430
7788,416,431
7789,416,432
7790,416,433
7791,416,434
7792,416,435
7793,416,436
7794,416,437
7795,416,438
7796,416,439
7797,416,440
7798,416,441
7799,416,442
7800,416,443
7801,416,444
7802,416,445
7803,416,446
7804,416,447
7805,416,448
7806,416,449
7807,416,450
7808,416,451
7809,416,452
7810,416,453
7811,416,454
7812,416,455
7813,416,456
7814,416,457
7815,416,458
7816,416,459
7817,416,460
7818,416,461
7819,416,462
7820,416,463
7821,416,464
7822,416,465
7823,416,466
7824,416,467
7825,416,468
7826,416,469
7827,416,470
7828,416,471
7829,416,472
7830,416,473
7831,416,474
7832,416,475
7833,416,476
7834,416,477
7835,416,478
7836,416,479
7837,416,480
7838,416,481
7839,416,482
7840,416,483
7841,416,484
7842,416,485
7843,416,486
7844,416,487
7845,416,488
7846,416,489
7847,416,490
7848,416,491
7849,416,492
7850,416,493
7851,416,494
7852,416,495
7853,416,496
7854,416,497
7855,416,498
7856,416,499
7857,416,500
7858,416,501
7859,416,502
7860,416,503
7861,416,504
7862,416,505
7863,416,506
7864,416,507
7865,416,508
7866,416,509
7867,416,510
7868,416,511
7869,416,512
7870,416,513
7871,416,514
7872,416,515
7873,416,516
7874,416,517
7875,416,518
7876,416,519
7877,416,520
7878,416,521
7879,416,522
7880,416,523
7881,416,524
7882,416,525
7883,416,526
7884,416,527
7885,416,528
7886,416,529
7887,416,530
7888,416,531
7889,416,532
7890,416,533
7891,416,534
7892,416,535
7893,416,536
7894,416,537
7895,416,538
7896,416,539
7897,416,540
7898,417,425
7899,417,426
7900,417,427
7901,417,428
7902,417,429
7903,417,430
7904,417,431
7905,417,432
7906,417,433
7907,417,434
7908,417,435
7909,417,436
7910,417,437
7911,417,438
7912,417,439
7913,417,440
7914,417,441
7915,417,442
7916,417,443
7917,417,444
7918,417,445
7919,417,446
7920,417,447
7921,417,448
7922,417,449
7923,417,450
7924,417,451
7925,417,452
7926,417,453
7927,417,454
7928,417,455
7929,417,456
7930,417,457
7931,417,458
7932,417,459
7933,417,460
7934,417,461
7935,417,462
7936,417,463
7937,417,464
7938,417,465
7939,417,466
7940,417,467
7941,417,468
7942,417,469
7943,417,470
7944,417,471
7945,417,472
7946,417,473
7947,417,474
7948,417,475
7949,417,476
7950,417,477
7951,417,478
7952,417,479
7953,417,480
7954,417,481
7955,417,482
7956,417,483
7957,417,484
7958,417,485
7959,417,486
7960,417,487
7961,417,488
7962,417,489
7963,417,490
7964,417,491
7965,417,492
7966,417,493
7967,417,494
7968,417,495
7969,417,496
7970,417,497
7971,417,498
7972,417,499
7973,417,500
7974,417,501
7975,417,502
7976,417,503
7977,417,504
7978,417,505
7979,417,506
7980,417,507
7981,417,508
7982,417,509
7983,417,510
7984,417,511
7985,417,512
7986,417,513
7987,417,514
7988,417,515
7989,417,516
7990,417,517
7991,417,518
7992,417,519
7993,417,520
7994,417,521
7995,417,522
7996,417,523
7997,417,524
7998,417,525
7999,417,526
8000,417,527
8001,417,528
8002,417,529
8003,417,530
8004,417,531
8005,417,532
8006,417,533
8007,417,534
8008,417,535
8009,417,536
8010,417,537
8011,417,538
8012,417,539
8013,417,540
8014,418,425
8015,418,426
8016,418,427
8017,418,428
8018,418,429
8019,418,430
8020,418,431
8021,418,432
8022,418,433
8023,418,434
8024,418,435
8025,418,436
8026,418,437
8027,418,438
8028,418,439
8029,418,440
8030,418,441
8031,418,442
8032,418,443
8033,418,444
8034,418,445
8035,418,446
8036,418,447
8037,418,448
8038,418,449
8039,418,450
8040,418,451
8041,418,452
8042,418,453
8043,418,454
8044,418,455
8045,418,456
8046,418,457
8047,418,458
8048,418,459
8049,418,460
8050,418,461
8051,418,462
8052,418,463
8053,418,464
8054,418,465
8055,418,466
8056,418,467
8057,418,468
8058,418,469
8059,418,470
8060,418,471
8061,418,472
8062,418,473
8063,418,474
8064,418,475
8065,418,476
8066,418,477
8067,418,478
8068,418,479
8069,418,480
8070,418,481
8071,418,482
8072,418,483
8073,418,484
8074,418,485
8075,418,486
8076,418,487
8077,418,488
8078,418,489
8079,418,490
8080,418,491
8081,418,492
8082,418,493
8083,418,494
8084,418,495
8085,418,496
8086,418,497
8087,418,498
8088,418,499
8089,418,500
8090,418,501
8091,418,502
8092,418,503
8093,418,504
8094,418,505
8095,418,506
8096,418,507
8097,418,508
8098,418,509
8099,418,510
8100,418,511
8101,418,512
8102,418,513
8103,418,514
8104,418,515
8105,418,516
8106,418,517
8107,418,518
8108,418,519
8109,418,520
8110,418,521
8111,418,522
8112,418,523
8113,418,524
8114,418,525
8115,418,526
8116,418,527
8117,418,528
8118,418,529
8119,418,530
8120,418,531
8121,418,532
8122,418,533
8123,418,534
8124,418,535
8125,418,536
8126,418,537
8127,418,538
8128,418,539
8129,419,425
8130,419,426
8131,419,427
8132,419,428
8133,419,429
8134,419,430
8135,419,431
8136,419,432
8137,419,433
8138,419,434
8139,419,435
8140,419,436
8141,419,437
8142,419,438
8143,419,439
8144,419,440
8145,419,441
8146,419,442
8147,419,443
8148,419,444
8149,419,445
8150,419,446
8151,419,447
8152,419,448
8153,419,449
8154,419,450
8155,419,451
8156,419,452
8157,419,453
8158,419,454
8159,419,455
8160,419,456
8161,419,457
8162,419,458
8163,419,459
8164,419,460
8165,419,461
8166,419,462
8167,419,463
8168,419,464
8169,419,465
8170,419,466
8171,419,467
8172,419,468
8173,419,469
8174,419,470
8175,419,471
8176,419,472
8177,419,473
8178,419,474
8179,419,475
8180,419,476
8181,419,477
8182,419,478
8183,419,479
8184,419,480
8185,419,481
8186,419,482
8187,419,483
8188,419,484
8189,419,485
8190,419,486
8191,419,487
8192,419,488
8193,419,489
8194,419,490
8195,419,491
8196,419,492
8197,419,493
8198,419,494
8199,419,495
8200,419,496
8201,419,497
8202,419,498
8203,419,499
8204,419,500
8205,419,501
8206,419,502
8207,419,503
8208,419,504
8209,419,505
8210,419,506
8211,419,507
8212,419,508
8213,419,509
8214,419,510
8215,419,511
8216,419,512
8217,419,513
8218,419,514
8219,419,515
8220,419,516
8221,419,517
8222,419,518
8223,419,519
8224,419,520
8225,419,521
8226,419,522
8227,419,523
8228,419,524
8229,419,525
8230,419,526
8231,419,527
8232,419,528
8233,419,529
8234,419,530
8235,419,531
8236,419,532
8237,419,533
8238,419,534
8239,419,535
8240,419,536
8241,419,537
8242,420,426
8243,420,427
8244,420,428
8245,420,429
8246,420,430
8247,420,431
8248,420,432
8249,420,433
8250,420,434
8251,420,435
8252,420,436
8253,420,437
8254,420,438
8255,420,439
8256,420,440
8257,420,441
8258,420,442
8259,420,443
8260,420,444
8261,420,445
8262,420,446
8263,420,447
8264,420,448
8265,420,449
8266,420,450
8267,420,451
8268,420,452
8269,420,453
8270,420,454
8271,420,455
8272,420,456
8273,420,457
8274,420,458
8275,420,459
8276,420,460
8277,420,461
8278,420,462
8279,420,463
8280,420,464
8281,420,465
8282,420,466
8283,420,467
8284,420,468
8285,420,469
8286,420,470
8287,420,471
8288,420,472
8289,420,473
8290,420,474
8291,420,475
8292,420,476
8293,420,477
8294,420,478
8295,420,479
8296,420,480
8297,420,481
8298,420,482
8299,420,483
8300,420,484
8301,420,485
8302,420,486
8303,420,487
8304,420,488
8305,420,489
8306,420,490
8307,420,491
8308,420,492
8309,420,493
8310,420,494
8311,420,495
8312,420,496
8313,420,497
8314,420,498
8315,420,499
8316,420,500
8317,420,501
8318,420,502
8319,420,503
8320,420,504
8321,420,505
8322,420,506
8323,420,507
8324,420,508
8325,420,509
8326,420,510
8327,420,511
8328,420,512
8329,420,513
8330,420,514
8331,420,515
8332,420,516
8333,420,517
8334,420,518
8335,420,519
8336,420,520
8337,420,521
8338,420,522
8339,420,523
8340,420,524
8341,420,525
8342,420,526
8343,420,527
8344,420,528
8345,420,529
8346,420,530
8347,420,531
8348,420,532
8349,420,533
8350,420,534
8351,420,535
8352,421,426
8353,421,427
8354,421,428
8355,421,429
8356,421,430
8357,421,431
8358,421,432
8359,421,433
8360,421,434
8361,421,435
8362,421,436
8363,421,437
8364,421,438
8365,421,439
8366,421,440
8367,421,441
8368,421,442
8369,421,443
8370,421,444
8371,421,445
8372,421,446
8373,421,447
8374,421,448
8375,421,449
8376,421,450
8377,421,451
8378,421,452
8379,421,453
8380,421,454
8381,421,455
8382,421,456
8383,421,457
8384,421,458
8385,421,459
8386,421,460
8387,421,461
8388,421,462
8389,421,463
8390,421,464
8391,421,465
8392,421,466
8393,421,467
8394,421,468
8395,421,469
8396,421,470
8397,421,471
8398,421,472
8399,421,473
8400,421,474
8401,421,475
8402,421,476
8403,421,477
8404,421,478
8405,421,479
8406,421,480
8407,421,481
8408,421,482
8409,421,483
8410,421,484
8411,421,485
8412,421,486
8413,421,487
8414,421,488
8415,421,489
8416,421,490
8417,421,491
8418,421,492
8419,421,493
8420,421,494
8421,421,495
8422,421,496
8423,421,497
8424,421,498
8425,421,499
8426,421,500
8427,421,501
8428,421,502
8429,421,503
8430,421,504
8431,421,505
8432,421,506
8433,421,507
8434,421,508
8435,421,509
8436,421,510
8437,421,511
8438,421,512
8439,421,513
8440,421,514
8441,421,515
8442,421,516
8443,421,517
8444,421,518
8445,421,519
8446,421,520
8447,421,521
8448,421,522
8449,421,523
8450,421,524
8451,421,525
8452,421,526
8453,421,527
8454,421,528
8455,421,529
8456,421,530
8457,421,531
8458,421,532
8459,421,533
8460,421,534
8461,421,535
8462,422,427
8463,422,428
8464,422,429
8465,422,430
8466,422,431
8467,422,432
8468,422,433
8469,422,434
8470,422,435
8471,422,436
8472,422,437
8473,422,438
8474,422,439
8475,422,440
8476,422,441
8477,422,442
8478,422,443
8479,422,444
8480,422,445
8481,422,446
8482,422,447
8483,422,448
8484,422,449
8485,422,450
8486,422,451
8487,422,452
8488,422,453
8489,422,454
8490,422,455
8491,422,456
8492,422,457
8493,422,458
8494,422,459
8495,422,460
8496,422,461
8497,422,462
8498,422,463
8499,422,464
8500,422,465
8501,422,466
8502,422,467
8503,422,468
8504,422,469
8505,422,470
8506,422,471
8507,422,472
8508,422,473
8509,422,474
8510,422,475
8511,422,476
8512,422,477
8513,422,478
8514,422,479
8515,422,480
8516,422,481
8517,422,482
8518,422,483
8519,422,484
8520,422,485
8521,422,486
8522,422,487
8523,422,488
8524,422,489
8525,422,490
8526,422,491
8527,422,492
8528,422,493
8529,422,494
8530,422,495
8531,422,496
8532,422,497
8533,422,498
8534,422,499
8535,422,500
8536,422,501
8537,422,502
8538,422,503
8539,422,504
8540,422,505
8541,422,506
8542,422,507
8543,422,508
8544,422,509
8545,422,510
8546,422,511
8547,422,512
8548,422,513
8549,422,514
8550,422,515
8551,422,516
8552,422,517
8553,422,518
8554,422,519
8555,422,520
8556,422,521
8557,422,522
8558,422,523
8559,422,524
8560,422,525
8561,422,526
8562,422,527
8563,422,528
8564,422,529
8565,422,530
8566,422,531
8567,422,532
8568,422,533
8569,422,534
8570,422,535
8571,423,427
8572,423,428
8573,423,429
8574,423,430
8575,423,431
8576,423,432
8577,423,433
8578,423,434
8579,423,435
8580,423,436
8581,423,437
8582,423,438
8583,423,439
8584,423,440
8585,423,441
8586,423,442
8587,423,443
8588,423,444
8589,423,445
8590,423,446
8591,423,447
8592,423,448
8593,423,449
8594,423,450
8595,423,451
8596,423,452
8597,423,453
8598,423,454
8599,423,455
8600,423,456
8601,423,457
8602,423,458
8603,423,459
8604,423,460
8605,423,461
8606,423,462
8607,423,463
8608,423,464
8609,423,465
8610,423,466
8611,423,467
8612,423,468
8613,423,469
8614,423,470
8615,423,471
8616,423,472
8617,423,473
8618,423,474
8619,423,475
8620,423,476
8621,423,477
8622,423,478
8623,423,479
8624,423,480
8625,423,481
8626,423,482
8627,423,483
8628,423,484
8629,423,485
8630,423,486
8631,423,487
8632,423,488
8633,423,489
8634,423,490
8635,423,491
8636,423,492
8637,423,493
8638,423,494
8639,423,495
8640,423,496
8641,423,497
8642,423,498
8643,423,499
8644,423,500
8645,423,501
8646,423,502
8647,423,503
8648,423,504
8649,423,505
8650,423,506
8651,423,507
8652,423,508
8653,423,509
8654,423,510
8655,423,511
8656,423,512
8657,423,513
8658,423,514
8659,423,515
8660,423,516
8661,423,517
8662,423,518
8663,423,519
8664,423,520
8665,423,521
8666,423,522
8667,423,523
8668,423,524
8669,423,525
8670,423,526
8671,423,527
8672,423,528
8673,423,529
8674,423,530
8675,423,531
8676,423,532
8677,423,533
8678,423,534
8679,423,535
8680,424,428
8681,424,429
8682,424,430
8683,424,431
8684,424,432
8685,424,433
8686,424,434
8687,424,435
8688,424,436
8689,424,437
8690,424,438
8691,424,439
8692,424,440
8693,424,441
8694,424,442
8695,424,443
8696,424,444
8697,424,445
8698,424,446
8699,424,447
8700,424,448
8701,424,449
8702,424,450
8703,424,451
8704,424,452
8705,424,453
8706,424,454
8707,424,455
8708,424,456
8709,424,457
8710,424,458
8711,424,459
8712,424,460
8713,424,461
8714,424,462
8715,424,463
8716,424,464
8717,424,465
8718,424,466
8719,424,467
8720,424,468
8721,424,469
8722,424,470
8723,424,471
8724,424,472
8725,424,473
8726,424,474
8727,424,475
8728,424,476
8729,424,477
8730,424,478
8731,424,479
8732,424,480
8733,424,481
8734,424,482
8735,424,483
8736,424,484
8737,424,485
8738,424,486
8739,424,487
8740,424,488
8741,424,489
8742,424,490
8743,424,491
8744,424,492
8745,424,493
8746,424,494
8747,424,495
8748,424,496
8749,424,497
8750,424,498
8751,424,499
8752,424,500
8753,424,501
8754,424,502
8755,424,503
8756,424,504
8757,424,505
8758,424,506
8759,424,507
8760,424,508
8761,424,509
8762,424,510
8763,424,511
8764,424,512
8765,424,513
8766,424,514
8767,424,515
8768,424,516
8769,424,517
8770,424,518
8771,424,519
8772,424,520
8773,424,521
8774,424,522
8775,424,523
8776,424,524
8777,424,525
8778,424,526
8779,424,527
8780,424,528
8781,424,529
8782,424,530
8783,424,531
8784,424,532
8785,424,533
8786,424,534
8787,425,428
8788,425,429
8789,425,430
8790,425,431
8791,425,432
8792,425,433
8793,425,434
8794,425,435
8795,425,436
8796,425,437
8797,425,438
8798,425,439
8799,425,440
8800,425,441
8801,425,442
8802,425,443
8803,425,444
8804,425,445
8805,425,446
8806,425,447
8807,425,448
8808,425,449
8809,425,450
8810,425,451
8811,425,452
8812,425,453
8813,425,454
8814,425,455
8815,425,456
8816,425,457
8817,425,458
8818,425,459
8819,425,460
8820,425,461
8821,425,462
8822,425,463
8823,425,464
8824,425,465
8825,425,466
8826,425,467
8827,425,468
8828,425,469
8829,425,470
8830,425,471
8831,425,472
8832,425,473
8833,425,474
8834,425,475
8835,425,476
8836,425,477
8837,425,478
8838,425,479
8839,425,480
8840,425,481
8841,425,482
8842,425,483
8843,425,484
8844,425,485
8845,425,486
8846,425,487
8847,425,488
8848,425,489
8849,425,490
8850,425,491
8851,425,492
8852,425,493
8853,425,494
8854,425,495
8855,425,496
8856,425,497
8857,425,498
8858,425,499
8859,425,500
8860,425,501
8861,425,502
8862,425,503
8863,425,504
8864,425,505
8865,425,506
8866,425,507
8867,425,508
8868,425,509
8869,425,510
8870,425,511
8871,425,512
8872,425,513
8873,425,514
8874,425,515
8875,425,516
8876,425,517
8877,425,518
8878,425,519
8879,425,520
8880,425,521
8881,425,522
8882,425,523
8883,425,524
8884,425,525
8885,425,526
8886,425,527
8887,425,528
8888,425,529
8889,425,530
8890,425,531
8891,425,532
8892,425,533
8893,425,534
8894,426,429
8895,426,430
8896,426,431
8897,426,432
8898,426,433
8899,426,434
8900,426,435
8901,426,436
8902,426,437
8903,426,438
8904,426,439
8905,426,440
8906,426,441
8907,426,442
8908,426,443
8909,426,444
8910,426,445
8911,426,446
8912,426,447
8913,426,448
8914,426,449
8915,426,450
8916,426,451
8917,426,452
8918,426,453
8919,426,454
8920,426,455
8921,426,456
8922,426,457
8923,426,458
8924,426,459
8925,426,460
8926,426,461
8927,426,462
8928,426,463
8929,426,464
8930,426,465
8931,426,466
8932,426,467
8933,426,468
8934,426,469
8935,426,470
8936,426,471
8937,426,472
8938,426,473
8939,426,474
8940,426,475
8941,426,476
8942,426,477
8943,426,478
8944,426,479
8945,426,480
8946,426,481
8947,426,482
8948,426,483
8949,426,484
8950,426,485
8951,426,486
8952,426,487
8953,426,488
8954,426,489
8955,426,490
8956,426,491
8957,426,492
8958,426,493
8959,426,494
8960,426,495
8961,426,496
8962,426,497
8963,426,498
8964,426,499
8965,426,500
8966,426,501
8967,426,502
8968,426,503
8969,426,504
8970,426,505
8971,426,506
8972,426,507
8973,426,508
8974,426,509
8975,426,510
8976,426,511
8977,426,512
8978,426,513
8979,426,514
8980,426,515
8981,426,516
8982,426,517
8983,426,518
8984,426,519
8985,426,520
8986,426,521
8987,426,522
8988,426,523
8989,426,524
8990,426,525
8991,426,526
8992,426,527
8993,426,528
8994,426,529
8995,426,530
8996,426,531
8997,426,532
8998,426,533
8999,427,429
9000,427,430
9001,427,431
9002,427,432
9003,427,433
9004,427,434
9005,427,435
9006,427,436
9007,427,437
9008,427,438
9009,427,439
9010,427,440
9011,427,441
9012,427,442
9013,427,443
9014,427,444
9015,427,445
9016,427,446
9017,427,447
9018,427,448
9019,427,449
9020,427,450
9021,427,451
9022,427,452
9023,427,453
9024,427,454
9025,427,455
9026,427,456
9027,427,457
9028,427,458
9029,427,459
9030,427,460
9031,427,461
9032,427,462
9033,427,463
9034,427,464
9035,427,465
9036,427,466
9037,427,467
9038,427,468
9039,427,469
9040,427,470
9041,427,471
9042,427,472
9043,427,473
9044,427,474
9045,427,475
9046,427,476
9047,427,477
9048,427,478
9049,427,479
9050,427,480
9051,427,481
9052,427,482
9053,427,483
9054,427,484
9055,427,485
9056,427,486
9057,427,487
9058,427,488
9059,427,489
9060,427,490
9061,427,491
9062,427,492
9063,427,493
9064,427,494
9065,427,495
9066,427,496
9067,427,497
9068,427,498
9069,427,499
9070,427,500
9071,427,501
9072,427,502
9073,427,503
9074,427,504
9075,427,505
9076,427,506
9077,427,507
9078,427,508
9079,427,509
9080,427,510
9081,427,511
9082,427,512
9083,427,513
9084,427,514
9085,427,515
9086,427,516
9087,427,517
9088,427,518
9089,427,519
9090,427,520
9091,427,521
9092,427,522
9093,427,523
9094,427,524
9095,427,525
9096,427,526
9097,427,527
9098,427,528
9099,427,529
9100,427,530
9101,427,531
9102,427,532
9103,427,533
9104,428,430
9105,428,431
9106,428,432
9107,428,433
9108,428,434
9109,428,435
9110,428,436
9111,428,437
9112,428,438
9113,428,439
9114,428,440
9115,428,441
9116,428,442
9117,428,443
9118,428,444
9119,428,445
9120,428,446
9121,428,447
9122,428,448
9123,428,449
9124,428,450
9125,428,451
9126,428,452
9127,428,453
9128,428,454
9129,428,455
9130,428,456
9131,428,457
9132,428,458
9133,428,459
9134,428,460
9135,428,461
9136,428,462
9137,428,463
9138,428,464
9139,428,465
9140,428,466
9141,428,467
9142,428,468
9143,428,469
9144,428,470
9145,428,471
9146,428,472
9147,428,473
9148,428,474
9149,428,475
9150,428,476
9151,428,477
9152,428,478
9153,428,479
9154,428,480
9155,428,481
9156,428,482
9157,428,483
9158,428,484
9159,428,485
9160,428,486
9161,428,487
9162,428,488
9163,428,489
9164,428,490
9165,428,491
9166,428,492
9167,428,493
9168,428,494
9169,428,495
9170,428,496
9171,428,497
9172,428,498
9173,428,499
9174,428,500
9175,428,501
9176,428,502
9177,428,503
9178,428,504
9179,428,505
9180,428,506
9181,428,507
9182,428,508
9183,428,509
9184,428,510
9185,428,511
9186,428,512
9187,428,513
9188,428,514
9189,428,515
9190,428,516
9191,428,517
9192,428,518
9193,428,519
9194,428,520
9195,428,521
9196,428,522
9197,428,523
9198,428,524
9199,428,525
9200,428,526
9201,428,527
9202,428,528
9203,428,529
9204,428,530
9205,428,531
9206,428,532
9207,428,533
9208,429,430
9209,429,431
9210,429,432
9211,429,433
9212,429,434
9213,429,435
9214,429,436
9215,429,437
9216,429,438
9217,429,439
9218,429,440
9219,429,441
9220,429,442
9221,429,443
9222,429,444
9223,429,445
9224,429,446
9225,429,447
9226,429,448
9227,429,449
9228,429,450
9229,429,451
9230,429,452
9231,429,453
9232,429,454
9233,429,455
9234,429,456
9235,429,457
9236,429,458
9237,429,459
9238,429,460
9239,429,461
9240,429,462
9241,429,463
9242,429,464
9243,429,465
9244,429,466
9245,429,467
9246,429,468
9247,429,469
9248,429,470
9249,429,471
9250,429,472
9251,429,473
9252,429,474
9253,429,475
9254,429,476
9255,429,477
9256,429,478
9257,429,479
9258,429,480
9259,429,481
9260,429,482
9261,429,483
9262,429,484
9263,429,485
9264,429,486
9265,429,487
9266,429,488
9267,429,489
9268,429,490
9269,429,491
9270,429,492
9271,429,493
9272,429,494
9273,429,495
9274,429,496
9275,429,497
9276,429,498
9277,429,499
9278,429,500
9279,429,501
9280,429,502
9281,429,503
9282,429,504
9283,429,505
9284,429,506
9285,429,507
9286,429,508
9287,429,509
9288,429,510
9289,429,511
9290,429,512
9291,429,513
9292,429,514
9293,429,515
9294,429,516
9295,429,517
9296,429,518
9297,429,519
9298,429,520
9299,429,521
9300,429,522
9301,429,523
9302,429,524
9303,429,525
9304,429,526
9305,429,527
9306,429,528
9307,429,529
9308,429,530
9309,429,531
9310,429,532
9311,429,533
9312,430,431
9313,430,432
9314,430,433
9315,430,434
9316,430,435
9317,430,436
9318,430,437
9319,430,438
9320,430,439
9321,430,440
9322,430,441
9323,430,442
9324,430,443
9325,430,444
9326,430,445
9327,430,446
9328,430,447
9329,430,448
9330,430,449
9331,430,450
9332,430,451
9333,430,452
9334,430,453
9335,430,454
9336,430,455
9337,430,456
9338,430,457
9339,430,458
9340,430,459
9341,430,460
9342,430,461
9343,430,462
9344,430,463
9345,430,464
9346,430,465
9347,430,466
9348,430,467
9349,430,468
9350,430,469
9351,430,470
9352,430,471
9353,430,472
9354,430,473
9355,430,474
9356,430,475
9357,430,476
9358,430,477
9359,430,478
9360,430,479
9361,430,480
9362,430,481
9363,430,482
9364,430,483
9365,430,484
9366,430,485
9367,430,486
9368,430,487
9369,430,488
9370,430,489
9371,430,490
9372,430,491
9373,430,492
9374,430,493
9375,430,494
9376,430,495
9377,430,496
9378,430,497
9379,430,498
9380,430,499
9381,430,500
9382,430,501
9383,430,502
9384,430,503
9385,430,504
9386,430,505
9387,430,506
9388,430,507
9389,430,508
9390,430,509
9391,430,510
9392,430,511
9393,430,512
9394,430,513
9395,430,514
9396,430,515
9397,430,516
9398,430,517
9399,430,518
9400,430,519
9401,430,520
9402,430,521
9403,430,522
9404,430,523
9405,430,524
9406,430,525
9407,430,526
9408,430,527
9409,430,528
9410,430,529
9411,430,530
9412,430,531
9413,430,532
9414,430,533
9415,431,431
9416,431,432
9417,431,433
9418,431,434
9419,431,435
9420,431,436
9421,431,437
9422,431,438
9423,431,439
9424,431,440
9425,431,441
9426,431,442
9427,431,443
9428,431,444
9429,431,445
9430,431,446
9431,431,447
9432,431,448
9433,431,449
9434,431,450
9435,431,451
9436,431,452
9437,431,453
9438,431,454
9439,431,455
9440,431,456
9441,431,457
9442,431,458
9443,431,459
9444,431,460
9445,431,461
9446,431,462
9447,431,463
9448,431,464
9449,431,465
9450,431,466
9451,431,467
9452,431,468
9453,431,469
9454,431,470
9455,431,471
9456,431,472
9457,431,473
9458,431,474
9459,431,475
9460,431,476
9461,431,477
9462,431,478
9463,431,479
9464,431,480
9465,431,481
9466,431,482
9467,431,483
9468,431,484
9469,431,485
9470,431,486
9471,431,487
9472,431,488
9473,431,489
9474,431,490
9475,431,491
9476,431,492
9477,431,493
9478,431,494
9479,431,495
9480,431,496
9481,431,497
9482,431,498
9483,431,499
9484,431,500
9485,431,501
9486,431,502
9487,431,503
9488,431,504
9489,431,505
9490,431,506
9491,431,507
9492,431,508
9493,431,509
9494,431,510
9495,431,511
9496,431,512
9497,431,513
9498,431,514
9499,431,515
9500,431,516
9501,431,517
9502,431,518
9503,431,519
9504,431,520
9505,431,521
9506,431,522
9507,431,523
9508,431,524
9509,431,525
9510,431,526
9511,431,527
9512,431,528
9513,431,529
9514,431,530
9515,431,531
9516,431,532
9517,432,432
9518,432,433
9519,432,434
9520,432,435
9521,432,436
9522,432,437
9523,432,438
9524,432,439
9525,432,440
9526,432,441
9527,432,442
9528,432,443
9529,432,444
9530,432,445
9531,432,446
9532,432,447
9533,432,448
9534,432,449
9535,432,450
9536,432,451
9537,432,452
9538,432,453
9539,432,454
9540,432,455
9541,432,456
9542,432,457
9543,432,458
9544,432,459
9545,432,460
9546,432,461
9547,432,462
9548,432,463
9549,432,464
9550,432,465
9551,432,466
9552,432,467
9553,432,468
9554,432,469
9555,432,470
9556,432,471
9557,432,472
9558,432,473
9559,432,474
9560,432,475
9561,432,476
9562,432,477
9563,432,478
9564,432,479
9565,432,480
9566,432,481
9567,432,482
9568,432,483
9569,432,484
9570,432,485
9571,432,486
9572,432,487
9573,432,488
9574,432,489
9575,432,490
9576,432,491
9577,432,492
9578,432,493
9579,432,494
9580,432,495
9581,432,496
9582,432,497
9583,432,498
9584,432,499
9585,432,500
9586,432,501
9587,432,502
9588,432,503
9589,432,504
9590,432,505
9591,432,506
9592,432,507
9593,432,508
9594,432,509
9595,432,510
9596,432,511
9597,432,512
9598,432,513
9599,432,514
9600,432,515
9601,432,516
9602,432,517
9603,432,518
9604,432,519
9605,432,520
9606,432,521
9607,432,522
9608,432,523
9609,432,524
9610,432,525
9611,432,526
9612,432,527
9613,432,528
9614,432,529
9615,432,530
9616,432,531
9617,432,532
9618,433,432
9619,433,433
9620,433,434
9621,433,435
9622,433,436
9623,433,437
9624,433,438
9625,433,439
9626,433,440
9627,433,441
9628,433,442
9629,433,443
9630,433,444
9631,433,445
9632,433,446
9633,433,447
9634,433,448
9635,433,449
9636,433,450
9637,433,451
9638,433,452
9639,433,453
9640,433,454
9641,433,455
9642,433,456
9643,433,457
9644,433,458
9645,433,459
9646,433,460
9647,433,461
9648,433,462
9649,433,463
9650,433,464
9651,433,465
9652,433,466
9653,433,467
9654,433,468
9655,433,469
9656,433,470
9657,433,471
9658,433,472
9659,433,473
9660,433,474
9661,433,475
9662,433,476
9663,433,477
9664,433,478
9665,433,479
9666,433,480
9667,433,481
9668,433,482
9669,433,483
9670,433,484
9671,433,485
9672,433,486
9673,433,487
9674,433,488
9675,433,489
9676,433,490
9677,433,491
9678,433,492
9679,433,493
9680,433,494
9681,433,495
9682,433,496
9683,433,497
9684,433,498
9685,433,499
9686,433,500
9687,433,501
9688,433,502
9689,433,503
9690,433,504
9691,433,505
9692,433,506
9693,433,507
9694,433,508
9695,433,509
9696,433,510
9697,433,511
9698,433,512
9699,433,513
9700,433,514
9701,433,515
9702,433,516
9703,433,517
9704,433,518
9705,433,519
9706,433,520
9707,433,521
9708,433,522
9709,433,523
9710,433,524
9711,433,525
9712,433,526
9713,433,527
9714,433,528
9715,433,529
9716,433,530
9717,433,531
9718,433,532
9719,434,433
9720,434,434
9721,434,435
9722,434,436
9723,434,437
9724,434,438
9725,434,439
9726,434,440
9727,434,441
9728,434,442
9729,434,443
9730,434,444
9731,434,445
9732,434,446
9733,434,447
9734,434,448
9735,434,449
9736,434,450
9737,434,451
9738,434,452
9739,434,453
9740,434,454
9741,434,455
9742,434,456
9743,434,457
9744,434,458
9745,434,459
9746,434,460
9747,434,461
9748,434,462
9749,434,463
9750,434,464
9751,434,465
9752,434,466
9753,434,467
9754,434,468
9755,434,469
9756,434,470
9757,434,471
9758,434,472
9759,434,473
9760,434,474
9761,434,475
9762,434,476
9763,434,477
9764,434,478
9765,434,479
9766,434,480
9767,434,481
9768,434,482
9769,434,483
9770,434,484
9771,434,485
9772,434,486
9773,434,487
9774,434,488
9775,434,489
9776,434,490
9777,434,491
9778,434,492
9779,434,493
9780,434,494
9781,434,495
9782,434,496
9783,434,497
9784,434,498
9785,434,499
9786,434,500
9787,434,501
9788,434,502
9789,434,503
9790,434,504
9791,434,505
9792,434,506
9793,434,507
9794,434,508
9795,434,509
9796,434,510
9797,434,511
9798,434,512
9799,434,513
9800,434,514
9801,434,515
9802,434,516
9803,434,517
9804,434,518
9805,434,519
9806,434,520
9807,434,521
9808,434,522
9809,434,523
9810,434,524
9811,434,525
9812,434,526
9813,434,527
9814,434,528
9815,434,529
9816,434,530
9817,434,531
9818,435,433
9819,435,434
9820,435,435
9821,435,436
9822,435,437
9823,435,438
9824,435,439
9825,435,440
9826,435,441
9827,435,442
9828,435,443
9829,435,444
9830,435,445
9831,435,446
9832,435,447
9833,435,448
9834,435,449
9835,435,450
9836,435,451
9837,435,452
9838,435,453
9839,435,454
9840,435,455
9841,435,456
9842,435,457
9843,435,458
9844,435,459
9845,435,460
9846,435,461
9847,435,462
9848,435,463
9849,435,464
9850,435,465
9851,435,466
9852,435,467
9853,435,468
9854,435,469
9855,435,470
9856,435,471
9857,435,472
9858,435,473
9859,435,474
9860,435,475
9861,435,476
9862,435,477
9863,435,478
9864,435,479
9865,435,480
9866,435,481
9867,435,482
9868,435,483
9869,435,484
9870,435,485
9871,435,486
9872,435,487
9873,435,488
9874,435,489
9875,435,490
9876,435,491
9877,435,492
9878,435,493
9879,435,494
9880,435,495
9881,435,496
9882,435,497
9883,435,498
9884,435,499
9885,435,500
9886,435,501
9887,435,502
9888,435,503
9889,435,504
9890,435,505
9891,435,506
9892,435,507
9893,435,508
9894,435,509
9895,435,510
9896,435,511
9897,435,512
9898,435,513
9899,435,514
9900,435,515
9901,435,516
9902,435,517
9903,435,518
9904,435,519
9905,435,520
9906,435,521
9907,435,522
9908,435,523
9909,435,524
9910,435,525
9911,435,526
9912,435,527
9913,435,528
9914,435,529
9915,435,530
9916,435,531
9917,436,434
9918,436,435
9919,436,436
9920,436,437
9921,436,438
9922,436,439
9923,436,440
9924,436,441
9925,436,442
9926,436,443
9927,436,444
9928,436,445
9929,436,446
9930,436,447
9931,436,448
9932,436,449
9933,436,450
9934,436,451
9935,436,452
9936,436,453
9937,436,454
9938,436,455
9939,436,456
9940,436,457
9941,436,458
9942,436,459
9943,436,460
9944,436,461
9945,436,462
9946,436,463
9947,436,464
9948,436,465
9949,436,466
9950,436,467
9951,436,468
9952,436,469
9953,436,470
9954,436,471
9955,436,472
9956,436,473
9957,436,474
9958,436,475
9959,436,476
9960,436,477
9961,436,478
9962,436,479
9963,436,480
9964,436,481
9965,436,482
9966,436,483
9967,436,484
9968,436,485
9969,436,486
9970,436,487
9971,436,488
9972,436,489
9973,436,490
9974,436,491
9975,436,492
9976,436,493
9977,436,494
9978,436,495
9979,436,496
9980,436,497
9981,436,498
9982,436,499
9983,436,500
9984,436,501
9985,436,502
9986,436,503
9987,436,504
9988,436,505
9989,436,506
9990,436,507
9991,436,508
9992,436,509
9993,436,510
9994,436,511
9995,436,512
9996,436,513
9997,436,514
9998,436,515
9999,436,516
10000,436,517
10001,436,518
10002,436,519
10003,436,520
10004,436,521
10005,436,522
10006,436,523
10007,436,524
10008,436,525
10009,436,526
10010,436,527
10011,436,528
10012,436,529
10013,436,530
10014,437,435
10015,437,436
10016,437,437
10017,437,438
10018,437,439
10019,437,440
10020,437,441
10021,437,442
10022,437,443
10023,437,444
10024,437,445
10025,437,446
10026,437,447
10027,437,448
10028,437,449
10029,437,450
10030,437,451
10031,437,452
10032,437,453
10033,437,454
10034,437,455
10035,437,456
10036,437,457
10037,437,458
10038,437,459
10039,437,460
10040,437,461
10041,437,462
10042,437,463
10043,437,464
10044,437,465
10045,437,466
10046,437,467
10047,437,468
10048,437,469
10049,437,470
10050,437,471
10051,437,472
10052,437,473
10053,437,474
10054,437,475
10055,437,476
10056,437,477
10057,437,478
10058,437,479
10059,437,480
10060,437,481
10061,437,482
10062,437,483
10063,437,484
10064,437,485
10065,437,486
10066,437,487
10067,437,488
10068,437,489
10069,437,490
10070,437,491
10071,437,492
10072,437,493
10073,437,494
10074,437,495
10075,437,496
10076,437,497
10077,437,498
10078,437,499
10079,437,500
10080,437,501
10081,437,502
10082,437,503
10083,437,504
10084,437,505
10085,437,506
10086,437,507
10087,437,508
10088,437,509
10089,437,510
10090,437,511
10091,437,512
10092,437,513
10093,437,514
10094,437,515
10095,437,516
10096,437,517
10097,437,518
10098,437,519
10099,437,520
10100,437,521
10101,437,522
10102,437,523
10103,437,524
10104,437,525
10105,437,526
10106,437,527
10107,437,528
10108,437,529
10109,437,530
10110,438,436
10111,438,437
10112,438,438
10113,438,439
10114,438,440
10115,438,441
10116,438,442
10117,438,443
10118,438,444
10119,438,445
10120,438,446
10121,438,447
10122,438,448
10123,438,449
10124,438,450
10125,438,451
10126,438,452
10127,438,453
10128,438,454
10129,438,455
10130,438,456
10131,438,457
10132,438,458
10133,438,459
10134,438,460
10135,438,461
10136,438,462
10137,438,463
10138,438,464
10139,438,465
10140,438,466
10141,438,467
10142,438,468
10143,438,469
10144,438,470
10145,438,471
10146,438,472
10147,438,473
10148,438,474
10149,438,475
10150,438,476
10151,438,477
10152,438,478
10153,438,479
10154,438,480
10155,438,481
10156,438,482
10157,438,483
10158,438,484
10159,438,485
10160,438,486
10161,438,487
10162,438,488
10163,438,489
10164,438,490
10165,438,491
10166,438,492
10167,438,493
10168,438,494
10169,438,495
10170,438,496
10171,438,497
10172,438,498
10173,438,499
10174,438,500
10175,438,501
10176,438,502
10177,438,503
10178,438,504
10179,438,505
10180,438,506
10181,438,507
10182,438,508
10183,438,509
10184,438,510
10185,438,511
10186,438,512
10187,438,513
10188,438,514
10189,438,515
10190,438,516
10191,438,517
10192,438,518
10193,438,519
10194,438,520
10195,438,521
10196,438,522
10197,438,523
10198,438,524
10199,438,525
10200,438,526
10201,438,527
10202,438,528
10203,438,529
10204,439,437
10205,439,438
10206,439,439
10207,439,440
10208,439,441
10209,439,442
10210,439,443
10211,439,444
10212,439,445
10213,439,446
10214,439,447
10215,439,448
10216,439,449
10217,439,450
10218,439,451
10219,439,452
10220,439,453
10221,439,454
10222,439,455
10223,439,456
10224,439,457
10225,439,458
10226,439,459
10227,439,460
10228,439,461
10229,439,462
10230,439,463
10231,439,464
10232,439,465
10233,439,466
10234,439,467
10235,439,468
10236,439,469
10237,439,470
10238,439,471
10239,439,472
10240,439,473
10241,439,474
10242,439,475
10243,439,476
10244,439,477
10245,439,478
10246,439,479
10247,439,480
10248,439,481
10249,439,482
10250,439,483
10251,439,484
10252,439,485
10253,439,486
10254,439,487
10255,439,488
10256,439,489
10257,439,490
10258,439,491
10259,439,492
10260,439,493
10261,439,494
10262,439,495
10263,439,496
10264,439,497
10265,439,498
10266,439,499
10267,439,500
10268,439,501
10269,439,502
10270,439,503
10271,439,504
10272,439,505
10273,439,506
10274,439,507
10275,439,508
10276,439,509
10277,439,510
10278,439,511
10279,439,512
10280,439,513
10281,439,514
10282,439,515
10283,439,516
10284,439,517
10285,439,518
10286,439,519
10287,439,520
10288,439,521
10289,439,522
10290,439,523
10291,439,524
10292,439,525
10293,439,526
10294,439,527
10295,439,528
10296,439,529
10297,440,437
10298,440,438
10299,440,439
10300,440,440
10301,440,441
10302,440,442
10303,440,443
10304,440,444
10305,440,445
10306,440,446
10307,440,447
10308,440,448
10309,440,449
10310,440,450
10311,440,451
10312,440,452
10313,440,453
10314,440,454
10315,440,455
10316,440,456
10317,440,457
10318,440,458
10319,440,459
10320,440,460
10321,440,461
10322,440,462
10323,440,463
10324,440,464
10325,440,465
10326,440,466
10327,440,467
10328,440,468
10329,440,469
10330,440,470
10331,440,471
10332,440,472
10333,440,473
10334,440,474
10335,440,475
10336,440,476
10337,440,477
10338,440,478
10339,440,479
10340,440,480
10341,440,481
10342,440,482
10343,440,483
10344,440,484
10345,440,485
10346,440,486
10347,440,487
10348,440,488
10349,440,489
10350,440,490
10351,440,491
10352,440,492
10353,440,493
10354,440,494
10355,440,495
10356,440,496
10357,440,497
10358,440,498
10359,440,499
10360,440,500
10361,440,501
10362,440,502
10363,440,503
10364,440,504
10365,440,505
10366,440,506
10367,440,507
10368,440,508
10369,440,509
10370,440,510
10371,440,511
10372,440,512
10373,440,513
10374,440,514
10375,440,515
10376,440,516
10377,440,517
10378,440,518
10379,440,519
10380,440,520
10381,440,521
10382,440,522
10383,440,523
10384,440,524
10385,440,525
10386,440,526
10387,440,527
10388,440,528
10389,441,438
10390,441,439
10391,441,440
10392,441,441
10393,441,442
10394,441,443
10395,441,444
10396,441,445
10397,441,446
10398,441,447
10399,441,448
10400,441,449
10401,441,450
10402,441,451
10403,441,452
10404,441,453
10405,441,454
10406,441,455
10407,441,456
10408,441,457
10409,441,458
10410,441,459
10411,441,460
10412,441,461
10413,441,462
10414,441,463
10415,441,464
10416,441,465
10417,441,466
10418,441,467
10419,441,468
10420,441,469
10421,441,470
10422,441,471
10423,441,472
10424,441,473
10425,441,474
10426,441,475
10427,441,476
10428,441,477
10429,441,478
10430,441,479
10431,441,480
10432,441,481
10433,441,482
10434,441,483
10435,441,484
10436,441,485
10437,441,486
10438,441,487
10439,441,488
10440,441,489
10441,441,490
10442,441,491
10443,441,492
10444,441,493
10445,441,494
10446,441,495
10447,441,496
10448,441,497
10449,441,498
10450,441,499
10451,441,500
10452,441,501
10453,441,502
10454,441,503
10455,441,504
10456,441,505
10457,441,506
10458,441,507
10459,441,508
10460,441,509
10461,441,510
10462,441,511
10463,441,512
10464,441,513
10465,441,514
10466,441,515
10467,441,516
10468,441,517
10469,441,518
10470,441,519
10471,441,520
10472,441,521
10473,441,522
10474,441,523
10475,441,524
10476,441,525
10477,441,526
10478,441,527
10479,441,528
10480,442,438
10481,442,439
10482,442,440
10483,442,441
10484,442,442
10485,442,443
10486,442,444
10487,442,445
10488,442,446
10489,442,447
10490,442,448
10491,442,449
10492,442,450
10493,442,451
10494,442,452
10495,442,453
10496,442,454
10497,442,455
10498,442,456
10499,442,457
10500,442,458
10501,442,459
10502,442,460
10503,442,461
10504,442,462
10505,442,463
10506,442,464
10507,442,465
10508,442,466
10509,442,467
10510,442,468
10511,442,469
10512,442,470
10513,442,471
10514,442,472
10515,442,473
10516,442,474
10517,442,475
10518,442,476
10519,442,477
10520,442,478
10521,442,479
10522,442,480
10523,442,481
10524,442,482
10525,442,483
10526,442,484
10527,442,485
10528,442,486
10529,442,487
10530,442,488
10531,442,489
10532,442,490
10533,442,491
10534,442,492
10535,442,493
10536,442,494
10537,442,495
10538,442,496
10539,442,497
10540,442,498
10541,442,499
10542,442,500
10543,442,501
10544,442,502
10545,442,503
10546,442,504
10547,442,505
10548,442,506
10549,442,507
10550,442,508
10551,442,509
10552,442,510
10553,442,511
10554,442,512
10555,442,513
10556,442,514
10557,442,515
10558,442,516
10559,442,517
10560,442,518
10561,442,519
10562,442,520
10563,442,521
10564,442,522
10565,442,523
10566,442,524
10567,442,525
10568,442,526
10569,442,527
10570,442,528
10571,443,439
10572,443,440
10573,443,441
10574,443,442
10575,443,443
10576,443,444
10577,443,445
10578,443,446
10579,443,447
10580,443,448
10581,443,449
10582,443,450
10583,443,451
10584,443,452
10585,443,453
10586,443,454
10587,443,455
10588,443,456
10589,443,457
10590,443,458
10591,443,459
10592,443,460
10593,443,461
10594,443,462
10595,443,463
10596,443,464
10597,443,465
10598,443,466
10599,443,467
10600,443,468
10601,443,469
10602,443,470
10603,443,471
10604,443,472
10605,443,473
10606,443,474
10607,443,475
10608,443,476
10609,443,477
10610,443,478
10611,443,479
10612,443,480
10613,443,481
10614,443,482
10615,443,483
10616,443,484
10617,443,485
10618,443,486
10619,443,487
10620,443,488
10621,443,489
10622,443,490
10623,443,491
10624,443,492
10625,443,493
10626,443,494
10627,443,495
10628,443,496
10629,443,497
10630,443,498
10631,443,499
10632,443,500
10633,443,501
10634,443,502
10635,443,503
10636,443,504
10637,443,505
10638,443,506
10639,443,507
10640,443,508
10641,443,509
10642,443,510
10643,443,511
10644,443,512
10645,443,513
10646,443,514
10647,443,515
10648,443,516
10649,443,517
10650,443,518
10651,443,519
10652,443,520
10653,443,521
10654,443,522
10655,443,523
10656,443,524
10657,443,525
10658,443,526
10659,443,527
10660,444,439
10661,444,440
10662,444,441
10663,444,442
10664,444,443
10665,444,444
10666,444,445
10667,444,446
10668,444,447
10669,444,448
10670,444,449
10671,444,450
10672,444,451
10673,444,452
10674,444,453
10675,444,454
10676,444,455
10677,444,456
10678,444,457
10679,444,458
10680,444,459
10681,444,460
10682,444,461
10683,444,462
10684,444,463
10685,444,464
10686,444,465
10687,444,466
10688,444,467
10689,444,468
10690,444,469
10691,444,470
10692,444,471
10693,444,472
10694,444,473
10695,444,474
10696,444,475
10697,444,476
10698,444,477
10699,444,478
10700,444,479
10701,444,480
10702,444,481
10703,444,482
10704,444,483
10705,444,484
10706,444,485
10707,444,486
10708,444,487
10709,444,488
10710,444,489
10711,444,490
10712,444,491
10713,444,492
10714,444,493
10715,444,494
10716,444,495
10717,444,496
10718,444,497
10719,444,498
10720,444,499
10721,444,500
10722,444,501
10723,444,502
10724,444,503
10725,444,504
10726,444,505
10727,444,506
10728,444,507
10729,444,508
10730,444,509
10731,444,510
10732,444,511
10733,444,512
10734,444,513
10735,444,514
10736,444,515
10737,444,516
10738,444,517
10739,444,518
10740,444,519
10741,444,520
10742,444,521
10743,444,522
10744,444,523
10745,444,524
10746,444,525
10747,444,526
10748,445,440
10749,445,441
10750,445,442
10751,445,443
10752,445,444
10753,445,445
10754,445,446
10755,445,447
10756,445,448
10757,445,449
10758,445,450
10759,445,451
10760,445,452
10761,445,453
10762,445,454
10763,445,455
10764,445,456
10765,445,457
10766,445,458
10767,445,459
10768,445,460
10769,445,461
10770,445,462
10771,445,463
10772,445,464
10773,445,465
10774,445,466
10775,445,467
10776,445,468
10777,445,469
10778,445,470
10779,445,471
10780,445,472
10781,445,473
10782,445,474
10783,445,475
10784,445,476
10785,445,477
10786,445,478
10787,445,479
10788,445,480
10789,445,481
10790,445,482
10791,445,483
10792,445,484
10793,445,485
10794,445,486
10795,445,487
10796,445,488
10797,445,489
10798,445,490
10799,445,491
10800,445,492
10801,445,493
10802,445,494
10803,445,495
10804,445,496
10805,445,497
10806,445,498
10807,445,499
10808,445,500
10809,445,501
10810,445,502
10811,445,503
10812,445,504
10813,445,505
10814,445,506
10815,445,507
10816,445,508
10817,445,509
10818,445,510
10819,445,511
10820,445,512
10821,445,513
10822,445,514
10823,445,515
10824,445,516
10825,445,517
10826,445,518
10827,445,519
10828,445,520
10829,445,521
10830,445,522
10831,445,523
10832,445,524
10833,445,525
10834,445,526
10835,446,441
10836,446,442
10837,446,443
10838,446,444
10839,446,445
10840,446,446
10841,446,447
10842,446,448
10843,446,449
10844,446,450
10845,446,451
10846,446,452
10847,446,453
10848,446,454
10849,446,455
10850,446,456
10851,446,457
10852,446,458
10853,446,459
10854,446,460
10855,446,461
10856,446,462
10857,446,463
10858,446,464
10859,446,465
10860,446,466
10861,446,467
10862,446,468
10863,446,469
10864,446,470
10865,446,471
10866,446,472
10867,446,473
10868,446,474
10869,446,475
10870,446,476
10871,446,477
10872,446,478
10873,446,479
10874,446,480
10875,446,481
10876,446,482
10877,446,483
10878,446,484
10879,446,485
10880,446,486
10881,446,487
10882,446,488
10883,446,489
10884,446,490
10885,446,491
10886,446,492
10887,446,493
10888,446,494
10889,446,495
10890,446,496
10891,446,497
10892,446,498
10893,446,499
10894,446,500
10895,446,501
10896,446,502
10897,446,503
10898,446,504
10899,446,505
10900,446,506
10901,446,507
10902,446,508
10903,446,509
10904,446,510
10905,446,511
10906,446,512
10907,446,513
10908,446,514
10909,446,515
10910,446,516
10911,446,517
10912,446,518
10913,446,519
10914,446,520
10915,446,521
10916,446,522
10917,446,523
10918,446,524
10919,446,525
10920,447,442
10921,447,443
10922,447,444
10923,447,445
10924,447,446
10925,447,447
10926,447,448
10927,447,449
10928,447,450
10929,447,451
10930,447,452
10931,447,453
10932,447,454
10933,447,455
10934,447,456
10935,447,457
10936,447,458
10937,447,459
10938,447,460
10939,447,461
10940,447,462
10941,447,463
10942,447,464
10943,447,465
10944,447,466
10945,447,467
10946,447,468
10947,447,469
10948,447,470
10949,447,471
10950,447,472
10951,447,473
10952,447,474
10953,447,475
10954,447,476
10955,447,477
10956,447,478
10957,447,479
10958,447,480
10959,447,481
10960,447,482
10961,447,483
10962,447,484
10963,447,485
10964,447,486
10965,447,487
10966,447,488
10967,447,489
10968,447,490
10969,447,491
10970,447,492
10971,447,493
10972,447,494
10973,447,495
10974,447,496
10975,447,497
10976,447,498
10977,447,499
10978,447,500
10979,447,501
10980,447,502
10981,447,503
10982,447,504
10983,447,505
10984,447,506
10985,447,507
10986,447,508
10987,447,509
10988,447,510
10989,447,511
10990,447,512
10991,447,513
10992,447,514
10993,447,515
10994,447,516
10995,447,517
10996,447,518
10997,447,519
10998,447,520
10999,447,521
11000,447,522
11001,447,523
11002,447,524
11003,447,525
11004,448,443
11005,448,444
11006,448,445
11007,448,446
11008,448,447
11009,448,448
11010,448,449
11011,448,450
11012,448,451
11013,448,452
11014,448,453
11015,448,454
11016,448,455
11017,448,456
11018,448,457
11019,448,458
11020,448,459
11021,448,460
11022,448,461
11023,448,462
11024,448,463
11025,448,464
11026,448,465
11027,448,466
11028,448,467
11029,448,468
11030,448,469
11031,448,470
11032,448,471
11033,448,472
11034,448,473
11035,448,474
11036,448,475
11037,448,476
11038,448,477
11039,448,478
11040,448,479
11041,448,480
11042,448,481
11043,448,482
11044,448,483
11045,448,484
11046,448,485
11047,448,486
11048,448,487
11049,448,488
11050,448,489
11051,448,490
11052,448,491
11053,448,492
11054,448,493
11055,448,494
11056,448,495
11057,448,496
11058,448,497
11059,448,498
11060,448,499
11061,448,500
11062,448,501
11063,448,502
11064,448,503
11065,448,504
11066,448,505
11067,448,506
11068,448,507
11069,448,508
11070,448,509
11071,448,510
11072,448,511
11073,448,512
11074,448,513
11075,448,514
11076,448,515
11077,448,516
11078,448,517
11079,448,518
11080,448,519
11081,448,520
11082,448,521
11083,448,522
11084,448,523
11085,448,524
11086,449,444
11087,449,445
11088,449,446
11089,449,447
11090,449,448
11091,449,449
11092,449,450
11093,449,451
11094,449,452
11095,449,453
11096,449,454
11097,449,455
11098,449,456
11099,449,457
11100,449,458
11101,449,459
11102,449,460
11103,449,461
11104,449,462
11105,449,463
11106,449,464
11107,449,465
11108,449,466
11109,449,467
11110,449,468
11111,449,469
11112,449,470
11113,449,471
11114,449,472
11115,449,473
11116,449,474
11117,449,475
11118,449,476
11119,449,477
11120,449,478
11121,449,479
11122,449,480
11123,449,481
11124,449,482
11125,449,483
11126,449,484
11127,449,485
11128,449,486
11129,449,487
11130,449,488
11131,449,489
11132,449,490
11133,449,491
11134,449,492
11135,449,493
11136,449,494
11137,449,495
11138,449,496
11139,449,497
11140,449,498
11141,449,499
11142,449,500
11143,449,501
11144,449,502
11145,449,503
11146,449,504
11147,449,505
11148,449,506
11149,449,507
11150,449,508
11151,449,509
11152,449,510
11153,449,511
11154,449,512
11155,449,513
11156,449,514
11157,449,515
11158,449,516
11159,449,517
11160,449,518
11161,449,519
11162,449,520
11163,449,521
11164,449,522
11165,449,523
11166,449,524
11167,450,445
11168,450,446
11169,450,447
11170,450,448
11171,450,449
11172,450,450
11173,450,451
11174,450,452
11175,450,453
11176,450,454
11177,450,455
11178,450,456
11179,450,457
11180,450,458
11181,450,459
11182,450,460
11183,450,461
11184,450,462
11185,450,463
11186,450,464
11187,450,465
11188,450,466
11189,450,467
11190,450,468
11191,450,469
11192,450,470
11193,450,471
11194,450,472
11195,450,473
11196,450,474
11197,450,475
11198,450,476
11199,450,477
11200,450,478
11201,450,479
11202,450,480
11203,450,481
11204,450,482
11205,450,483
11206,450,484
11207,450,485
11208,450,486
11209,450,487
11210,450,488
11211,450,489
11212,450,490
11213,450,491
11214,450,492
11215,450,493
11216,450,494
11217,450,495
11218,450,496
11219,450,497
11220,450,498
11221,450,499
11222,450,500
11223,450,501
11224,450,502
11225,450,503
11226,450,504
11227,450,505
11228,450,506
11229,450,507
11230,450,508
11231,450,509
11232,450,510
11233,450,511
11234,450,512
11235,450,513
11236,450,514
11237,450,515
11238,450,516
11239,450,517
11240,450,518
11241,450,519
11242,450,520
11243,450,521
11244,450,522
11245,450,523
11246,451,446
11247,451,447
11248,451,448
11249,451,449
11250,451,450
11251,451,451
11252,451,452
11253,451,453
11254,451,454
11255,451,455
11256,451,456
11257,451,457
11258,451,458
11259,451,459
11260,451,460
11261,451,461
11262,451,462
11263,451,463
11264,451,464
11265,451,465
11266,451,466
11267,451,467
11268,451,468
11269,451,469
11270,451,470
11271,451,471
11272,451,472
11273,451,473
11274,451,474
11275,451,475
11276,451,476
11277,451,477
11278,451,478
11279,451,479
11280,451,480
11281,451,481
11282,451,482
11283,451,483
11284,451,484
11285,451,485
11286,451,486
11287,451,487
11288,451,488
11289,451,489
11290,451,490
11291,451,491
11292,451,492
11293,451,493
11294,451,494
11295,451,495
11296,451,496
11297,451,497
11298,451,498
11299,451,499
11300,451,500
11301,451,501
11302,451,502
11303,451,503
11304,451,504
11305,451,505
11306,451,506
11307,451,507
11308,451,508
11309,451,509
11310,451,510
11311,451,511
11312,451,512
11313,451,513
11314,451,514
11315,451,515
11316,451,516
11317,451,517
11318,451,518
11319,451,519
11320,451,520
11321,451,521
11322,451,522
11323,452,448
11324,452,449
11325,452,450
11326,452,451
11327,452,452
11328,452,453
11329,452,454
11330,452,455
11331,452,456
11332,452,457
11333,452,458
11334,452,459
11335,452,460
11336,452,461
11337,452,462
11338,452,463
11339,452,464
11340,452,465
11341,452,466
11342,452,467
11343,452,468
11344,452,469
11345,452,470
11346,452,471
11347,452,472
11348,452,473
11349,452,474
11350,452,475
11351,452,476
11352,452,477
11353,452,478
11354,452,479
11355,452,480
11356,452,481
11357,452,482
11358,452,483
11359,452,484
11360,452,485
11361,452,486
11362,452,487
11363,452,488
11364,452,489
11365,452,490
11366,452,491
11367,452,492
11368,452,493
11369,452,494
11370,452,495
11371,452,496
11372,452,497
11373,452,498
11374,452,499
11375,452,500
11376,452,501
11377,452,502
11378,452,503
11379,452,504
11380,452,505
11381,452,506
11382,452,507
11383,452,508
11384,452,509
11385,452,510
11386,452,511
11387,452,512
11388,452,513
11389,452,514
11390,452,515
11391,452,516
11392,452,517
11393,452,518
11394,452,519
11395,452,520
11396,453,449
11397,453,450
11398,453,451
11399,453,452
11400,453,453
11401,453,454
11402,453,455
11403,453,456
11404,453,457
11405,453,458
11406,453,459
11407,453,460
11408,453,461
11409,453,462
11410,453,463
11411,453,464
11412,453,465
11413,453,466
11414,453,467
11415,453,468
11416,453,469
11417,453,470
11418,453,471
11419,453,472
11420,453,473
11421,453,474
11422,453,475
11423,453,476
11424,453,477
11425,453,478
11426,453,479
11427,453,480
11428,453,481
11429,453,482
11430,453,483
11431,453,484
11432,453,485
11433,453,486
11434,453,487
11435,453,488
11436,453,489
11437,453,490
11438,453,491
11439,453,492
11440,453,493
11441,453,494
11442,453,495
11443,453,496
11444,453,497
11445,453,498
11446,453,499
11447,453,500
11448,453,501
11449,453,502
11450,453,503
11451,453,504
11452,453,505
11453,453,506
11454,453,507
11455,453,508
11456,453,509
11457,453,510
11458,453,511
11459,453,512
11460,453,513
11461,453,514
11462,453,515
11463,453,516
11464,453,517
11465,453,518
11466,454,451
11467,454,452
11468,454,453
11469,454,454
11470,454,455
11471,454,456
11472,454,457
11473,454,458
11474,454,459
11475,454,460
11476,454,461
11477,454,462
11478,454,463
11479,454,464
11480,454,465
11481,454,466
11482,454,467
11483,454,468
11484,454,469
11485,454,470
11486,454,471
11487,454,472
11488,454,473
11489,454,474
11490,454,475
11491,454,476
11492,454,477
11493,454,478
11494,454,479
11495,454,480
11496,454,481
11497,454,482
11498,454,483
11499,454,484
11500,454,485
11501,454,486
11502,454,487
11503,454,488
11504,454,489
11505,454,490
11506,454,491
11507,454,492
11508,454,493
11509,454,494
11510,454,495
11511,454,496
11512,454,497
11513,454,498
11514,454,499
11515,454,500
11516,454,501
11517,454,502
11518,454,503
11519,454,504
11520,454,505
11521,454,506
11522,454,507
11523,454,508
11524,454,509
11525,454,510
11526,454,511
11527,454,512
11528,454,513
11529,454,514
11530,454,515
11531,454,516
11532,454,517
11533,455,451
11534,455,452
11535,455,453
11536,455,454
11537,455,455
11538,455,456
11539,455,457
11540,455,458
11541,455,459
11542,455,460
11543,455,461
11544,455,462
11545,455,463
11546,455,464
11547,455,465
11548,455,466
11549,455,467
11550,455,468
11551,455,469
11552,455,470
11553,455,471
11554,455,472
11555,455,473
11556,455,474
11557,455,475
11558,455,476
11559,455,477
11560,455,478
11561,455,479
11562,455,480
11563,455,481
11564,455,482
11565,455,483
11566,455,484
11567,455,485
11568,455,486
11569,455,487
11570,455,488
11571,455,489
11572,455,490
11573,455,491
11574,455,492
11575,455,493
11576,455,494
11577,455,495
11578,455,496
11579,455,497
11580,455,498
11581,455,499
11582,455,500
11583,455,501
11584,455,502
11585,455,503
11586,455,504
11587,455,505
11588,455,506
11589,455,507
11590,455,508
11591,455,509
11592,455,510
11593,455,511
11594,455,512
11595,455,513
11596,455,514
11597,455,515
11598,455,516
11599,456,452
11600,456,453
11601,456,454
11602,456,455
11603,456,456
11604,456,457
11605,456,458
11606,456,459
11607,456,460
11608,456,461
11609,456,462
11610,456,463
11611,456,464
11612,456,465
11613,456,466
11614,456,467
11615,456,468
11616,456,469
11617,456,470
11618,456,471
11619,456,472
11620,456,473
11621,456,474
11622,456,475
11623,456,476
11624,456,477
11625,456,478
11626,456,479
11627,456,480
11628,456,481
11629,456,482
11630,456,483
11631,456,484
11632,456,485
11633,456,486
11634,456,487
11635,456,488
11636,456,489
11637,456,490
11638,456,491
11639,456,492
11640,456,493
11641,456,494
11642,456,495
11643,456,496
11644,456,497
11645,456,498
11646,456,499
11647,456,500
11648,456,501
11649,456,502
11650,456,503
11651,456,504
11652,456,505
11653,456,506
11654,456,507
11655,456,508
11656,456,509
11657,456,510
11658,456,511
11659,456,512
11660,456,513
11661,456,514
11662,456,515
11663,456,516
11664,457,454
11665,457,455
11666,457,456
11667,457,457
11668,457,458
11669,457,459
11670,457,460
11671,457,461
11672,457,462
11673,457,463
11674,457,464
11675,457,465
11676,457,466
11677,457,467
11678,457,468
11679,457,469
11680,457,470
11681,457,471
11682,457,472
11683,457,473
11684,457,474
11685,457,475
11686,457,476
11687,457,477
11688,457,478
11689,457,479
11690,457,480
11691,457,481
11692,457,482
11693,457,483
11694,457,484
11695,457,485
11696,457,486
11697,457,487
11698,457,488
11699,457,489
11700,457,490
11701,457,491
11702,457,492
11703,457,493
11704,457,494
11705,457,495
11706,457,496
11707,457,497
11708,457,498
11709,457,499
11710,457,500
11711,457,501
11712,457,502
11713,457,503
11714,457,504
11715,457,505
11716,457,506
11717,457,507
11718,457,508
11719,457,509
11720,457,510
11721,457,511
11722,457,512
11723,457,513
11724,457,514
11725,457,515
11726,457,516
11727,458,455
11728,458,456
11729,458,457
11730,458,458
11731,458,459
11732,458,460
11733,458,461
11734,458,462
11735,458,463
11736,458,464
11737,458,465
11738,458,466
11739,458,467
11740,458,468
11741,458,469
11742,458,470
11743,458,471
11744,458,472
11745,458,473
11746,458,474
11747,458,475
11748,458,476
11749,458,477
11750,458,478
11751,458,479
11752,458,480
11753,458,481
11754,458,482
11755,458,483
11756,458,484
11757,458,485
11758,458,486
11759,458,487
11760,458,488
11761,458,489
11762,458,490
11763,458,491
11764,458,492
11765,458,493
11766,458,494
11767,458,495
11768,458,496
11769,458,497
11770,458,498
11771,458,499
11772,458,500
11773,458,501
11774,458,502
11775,458,503
11776,458,504
11777,458,505
11778,458,506
11779,458,507
11780,458,508
11781,458,509
11782,458,510
11783,458,511
11784,458,512
11785,458,513
11786,458,514
11787,458,515
11788,459,458
11789,459,459
11790,459,460
11791,459,461
11792,459,462
11793,459,463
11794,459,464
11795,459,465
11796,459,466
11797,459,467
11798,459,468
11799,459,469
11800,459,470
11801,459,471
11802,459,472
11803,459,473
11804,459,474
11805,459,475
11806,459,476
11807,459,477
11808,459,478
11809,459,479
11810,459,480
11811,459,481
11812,459,482
11813,459,483
11814,459,484
11815,459,485
11816,459,486
11817,459,487
11818,459,488
11819,459,489
11820,459,490
11821,459,491
11822,459,492
11823,459,493
11824,459,494
11825,459,495
11826,459,496
11827,459,497
11828,459,498
11829,459,499
11830,459,500
11831,459,501
11832,459,502
11833,459,503
11834,459,504
11835,459,505
11836,459,506
11837,459,507
11838,459,508
11839,459,509
11840,459,510
11841,459,511
11842,459,512
11843,459,513
11844,459,514
11845,460,460
11846,460,461
11847,460,462
11848,460,463
11849,460,464
11850,460,465
11851,460,466
11852,460,467
11853,460,468
11854,460,469
11855,460,470
11856,460,471
11857,460,472
11858,460,473
11859,460,474
11860,460,475
11861,460,476
11862,460,477
11863,460,478
11864,460,479
11865,460,480
11866,460,481
11867,460,482
11868,460,483
11869,460,484
11870,460,485
11871,460,486
11872,460,487
11873,460,488
11874,460,489
11875,460,490
11876,460,491
11877,460,492
11878,460,493
11879,460,494
11880,460,495
11881,460,496
11882,460,497
11883,460,498
11884,460,499
11885,460,500
11886,460,501
11887,460,502
11888,460,503
11889,460,504
11890,460,505
11891,460,506
11892,460,507
11893,460,508
11894,460,509
11895,460,510
11896,460,511
11897,460,512
11898,461,462
11899,461,463
11900,461,464
11901,461,465
11902,461,466
11903,461,467
11904,461,468
11905,461,469
11906,461,470
11907,461,471
11908,461,472
11909,461,473
11910,461,474
11911,461,475
11912,461,476
11913,461,477
11914,461,478
11915,461,479
11916,461,480
11917,461,481
11918,461,482
11919,461,483
11920,461,484
11921,461,485
11922,461,486
11923,461,487
11924,461,488
11925,461,489
11926,461,490
11927,461,491
11928,461,492
11929,461,493
11930,461,494
11931,461,495
11932,461,496
11933,461,497
11934,461,498
11935,461,499
11936,461,500
11937,461,501
11938,461,502
11939,461,503
11940,461,504
11941,461,505
11942,461,506
11943,461,507
11944,461,508
11945,461,509
11946,461,510
11947,462,465
11948,462,466
11949,462,467
11950,462,468
11951,462,469
11952,462,470
11953,462,471
11954,462,472
11955,462,473
11956,462,474
11957,462,475
11958,462,476
11959,462,477
11960,462,478
11961,462,479
11962,462,480
11963,462,481
11964,462,482
11965,462,483
11966,462,484
11967,462,485
11968,462,486
11969,462,487
11970,462,488
11971,462,489
11972,462,490
11973,462,491
11974,462,492
11975,462,493
11976,462,494
11977,462,495
11978,462,496
11979,462,497
11980,462,498
11981,462,499
11982,462,500
11983,462,501
11984,462,502
11985,462,503
11986,462,504
11987,462,505
11988,462,506
11989,462,507
11990,462,508
11991,462,509
11992,463,467
11993,463,468
11994,463,469
11995,463,470
11996,463,471
11997,463,472
11998,463,473
11999,463,474
12000,463,475
12001,463,476
12002,463,477
12003,463,478
12004,463,479
12005,463,480
12006,463,481
12007,463,482
12008,463,483
12009,463,484
12010,463,485
12011,463,486
12012,463,487
12013,463,488
12014,463,489
12015,463,490
12016,463,491
12017,463,492
12018,463,493
12019,463,494
12020,463,495
12021,463,496
12022,463,497
12023,463,498
12024,463,499
12025,463,500
12026,463,501
12027,463,502
12028,463,503
12029,463,504
12030,463,505
12031,463,506
12032,463,507
12033,464,471
12034,464,472
12035,464,473
12036,464,474
12037,464,475
12038,464,476
12039,464,477
12040,464,478
12041,464,479
12042,464,480
12043,464,481
12044,464,482
12045,464,483
12046,464,484
12047,464,485
12048,464,486
12049,464,487
12050,464,488
12051,464,489
12052,464,490
12053,464,491
12054,464,492
12055,464,493
12056,464,494
12057,464,495
12058,464,496
12059,464,497
12060,464,498
12061,464,499
12062,464,500
12063,465,475
12064,465,476
12065,465,477
12066,465,478
12067,465,479
12068,465,480
12069,465,481
12070,465,482
12071,465,483
12072,465,484
12073,465,485
12074,465,486
12075,465,487
12076,465,488
12077,465,489
12078,465,490
12079,465,491
12080,465,492
12081,465,493
12082,465,494
12083,465,495
12084,465,496
