a_area,a_conf,a_source,a_x,a_y,ab_b_contact_x,ab_b_contact_y,ab_edge_dist,ab_overlap,ab_overlap_area,ab_status,ac_c_contact_x,ac_c_contact_y,ac_clearance,ac_collision_like,ac_raw_dist,ac_status,action_id,action_name,b_area,b_conf,b_edge_angle_deg,b_edge_x1,b_edge_x2,b_edge_y1,b_edge_y2,b_source,b_x,b_y,c_area,c_conf,c_source,c_x,c_y,contact_valid,cycle,direction,distance_status,ok,stage_x,stage_y,time
8909.5,1.0,sam2,515.7950315206614,221.44284191032045,499.58163304789707,282.11233296969664,62.798578291553405,False,0.0,ab_no_overlap,546.6501642991374,312.245089801264,95.90144650017403,False,95.90144650017403,ac_ok,3,LEFT,9369.0,1.0,14.962155254326547,574.0,458.0,302.0,271.0,sam2,552.6450350446507,319.99510798021845,48652.5,1.0,sam2_body_edge,656.256324615042,443.33856088244863,True,1,left,ac_ok|ab_no_overlap,True,0.0,0.0,1780641362.017301
8906.0,1.0,sam2,515.735234673254,221.74410509768694,499.5343080872989,282.3669271612609,62.75027153084882,False,0.0,ab_no_overlap,546.504783316832,312.29449110593083,95.63544076319972,False,95.63544076319972,ac_ok,3,LEFT,9398.0,1.0,14.962155254326547,573.0,457.0,302.0,271.0,sam2,552.7450876072922,320.1657267503724,48652.5,1.0,sam2_body_edge,656.256324615042,443.33856088244863,True,2,left,ac_ok|ab_no_overlap,True,100.0,0.0,1780641362.3976073
8895.5,1.0,sam2,515.7427912989714,221.58312255260148,499.5678649107383,282.10865355373176,62.64956621265259,False,0.0,ab_no_overlap,546.5605979456362,312.27552496992945,95.78543241400425,False,95.78543241400425,ac_ok,3,LEFT,9463.5,1.0,14.962155254326547,574.0,458.0,302.0,271.0,sam2,552.5983163382117,319.9083496239939,48652.5,1.0,sam2_body_edge,656.256324615042,443.33856088244863,True,3,left,ac_ok|ab_no_overlap,True,200.0,0.0,1780641362.7820528
8928.0,1.0,sam2,515.748002538829,221.5590651135006,499.56672818968104,282.1083497748286,62.67415346505228,False,0.0,ab_no_overlap,546.5725983775789,312.27144715324994,95.8065340357729,False,95.8065340357729,ac_ok,3,LEFT,9445.5,1.0,14.962155254326547,574.0,458.0,302.0,271.0,sam2,553.2115116545798,319.91413900799324,48652.5,1.0,sam2_body_edge,656.256324615042,443.33856088244863,True,4,left,ac_ok|ab_no_overlap,True,300.0,0.0,1780641363.1634564
8985.5,1.0,sam2,515.74918850741,221.59145289633298,499.57591351674574,282.11080447430277,62.64316993369319,False,0.0,ab_no_overlap,546.5637952665061,312.2744385016727,95.77548678036555,False,95.77548678036555,ac_ok,3,LEFT,9460.5,1.0,14.962155254326547,574.0,458.0,302.0,271.0,sam2,553.2976763032257,319.75003082994203,48652.5,1.0,sam2_body_edge,656.256324615042,443.33856088244863,True,5,left,ac_ok|ab_no_overlap,True,400.0,0.0,1780641363.548638
8989.5,1.0,sam2,515.8427239186458,221.54775015295624,499.7395725274481,282.3241602423153,62.87355173741801,False,0.0,ab_no_overlap,546.6609615304635,312.24142083916286,95.7867719052926,False,95.7867719052926,ac_ok,3,LEFT,9385.0,1.0,14.839939161912923,574.0,457.0,302.0,271.0,sam2,552.7605753862547,319.9026993429231,48652.5,1.0,sam2_body_edge,656.256324615042,443.33856088244863,True,6,left,ac_ok|ab_no_overlap,True,500.0,0.0,1780641363.9321797
8952.5,1.0,sam2,515.7113096900307,221.65717211207297,499.6438690510115,282.2988029109518,62.73412177305054,False,0.0,ab_no_overlap,546.5098173937395,312.292780497273,95.72544898892221,False,95.72544898892221,ac_ok,3,LEFT,9419.0,1.0,14.839939161912923,574.0,457.0,302.0,271.0,sam2,552.5241002229536,319.9394132427363,48652.5,1.0,sam2_body_edge,656.256324615042,443.33856088244863,True,7,left,ac_ok|ab_no_overlap,True,600.0,0.0,1780641364.3463352
8926.5,1.0,sam2,515.9254467036352,221.470471816128,499.71024675694747,282.1467038747015,62.80555585405579,False,0.0,ab_no_overlap,546.7586625977459,312.2082214473679,95.83332619978512,False,95.83332619978512,ac_ok,3,LEFT,9407.0,1.0,14.962155254326547,574.0,458.0,302.0,271.0,sam2,552.678324651855,319.8719216186528,48652.5,1.0,sam2_body_edge,656.256324615042,443.33856088244863,True,8,left,ac_ok|ab_no_overlap,True,700.0,0.0,1780641364.732986
8943.0,1.0,sam2,515.7231726862723,221.79969436057996,499.6035730448169,282.11819624473554,62.43527177925702,False,0.0,ab_no_overlap,546.477035732531,312.3039198967128,95.58668804892883,False,95.58668804892883,ac_ok,3,LEFT,9394.0,1.0,14.962155254326547,574.0,458.0,302.0,271.0,sam2,552.3474203392235,320.10169611808954,48652.5,1.0,sam2_body_edge,656.256324615042,443.33856088244863,True,9,left,ac_ok|ab_no_overlap,True,800.0,0.0,1780641365.133248
8897.0,1.0,sam2,515.7951556704508,221.99248810460452,499.8910493142089,282.5306993961057,62.59245661711239,False,0.0,ab_no_overlap,546.4828364788501,312.30194876932273,95.38098573065017,False,95.38098573065017,ac_ok,3,LEFT,9453.5,1.0,14.719659717493244,574.0,456.0,302.0,271.0,sam2,553.2550025563723,320.05833818162586,48652.5,1.0,sam2_body_edge,656.256324615042,443.33856088244863,True,10,left,ac_ok|ab_no_overlap,True,900.0,0.0,1780641365.531509
9201.5,1.0,sam2,515.8965929468021,221.7481388903983,499.81923161143385,281.908587758228,62.27167217512909,False,0.0,ab_no_overlap,546.6482097239088,312.2457539773125,95.57970637549225,False,95.57970637549225,ac_ok,3,LEFT,9414.0,1.0,14.962155254326547,575.0,459.0,302.0,271.0,sam2,552.7176545570427,319.8958997238156,48652.5,1.0,sam2_body_edge,656.256324615042,443.33856088244863,True,11,left,ac_ok|ab_no_overlap,True,1000.0,0.0,1780641365.9303346
9183.0,1.0,sam2,515.9398707757088,221.67699372028022,499.9279417933197,282.1091127828454,62.51738065633526,False,0.0,ab_no_overlap,546.7086806403485,312.22520560764855,95.6331445498165,False,95.6331445498165,ac_ok,3,LEFT,9377.5,1.0,14.839939161912923,575.0,458.0,302.0,271.0,sam2,552.5591042388696,319.8952812583311,48652.5,1.0,sam2_body_edge,656.256324615042,443.33856088244863,True,12,left,ac_ok|ab_no_overlap,True,1100.0,0.0,1780641366.3313484
9182.5,1.0,sam2,515.913640076232,221.6357201197931,499.893213370514,282.0999112349225,62.5505593823123,False,0.0,ab_no_overlap,546.6977384263048,312.2289238357217,95.68066299280483,False,95.68066299280483,ac_ok,3,LEFT,9407.5,1.0,14.839939161912923,575.0,458.0,302.0,271.0,sam2,553.2090530605013,319.7484985384002,48652.5,1.0,sam2_body_edge,656.256324615042,443.33856088244863,True,13,left,ac_ok|ab_no_overlap,True,1200.0,0.0,1780641366.7485297
9150.0,1.0,sam2,515.9846994535519,221.50850637522768,499.6869783942557,281.9677941758428,62.61741924643842,False,0.0,ab_no_overlap,546.8001952864659,312.1941083978029,95.7782501282271,False,95.7782501282271,ac_ok,3,LEFT,9442.5,1.0,15.086354008465122,574.0,459.0,302.0,271.0,sam2,552.9764363251257,319.6766569587856,48652.5,1.0,sam2_body_edge,656.256324615042,443.33856088244863,True,14,left,ac_ok|ab_no_overlap,True,1300.0,0.0,1780641367.132389
9160.5,1.0,sam2,515.8977493950475,221.52722740752867,500.03672055784295,281.79913698890607,62.32395462709638,False,0.0,ab_no_overlap,546.7165428872671,312.22253397034615,95.78849964812852,False,95.78849964812852,ac_ok,3,LEFT,9836.5,1.0,14.743562836470716,573.0,459.0,301.0,271.0,sam2,554.711059150443,318.78444229824294,48652.5,1.0,sam2_body_edge,656.256324615042,443.33856088244863,True,15,left,ac_ok|ab_no_overlap,True,1400.0,0.0,1780641367.5336761
9126.5,1.0,sam2,515.9238298727149,221.47360251282893,499.7761760007897,281.8970815174524,62.54393288393109,False,0.0,ab_no_overlap,546.7562594271493,312.2090380587357,95.83088216193441,False,95.83088216193441,ac_ok,3,LEFT,9817.5,1.0,14.962155254326547,575.0,459.0,302.0,271.0,sam2,555.0729479670656,318.69489856548677,48652.5,1.0,sam2_body_edge,656.256324615042,443.33856088244863,True,16,left,ac_ok|ab_no_overlap,True,1500.0,0.0,1780641367.9498281
9160.5,1.0,sam2,515.9217655513709,221.50479413423574,499.8683916012006,282.0933345268138,62.67919943719024,False,0.0,ab_no_overlap,546.744906868394,312.21289572433216,95.80201320811807,False,95.80201320811807,ac_ok,3,LEFT,9830.0,1.0,14.839939161912923,575.0,458.0,302.0,271.0,sam2,554.6851305527297,318.891997287216,48652.5,1.0,sam2_body_edge,656.256324615042,443.33856088244863,True,17,left,ac_ok|ab_no_overlap,True,1600.0,0.0,1780641368.3316033
9162.0,1.0,sam2,516.0076220621407,221.48055373644763,499.8561166473213,281.9184449660945,62.55885088020374,False,0.0,ab_no_overlap,546.8292602870845,312.18423194128195,95.79734141799264,False,95.79734141799264,ac_ok,3,LEFT,9553.5,1.0,14.962155254326547,575.0,459.0,302.0,271.0,sam2,553.3293731791141,319.46131435250607,48652.5,1.0,sam2_body_edge,656.256324615042,443.33856088244863,True,18,left,ac_ok|ab_no_overlap,True,1700.0,0.0,1780641368.7334282
9184.0,1.0,sam2,515.9407665505227,221.5031395180023,499.79935107238464,281.90327485555105,62.519770012629415,False,0.0,ab_no_overlap,546.7624450204577,312.2069361580969,95.79746650424366,False,95.79746650424366,ac_ok,3,LEFT,9841.0,1.0,14.962155254326547,575.0,459.0,302.0,271.0,sam2,554.7756325576669,318.8332825254886,48652.5,1.0,sam2_body_edge,656.256324615042,443.33856088244863,True,19,left,ac_ok|ab_no_overlap,True,1800.0,0.0,1780641369.132782
9183.5,1.0,sam2,515.9767880800711,221.51627012213933,499.83624663693206,281.91313487711113,62.51638465480904,False,0.0,ab_no_overlap,546.7907377852933,312.19732211179354,95.77344457826678,False,95.77344457826678,ac_ok,3,LEFT,9458.0,1.0,14.962155254326547,575.0,459.0,302.0,271.0,sam2,552.8182843448227,319.59394163670964,48652.5,1.0,sam2_body_edge,656.256324615042,443.33856088244863,True,20,left,ac_ok|ab_no_overlap,True,1900.0,0.0,1780641369.531139
9122.0,1.0,sam2,515.9489877950741,221.49515822553533,499.80503355410576,281.9047934498041,62.529603280875655,False,0.0,ab_no_overlap,546.7722465873658,312.20360552856505,95.8023783353164,False,95.8023783353164,ac_ok,3,LEFT,9709.5,1.0,14.962155254326547,575.0,459.0,302.0,271.0,sam2,554.5974904303346,318.86957790480113,48652.5,1.0,sam2_body_edge,656.256324615042,443.33856088244863,True,21,left,ac_ok|ab_no_overlap,True,2000.0,0.0,1780641369.9384818
9158.5,1.0,sam2,516.0304998999108,221.43851795235753,500.1390405941496,281.8260633142499,62.44352739637048,False,0.0,ab_no_overlap,546.8625753101153,312.172911302388,95.82978143927176,False,95.82978143927176,ac_ok,3,LEFT,9536.0,1.0,14.743562836470716,573.0,459.0,301.0,271.0,sam2,553.237153942953,319.4758459172259,48652.5,1.0,sam2_body_edge,656.256324615042,443.33856088244863,True,22,left,ac_ok|ab_no_overlap,True,2100.0,0.0,1780641370.3348613
9136.5,1.0,sam2,515.8611430343494,221.42047465294877,499.97621172909396,281.78321361291944,62.41787642432451,False,0.0,ab_no_overlap,546.7162460138189,312.22263484967317,95.90135388129444,False,95.90135388129444,ac_ok,3,LEFT,9526.5,1.0,14.743562836470716,573.0,459.0,301.0,271.0,sam2,552.9934393533827,319.49846918245595,48652.5,1.0,sam2_body_edge,656.256324615042,443.33856088244863,True,23,left,ac_ok|ab_no_overlap,True,2200.0,0.0,1780641370.73124
9069.0,1.0,sam2,515.9031683022752,221.53346565222185,499.7718232059932,281.89591827056717,62.48076488582165,False,0.0,ab_no_overlap,546.7195004937112,312.22152895844766,95.78084963063836,False,95.78084963063836,ac_ok,3,LEFT,9794.5,1.0,14.962155254326547,575.0,459.0,302.0,271.0,sam2,554.7205234230095,318.87372164650225,48652.5,1.0,sam2_body_edge,656.256324615042,443.33856088244863,True,24,left,ac_ok|ab_no_overlap,True,2300.0,0.0,1780641371.1338248
9111.0,1.0,sam2,515.9766399590238,221.3668642300516,499.7116124656862,281.7048694472719,62.49180740666999,False,0.0,ab_no_overlap,546.8361186222704,312.18190143903433,95.91495403030902,False,95.91495403030902,ac_ok,3,LEFT,9745.0,1.0,15.086354008465122,575.0,460.0,302.0,271.0,sam2,554.6773559090132,318.8042072857876,48652.5,1.0,sam2_body_edge,656.256324615042,443.33856088244863,True,25,left,ac_ok|ab_no_overlap,True,2400.0,0.0,1780641371.533628
9120.5,1.0,sam2,515.8505564387917,221.34464484768745,499.8583730485472,281.5818689509417,62.323936791997426,False,0.0,ab_no_overlap,546.7298553813781,312.2180103072987,95.97655783128339,False,95.97655783128339,ac_ok,3,LEFT,9460.5,1.0,14.868281358498194,573.0,460.0,301.0,271.0,sam2,553.025051530046,319.438243221817,48652.5,1.0,sam2_body_edge,656.256324615042,443.33856088244863,True,26,left,ac_ok|ab_no_overlap,True,2500.0,0.0,1780641371.9324508
9164.0,1.0,sam2,515.791339298705,221.67796086134146,499.70348955127685,281.87765669042744,62.31229643826567,False,0.0,ab_no_overlap,546.575229822108,312.2705529730701,95.68001704263486,False,95.68001704263486,ac_ok,3,LEFT,9458.0,1.0,14.962155254326547,575.0,459.0,302.0,271.0,sam2,552.4622894198914,319.4702897018397,48652.5,1.0,sam2_body_edge,656.256324615042,443.33856088244863,True,27,left,ac_ok|ab_no_overlap,True,2600.0,0.0,1780641372.3351731
9134.0,1.0,sam2,515.84637982629,221.4056455733158,499.77340409122866,282.06816689596656,62.75573314208772,False,0.0,ab_no_overlap,546.7075284168757,312.2255971398966,95.92014436439453,False,95.92014436439453,ac_ok,3,LEFT,9616.0,1.0,14.839939161912923,575.0,458.0,302.0,271.0,sam2,553.9302377981141,319.2438817249029,48652.5,1.0,sam2_body_edge,656.256324615042,443.33856088244863,True,28,left,ac_ok|ab_no_overlap,True,2700.0,0.0,1780641372.7507558
9101.0,1.0,sam2,515.8057905724646,221.42903710214992,499.9265516097512,281.77014516046086,62.3955090670772,False,0.0,ab_no_overlap,546.6640149932421,312.24038325472355,95.91105569456326,False,95.91105569456326,ac_ok,3,LEFT,9410.5,1.0,14.743562836470716,573.0,459.0,301.0,271.0,sam2,552.7917043019322,319.60669819173614,48652.5,1.0,sam2_body_edge,656.256324615042,443.33856088244863,True,29,left,ac_ok|ab_no_overlap,True,2800.0,0.0,1780641373.134357
9124.5,1.0,sam2,515.9724733775366,221.4530111238972,500.0883392384999,281.8127208522368,62.41474405808556,False,0.0,ab_no_overlap,546.8061403549634,312.19208822889595,95.83472822073306,False,95.83472822073306,ac_ok,3,LEFT,9774.5,1.0,14.743562836470716,573.0,459.0,301.0,271.0,sam2,554.7890599689669,318.61905979845517,48652.5,1.0,sam2_body_edge,656.256324615042,443.33856088244863,True,30,left,ac_ok|ab_no_overlap,True,2900.0,0.0,1780641373.5352266
9105.0,1.0,sam2,515.9288120080541,221.4670510708402,500.05096110527813,281.802884501389,62.3900548569218,False,0.0,ab_no_overlap,546.7627216058025,312.2068421727855,95.83548231373803,False,95.83548231373803,ac_ok,3,LEFT,9804.5,1.0,14.743562836470716,573.0,459.0,301.0,271.0,sam2,554.7189895796148,318.7272680911826,48652.5,1.0,sam2_body_edge,656.256324615042,443.33856088244863,True,31,left,ac_ok|ab_no_overlap,True,3000.0,0.0,1780641373.9336236
9086.0,1.0,sam2,515.7924645975493,221.58340670628806,499.95208123526595,281.7768634829647,62.24283078226553,False,0.0,ab_no_overlap,546.605042736119,312.2604223712217,95.76918158491324,False,95.76918158491324,ac_ok,3,LEFT,9617.0,1.0,14.743562836470716,573.0,459.0,301.0,271.0,sam2,553.86411216249,319.1851235659076,48652.5,1.0,sam2_body_edge,656.256324615042,443.33856088244863,True,32,left,ac_ok|ab_no_overlap,True,3100.0,0.0,1780641374.3325899
9107.5,1.0,sam2,515.8536371122701,221.51314850398023,499.5463448251149,281.4819007857769,62.146432174133714,False,0.0,ab_no_overlap,546.6812857670462,312.23451454517846,95.81602255345081,False,95.81602255345081,ac_ok,3,LEFT,9704.5,1.0,15.212582868620473,575.0,461.0,302.0,271.0,sam2,554.4783519673003,318.75296683669086,48652.5,1.0,sam2_body_edge,656.256324615042,443.33856088244863,True,33,left,ac_ok|ab_no_overlap,True,3200.0,0.0,1780641374.738168
9085.5,1.0,sam2,515.8342780621136,221.5719736576596,499.8995454879358,281.5927996870626,62.10004234670395,False,0.0,ab_no_overlap,546.6460107254605,312.2465012097949,95.76655374670483,False,95.76655374670483,ac_ok,3,LEFT,9803.5,1.0,14.868281358498194,573.0,460.0,301.0,271.0,sam2,554.6442767038982,318.6456877645739,48652.5,1.0,sam2_body_edge,656.256324615042,443.33856088244863,True,34,left,ac_ok|ab_no_overlap,True,3300.0,0.0,1780641375.1345997
9123.5,1.0,sam2,515.7979576551396,221.42852706380955,500.0075333351762,281.9584869570025,62.55568355374304,False,0.0,ab_no_overlap,546.6571482760135,312.2427166052382,95.91405876013147,False,95.91405876013147,ac_ok,3,LEFT,9834.0,1.0,14.620873988631644,573.0,458.0,301.0,271.0,sam2,555.5578774320385,318.60953494678324,48652.5,1.0,sam2_body_edge,656.256324615042,443.33856088244863,True,35,left,ac_ok|ab_no_overlap,True,3400.0,0.0,1780641375.5335526
9145.5,1.0,sam2,515.8539172270515,221.6232391157764,500.01935708539986,281.7945676540526,62.219949155723015,False,0.0,ab_no_overlap,546.647999902773,312.2458252757568,95.71169547219522,False,95.71169547219522,ac_ok,3,LEFT,9846.0,1.0,14.743562836470716,573.0,459.0,301.0,271.0,sam2,554.6860146252285,318.5857370167242,48652.5,1.0,sam2_body_edge,656.256324615042,443.33856088244863,True,36,left,ac_ok|ab_no_overlap,True,3500.0,0.0,1780641375.9340913
9058.0,1.0,sam2,515.8490284831089,221.30472142489143,499.6642370474178,281.86716679715477,62.68777602758931,False,0.0,ab_no_overlap,546.7406474937104,312.21434308466155,96.01485007757239,False,96.01485007757239,ac_ok,3,LEFT,9454.0,1.0,14.962155254326547,575.0,459.0,302.0,271.0,sam2,552.5847084126648,319.4333439108666,48652.5,1.0,sam2_body_edge,656.256324615042,443.33856088244863,True,37,left,ac_ok|ab_no_overlap,True,3600.0,0.0,1780641376.3336973
9127.5,1.0,sam2,515.9024924678171,221.51932803798044,500.03921229142514,281.79979270826976,62.3328009864847,False,0.0,ab_no_overlap,546.7232013701328,312.22027137908105,95.79445297201099,False,95.79445297201099,ac_ok,3,LEFT,9536.0,1.0,14.743562836470716,573.0,459.0,301.0,271.0,sam2,553.6959766498882,319.18470357941834,48652.5,1.0,sam2_body_edge,656.256324615042,443.33856088244863,True,38,left,ac_ok|ab_no_overlap,True,3700.0,0.0,1780641376.7374644
9107.0,1.0,sam2,515.7183302221733,221.41422349108743,499.8411099529997,281.74766051394727,62.38757686003883,False,0.0,ab_no_overlap,546.5901208079827,312.2654929293263,95.95322095955684,False,95.95322095955684,ac_ok,3,LEFT,9442.0,1.0,14.743562836470716,573.0,459.0,301.0,271.0,sam2,553.0074489867966,319.4918625997317,48652.5,1.0,sam2_body_edge,656.256324615042,443.33856088244863,True,39,left,ac_ok|ab_no_overlap,True,3800.0,0.0,1780641377.134577
9086.5,1.0,sam2,515.7368256937948,221.4988352684385,499.5212087644452,281.6535432321548,62.30196724501884,False,0.0,ab_no_overlap,546.5809263683242,312.2686172534821,95.86715740039884,False,95.86715740039884,ac_ok,3,LEFT,9803.5,1.0,15.086354008465122,575.0,460.0,302.0,271.0,sam2,554.9862124071335,318.49118512096015,48652.5,1.0,sam2_body_edge,656.256324615042,443.33856088244863,True,40,left,ac_ok|ab_no_overlap,True,3900.0,0.0,1780641377.5339646
9065.5,1.0,sam2,515.8119059437795,221.6111632011472,499.9770946886357,281.7834459706936,62.220935875188175,False,0.0,ab_no_overlap,546.6140161245074,312.2573731615752,95.7366459187687,False,95.7366459187687,ac_ok,3,LEFT,9823.0,1.0,14.743562836470716,573.0,459.0,301.0,271.0,sam2,554.712579320642,318.5265702942075,48652.5,1.0,sam2_body_edge,656.256324615042,443.33856088244863,True,41,left,ac_ok|ab_no_overlap,True,4000.0,0.0,1780641377.9350908
9096.0,1.0,sam2,515.8292289651127,221.43458663148635,500.01460462797127,281.530159112624,62.141613873157304,False,0.0,ab_no_overlap,546.6833365966177,312.23381766134355,95.89826022066235,False,95.89826022066235,ac_ok,3,LEFT,9529.0,1.0,14.743562836470716,574.0,460.0,301.0,271.0,sam2,553.5666911533215,319.0508447895897,48652.5,1.0,sam2_body_edge,656.256324615042,443.33856088244863,True,42,left,ac_ok|ab_no_overlap,True,4100.0,0.0,1780641378.3344615
9111.5,1.0,sam2,515.7700524977593,221.58910900144505,499.9325241109543,281.77171687130374,62.231612508595894,False,0.0,ab_no_overlap,546.5832135371403,312.26784006019506,95.77099331041703,False,95.77099331041703,ac_ok,3,LEFT,9608.0,1.0,14.743562836470716,573.0,459.0,301.0,271.0,sam2,553.7548050235914,319.1820011101859,48652.5,1.0,sam2_body_edge,656.256324615042,443.33856088244863,True,43,left,ac_ok|ab_no_overlap,True,4200.0,0.0,1780641378.7387867
9135.5,1.0,sam2,515.7551675697371,221.59750424169448,499.83197557080376,281.57486077100987,62.05506699440026,False,0.0,ab_no_overlap,546.5673119787082,312.27324350238075,95.76783350139675,False,95.76783350139675,ac_ok,3,LEFT,9791.0,1.0,14.868281358498194,573.0,460.0,301.0,271.0,sam2,554.7775508119702,318.6611513975419,48652.5,1.0,sam2_body_edge,656.256324615042,443.33856088244863,True,44,left,ac_ok|ab_no_overlap,True,4300.0,0.0,1780641379.1365197
9050.5,1.0,sam2,515.8194390733477,221.4221129587684,499.93761201181735,281.77305579258353,62.405678681853786,False,0.0,ab_no_overlap,546.6783599723497,312.2355087472598,95.91322043226394,False,95.91322043226394,ac_ok,3,LEFT,9502.0,1.0,14.743562836470716,573.0,459.0,301.0,271.0,sam2,553.1990458149161,319.19378376482143,48652.5,1.0,sam2_body_edge,656.256324615042,443.33856088244863,True,45,left,ac_ok|ab_no_overlap,True,4400.0,0.0,1780641379.5350308
9129.5,1.0,sam2,515.7738649433156,221.4359311389817,499.89839042160673,281.7627343214755,62.38071716090455,False,0.0,ab_no_overlap,546.6332940195713,312.250822420534,95.91479990800492,False,95.91479990800492,ac_ok,3,LEFT,9456.5,1.0,14.743562836470716,573.0,459.0,301.0,271.0,sam2,553.048414670685,319.4350975519484,48652.5,1.0,sam2_body_edge,656.256324615042,443.33856088244863,True,46,left,ac_ok|ab_no_overlap,True,4500.0,0.0,1780641379.9337742
9065.5,1.0,sam2,515.6515360432409,221.33484088026032,499.8475585988501,281.91675441709134,62.60937590207142,False,0.0,ab_no_overlap,546.5544232304719,312.2776231741115,96.04987291950751,False,96.04987291950751,ac_ok,3,LEFT,9763.5,1.0,14.620873988631644,573.0,458.0,301.0,271.0,sam2,554.7770608217681,318.6654717399839,48652.5,1.0,sam2_body_edge,656.256324615042,443.33856088244863,True,47,left,ac_ok|ab_no_overlap,True,4600.0,0.0,1780641380.3418899
8701.0,1.0,sam2,516.0285407807531,220.81180324100677,497.0844722803863,281.85380174218886,63.914030637763005,False,0.0,ab_no_overlap,547.0517355466606,312.10863355210563,96.42380327666507,False,96.42380327666507,ac_ok,3,LEFT,8745.5,1.0,17.241459398939952,533.0,475.0,293.0,275.0,sam2,557.2143578602328,320.8329807710632,48652.5,1.0,sam2_body_edge,656.256324615042,443.33856088244863,True,48,left,ac_ok|ab_no_overlap,True,4700.0,0.0,1780641380.7371764
8697.5,1.0,sam2,516.0775893455974,220.80686020887225,496.7909113792748,281.88134043556045,64.04738934520876,False,0.0,ab_no_overlap,547.0972126343129,312.0931801728063,96.41270269799287,False,96.41270269799287,ac_ok,3,LEFT,8704.0,1.0,17.525568373722876,532.0,475.0,293.0,275.0,sam2,557.3405139399509,320.82370174632354,48652.5,1.0,sam2_body_edge,656.256324615042,443.33856088244863,True,49,left,ac_ok|ab_no_overlap,True,4800.0,0.0,1780641381.1344302
8669.5,1.0,sam2,516.0472153334487,220.81748274602532,496.85702208670494,281.5864280273805,63.726981942154694,False,0.0,ab_no_overlap,547.0667468457948,312.10353262521534,96.41241744604997,False,96.41241744604997,ac_ok,3,LEFT,8749.5,1.0,17.525568373722876,533.0,476.0,293.0,275.0,sam2,557.333638112654,320.67910547269366,48652.5,1.0,sam2_body_edge,656.256324615042,443.33856088244863,True,50,left,ac_ok|ab_no_overlap,True,4900.0,0.0,1780641381.5507982
8674.0,1.0,sam2,516.0568365229421,220.86057950964567,497.12408976986103,281.86609682512926,63.87583300862754,False,0.0,ab_no_overlap,547.0622434966723,312.1050628894803,96.36851668911142,False,96.36851668911142,ac_ok,3,LEFT,8686.5,1.0,17.241459398939952,533.0,475.0,293.0,275.0,sam2,557.6783706517776,320.9446842802049,48652.5,1.0,sam2_body_edge,656.256324615042,443.33856088244863,True,51,left,ac_ok|ab_no_overlap,True,5000.0,0.0,1780641381.9343772
8678.0,1.0,sam2,516.0185718675577,220.84687331950525,497.0853068080335,281.85406073352766,63.877581685469714,False,0.0,ab_no_overlap,547.0321151450147,312.1153006788785,96.39380529513235,False,96.39380529513235,ac_ok,3,LEFT,8727.5,1.0,17.241459398939952,533.0,475.0,293.0,275.0,sam2,557.4308221140075,320.793946338203,48652.5,1.0,sam2_body_edge,656.256324615042,443.33856088244863,True,52,left,ac_ok|ab_no_overlap,True,5100.0,0.0,1780641382.333055
9127.0,1.0,sam2,515.5865746320441,221.6054563383368,499.76495283499975,281.7276191671052,62.169109527945224,False,0.0,ab_no_overlap,546.4137485357151,312.3254252548541,95.8145469701811,False,95.8145469701811,ac_ok,3,LEFT,9404.5,1.0,14.743562836470716,573.0,459.0,301.0,271.0,sam2,553.1978839917061,319.40827972424546,48652.5,1.0,sam2_body_edge,656.256324615042,443.33856088244863,True,53,left,ac_ok|ab_no_overlap,True,5200.0,0.0,1780641382.7573838
9083.0,1.0,sam2,515.6200961503174,221.55121288854636,499.5120465662678,281.8264952030543,62.39053549614586,False,0.0,ab_no_overlap,546.4603242855761,312.3095985437363,95.85512108474428,False,95.85512108474428,ac_ok,3,LEFT,9567.5,1.0,14.962155254326547,575.0,459.0,302.0,271.0,sam2,553.8620329239614,319.0437592544203,48652.5,1.0,sam2_body_edge,656.256324615042,443.33856088244863,True,54,left,ac_ok|ab_no_overlap,True,5300.0,0.0,1780641383.1394484
9062.5,1.0,sam2,515.6854988505747,221.4510712643678,499.81947371806325,281.7419667679114,62.343586952666556,False,0.0,ab_no_overlap,546.5494630216074,312.2793086819781,95.92889552549099,False,95.92889552549099,ac_ok,3,LEFT,9483.0,1.0,14.743562836470716,573.0,459.0,301.0,271.0,sam2,553.0374881366656,319.4480825336567,48652.5,1.0,sam2_body_edge,656.256324615042,443.33856088244863,True,55,left,ac_ok|ab_no_overlap,True,5400.0,0.0,1780641383.559425
9105.5,1.0,sam2,515.6706203210514,221.6230666447019,499.5771252475838,281.8438869196129,62.3341622087187,False,0.0,ab_no_overlap,546.4837295700426,312.3016452917331,95.77083233968517,False,95.77083233968517,ac_ok,3,LEFT,9461.0,1.0,14.962155254326547,575.0,459.0,302.0,271.0,sam2,553.4660007751119,319.48617129972166,48652.5,1.0,sam2_body_edge,656.256324615042,443.33856088244863,True,56,left,ac_ok|ab_no_overlap,True,5500.0,0.0,1780641383.9577975
9060.0,1.0,sam2,515.8084253127299,221.46353936718174,499.66595398297005,281.86762563337993,62.5238595920504,False,0.0,ab_no_overlap,546.65586654758,312.2431521440262,95.87754026179101,False,95.87754026179101,ac_ok,3,LEFT,9796.0,1.0,14.962155254326547,575.0,459.0,302.0,271.0,sam2,554.8123383694024,318.6709371171907,48652.5,1.0,sam2_body_edge,656.256324615042,443.33856088244863,True,57,left,ac_ok|ab_no_overlap,True,5600.0,0.0,1780641384.3541415
9092.0,1.0,sam2,515.7012391846312,221.7316505352691,499.96801592358133,281.5178989272583,61.82175839436038,False,0.0,ab_no_overlap,546.478100923619,312.3035579385761,95.65817073922116,False,95.65817073922116,ac_ok,3,LEFT,9817.0,1.0,14.743562836470716,574.0,460.0,301.0,271.0,sam2,555.0056704356388,318.5703032155105,48652.5,1.0,sam2_body_edge,656.256324615042,443.33856088244863,True,58,left,ac_ok|ab_no_overlap,True,5700.0,0.0,1780641384.7548156
9094.5,1.0,sam2,515.5666794949327,221.61381421005368,499.4778050345542,281.81734444888946,62.31626540976469,False,0.0,ab_no_overlap,546.3933667850682,312.33235109245254,95.81303451705809,False,95.81303451705809,ac_ok,3,LEFT,9460.5,1.0,14.962155254326547,575.0,459.0,302.0,271.0,sam2,553.1271426809717,319.2832478903511,48652.5,1.0,sam2_body_edge,656.256324615042,443.33856088244863,True,59,left,ac_ok|ab_no_overlap,True,5800.0,0.0,1780641385.1537104
9084.5,1.0,sam2,515.6773808868585,221.6334415763113,499.5860229674678,281.8462647585474,62.3258844723857,False,0.0,ab_no_overlap,546.4866297909481,312.30065977977495,95.75883392558953,False,95.75883392558953,ac_ok,3,LEFT,9775.5,1.0,14.962155254326547,575.0,459.0,302.0,271.0,sam2,554.9838030450275,318.63589245221897,48652.5,1.0,sam2_body_edge,656.256324615042,443.33856088244863,True,60,left,ac_ok|ab_no_overlap,True,5900.0,0.0,1780641385.5556905
9099.5,1.0,sam2,515.6175980365222,221.65371723721083,499.5352824002533,281.83270477937805,62.29086143107105,False,0.0,ab_no_overlap,546.4268587907147,312.3209703138348,95.75887075712832,False,95.75887075712832,ac_ok,3,LEFT,9417.5,1.0,14.962155254326547,575.0,459.0,302.0,271.0,sam2,553.0130253959826,319.53030705247323,48652.5,1.0,sam2_body_edge,656.256324615042,443.33856088244863,True,61,left,ac_ok|ab_no_overlap,True,6000.0,0.0,1780641385.9561868
9063.5,1.0,sam2,515.7948180430665,221.64910538607234,499.6130360440506,281.67829667274407,62.17197017302491,False,0.0,ab_no_overlap,546.5871387275732,312.26650625762073,95.70621899256288,False,95.70621899256288,ac_ok,3,LEFT,9451.5,1.0,15.086354008465122,575.0,460.0,302.0,271.0,sam2,553.3698178419651,319.4593803452714,48652.5,1.0,sam2_body_edge,656.256324615042,443.33856088244863,True,62,left,ac_ok|ab_no_overlap,True,6100.0,0.0,1780641386.3550916
9122.0,1.0,sam2,515.809142731857,221.80214499744207,499.7510812242956,281.89037515476866,62.19691907820257,False,0.0,ab_no_overlap,546.5533600242093,312.27798445779297,95.55670789104529,False,95.55670789104529,ac_ok,3,LEFT,9462.5,1.0,14.962155254326547,575.0,459.0,302.0,271.0,sam2,553.0629326287979,319.55010127697045,48652.5,1.0,sam2_body_edge,656.256324615042,443.33856088244863,True,63,left,ac_ok|ab_no_overlap,True,6200.0,0.0,1780641386.7551098
9128.0,1.0,sam2,515.7668894244814,221.86592535787318,499.7275530056693,281.8840874411702,62.12439209048847,False,0.0,ab_no_overlap,546.496051122967,312.2974583562734,95.5099133029259,False,95.5099133029259,ac_ok,3,LEFT,9602.0,1.0,14.962155254326547,575.0,459.0,302.0,271.0,sam2,554.1309622995209,319.09470249253627,48652.5,1.0,sam2_body_edge,656.256324615042,443.33856088244863,True,64,left,ac_ok|ab_no_overlap,True,6300.0,0.0,1780641387.1401253
9097.5,1.0,sam2,515.7644774205368,221.75938444627644,499.96921728292756,281.78137296919147,62.065524641782325,False,0.0,ab_no_overlap,546.526344433467,312.2871645128996,95.6115653355393,False,95.6115653355393,ac_ok,3,LEFT,9434.0,1.0,14.743562836470716,573.0,459.0,301.0,271.0,sam2,553.0374355169246,319.61018655925375,48652.5,1.0,sam2_body_edge,656.256324615042,443.33856088244863,True,65,left,ac_ok|ab_no_overlap,True,6400.0,0.0,1780641387.560162
9088.0,1.0,sam2,515.7114693368544,221.77169527582157,499.65232347982015,281.86398299891744,62.20111903698227,False,0.0,ab_no_overlap,546.4750732402697,312.30458676301515,95.61696379909894,False,95.61696379909894,ac_ok,3,LEFT,9445.0,1.0,14.962155254326547,575.0,459.0,302.0,271.0,sam2,552.5336156696665,319.5652020469384,48652.5,1.0,sam2_body_edge,656.256324615042,443.33856088244863,True,66,left,ac_ok|ab_no_overlap,True,6500.0,0.0,1780641387.9554887
9099.5,1.0,sam2,515.7746030001648,221.77224023297984,499.98185104972174,281.7846976446636,62.055669029971625,False,0.0,ab_no_overlap,546.5315055931094,312.2854107207881,95.59613532390796,False,95.59613532390796,ac_ok,3,LEFT,9553.0,1.0,14.743562836470716,573.0,459.0,301.0,271.0,sam2,553.4391814089814,319.2649255033323,48652.5,1.0,sam2_body_edge,656.256324615042,443.33856088244863,True,67,left,ac_ok|ab_no_overlap,True,6600.0,0.0,1780641388.337168
9122.5,1.0,sam2,515.5995249840138,221.71414999543254,499.5334876582136,281.83222515003985,62.227811432260886,False,0.0,ab_no_overlap,546.3922469006142,312.3327316357136,95.70746606994342,False,95.70746606994342,ac_ok,3,LEFT,9403.5,1.0,14.962155254326547,575.0,459.0,302.0,271.0,sam2,552.8582088229559,319.67719466156217,48652.5,1.0,sam2_body_edge,656.256324615042,443.33856088244863,True,68,left,ac_ok|ab_no_overlap,True,6700.0,0.0,1780641388.7388358
9084.0,1.0,sam2,515.7159841479524,221.78876779685893,499.6607957059272,281.86624712830815,62.185790971327584,False,0.0,ab_no_overlap,546.4739198849038,312.3049786798871,95.5993464591639,False,95.5993464591639,ac_ok,3,LEFT,9531.5,1.0,14.962155254326547,575.0,459.0,302.0,271.0,sam2,553.8122890765707,319.43622025214637,48652.5,1.0,sam2_body_edge,656.256324615042,443.33856088244863,True,69,left,ac_ok|ab_no_overlap,True,6800.0,0.0,1780641389.1562037
9127.5,1.0,sam2,515.7731215192184,221.81780334155027,499.7213667183754,281.882434209221,62.17249161370268,False,0.0,ab_no_overlap,546.5162975453017,312.2905785040237,95.55347151082584,False,95.55347151082584,ac_ok,3,LEFT,9460.0,1.0,14.962155254326547,575.0,459.0,302.0,271.0,sam2,553.4486786469345,319.55792811839325,48652.5,1.0,sam2_body_edge,656.256324615042,443.33856088244863,True,70,left,ac_ok|ab_no_overlap,True,6900.0,0.0,1780641389.5391917
9122.0,1.0,sam2,515.7374113863918,221.87212234159176,499.7015855972569,281.877147875129,62.11079453702025,False,0.0,ab_no_overlap,546.4677367210404,312.30707975498626,95.51353002342557,False,95.51353002342557,ac_ok,3,LEFT,9830.5,1.0,14.962155254326547,575.0,459.0,302.0,271.0,sam2,555.3934014885645,318.66469999830457,48652.5,1.0,sam2_body_edge,656.256324615042,443.33856088244863,True,71,left,ac_ok|ab_no_overlap,True,7000.0,0.0,1780641389.939563
9108.0,1.0,sam2,515.7001903088859,221.9978956228956,499.61247107927807,281.67814437789235,61.81057192316686,False,0.0,ab_no_overlap,546.3960541884766,312.3314378971196,95.40641969554969,False,95.40641969554969,ac_ok,3,LEFT,9661.0,1.0,15.086354008465122,575.0,460.0,302.0,271.0,sam2,554.6159472794396,319.1173791532968,48652.5,1.0,sam2_body_edge,656.256324615042,443.33856088244863,True,72,left,ac_ok|ab_no_overlap,True,7100.0,0.0,1780641390.3370042
9102.5,1.0,sam2,515.5018584637919,222.08909640208734,499.62068895298415,282.0277039106197,62.006840066987,False,0.0,ab_no_overlap,546.1904701633297,312.40129654644136,95.38387905174996,False,95.38387905174996,ac_ok,3,LEFT,9519.5,1.0,14.839939161912923,575.0,458.0,302.0,271.0,sam2,553.4347042036521,319.5974228338323,48652.5,1.0,sam2_body_edge,656.256324615042,443.33856088244863,True,73,left,ac_ok|ab_no_overlap,True,7200.0,0.0,1780641390.755451
9113.5,1.0,sam2,515.2417110147949,222.18249483367165,499.316342847816,281.7741950713991,61.68296432952125,False,0.0,ab_no_overlap,545.9287999223063,312.4902136186338,95.37914603183084,False,95.37914603183084,ac_ok,3,LEFT,9553.0,1.0,14.962155254326547,575.0,459.0,302.0,271.0,sam2,553.4584947137025,319.4667469206881,48652.5,1.0,sam2_body_edge,656.256324615042,443.33856088244863,True,74,left,ac_ok|ab_no_overlap,True,7300.0,0.0,1780641391.1590765
9121.5,1.0,sam2,514.9913391437811,222.42441849841947,499.1430025968673,281.72787138364555,61.38460145194782,False,0.0,ab_no_overlap,545.6306479879645,312.59152738273053,95.23063987501322,False,95.23063987501322,ac_ok,3,LEFT,9465.0,1.0,14.962155254326547,575.0,459.0,302.0,271.0,sam2,553.1677936256383,319.62120091565413,48652.5,1.0,sam2_body_edge,656.256324615042,443.33856088244863,True,75,left,ac_ok|ab_no_overlap,True,7400.0,0.0,1780641391.5547159
9062.5,1.0,sam2,514.6096,222.50591264367816,498.8070361008994,281.63808723386103,61.207312451610115,False,0.0,ab_no_overlap,545.2635990636759,312.71625274535285,95.2762988358367,False,95.2762988358367,ac_ok,3,LEFT,9435.5,1.0,14.962155254326547,575.0,459.0,302.0,271.0,sam2,553.4484305724833,319.5705579990462,48652.5,1.0,sam2_body_edge,656.256324615042,443.33856088244863,True,76,left,ac_ok|ab_no_overlap,True,7500.0,0.0,1780641391.9387496
9054.0,1.0,sam2,514.1566342684632,222.7286098225462,498.4398107538543,281.539949425599,60.875218334680085,False,0.0,ab_no_overlap,544.789681810364,312.87729258871127,95.21117899794656,False,95.21117899794656,ac_ok,3,LEFT,9359.5,1.0,14.962155254326547,575.0,459.0,302.0,271.0,sam2,552.8898979646349,319.8251153017433,48652.5,1.0,sam2_body_edge,656.256324615042,443.33856088244863,True,77,left,ac_ok|ab_no_overlap,True,7600.0,0.0,1780641392.355297
8991.0,1.0,sam2,513.9392540688837,222.30658436213992,498.1316556923877,281.4575976419312,61.22681225132209,False,0.0,ab_no_overlap,544.7233657082367,312.8998271865215,95.68070429747848,False,95.68070429747848,ac_ok,3,LEFT,9423.0,1.0,14.962155254326547,575.0,459.0,302.0,271.0,sam2,553.2978173971488,319.6457780607733,48652.5,1.0,sam2_body_edge,656.256324615042,443.33856088244863,True,78,left,ac_ok|ab_no_overlap,True,7700.0,0.0,1780641392.75548
8982.0,1.0,sam2,513.541212053737,222.45799005418243,497.87998510103245,281.566491778906,61.148090778091934,False,0.0,ab_no_overlap,544.3204043039351,313.03675581905117,95.66541424706011,False,95.66541424706011,ac_ok,3,LEFT,9357.5,1.0,14.839939161912923,575.0,458.0,302.0,271.0,sam2,553.0488378306171,319.8991895983614,48652.5,1.0,sam2_body_edge,656.256324615042,443.33856088244863,True,79,left,ac_ok|ab_no_overlap,True,7800.0,0.0,1780641393.1560576
8963.0,1.0,sam2,513.0861876603816,222.61413589200043,497.49346715107504,281.4640810400284,60.88061248712312,False,0.0,ab_no_overlap,543.8649150750656,313.1915337123563,95.66396948263454,False,95.66396948263454,ac_ok,3,LEFT,9363.0,1.0,14.839939161912923,575.0,458.0,302.0,271.0,sam2,553.1946491509132,319.8043184164619,48652.5,1.0,sam2_body_edge,656.256324615042,443.33856088244863,True,80,left,ac_ok|ab_no_overlap,True,7900.0,0.0,1780641393.5570066
8964.5,1.0,sam2,512.65157008199,222.83345418037817,496.994563935347,281.4209610516876,60.6435305937224,False,0.0,ab_no_overlap,543.4084759742749,313.3466343776736,95.59614557865258,False,95.59614557865258,ac_ok,3,LEFT,9357.0,1.0,14.962155254326547,574.0,458.0,302.0,271.0,sam2,553.3413130989277,319.8152898008621,48652.5,1.0,sam2_body_edge,656.256324615042,443.33856088244863,True,81,left,ac_ok|ab_no_overlap,True,8000.0,0.0,1780641393.9554458
9026.5,1.0,sam2,512.0650307428128,223.09966949168188,496.73839966835726,281.4397490654159,60.319735615817216,False,0.0,ab_no_overlap,542.8015550644742,313.5528696382855,95.53279721717358,False,95.53279721717358,ac_ok,3,LEFT,9420.5,1.0,14.719659717493244,575.0,457.0,302.0,271.0,sam2,553.8331121844204,319.7985244944536,48652.5,1.0,sam2_body_edge,656.256324615042,443.33856088244863,True,82,left,ac_ok|ab_no_overlap,True,8100.0,0.0,1780641394.3548057
9099.0,1.0,sam2,511.33750961644137,223.9212001318826,496.18309638346784,281.1168887853633,59.16927446725727,False,0.0,ab_no_overlap,541.8990800274962,313.85953591298676,94.98901951838697,False,94.98901951838697,ac_ok,3,LEFT,9371.0,1.0,14.839939161912923,575.0,458.0,302.0,271.0,sam2,553.8255789136698,319.84905559705476,48652.5,1.0,sam2_body_edge,656.256324615042,443.33856088244863,True,83,left,ac_ok|ab_no_overlap,True,8200.0,0.0,1780641394.760781
8971.0,1.0,sam2,511.0318061903169,223.4222308921339,495.85149263326036,281.61343286085054,60.13865567382201,False,0.0,ab_no_overlap,541.777022942955,313.901011621326,95.55981433326417,False,95.55981433326417,ac_ok,3,LEFT,9363.0,1.0,14.620873988631644,574.0,459.0,302.0,272.0,sam2,553.5476521058065,319.94577948663175,48652.5,1.0,sam2_body_edge,656.256324615042,443.33856088244863,True,84,left,ac_ok|ab_no_overlap,True,8300.0,0.0,1780641395.175185
8976.0,1.0,sam2,510.2143679441473,223.4154226084373,494.86497848070934,280.8518476974309,59.452053655898844,False,0.0,ab_no_overlap,541.0462760703094,314.1493236654288,95.82926150044166,False,95.82926150044166,ac_ok,3,LEFT,9356.5,1.0,14.962155254326547,574.0,458.0,302.0,271.0,sam2,553.3000944085217,319.802329931064,48652.5,1.0,sam2_body_edge,656.256324615042,443.33856088244863,True,85,left,ac_ok|ab_no_overlap,True,8400.0,0.0,1780641395.5721333
8984.5,1.0,sam2,509.6644220602148,224.05101378299662,494.86500356694614,281.2754319569688,59.10716388973964,False,0.0,ab_no_overlap,540.35963739641,314.38264748665677,95.40440394503611,False,95.40440394503611,ac_ok,3,LEFT,9291.0,1.0,14.500166766552553,575.0,459.0,302.0,272.0,sam2,553.4079575216159,319.9962687905858,48652.5,1.0,sam2_body_edge,656.256324615042,443.33856088244863,True,86,left,ac_ok|ab_no_overlap,True,8500.0,0.0,1780641395.9561503
9010.0,1.0,sam2,509.44968553459114,224.130743618202,494.5432323311692,281.2721475646528,59.05372462493178,False,0.0,ab_no_overlap,540.1428412280598,314.4563160875525,95.39800232887164,False,95.39800232887164,ac_ok,3,LEFT,9331.5,1.0,14.620873988631644,574.0,459.0,302.0,272.0,sam2,553.6587722588365,319.911661219168,48652.5,1.0,sam2_body_edge,656.256324615042,443.33856088244863,True,87,left,ac_ok|ab_no_overlap,True,8600.0,0.0,1780641396.353565
8971.0,1.0,sam2,509.1886448928027,224.14686211124734,494.3027612737075,281.20941598444546,58.97223571862341,False,0.0,ab_no_overlap,539.9039120970675,314.53750559808384,95.4667275515075,False,95.4667275515075,ac_ok,3,LEFT,9395.0,1.0,14.620873988631644,574.0,459.0,302.0,272.0,sam2,554.0285790313997,319.94489976938087,48652.5,1.0,sam2_body_edge,656.256324615042,443.33856088244863,True,88,left,ac_ok|ab_no_overlap,True,8700.0,0.0,1780641396.7423322
8981.5,1.0,sam2,509.2041047338046,224.12130490452597,494.31099377169426,281.2115635926159,59.00086771567652,False,0.0,ab_no_overlap,539.9255571184821,314.5301504937197,95.48595183268938,False,95.48595183268938,ac_ok,3,LEFT,9385.0,1.0,14.620873988631644,574.0,459.0,302.0,272.0,sam2,553.8729532942639,319.95007991475757,48652.5,1.0,sam2_body_edge,656.256324615042,443.33856088244863,True,89,left,ac_ok|ab_no_overlap,True,8800.0,0.0,1780641397.1570206
9005.0,1.0,sam2,509.29553951508416,223.82467147880806,494.2511756911689,280.6050123626174,58.739594770034984,False,0.0,ab_no_overlap,540.0978906569567,314.47159055346134,95.7373948548526,False,95.7373948548526,ac_ok,3,LEFT,9375.0,1.0,14.839939161912923,575.0,458.0,302.0,271.0,sam2,554.1903466666666,319.8918577777778,48652.5,1.0,sam2_body_edge,656.256324615042,443.33856088244863,True,90,left,ac_ok|ab_no_overlap,True,8900.0,0.0,1780641397.555635
8985.5,1.0,sam2,508.8092296848626,224.37465917311224,494.0031601224457,281.13125916237715,58.65604264036702,False,0.0,ab_no_overlap,539.4943781821563,314.6766676080051,95.37311500457785,False,95.37311500457785,ac_ok,3,LEFT,9349.5,1.0,14.620873988631644,574.0,459.0,302.0,272.0,sam2,553.8553042052159,320.0075761627181,48652.5,1.0,sam2_body_edge,656.256324615042,443.33856088244863,True,91,left,ac_ok|ab_no_overlap,True,9000.0,0.0,1780641397.939543
8986.0,1.0,sam2,508.48900140960006,224.44688033236886,493.6515887550524,280.4461474479199,57.93156938803027,False,0.0,ab_no_overlap,539.1852976471403,314.78169497427274,95.40776351581644,False,95.40776351581644,ac_ok,3,LEFT,9462.0,1.0,14.839939161912923,575.0,458.0,302.0,271.0,sam2,553.9220214190093,319.8103994927077,48652.5,1.0,sam2_body_edge,656.256324615042,443.33856088244863,True,92,left,ac_ok|ab_no_overlap,True,9100.0,0.0,1780641398.339099
9046.0,1.0,sam2,508.4077677057999,224.54184169798805,493.5335967210442,280.6798418662596,58.07508954256211,False,0.0,ab_no_overlap,539.0835447244874,314.81627121012565,95.34398732716257,False,95.34398732716257,ac_ok,3,LEFT,9469.0,1.0,14.839939161912923,574.0,457.0,302.0,271.0,sam2,554.2086105537368,319.7714119759214,48652.5,1.0,sam2_body_edge,656.256324615042,443.33856088244863,True,93,left,ac_ok|ab_no_overlap,True,9200.0,0.0,1780641398.7563448
9000.0,1.0,sam2,508.17668518518514,224.56466666666665,493.59504847115153,280.94699529426333,58.23736867965757,False,0.0,ab_no_overlap,538.869429592386,314.8890287792863,95.39672400191427,False,95.39672400191427,ac_ok,3,LEFT,9356.0,1.0,14.500166766552553,575.0,459.0,302.0,272.0,sam2,553.947555935585,320.0049522588,48652.5,1.0,sam2_body_edge,656.256324615042,443.33856088244863,True,94,left,ac_ok|ab_no_overlap,True,9300.0,0.0,1780641399.1558642
8977.0,1.0,sam2,507.91196019457124,224.5561620437414,493.2073934601142,280.9236678591602,58.253926860765134,False,0.0,ab_no_overlap,538.6346984566942,314.96879178656025,95.48994849372872,False,95.48994849372872,ac_ok,3,LEFT,9381.0,1.0,14.620873988631644,574.0,459.0,302.0,272.0,sam2,553.483903635007,319.9066908289806,48652.5,1.0,sam2_body_edge,656.256324615042,443.33856088244863,True,95,left,ac_ok|ab_no_overlap,True,9400.0,0.0,1780641399.5607023
8942.5,1.0,sam2,507.6243966079582,224.58531357748578,492.9495583094157,280.44437548806684,57.754529490062495,False,0.0,ab_no_overlap,538.3680216466953,315.05941012005496,95.55486709590774,False,95.55486709590774,ac_ok,3,LEFT,9409.0,1.0,14.719659717493244,575.0,457.0,302.0,271.0,sam2,553.8147341198144,319.84924008927624,48652.5,1.0,sam2_body_edge,656.256324615042,443.33856088244863,True,96,left,ac_ok|ab_no_overlap,True,9500.0,0.0,1780641399.9551606
8930.5,1.0,sam2,507.59810014370225,224.58511094936827,493.05769167159787,280.80802370817185,58.072707855064614,False,0.0,ab_no_overlap,538.3445089954423,315.06739985591764,95.56351951998538,False,95.56351951998538,ac_ok,3,LEFT,9336.5,1.0,14.500166766552553,575.0,459.0,302.0,272.0,sam2,553.8271479319516,319.87436405505275,48652.5,1.0,sam2_body_edge,656.256324615042,443.33856088244863,True,97,left,ac_ok|ab_no_overlap,True,9600.0,0.0,1780641400.3391995
8936.5,1.0,sam2,507.7416027900557,223.97152128909528,492.83552957738027,280.2299266401606,58.19964940844933,False,0.0,ab_no_overlap,538.6600751861173,314.9601686260766,96.0983136143376,False,96.0983136143376,ac_ok,3,LEFT,9605.0,1.0,14.839939161912923,575.0,458.0,302.0,271.0,sam2,554.645323616172,319.23487766788134,48652.5,1.0,sam2_body_edge,656.256324615042,443.33856088244863,True,98,left,ac_ok|ab_no_overlap,True,9700.0,0.0,1780641400.740397
8981.0,1.0,sam2,507.2649853394202,224.32449987009613,492.4775662348233,280.13508165196174,57.73637330665398,False,0.0,ab_no_overlap,538.1252668103948,315.14189962753574,95.91744925283601,False,95.91744925283601,ac_ok,3,LEFT,9469.0,1.0,14.839939161912923,575.0,458.0,302.0,271.0,sam2,554.4243320308375,319.5265603548421,48652.5,1.0,sam2_body_edge,656.256324615042,443.33856088244863,True,99,left,ac_ok|ab_no_overlap,True,9800.0,0.0,1780641401.1548312
8882.5,1.0,sam2,507.16900272070546,224.13950652031144,492.41000767974543,280.7156541773249,58.46955120682278,False,0.0,ab_no_overlap,538.0955745190334,315.1519892411051,96.12348752620197,False,96.12348752620197,ac_ok,3,LEFT,9336.5,1.0,14.620873988631644,574.0,459.0,302.0,272.0,sam2,553.2619289883789,320.08016922829756,48652.5,1.0,sam2_body_edge,656.256324615042,443.33856088244863,True,100,left,ac_ok|ab_no_overlap,True,9900.0,0.0,1780641401.5547662
8929.5,1.0,sam2,506.9962297254419,224.09349161020586,492.4477033561859,280.83274445030406,58.57475934538296,False,0.0,ab_no_overlap,537.9547037267552,315.1998579569279,96.2226433922552,False,96.2226433922552,ac_ok,3,LEFT,9398.0,1.0,14.381394591090611,575.0,458.0,302.0,272.0,sam2,553.9322905582748,319.89508406043836,48652.5,1.0,sam2_body_edge,656.256324615042,443.33856088244863,True,101,left,ac_ok|ab_no_overlap,True,10000.0,0.0,1780641401.955302
8932.5,1.0,sam2,507.01395652579527,224.20897471779082,492.21440287938833,280.0653546090687,57.783751718728254,False,0.0,ab_no_overlap,537.9354158293498,315.2064120968229,96.1075972804036,False,96.1075972804036,ac_ok,3,LEFT,9486.5,1.0,14.839939161912923,575.0,458.0,302.0,271.0,sam2,554.4457738189357,319.6303343347564,48652.5,1.0,sam2_body_edge,656.256324615042,443.33856088244863,True,102,left,ac_ok|ab_no_overlap,True,10100.0,0.0,1780641402.3417008
8920.5,1.0,sam2,506.7022214748799,224.1141004801674,492.10380062949054,280.5613277490062,58.30440255691705,False,0.0,ab_no_overlap,537.6848517319586,315.2915552367131,96.29772392704197,False,96.29772392704197,ac_ok,3,LEFT,9431.5,1.0,14.500166766552553,575.0,459.0,302.0,272.0,sam2,554.1748042905864,319.81989432575233,48652.5,1.0,sam2_body_edge,656.256324615042,443.33856088244863,True,103,left,ac_ok|ab_no_overlap,True,10200.0,0.0,1780641402.7386992
8883.5,1.0,sam2,506.5069135663495,224.20962083262975,491.9438917140116,280.519971995003,58.16302307739395,False,0.0,ab_no_overlap,537.4806627449528,315.3609398439481,96.27012047194161,False,96.27012047194161,ac_ok,3,LEFT,9399.5,1.0,14.500166766552553,575.0,459.0,302.0,272.0,sam2,554.0477507668847,319.95891625441067,48652.5,1.0,sam2_body_edge,656.256324615042,443.33856088244863,True,104,left,ac_ok|ab_no_overlap,True,10300.0,0.0,1780641403.1398573
8842.5,1.0,sam2,506.35384035434924,224.48494958062386,491.86715661386836,280.5001267104832,57.858137497557145,False,0.0,ab_no_overlap,537.2595613555131,315.43607138404894,96.05868075246114,False,96.05868075246114,ac_ok,3,LEFT,9328.5,1.0,14.500166766552553,575.0,459.0,302.0,272.0,sam2,552.9874220578513,320.18282682103234,48652.5,1.0,sam2_body_edge,656.256324615042,443.33856088244863,True,105,left,ac_ok|ab_no_overlap,True,10400.0,0.0,1780641403.571039
8912.5,1.0,sam2,506.02247779336136,224.33827021972883,491.44880007612517,280.20403480246745,57.73539412370751,False,0.0,ab_no_overlap,537.0071829278054,315.52183104394965,96.3041728942875,False,96.3041728942875,ac_ok,3,LEFT,9300.5,1.0,14.620873988631644,575.0,460.0,302.0,272.0,sam2,553.5591993262011,320.1680913212551,48652.5,1.0,sam2_body_edge,656.256324615042,443.33856088244863,True,106,left,ac_ok|ab_no_overlap,True,10500.0,0.0,1780641403.9738133
8842.5,1.0,sam2,506.0801809443031,224.6521534256903,491.6511847804364,280.44427192597493,57.62773999600091,False,0.0,ab_no_overlap,536.9632944514533,315.5367446038751,95.98841395460865,False,95.98841395460865,ac_ok,3,LEFT,9397.5,1.0,14.500166766552553,575.0,459.0,302.0,272.0,sam2,553.7403742129999,319.9614613815731,48652.5,1.0,sam2_body_edge,656.256324615042,443.33856088244863,True,107,left,ac_ok|ab_no_overlap,True,10600.0,0.0,1780641404.3891878
8913.5,1.0,sam2,505.5601989491595,224.89497204614722,486.0660034912166,281.084123660218,59.47473762583164,False,0.0,ab_no_overlap,536.423168533486,315.72028253716496,95.92580423094111,False,95.92580423094111,ac_ok,3,LEFT,9363.5,1.0,19.133643205905486,506.0,457.0,288.0,271.0,sam2,553.7676260657518,320.0027233406312,48652.5,1.0,sam2_body_edge,656.256324615042,443.33856088244863,True,108,left,ac_ok|ab_no_overlap,True,10700.0,0.0,1780641404.7738197
8901.0,1.0,sam2,505.4847020933977,224.76182451409954,486.2460847703523,281.27526290054544,59.6983510221279,False,0.0,ab_no_overlap,536.3960475862368,315.7294983930263,96.07616234592449,False,96.07616234592449,ac_ok,3,LEFT,9435.5,1.0,18.79988515865267,506.0,459.0,288.0,272.0,sam2,553.953667885468,319.74177309098616,48652.5,1.0,sam2_body_edge,656.256324615042,443.33856088244863,True,109,left,ac_ok|ab_no_overlap,True,10800.0,0.0,1780641405.172757
8939.0,1.0,sam2,505.0749897453108,225.03443711078793,485.8582349106305,281.4836544376614,59.63051067358725,False,0.0,ab_no_overlap,535.9457005597103,315.8825289360208,95.94986490075024,False,95.94986490075024,ac_ok,3,LEFT,9327.5,1.0,18.79988515865267,505.0,458.0,288.0,272.0,sam2,553.4503886357545,320.18883230590546,48652.5,1.0,sam2_body_edge,656.256324615042,443.33856088244863,True,110,left,ac_ok|ab_no_overlap,True,10900.0,0.0,1780641405.5568464
8849.0,1.0,sam2,505.1130071194485,225.01815647719138,485.5583837402892,281.2376986922745,59.52327462744532,False,0.0,ab_no_overlap,535.9847421353688,315.86926238118537,95.95304824168917,False,95.95304824168917,ac_ok,3,LEFT,9413.5,1.0,19.179008025810703,505.0,459.0,288.0,272.0,sam2,554.1807156388874,319.9565694658381,48652.5,1.0,sam2_body_edge,656.256324615042,443.33856088244863,True,111,left,ac_ok|ab_no_overlap,True,11000.0,0.0,1780641405.9404452
8838.0,1.0,sam2,504.8253186995549,225.057516783586,485.6415341292387,281.4098839588898,59.52820236409425,False,0.0,ab_no_overlap,535.7148435084291,315.9609755068445,96.00834104789654,False,96.00834104789654,ac_ok,3,LEFT,9401.5,1.0,18.79988515865267,505.0,458.0,288.0,272.0,sam2,554.1757698239643,320.03974543069364,48652.5,1.0,sam2_body_edge,656.256324615042,443.33856088244863,True,112,left,ac_ok|ab_no_overlap,True,11100.0,0.0,1780641406.3554018
8840.0,1.0,sam2,504.70184766214174,224.86142533936652,484.54109701033826,280.5999712590585,59.272602170697795,False,0.0,ab_no_overlap,535.6638890906917,315.9782901148135,96.23373138318149,False,96.23373138318149,ac_ok,3,LEFT,9349.0,1.0,19.885165113855436,505.0,458.0,288.0,271.0,sam2,553.6004207223589,319.8017613291974,48652.5,1.0,sam2_body_edge,656.256324615042,443.33856088244863,True,113,left,ac_ok|ab_no_overlap,True,11200.0,0.0,1780641406.7405183
8880.0,1.0,sam2,504.35213963963963,224.91814939939937,484.4007673554747,281.0313839486132,59.55461650952367,False,0.0,ab_no_overlap,535.3331013057378,316.09069373105996,96.29253774651939,False,96.29253774651939,ac_ok,3,LEFT,9428.0,1.0,19.57312583041019,504.0,459.0,288.0,272.0,sam2,554.318165747419,319.82072903408283,48652.5,1.0,sam2_body_edge,656.256324615042,443.33856088244863,True,114,left,ac_ok|ab_no_overlap,True,11300.0,0.0,1780641407.1370258
8830.0,1.0,sam2,504.1226123065307,224.91149490373726,483.8170939040486,280.75167051056314,59.41749985816209,False,0.0,ab_no_overlap,535.1293607260445,316.15992596687806,96.37268606319833,False,96.37268606319833,ac_ok,3,LEFT,9398.5,1.0,19.98310652189997,501.0,457.0,287.0,271.0,sam2,553.7710804915678,319.869660052136,48652.5,1.0,sam2_body_edge,656.256324615042,443.33856088244863,True,115,left,ac_ok|ab_no_overlap,True,11400.0,0.0,1780641407.5414674
8821.0,1.0,sam2,503.7509163738049,225.09343233949286,483.8101170282288,281.1769304989258,59.52305640959347,False,0.0,ab_no_overlap,534.7407172744486,316.2919892756728,96.3200111456762,False,96.3200111456762,ac_ok,3,LEFT,9476.5,1.0,19.57312583041019,503.0,458.0,288.0,272.0,sam2,554.2891011097627,319.9821488242846,48652.5,1.0,sam2_body_edge,656.256324615042,443.33856088244863,True,116,left,ac_ok|ab_no_overlap,True,11500.0,0.0,1780641407.9572551
8812.0,1.0,sam2,503.652727341504,224.92548040550764,482.92001110376725,280.64465529442504,59.45142532266384,False,0.0,ab_no_overlap,534.7038556282035,316.3045150777949,96.51062400335081,False,96.51062400335081,ac_ok,3,LEFT,9400.0,1.0,20.409882833803977,500.0,457.0,287.0,271.0,sam2,554.2203368794326,319.8613829787234,48652.5,1.0,sam2_body_edge,656.256324615042,443.33856088244863,True,117,left,ac_ok|ab_no_overlap,True,11600.0,0.0,1780641408.3568974
8782.0,1.0,sam2,503.0059401806725,224.852634175966,483.0727424254964,280.9147528623987,59.50036574978867,False,0.0,ab_no_overlap,534.1462120307924,316.4940056206045,96.78769287028999,False,96.78769287028999,ac_ok,3,LEFT,9350.5,1.0,19.57312583041019,503.0,458.0,288.0,272.0,sam2,553.9246029624085,320.0905655669037,48652.5,1.0,sam2_body_edge,656.256324615042,443.33856088244863,True,118,left,ac_ok|ab_no_overlap,True,11700.0,0.0,1780641408.755959
8787.0,1.0,sam2,502.793975949319,224.75444785857894,482.50559704850417,280.5474898358197,59.3673466772533,False,0.0,ab_no_overlap,533.986099908412,316.5484126524813,96.94885543245786,False,96.94885543245786,ac_ok,3,LEFT,9356.0,1.0,19.98310652189997,503.0,459.0,288.0,272.0,sam2,553.84993587003,320.0217151204218,48652.5,1.0,sam2_body_edge,656.256324615042,443.33856088244863,True,119,left,ac_ok|ab_no_overlap,True,11800.0,0.0,1780641409.1561005
8782.5,1.0,sam2,502.3420438371762,224.56035677009203,481.27862148029436,280.7294830551104,59.98865316880128,False,0.0,ab_no_overlap,533.6400757911459,316.66599366320287,97.27803015931855,False,97.27803015931855,ac_ok,3,LEFT,9345.0,1.0,20.556045219583467,498.0,458.0,287.0,272.0,sam2,553.9128945960407,320.1875512751917,48652.5,1.0,sam2_body_edge,656.256324615042,443.33856088244863,True,120,left,ac_ok|ab_no_overlap,True,11900.0,0.0,1780641409.540898
8780.0,1.0,sam2,502.1785117691723,224.25242976461655,482.06601226114833,280.2801069655404,59.5282558873615,False,0.0,ab_no_overlap,533.5872758203233,316.683935400861,97.62219877365989,False,97.62219877365989,ac_ok,3,LEFT,9305.5,1.0,19.746836605426125,498.0,459.0,286.0,272.0,sam2,553.5296688338437,320.0672183117511,48652.5,1.0,sam2_body_edge,656.256324615042,443.33856088244863,True,121,left,ac_ok|ab_no_overlap,True,12000.0,0.0,1780641409.9392588
8764.5,1.0,sam2,501.7875140243786,223.9870690474832,482.1474282325147,280.10159988138014,59.45227952417084,False,0.0,ab_no_overlap,533.317589350047,316.77557643445004,97.99924873764861,False,97.99924873764861,ac_ok,3,LEFT,9336.0,1.0,19.290046219188753,499.0,459.0,286.0,272.0,sam2,554.0115324193087,319.9822729220223,48652.5,1.0,sam2_body_edge,656.256324615042,443.33856088244863,True,122,left,ac_ok|ab_no_overlap,True,12100.0,0.0,1780641410.3398201
8721.5,1.0,sam2,501.355615433125,223.73435379999617,480.98657771777584,279.40972355528385,59.284437206043535,False,0.0,ab_no_overlap,533.0073836979075,316.8809861220703,98.37748496089516,False,98.37748496089516,ac_ok,3,LEFT,9378.0,1.0,20.095231191904816,499.0,458.0,286.0,271.0,sam2,554.0753181204236,319.75705552001136,48652.5,1.0,sam2_body_edge,656.256324615042,443.33856088244863,True,123,left,ac_ok|ab_no_overlap,True,12200.0,0.0,1780641410.7540643
8742.5,1.0,sam2,500.944447621771,223.67480697740922,479.64401650280973,279.83048901830716,60.05971188186006,False,0.0,ab_no_overlap,532.6569178355423,317.00007646365066,98.56615388529127,False,98.56615388529127,ac_ok,3,LEFT,9364.5,1.0,20.772254682045826,488.0,459.0,283.0,272.0,sam2,554.4576325484543,319.8905440760318,48652.5,1.0,sam2_body_edge,656.256324615042,443.33856088244863,True,124,left,ac_ok|ab_no_overlap,True,12300.0,0.0,1780641411.1557791
8780.5,1.0,sam2,500.54493859499263,223.39244158457186,486.6052225798923,279.1513056449731,57.474921521372686,False,0.0,ab_no_overlap,532.3847812778347,317.0925500512212,98.96204276756815,False,98.96204276756815,ac_ok,3,LEFT,9292.0,1.0,14.036243467926482,574.0,458.0,301.0,272.0,sam2,553.6667742861242,319.97603673410816,48652.5,1.0,sam2_body_edge,656.256324615042,443.33856088244863,True,125,left,ac_ok|ab_no_overlap,True,12400.0,0.0,1780641411.5394604
8770.0,1.0,sam2,500.2850817179779,223.42314709236032,485.9892885003485,279.176740641115,57.557214120568375,False,0.0,ab_no_overlap,532.1424697209793,317.17488892976434,99.01657572306279,False,99.01657572306279,ac_ok,3,LEFT,9351.5,1.0,14.381394591090611,575.0,458.0,302.0,272.0,sam2,553.9090342012868,319.98595590725193,48652.5,1.0,sam2_body_edge,656.256324615042,443.33856088244863,True,126,left,ac_ok|ab_no_overlap,True,12500.0,0.0,1780641411.9590554
8737.0,1.0,sam2,499.8311777497997,223.181069016825,478.95261688206824,278.85723133077556,59.462167416912536,False,0.0,ab_no_overlap,531.8092961755933,317.28810324130325,99.39182033035314,False,99.39182033035314,ac_ok,3,LEFT,9403.0,1.0,20.556045219583467,490.0,458.0,283.0,271.0,sam2,554.0670885178489,319.8321457690808,48652.5,1.0,sam2_body_edge,656.256324615042,443.33856088244863,True,127,left,ac_ok|ab_no_overlap,True,12600.0,0.0,1780641412.3528478
8761.5,1.0,sam2,499.54077498145296,223.37801746276324,479.7902823102823,279.3377466977467,59.34284503465121,False,0.0,ab_no_overlap,531.4889579875759,317.3969560236393,99.2987774622956,False,99.2987774622956,ac_ok,3,LEFT,9352.0,1.0,19.44003482817618,493.0,459.0,284.0,272.0,sam2,553.5457299686341,319.87368120901056,48652.5,1.0,sam2_body_edge,656.256324615042,443.33856088244863,True,128,left,ac_ok|ab_no_overlap,True,12700.0,0.0,1780641412.7566075
8722.0,1.0,sam2,499.2288083772834,223.19330428800734,478.0225984750482,278.6556994169302,59.37828400900808,False,0.0,ab_no_overlap,531.2655540067883,317.4728699976933,99.57404069804836,False,99.57404069804836,ac_ok,3,LEFT,9422.5,1.0,20.924501744921145,492.0,458.0,284.0,271.0,sam2,553.5418944016981,319.67918988237375,48652.5,1.0,sam2_body_edge,656.256324615042,443.33856088244863,True,129,left,ac_ok|ab_no_overlap,True,12800.0,0.0,1780641413.1557324
8704.0,1.0,sam2,498.8628599877451,223.09296492034312,478.4999745621332,279.0908998407757,59.58536580578825,False,0.0,ab_no_overlap,530.9680533270366,317.5739624616866,99.78678437428799,False,99.78678437428799,ac_ok,3,LEFT,9414.0,1.0,19.98310652189997,492.0,459.0,284.0,272.0,sam2,553.4249699029813,319.94996813256853,48652.5,1.0,sam2_body_edge,656.256324615042,443.33856088244863,True,130,left,ac_ok|ab_no_overlap,True,12900.0,0.0,1780641413.5669909
8680.0,1.0,sam2,498.6210253456221,222.97409754224267,484.4994010165758,278.48668973228683,57.28060898200074,False,0.0,ab_no_overlap,530.7874629247863,317.6353281323542,99.97713880367114,False,99.97713880367114,ac_ok,3,LEFT,9459.0,1.0,14.272513384400327,573.0,459.0,301.0,272.0,sam2,554.0014448320823,319.6147408112203,48652.5,1.0,sam2_body_edge,656.256324615042,443.33856088244863,True,131,left,ac_ok|ab_no_overlap,True,13000.0,0.0,1780641413.9726667
8696.0,1.0,sam2,498.19194648880705,222.62091766329345,476.66736827736537,278.2260780428511,59.6258444637625,False,0.0,ab_no_overlap,530.5103897349654,317.7294792162739,100.44959061405989,False,100.44959061405989,ac_too_far,4,RIGHT,9563.0,1.0,21.161259816828277,489.0,458.0,283.0,271.0,sam2,554.7211823346927,319.12954442469237,48652.5,1.0,sam2_body_edge,656.256324615042,443.33856088244863,False,132,right,ac_too_far|ab_no_overlap,True,13100.0,0.0,1780641414.371719
8738.5,1.0,sam2,497.8419255783791,222.45290000190724,483.5759990658475,277.6144825170295,56.97645868982728,False,0.0,ab_no_overlap,530.247784684312,317.81871394222406,100.72128957123563,False,100.72128957123563,ac_too_far,4,RIGHT,9402.5,1.0,14.500166766552553,574.0,458.0,301.0,271.0,sam2,553.8196224408402,319.5631126473455,48652.5,1.0,sam2_body_edge,656.256324615042,443.33856088244863,False,133,right,ac_too_far|ab_no_overlap,True,13000.0,0.0,1780641414.7552428
8752.0,1.0,sam2,497.2044294637416,221.66849482023156,482.7883229895871,277.41077318696216,57.57626006774183,False,0.0,ab_no_overlap,529.9152330871979,317.9317169121172,101.66909363815547,False,101.66909363815547,ac_too_far,4,RIGHT,9343.0,1.0,14.500166766552553,574.0,458.0,301.0,271.0,sam2,553.4675514645545,319.71190552641906,48652.5,1.0,sam2_body_edge,656.256324615042,443.33856088244863,False,134,right,ac_too_far|ab_no_overlap,True,12900.0,0.0,1780641415.1563191
8773.5,1.0,sam2,496.37033870937097,220.7239224178872,481.645682249426,277.1684388476763,58.33351474800858,False,0.0,ab_no_overlap,529.4552292590192,318.0880288925663,102.8318005886061,False,102.8318005886061,ac_too_far,4,RIGHT,9705.0,1.0,14.620873988631644,573.0,458.0,301.0,271.0,sam2,554.9776575648291,318.91969775030054,48652.5,1.0,sam2_body_edge,656.256324615042,443.33856088244863,False,135,right,ac_too_far|ab_no_overlap,True,12800.0,0.0,1780641415.556731
8757.0,1.0,sam2,495.78611396597006,219.88557725248373,480.89391849352376,276.97232656352793,58.9972408921939,False,0.0,ab_no_overlap,529.1868664077888,318.1792201526931,103.81353716290349,False,103.81353716290349,ac_too_far,4,RIGHT,9503.5,1.0,14.620873988631644,573.0,458.0,301.0,271.0,sam2,554.212553269848,319.25497623682503,48652.5,1.0,sam2_body_edge,656.256324615042,443.33856088244863,False,136,right,ac_too_far|ab_no_overlap,True,12700.0,0.0,1780641415.956644
8763.0,1.0,sam2,495.48541214956816,219.27327018905243,480.9329220676059,277.4832305169015,60.00145372368382,False,0.0,ab_no_overlap,529.1038193732664,318.20744001879297,104.49003428154454,False,104.49003428154454,ac_too_far,4,RIGHT,9614.5,1.0,14.036243467926482,575.0,459.0,301.0,272.0,sam2,554.2539740322776,319.01546275590687,48652.5,1.0,sam2_body_edge,656.256324615042,443.33856088244863,False,137,right,ac_too_far|ab_no_overlap,True,12600.0,0.0,1780641416.3549342
8788.0,1.0,sam2,495.30805264754963,219.09200045516613,480.59290614117896,277.44516763560165,60.179960590646864,False,0.0,ab_no_overlap,529.0000396228646,318.24270498252173,104.71872895817523,False,104.71872895817523,ac_too_far,4,RIGHT,9808.0,1.0,14.153412587851392,574.0,459.0,301.0,272.0,sam2,554.9152732463295,318.7112051386623,48652.5,1.0,sam2_body_edge,656.256324615042,443.33856088244863,False,138,right,ac_too_far|ab_no_overlap,True,12500.0,0.0,1780641416.772168
8804.5,1.0,sam2,495.16137581161144,218.75612849489843,480.3155754044538,277.6274059715579,60.71429075154377,False,0.0,ab_no_overlap,528.9708630016289,318.25261936837853,105.08393369201814,False,105.08393369201814,ac_too_far,4,RIGHT,9743.0,1.0,14.153412587851392,573.0,458.0,301.0,272.0,sam2,554.689999657874,318.95052858462486,48652.5,1.0,sam2_body_edge,656.256324615042,443.33856088244863,False,139,right,ac_too_far|ab_no_overlap,True,12400.0,0.0,1780641417.1727877
8752.0,1.0,sam2,495.02801264472873,218.23836456429004,479.7905032279726,276.2581119588615,59.98727182457637,False,0.0,ab_no_overlap,529.009031763872,318.23964940062604,105.61707546269962,False,105.61707546269962,ac_too_far,4,RIGHT,9726.5,1.0,14.715071650597793,574.0,475.0,301.0,275.0,sam2,554.714748367861,318.5911855926249,48652.5,1.0,sam2_body_edge,656.256324615042,443.33856088244863,False,140,right,ac_too_far|ab_no_overlap,True,12300.0,0.0,1780641417.5736213
8791.5,1.0,sam2,495.05560294981893,218.05499630324746,479.7712632428877,276.25305903348567,60.17163406314986,False,0.0,ab_no_overlap,529.0896256567029,318.2122631263631,105.78181695872628,False,105.78181695872628,ac_too_far,4,RIGHT,9714.0,1.0,14.715071650597793,574.0,475.0,301.0,275.0,sam2,554.7928247889644,318.7408208084551,48652.5,1.0,sam2_body_edge,656.256324615042,443.33856088244863,False,141,right,ac_too_far|ab_no_overlap,True,12200.0,0.0,1780641417.974501
8763.5,1.0,sam2,494.89180502462864,217.6498354919077,479.64652799688224,276.5982399991937,60.88787125205929,False,0.0,ab_no_overlap,529.0662077537568,318.22022066619917,106.21813487346681,False,106.21813487346681,ac_too_far,4,RIGHT,9786.5,1.0,14.500166766552553,574.0,458.0,301.0,271.0,sam2,554.5911204209881,318.4483897886544,48652.5,1.0,sam2_body_edge,656.256324615042,443.33856088244863,False,142,right,ac_too_far|ab_no_overlap,True,12100.0,0.0,1780641418.3897192
8771.5,1.0,sam2,494.8175150582378,217.54405365862925,479.2733135546209,276.1337362491851,60.61660751351176,False,0.0,ab_no_overlap,529.0318323317126,318.2319016348549,106.34219405566883,False,106.34219405566883,ac_too_far,4,RIGHT,9640.0,1.0,14.858614447924651,573.0,475.0,301.0,275.0,sam2,554.0003457814661,318.995020746888,48652.5,1.0,sam2_body_edge,656.256324615042,443.33856088244863,False,143,right,ac_too_far|ab_no_overlap,True,12000.0,0.0,1780641418.78921
8749.5,1.0,sam2,495.1524849038992,217.06899441872866,479.53426680894637,275.9376626227817,60.90524470503669,False,0.0,ab_no_overlap,529.4768453156963,318.0806836305886,106.68422130339766,False,106.68422130339766,ac_too_far,4,RIGHT,9694.0,1.0,14.858614447924651,574.0,476.0,301.0,275.0,sam2,554.0754590468331,318.94885152327896,48652.5,1.0,sam2_body_edge,656.256324615042,443.33856088244863,False,144,right,ac_too_far|ab_no_overlap,True,11900.0,0.0,1780641419.1884801
8781.5,1.0,sam2,495.0952380952381,216.7838448252956,478.8266901593553,275.2301096319855,60.668208493376774,False,0.0,ab_no_overlap,529.512389754706,318.0686054231582,106.9726276096701,False,106.9726276096701,ac_too_far,4,RIGHT,9566.0,1.0,15.554571270074405,575.0,478.0,302.0,275.0,sam2,553.6369084953654,319.0165690988919,48652.5,1.0,sam2_body_edge,656.256324615042,443.33856088244863,False,145,right,ac_too_far|ab_no_overlap,True,11800.0,0.0,1780641419.605079
8766.5,1.0,sam2,495.27468202817545,216.28255290024526,479.43302742860897,275.3841104447818,61.18784294810637,False,0.0,ab_no_overlap,529.8259674185845,317.9620499063062,107.38953130326554,False,107.38953130326554,ac_too_far,4,RIGHT,9519.0,1.0,15.004920382860206,575.0,478.0,301.0,275.0,sam2,553.3518226704485,319.07789683790315,48652.5,1.0,sam2_body_edge,656.256324615042,443.33856088244863,False,146,right,ac_too_far|ab_no_overlap,True,11700.0,0.0,1780641420.0089502
8852.0,1.0,sam2,495.4529673143545,215.5385600241,479.1807149821764,274.6008092297833,61.262839284482325,False,0.0,ab_no_overlap,530.2124405400631,317.8307240883281,108.03660401859969,False,108.03660401859969,ac_too_far,4,RIGHT,9726.5,1.0,15.403424962469614,575.0,477.0,301.0,274.0,sam2,554.1628197878647,318.2105245120718,48652.5,1.0,sam2_body_edge,656.256324615042,443.33856088244863,False,147,right,ac_too_far|ab_no_overlap,True,11600.0,0.0,1780641420.4116216
8843.5,1.0,sam2,495.6244887959141,215.1230093665781,480.01178734995176,277.0533917688954,63.868057046836846,False,0.0,ab_no_overlap,530.4927964229626,317.73545752617775,108.37487436708297,False,108.37487436708297,ac_too_far,4,RIGHT,9764.5,1.0,14.149476086345203,575.0,456.0,301.0,271.0,sam2,554.5236315223514,318.2919077611074,48652.5,1.0,sam2_body_edge,656.256324615042,443.33856088244863,False,148,right,ac_too_far|ab_no_overlap,True,11500.0,0.0,1780641420.8252347
8843.0,1.0,sam2,495.6191526254287,214.84222925854723,479.6476926405345,276.59854120013824,63.788161900749046,False,0.0,ab_no_overlap,530.5735468756219,317.7080180519731,108.642441897684,False,108.642441897684,ac_too_far,4,RIGHT,9692.0,1.0,14.500166766552553,574.0,458.0,301.0,271.0,sam2,553.8837529233732,318.75091140459483,48652.5,1.0,sam2_body_edge,656.256324615042,443.33856088244863,False,149,right,ac_too_far|ab_no_overlap,True,11400.0,0.0,1780641421.2558398
8795.5,1.0,sam2,495.75212703465786,214.45333788111344,479.75680875592155,276.835079168185,64.3997814658187,False,0.0,ab_no_overlap,530.8112246619293,317.6272537556551,108.96787252821606,False,108.96787252821606,ac_too_far,4,RIGHT,9657.0,1.0,14.381394591090611,574.0,457.0,301.0,271.0,sam2,553.6289392841117,318.6342549445998,48652.5,1.0,sam2_body_edge,656.256324615042,443.33856088244863,False,150,right,ac_too_far|ab_no_overlap,True,11300.0,0.0,1780641421.6737523
8864.5,1.0,sam2,495.77009419595015,214.07443548235472,479.0299952525129,274.8347946103862,63.02421878931487,False,0.0,ab_no_overlap,530.942757259671,317.58255821273315,109.32084750019604,False,109.32084750019604,ac_too_far,4,RIGHT,9711.5,1.0,15.403424962469614,574.0,476.0,301.0,274.0,sam2,553.8211742092708,318.4471674475278,48652.5,1.0,sam2_body_edge,656.256324615042,443.33856088244863,False,151,right,ac_too_far|ab_no_overlap,True,11200.0,0.0,1780641422.0725176
8902.5,1.0,sam2,495.9452775437611,213.44217916315642,475.0,273.0,63.13349882763304,False,0.0,ab_no_overlap,531.2924111524914,317.463743783134,109.86312284084046,False,109.86312284084046,ac_too_far,4,RIGHT,9769.5,1.0,28.300755766006375,488.0,475.0,280.0,273.0,sam2,554.1552109456301,318.24453656788984,48652.5,1.0,sam2_body_edge,656.256324615042,443.33856088244863,False,152,right,ac_too_far|ab_no_overlap,True,11100.0,0.0,1780641422.4722953
8887.5,1.0,sam2,496.1021659634318,213.23546179090482,479.1569014621352,274.9646396170567,64.01275954145069,False,0.0,ab_no_overlap,531.4960316841166,317.3945523403487,110.00837183933373,False,110.00837183933373,ac_too_far,4,RIGHT,9771.5,1.0,15.350136492424411,574.0,472.0,301.0,273.0,sam2,554.2189871906394,318.2427808763581,48652.5,1.0,sam2_body_edge,656.256324615042,443.33856088244863,False,153,right,ac_too_far|ab_no_overlap,True,11000.0,0.0,1780641422.89095
8925.0,1.0,sam2,496.3059197012138,212.8235294117647,479.31129679758925,274.73251284639707,64.19921679854035,False,0.0,ab_no_overlap,531.8041810529631,317.28984138976983,110.3328459584135,False,110.3328459584135,ac_too_far,4,RIGHT,9909.0,1.0,15.350136492424411,575.0,473.0,301.0,273.0,sam2,554.7903589329566,317.9923806640428,48652.5,1.0,sam2_body_edge,656.256324615042,443.33856088244863,False,154,right,ac_too_far|ab_no_overlap,True,10900.0,0.0,1780641423.2881446
8956.5,1.0,sam2,496.4546604886581,212.44809170248794,479.3537752615574,274.74417360121186,64.60063541083002,False,0.0,ab_no_overlap,532.0518947555099,317.205666830652,110.64046562710256,False,110.64046562710256,ac_too_far,4,RIGHT,9766.0,1.0,15.350136492424411,575.0,473.0,301.0,273.0,sam2,553.8926035906887,318.21871800122875,48652.5,1.0,sam2_body_edge,656.256324615042,443.33856088244863,False,155,right,ac_too_far|ab_no_overlap,True,10800.0,0.0,1780641423.689466
9029.0,1.0,sam2,496.5186620888249,211.94076494259238,479.9671899601177,275.939790506927,66.10466324558146,False,0.0,ab_no_overlap,532.2638185298545,317.13365389762225,111.10022545296172,False,111.10022545296172,ac_too_far,4,RIGHT,9880.5,1.0,14.500166766552553,573.0,457.0,300.0,270.0,sam2,554.5030278494678,317.9296762984329,48652.5,1.0,sam2_body_edge,656.256324615042,443.33856088244863,False,156,right,ac_too_far|ab_no_overlap,True,10700.0,0.0,1780641424.0971766
8883.5,1.0,sam2,496.58488583703866,212.02699761730548,479.78231156728447,275.98518354733744,66.12848137944152,False,0.0,ab_no_overlap,532.2969179850226,317.1224065099438,110.99727118469839,False,110.99727118469839,ac_too_far,4,RIGHT,9863.5,1.0,14.719659717493244,575.0,457.0,301.0,270.0,sam2,554.5547050573664,317.9114749666278,48652.5,1.0,sam2_body_edge,656.256324615042,443.33856088244863,False,157,right,ac_too_far|ab_no_overlap,True,10600.0,0.0,1780641424.4907122
8927.0,1.0,sam2,496.841716142041,211.66235390762105,479.8683873803061,276.2705085490635,66.80050550277652,False,0.0,ab_no_overlap,532.6382441029186,317.00642190677524,111.2598942865951,False,111.2598942865951,ac_too_far,4,RIGHT,9898.5,1.0,14.719659717493244,574.0,456.0,301.0,270.0,sam2,554.5989122931084,317.82994056338504,48652.5,1.0,sam2_body_edge,656.256324615042,443.33856088244863,False,158,right,ac_too_far|ab_no_overlap,True,10500.0,0.0,1780641424.8879158
9003.5,1.0,sam2,497.13992706540046,210.99131819107384,479.79483891097556,275.33600005426297,66.64150483864984,False,0.0,ab_no_overlap,533.1100037314528,316.846115236885,111.79930443867508,False,111.79930443867508,ac_too_far,4,RIGHT,9873.5,1.0,15.086354008465122,575.0,460.0,301.0,270.0,sam2,554.3569824952313,317.9448692628416,48652.5,1.0,sam2_body_edge,656.256324615042,443.33856088244863,False,159,right,ac_too_far|ab_no_overlap,True,10400.0,0.0,1780641425.2881515
8976.0,1.0,sam2,497.4108920083184,210.4794080510992,480.0044332534983,275.61325371429695,67.41960143207996,False,0.0,ab_no_overlap,533.508863215484,316.71058046075785,112.19681598336014,False,112.19681598336014,ac_too_far,4,RIGHT,9813.0,1.0,14.962155254326547,575.0,459.0,301.0,270.0,sam2,554.1076463195081,317.99254390434453,48652.5,1.0,sam2_body_edge,656.256324615042,443.33856088244863,False,160,right,ac_too_far|ab_no_overlap,True,10300.0,0.0,1780641425.6916747
8888.0,1.0,sam2,497.3775315031503,210.57560756075608,479.54256455875554,274.2719180764516,66.14609602402514,False,0.0,ab_no_overlap,533.4496507064725,316.7307012162472,112.11646486054036,False,112.11646486054036,ac_too_far,4,RIGHT,9820.5,1.0,15.642246457208728,575.0,475.0,301.0,273.0,sam2,554.1710198055089,318.05624289326744,48652.5,1.0,sam2_body_edge,656.256324615042,443.33856088244863,False,161,right,ac_too_far|ab_no_overlap,True,10200.0,0.0,1780641426.0905938
8873.5,1.0,sam2,497.57436937698384,210.10061794481695,480.062785676175,276.0609165511969,68.245267645114,False,0.0,ab_no_overlap,533.7708092808313,316.62156966185347,112.50286848083503,False,112.50286848083503,ac_too_far,4,RIGHT,9769.0,1.0,14.868281358498194,574.0,461.0,301.0,271.0,sam2,553.8731702323677,318.2507762650561,48652.5,1.0,sam2_body_edge,656.256324615042,443.33856088244863,False,162,right,ac_too_far|ab_no_overlap,True,10100.0,0.0,1780641426.4894156
8931.0,1.0,sam2,497.7698092785428,209.73088120031352,480.36097114918067,275.88446609188964,68.4058801494528,False,0.0,ab_no_overlap,534.0586513358907,316.5237592547944,112.79006543584575,False,112.79006543584575,ac_too_far,4,RIGHT,9878.0,1.0,14.743562836470716,572.0,458.0,300.0,270.0,sam2,554.4925760950259,317.8843558075184,48652.5,1.0,sam2_body_edge,656.256324615042,443.33856088244863,False,163,right,ac_too_far|ab_no_overlap,True,10000.0,0.0,1780641426.890172
8956.0,1.0,sam2,497.9457719219889,209.31202545779365,481.5151341047314,275.5822646540656,68.27671976752394,False,0.0,ab_no_overlap,534.3439954829335,316.4267976514304,113.13003624363951,False,113.13003624363951,ac_too_far,4,RIGHT,9855.0,1.0,13.924773220409435,580.0,459.0,300.0,270.0,sam2,553.9945036360562,317.9249957720277,48652.5,1.0,sam2_body_edge,656.256324615042,443.33856088244863,False,164,right,ac_too_far|ab_no_overlap,True,9900.0,0.0,1780641427.2893806
8848.0,1.0,sam2,498.3623417721519,209.29524562989752,480.3293878156394,275.1848850863855,68.31275148977444,False,0.0,ab_no_overlap,534.7225556333428,316.2981607071165,113.01189754647108,False,113.01189754647108,ac_too_far,4,RIGHT,9881.5,1.0,15.306138974089862,571.0,476.0,300.0,274.0,sam2,554.4656681677883,317.9597227141628,48652.5,1.0,sam2_body_edge,656.256324615042,443.33856088244863,False,165,right,ac_too_far|ab_no_overlap,True,9800.0,0.0,1780641427.6982703
8849.0,1.0,sam2,498.66570610615133,208.97728556899085,481.323954802484,276.0320572765045,69.26094676673873,False,0.0,ab_no_overlap,535.0913775227267,316.17283288062686,113.21534746486233,False,113.21534746486233,ac_too_far,4,RIGHT,9847.5,1.0,14.500166766552553,574.0,458.0,300.0,270.0,sam2,554.8260302953372,317.9552509097063,48652.5,1.0,sam2_body_edge,656.256324615042,443.33856088244863,False,166,right,ac_too_far|ab_no_overlap,True,9700.0,0.0,1780641428.1064134
8847.0,1.0,sam2,498.93606118835004,208.50802531931728,481.2154935086256,275.8461825022699,69.63078293174456,False,0.0,ab_no_overlap,535.476697808946,316.04189880278534,113.5726730820269,False,113.5726730820269,ac_too_far,4,RIGHT,9897.0,1.0,14.743562836470716,573.0,459.0,300.0,270.0,sam2,555.1169714728368,317.80265063487246,48652.5,1.0,sam2_body_edge,656.256324615042,443.33856088244863,False,167,right,ac_too_far|ab_no_overlap,True,9600.0,0.0,1780641428.5103836
8920.5,1.0,sam2,499.1466659193244,207.98727649795416,481.5347770147192,276.0865802624274,70.33984506660612,False,0.0,ab_no_overlap,535.8241378200936,315.923836663075,113.99797351405185,False,113.99797351405185,ac_too_far,4,RIGHT,10032.0,1.0,14.500166766552553,574.0,458.0,300.0,270.0,sam2,555.7680422647528,317.56891281233385,48652.5,1.0,sam2_body_edge,656.256324615042,443.33856088244863,False,168,right,ac_too_far|ab_no_overlap,True,9500.0,0.0,1780641428.90671
8886.5,1.0,sam2,498.9410716630094,207.98212644648248,481.36142339677366,276.4821352080216,70.71983620947874,False,0.0,ab_no_overlap,535.6413945777672,315.9859338813412,114.0689972011394,False,114.0689972011394,ac_too_far,4,RIGHT,9890.5,1.0,14.393592968490509,573.0,460.0,300.0,271.0,sam2,554.7835465008509,318.01824983570094,48652.5,1.0,sam2_body_edge,656.256324615042,443.33856088244863,False,169,right,ac_too_far|ab_no_overlap,True,9400.0,0.0,1780641429.3086069
8879.0,1.0,sam2,499.18678905282127,207.57089762360627,481.2127470645738,276.5680265462335,71.29985964194408,False,0.0,ab_no_overlap,535.9869493939733,315.8685123418537,114.37930387441806,False,114.37930387441806,ac_too_far,4,RIGHT,9867.0,1.0,14.601272285833943,575.0,456.0,301.0,270.0,sam2,554.5714671801628,318.04292084726865,48652.5,1.0,sam2_body_edge,656.256324615042,443.33856088244863,False,170,right,ac_too_far|ab_no_overlap,True,9300.0,0.0,1780641429.7060814
9023.5,1.0,sam2,499.62468369627453,206.68338227960325,481.1399245421325,275.64575297005615,71.39674286852359,False,0.0,ab_no_overlap,536.6498796869872,315.64324476655776,115.07874161341323,False,115.07874161341323,ac_too_far,4,RIGHT,9935.0,1.0,15.004920382860206,572.0,475.0,300.0,274.0,sam2,555.4304814628417,317.7812950847173,48652.5,1.0,sam2_body_edge,656.256324615042,443.33856088244863,False,171,right,ac_too_far|ab_no_overlap,True,9200.0,0.0,1780641430.107884
8994.0,1.0,sam2,499.52829664220593,206.21349418130603,481.179547093941,275.37416555553534,71.55330233412776,False,0.0,ab_no_overlap,536.7066125193134,315.6239666196508,115.55465655108745,False,115.55465655108745,ac_too_far,4,RIGHT,9990.0,1.0,14.858614447924651,574.0,476.0,300.0,274.0,sam2,555.4174841508175,317.59634634634637,48652.5,1.0,sam2_body_edge,656.256324615042,443.33856088244863,False,172,right,ac_too_far|ab_no_overlap,True,9100.0,0.0,1780641430.5076172
8896.0,1.0,sam2,499.21228642086334,206.45093300359713,480.5681222218609,275.5033929999024,71.52515005381468,False,0.0,ab_no_overlap,536.3509830286439,315.7448115922084,115.43151511899545,False,115.43151511899545,ac_too_far,4,RIGHT,9806.5,1.0,15.109575122340459,575.0,475.0,301.0,274.0,sam2,554.3409983174425,317.99896327265924,48652.5,1.0,sam2_body_edge,656.256324615042,443.33856088244863,False,173,right,ac_too_far|ab_no_overlap,True,9000.0,0.0,1780641430.9245079
9033.5,1.0,sam2,499.3676684932012,206.09298721425805,480.6228679663071,275.51817435090294,71.91122412913865,False,0.0,ab_no_overlap,536.5993219652671,315.6604245749092,115.72043618153283,False,115.72043618153283,ac_too_far,4,RIGHT,9908.5,1.0,15.109575122340459,575.0,475.0,301.0,274.0,sam2,554.466098131234,317.971102252275,48652.5,1.0,sam2_body_edge,656.256324615042,443.33856088244863,False,174,right,ac_too_far|ab_no_overlap,True,8900.0,0.0,1780641431.3383038
9023.0,1.0,sam2,499.18543352174066,205.78933466326794,480.7611017991713,276.4159395997838,72.99022759439764,False,0.0,ab_no_overlap,536.528452997386,315.68450626302416,116.06657505284755,False,116.06657505284755,ac_too_far,4,RIGHT,9877.0,1.0,14.620873988631644,575.0,460.0,301.0,271.0,sam2,554.4169957139482,318.132175761871,48652.5,1.0,sam2_body_edge,656.256324615042,443.33856088244863,False,175,right,ac_too_far|ab_no_overlap,True,8800.0,0.0,1780641431.755557
8938.0,1.0,sam2,499.2572350264786,205.68971432833592,480.52945155338335,275.74549694991435,72.51580898353814,False,0.0,ab_no_overlap,536.6231693630439,315.6523210902278,116.13779718384097,False,116.13779718384097,ac_too_far,4,RIGHT,9909.0,1.0,14.966719564004848,575.0,474.0,301.0,274.0,sam2,554.7892992902075,318.0517206579877,48652.5,1.0,sam2_body_edge,656.256324615042,443.33856088244863,False,176,right,ac_too_far|ab_no_overlap,True,8700.0,0.0,1780641432.1559758
8992.5,1.0,sam2,499.2903716059679,205.0865350755259,480.687696318548,276.39679034396903,73.69675728483382,False,0.0,ab_no_overlap,536.8366227328412,315.579788391753,116.69824335475738,False,116.69824335475738,ac_too_far,4,RIGHT,9961.5,1.0,14.620873988631644,575.0,460.0,301.0,271.0,sam2,555.0078301460624,317.90080141879565,48652.5,1.0,sam2_body_edge,656.256324615042,443.33856088244863,False,177,right,ac_too_far|ab_no_overlap,True,8600.0,0.0,1780641432.5574636
8869.5,1.0,sam2,499.1716744649265,205.0795234605483,480.5111327955784,276.6115998597161,73.92600198421292,False,0.0,ab_no_overlap,536.7323485147143,315.61522137849516,116.74307152581692,False,116.74307152581692,ac_too_far,4,RIGHT,10024.5,1.0,14.620873988631644,574.0,459.0,301.0,271.0,sam2,555.628609905731,317.96269140605517,48652.5,1.0,sam2_body_edge,656.256324615042,443.33856088244863,False,178,right,ac_too_far|ab_no_overlap,True,8500.0,0.0,1780641432.957894
8966.5,1.0,sam2,499.26478187326893,204.03799327125037,480.00982389459085,275.35265245153954,73.86835601772562,False,0.0,ab_no_overlap,537.1330999789295,315.47904369648023,117.69926608110234,False,117.69926608110234,ac_too_far,4,RIGHT,9994.5,1.0,15.109575122340459,575.0,475.0,301.0,274.0,sam2,555.3481748294895,317.85303583637665,48652.5,1.0,sam2_body_edge,656.256324615042,443.33856088244863,False,179,right,ac_too_far|ab_no_overlap,True,8400.0,0.0,1780641433.3559208
8877.0,1.0,sam2,499.050636476287,204.290864030641,480.20517864103414,276.53178573244367,74.65856983191065,False,0.0,ab_no_overlap,536.8640897030986,315.5704549552578,117.52873946948601,False,117.52873946948601,ac_too_far,4,RIGHT,9937.5,1.0,14.620873988631644,574.0,459.0,301.0,271.0,sam2,554.9569979035639,318.41527882599576,48652.5,1.0,sam2_body_edge,656.256324615042,443.33856088244863,False,180,right,ac_too_far|ab_no_overlap,True,8300.0,0.0,1780641433.7575266
8830.0,1.0,sam2,498.84932049830127,203.73714609286523,479.88144549454296,276.44733360727207,75.14354031144929,False,0.0,ab_no_overlap,536.8522925047912,315.57446371196414,118.11778652498222,False,118.11778652498222,ac_too_far,4,RIGHT,9928.5,1.0,14.620873988631644,574.0,459.0,301.0,271.0,sam2,554.9048530325158,318.14334155881215,48652.5,1.0,sam2_body_edge,656.256324615042,443.33856088244863,False,181,right,ac_too_far|ab_no_overlap,True,8200.0,0.0,1780641434.1553457
8996.5,1.0,sam2,499.07580725837823,202.9221734378184,479.669631912868,275.5156441747271,75.1426086529547,False,0.0,ab_no_overlap,537.3036001318911,315.42110675129913,118.81655669413749,False,118.81655669413749,ac_too_far,4,RIGHT,9899.0,1.0,14.966719564004848,575.0,474.0,301.0,274.0,sam2,554.725494157659,318.03928006195906,48652.5,1.0,sam2_body_edge,656.256324615042,443.33856088244863,False,182,right,ac_too_far|ab_no_overlap,True,8100.0,0.0,1780641434.5672655
8959.5,1.0,sam2,499.2971892032665,202.38380117938127,479.6237445444118,275.2484110269912,75.47380865564845,False,0.0,ab_no_overlap,537.6660703908893,315.2979372458143,119.25507606479009,False,119.25507606479009,ac_too_far,4,RIGHT,9910.5,1.0,15.109575122340459,575.0,475.0,301.0,274.0,sam2,554.864419891361,317.9826614869751,48652.5,1.0,sam2_body_edge,656.256324615042,443.33856088244863,False,183,right,ac_too_far|ab_no_overlap,True,8000.0,0.0,1780641434.9928243
8920.0,1.0,sam2,499.2371263079222,202.18613602391628,479.51801941875254,275.21986524306317,75.64898399953677,False,0.0,ab_no_overlap,537.6724398034924,315.2957728823084,119.46155563083924,False,119.46155563083924,ac_too_far,4,RIGHT,9897.0,1.0,15.109575122340459,575.0,475.0,301.0,274.0,sam2,554.6049139469873,318.10471186554844,48652.5,1.0,sam2_body_edge,656.256324615042,443.33856088244863,False,184,right,ac_too_far|ab_no_overlap,True,7900.0,0.0,1780641435.3895476
8920.0,1.0,sam2,499.3217115097159,201.77602765321373,479.7379805234786,276.1942054009154,76.95185312018047,False,0.0,ab_no_overlap,537.8732007534849,315.2275531420197,119.82264376423025,False,119.82264376423025,ac_too_far,4,RIGHT,9905.0,1.0,14.743562836470716,574.0,460.0,301.0,271.0,sam2,554.7987043580682,318.00935554433784,48652.5,1.0,sam2_body_edge,656.256324615042,443.33856088244863,False,185,right,ac_too_far|ab_no_overlap,True,7800.0,0.0,1780641435.7894104
8846.5,1.0,sam2,499.23257785564914,201.91591778292732,479.96384518739217,276.42168410018763,76.95708721854638,False,0.0,ab_no_overlap,537.7506789642664,315.2691867597153,119.71886944311538,False,119.71886944311538,ac_too_far,4,RIGHT,9853.0,1.0,14.500166766552553,575.0,459.0,301.0,271.0,sam2,554.0705030616732,318.3204269427247,48652.5,1.0,sam2_body_edge,656.256324615042,443.33856088244863,False,186,right,ac_too_far|ab_no_overlap,True,7700.0,0.0,1780641436.1898665
8898.5,1.0,sam2,499.4166432544811,201.4676630892847,479.8583040494545,276.44129670855335,77.48273595153445,False,0.0,ab_no_overlap,538.0522429313772,315.1667135670077,120.08406905967662,False,120.08406905967662,ac_too_far,4,RIGHT,9901.5,1.0,14.620873988631644,574.0,459.0,301.0,271.0,sam2,554.549512700096,318.43331818411355,48652.5,1.0,sam2_body_edge,656.256324615042,443.33856088244863,False,187,right,ac_too_far|ab_no_overlap,True,7600.0,0.0,1780641436.606647
8865.5,1.0,sam2,499.3491060853872,201.33463049649387,479.7625772171433,276.41632449142867,77.59441272575995,False,0.0,ab_no_overlap,538.0322227074541,315.17351655571946,120.23175741376227,False,120.23175741376227,ac_too_far,4,RIGHT,9840.0,1.0,14.620873988631644,574.0,459.0,301.0,271.0,sam2,554.2825372628726,318.33470528455285,48652.5,1.0,sam2_body_edge,656.256324615042,443.33856088244863,False,188,right,ac_too_far|ab_no_overlap,True,7500.0,0.0,1780641437.0099216
8858.5,1.0,sam2,499.36371846249364,201.02528644804426,479.3438771586034,275.1728468328229,76.80270019242388,False,0.0,ab_no_overlap,538.1395581817978,315.1370433362823,120.51995190032858,False,120.51995190032858,ac_too_far,4,RIGHT,9972.0,1.0,15.109575122340459,575.0,475.0,301.0,274.0,sam2,555.1813410883808,317.9853590052146,48652.5,1.0,sam2_body_edge,656.256324615042,443.33856088244863,False,189,right,ac_too_far|ab_no_overlap,True,7400.0,0.0,1780641437.4061673
8836.0,1.0,sam2,499.7597706352799,200.40353855439866,479.9833751974692,276.2130543993398,78.34659219874877,False,0.0,ab_no_overlap,538.6840164087441,314.95203325916464,120.98121568310036,False,120.98121568310036,ac_too_far,4,RIGHT,9949.5,1.0,14.620873988631644,575.0,460.0,301.0,271.0,sam2,555.6284570413924,317.8190026299479,48652.5,1.0,sam2_body_edge,656.256324615042,443.33856088244863,False,190,right,ac_too_far|ab_no_overlap,True,7300.0,0.0,1780641437.8071024
8885.5,1.0,sam2,499.7234258060886,200.72447620655373,480.347945087937,276.22203900486875,77.94415463358996,False,0.0,ab_no_overlap,538.5536663555997,314.9963269665438,120.68903619321159,False,120.68903619321159,ac_too_far,4,RIGHT,10021.0,1.0,14.393592968490509,573.0,460.0,300.0,271.0,sam2,555.5821275321824,317.8067059175731,48652.5,1.0,sam2_body_edge,656.256324615042,443.33856088244863,False,191,right,ac_too_far|ab_no_overlap,True,7200.0,0.0,1780641438.206996
8961.5,1.0,sam2,499.8326916996782,200.19280626383232,480.32244426449444,276.21549454575523,78.48629745753404,False,0.0,ab_no_overlap,538.8135845581182,314.9080052472414,121.15728160471546,False,121.15728160471546,ac_too_far,4,RIGHT,9953.5,1.0,14.393592968490509,573.0,460.0,300.0,271.0,sam2,555.0174980325178,317.77887175365447,48652.5,1.0,sam2_body_edge,656.256324615042,443.33856088244863,False,192,right,ac_too_far|ab_no_overlap,True,7100.0,0.0,1780641438.6241405
8951.0,1.0,sam2,499.69783636837593,200.20714631512305,479.57278287238273,275.48975383717163,77.9261751501727,False,0.0,ab_no_overlap,538.6883203959846,314.9505707392285,121.18709210669927,False,121.18709210669927,ac_too_far,4,RIGHT,9964.0,1.0,14.966719564004848,575.0,474.0,301.0,274.0,sam2,555.1043255720595,317.921467282216,48652.5,1.0,sam2_body_edge,656.256324615042,443.33856088244863,False,193,right,ac_too_far|ab_no_overlap,True,7000.0,0.0,1780641439.021295
8937.5,1.0,sam2,499.6100699300699,200.44615384615383,479.7899048208429,276.42345343152425,78.51999106751191,False,0.0,ab_no_overlap,538.5368300889579,315.00204802802403,120.98903069400727,False,120.98903069400727,ac_too_far,4,RIGHT,9799.0,1.0,14.620873988631644,574.0,459.0,301.0,271.0,sam2,554.1650508555294,318.39917338503926,48652.5,1.0,sam2_body_edge,656.256324615042,443.33856088244863,False,194,right,ac_too_far|ab_no_overlap,True,6900.0,0.0,1780641439.422248
8971.0,1.0,sam2,499.8621112473526,199.97995392561214,479.9757353833345,276.21106140434813,78.78229301333897,False,0.0,ab_no_overlap,538.904800094755,314.87700967653956,121.34935093632272,False,121.34935093632272,ac_too_far,4,RIGHT,9948.5,1.0,14.620873988631644,575.0,460.0,301.0,271.0,sam2,555.127288871019,318.1283945653448,48652.5,1.0,sam2_body_edge,656.256324615042,443.33856088244863,False,195,right,ac_too_far|ab_no_overlap,True,6800.0,0.0,1780641439.8230348
8995.5,1.0,sam2,499.74326051914846,199.95421784966555,479.96698186559615,276.422495310068,78.98416711685981,False,0.0,ab_no_overlap,538.8060922342066,314.9105511825511,121.41195738040156,False,121.41195738040156,ac_too_far,4,RIGHT,9934.0,1.0,14.500166766552553,575.0,459.0,301.0,271.0,sam2,554.859103415878,318.31866988792694,48652.5,1.0,sam2_body_edge,656.256324615042,443.33856088244863,False,196,right,ac_too_far|ab_no_overlap,True,6700.0,0.0,1780641440.220351
8920.5,1.0,sam2,500.02572725744074,199.60035872428676,479.4071141234753,275.20194021549327,78.36278664991228,False,0.0,ab_no_overlap,539.167115706704,314.7878733035472,121.65612111473656,False,121.65612111473656,ac_too_far,4,RIGHT,9901.0,1.0,15.255118703057775,574.0,475.0,301.0,274.0,sam2,554.892738107262,318.2587112412888,48652.5,1.0,sam2_body_edge,656.256324615042,443.33856088244863,False,197,right,ac_too_far|ab_no_overlap,True,6600.0,0.0,1780641440.6222591
9035.5,1.0,sam2,499.9849482596425,199.38531348569532,480.0556112226226,276.44541669550586,79.59546457834006,False,0.0,ab_no_overlap,539.1960673458353,314.77803536792004,121.87285228212252,False,121.87285228212252,ac_too_far,4,RIGHT,9846.5,1.0,14.500166766552553,575.0,459.0,301.0,271.0,sam2,554.4653260887964,318.34570659625246,48652.5,1.0,sam2_body_edge,656.256324615042,443.33856088244863,False,198,right,ac_too_far|ab_no_overlap,True,6500.0,0.0,1780641441.0231593
8946.0,1.0,sam2,500.07962590356954,199.2487331395782,480.0007916393807,276.2175978189689,79.54474033802059,False,0.0,ab_no_overlap,539.322550975392,314.7350554937988,121.97170909311565,False,121.97170909311565,ac_too_far,4,RIGHT,9903.5,1.0,14.620873988631644,575.0,460.0,301.0,271.0,sam2,554.6125107285303,318.21297184497064,48652.5,1.0,sam2_body_edge,656.256324615042,443.33856088244863,False,199,right,ac_too_far|ab_no_overlap,True,6400.0,0.0,1780641441.4263
8977.0,1.0,sam2,500.1746500315621,199.2489138910549,480.4160027240267,276.2395051238653,79.48556649984495,False,0.0,ab_no_overlap,539.4076835902982,314.70612693533553,121.94096508627983,False,121.94096508627983,ac_too_far,4,RIGHT,9974.5,1.0,14.393592968490509,573.0,460.0,300.0,271.0,sam2,554.8173007836649,318.08309522616,48652.5,1.0,sam2_body_edge,656.256324615042,443.33856088244863,False,200,right,ac_too_far|ab_no_overlap,True,6300.0,0.0,1780641441.8414493
8853.5,1.0,sam2,500.0765045838745,199.01991679373504,479.9419813139912,276.2022559949542,79.7653590970261,False,0.0,ab_no_overlap,539.3894572493587,314.7123203521597,122.18936323757475,False,122.18936323757475,ac_too_far,4,RIGHT,9858.5,1.0,14.620873988631644,575.0,460.0,301.0,271.0,sam2,554.6243005190106,318.02383729776335,48652.5,1.0,sam2_body_edge,656.256324615042,443.33856088244863,False,201,right,ac_too_far|ab_no_overlap,True,6200.0,0.0,1780641442.2519696
8872.5,1.0,sam2,500.24316708932093,199.0021414482953,479.78109672531235,275.5454416988459,79.23113741975168,False,0.0,ab_no_overlap,539.5442825527717,314.6597098121649,122.15257179656376,False,122.15257179656376,ac_too_far,4,RIGHT,9986.5,1.0,14.966719564004848,575.0,474.0,301.0,274.0,sam2,555.0455781972329,318.0614496236586,48652.5,1.0,sam2_body_edge,656.256324615042,443.33856088244863,False,202,right,ac_too_far|ab_no_overlap,True,6100.0,0.0,1780641442.6400306
8892.0,1.0,sam2,500.2343679712101,198.88896386264807,480.3853621750389,276.23164162014274,79.84906282353036,False,0.0,ab_no_overlap,539.57087164794,314.65067468273884,122.26256259993778,False,122.26256259993778,ac_too_far,4,RIGHT,9891.5,1.0,14.393592968490509,573.0,460.0,300.0,271.0,sam2,554.3504524086337,318.1144753913292,48652.5,1.0,sam2_body_edge,656.256324615042,443.33856088244863,False,203,right,ac_too_far|ab_no_overlap,True,6000.0,0.0,1780641443.0593674
8853.5,1.0,sam2,500.4274015925905,198.7662882852356,480.3202702049678,276.5138629840434,80.30555462846776,False,0.0,ab_no_overlap,539.7812940871656,314.5791719121282,122.31660912750459,False,122.31660912750459,ac_too_far,4,RIGHT,9962.0,1.0,14.500166766552553,575.0,459.0,301.0,271.0,sam2,555.3470186709496,318.0407046777755,48652.5,1.0,sam2_body_edge,656.256324615042,443.33856088244863,False,204,right,ac_too_far|ab_no_overlap,True,5900.0,0.0,1780641443.4725795
8975.0,1.0,sam2,500.7488393686165,198.57450324976784,479.9501866399979,275.6065503927994,79.7904771408964,False,0.0,ab_no_overlap,540.1278817514145,314.46139940485915,122.39477799092215,False,122.39477799092215,ac_too_far,4,RIGHT,9830.0,1.0,15.109575122340459,574.0,474.0,301.0,274.0,sam2,554.5327060020346,318.3384367582231,48652.5,1.0,sam2_body_edge,656.256324615042,443.33856088244863,False,205,right,ac_too_far|ab_no_overlap,True,5800.0,0.0,1780641443.8739562
8933.0,1.0,sam2,500.81697078249186,198.58114108735398,480.4643805557399,276.5994036232365,80.6292578290038,False,0.0,ab_no_overlap,540.1869384326133,314.44133160056833,122.36657263538082,False,122.36657263538082,ac_too_far,4,RIGHT,9869.0,1.0,14.620873988631644,574.0,459.0,301.0,271.0,sam2,554.3757895092376,318.36991252068765,48652.5,1.0,sam2_body_edge,656.256324615042,443.33856088244863,False,206,right,ac_too_far|ab_no_overlap,True,5700.0,0.0,1780641444.2904477
8938.5,1.0,sam2,500.79621860491136,198.35005873468702,480.26236594995294,275.92239098675225,80.24403925451624,False,0.0,ab_no_overlap,540.2387292074495,314.4237327935851,122.59204481597752,False,122.59204481597752,ac_too_far,4,RIGHT,9909.0,1.0,14.826479970355678,575.0,473.0,301.0,274.0,sam2,554.7717058566286,318.1350455814579,48652.5,1.0,sam2_body_edge,656.256324615042,443.33856088244863,False,207,right,ac_too_far|ab_no_overlap,True,5600.0,0.0,1780641444.70626
8901.0,1.0,sam2,501.21340298842824,198.22416956896228,480.6329911602954,276.4297345158672,80.86818743906726,False,0.0,ab_no_overlap,540.6510783343017,314.283614158247,122.57701625941044,False,122.57701625941044,ac_too_far,4,RIGHT,9848.5,1.0,14.743562836470716,574.0,460.0,301.0,271.0,sam2,554.2377180958182,318.47797464926975,48652.5,1.0,sam2_body_edge,656.256324615042,443.33856088244863,False,208,right,ac_too_far|ab_no_overlap,True,5500.0,0.0,1780641445.1047156
8918.0,1.0,sam2,501.0111572101368,198.5022987216865,480.62693696947804,276.64180964421166,80.75456397028663,False,0.0,ab_no_overlap,540.3850414019487,314.3740150575902,122.37874571582417,False,122.37874571582417,ac_too_far,4,RIGHT,9928.0,1.0,14.620873988631644,574.0,459.0,301.0,271.0,sam2,554.5813020413644,318.40414316411494,48652.5,1.0,sam2_body_edge,656.256324615042,443.33856088244863,False,209,right,ac_too_far|ab_no_overlap,True,5400.0,0.0,1780641445.4900637
8931.5,1.0,sam2,501.140401948161,198.21982123196923,480.5636479801119,276.41148631055574,80.8538143294642,False,0.0,ab_no_overlap,540.5869586552975,314.3054023986853,122.60462059344893,False,122.60462059344893,ac_too_far,4,RIGHT,9937.5,1.0,14.743562836470716,574.0,460.0,301.0,271.0,sam2,555.204427672956,318.18064570230604,48652.5,1.0,sam2_body_edge,656.256324615042,443.33856088244863,False,210,right,ac_too_far|ab_no_overlap,True,5300.0,0.0,1780641445.8899462
8939.0,1.0,sam2,501.28877204758174,197.94117537383002,480.96610341270565,276.4287232050756,81.07592753095729,False,0.0,ab_no_overlap,540.8048542699119,314.2313601995445,122.82071421792331,False,122.82071421792331,ac_too_far,4,RIGHT,9889.5,1.0,14.516699958854645,572.0,460.0,300.0,271.0,sam2,554.7320558841868,318.01880782648266,48652.5,1.0,sam2_body_edge,656.256324615042,443.33856088244863,False,211,right,ac_too_far|ab_no_overlap,True,5200.0,0.0,1780641446.2897353
8969.0,1.0,sam2,501.4918794365778,198.102854275839,480.3916277148354,275.47044392222784,80.19329492178822,False,0.0,ab_no_overlap,540.937684576496,314.18622368759844,122.60228463256061,False,122.60228463256061,ac_too_far,4,RIGHT,9932.5,1.0,15.255118703057775,574.0,475.0,301.0,274.0,sam2,554.9237519926168,318.13138686131384,48652.5,1.0,sam2_body_edge,656.256324615042,443.33856088244863,False,212,right,ac_too_far|ab_no_overlap,True,5100.0,0.0,1780641446.6889462
8865.5,1.0,sam2,501.48810933769477,197.99368337939202,481.1271954171291,276.7225505389127,81.31913268045925,False,0.0,ab_no_overlap,540.9675615498476,314.176071318013,122.70686376112738,False,122.70686376112738,ac_too_far,4,RIGHT,9884.5,1.0,14.500166766552553,575.0,459.0,301.0,271.0,sam2,554.7114505876203,318.2608123830239,48652.5,1.0,sam2_body_edge,656.256324615042,443.33856088244863,False,213,right,ac_too_far|ab_no_overlap,True,5000.0,0.0,1780641447.0923896
8945.0,1.0,sam2,501.7519657164151,197.74015278554126,480.9527827415862,276.7770480898911,81.72782165071554,False,0.0,ab_no_overlap,541.2813379663319,314.0694482638678,122.86202121467925,False,122.86202121467925,ac_too_far,4,RIGHT,9941.5,1.0,14.743562836470716,573.0,459.0,301.0,271.0,sam2,555.0241579909134,318.2196348639541,48652.5,1.0,sam2_body_edge,656.256324615042,443.33856088244863,False,214,right,ac_too_far|ab_no_overlap,True,4900.0,0.0,1780641447.5066013
8917.5,1.0,sam2,502.0125782637136,197.3343238949631,481.3429922106361,276.5677370984268,81.88507529138866,False,0.0,ab_no_overlap,541.6386010781135,313.94804817734007,123.16242273962293,False,123.16242273962293,ac_too_far,4,RIGHT,9882.5,1.0,14.620873988631644,575.0,460.0,301.0,271.0,sam2,554.4428535289653,318.0709671979087,48652.5,1.0,sam2_body_edge,656.256324615042,443.33856088244863,False,215,right,ac_too_far|ab_no_overlap,True,4800.0,0.0,1780641447.924941
8995.5,1.0,sam2,502.05148870731654,197.5004354028866,481.75586966340813,276.58336478087466,81.64570944868629,False,0.0,ab_no_overlap,541.6228810265773,313.9533899424252,122.99262462063604,False,122.99262462063604,ac_too_far,4,RIGHT,9926.0,1.0,14.393592968490509,573.0,460.0,300.0,271.0,sam2,554.7912217073007,318.02291960507756,48652.5,1.0,sam2_body_edge,656.256324615042,443.33856088244863,False,216,right,ac_too_far|ab_no_overlap,True,4700.0,0.0,1780641448.357513
8929.0,1.0,sam2,502.129223130623,197.47677978123716,483.01686285149776,276.5624085224453,81.36227005701902,False,0.0,ab_no_overlap,541.6997749773044,313.9272609300422,122.99001233124218,False,122.99001233124218,ac_too_far,4,RIGHT,9915.0,1.0,13.585991207888924,580.0,460.0,300.0,271.0,sam2,554.6241217011262,318.065204236006,48652.5,1.0,sam2_body_edge,656.256324615042,443.33856088244863,False,217,right,ac_too_far|ab_no_overlap,True,4600.0,0.0,1780641448.756344
8975.5,1.0,sam2,502.3177910237127,197.17116966557109,481.40669346577596,276.63334038573055,82.16757618816143,False,0.0,ab_no_overlap,541.9619214404414,313.83818203480143,123.2187033354139,False,123.2187033354139,ac_too_far,4,RIGHT,9876.5,1.0,14.743562836470716,574.0,460.0,301.0,271.0,sam2,555.0460183263302,317.9705361210955,48652.5,1.0,sam2_body_edge,656.256324615042,443.33856088244863,False,218,right,ac_too_far|ab_no_overlap,True,4500.0,0.0,1780641449.1744907
8876.5,1.0,sam2,502.3941868979891,196.60282769109446,481.6393159142066,276.8549954950534,82.89255157605079,False,0.0,ab_no_overlap,542.2035436010116,313.756077417132,123.73224641329277,False,123.73224641329277,ac_too_far,4,RIGHT,9889.5,1.0,14.500166766552553,575.0,459.0,301.0,271.0,sam2,554.7572509564015,318.04681733151324,48652.5,1.0,sam2_body_edge,656.256324615042,443.33856088244863,False,219,right,ac_too_far|ab_no_overlap,True,4400.0,0.0,1780641449.5841787
16739.5,1.0,sam2,499.72986050957314,173.15336977408722,537.7109794205168,246.26702367765364,82.39036218428544,False,0.0,ab_no_overlap,546.9584411112453,312.14033554472246,146.7920824832742,False,146.7920824832742,ac_too_far,4,RIGHT,13020.5,1.0,152.54900222906778,544.0,467.0,243.0,283.0,sam2,530.0341000729619,305.1426724524148,48652.5,1.0,sam2_body_edge,656.256324615042,443.33856088244863,False,220,right,ac_too_far|ab_no_overlap,True,4300.0,0.0,1780641449.9923868
48504.5,1.0,sam2,513.819171417085,116.42598796675222,553.0,237.0,126.78024178174431,False,0.0,ab_no_overlap,576.8701962940437,301.9761468903735,195.97013347603757,False,195.97013347603757,ac_too_far,4,RIGHT,13676.5,1.0,175.2363583092738,589.0,553.0,234.0,237.0,sam2,516.0647339109664,307.38159129406887,48652.5,1.0,sam2_body_edge,656.256324615042,443.33856088244863,False,221,right,ac_too_far|ab_no_overlap,True,4200.0,0.0,1780641450.389275
123929.0,1.0,sam2,621.1035566063364,151.4103976201427,610.0,282.0,131.06079970395172,False,0.0,ab_no_overlap,618.0,288.0,136.62485696935332,False,136.62485696935332,ac_too_far,4,RIGHT,10024.5,1.0,45.0,615.0,610.0,287.0,282.0,sam2,551.3299748948409,317.63855221374297,48652.5,1.0,sam2_body_edge,656.256324615042,443.33856088244863,False,222,right,ac_too_far|ab_no_overlap,True,4100.0,0.0,1780641450.789658
173915.5,1.0,sam2,662.9964245088371,192.43064016720763,610.0,282.0,104.0734895714423,False,0.0,ab_no_overlap,618.0,288.0,105.63229031612079,False,105.63229031612079,ac_too_far,3,LEFT,9927.5,1.0,36.86989764584402,618.0,610.0,288.0,282.0,sam2,554.4726265424326,317.9436414001511,48652.5,1.0,sam2_body_edge,656.256324615042,443.33856088244863,False,223,left,ac_too_far|ab_no_overlap,True,4000.0,0.0,1780641451.194679
