cycle_index,time,focus_score_ratio,full_tenengrad,full_laplacian_var,full_brenner,full_highfreq_ratio,full_local_contrast,full_edge_width,full_halo_width,full_brightness_mean,full_brightness_std,full_red_blue_ratio,full_modified_laplacian,full_dct_energy,full_smd,full_entropy,roi_tenengrad,roi_laplacian_var,roi_brenner,roi_highfreq_ratio,roi_local_contrast,roi_edge_width,roi_halo_width,roi_brightness_mean,roi_brightness_std,roi_red_blue_ratio,roi_modified_laplacian,roi_dct_energy,roi_smd,roi_entropy
1,2026-07-04 22:04:22,1.0,17023.850390567906,30986.945492710805,777.7765809224077,0.6134284415011964,0.2742111313832661,60.0,4.0,48.74048041476525,25.612423938066517,0.793610982410869,65.32919759000926,0.15755715488085625,5.466203278616451,1.8173697868133705,16800.535155555557,30074.80489637729,754.5438870246085,0.5952846961915147,0.30946091808895504,67.0,3.0,44.49214444444444,24.739584665094075,0.7947489339542646,64.37606666666667,0.16351215305312156,5.3112207357859536,1.584325026883759
2,2026-07-04 22:04:27,0.9978377458176947,18308.669044448416,33012.41128330246,831.8098354654528,0.6121601994630027,0.29100683905517366,56.0,4.0,49.25370166620654,26.499329351655742,0.7952904705092599,69.97703688065349,0.1644952164842405,5.836187929504728,1.8031023627551306,16728.363644444446,29958.7135815032,751.5507494407159,0.5951549252244045,0.3078172555357288,67.0,3.0,44.46686666666667,24.686612025414366,0.7946413570284881,64.14955555555555,0.16295154565290362,5.293717948717949,1.5777661480756568
3,2026-07-04 22:04:32,0.9978377458176947,17171.58047241665,31774.414953504005,782.6332926290863,0.6099254032096884,0.2812063133225921,67.0,4.0,48.9008314792861,25.832597042025455,0.7940679053886237,66.81538358478004,0.15915569893660628,5.541097143115306,1.8224613594562908,16728.363644444446,29958.7135815032,751.5507494407159,0.5951549252244045,0.3078172555357288,67.0,3.0,44.46686666666667,24.686612025414366,0.7946413570284881,64.14955555555555,0.16295154565290362,5.293717948717949,1.5777661480756568
4,2026-07-04 22:04:37,0.9978377458176947,17274.14359257515,31942.631487274724,788.9598601038427,0.6173860595472249,0.2815827638564009,67.0,4.0,48.789822092664465,25.760315480419308,0.793985694610934,66.7333501144908,0.16070193146922687,5.544227065378603,1.8090640354474474,16728.363644444446,29958.7135815032,751.5507494407159,0.5951549252244045,0.3078172555357288,67.0,3.0,44.46686666666667,24.686612025414366,0.7946413570284881,64.14955555555555,0.16295154565290362,5.293717948717949,1.5777661480756568
5,2026-07-04 22:04:43,0.9978377458176947,17253.250791691702,31897.835719374383,787.5350102692619,0.6178958422736978,0.28139323481315864,67.0,4.0,48.7766607255956,25.73722870429091,0.794036780959655,66.64468673368303,0.16063509634010542,5.534507099994841,1.8078674912700867,16728.363644444446,29958.7135815032,751.5507494407159,0.5951549252244045,0.3078172555357288,67.0,3.0,44.46686666666667,24.686612025414366,0.7946413570284881,64.14955555555555,0.16295154565290362,5.293717948717949,1.5777661480756568
6,2026-07-04 22:04:48,0.9978377458176947,17245.392938922,31877.363416404103,787.0439139405639,0.6184041319633332,0.2813656961703108,67.0,4.0,48.771364511099925,25.724730996394833,0.7940134523943041,66.61275719830456,0.16063686994047446,5.5312069150757885,1.807439756289551,16728.363644444446,29958.7135815032,751.5507494407159,0.5951549252244045,0.3078172555357288,67.0,3.0,44.46686666666667,24.686612025414366,0.7946413570284881,64.14955555555555,0.16295154565290362,5.293717948717949,1.5777661480756568
7,2026-07-04 22:04:53,0.9978377458176947,17151.550749468144,31465.861143671093,783.5666745528125,0.6167272038409379,0.2803414665212447,108.0,3.0,48.76209156828036,25.68407194998643,0.7938519147335765,66.04983597771896,0.15921613428200013,5.50302089745911,1.809632089950231,16728.363644444446,29958.7135815032,751.5507494407159,0.5951549252244045,0.3078172555357288,67.0,3.0,44.46686666666667,24.686612025414366,0.7946413570284881,64.14955555555555,0.16295154565290362,5.293717948717949,1.5777661480756568
8,2026-07-04 22:04:59,0.9978377458176947,17272.394059470258,31909.69912616588,788.6154309499863,0.6170719643258694,0.28141448035627065,67.0,4.0,48.78900908618478,25.755978564221206,0.7939187509161499,66.73803733536873,0.1606666565363452,5.541947470623855,1.8093222144369048,16728.363644444446,29958.7135815032,751.5507494407159,0.5951549252244045,0.3078172555357288,67.0,3.0,44.46686666666667,24.686612025414366,0.7946413570284881,64.14955555555555,0.16295154565290362,5.293717948717949,1.5777661480756568
9,2026-07-04 22:05:04,0.9978377458176947,17331.487410071943,32002.66033733238,791.3858103784173,0.6167736498572134,0.28177490734546123,67.0,4.0,48.81276186725563,25.800104924114116,0.7940879219986589,66.94631721259562,0.16091880957314678,5.561701736972315,1.8123763281313732,16728.363644444446,29958.7135815032,751.5507494407159,0.5951549252244045,0.3078172555357288,67.0,3.0,44.46686666666667,24.686612025414366,0.7946413570284881,64.14955555555555,0.16295154565290362,5.293717948717949,1.5777661480756568
10,2026-07-04 22:05:09,0.9978377458176947,17326.48296847849,32006.16021553366,790.8365513438764,0.6164444268971282,0.281782372523385,67.0,4.0,48.813100873702844,25.799763189734282,0.7940147129563012,66.92082473975672,0.16087336872107527,5.558517680295452,1.8119991728546623,16728.363644444446,29958.7135815032,751.5507494407159,0.5951549252244045,0.3078172555357288,67.0,3.0,44.46686666666667,24.686612025414366,0.7946413570284881,64.14955555555555,0.16295154565290362,5.293717948717949,1.5777661480756568
11,2026-07-04 22:05:15,0.9978377458176947,17325.108981437876,32015.541510497693,790.7824310395953,0.6159095272678798,0.28177878552589397,67.0,4.0,48.81503442843919,25.802059805327,0.7940313970002708,66.93066607661952,0.16080571030278618,5.558878858581842,1.8124829093553114,16728.363644444446,29958.7135815032,751.5507494407159,0.5951549252244045,0.3078172555357288,67.0,3.0,44.46686666666667,24.686612025414366,0.7946413570284881,64.14955555555555,0.16295154565290362,5.293717948717949,1.5777661480756568
12,2026-07-04 22:05:20,0.9978377458176947,17252.30593809377,31638.13643249084,786.8528165215829,0.615359437274632,0.2809906366450086,108.0,3.0,48.80180302710428,25.75490713562228,0.7941097034422482,66.38523109277814,0.1595191316746544,5.530374508262622,1.8145170533883028,16728.363644444446,29958.7135815032,751.5507494407159,0.5951549252244045,0.3078172555357288,67.0,3.0,44.46686666666667,24.686612025414366,0.7946413570284881,64.14955555555555,0.16295154565290362,5.293717948717949,1.5777661480756568
13,2026-07-04 22:05:25,0.6752359307696456,26513.091726618706,90146.59541985691,1414.024876369111,0.6460282918622903,0.06486102836545327,98.0,3.0,245.04188049109246,36.0621366617368,0.9999080519225451,102.67470199912304,0.015364983721390278,7.859839979935765,1.733564407714465,4444.424933333334,11413.206961728396,213.95609060402683,0.5944461075592988,0.014331244523033035,,1.0,251.44427777777778,14.169331730911564,0.9998185299520981,17.83848888888889,0.002073348226514635,1.3997826086956522,1.1815031182296307
14,2026-07-04 22:05:30,0.6752359307696456,26253.423311463695,88778.80088152728,1400.705398739237,0.6470461354791408,0.06409403074688404,,3.0,245.07114973935074,35.81091013939007,0.9999089240152588,101.17814281306332,0.015199124690384175,7.75131383784659,1.7382038878654917,4444.424933333334,11413.206961728396,213.95609060402683,0.5944461075592988,0.014331244523033035,,1.0,251.44427777777778,14.169331730911564,0.9998185299520981,17.83848888888889,0.002073348226514635,1.3997826086956522,1.1815031182296307
15,2026-07-04 22:05:36,0.9978377458176947,17338.09735371973,32085.57193945532,791.1176894508549,0.6191472691802012,0.2817039774988485,67.0,4.0,48.79118826834695,25.77359509455738,0.7941071050306143,66.97473082482095,0.1609976497506343,5.558146363970316,1.810750528045964,16728.363644444446,29958.7135815032,751.5507494407159,0.5951549252244045,0.3078172555357288,67.0,3.0,44.46686666666667,24.686612025414366,0.7946413570284881,64.14955555555555,0.16295154565290362,5.293717948717949,1.5777661480756568
16,2026-07-04 22:05:41,0.6156075031271814,3821.5878087597644,6805.468836902217,163.99228142877627,0.2676472339822199,0.13946704848701627,75.0,1.0,27.64983171476363,18.092804046598445,0.6711101280906488,15.508355392435487,0.1010504031197727,1.2478660010751357,1.8101165184123087,7162.5742222222225,13108.423081242467,301.59567673378075,0.4540043826433935,0.19804116049375095,24.0,2.0,34.51272222222222,19.1835825159187,0.7532355277483274,28.38908888888889,0.12587354589079816,2.267302118171683,1.5452803777650217
17,2026-07-04 22:05:46,0.9978377458176947,17314.440087207888,32014.450421292302,789.0406512846723,0.6190701742408821,0.2817429939235108,67.0,4.0,48.79187237117755,25.762521049416986,0.7939944297119398,66.87382261233903,0.16081724901377387,5.548075446406127,1.8094477368949227,16728.363644444446,29958.7135815032,751.5507494407159,0.5951549252244045,0.3078172555357288,67.0,3.0,44.46686666666667,24.686612025414366,0.7946413570284881,64.14955555555555,0.16295154565290362,5.293717948717949,1.5777661480756568
18,2026-07-04 22:05:52,0.9978377458176947,17320.002265456256,32010.57463163057,789.5283576042839,0.618284334924345,0.2818462644074186,67.0,4.0,48.80001461584683,25.776727284883346,0.7940199217386562,66.87841239423811,0.16088675213766354,5.550615084438602,1.8103212582999344,16728.363644444446,29958.7135815032,751.5507494407159,0.5951549252244045,0.3078172555357288,67.0,3.0,44.46686666666667,24.686612025414366,0.7946413570284881,64.14955555555555,0.16295154565290362,5.293717948717949,1.5777661480756568
19,2026-07-04 22:05:57,0.9978377458176947,17321.87093395261,32009.740456532734,789.839845986282,0.617326562763206,0.2818514222550105,67.0,4.0,48.802553104243465,25.780624110686635,0.7941188838064938,66.8854158208422,0.16088655917367373,5.55279995105632,1.81092989518671,16728.363644444446,29958.7135815032,751.5507494407159,0.5951549252244045,0.3078172555357288,67.0,3.0,44.46686666666667,24.686612025414366,0.7946413570284881,64.14955555555555,0.16295154565290362,5.293717948717949,1.5777661480756568
20,2026-07-04 22:06:02,0.9978377458176947,17339.4427099404,32053.885307694698,790.3589499893408,0.6184283683567909,0.28182065744407225,67.0,4.0,48.80213492862595,25.77938291688992,0.7941236004541143,66.96285341929617,0.16085692708934862,5.5572609516550475,1.8104129514965002,16728.363644444446,29958.7135815032,751.5507494407159,0.5951549252244045,0.3078172555357288,67.0,3.0,44.46686666666667,24.686612025414366,0.7946413570284881,64.14955555555555,0.16295154565290362,5.293717948717949,1.5777661480756568
21,2026-07-04 22:06:08,1.0045207357425505,17362.46222615587,32056.469158388063,791.5388391675028,0.6184824897566337,0.28147856835572727,67.0,4.0,48.79004437533494,25.78243230609384,0.7945374161880574,66.86742817935269,0.16109737705477553,5.5512008395066905,1.8072283429485232,16976.210666666666,30297.525070220247,762.228596196868,0.5940102408691746,0.30980579142152326,67.0,3.0,44.52327777777778,24.875455380098753,0.7953305698703735,64.52593333333333,0.16444842329570405,5.326811594202899,1.5736378911793683
22,2026-07-04 22:06:13,1.0045207357425505,17366.084418695293,32076.886497654355,792.0659855695675,0.6179203313976157,0.2815604441409086,67.0,4.0,48.79711073127954,25.798395684200493,0.7947095148985578,66.85732903519171,0.16122517872833658,5.5561667290637455,1.8076528970171728,16976.210666666666,30297.525070220247,762.228596196868,0.5940102408691746,0.30980579142152326,67.0,3.0,44.52327777777778,24.875455380098753,0.7953305698703735,64.52593333333333,0.16444842329570405,5.326811594202899,1.5736378911793683
23,2026-07-04 22:06:18,1.0045207357425505,17375.58956672134,32118.897264661515,791.6529883352034,0.6184271646443226,0.2817525425706439,67.0,4.0,48.7987154294623,25.80342761119529,0.7947291018287621,66.90965579680724,0.16125519705822436,5.555778063073134,1.807729561882349,16976.210666666666,30297.525070220247,762.228596196868,0.5940102408691746,0.30980579142152326,67.0,3.0,44.52327777777778,24.875455380098753,0.7953305698703735,64.52593333333333,0.16444842329570405,5.326811594202899,1.5736378911793683
24,2026-07-04 22:06:24,1.0045207357425505,17350.913259009045,32051.10594647452,791.0698115553297,0.617870850089154,0.2816739536612969,67.0,4.0,48.79290055540218,25.793647228403177,0.7945609707612642,66.82306096432109,0.1611809224404855,5.549150789477833,1.8073129364525313,16976.210666666666,30297.525070220247,762.228596196868,0.5940102408691746,0.30980579142152326,67.0,3.0,44.52327777777778,24.875455380098753,0.7953305698703735,64.52593333333333,0.16444842329570405,5.326811594202899,1.5736378911793683
25,2026-07-04 22:06:29,1.7119450513755408,23830.483737840426,42085.95140464576,1035.9439575719055,0.23936870983137254,0.33171164809011777,51.0,2.0,56.716575385289964,49.56029055806846,1.9964432588894514,66.97806201991003,0.14019393662413535,6.312792317973976,6.99050926376973,37067.80533333333,85224.26709712396,1717.1055928411633,0.42088574130807466,0.30077805713014544,35.0,1.0,86.92588888888889,48.00742253708608,1.822492950436999,116.67915555555555,0.11854540846408711,10.369966555183947,6.5924632937588505
26,2026-07-04 22:06:35,1.7170086997432967,23941.92548760089,41994.22853807716,1039.2339453972577,0.23325104905792068,0.3244565997302003,51.0,2.0,58.78501408805236,50.268167041633575,2.0136165154074392,67.12717613719408,0.13412678999098257,6.3426841867780945,6.996316274438441,37162.192266666665,85157.41898765431,1720.5701845637584,0.42017047198711976,0.3044832256996513,35.0,1.0,85.83038888888889,48.09819815132705,1.8380263808896131,116.59284444444444,0.12109668150161053,10.374046822742475,6.610218116278006
27,2026-07-04 22:06:40,1.7367668967843266,24299.437888740926,42378.11978208232,1050.4660470165645,0.22610101385699174,0.33752661949685037,51.0,2.0,57.40914830212579,51.26128788316494,1.889728030791025,67.37667879240625,0.1382921005564135,6.342055553114369,7.066534793261614,40979.10815555556,89213.07658439061,1861.2095973154362,0.380460447593172,0.39080378958269185,121.0,3.0,71.70233333333333,52.383339750768506,1.5185947251909941,119.95337777777777,0.1646591524997272,10.589877369007805,6.1925942282495265
28,2026-07-04 22:06:46,1.7102672293761285,23954.700906994494,42030.4650100069,1039.0929076389448,0.21851926666441016,0.3272980176362949,51.0,2.0,58.14951909803985,51.8697150450272,1.9375225531950029,66.8088957727723,0.13264602839683193,6.299463494265733,7.047679975570897,36738.842955555556,84870.2235478395,1706.0150223713647,0.4233667421388645,0.2966087158259313,35.0,1.0,87.86734444444444,47.71672770112784,1.8512796866638517,116.79571111111112,0.11582414518810577,10.401248606465998,6.5855238908627225
29,2026-07-04 22:06:51,1.7061955713780554,23871.428126573235,41980.06710606059,1037.8783460371537,0.23147701992178626,0.3262622189331439,51.0,2.0,57.734340744109005,50.408861269241235,2.011686061478938,66.8692774899719,0.13596113580678537,6.320249021902019,6.987893124892007,37002.1522,85105.61870211111,1714.8783053691275,0.42076869966917674,0.30255155799904415,31.0,1.0,86.33267777777777,47.928184968607574,1.801481077996503,116.60766666666666,0.11986791432481582,10.377307692307692,6.597274783007565
30,2026-07-04 22:06:57,1.7138336435352126,24229.163161570068,42384.860025678165,1050.3861849546147,0.24543545028324518,0.3448399788512115,51.0,2.0,55.07460374815272,49.27496697967424,1.9477001477397866,67.24692661220911,0.14817543089712032,6.330284091882701,6.982395130920223,39472.80775555556,87668.46327199556,1805.1985458612976,0.3880532223551076,0.353839631449527,38.0,4.0,77.13564444444444,51.13104015420925,1.59051914480702,118.76686666666667,0.1459012605272274,10.511148272017838,6.707186395323279
31,2026-07-04 22:07:03,1.715599824084259,23890.679192312065,42051.96905964779,1037.416274829206,0.2312255776729872,0.32990167776743307,51.0,2.0,56.89426754307615,50.45958253364126,2.028488166551011,66.66948292381896,0.13842287578404458,6.284078206541382,6.981995837684879,36794.90944444444,84867.16460191556,1708.021510067114,0.41877689774787663,0.2919178288171973,31.0,1.0,88.81634444444444,47.96585166754021,1.8858889588546215,115.99395555555556,0.11422014506883896,10.333010033444815,6.684292116264209
32,2026-07-04 22:07:08,1.7106643959031131,23788.484805609238,41906.995292364045,1034.4625985198115,0.22994380860294245,0.32573526602112834,51.0,2.0,57.79136183152801,50.56002871930058,2.040615298978433,66.92118810594864,0.1346723598147377,6.325079864897418,7.018733843720801,37768.204422222225,86095.10709834618,1744.564731543624,0.4190056496861929,0.32333146101967203,121.0,2.0,82.4104,48.428763200946335,1.7181400420999489,117.88713333333334,0.13048796067882007,10.487458193979933,6.610275021865846
33,2026-07-04 22:07:14,1.7243131844576878,24279.329654335223,42375.813455008276,1052.0362160096006,0.23987988466138432,0.3404355299960443,51.0,2.0,56.45956079380288,49.881678015762276,1.9446450042742458,67.59500909430469,0.1432951957672035,6.373188879289911,7.014752012441344,39417.23055555556,87787.24178050322,1804.3970134228189,0.397627759449275,0.35149712806547573,38.0,1.0,77.63121111111111,50.5237205597517,1.6220057077366292,118.63262222222222,0.14524785008932353,10.500027870680043,6.503791878436202
34,2026-07-04 22:07:19,1.7160058790146013,23521.52801979635,41596.076621742606,1021.8986958904413,0.20896509008810077,0.310713469963817,51.0,2.0,60.674304123292785,52.70107209783078,1.9975245050471697,66.41420903908927,0.12210593409079717,6.272930828236756,7.0775763897748805,35811.995533333335,84037.16375217728,1672.1166219239374,0.44974065193063084,0.27381473125894806,31.0,1.0,92.78283333333333,45.840923308218834,1.932107554183414,115.4418,0.1053475218602755,10.295289855072465,6.492818532711716
35,2026-07-04 22:07:25,1.739509884440574,24252.846511278563,42304.70891167295,1049.917082638703,0.22570885914927316,0.3380115502398688,51.0,2.0,56.73081365607288,51.30737537319292,1.9199893832217787,67.0050932166231,0.1395195784252152,6.313725867276854,7.043433017207754,40409.344933333334,88563.44172072888,1839.4548881431767,0.3872156722564337,0.3774188145580127,121.0,2.0,73.35306666666666,51.62282924718911,1.5951951513015254,119.35628888888888,0.15943207919955482,10.540423634336676,6.345633460838856
36,2026-07-04 22:07:30,1.7084389913712188,24139.098592006754,42230.82769477686,1047.6608253290915,0.23588958372848565,0.33334920774162563,51.0,2.0,57.1166476525326,50.24315279163742,1.9751531201428587,67.2558179190282,0.1395528113477149,6.350804119892116,7.012984699749776,38237.713266666666,86324.8139338069,1760.3122539149888,0.3846902140979543,0.3206017030978372,91.0,3.0,83.29133333333333,50.76154594878992,1.7485864095964172,117.30033333333333,0.1272888323621448,10.417251950947602,6.819689428699495
37,2026-07-04 22:07:36,1.7310807879027708,23808.8050956526,41878.5816650293,1034.4817560176157,0.22736022911735437,0.3238660365647134,51.0,2.0,57.98338868408659,50.84856851569344,2.0322952671313095,66.70951613427091,0.13371579671107403,6.298525843963386,7.01292421472966,37566.79848888889,85666.88185598222,1735.9225782997762,0.41761780717892777,0.3121570007771235,38.0,1.0,84.56502222222223,48.42636397321373,1.8616863553801173,117.03831111111111,0.1248444221410928,10.409046822742475,6.416392966707496
38,2026-07-04 22:07:42,1.7148588265020024,24019.55698556279,42079.692714255296,1042.311135796515,0.23505759936992648,0.3333839851474137,51.0,2.0,56.690928634067916,50.17556978534952,1.9590258285630957,66.79985018757003,0.14031827210154546,6.303251623585608,6.994665015466486,39468.49555555556,87532.50524150321,1805.0931879194632,0.3916461835857224,0.35387146530179786,87.0,2.0,77.23125555555555,50.91819101680244,1.5852831405286465,118.80931111111111,0.14605670871122217,10.5346878483835,6.652502104078224
39,2026-07-04 22:07:47,1.7221471080104294,24074.395636763726,42301.32959739736,1045.4158289638253,0.24295324338349514,0.34358270465108776,51.0,2.0,54.91344272212027,49.42829717462824,1.9657621978971387,66.97427001965019,0.1472333809788653,6.30786413977437,6.962054591612152,37980.80066666667,86260.97726620446,1751.7992114093959,0.4095530192669016,0.3192966013184731,121.0,5.0,83.24248888888889,49.10035595282707,1.7789643962419845,117.14984444444444,0.12830478480031965,10.399693422519508,6.677218528746721
40,2026-07-04 22:07:53,1.7218217548766857,23904.63432166231,41988.39010005852,1038.5816910636918,0.2291549625525716,0.3280354888799166,51.0,2.0,57.675136414570375,50.71886686881537,1.9975357075591271,67.05439733991588,0.13551538595989535,6.33825901170994,7.002071815685123,37013.0374,85209.15145169334,1715.8277125279642,0.4313721246875078,0.2994858828735941,35.0,1.0,86.84402222222222,47.370586558885236,1.848717338105708,116.42157777777778,0.11930827388607097,10.352385730211818,6.476048748947641
41,2026-07-04 22:07:59,1.7396582981796591,24181.08759358202,42259.59589716671,1045.3487350919631,0.223208551166136,0.33528770441208755,51.0,2.0,57.44457143089141,51.51946294167361,1.8825076912861227,67.1978092469591,0.13665325207481194,6.326971213662459,7.06915308342698,41115.61137777778,89308.95592291358,1866.1059060402686,0.3767502034861306,0.3923680088333399,121.0,2.0,71.3608,52.67811332384637,1.5261148863268008,119.59246666666667,0.1660244923489091,10.549464882943145,6.206566995650705
42,2026-07-04 22:08:04,1.7345980405062615,24125.721827955243,42230.26358568317,1045.2449524913259,0.2219560851150046,0.3306122192598877,51.0,2.0,57.9428337691021,51.599604667638296,1.9382875204511252,66.9754575572048,0.13486303474804817,6.310451734221143,7.0240957623516085,38017.4518,86227.9498354721,1752.573624161074,0.4136213691330174,0.3181236553470303,35.0,1.0,83.22787777777778,48.8774710037088,1.8280107932350314,117.05562222222223,0.12885368088545274,10.387023411371237,6.458008161615639
43,2026-07-04 22:08:10,1.383177297652942,13401.3242748916,31951.527205158567,646.2652788986816,0.5529208495130623,0.05630361792557184,90.0,5.0,175.07506962827028,25.74031178462673,0.9971439781807042,47.11554435909512,0.014226052050380522,4.304619342162168,1.2414619605073167,27413.48706666667,72551.51022748445,1357.96201901566,0.5868895863551272,0.12527552051519833,97.0,5.0,170.2631888888889,35.91320011806072,0.9550727079648501,105.11831111111111,0.03011370185492509,9.549799331103678,2.446247482698084
44,2026-07-04 22:08:15,1.7326735518221994,24427.668979489095,42551.529500649085,1056.889847674381,0.24757390909940763,0.35024328670351507,51.0,2.0,54.425395236857916,49.202744085913714,1.920261112800877,67.07102083570165,0.15217901756476637,6.311624528844019,6.946410560284231,40537.15024444444,88765.08262091802,1845.3557046979865,0.38277307681018946,0.3777332769154078,121.0,3.0,73.60201111111111,52.01580757978919,1.5523783754531968,119.38648888888889,0.1579825210458045,10.549202898550725,6.408626459806347
45,2026-07-04 22:08:21,1.7169887576371137,23862.291904850837,42004.00043642232,1036.7718225505291,0.23606769604088126,0.33013405431493137,51.0,2.0,57.034323895285574,49.95479744032333,2.0191058526445165,66.82992838235056,0.13892759788047346,6.306122406783848,6.97582344063001,36351.9942,84351.82754992542,1691.5828299776285,0.4341437254527097,0.285318752346432,35.0,1.0,90.30124444444445,46.933253629267334,1.9091554928251953,115.9946,0.11080160953369717,10.348801560758083,6.4967902673721705
46,2026-07-04 22:08:27,1.726668200055712,24275.855678662487,42430.45800739621,1051.756613055497,0.24087430220032205,0.3478335532010448,51.0,2.0,54.588107166636895,49.75254847375476,1.9575402047178243,67.07259609919288,0.14922735281722288,6.313422695953339,6.9576623018757076,39373.79148888889,87520.27643730913,1801.6084843400447,0.3930966732906924,0.35268287223679273,120.0,2.0,77.15675555555555,50.72476367532948,1.6569184558675951,118.3518888888889,0.14655213863847943,10.484721293199554,6.586492713657924
47,2026-07-04 22:08:32,1.7370494463294026,24536.512208292057,42588.09639900085,1061.3308754595246,0.24178600880853612,0.34982898066983453,51.0,2.0,55.12773641132241,49.86127452032132,1.8998197404501194,67.48943193075337,0.1487992690037166,6.360391225490423,6.99997478230275,40223.25597777778,88437.09553042914,1832.9759955257273,0.38584738542303926,0.3709857455996791,121.0,2.0,74.52592222222222,51.63398079252499,1.6124664748561761,119.08848888888889,0.15505164527396,10.520395763656634,6.493826235727735
48,2026-07-04 22:08:38,1.730244318798609,23950.464635740616,41993.4659113768,1036.551464167448,0.21530667010244556,0.3234019462351731,51.0,2.0,59.05463789239489,52.2592218825453,1.9624458078069547,66.85362635399581,0.12999508277263097,6.300102296587129,7.029371335589815,37287.844244444444,85466.38968611111,1726.1142058165549,0.4236769079300954,0.3040190342753129,120.0,5.0,86.0229,47.923460249200154,1.8775908704006077,116.59146666666666,0.12145393971781857,10.367948717948718,6.263214627916284
49,2026-07-04 22:08:43,1.7229407355131023,24227.00994486578,42346.41243523457,1049.0547585094985,0.22322269295945119,0.3400184242819986,51.0,2.0,56.17984698020365,51.53969904239338,1.899244215809557,67.04664079120451,0.1403351215159206,6.311286097266855,7.034975753764375,39559.00493333333,87669.32842108839,1809.0479865771813,0.39385492202024613,0.3541595260430079,121.0,3.0,77.15345555555555,50.81386027293058,1.6071446812754384,118.67502222222222,0.1465880857739357,10.512079152731328,6.483719408821221
50,2026-07-04 22:08:49,1.7123371814166846,24245.539992610877,42388.65203080629,1050.863544640849,0.2375171919676837,0.3429381356988981,51.0,2.0,55.35947979765172,50.06540130160151,1.939842405375444,67.0505627101028,0.14603782312605357,6.316061144745383,6.978844067148341,38194.98362222222,86367.53322755112,1759.1652852348993,0.39846699623628246,0.3231291898055575,38.0,1.0,82.73553333333334,49.88637680485079,1.7317055945928757,117.2791111111111,0.1293054439317006,10.41928093645485,6.761799694884017
51,2026-07-04 22:08:55,1.709818125575541,23832.688091738797,41986.98713328198,1035.9521117544382,0.22811400015202146,0.3280145971887854,51.0,2.0,57.139941658411416,50.776643822115666,2.02763291119188,66.93386126313396,0.13606168442333616,6.309870708196128,6.970596095547584,36669.62897777778,84716.1310180958,1702.4452460850111,0.42110478780163263,0.2954531994917049,35.0,1.0,87.71058888888889,47.77614498991787,1.8676701541625287,115.9752,0.11593860746838452,10.324403567447046,6.427094688972833
52,2026-07-04 22:09:00,1.7444984950625624,24572.256591340923,42686.70373444658,1061.9320085500785,0.2489953723787463,0.3593118107977486,51.0,2.0,53.17615952384819,49.181260259992115,1.9237001135546294,67.19124429575979,0.15723589889830716,6.315383944004518,6.930294666512937,41195.532222222224,89412.01421352889,1868.6372035794184,0.3820173681727925,0.39490201136899494,121.0,2.0,70.95656666666666,52.32702267886492,1.5246069903085824,119.88844444444445,0.16837771745842675,10.567926421404682,6.064426176764414
53,2026-07-04 22:09:06,1.720727374484881,24054.534310700423,42243.40322800615,1043.4572153336367,0.24211052538260533,0.3383364458119406,51.0,2.0,55.928750791691705,49.46499273092044,1.9980902879298263,66.96546397193758,0.14454005694895233,6.308357925763711,6.971236815064173,37275.528844444445,85394.5292740247,1724.9955536912753,0.4195193308161355,0.301849835729397,120.0,2.0,86.86801111111112,48.182724324986594,1.843053292292411,116.68426666666667,0.11928333711554982,10.381092530657748,6.632521407179663
54,2026-07-04 22:09:12,1.7286416602080101,24112.4723760495,42128.3801815904,1045.6641648150353,0.22689108306884068,0.3291315208700872,51.0,2.0,58.02296311934651,51.09120007665922,1.9771326264663864,67.04903616610098,0.13553144641128156,6.329630797932698,7.043676965144636,38230.24497777778,86355.27485439801,1760.8045078299776,0.41032214734392414,0.3252541285645954,120.0,2.0,81.96444444444444,49.149410556228354,1.7755035341507246,117.59424444444444,0.1322044243074305,10.446772575250836,6.584263280894781
55,2026-07-04 22:09:17,1.7384529630500423,24110.706694463843,42242.11831888121,1043.2046327099579,0.22223188949755882,0.3409589041197541,51.0,2.0,56.047166555694496,51.60256963189616,1.874626365986725,66.92560533965604,0.13929248189970236,6.306561411352744,7.041514022944348,41149.3478,89393.29937322222,1867.1359172259508,0.3789717460459953,0.39599993160661034,121.0,3.0,70.93436666666666,52.54592037276644,1.5083401490723296,119.70804444444444,0.16741744173780435,10.563723522853959,6.265032543423954
56,2026-07-04 22:09:23,1.7371285038545594,23901.085415414847,42003.78757228419,1037.180920556626,0.21676747596862492,0.32075938762901923,51.0,2.0,59.341388627247184,52.0513028603049,1.9655808671203792,66.91857146337107,0.1287663198575309,6.309863728632589,7.061966958733225,37790.89164444445,85949.51008212543,1744.2900503355704,0.41797763076949734,0.31222246239610346,35.0,1.0,84.53462222222223,48.52731053714387,1.8602514729353241,116.86293333333333,0.12545743957632416,10.376945373467112,6.403381873411193
57,2026-07-04 22:09:29,1.7350017357212786,23954.690263816035,42061.55853895512,1040.3621716360353,0.2256240463359843,0.3297747876775701,51.0,2.0,57.14534546177956,51.1621941978209,1.994665671470012,66.90693968527209,0.13640062262103794,6.311411219437835,7.017281359877476,39248.542377777776,87446.25231944247,1796.642606263982,0.4013342342725843,0.3490888893133913,121.0,2.0,77.63957777777777,50.15339964371038,1.6940031373583977,118.19577777777778,0.1454761778519951,10.464832775919731,6.50699918202317
58,2026-07-04 22:09:34,1.7135106125732062,24055.223476297968,42196.6318192823,1044.1775777670616,0.2426292503555548,0.3383766359055246,51.0,2.0,55.87009455640905,49.434428618427766,1.960439511981325,66.9234718320152,0.14431999453546862,6.314048468544215,6.980848178050005,38498.27106666667,86747.47212482171,1770.1086912751678,0.40700781980889733,0.3283909564513884,35.0,1.0,81.47378888888889,49.47365293972011,1.6681941498476762,117.85851111111111,0.13404823235005286,10.443606465997771,6.609779916340656
59,2026-07-04 22:09:40,1.735947845663702,23994.713649170957,42178.10219154718,1041.462470601744,0.23991329769622816,0.33625927271785044,51.0,2.0,56.035800704808615,49.66488593824333,2.0176886070345694,66.852603244718,0.14309118751374125,6.299705999769945,6.937878517132816,37740.953111111114,85964.40181709433,1742.7152460850111,0.41906201591737235,0.31392790181865354,120.0,5.0,83.79338888888888,48.410903852838416,1.8573196764320503,116.78888888888889,0.12725589320314112,10.3640635451505,6.1883184646607585
60,2026-07-04 22:09:45,1.733877060337718,24159.65089237865,42294.020119138644,1047.7368265307914,0.2421861441878532,0.33930325151444996,51.0,2.0,56.02040940610942,49.57390320640975,1.978428423588055,67.28854523604592,0.14426547408989598,6.34209428877352,6.987603985102028,40050.70542222222,88262.54323602766,1827.0378970917227,0.39219476935314573,0.3697675623434384,121.0,2.0,74.60255555555555,51.1434335322643,1.599913286065146,118.93815555555555,0.15501664740658133,10.524827201783724,6.356399847032592
61,2026-07-04 22:09:51,1.7349785117358225,24336.032108173506,42408.32353420048,1054.0529245346854,0.23148274354195914,0.337637716090663,51.0,2.0,57.19179543498384,50.72049108768271,1.9224304154217027,67.52951589067347,0.13963989502040602,6.371209699713535,7.040417873017893,39148.45166666667,87519.00640828394,1794.2698154362415,0.40097454012176087,0.3413399691540811,121.0,3.0,79.59472222222222,50.17494245061811,1.707057283583399,118.3704,0.13978998754067395,10.48891304347826,6.652406479986738
62,2026-07-04 22:09:57,1.717066909353667,23276.023921269305,41447.07792984396,1012.1400135627139,0.20890990762541561,0.30746645846085086,51.0,2.0,61.100306323789724,52.48976522449127,1.9963625863873753,66.26195048475891,0.12013759517009276,6.260367920816025,7.100631597013555,36143.245355555555,84351.0124294711,1684.8135626398212,0.44064295392508346,0.2813462050392681,31.0,1.0,91.0348,46.45349705845621,1.91766471814154,115.88453333333334,0.10901195801490703,10.329509476031216,6.476106033501792
63,2026-07-04 22:10:02,1.741965895463466,24309.763198921675,42356.49928383441,1052.4451606195453,0.22785437833530287,0.33907146671849175,51.0,2.0,56.573968364811535,51.124511981170684,1.8943097837936416,67.08983467853257,0.1405972256980444,6.317737133514695,7.055200251511947,41063.27544444444,89237.59479268693,1863.9449776286353,0.38167283325546286,0.39238007364678706,121.0,2.0,71.31414444444444,52.33104338876604,1.5309261535283896,119.88424444444445,0.1666458841535458,10.573756967670011,6.265647090950603
64,2026-07-04 22:10:08,1.727209983760397,24170.49689819251,42309.82762041128,1047.9680106391104,0.24317608963200388,0.3412583970298492,51.0,2.0,55.49051289442487,49.48470820038227,1.9762483124980583,67.06082019260438,0.1461313021161385,6.318077933317789,7.001390286768766,38226.51948888889,86403.42941943654,1759.422701342282,0.4038687418768572,0.32397203149003395,35.0,1.0,82.26085555555555,49.5561424485314,1.7907409607211096,117.42613333333334,0.1310309828656182,10.405942028985507,6.600404458444227
65,2026-07-04 22:10:14,1.7170859972269639,23898.76890925183,42005.543056933435,1038.266406857335,0.23400968978415018,0.33450111545356015,51.0,2.0,56.15132882407392,50.200376904374245,2.0261326477235344,66.79547152345843,0.1406281431662413,6.307904879420072,6.93582271928107,37381.5934,85484.64564680248,1729.3237080536912,0.41420890514768394,0.30977218512135474,35.0,1.0,84.98007777777778,48.52456093790209,1.8243427154545968,117.20417777777777,0.12309183376286535,10.421845039018951,6.392743884883867
66,2026-07-04 22:10:19,1.7227759861748773,24257.959970849504,42442.73772361756,1051.6622484155805,0.24539497100799942,0.34832026768299995,51.0,2.0,54.62844385890836,49.31127131243646,1.940204787146073,67.39584991149293,0.14970494352669142,6.345412755689422,6.970098334433789,40580.25424444445,88818.93129356988,1847.246090604027,0.3702263518720078,0.3816618528577765,121.0,3.0,73.13953333333333,52.9229191834061,1.5323061378913831,119.87426666666667,0.15802409143013496,10.59999442586399,6.427070404054749
67,2026-07-04 22:10:25,1.7116926406564033,23931.2540457476,42061.70923974886,1039.1206518978652,0.2376111619363071,0.33453494836390113,51.0,2.0,56.44061094239732,49.818165544195566,1.9902556784711467,66.67999009370382,0.14138229503542796,6.295559356329202,6.994307738288473,36187.625555555554,84389.82317722666,1686.449658836689,0.44084990618911474,0.2837839222055624,35.0,1.0,90.87981111111111,46.521505530810266,1.8821742672223345,116.03155555555556,0.1093223395704988,10.35335562987737,6.569690202181675
68,2026-07-04 22:10:31,1.7224319267842603,24009.81693042857,41995.339444005825,1041.8627400022078,0.2230244929319038,0.3233357232792157,51.0,2.0,59.13527169235267,51.4372538390896,1.9714993591453804,67.21736200204622,0.13102771823389603,6.347220625378986,7.070431479801772,38051.38748888889,86168.96117923506,1753.3092729306486,0.41314979362927523,0.3238803555856357,38.0,1.0,82.13832222222223,48.88529056505143,1.761052835932032,117.66648888888889,0.1317021951003101,10.445345596432553,6.615140751272098
69,2026-07-04 22:10:36,1.7117708539773862,23844.855091998637,42025.86115596199,1033.1386867678368,0.22123140167090036,0.330476689102045,51.0,2.0,57.630036377218765,51.49544799782583,1.8901573287316709,66.86925922016337,0.13412162068103878,6.301356688840702,7.074951201607913,38709.96026666667,86993.09092478223,1778.6187583892618,0.40015502731488617,0.33071534583969464,120.0,2.0,81.23795555555556,49.97401857674782,1.6486948522028102,117.60324444444444,0.13471568624921956,10.428444816053512,6.747733535038911
70,2026-07-04 22:10:42,1.7331039357450175,23967.634364291862,42064.16486875932,1039.412008426228,0.22108453010981158,0.3267179559784223,51.0,2.0,58.12002350715365,51.62944014274514,1.9656176046743454,66.95019853191938,0.1329859670206584,6.31001521289451,7.038980228243317,37462.144977777774,85614.2354244721,1731.9696029082775,0.4240302123257921,0.3079682207934255,35.0,1.0,85.09584444444444,48.020151006961214,1.867620303656569,116.75953333333334,0.12387864232458086,10.371661092530658,6.266373186560797
71,2026-07-04 22:10:48,1.7387198458318867,24334.968064374687,42491.74943189417,1053.7710032500581,0.24502122404597407,0.34817999242940356,51.0,2.0,54.59349473017523,49.36381984772959,1.9494064518021041,67.09144648164087,0.150653428884626,6.316844739883049,6.971818211170143,40339.79171111111,88497.97426381777,1838.2337248322146,0.38736437723117034,0.37647715658139574,121.0,2.0,73.72276666666667,51.59360099761511,1.59817343622693,119.26984444444444,0.15786017148990816,10.54623188405797,6.453770148129271
72,2026-07-04 22:10:53,1.730752493085276,24189.767051821298,42319.93086335053,1048.6073086364604,0.24310886934257503,0.34773836647832745,51.0,2.0,54.57193838608571,49.50125698474948,1.9451327293053151,67.04649463273626,0.1491023175697946,6.313972020537643,6.964551557129292,39516.18711111111,87684.99630005729,1807.4791219239373,0.3885209160636574,0.35151659086398157,38.0,1.0,77.88144444444444,51.1686363369227,1.6712801936215744,118.76806666666667,0.14387883635760926,10.51746934225195,6.633348043671906
73,2026-07-04 22:10:59,1.7175266721247942,23671.463125436447,41769.02742803199,1029.8675581785665,0.2281197394561982,0.3221304767609837,51.0,2.0,58.05692364844016,50.66483346584317,2.042701407082451,66.64874263117723,0.13339530374216224,6.292533013655289,6.992176965550262,36568.59022222222,84538.80158432394,1698.538970917226,0.42746584919585967,0.2893947145137037,35.0,1.0,89.12302222222222,47.39543553948295,1.9035201699269397,116.03782222222222,0.11308931380243756,10.339509476031214,6.572258715203537
74,2026-07-04 22:11:05,1.7349815020042745,24352.836473033763,42438.44121521313,1054.144934146623,0.2455354623848188,0.3478809568607911,51.0,2.0,55.018234283904704,49.33177590905976,1.9450814731035142,67.36682121571366,0.14981748528685832,6.3448131724884655,6.992614388644662,40471.382,88648.91114135506,1842.2506263982104,0.3872966355034506,0.3781584356496713,121.0,2.0,73.32227777777777,51.665540561174765,1.561151142534383,119.48766666666667,0.15961527039297208,10.549715719063546,6.3901415613168675
75,2026-07-04 22:11:10,1.7112638405629175,24357.1975575296,42380.632492455465,1053.8096157739428,0.22448780580033073,0.3365280693439398,51.0,2.0,57.52182328629196,51.49919589330655,1.9155332025773861,67.33600004871948,0.1379112321811339,6.343547179238925,7.065328621774354,37965.60773333333,85934.21131576097,1749.9546476510068,0.39409738243799847,0.3185470659433008,35.0,1.0,83.46477777777778,50.04496626319125,1.773884178808046,117.34573333333333,0.12676800490028758,10.424860646599777,6.648757071741786
76,2026-07-04 22:11:16,1.7174753008842079,23402.096214901667,41598.78522820136,1017.2590661942984,0.21079174436248724,0.3136269741198801,51.0,2.0,59.989462380434254,52.377034845529444,1.9854381090324058,66.75109618851195,0.12344970377643057,6.300796961375972,7.068780101650774,37418.50702222222,85478.40189487209,1730.8035570469797,0.41051359383394237,0.31069651009262156,120.0,5.0,84.7216,48.75449932622743,1.832408738010279,116.69764444444445,0.12358699692960112,10.38433110367893,6.505851452524901
77,2026-07-04 22:11:21,1.745159587749838,24435.00014209851,42571.157972832894,1057.1106453276502,0.2292416496503992,0.34544273498392947,51.0,2.0,55.57645001380386,51.0579728140307,1.8906850704696248,67.2097110122286,0.14427052463638845,6.321783837023236,7.019856218076166,41525.07953333333,89740.42039998766,1881.2694351230425,0.37763361345666313,0.4042033031995878,121.0,3.0,69.91597777777778,52.81595977479572,1.4936082342418964,120.19906666666667,0.17153225432238975,10.602441471571908,6.103451312235916
78,2026-07-04 22:11:27,1.7276341125277574,24085.29059754454,42277.32923550736,1045.0532547840037,0.24048070570577776,0.3391788611627693,51.0,2.0,55.71848965522841,49.64992315861558,1.9917279418746079,67.0499658963574,0.14470594481206936,6.315403816872427,6.977950329804438,37922.65788888889,86108.03761865431,1749.2977572706936,0.40884219348014417,0.318210050220027,38.0,1.0,83.48504444444444,49.13022489825973,1.819225987676747,117.38297777777778,0.12756378383859326,10.424453734671125,6.562715658948838
79,2026-07-04 22:11:33,1.71998298733804,23936.288149390195,42094.13697795125,1039.1675396341757,0.23564189392038748,0.3393278097568084,51.0,2.0,55.3711988648359,50.01613231052889,2.0023372285726277,66.60515086801891,0.14406532707312708,6.278994577520399,6.964395885757523,38082.681955555556,86229.28543611061,1754.5515492170023,0.405400816818256,0.3234737612113045,38.0,1.0,82.18102222222223,49.380118894816086,1.7675688615007958,117.28126666666667,0.13116576837652527,10.410328874024525,6.621974551575959
80,2026-07-04 22:11:38,1.7216080671751643,24294.28190720561,42447.265839062326,1052.6063936141204,0.2470259679276842,0.3532666831378663,51.0,2.0,53.62741262971564,49.169809649806055,1.936555139063208,67.12258838527372,0.15332843345916228,6.317523462785365,6.939876617429253,39973.556777777776,88141.54750548098,1823.411196868009,0.38495554882344873,0.367462640325136,74.0,4.0,74.87631111111111,51.567051829555844,1.5699086742124613,119.03191111111111,0.15317838283020588,10.522748049052396,6.457842533277884
81,2026-07-04 22:11:44,1.731253280979508,24141.387977653994,42294.267560060056,1046.8210675489847,0.23884960031039806,0.3414722976551254,51.0,2.0,55.38591418061939,49.864548924459996,1.988912418036743,66.84691118437078,0.1456168128205469,6.299483520057942,6.95869449769602,37491.895,85636.95957496841,1733.5669798657718,0.4167851104312362,0.30643026677151847,120.0,5.0,85.64242222222222,48.43065012433937,1.8752349764525138,116.8788,0.12243908431451815,10.388099219620958,6.430360805482862
82,2026-07-04 22:11:50,1.7174463622614866,24058.534022443444,42116.516761747785,1043.0162350777046,0.21888345760162234,0.32606032357923526,51.0,2.0,58.847087792519936,51.88657611155218,1.9509376236566487,67.21069555191062,0.13141886569465677,6.338598091104336,7.0816964534390925,38573.07173333333,86700.93362176,1773.3047371364653,0.40190123363114305,0.33385107604252695,120.0,5.0,80.49927777777778,49.83329743065101,1.693446950401862,117.9040888888889,0.13596798961166556,10.468193979933112,6.6358253971806835
83,2026-07-04 22:11:55,1.7162902369037496,23866.24014039333,42069.61820863838,1034.44452836844,0.220774670061987,0.329824359779225,51.0,2.0,57.77618266560567,51.516817831064,1.893124128670273,66.92856910859574,0.13368930083266625,6.302599646616912,7.054722056177735,38976.12386666667,87081.54166622025,1787.2136073825504,0.3974981689546028,0.34254299334219535,38.0,1.0,79.31758888888889,50.31468168291646,1.6448437892430654,118.31915555555555,0.13953148005935945,10.501833890746934,6.658047082460179
84,2026-07-04 22:12:01,1.7198169899520699,23833.094503629603,41883.79136255002,1035.7108823178105,0.21568887680060903,0.31916706643185055,51.0,2.0,59.217874571674486,52.25711624879025,1.9956031055829908,66.9744039982461,0.127722922386329,6.327508220493755,7.060862616879334,36788.48168888889,84838.15833502024,1706.9010011185683,0.42176382513244126,0.29454340550902686,31.0,1.0,88.08483333333334,47.791166233648475,1.9014018851355143,116.06564444444444,0.1154380448166697,10.33680602006689,6.435995986791822
85,2026-07-04 22:12:06,1.7127175252650213,24120.621307468697,42210.009170617006,1045.950419135875,0.23703893046007266,0.34238685749347625,51.0,2.0,55.14528354742842,50.03947234100596,1.9569451167478313,66.92924103155399,0.1456691333238551,6.308856163517342,6.974802442083306,39094.6266,87060.00936222765,1790.6934507829978,0.3898368795382745,0.34421360583996774,38.0,1.0,78.50774444444444,50.838027608618845,1.6343289109742212,117.96984444444445,0.1416255576000575,10.455585284280936,6.539481987196557
86,2026-07-04 22:12:12,1.7423755237897767,24143.58899629732,42368.13448844828,1047.0691018169382,0.24851236397798368,0.3463412783988174,51.0,2.0,54.72395943290514,48.885797200321065,1.9693958148850619,67.24992286080843,0.14975742067662398,6.329483041738934,6.974751735145607,39577.75744444445,87796.67024087654,1809.2055872483222,0.396113433194079,0.35278416800805285,120.0,3.0,77.58365555555555,50.666391463871264,1.7013257368091,118.72524444444444,0.14601375677264686,10.506404682274248,6.540998889955787
87,2026-07-04 22:12:18,1.7268888010551748,23666.90548013057,41804.91557879841,1030.1186074094794,0.2317771784082794,0.32344608540768416,51.0,2.0,57.86172393913312,50.26068660164579,2.0456932650085426,66.67507754518732,0.1343910921540687,6.29964358875549,7.023530819404633,37404.61586666667,85450.65451694616,1729.3672706935122,0.4216873812135166,0.30908585639811814,120.0,5.0,84.96462222222222,48.09746601747049,1.8510928274915357,116.78475555555555,0.12384218350261764,10.383723522853959,6.5622314582489345
88,2026-07-04 22:12:23,1.7328309912044817,24212.804937314257,42310.363408629004,1049.4999885156503,0.24224224373885625,0.34119168070824085,51.0,2.0,56.002242111502675,49.593259715186235,1.9525336682472583,67.39463801419362,0.14469198484887602,6.354110544527274,7.017665415398012,40701.39342222222,88909.65310177779,1850.5731263982102,0.3853097943522709,0.3855508529148994,121.0,3.0,72.36604444444444,51.89766222864017,1.5232019858465458,119.8398888888889,0.16250403408149872,10.583634336677815,6.434089987451738
89,2026-07-04 22:12:29,1.7321959844769848,24332.246486106826,42326.32085063523,1052.1213183382197,0.22205151377931784,0.33487852952673075,51.0,2.0,57.71535638306511,51.76827579522364,1.9340151254066997,67.21717727398217,0.13646141747954052,6.334014971127241,7.054517653715342,38380.53433333334,86576.37222636987,1766.1063534675616,0.4027531442124185,0.3257613735358501,38.0,1.0,82.32111111111111,49.72808661878548,1.7967579443722395,117.91666666666667,0.13114855081906618,10.46613712374582,6.544379172955814
90,2026-07-04 22:12:35,1.7080430039314034,23357.871106500803,41448.709911176404,1016.4269624860583,0.206507285334695,0.3081893319926936,51.0,2.0,60.881162000422236,52.87233397891257,2.0026180951329553,66.25608587622001,0.12021959260591053,6.263036887867463,7.103861962842837,36780.96086666667,84823.25111911062,1705.8395413870246,0.42285783570614927,0.29475253846428545,38.0,1.0,87.9339,47.75297009623822,1.838067753141095,116.38553333333333,0.11583147016142108,10.355758082497212,6.76261919164868
91,2026-07-04 22:12:40,1.7210535878259992,24300.608729720512,42401.27300441352,1052.813707771567,0.23883710922952653,0.33970244842094227,51.0,2.0,56.32861803108303,49.98028282635501,1.92200940549575,67.42579615765626,0.1433659719455259,6.353785877215869,7.0187099409606795,39536.28835555555,87817.05900014615,1808.5576621923938,0.40055288482552914,0.35555961380216705,121.0,2.0,76.69875555555555,50.3749197584828,1.5789324147355035,118.64262222222223,0.1486242478097026,10.497302118171683,6.280526946481548
92,2026-07-04 22:12:46,1.7213918733165356,23963.118203631228,42114.67084759704,1040.2600075449561,0.23699309130349006,0.33413375487665065,51.0,2.0,56.181729785471845,49.95648013869599,2.0179232245899588,66.68934829562986,0.1415442499865531,6.287117696055644,6.960938991918187,36994.590777777776,85144.89650024247,1714.9088087248322,0.419549652872775,0.2965921611975641,31.0,1.0,87.44234444444444,48.0294086790493,1.8863361904904234,116.18406666666667,0.1173869895690923,10.333879598662207,6.479058422927553
93,2026-07-04 22:12:52,1.7374971347357164,24093.218679458238,42243.63628284945,1045.0751947221406,0.2404338517323709,0.3410066732215163,51.0,2.0,55.408366760316355,49.681674638788266,1.997531028934832,66.95534046803189,0.14565287704017477,6.3061561942156565,6.974003678461314,39451.30386666667,87642.34616020544,1805.508048098434,0.3982194523102382,0.35399610951285443,121.0,2.0,77.0620111111111,50.48238910924932,1.6853785653450097,118.4756,0.1470453053074474,10.490769230769232,6.439305916569711
94,2026-07-04 22:12:57,1.7158333078613188,24050.17271870991,42238.624308147024,1044.3636473801942,0.24582806719404288,0.34312528437571355,51.0,2.0,55.104250572454,49.10811328487465,1.9547750229860175,66.98313493674587,0.14727594956486503,6.319989318427167,6.977462222399256,38744.293666666665,87154.50437155111,1779.8609507829979,0.4069443929396055,0.33393778397914003,121.0,3.0,80.8568,49.61802656723327,1.6441814802953227,118.16168888888889,0.1361494256324767,10.487251950947602,6.651422905643305
95,2026-07-04 22:13:03,1.7226847441493613,23887.029515890674,41955.001665759446,1037.2186023511244,0.23570366042787275,0.32473937165494937,51.0,2.0,58.50028216704289,49.990918287896555,2.031522624388421,67.13626435194959,0.13481270599510198,6.346429599941304,6.988853615418112,36932.379977777775,84922.8794607284,1712.4423545861296,0.4195700376209316,0.2962482151795391,35.0,1.0,87.83487777777778,48.02715679912027,1.9023573348271519,116.3501111111111,0.11613022429631066,10.361889632107022,6.5513964642375155
96,2026-07-04 22:13:08,1.729222420233691,24392.15888237491,42409.105166639376,1054.8445460357302,0.22392026504039442,0.3402584725871683,51.0,2.0,56.821764822904655,51.56986173542662,1.9131154310032323,67.45495883203144,0.13983606084259065,6.3527014604302625,7.067651321678507,39424.467066666664,87587.9442463921,1803.7658109619688,0.40122829738853444,0.35299610430517614,121.0,2.0,77.00604444444444,50.265346657272765,1.6373376663268981,118.38944444444445,0.14769948666321672,10.476627647714604,6.459971585468338
97,2026-07-04 22:13:14,1.7203044101882934,23868.289357227535,42025.970234280525,1034.6027813677692,0.220495594868666,0.3276955640469103,51.0,2.0,58.139763020283546,51.57441023656048,1.91797837653316,66.9079221949754,0.1327545011620551,6.301090040853915,7.082341353744804,38817.16951111111,87044.37705955557,1781.6369407158836,0.3925316433419194,0.335937010809992,35.0,1.0,80.16186666666667,50.55477073063101,1.7039056791038865,117.95262222222222,0.13675719047646948,10.444905239687849,6.712285365594839
98,2026-07-04 22:13:20,1.383177297652942,13401.3242748916,31951.527205158567,646.2652788986816,0.5529208495130623,0.05630361792557184,90.0,5.0,175.07506962827028,25.74031178462673,0.9971439781807042,47.11554435909512,0.014226052050380522,4.304619342162168,1.2414619605073167,27413.48706666667,72551.51022748445,1357.96201901566,0.5868895863551272,0.12527552051519833,97.0,5.0,170.2631888888889,35.91320011806072,0.9550727079648501,105.11831111111111,0.03011370185492509,9.549799331103678,2.446247482698084
99,2026-07-04 22:13:25,1.7443779198762726,24347.596172272115,42455.961389676566,1054.2766295936942,0.24338334486793725,0.35262366310073096,51.0,2.0,54.124088539552105,49.56711992276236,1.941483778653591,67.26635756857269,0.15133267356727612,6.336942032704907,6.97754790455481,41222.899933333334,89390.09474342666,1870.0564093959733,0.38131367240572533,0.3980760907989267,121.0,3.0,70.7044,52.42257357894593,1.521511184273195,120.07808888888889,0.168848051901919,10.600685618729097,6.2253252196884565
100,2026-07-04 22:13:31,1.735215315588667,24386.56497352908,42580.732267679734,1055.9698945132495,0.25039858019437444,0.352702581309036,51.0,2.0,53.993236110885555,48.904719018327484,1.9421504848692988,67.07789231368855,0.15414990908283485,6.308464854421077,6.945892967825921,38943.420244444445,87231.38925111653,1787.3590492170024,0.4024067801300427,0.3384581772433099,121.0,3.0,79.8595888888889,49.99101792931171,1.732146949803649,118.01193333333333,0.1386013942233436,10.461309921962096,6.614988937729343
101,2026-07-04 22:13:37,1.716861840298065,23733.37862960196,41872.71354806737,1032.3186997085536,0.23268049546585,0.3222932673387866,51.0,2.0,58.080319153255275,50.222096791219585,2.0474909768221963,66.85223987852608,0.13413271476826596,6.313322994048935,6.965294100738367,37052.94411111111,85077.58072673136,1717.1842281879194,0.4170065258964952,0.3003423534531381,35.0,1.0,87.00506666666666,48.20747587132565,1.8616617658406658,116.57471111111111,0.11820854212466955,10.380384615384616,6.629065881619393
102,2026-07-04 22:13:42,1.712940790378516,24355.39198077204,42447.395275743205,1054.266259928737,0.24284047700646014,0.34666155073795835,51.0,2.0,55.20469188982899,49.58463108791506,1.9172835826687487,67.42605599493318,0.1482942274443316,6.3495211625571315,6.989530360372974,39431.98742222222,87508.91150236246,1803.6103914988814,0.38927843317936495,0.35169294867016937,38.0,4.0,77.43393333333333,51.040619680973485,1.587978079092921,118.5842,0.14528831073377665,10.497474916387961,6.664551116489207
103,2026-07-04 22:13:48,1.7140923651146966,24044.507638809944,42073.67010323561,1041.0233540831514,0.21783756836002055,0.3237495109739301,51.0,2.0,59.264728510645206,52.0241140379895,1.9507978062408995,67.04600946782078,0.13035231996991664,6.32072730187625,7.077467544188062,36534.419111111114,84650.75821387656,1698.3886577181208,0.431638309738461,0.2884452247644949,31.0,1.0,89.37471111111111,47.158613593146,1.8752841358894687,116.12017777777778,0.11281895564327886,10.345624303232999,6.430144690501241
104,2026-07-04 22:13:53,1.731586142739126,24080.142821183235,42186.027091164346,1043.0257630858182,0.21658338244453534,0.33232601496340236,51.0,2.0,57.35816234145866,52.18618883721576,1.944192638483305,66.91949307371259,0.13481425470058334,6.302060560907037,7.044741400598265,38799.5862,86941.22599683506,1781.5982774049216,0.40447782249819564,0.3397718005611347,120.0,2.0,79.50364444444445,49.78658998438817,1.727919745805665,117.97304444444444,0.13935736946659466,10.460189520624304,6.581595596448466
105,2026-07-04 22:13:59,1.7343620363917291,24379.547497442225,42486.85468603017,1056.2482894992013,0.24127601669177082,0.3437810841249021,51.0,2.0,55.757464231774854,49.84773051955412,1.9311921383270254,67.64933944492262,0.1457559232395975,6.37999186933002,7.003635437186538,40718.92071111111,88925.51323575113,1851.5936800894856,0.3777271527096302,0.3857947944667692,121.0,3.0,72.39627777777778,52.434341561937735,1.551761760520058,119.69133333333333,0.16140603377311055,10.571839464882943,6.409114143411755
106,2026-07-04 22:14:05,1.728049550653187,23980.84617836205,42150.56351432808,1041.1578907882686,0.23738171708483966,0.3326702214752265,51.0,2.0,56.58731141497637,49.883666239189665,2.029447251559399,66.87271627393345,0.14100414643441253,6.30504160742287,6.967133775831851,37229.34717777778,85381.50769722025,1723.9498489932885,0.4192564537954165,0.30318941495918983,35.0,1.0,86.34606666666667,48.18021924764468,1.888144221808935,116.7812,0.12011162447058366,10.38917502787068,6.458807532957923
107,2026-07-04 22:14:10,1.7254084480134415,24092.547505562143,42165.85094328256,1044.5988275229784,0.23267872664087394,0.33768239688705176,51.0,2.0,55.891718904785876,50.50479167167621,1.9915625761704443,66.81745010312292,0.14213336447623287,6.295916342159877,6.996943106571741,39401.07266666667,87501.92250943209,1802.4783277404922,0.39108694800334964,0.3545206039187609,121.0,2.0,76.78198888888889,50.889211190584156,1.6528266391446058,118.39937777777777,0.14724495279238498,10.483004459308807,6.628585977260543
108,2026-07-04 22:14:16,1.7339946819796737,24279.554872354936,42441.85772589621,1051.3633455785666,0.24731315302204793,0.3457319548639705,51.0,2.0,55.040452401058836,49.11727830985181,1.9549920152735363,66.96280469980674,0.1495127413016802,6.299535764400865,6.954109536673888,40020.1042,88228.36138370323,1825.6896812080536,0.3857338910405583,0.36618782501393743,38.0,4.0,75.19127777777778,51.55655580180916,1.625442637721668,118.94633333333333,0.15251718509338216,10.512006688963211,6.509783894813372
109,2026-07-04 22:14:22,1.7242970395627164,23766.204049401564,41841.03523262495,1033.058299451674,0.22635510715262183,0.3189778566258641,51.0,2.0,59.20787794143917,50.93133548944886,2.0507699942510125,66.87866411160012,0.13022489690762493,6.320512476194764,6.999356578877242,37088.59982222222,85208.35837356247,1718.3258780760625,0.4218941358646039,0.30283370825536504,35.0,1.0,86.0762111111111,47.918490547084104,1.8810148415985826,116.44928888888889,0.12065573031781428,10.353628762541806,6.236047948570902
110,2026-07-04 22:14:27,1.724954238038459,24042.75597422739,42166.062924865815,1041.9653676807995,0.21973053744794716,0.32901447793817407,51.0,2.0,58.33481048118616,51.823737236749054,1.9270963118445126,67.21368368059503,0.13288511403373257,6.3345063927431795,7.101151072950833,39985.7048,88100.54128282666,1824.624004474273,0.38756061834261113,0.3655336334697539,121.0,3.0,75.2825,51.41941942252946,1.5764357185153375,119.06068888888889,0.15233086810998023,10.533138238573022,6.465943366105435
111,2026-07-04 22:14:33,1.7270970171862103,24218.222337479903,42332.33951595776,1049.0112027624086,0.22758535896942536,0.33441304100202573,51.0,2.0,57.44107073257872,51.094733124609576,1.9354204989288613,67.3477130259675,0.13742942578683487,6.343958654633182,7.056147870948545,38368.0902,86692.59621716099,1766.026985458613,0.4135995765422575,0.32828895766362415,38.0,1.0,81.73174444444444,49.050378920964995,1.7370738948058244,117.71184444444444,0.133272111047717,10.444570791527314,6.659520501663538
112,2026-07-04 22:14:39,1.724462223831698,23936.688028809458,42072.66140173854,1040.1541410070417,0.23204782560043669,0.32490252859391955,51.0,2.0,58.0941057537717,50.39554736086301,2.0437341290139948,66.99180294590512,0.1351831107351377,6.3266524015245835,6.987112958169812,37316.03546666667,85492.78331432889,1726.8968288590604,0.41970999484515703,0.30695827197175046,74.0,1.0,85.51413333333333,48.16871945134334,1.8557165456678262,116.84506666666667,0.12232785806609638,10.392525083612039,6.485043319049787
113,2026-07-04 22:14:45,1.7155995175040293,24017.894351787192,42174.833519123764,1043.0295447265125,0.24030170616255397,0.33459996813238174,51.0,2.0,56.42065523653312,49.645008357065414,1.9804775055078243,66.96866524838819,0.14202272137561212,6.311511387365985,6.991848522298016,39684.15822222222,87844.75555555554,1813.1810067114093,0.384520532199919,0.3579597554786489,38.0,4.0,76.29255555555555,51.44044679823911,1.5802040474239718,118.55704444444444,0.14863793034518996,10.487686733556298,6.386175402462826
114,2026-07-04 22:14:50,1.71865536738872,23951.919192636862,42135.447781564304,1039.9377566244846,0.23667174201482857,0.3326106826529471,51.0,2.0,56.56216505351024,49.97674862300867,2.0080600485115467,66.8267250759212,0.14030155168532232,6.296275100431091,6.991297155820716,37459.489466666666,85550.38946876841,1731.590850111857,0.40837620902928484,0.30876177704474717,35.0,1.0,85.19897777777778,48.91668798477168,1.8407062419461881,117.08375555555556,0.12251295982895088,10.402168338907469,6.601047387856116
115,2026-07-04 22:14:56,1.7249576350220488,23974.728007210484,42088.42624883298,1040.8415351925055,0.23762827298330352,0.3365179400870233,51.0,2.0,56.02680383909576,49.891591638827066,2.0176067127099686,66.75525561492115,0.14253325840086367,6.297714354825358,6.968161376347831,38161.16186666667,86295.89583424001,1758.1700727069351,0.41454876628417914,0.3261284441862774,38.0,1.0,81.91232222222222,48.88985251843118,1.7528890273901623,117.49997777777777,0.13240660468014567,10.43829988851728,6.48821536732855
116,2026-07-04 22:15:02,1.726903882327707,24282.05069465872,42311.28573555069,1052.0065796989065,0.23337859820706242,0.3373668054761141,51.0,2.0,57.10516609285935,50.57480220056952,1.931589942660621,67.34810278188284,0.1398877157101998,6.357077357667036,7.039709177086827,39825.3818,88127.21829613778,1819.224860178971,0.3933556262895056,0.3620135524039378,121.0,3.0,76.05504444444445,50.93973643322974,1.590831303322763,119.29931111111111,0.15043859150349206,10.552564102564101,6.423667395875643
117,2026-07-04 22:15:07,1.7236860779548782,23728.723689445735,41831.29276662275,1028.75727716246,0.2169920021449136,0.31893579313284925,51.0,2.0,59.62323087354044,51.869610700470766,1.9737525404247251,66.81034314760382,0.1275973289787088,6.3034446841153,7.06321638068316,36993.14982222222,85197.31911593876,1715.7195302013424,0.42056683715162224,0.3001207438873056,35.0,1.0,87.00134444444444,47.978450815307845,1.89401333865048,116.68184444444445,0.11823139035316665,10.384888517279823,6.47040966165004
118,2026-07-04 22:15:13,1.7192553525330885,23997.569488201763,42088.48063801268,1040.6163113521734,0.22025338094334898,0.3263495588521,51.0,2.0,58.268579380288095,51.75116553205607,1.9433333102025385,67.0654911736525,0.13236408231578056,6.319551468520352,7.073326915197845,39099.360377777775,87163.05209929432,1791.0035850111858,0.393217019213336,0.34920116244918115,74.0,1.0,77.63826666666667,50.60989729836558,1.6575210853279865,118.4957111111111,0.14410455023469235,10.496911928651059,6.629143338948673
119,2026-07-04 22:15:19,1.7292137814242037,24415.26266503727,42558.75470329543,1057.7799007616975,0.24816793434369755,0.3502481351748149,51.0,2.0,54.46843586079218,49.16784865948614,1.9240987000231768,67.31802864705978,0.15208662033662967,6.337175221038578,6.969193598881004,39200.83555555555,87487.51343833284,1795.7572483221477,0.40053290406075537,0.34559810113636136,38.0,4.0,78.4172,50.2228012598085,1.6711484543870254,118.57637777777778,0.14308365607668297,10.483232998885173,6.492377018257663
120,2026-07-04 22:15:24,1.7248564650623965,23781.663131120386,41945.90146032001,1034.0230314477262,0.23399614352381065,0.32946121495444086,51.0,2.0,56.94427200902935,50.13958498127225,2.046071337657063,66.90449762086493,0.13796475264753705,6.312739034045178,6.917786900684233,37062.219333333334,85229.26381250173,1717.7301454138703,0.4224917987938047,0.30178084659224663,120.0,5.0,86.31575555555555,47.874972452399646,1.8852427110349161,116.47795555555555,0.12010979813694292,10.358444816053511,6.323933669649293
121,2026-07-04 22:15:30,1.7323147532287189,24280.539949981325,42439.232478789745,1052.2669844650516,0.24519486770466167,0.3444753791024721,51.0,2.0,55.36094138233431,49.35168659920135,1.951582600760774,67.47642179709956,0.14789721047768892,6.354643462320313,6.983810800524517,40250.81168888889,88461.75927698766,1834.723495525727,0.3915258157015495,0.37302470122608367,121.0,3.0,74.189,51.28718218792857,1.5644510130569182,119.38262222222222,0.15667493445651137,10.556560758082497,6.281734445585967
122,2026-07-04 22:15:36,1.7279823992158831,24140.806165451388,42279.760302793526,1047.3228073389873,0.24548234397875593,0.3368211772411037,51.0,2.0,56.49817403413612,49.227453787693406,1.9759702780721107,67.22325300030856,0.14367246542828832,6.341637525673621,6.968707158538864,38813.49237777778,86946.3252040884,1781.713260626398,0.39936009186306837,0.3371781712096597,38.0,1.0,80.07133333333333,50.13978793112091,1.723470312163559,117.82293333333334,0.13735991656361674,10.448634336677815,6.577357046371371
123,2026-07-04 22:15:41,1.7306355948466177,24003.59264010913,42020.65785041231,1041.2346879640922,0.2225444745698179,0.3226256246141282,51.0,2.0,59.21533506828848,51.472226605802135,1.9866278718325054,66.91938548484012,0.13100486890674365,6.321788019503877,7.049523228589823,37258.00931111111,85451.50080762024,1724.9272091722596,0.43074857424133295,0.3036035315110994,35.0,1.0,86.33408888888889,47.55888871415555,1.8620704976303095,117.03504444444444,0.1209397599585663,10.405406911928651,6.529975407934844
124,2026-07-04 22:15:47,1.7216921233098859,23874.152583350926,42026.7631141036,1034.4258383021302,0.21834363411150853,0.32987247427207744,51.0,2.0,57.6829873572925,51.866847628863866,1.8964240095406237,66.9379354304367,0.13310770898193766,6.307150092817362,7.082666603944722,39867.40673333334,88173.7173295995,1820.2752628635346,0.3903306542176739,0.36392357764518796,121.0,2.0,75.46932222222222,51.14961771320763,1.5674837440016973,119.14357777777778,0.15221275939896003,10.534163879598662,6.308906698758351
125,2026-07-04 22:15:53,1.7332135310253574,24201.872066680742,42280.36749460651,1047.8056539968125,0.22473807643036295,0.32891044674509523,51.0,2.0,58.45549576140442,51.363670900319185,1.9351951963869687,67.26405760267632,0.13473934523574024,6.33147199755812,7.078453590464375,38155.498377777774,86139.05113102174,1757.5900167785235,0.4082302989047382,0.31914057053552497,38.0,1.0,83.73584444444444,49.24915565726564,1.8177793612764335,117.82344444444445,0.12823163767605186,10.476081382385729,6.642620549545481
126,2026-07-04 22:15:58,1.7284839980071265,24089.062440115627,42251.4268030404,1045.8204723174617,0.23837667121414016,0.338785431222443,51.0,2.0,55.72964438832681,49.89848300463689,1.9946086357019157,66.97384981405395,0.1441815966334578,6.3153831220327925,6.987545161476965,38711.20895555556,86808.88882735356,1778.6224384787472,0.400733599001513,0.34002568530374727,120.0,2.0,79.62067777777777,49.969405452920846,1.7353392822954012,118.04226666666666,0.13861546511544626,10.482898550724638,6.551619135420858
127,2026-07-04 22:16:04,1.7314496598821338,24406.976990191142,42546.85279795161,1056.502951169854,0.2499869992673933,0.3539281744326018,51.0,2.0,53.942305974633385,48.92562083374062,1.9278793013503999,67.18689405135034,0.154354879469238,6.3230815433247525,6.944346007048361,40466.93326666667,88687.10583142666,1843.0959395973155,0.38241943281094787,0.37673161438267994,121.0,3.0,73.71847777777778,52.01408869735366,1.5564984364755188,119.35644444444445,0.1575059292177032,10.55366220735786,6.438126026072926
128,2026-07-04 22:16:10,1.7288706970868237,23925.47564025529,42065.66203162212,1038.9991247038224,0.23812645138393562,0.3332763128024365,51.0,2.0,56.47955608425224,49.802751838731346,2.032779684761753,66.98179921074427,0.14079467285018105,6.313576360172114,6.941835250289529,37286.64224444445,85427.77562838467,1725.761342281879,0.4201412984482617,0.3057161289120168,35.0,1.0,85.7713,48.154251879639645,1.8820412160018152,116.56831111111111,0.12150224617660496,10.365323299888518,6.357655917217348
129,2026-07-04 22:16:15,1.7150029209484394,24143.172958247396,42221.559182067766,1046.6527859553112,0.23910028932311397,0.33756075763468246,51.0,2.0,56.24620901472952,49.831709505017066,1.9769414646380723,66.99354060769443,0.14346427360913977,6.31631228192824,7.007767397258392,38907.804355555556,86865.52368293135,1783.887639821029,0.39082427449441437,0.34217900246912875,74.0,1.0,78.86826666666667,50.64938193871011,1.670038566465052,117.91844444444445,0.14037551233563533,10.454470457079154,6.662963009021631
130,2026-07-04 22:16:21,1.7234682590553099,24362.244273430013,42450.734537122626,1054.2152178954748,0.23296085028404107,0.34013613476879334,51.0,2.0,56.65904781817886,50.5761989580129,1.897304960669908,67.28179149682511,0.14200754943607616,6.332208450374732,7.0366773328683685,39284.10211111111,87462.65933055556,1798.8502348993288,0.3933764506179849,0.3484476897570898,38.0,1.0,78.10118888888888,50.72152463016827,1.6510058596115225,118.515,0.1432726377997144,10.485501672240801,6.548757813268143
131,2026-07-04 22:16:27,1.7242707290453172,23588.961328905272,41718.54235197437,1023.8657314945781,0.21238931549102563,0.31847563035878884,51.0,2.0,59.326269345697256,52.3300829116258,1.9719012110669907,66.55694090325933,0.12667247843485507,6.280883066798195,7.04913712084187,36773.25944444445,84916.8316527284,1706.91798098434,0.4322076426021884,0.29485621263426876,31.0,1.0,87.77446666666667,47.22794607296734,1.8936352995443086,116.25973333333333,0.11685291684641581,10.34516164994426,6.16983757588762
132,2026-07-04 22:16:32,1.7234755443974474,24250.811634214075,42330.48199011334,1050.4409033683569,0.22408526881833404,0.3341133815204425,51.0,2.0,57.14589355603553,51.55922402545154,1.918492416363507,67.28612347142602,0.13706266318766902,6.339252357443951,7.062876713912258,39647.622955555555,87795.75390737728,1811.9399552572709,0.39401628411439743,0.3565852111467831,121.0,3.0,76.6661,50.84126200146011,1.5974120398776523,118.74402222222223,0.14816033414613364,10.51696209587514,6.496808775513777
133,2026-07-04 22:16:38,1.383177297652942,13401.3242748916,31951.527205158567,646.2652788986816,0.5529208495130623,0.05630361792557184,90.0,5.0,175.07506962827028,25.74031178462673,0.9971439781807042,47.11554435909512,0.014226052050380522,4.304619342162168,1.2414619605073167,27413.48706666667,72551.51022748445,1357.96201901566,0.5868895863551272,0.12527552051519833,97.0,5.0,170.2631888888889,35.91320011806072,0.9550727079648501,105.11831111111111,0.03011370185492509,9.549799331103678,2.446247482698084
134,2026-07-04 22:16:43,1.734559498196007,23819.372842132616,41991.980049127626,1036.0147266332128,0.2322256962395361,0.3286086684624789,51.0,2.0,57.053186457605925,50.3136194859014,2.0406246102991985,66.62929340500511,0.1375752633881807,6.290053641448138,6.986229314184863,37493.719577777774,85757.00595049432,1733.2205928411634,0.4284561632684105,0.3080693362924581,38.0,1.0,85.22198888888889,47.744157977004996,1.856859278031886,116.88235555555555,0.12404497168645613,10.385434782608694,6.477806179364409
135,2026-07-04 22:16:49,1.7311398808067973,24192.45042182958,42339.62644360286,1049.1559747741214,0.24143231622914535,0.3449257693686409,51.0,2.0,54.86674509151144,49.6777018438667,1.9446443130675783,67.11884713448202,0.14763448071745816,6.321276668214855,6.990236793785403,40534.876266666666,88723.74083882666,1844.7907438478746,0.3827244184251531,0.37998585138205365,121.0,2.0,73.08638888888889,51.97167576097889,1.5455751230570192,119.43962222222223,0.16015024522524737,10.551148272017837,6.234190976347778
136,2026-07-04 22:16:55,1.7072522336730616,23905.3426908586,42050.08912625687,1038.4942366999817,0.23456635433522094,0.3258254691120365,51.0,2.0,58.02533819445572,50.13056014462138,2.0032364768578983,67.04000276077107,0.1358114881111833,6.329619536213134,7.032583165927971,36928.238333333335,85028.35397250322,1712.0670525727069,0.41008520497233425,0.29543812629150584,31.0,1.0,88.22852222222222,48.55007391955186,1.851123110924904,116.29884444444444,0.11489816227338347,10.36572463768116,6.824832068321238
137,2026-07-04 22:17:00,1.7341792159648035,24089.644972960683,42044.439413118125,1044.294809207347,0.21947352367618583,0.3237915942206575,51.0,2.0,59.23877117267811,51.90313365821801,1.9740841464508798,66.94470743946603,0.13051904681719478,6.31944536306108,7.061073027542592,38446.141266666666,86646.69378182666,1768.885005592841,0.4108525427734503,0.3318187998466342,121.0,2.0,80.90064444444444,49.22297855029163,1.771984325917992,117.71653333333333,0.13541158759605218,10.454308807134893,6.483133898446949
138,2026-07-04 22:17:06,1.729422117778933,23929.011331341248,42062.95359170754,1036.859987252476,0.21994558803346212,0.33341945193462613,51.0,2.0,57.393228193968525,51.68733235910072,1.8903862850912965,66.98402203744905,0.13459445501457087,6.321485339860788,7.069509874750439,40653.729555555554,88831.84918395063,1848.4580201342283,0.3802377328211294,0.3842434124322518,121.0,3.0,72.58571111111111,52.2356109718785,1.528411915312895,119.5376,0.16108603135249924,10.557240802675587,6.435081639105752
139,2026-07-04 22:17:12,1.7230847206066668,23942.23931013203,42058.41925790322,1039.839114825566,0.22318028269606396,0.32075500807022606,51.0,2.0,59.28949425110025,51.38258938160406,1.983245287572123,66.97237807947772,0.1302123664174984,6.322189909903608,7.0694232989492845,36737.294,85013.61152995359,1706.4941275167785,0.4325793547774428,0.2916651425046627,31.0,1.0,88.77296666666666,47.184383483886315,1.8897731302080825,116.20286666666667,0.11442166103061774,10.340289855072463,6.472037232468763
140,2026-07-04 22:17:17,1.7342874190278943,24147.23333590464,42277.403120474526,1047.5459910738186,0.24100841353772323,0.34242417979513523,51.0,2.0,55.251622967991295,49.66424396096596,1.9959867406457485,67.01542986829499,0.14645300128306757,6.316284074314348,6.965864290742077,39131.50028888889,87268.88428722914,1792.7676510067113,0.39920726005643065,0.3457118766173836,74.0,1.0,78.20493333333333,50.24785746782312,1.7128745138280603,118.56866666666667,0.14338732400509446,10.498751393534002,6.517664023912246
141,2026-07-04 22:17:23,1.7187498391150173,24106.795985108078,42255.5809386803,1045.8380702710206,0.2466235197322349,0.339064887256002,51.0,2.0,55.82440785520568,49.08624233946087,1.9606924952873273,66.96938183087842,0.1455873847422727,6.313000188462363,6.985370352982125,39140.29977777778,87300.85219884248,1793.7196029082775,0.3950356365223748,0.34396107890866756,120.0,2.0,78.89066666666666,50.53325243617095,1.6411817791720626,118.3208,0.14109335847441773,10.47690078037904,6.622851124842759
142,2026-07-04 22:17:29,1.7210848541449186,23801.875773421896,41968.1323125462,1035.1034986989148,0.23346499651122118,0.3276138805688392,51.0,2.0,57.221293055848776,50.22550245219781,2.0447880442543007,66.80269215778618,0.1369824050853739,6.305079864759503,6.9842969995447595,36497.205266666664,84729.96482813578,1697.5131991051453,0.43561340653443587,0.2886146347796451,120.0,2.0,89.0513888888889,46.87909665966851,1.9044203581514196,116.09584444444444,0.11370947855571874,10.334258639910814,6.394831679959149
143,2026-07-04 22:17:34,1.698464513539672,23954.36786462478,42098.604246677656,1040.6077904501753,0.24017699684534302,0.3318489925472902,51.0,2.0,57.215362473001285,49.56851927039816,1.997740990951846,67.16455007551521,0.13957398442328192,6.344126389729183,6.9936348572906075,38010.4188,86110.43560011654,1752.1000782997762,0.40079270494553115,0.32291891799601374,74.0,1.0,82.53895555555556,49.63510982066158,1.6779128645385182,117.40866666666666,0.12942111042016038,10.4417502787068,6.631205512228669
144,2026-07-04 22:17:40,1.7102130806575182,24257.188893580395,42265.53058338092,1050.1780969772199,0.22594703965000137,0.33088464942331836,51.0,2.0,58.40340346233172,51.282920354750864,1.9243777228309988,67.33305860954577,0.13512299411830844,6.350627470132158,7.104948019601509,37583.392377777775,85792.09165717284,1736.608322147651,0.41654733637363944,0.30915163248589334,35.0,1.0,85.59214444444444,48.519402058022365,1.7519450412475577,117.37673333333333,0.12245949647773899,10.44284280936455,6.758641444220602
145,2026-07-04 22:17:46,1.721566003650005,23426.881841028306,41571.20467154283,1018.592977374879,0.21100130935366523,0.31598451796909216,51.0,2.0,59.59671224645566,52.36457253215709,2.0009033383608155,66.60021598973643,0.12471948184594756,6.290355992032488,7.023396582552818,36550.48933333333,84729.20834716248,1699.1345805369128,0.4334544333573462,0.28866276770470234,35.0,1.0,89.22113333333333,47.01928552370824,1.9066479236205265,115.90724444444444,0.11329081183918985,10.323545150501673,6.355137591100914
146,2026-07-04 22:17:51,1.729410998625897,24341.52254697371,42443.21971782915,1054.683479871048,0.23429615998400685,0.34323663137643656,51.0,2.0,55.95274311025221,50.53195635359969,1.9265845337484842,67.62517660814915,0.1433946216543047,6.377906981198686,7.029165165508881,40532.401155555555,88639.10685387655,1844.3528355704698,0.37700558077819624,0.37907196357614226,120.0,2.0,73.22485555555555,52.37725997225664,1.5551939818249734,119.44742222222222,0.15875207810343786,10.55577480490524,6.368883117134171
147,2026-07-04 22:17:57,1.7273482849910708,24058.589668220277,42196.29982343854,1043.5715632941042,0.24303218662849113,0.33472368915293355,51.0,2.0,56.54699603748153,49.37620791753327,2.000008020301849,66.97690290205759,0.14264979145509485,6.3112392728815525,6.980876075841117,37799.28215555556,86060.84529569134,1744.320715883669,0.4174663648402629,0.31263458519253534,31.0,1.0,84.38082222222222,48.54181492957679,1.8093100099958883,116.89586666666666,0.12610366947824017,10.371454849498328,6.536129249727669
148,2026-07-04 22:18:02,1.726946547265225,23808.276824138884,41923.22784786128,1035.2911192470594,0.23659040807403878,0.3281971855542647,51.0,2.0,57.31218636828686,49.8628628190635,2.0374068277309854,66.68268387547299,0.13794156095534205,6.2982799710080695,6.953468636938731,37441.03402222222,85683.7781299906,1732.246370246085,0.4288964213261171,0.3085423840783609,120.0,2.0,85.18944444444445,47.73056113600619,1.8210159375611992,117.1155111111111,0.12384035006065604,10.409409141583055,6.438391820928224
149,2026-07-04 22:18:08,1.7333310404377316,24212.988364161945,42394.02044694356,1050.082227307923,0.24342026899138264,0.3467443095626277,51.0,2.0,54.94942612501421,49.471781353115134,1.9474658014919397,67.38079761924095,0.14806016097960406,6.348195270984733,6.986989420353378,40980.329755555555,89136.8248728489,1860.9643680089484,0.37592330046515143,0.3921001745369861,121.0,3.0,71.68845555555555,52.70135773133176,1.5148586113370621,119.7962,0.16420723901887457,10.58443143812709,6.268144029603207
150,2026-07-04 22:18:14,1.724569643600621,24019.43105177258,42094.95548886586,1042.4346348370639,0.23488387529496516,0.3330095602605888,51.0,2.0,56.938243987203016,50.213579926301726,2.0079815796033853,67.08334483654612,0.13928970810819,6.332406867978713,6.977872502329102,37366.4204,85541.78170424693,1728.8467561521252,0.41559243876761776,0.30816005078460595,35.0,1.0,85.4854,48.45206437702686,1.8617171105054695,117.00308888888888,0.12192637944815814,10.397207357859532,6.502981490041703
151,2026-07-04 22:18:20,1.7183566085857707,24129.056770385047,42015.8803443051,1044.4455237487512,0.21299986462917384,0.32270917706785024,51.0,2.0,59.62674476671484,52.6547965005712,1.9387661287252642,66.98945426051935,0.12896172489401606,6.322323999820227,7.12493814515008,38022.863333333335,86024.64091279803,1752.0942393736018,0.4088197010911519,0.3193936938504075,38.0,1.0,82.9649111111111,49.14067235886163,1.7573313030995772,117.4747111111111,0.12940853881588302,10.432307692307692,6.526004165531617
152,2026-07-04 22:18:25,1.7333174636777435,24229.31406409861,42351.506334065605,1048.3692184049632,0.22536966126430097,0.33786380085270207,51.0,2.0,56.84011583058609,51.34909753355927,1.8855939580393837,67.43619573866866,0.1387461875959633,6.3464294590257015,7.032018632141112,39785.6192,88097.8725092958,1817.0498266219238,0.396750960945533,0.3586136593945381,121.0,3.0,76.63063333333334,50.76085917142372,1.6211886595865874,119.30022222222222,0.14896144887658644,10.548935340022297,6.614012944303992
153,2026-07-04 22:18:31,1.383177297652942,13401.3242748916,31951.527205158567,646.2652788986816,0.5529208495130623,0.05630361792557184,90.0,5.0,175.07506962827028,25.74031178462673,0.9971439781807042,47.11554435909512,0.014226052050380522,4.304619342162168,1.2414619605073167,27413.48706666667,72551.51022748445,1357.96201901566,0.5868895863551272,0.12527552051519833,97.0,5.0,170.2631888888889,35.91320011806072,0.9550727079648501,105.11831111111111,0.03011370185492509,9.549799331103678,2.446247482698084
154,2026-07-04 22:18:36,1.383177297652942,13401.3242748916,31951.527205158567,646.2652788986816,0.5529208495130623,0.05630361792557184,90.0,5.0,175.07506962827028,25.74031178462673,0.9971439781807042,47.11554435909512,0.014226052050380522,4.304619342162168,1.2414619605073167,27413.48706666667,72551.51022748445,1357.96201901566,0.5868895863551272,0.12527552051519833,97.0,5.0,170.2631888888889,35.91320011806072,0.9550727079648501,105.11831111111111,0.03011370185492509,9.549799331103678,2.446247482698084
155,2026-07-04 22:18:42,1.721506247647094,24278.440801760396,42411.186304607494,1051.517024260525,0.24433915906480944,0.35057040578467724,51.0,2.0,54.06792105818731,49.43062873275185,1.9332961311457475,66.91892264969063,0.1515876586385289,6.301805327274041,6.943347299749724,38469.66593333333,86811.88142785136,1770.481403803132,0.41541072392318296,0.33048552652317675,121.0,5.0,81.23164444444444,48.991392064391405,1.6859821302401197,117.92108888888889,0.13510761574488947,10.467948717948719,6.532698561041174
156,2026-07-04 22:18:48,1.717715278818907,23814.52832632314,41945.85524049296,1035.0774620279935,0.23128919583386512,0.3273274421847799,51.0,2.0,57.316309255079005,50.411838006492694,2.036475072763981,66.55321589229744,0.1368558691284901,6.283446585009978,6.965429090816256,36027.613422222224,84163.6476112573,1679.871001118568,0.4435754118706406,0.27871871830937645,31.0,1.0,92.01815555555555,46.27592130469176,1.9297580245458983,115.80413333333334,0.1070270862129836,10.342564102564102,6.567425336126608
157,2026-07-04 22:18:53,1.717197120080048,24095.959298926547,42152.1789159912,1045.459238373689,0.2399677314886777,0.33567718499720184,51.0,2.0,56.8218348571707,49.72480300073581,1.9580436012147981,67.16924541630804,0.14133238108337734,6.343534506111893,7.009234868571373,39369.66891111111,87614.78156383951,1801.8978299776286,0.3951566542323132,0.3526206960437402,120.0,2.0,77.07532222222223,50.59205387658944,1.6001374818639609,118.51426666666667,0.14687527110603063,10.488210702341137,6.324495383845712
158,2026-07-04 22:18:59,1.7233327791022774,24335.380054647027,42368.288464541096,1052.0161082282164,0.2232933946967321,0.3349603538176147,51.0,2.0,57.64976168049759,51.59950323057843,1.9099954900238985,67.19029426571609,0.13719636568172464,6.3265110177908745,7.053622785957197,38383.33724444445,86489.66916254025,1765.8177572706936,0.4002139461283548,0.32509546092621516,38.0,1.0,82.13714444444444,49.86182733048089,1.7579934663019774,117.45493333333333,0.13143285956516332,10.422720178372352,6.712714085385394
159,2026-07-04 22:19:04,1.7361773252167028,23896.5745895383,41976.35787895862,1036.3102671367733,0.2149484459014482,0.3226037131601504,51.0,2.0,58.960201252090876,52.255873102080294,1.9735814772031808,66.9004701430729,0.1292979503981002,6.30773180917368,7.060779100076738,38189.83588888889,86404.14609303654,1759.173187919463,0.4134046374583947,0.3267224721405505,120.0,2.0,81.63363333333334,48.94791413010137,1.811877115740494,117.51362222222222,0.13305923200767567,10.422190635451505,6.3348326896435445
160,2026-07-04 22:19:10,1.7443716033811514,24535.96190744921,42671.30810800943,1061.9117358668864,0.24324719174429943,0.35191151357512956,51.0,2.0,54.59927509459701,49.7295318596131,1.901821120342309,67.62669300225734,0.15078931549209054,6.366805062298367,6.98209738756361,41591.88486666667,89806.84160653778,1883.7478579418344,0.37584032309993076,0.4073270158216335,121.0,3.0,69.4159,52.97255845635759,1.4854017977071046,120.09217777777778,0.173004933514416,10.590128205128206,6.049179169517341
161,2026-07-04 22:19:16,1.7277299552017205,24025.517463906977,42192.05422983407,1042.9726438589462,0.24259883607838856,0.3367116480615523,51.0,2.0,56.08186802702308,49.4254519867823,2.005490868724038,66.90934724004093,0.14352318087852678,6.311945963440602,6.963779389945109,37469.23637777778,85758.37183632543,1733.002293064877,0.4277018310730164,0.3084087175398437,120.0,5.0,85.46582222222223,47.7901866808513,1.8253375205253075,116.91964444444444,0.12332207641085752,10.392346711259755,6.511184644826082
162,2026-07-04 22:19:21,1.7246459361571154,23912.96339339364,42086.06146739038,1038.735754813617,0.23665508102930774,0.32850550770848275,51.0,2.0,57.44055105802491,49.8922310011935,2.0222608557309387,67.04508582750053,0.13834082264392625,6.3221675969000435,6.988197104327167,38354.20784444444,86492.81445277581,1764.2628859060403,0.403566348550786,0.3301307092676885,120.0,2.0,80.96383333333333,49.610168007677615,1.7595338351428933,117.54986666666667,0.13477812488218877,10.431064659977704,6.611129367652522
163,2026-07-04 22:19:27,1.7264646452991714,24222.871441447292,42375.76732822542,1050.1511345363563,0.247620865094131,0.3486188794420842,51.0,2.0,54.46853634473911,49.05877026335264,1.958110901356393,67.23314102668203,0.15074152438902325,6.334594937209509,6.943594605025384,40190.52811111111,88438.07458581285,1831.7273545861299,0.38409622422641587,0.37130605536600053,121.0,2.0,74.34823333333334,51.720389813249135,1.5666121881673194,119.34213333333334,0.1552440818296757,10.53695094760312,6.450703555403322
164,2026-07-04 22:19:33,1.7248846813045924,23991.45462591552,42073.69650711107,1041.38288425623,0.23581102901645185,0.3313290267328686,51.0,2.0,57.403047201065334,50.07748236065625,2.013630520676279,67.21035045552722,0.13826511549848441,6.351428615464954,7.013956126821269,37271.77915555555,85339.61257216,1724.8886689038031,0.41427260499050644,0.3051456555137613,120.0,5.0,86.35347777777778,48.459550579318275,1.8819077780490112,117.42322222222222,0.1201095293969443,10.438589743589743,6.468442648267757
165,2026-07-04 22:19:38,1.723332802124728,23959.63761834776,41983.355270416294,1039.3245085908643,0.2184112733949487,0.31872991665594247,51.0,2.0,60.06602505805739,51.92480514063724,1.9694292408470924,67.13270782922196,0.1276005007054308,6.342901551630598,7.125076955647032,38650.88651111111,86901.85128590172,1776.644865771812,0.4087005669996616,0.3380427566371285,121.0,2.0,79.82548888888888,49.436495417914,1.6914555865573946,118.24022222222223,0.13864964461275298,10.494392419175028,6.51838409109162
166,2026-07-04 22:19:44,1.7233299459071054,24240.10854093249,42321.39895651728,1049.1832942712313,0.22470272113752926,0.3344092293589358,51.0,2.0,57.40452096562028,51.42320711021406,1.902752258791494,67.11125501404746,0.13724179776735834,6.323823437392152,7.069643548309589,39388.33328888889,87851.47657995061,1804.1413814317673,0.3951631362697089,0.34900167171814367,121.0,3.0,78.2692888888889,50.66446327604662,1.6272009767743583,118.76631111111111,0.14352840835421696,10.518272017837235,6.671540595189526
167,2026-07-04 22:19:49,1.6902690081249045,23518.460549393443,41531.51179170256,1024.9674429167305,0.21968421134845534,0.3100619414515772,51.0,2.0,60.595400880198774,51.48244988418621,2.031953717943195,66.77116049823798,0.12441026152548947,6.327697875948257,7.0841753337079325,35510.59108888889,83352.36425791554,1659.3366331096195,0.42784426371966533,0.27015785494090794,31.0,1.0,93.62846666666667,46.870250534901615,1.910154375140348,115.18691111111112,0.10198723566939796,10.276432552954292,6.67759253001263
168,2026-07-04 22:19:55,1.7139212155502426,23920.099698345162,42021.772502596716,1039.0041196010563,0.2365504600594556,0.3327032814319532,51.0,2.0,56.82909000113679,49.93144992684865,1.994629599519922,67.03577431508518,0.13975600450342296,6.328989438832414,6.993229558770221,38956.1526,87026.70733562026,1786.1714038031319,0.39237982076228,0.34249778432947753,121.0,2.0,78.88067777777778,50.565123421699745,1.651640603544894,118.15437777777778,0.14078770540052277,10.480546265328874,6.537632815272293
169,2026-07-04 22:20:01,1.7336935719852982,24127.120515776995,42306.282924746316,1046.3297857086873,0.24751110951801525,0.3424279245930667,51.0,2.0,55.28054610487682,49.00547588493486,1.9587780170539175,66.97279016515907,0.1477379733645308,6.305832512358599,6.977990468970346,39077.23584444445,87246.32773279952,1790.7253355704697,0.4007874717314839,0.340748459379475,38.0,1.0,79.52508888888889,50.1456539990466,1.7126690145649668,118.21117777777778,0.13994382842370742,10.469994425863991,6.551941546833232
170,2026-07-04 22:20:06,1.7311211120394223,23897.697003345405,42048.34986554038,1038.3581084254251,0.23581412227884538,0.33571500768679857,51.0,2.0,55.81962928528509,50.04628943024192,2.035450453595123,66.64202137161602,0.14186895182150025,6.286328449468023,6.934856935448827,37709.71857777778,85785.34131384888,1740.909787472036,0.41571126637215366,0.31539791439479464,38.0,1.0,83.70662222222222,48.59132931948931,1.8478162436844972,117.01804444444444,0.12705959825029178,10.395278706800447,6.289498455785596
171,2026-07-04 22:20:12,1.7419515971469919,24366.411572096724,42450.185800535,1055.3743427045856,0.24486080981894123,0.34680264658302784,51.0,2.0,55.48159519788233,49.456429561028926,1.9342385627313032,67.4858977377917,0.1474425811652958,6.368827359481957,6.9872194001451495,41288.04744444445,89499.42128591359,1872.212908277405,0.3780969053479239,0.40165220632477583,121.0,2.0,70.16633333333333,52.65491113424801,1.5097545055470933,119.92144444444445,0.17028161741014308,10.575958751393534,6.174589698895174
172,2026-07-04 22:20:17,1.7347020457585618,24123.838791269467,42234.47860993829,1044.6486943989746,0.22312862432849578,0.33543853330342793,51.0,2.0,57.351668439514754,51.47512106218317,1.9260651149422656,67.21547818178865,0.1364606747816262,6.3324071186046496,7.06961389751107,38733.63968888889,86943.67793584986,1778.89485458613,0.40145571966486826,0.335353353614291,38.0,1.0,80.27174444444445,49.95167230501923,1.7637883030273513,117.78904444444444,0.13680643125734235,10.436867335562988,6.508835884886866
173,2026-07-04 22:20:23,1.7297607997423778,23811.657843025805,41817.122219329955,1033.6646430196977,0.21498303474374858,0.31394813045032965,51.0,2.0,60.66217601539536,52.164634039188,1.9873419714044867,66.76233212075937,0.12498659417739559,6.305552537140867,7.081063276783608,37646.63855555555,85715.30177443504,1738.3538478747205,0.42062838941926345,0.31037551639204186,38.0,1.0,84.79683333333334,48.30217778590434,1.8347513967547242,116.87726666666667,0.12479310344055156,10.392335562987737,6.542363190650901
174,2026-07-04 22:20:29,1.7144522624631464,24111.50089522062,42199.12642533698,1046.37309509396,0.24010535962462629,0.33930290310834893,51.0,2.0,56.10242765155821,49.74590849137778,1.9422806471562588,67.22010247332608,0.14348523468958505,6.350250753626126,7.0174656734633,39230.580466666666,87364.22240433333,1796.7657997762863,0.3946198898249495,0.34652210900279734,120.0,3.0,78.34301111111111,50.58316671076224,1.6072415450674988,118.52377777777778,0.14284866194652202,10.498467112597547,6.545829694880744
175,2026-07-04 22:20:34,1.7110088061742743,23892.449825015832,42005.652248905026,1037.7606266083371,0.23751200437621664,0.3291750155519129,51.0,2.0,57.26329230069669,49.8257975439835,2.0101831506595635,66.88324983354174,0.13854970264584587,6.311720714758213,6.967578270803278,36706.04591111111,84784.25112362667,1704.3470805369127,0.42130354805017284,0.2929181219650068,31.0,1.0,88.34748888888889,47.81628948758976,1.8671498063449268,116.276,0.11480897221186581,10.347558528428094,6.546235243091844
176,2026-07-04 22:20:40,1.7266178954662057,24031.49125688163,42144.10094813151,1042.7426960311582,0.238265743603795,0.3386877892432831,51.0,2.0,55.68603131039187,49.84840583768661,2.0131655972783067,66.79435097520178,0.14375182755695862,6.29851486978156,6.966552326319492,38682.669022222224,86779.06226531554,1777.014312080537,0.4022889444791241,0.33794687270409635,38.0,1.0,79.76057777777778,49.86956575017089,1.7256800512717132,117.85688888888889,0.13809682507639323,10.455919732441473,6.536884678183679
177,2026-07-04 22:20:45,1.7373109626833823,24412.539204979134,42582.11397262611,1056.2807848073057,0.24619292136387824,0.3555577893603564,51.0,2.0,53.51538419377365,49.31744625959462,1.914958551928221,67.1060866882115,0.1544739933267865,6.306491233675009,6.9608397435477105,40843.01344444444,89074.11031674025,1856.9808389261746,0.37827836178911795,0.3849012412505359,121.0,3.0,72.61268888888888,52.47547904702082,1.5464283369031928,120.00795555555555,0.1613654342966493,10.603054626532888,6.457152424921794
178,2026-07-04 22:20:51,1.7188137903123686,23955.131319323773,42035.042200219985,1040.1053749653693,0.23104043489437312,0.3297812602138292,51.0,2.0,57.47321240073404,50.58846962571264,2.007844494207107,66.98180733065918,0.1365296228567518,6.327660258900321,6.989336255842126,36296.56117777778,84434.64789332097,1689.5398434004474,0.43750566484133313,0.28536519628397045,31.0,1.0,90.20453333333333,46.70485258519123,1.9163089299848475,115.81948888888888,0.11079826295964264,10.323210702341138,6.349075549484229
179,2026-07-04 22:20:57,1.7126481865367709,23875.433686684963,41958.588965810515,1034.3587992240887,0.21722404171637985,0.32735632152207145,51.0,2.0,58.338487787647985,51.94545997953009,1.9396248420670283,67.06763077122952,0.13182908108774727,6.31774155886873,7.089645531085754,38276.76177777778,86424.5505414321,1761.8595357941836,0.4053268120661724,0.327888347594973,58.0,1.0,81.4421888888889,49.447497095268055,1.7008066878394166,117.75668888888889,0.13360036253198984,10.45530657748049,6.653329937376348
180,2026-07-04 22:21:02,1.7291706375096816,24231.95618899914,42325.88397282167,1049.122489486309,0.22328072983413663,0.3382749916000967,51.0,2.0,56.641574776296345,51.552792618896866,1.8987488105226875,66.99126094158534,0.13893747893733985,6.305575353366958,7.034094073503894,39586.70862222222,87731.80079955555,1809.3933892617451,0.39258358596041953,0.3549141775582451,38.0,4.0,76.91446666666667,50.91081216362591,1.6413226157207017,118.38515555555556,0.14720735286545922,10.473500557413601,6.590849151066366
181,2026-07-04 22:21:08,1.721022082218091,23999.836544083017,42053.33451637563,1041.9659354297178,0.2261924169556074,0.32537951341733906,51.0,2.0,58.06193160595677,51.147412562954926,2.0148035664255763,67.0976196469461,0.13433915422468862,6.331050563185083,7.011947047866719,36743.927266666666,84751.05218220987,1704.8876342281878,0.4299808969373034,0.2947082985894301,35.0,1.0,87.87726666666667,47.34836314049773,1.8892364204108176,116.1750888888889,0.1163579568275457,10.340434782608696,6.5122084145456895
182,2026-07-04 22:21:14,1.383177297652942,13401.3242748916,31951.527205158567,646.2652788986816,0.5529208495130623,0.05630361792557184,90.0,5.0,175.07506962827028,25.74031178462673,0.9971439781807042,47.11554435909512,0.014226052050380522,4.304619342162168,1.2414619605073167,27413.48706666667,72551.51022748445,1357.96201901566,0.5868895863551272,0.12527552051519833,97.0,5.0,170.2631888888889,35.91320011806072,0.9550727079648501,105.11831111111111,0.03011370185492509,9.549799331103678,2.446247482698084
183,2026-07-04 22:21:20,1.7221263374271598,24240.157855205678,42339.46388179738,1049.6964343442673,0.24259932015685523,0.34683207838131086,51.0,2.0,54.761836805950274,49.54030860239517,1.9703541413429049,66.99038805073323,0.14912589461847084,6.3079823990343336,6.929855245383323,38459.90711111111,86554.27213333333,1768.9621476510067,0.40021820250343065,0.33118489282553054,38.0,1.0,81.27818888888889,49.90070718545745,1.740031299408767,117.80771111111112,0.13355817234176284,10.456588628762542,6.541341605230052
184,2026-07-04 22:21:25,1.7300519936592214,24031.059238839178,42184.8114285999,1042.968075749325,0.23704189309454832,0.3363704382934401,51.0,2.0,56.078695170274614,49.95419777945609,2.0313238967952034,66.9410331779723,0.14272026362209497,6.310288377166996,6.947117837680315,37769.752911111114,85909.62761628395,1743.4076733780762,0.41546858874832,0.31358174782768156,38.0,1.0,84.21711111111111,48.65729312114006,1.8337895119160055,117.28693333333334,0.12607504257999996,10.418606465997769,6.452496466672412
185,2026-07-04 22:21:31,1.7046554158368696,24107.879319794727,42270.584290445,1045.874652870607,0.23146558810605153,0.33280866244380053,51.0,2.0,57.37965474121831,50.55825666296087,1.9374721131940378,67.27832632314013,0.13818487980655172,6.340436495910685,7.054804946569214,38436.27282222222,86668.81124849334,1768.4519071588365,0.4049100419444935,0.3300540909915458,120.0,2.0,81.5154,49.54032528664569,1.635607850126451,117.98468888888888,0.133719149533456,10.48417502787068,6.604817860315429
186,2026-07-04 22:21:37,1.7343461583765414,23619.629754210175,41823.77116648828,1024.9203655614156,0.21974222546641067,0.3165610391661067,51.0,2.0,59.93687172158436,51.48222213896289,1.9703616291462351,66.76200935414197,0.1267266103986785,6.2941624542682355,7.110879237319754,37984.70644444445,86179.18714238223,1750.910894854586,0.4156645272645619,0.3201526060715364,120.0,5.0,82.9233111111111,48.73454520760503,1.825812024540667,117.20913333333333,0.1296709062274471,10.406014492753624,6.410891401543596
187,2026-07-04 22:21:42,1.703613659101407,23830.021002159898,41871.759020333295,1035.1174642055253,0.21406099833381065,0.31936511630796227,51.0,2.0,59.416299917176865,52.31508233786652,1.9774390282240053,66.86706278318204,0.1277878825318538,6.312387959669833,7.094692332765979,37133.45595555555,85073.65751066667,1719.8937919463087,0.41618256301668827,0.30536426451137844,38.0,1.0,85.96842222222222,48.33668083303881,1.782931114532607,117.15688888888889,0.12039011600457883,10.43730769230769,6.746975413661073
188,2026-07-04 22:21:48,1.727192515316291,24399.766223589977,42521.60964105718,1057.0574864094683,0.24372927249754642,0.34831376024839045,51.0,2.0,54.770353581694465,49.58891488539598,1.9327145298754587,67.53068312844081,0.14956652777835955,6.364769972251754,6.970630115757667,40266.15291111111,88495.91313951557,1835.3663982102908,0.3811955355893899,0.37235333917194013,121.0,3.0,74.46885555555555,51.98821797101107,1.5671541989115085,119.49146666666667,0.1545009563089449,10.567235228539577,6.599867201929851
189,2026-07-04 22:21:53,1.383177297652942,13401.3242748916,31951.527205158567,646.2652788986816,0.5529208495130623,0.05630361792557184,90.0,5.0,175.07506962827028,25.74031178462673,0.9971439781807042,47.11554435909512,0.014226052050380522,4.304619342162168,1.2414619605073167,27413.48706666667,72551.51022748445,1357.96201901566,0.5868895863551272,0.12527552051519833,97.0,5.0,170.2631888888889,35.91320011806072,0.9550727079648501,105.11831111111111,0.03011370185492509,9.549799331103678,2.446247482698084
190,2026-07-04 22:21:59,1.7250441352999908,23889.169426084416,42050.82413241088,1038.1705567971644,0.23896889424272771,0.3366206290993798,51.0,2.0,55.85927882975786,49.69934127483697,2.003348188487757,66.86571284732936,0.14261056397254362,6.303070130176065,6.999906708895352,39002.99937777778,87245.0777804721,1788.2673937360178,0.4014053384325504,0.3457279602360258,120.0,2.0,78.29645555555555,50.00802905193461,1.6750844912418743,118.3312,0.14330813765861647,10.48644370122631,6.402573481793189
191,2026-07-04 22:22:05,1.7162851999578679,24254.80259065885,42375.00511085787,1050.8993368668284,0.2437973595641445,0.34332427289021356,51.0,2.0,55.363975185540056,49.45021853338201,1.9464269209887153,66.98803124543255,0.1474223009994587,6.308371752670212,6.963374142976084,38888.81913333333,87130.08952805877,1785.0319630872482,0.3965413272617412,0.3397510042095741,120.0,2.0,79.44482222222223,50.31734315402102,1.658510893676098,118.18222222222222,0.1392626698428454,10.473695652173912,6.538735768033819
192,2026-07-04 22:22:10,1.707659385065731,23817.439549263523,41862.61832134688,1034.8099852915493,0.22438761106032248,0.3178370316548377,51.0,2.0,59.83325957743963,51.14940619202665,2.0115153857447003,67.0104949900125,0.1288600526864027,6.336040740973523,7.058591169375442,36449.69257777778,84442.16883550618,1694.6817561521252,0.4171901655608452,0.288284827571819,31.0,1.0,89.43794444444444,47.85765205501765,1.8993959064155934,115.87942222222222,0.11192348547178724,10.3288127090301,6.508083371544972
193,2026-07-04 22:22:16,1.7265096857548428,23508.931973382918,41664.902281275856,1021.0231628036746,0.21676905479058517,0.3152921552452757,51.0,2.0,60.156325616707534,51.729572570032964,1.9393968490930868,66.64428479789532,0.1252131933132406,6.294922483817707,7.133342729644577,39868.36031111111,88008.29400262913,1819.49951901566,0.39048589930135186,0.36424222658190153,121.0,3.0,75.42154444444445,51.14976789621741,1.5938117622172197,118.76804444444444,0.15195865579928372,10.514659977703456,6.547437595009604
194,2026-07-04 22:22:21,1.7190492158770057,24159.10457638404,42251.895451913464,1047.3481545083098,0.2249791408273935,0.33210777774407935,51.0,2.0,57.49594816246326,51.36578761041134,1.926023607965055,67.04167749321986,0.13616568698059633,6.32186143362612,7.055584445351644,37767.5552,86187.91650330667,1743.9951510067112,0.42324925425068305,0.3136761805468662,121.0,5.0,84.58177777777777,48.19508620821508,1.7503970649198568,117.43264444444445,0.12584187451338685,10.439308807134893,6.594716483275875
195,2026-07-04 22:22:27,1.7207515454638984,23866.032903925166,41956.172554660385,1037.5837455263973,0.23067444056374542,0.326668664979065,51.0,2.0,57.545610577001156,50.56995777586994,2.0366659870483925,66.78957443525992,0.13585520015449937,6.312220370445486,6.972102762732152,36650.6188,84755.34134553284,1702.059960850112,0.43024874788005435,0.2919856515993719,35.0,1.0,88.49047777777778,47.25432112392304,1.8992891229613549,116.03215555555556,0.11484449482343079,10.331460423634336,6.508878197702802
196,2026-07-04 22:22:33,1.7277492391223537,24094.44041809442,42254.638392005116,1045.306324020709,0.24576274164784973,0.3408696848450924,51.0,2.0,55.74604458645273,49.15624512258035,1.9723608584546153,67.21223021582733,0.14576674284355284,6.333911137071778,6.9959894379960215,40338.317022222225,88522.67809106172,1837.3117561521253,0.38291923436738134,0.3750375855260492,121.0,2.0,73.81424444444444,51.847713175609265,1.555629725441838,119.47066666666667,0.15738203891203748,10.557391304347826,6.347069699502908
197,2026-07-04 22:22:38,1.6664537071086667,23635.427935755233,41737.736263244486,1028.3449535932932,0.22902654710091244,0.32527737504221355,51.0,2.0,57.60632115075434,50.514023585423175,2.0045357837624462,66.64078308459327,0.13454655813099087,6.2927275595357965,7.037110456034975,35314.46453333333,83176.86678242765,1652.5376733780759,0.4132285389699807,0.26358708079448995,29.0,1.0,95.42556666666667,47.579625351275915,1.8569019652871068,114.85315555555556,0.09798393499923103,10.257742474916387,6.723113064528645
198,2026-07-04 22:22:44,1.7210470034837082,23945.718159783686,42000.813867948316,1039.5761891089076,0.2300231507119155,0.3289092770681117,51.0,2.0,57.26316948698378,50.668725538139796,2.025153302743914,66.73110495802004,0.13713588640807034,6.298659992841644,6.9590862704991885,37934.0884,85962.93693155357,1750.031744966443,0.3991540116851599,0.3198045138451324,120.0,5.0,83.15236666666667,49.724440625410764,1.8123159912785185,117.3716,0.12769655257626494,10.440847268673355,6.5333131611433855
199,2026-07-04 22:22:49,1.7449044575711072,24513.56863155074,42577.905299648766,1060.8580150746552,0.23626261672907453,0.34883129896325726,51.0,2.0,55.69837358104487,50.442906783786775,1.9024215652927647,67.80528850057651,0.14582234149924797,6.388202651921603,7.022610001722768,41424.06124444444,89747.6934919032,1877.6999217002235,0.3777500923019252,0.40229112762967134,121.0,3.0,70.16626666666667,52.76280992281505,1.5061242512092228,120.39446666666667,0.17057794442177787,10.612787068004458,6.126869352354124
200,2026-07-04 22:22:55,1.7222275258615092,23547.81307346899,41726.90809569235,1022.3642488507054,0.21741443403697272,0.31790343695185586,51.0,2.0,59.66094990824496,51.6993357294673,1.9601273491224738,66.83157063513974,0.12669005275670436,6.309545953110675,7.087566963339949,37077.362133333336,85264.4483794647,1718.5907606263982,0.42411503298310577,0.3010651901796911,120.0,5.0,87.03398888888889,47.84188042430199,1.8635524099876062,116.57444444444444,0.11835544532163614,10.375791527313266,6.601212179240305
201,2026-07-04 22:23:01,1.7296006226956648,23864.453265829776,41957.11516725732,1036.0453904055175,0.2210124865820434,0.32209656365873834,51.0,2.0,58.962407838965845,51.529132170979686,1.9684998216598837,66.9142658784936,0.13047076242751923,6.315133472256052,7.090412388959326,38874.19528888889,86970.72979806617,1783.660413870246,0.39894749769960486,0.3428743713028029,38.0,1.0,78.78153333333333,50.140617878167845,1.725125398143337,118.15682222222222,0.14106004098714903,10.47066889632107,6.49803848761646
202,2026-07-04 22:23:06,1.383177297652942,13401.3242748916,31951.527205158567,646.2652788986816,0.5529208495130623,0.05630361792557184,90.0,5.0,175.07506962827028,25.74031178462673,0.9971439781807042,47.11554435909512,0.014226052050380522,4.304619342162168,1.2414619605073167,27413.48706666667,72551.51022748445,1357.96201901566,0.5868895863551272,0.12527552051519833,97.0,5.0,170.2631888888889,35.91320011806072,0.9550727079648501,105.11831111111111,0.03011370185492509,9.549799331103678,2.446247482698084
203,2026-07-04 22:23:12,1.73219501763593,23924.457374506714,42086.38200673534,1039.2230560499413,0.23837420420569527,0.3314079147940141,51.0,2.0,56.77755899118177,49.78007955456487,2.025316062820892,66.91640344609189,0.13998885594372756,6.3105428687300265,6.972834540685221,37556.25877777778,85698.58815747111,1735.497225950783,0.4194680768268482,0.3107100214231255,35.0,1.0,84.71773333333333,48.300698326858814,1.863403662548944,116.88708888888888,0.12473288601102599,10.3879375696767,6.432310690088591
204,2026-07-04 22:23:17,1.7187449380828617,24023.651399873328,42155.93171071071,1042.514629991837,0.23882368022898626,0.34128899905552657,51.0,2.0,55.35627750621173,49.78185055409439,1.992523069358127,66.98614945515371,0.14472564754346828,6.315948715648487,6.9608236523488,38861.23906666667,86973.42018710914,1783.1992897091723,0.4009361099180917,0.3459961349293198,121.0,2.0,78.31113333333333,50.009929863355914,1.6632445514410712,118.03533333333333,0.14231362292760616,10.4723745819398,6.531935957960017
205,2026-07-04 22:23:23,1.7359511924696358,24420.43966903227,42575.99429590635,1056.8617072146276,0.2489023793942421,0.3532410278646604,51.0,2.0,54.05597970833266,49.06365709997126,1.929382438690447,67.24226781103334,0.15366115403412875,6.326866285722362,6.945086785676715,40236.403933333335,88534.9975801358,1834.5646308724831,0.38669110595926764,0.37078175368153554,121.0,3.0,74.68911111111112,51.617916283322586,1.6001938201167427,119.3978,0.15460428410868068,10.555284280936455,6.530366370231551
206,2026-07-04 22:23:28,1.7261951184316757,23941.645141448917,41917.733686390675,1039.3986195052903,0.2156470638233783,0.31986509557833814,51.0,2.0,59.37296596131672,52.29093647936837,1.9951120748406557,66.96508233593713,0.12816325803747242,6.326878173738886,7.043235395985444,36613.147866666666,84740.37226943999,1700.9514876957494,0.4386906377793899,0.2900634563566943,35.0,1.0,89.01482222222222,46.80365919065583,1.9067331741944473,115.94591111111112,0.11398561658561787,10.328879598662208,6.5095668185249895
207,2026-07-04 22:23:34,1.7310258483314318,23922.35867288111,42054.71088300118,1036.0729296565073,0.21951726859803417,0.32866825991545906,51.0,2.0,57.97128493593387,51.75413747671229,1.9174853928206876,66.94470540948731,0.13319826299599244,6.308426642524039,7.081368580728869,40077.69784444445,88201.29029929433,1827.4292785234898,0.3866817344716642,0.3685865333290597,121.0,2.0,74.66314444444444,51.501502950035054,1.5991655001176046,118.92415555555556,0.1546793641738409,10.516850613154961,6.416338510201204
208,2026-07-04 22:23:40,1.729823325328737,24265.038230589344,42365.632732135025,1050.6158401595808,0.22658579620476585,0.33743484351665365,51.0,2.0,56.61194419182487,51.24360953119716,1.9084747863002027,67.0614027964987,0.13961661797446379,6.311731467823311,7.058622037618428,39267.595644444445,87392.1820249758,1798.393215883669,0.3861286351211597,0.34493575542948063,120.0,3.0,78.78803333333333,51.18516617926417,1.709358946690458,118.27688888888889,0.14092664419244907,10.47902452619844,6.661751293235552
209,2026-07-04 22:23:45,1.7153918877499734,23901.67507551521,42033.50430274294,1038.017031384295,0.23292042287878748,0.32649414193652987,51.0,2.0,57.71881445182454,50.28013796746046,2.0313760522091147,66.89441471653377,0.1367103679018751,6.310507598621049,6.985380148287469,36670.05831111111,84733.73293589333,1703.160380313199,0.42763718409984,0.29300113645049053,35.0,1.0,88.28864444444444,47.438723469173276,1.8755629785541033,116.18602222222222,0.1151123796343326,10.350167224080268,6.403667120250659
210,2026-07-04 22:23:51,1.7416842895009061,24303.42955364828,42486.158826272556,1053.5804219625543,0.24775773378568627,0.35164166648272654,51.0,2.0,54.001776231385094,49.08991407290191,1.9518019096987465,67.19096821865307,0.15246009657378504,6.329221306748266,6.961762321282645,41420.912688888886,89623.84861924693,1877.1048042505593,0.3764652638278393,0.40431545444561373,121.0,3.0,69.79192222222223,52.834178155964274,1.4943581618441006,120.02933333333333,0.1715726099089056,10.585629877369009,6.138621611486199
211,2026-07-04 22:23:56,1.7368770133415932,24095.995375708462,42214.53521267485,1044.9898080004261,0.238691655599669,0.3417448379450704,51.0,2.0,55.21809177939815,49.8831040052249,1.9857582256390975,66.75099265959693,0.14550444805741444,6.292485064000464,6.962222990698207,38337.54293333333,86653.61840579951,1764.8508612975393,0.41264365155065014,0.32381776181348465,120.0,5.0,82.40425555555555,49.087988230899356,1.7963424263164924,117.48397777777778,0.131590699097346,10.4171237458194,6.471346107352482
212,2026-07-04 22:24:02,1.7231372271694496,23825.496264839145,42005.69456366731,1036.14992358234,0.2328284096157364,0.32923940914289224,51.0,2.0,56.9924139695016,50.269630223994724,2.044324125291911,66.92802913425467,0.13802629917789425,6.312972774483677,6.966131024592247,36986.882066666665,85206.44984154026,1714.7399217002237,0.4349477727957382,0.2983430591063507,35.0,1.0,87.1237,47.17383924826462,1.8485200975218012,116.48688888888888,0.11886352911243994,10.367201783723523,6.442197926473755
213,2026-07-04 22:24:08,1.7177467998987774,24422.108709420725,42514.862565264244,1056.871535800996,0.2344482345779365,0.34142824308333336,51.0,2.0,56.47937744612437,50.49184896746031,1.9142279990299993,67.33421772739821,0.14303142279563164,6.3413523841478,7.051853102870043,39973.960755555556,88135.81528319209,1824.5764429530202,0.3756064715015394,0.36275393407732953,120.0,2.0,75.79288888888888,52.219142876587235,1.5764969953152934,119.04206666666667,0.1496968350199779,10.538751393534003,6.530699481030146
214,2026-07-04 22:24:13,1.7117625025602452,23605.17800477451,41745.90729527511,1025.1426626330058,0.2174859106287814,0.3171427852321669,51.0,2.0,59.701784960293615,51.70715710024756,1.983023252993274,66.82925036945613,0.12685718222650097,6.314359394172364,7.099847071705625,36519.28677777778,84538.1484524795,1697.5604530201342,0.4267094023437921,0.28775013626310925,31.0,1.0,89.91177777777777,47.416292736141926,1.880941106944471,116.24144444444444,0.11134476018929412,10.359375696767001,6.751032570111786
215,2026-07-04 22:24:19,1.7192960357048988,23913.62081012391,42008.57486021105,1038.6119824703565,0.2202192326033528,0.32187323520272376,51.0,2.0,58.90074723516898,51.68607518868669,1.985427640978766,66.91080070480861,0.13041475997884658,6.313070208253553,7.087182607750383,37839.676,86028.55243733335,1745.8470469798658,0.418979497485277,0.3173138715059388,38.0,1.0,83.61054444444444,48.47394514276283,1.7560687482785255,117.31577777777778,0.1278144376910688,10.425741360089186,6.641932596177247
216,2026-07-04 22:24:24,1.73267237157981,24232.709455234908,42450.92665875397,1050.996665849484,0.2448024264557474,0.3382878550908895,51.0,2.0,56.257691589392145,49.33938950762454,1.9575723977030528,67.21976143690014,0.1451093141539657,6.3269945169566775,6.993948581114898,39791.01371111111,88254.15675544445,1817.9597147651007,0.40004111915754853,0.35848349210002467,121.0,3.0,76.4985,50.53694905682596,1.6054987464056238,119.27317777777778,0.14974090888557237,10.540133779264213,6.425005753408973
217,2026-07-04 22:24:30,1.7214324088028756,23721.33400660961,41845.041794089186,1031.6624456692612,0.2341927921878211,0.32645916942853603,51.0,2.0,57.29254530912516,50.07086858670708,2.0590063051160894,66.6218393231239,0.1366943174374127,6.290622649051863,6.9653611861119415,36731.8404,84878.88834365434,1705.3423378076063,0.4252110754346064,0.2937404390403263,35.0,1.0,88.33307777777777,47.57996524302308,1.9064240069158997,116.62855555555555,0.11486997224029645,10.373327759197323,6.518422406152827
218,2026-07-04 22:24:36,1.7197010907151262,24022.94057440278,42150.67826754708,1042.331972392391,0.24076360349984596,0.3394130256418287,51.0,2.0,55.6167653912987,49.58740488013195,2.001718693948316,66.90573184793023,0.14429776637033823,6.310495125721207,6.985474194742646,39256.49848888889,87297.47532771555,1796.9712472035794,0.39097396482163976,0.35324026249814866,74.0,1.0,76.9383111111111,50.8196138320289,1.6440051561659321,118.28702222222222,0.14619406371211408,10.473561872909698,6.5298539082781115
219,2026-07-04 22:24:41,1.709608191121945,24149.411955762702,42287.94603344113,1047.4436145205036,0.24703831155233139,0.34111654560483884,51.0,2.0,55.72453290189519,49.056952832302855,1.9833227312461665,67.14301200123423,0.14630254112098284,6.3305526620218195,6.9859667064888455,38680.35133333333,86758.15634444443,1776.6329306487696,0.38102190214583953,0.33161685725975215,35.0,1.0,81.19998888888888,51.20982755075098,1.7026598173120342,117.82364444444444,0.13268348115932366,10.452552954292084,6.762287107967382
220,2026-07-04 22:24:47,1.7296703393300321,23979.61187212758,42096.20435412558,1040.8834621232156,0.22439019087591394,0.32247517497258266,51.0,2.0,59.35059559575816,51.23856292256254,1.9984245664690787,67.26953245529987,0.13100570571205172,6.345357594401673,7.0230725636838285,37542.59297777778,85679.39094722172,1734.9326621923938,0.41699351047508537,0.3125476973118812,35.0,1.0,84.14958888888889,48.43188195632075,1.8598043033864207,116.95197777777778,0.12576632599687065,10.383695652173913,6.150082505695153
221,2026-07-04 22:24:52,1.728750063247638,23746.27585177907,41935.11932821636,1029.899853605456,0.2188303907753006,0.3267405347594087,51.0,2.0,58.28565454634035,51.69136990735366,1.9313400617654815,66.89562255387564,0.13136371334802596,6.308650073688631,7.07746780660978,40235.08337777778,88429.50683317729,1833.919692393736,0.38526647044944323,0.37423277386399845,121.0,3.0,73.89912222222222,51.668694705429125,1.5677141598119224,119.33926666666666,0.15667206934080963,10.548082497212931,6.404108341665689
222,2026-07-04 22:24:58,1.7182608897404417,24051.39831024571,42209.48333818826,1043.2841251650852,0.22653155212710493,0.32751862278599503,51.0,2.0,58.17306989622749,51.09492305742059,1.955644476461665,67.11048159215291,0.1342497978661146,6.320910477956855,7.062100392273175,37814.89844444444,86134.66135011557,1746.0990324384788,0.41673685453882775,0.3156886007303766,38.0,1.0,84.05776666666667,48.577077203953806,1.7590815747588495,117.30562222222223,0.12672193133195836,10.418433667781494,6.554048796721191
223,2026-07-04 22:25:04,1.7191956125171406,23776.951388099453,41883.797235125196,1033.8072604723066,0.233970197772911,0.32658688027312255,51.0,2.0,57.56582206018481,50.12503996362747,2.054192536364973,66.83643649414554,0.13607900920098503,6.31533897376803,6.998361410225926,37244.501444444446,85207.8514515432,1723.1692225950783,0.41516271002590355,0.30662187183935996,38.0,1.0,85.59292222222223,48.40660731891137,1.8541614665161492,116.71842222222222,0.12143018411820101,10.388901895206242,6.636414407315034
224,2026-07-04 22:25:09,1.7300700298511567,24185.091570310342,42337.734878289586,1048.6126091094761,0.2445679655230613,0.34728577044709236,51.0,2.0,54.62333440245546,49.342617757709185,1.9583340046083608,67.23437322376861,0.14907434404079978,6.331788145290979,6.971595924496975,40408.94706666667,88675.42198099557,1839.9178411633109,0.3868496511155876,0.3784794894430564,121.0,2.0,73.29985555555555,51.64022729940963,1.5455386077888846,119.59891111111111,0.15948189888958275,10.559972129319956,6.282527480936479
225,2026-07-04 22:25:15,1.383177297652942,13401.3242748916,31951.527205158567,646.2652788986816,0.5529208495130623,0.05630361792557184,90.0,5.0,175.07506962827028,25.74031178462673,0.9971439781807042,47.11554435909512,0.014226052050380522,4.304619342162168,1.2414619605073167,27413.48706666667,72551.51022748445,1357.96201901566,0.5868895863551272,0.12527552051519833,97.0,5.0,170.2631888888889,35.91320011806072,0.9550727079648501,105.11831111111111,0.03011370185492509,9.549799331103678,2.446247482698084
226,2026-07-04 22:25:20,1.7060737218551347,23668.88695251474,41825.76764949287,1029.9300393192543,0.23412688086974864,0.3210455562504699,51.0,2.0,58.588516207350146,49.989771013356375,2.053653557752229,66.94858672881108,0.13303196991635655,6.325687290640558,6.996599217379694,36539.611333333334,84765.97833907949,1699.37855704698,0.43459887098487254,0.29388259160717706,120.0,2.0,88.16654444444444,46.955715859061435,1.8214289857196648,116.16344444444445,0.1155404672996237,10.360551839464883,6.5908006588438335
227,2026-07-04 22:25:26,1.7308980313702256,24452.97294647352,42536.829994412394,1058.1956617697301,0.23359412712229913,0.33880700047959783,51.0,2.0,57.21959700862335,50.58613717547716,1.9074083581648125,67.73048987446612,0.14086969137879624,6.378698872238077,7.052806087650905,40377.139711111115,88713.08820862765,1839.126504474273,0.39135309588113626,0.3751834966668713,121.0,3.0,73.85953333333333,51.364731114344295,1.5397935392599458,119.3681111111111,0.15799821202250128,10.544565217391305,6.321868556318847
228,2026-07-04 22:25:32,1.7313270571720245,23630.442561751952,41813.46063434781,1025.8384396691458,0.21788987608569835,0.32192248420310426,51.0,2.0,58.972004563392176,51.721480127300374,1.970972905807909,66.65637129122887,0.12872362987515587,6.289645897220991,7.067327886352968,37552.65373333333,85717.23712485135,1735.397153243848,0.41773136956003715,0.30970630264382815,35.0,1.0,85.01585555555556,48.39750388124052,1.864674969126379,116.8532,0.12365032043813323,10.380529542920847,6.402584394014394
229,2026-07-04 22:25:37,1.7242391964629178,23926.89040347857,42042.94288844851,1038.576509038971,0.22239696963964392,0.3239684282452823,51.0,2.0,58.549620799974015,51.44291565449397,1.9726230290056954,67.07563497734543,0.13190018536378123,6.325880422957132,7.087312185496419,38488.9088,86720.66680011652,1769.8796532438478,0.4052676862847797,0.3318287795817329,121.0,2.0,80.63867777777777,49.55330947156872,1.731598708835162,117.78124444444444,0.13616321286072738,10.452068004459308,6.576388045120627
230,2026-07-04 22:25:43,1.7263265656002063,24152.031673758058,42301.913304076916,1047.2797635112288,0.24636059612237013,0.3415248232630991,51.0,2.0,55.57842010815727,49.12482783741543,1.9539953632582445,67.04186425126265,0.14670706111817952,6.317638117389167,6.963607610682325,39011.6298,87357.54385970914,1789.824144295302,0.40861191427405963,0.33959875729906824,121.0,2.0,79.87194444444444,49.632632988088055,1.6560162321225704,118.60131111111112,0.13960490370967116,10.513221850613155,6.576748123380775
231,2026-07-04 22:25:48,1.7290069184370223,23830.26142066031,41985.159898654456,1035.6033523384478,0.23474637789643335,0.3248733663477962,51.0,2.0,57.87086391834614,50.03010050917166,2.0317228585177456,66.61047956217419,0.1362759835289646,6.286438890505661,7.009322669433141,37262.60597777778,85539.18096039061,1725.308048098434,0.4228076284936526,0.303587074948272,121.0,2.0,86.1325,47.964824256659405,1.8771476888220373,116.80242222222222,0.12109787804284886,10.384721293199554,6.463712398122276
232,2026-07-04 22:25:54,1.7326662606199073,24033.946112184745,42161.42748724045,1043.4166020124048,0.24050854794073495,0.34155161445860627,51.0,2.0,55.44450545658282,49.63801696651854,1.9807938701667038,67.09973082482095,0.14496336160220466,6.330755839927823,6.991894542087537,39914.47968888889,88008.62055833284,1821.5191163310963,0.39317327398791135,0.3680784963808253,121.0,2.0,75.1155111111111,51.00539395729402,1.6108781943006187,119.32028888888888,0.15325222854962225,10.564202898550725,6.5384759180618985
233,2026-07-04 22:26:00,1.7228931958851106,24399.79546949348,42500.740695707864,1055.916544421939,0.2464505534606065,0.35581935195693165,51.0,2.0,53.68653474511587,49.308679649016135,1.9190977823134976,67.1192226805463,0.154035170326854,6.32197911616513,6.953039311149166,39367.254733333335,87499.13084995112,1802.3481991051453,0.3793175049981568,0.34946389169363107,38.0,1.0,78.26502222222223,51.72554652414731,1.6790585496501087,118.57844444444444,0.14148840895635967,10.512084726867336,6.696707017581964
234,2026-07-04 22:26:05,1.7248411238256247,23807.76413271189,41788.82745341773,1034.0344474870185,0.21181547417596416,0.313845404116004,51.0,2.0,60.51576785975283,52.604746469724496,1.9932841642700647,66.9161375188788,0.12444092520831106,6.321436551092965,7.056608104601428,35915.78011111111,84153.70710517284,1675.846918344519,0.45941246675366176,0.27512136569365164,31.0,1.0,92.61307777777778,45.41000100411748,1.9340592169032635,115.68893333333334,0.10632079280860762,10.323528428093645,6.444644276590507
235,2026-07-04 22:26:11,1.7322516231216603,23814.330890592268,41976.520156162704,1032.5108536606922,0.2197174706394599,0.3281663004531675,51.0,2.0,58.05559299738539,51.618527971118915,1.892131614878276,66.8003028728259,0.13251383871834133,6.298219274399513,7.089994836877994,40637.68868888889,88740.42846737333,1847.8240212527965,0.3806244843084558,0.38384528314634925,121.0,2.0,72.37561111111111,52.20335934979971,1.544576416386445,119.35186666666667,0.16186630775131255,10.539007803790412,6.362633106765965
236,2026-07-04 22:26:16,1.727338342677998,24150.174442161846,42291.0182522368,1047.1818960277396,0.2285496814931655,0.3350018452176496,51.0,2.0,56.80542349416178,50.966418928315996,1.9297920295160216,67.3318345323741,0.13855475032570944,6.345337498033463,7.030670935583385,38561.332266666665,86729.32877806616,1771.9207997762865,0.3993265353180106,0.3322797227697848,38.0,1.0,80.72791111111111,49.991818562561804,1.7572335411924451,117.82028888888888,0.135142443455302,10.436967670011148,6.560040302321848
237,2026-07-04 22:26:22,1.7323127250423027,24006.731653052277,42080.674031938026,1041.8469494409442,0.23049223587439954,0.3284626041641218,51.0,2.0,57.47465977556555,50.654009268092416,2.0152354510795707,66.78680757425663,0.13712600452278748,6.301070275246701,6.9989034465744595,37975.0894,86115.75911702469,1751.3628859060402,0.4154649298509272,0.3209906552150054,120.0,5.0,82.60091111111112,48.7450126822437,1.8156247769177376,117.15771111111111,0.13039990120647152,10.403851727982163,6.35995816295965
238,2026-07-04 22:26:28,1.7221212200669214,23497.06743589327,41734.90341554797,1022.3991260722439,0.2514704180110265,0.3237083874244077,51.0,2.0,56.995867978303586,48.046482827498735,1.9739582097935136,65.31466294233236,0.14115667188555284,6.148387031228438,6.9183765803072435,40177.45117777778,88348.75175028101,1831.7188143176734,0.38457589590966834,0.3713476385154877,121.0,3.0,74.29047777777778,51.68711541998059,1.543151043517208,118.93886666666667,0.1552982699967729,10.523439241917503,6.330418349988189
239,2026-07-04 22:26:33,1.7187056161262928,23998.607639621936,42135.50655909493,1042.0075237419364,0.2363550079737949,0.3339893661678105,51.0,2.0,56.38001709242087,50.063866480288965,2.0024848403694486,66.93912093801256,0.14090961360809717,6.3124173227530616,6.96991762295154,37205.54908888889,85309.22457214766,1723.028154362416,0.41814475613369684,0.30458567160446026,38.0,1.0,86.16693333333333,48.22768269061522,1.8455944280992858,116.91793333333334,0.12025979215344162,10.398110367892976,6.546537135813644
240,2026-07-04 22:26:39,1.7301281308643444,24012.778908927034,42144.22163572258,1042.1634530738138,0.239803847473978,0.3362398968762082,51.0,2.0,56.13429222761746,49.66072544956432,2.0108252044136363,66.86598486447862,0.14271080529221658,6.309351958622711,6.973961635070681,38632.13053333334,86851.65683198221,1774.8057718120804,0.40474711011348885,0.33712356664435905,120.0,2.0,79.68136666666666,49.64543791862674,1.7444823849346498,117.79166666666667,0.1387611899451897,10.434386845039018,6.499857511800591
241,2026-07-04 22:26:45,1.7211464090134052,24507.231488624,42520.76911581702,1059.5123454085801,0.22828852912931114,0.3418402627961473,51.0,2.0,56.66177204962892,51.22801688669875,1.8840573469494304,67.41370966432272,0.1414658992402598,6.345645231001931,7.077274498888742,39993.58037777778,88158.37002705729,1824.8625559284114,0.38030167834231654,0.3658067842448879,120.0,2.0,75.23665555555556,51.88866419484898,1.5778337502374453,119.09137777777778,0.1517973660487658,10.533054626532888,6.475979039416357
242,2026-07-04 22:26:50,1.722377053893641,23474.637066193547,41719.153065675164,1020.0097330965968,0.2163242184229354,0.31670177238472985,51.0,2.0,59.50811077999902,51.73789551960449,1.9762950594304685,66.66927789596765,0.12659774498143495,6.283640351445216,7.077097522031111,36553.204155555555,84749.87655813877,1699.1662527964206,0.43973318354807145,0.2905979426129866,120.0,5.0,88.81462222222223,46.697558722432824,1.89111610520488,116.08317777777778,0.11454065394095828,10.337263099219621,6.3496371409774195
243,2026-07-04 22:26:56,1.7119931837838818,23981.849501437224,42065.63433700895,1041.168692958686,0.225654131249159,0.3295377098280503,51.0,2.0,57.69170814589863,51.1725991820604,1.9664726277198044,66.94697289572406,0.13499621012096066,6.321645176243264,7.050183407933628,38611.11348888889,86767.50171920544,1775.0370805369128,0.3925219120003518,0.33848432724218436,121.0,2.0,79.6605,50.41414942228245,1.6877320750270508,117.95073333333333,0.13738746487803208,10.477385730211818,6.658943200633892
244,2026-07-04 22:27:01,1.7235084406488106,24220.814593923056,42367.30162035488,1050.1286707971117,0.24220557023326433,0.3377994318520376,51.0,2.0,56.258685263978435,49.592380569617475,1.9512342083604903,67.10903218734268,0.14425226900834426,6.3212839009076465,6.984924054483391,39628.803377777775,87947.21852820544,1812.1035570469799,0.3880261286408617,0.35741168658974787,121.0,3.0,76.7542111111111,51.25252187876427,1.6174432667812035,118.79217777777778,0.14721870712100604,10.520117056856186,6.565679149855086
245,2026-07-04 22:27:07,1.731562567884363,23805.178508209236,41969.0865817381,1034.884369026878,0.2324788419681889,0.3252907426904564,51.0,2.0,57.69481096838105,50.30225242154584,2.0512677980231824,66.94259626159118,0.13550225985759043,6.31653117956039,7.002481324472879,36938.18088888889,85246.61266922668,1713.5563926174495,0.43593937030325575,0.2976873338588589,35.0,1.0,87.43345555555555,47.08250624233098,1.895988638214224,116.3472,0.1181098129243901,10.354024526198438,6.34314029709763
246,2026-07-04 22:27:12,1.7271006400084778,24083.970206002243,42221.91783119303,1045.077806596275,0.24006446039466545,0.3396958024315865,51.0,2.0,55.67564289426247,49.70496717806536,1.9917237460944988,67.06886905825228,0.14432798933327065,6.323759457903326,6.990442144936644,39745.1676,87868.38669771062,1814.6765436241612,0.3894663679500474,0.3597771111119662,121.0,2.0,76.15138888888889,51.13162451799048,1.6182981640388807,118.93208888888888,0.14999351516454154,10.525953177257524,6.557543587805805
247,2026-07-04 22:27:18,1.721858205124265,24072.795684671226,42217.877837519816,1044.68479692127,0.2441343897394748,0.34012437944963586,51.0,2.0,55.76975981291716,49.29933200313931,1.97790226435968,66.9642480146808,0.1452729883480789,6.31649498890163,6.9954388897182795,38494.1554,86734.97469720444,1769.621744966443,0.3971976708496356,0.32661514870570946,31.0,1.0,82.13971111111111,50.0593984152259,1.744162026157778,117.81908888888888,0.13169881427359897,10.450044593088073,6.774673668787566
248,2026-07-04 22:27:24,1.7155339004471797,23831.77540924371,41837.3718404764,1034.509640801292,0.21371109803501906,0.31804685659923804,51.0,2.0,59.90212965068126,52.386288717008085,1.9904475833143556,67.01188146548225,0.12644338442088146,6.324650731996754,7.087531173686167,36531.976955555554,84547.62454364395,1697.7026398210292,0.43076036965898684,0.2897090572935517,35.0,1.0,88.88186666666667,47.20571175497021,1.8870536241854114,115.91948888888889,0.11368564299259777,10.322541806020066,6.600405545656809
249,2026-07-04 22:27:29,1.7284057355249727,23935.197851876514,42059.69863064319,1037.0700795225052,0.2212594983899547,0.3313949083792865,51.0,2.0,57.73336432434188,51.543665835646216,1.914944436034902,67.01959538464037,0.13417166837479977,6.32090903692353,7.074808395865315,40375.13046666667,88526.0369234958,1838.5646029082773,0.3854407242562569,0.37781284504979307,121.0,3.0,73.4229111111111,51.71051893391055,1.5461514122108686,119.46746666666667,0.15869817288443333,10.554336677814938,6.247057230532604
250,2026-07-04 22:27:35,1.7316410082546392,23860.772954999433,42019.247366216085,1036.5551205858148,0.22578441651773226,0.326020647008031,51.0,2.0,58.25447813306916,51.03309384971318,1.9537863979219727,66.91889828994591,0.13308427257467273,6.312689592384325,7.072359849087138,38497.97868888889,86727.54242506222,1770.135788590604,0.4062845327862937,0.33077319328734334,38.0,1.0,81.04705555555556,49.52989913170542,1.7664835471448146,117.63004444444445,0.13464106590447683,10.42588071348941,6.542579497504095
251,2026-07-04 22:27:40,1.7117883702958825,23792.954522386604,41889.2135158702,1034.398495162258,0.22943805481128263,0.3218237941781653,51.0,2.0,58.20063396235607,50.61746767959147,2.0374740660803425,66.79904225603715,0.13349399483613295,6.307298324007586,6.996754994598213,37109.379133333336,85085.60736171804,1719.2878691275168,0.40970789170833527,0.30285878234822516,35.0,1.0,86.49438888888889,48.674417095909256,1.8493750527367991,116.96128888888889,0.11887614032164635,10.417380156075808,6.634787953154861
252,2026-07-04 22:27:46,1.72858162751047,24228.994411468568,42374.30232997641,1050.4737000550276,0.24479900068739713,0.3430713923986512,51.0,2.0,55.364352761583056,49.35458055720701,1.9540981249026232,67.17521152378323,0.1472150542286685,6.329280592831968,6.975048142631342,40502.65728888889,88668.15722380445,1843.5013870246084,0.37655393946870264,0.37761679768068557,121.0,2.0,73.52875555555555,52.37774565390048,1.556046393406338,119.37075555555556,0.15780209728759845,10.550457079152732,6.343137330210447
253,2026-07-04 22:27:52,1.706787420437585,23891.61885119444,42089.028995189605,1038.1646360424932,0.23766989858742799,0.33151831852609176,51.0,2.0,56.624503670201534,49.81956835506342,2.0085466545208956,66.75008322912775,0.1399619913728712,6.297270345164071,7.002165456983414,36229.85566666667,84486.55241258221,1687.3059340044742,0.4342387008957047,0.2875298304888163,120.0,5.0,89.4747,46.86292498007117,1.8719471926445033,115.81564444444444,0.1117878442695506,10.320958751393533,6.6937481233932745
254,2026-07-04 22:27:57,1.717760681318583,23881.9161070692,41982.38860815018,1037.5826519677405,0.23481286562251624,0.3290164457532513,51.0,2.0,57.56625546064277,50.09323793900195,2.0168235296315937,67.1973464118096,0.13707552919187233,6.3399806362698765,6.9962485939024175,38194.08997777778,86268.00583850617,1758.6797427293066,0.40254733147899935,0.33081199220394536,120.0,5.0,80.95417777777777,49.60383934839851,1.748652933755867,117.71582222222223,0.13377893170778618,10.449732441471571,6.717380017683523
255,2026-07-04 22:28:03,1.74514095237651,24604.524589132307,42571.01986688779,1062.4796809023114,0.22915682011268773,0.34490000581962094,51.0,2.0,56.51555572697598,51.184219811457055,1.8752321729280266,67.42202242720496,0.14273313595149853,6.348775921398599,7.059698859629442,41288.07337777778,89504.15032646913,1872.7929753914989,0.3794782773441281,0.3976646668249794,121.0,3.0,70.89593333333333,52.590961972947404,1.521329201842262,120.00831111111111,0.16803050105333708,10.592190635451505,6.310500717221631
256,2026-07-04 22:28:08,1.7145453370573396,23606.729759082125,41691.42628878645,1025.3649397299027,0.21108982075766,0.31850961590741583,51.0,2.0,59.27216330772853,52.50932940802662,1.9672414652945067,66.53980991279211,0.12609991481883712,6.288929617401968,7.044823160799888,36582.7754,84609.41208117285,1699.7830313199106,0.42154033069465086,0.2895128940303055,31.0,1.0,89.35718888888889,47.72099007643735,1.9028807958960463,116.03844444444445,0.11234106362638255,10.336900780379041,6.49386948167045
257,2026-07-04 22:28:14,1.7336392397178864,24088.738857446773,42201.90493551298,1044.8942563081068,0.23148054335779672,0.32952287539545116,51.0,2.0,57.86372245318869,50.57825299263709,1.9577667179271447,67.34243711125907,0.13642547214094566,6.352474414990576,7.067950117365684,39585.030133333334,87845.77507972543,1809.1526957494407,0.39629372424429454,0.35778729491574934,121.0,2.0,76.19897777777778,50.627120609188154,1.6539958751400714,118.6305111111111,0.1500686055731397,10.485423634336676,6.5017396527691655
258,2026-07-04 22:28:19,1.7086384686290592,24012.998479545935,42128.46909081056,1042.3398035515922,0.2392510597655796,0.33634725782065605,51.0,2.0,56.071445101255335,49.76014602297773,1.9537675817042597,66.94884250613053,0.14288038026699432,6.31313610523183,6.973094182377738,38041.630333333334,86271.21065573877,1753.5140995525726,0.41271888809120183,0.31730304816894844,38.0,1.0,83.52841111111111,48.93343952676816,1.6897226420704776,117.20986666666667,0.1282018959927343,10.402664437012263,6.658533220923756
259,2026-07-04 22:28:25,1.7077961766237653,23814.777390502946,41893.776389686296,1034.7654949395069,0.23295465926673228,0.32771691970028066,51.0,2.0,57.2109970037514,50.237447464884426,2.025638386513167,66.632892557286,0.13739810606301703,6.291473323939304,6.987038459074359,35981.9188,83948.42610597728,1677.5201286353467,0.4336155184573641,0.2784505394372304,31.0,1.0,91.56653333333334,46.781874172518286,1.9159596977225433,115.61135555555556,0.10723476809687014,10.308835005574135,6.587822766071838
260,2026-07-04 22:28:31,1.7422054350597298,24252.79706302678,42436.66915968397,1051.4048132443959,0.2440918867584505,0.3459438309567909,51.0,2.0,54.912817488672715,49.40930962573696,1.9629154974173089,67.2672000097439,0.14874872121702615,6.333036202705486,6.971369177372428,40729.14671111111,88969.69324538468,1851.909451901566,0.38513843935064823,0.38636798919194393,121.0,3.0,72.28586666666666,51.924049579104796,1.5688706497930078,119.77695555555556,0.16284536535588678,10.578472686733557,6.30900062123021
261,2026-07-04 22:28:36,1.7134214334447864,23946.726448186822,42048.656024925294,1039.9475392100426,0.23566210701349477,0.3306526478781835,51.0,2.0,57.25177927635318,50.061625553743895,1.9707375671610923,66.90831195089075,0.1382859588776475,6.315457162392122,6.995373550088191,38110.92228888889,86314.28304106617,1755.8477181208054,0.40311979496599015,0.3201869247907182,38.0,1.0,83.31428888888888,49.5673001556121,1.735407480055771,117.56257777777778,0.1280230616283233,10.44526198439242,6.634213130876999
262,2026-07-04 22:28:42,1.7241504592886239,23986.03799714179,42025.220837886045,1039.8464822036926,0.21574531718305623,0.31702426773896847,51.0,2.0,60.577441658411416,52.19688914453633,1.9872124611255009,67.0491559348458,0.1265544280112912,6.3250955632798185,7.038225202942819,36528.01475555555,84756.6702900622,1698.443769574944,0.44192848735659246,0.2883924723308195,31.0,1.0,89.35536666666667,46.59063607730396,1.8969277099477357,116.0432888888889,0.11343190498131726,10.333907469342252,6.304609139895719
263,2026-07-04 22:28:47,1.7114108380621804,23791.586712571254,41944.595816164154,1032.585803023189,0.2180424548073923,0.3258693973448851,51.0,2.0,58.197109919288046,51.792157327791536,1.9123494229946265,66.96656219042825,0.13150639082106882,6.316231867712159,7.090646368843553,38431.3456,86593.25879404249,1767.480341163311,0.4181658660037948,0.32858966658399125,121.0,2.0,81.16707777777778,48.764725029865545,1.6322001380540878,117.73293333333334,0.13561420436141658,10.441226309921962,6.470636041103434
264,2026-07-04 22:28:53,1.7177680880437673,24088.74498392257,42215.270895967944,1044.930078099308,0.23153289214866926,0.32868271477541944,51.0,2.0,58.252616642577586,50.598903415818306,1.9591037804391411,67.47010247332608,0.13545572407036469,6.364685278215733,7.064912301814348,37922.467066666664,85990.0721962489,1748.070067114094,0.3994590548488431,0.31733164020976273,35.0,1.0,83.54385555555555,49.687589206306754,1.7983528834124443,117.22142222222222,0.12686347695798011,10.399308807134894,6.657272370352567
265,2026-07-04 22:28:59,1.7249686190322113,23874.681120791854,42021.255695452266,1037.748276359626,0.23635571037529293,0.3302915130151122,51.0,2.0,56.87800436851422,49.944766300212784,2.0388887572437144,66.80412126280916,0.13898506892764206,6.308508472804274,6.948686291812229,37370.143066666664,85596.11450646914,1729.5609899328858,0.4260235702824996,0.3088197453833301,35.0,1.0,85.03403333333333,47.840524053695546,1.8297889249976518,116.8964,0.1237795719499486,10.397692307692306,6.238032466359313
266,2026-07-04 22:29:04,1.7271573692569504,24334.52110974877,42506.48717532043,1053.8016182628137,0.24299629800357456,0.3502465072147168,51.0,2.0,54.22167875180668,49.575218186119244,1.9369642358235002,67.11400360524222,0.1510584550084955,6.3129888962405225,6.961390631904654,40353.7734,88645.13164159557,1839.0680648769576,0.38248418909755655,0.37348420029395973,121.0,3.0,74.17917777777778,51.96280492163553,1.549547287765332,119.39628888888889,0.15595488791354054,10.55180044593088,6.440960611045713
267,2026-07-04 22:29:10,1.7125796113637626,23806.92587126687,42044.823340458825,1035.51058245684,0.23565641013173483,0.3280397093916672,51.0,2.0,57.196876471734576,49.93366418887645,2.0249919133177685,66.81571244133362,0.13800810334916255,6.300783747572659,7.00882210783228,37113.05362222222,85305.43975754616,1719.954692393736,0.4090854509826053,0.30147249802580917,31.0,1.0,86.8673111111111,48.67176953033782,1.8540460228699362,116.57955555555556,0.11812160227420898,10.371911928651059,6.714949564121047
268,2026-07-04 22:29:15,1.715020108506903,23856.35004953148,41949.05925470707,1037.075271301522,0.2354620826572263,0.3315376122046732,51.0,2.0,56.75961702421359,50.008065737646774,2.0132460750731185,66.76417128148498,0.13896038658065088,6.308229407915563,6.990765853080926,37714.84028888889,85826.57777418224,1740.7071085011185,0.41354810202607395,0.31852503274178384,38.0,1.0,83.20776666666667,48.720400469424625,1.7691984967114835,117.3094888888889,0.12808888018812017,10.423701226309923,6.664015983728815
269,2026-07-04 22:29:21,1.740288866527816,24519.14685881092,42584.00879425452,1059.4581732103372,0.22715612284598619,0.34011075449280576,51.0,2.0,56.928785301330045,51.32544966287054,1.8863519823224306,67.39191581272229,0.1406778503264602,6.3345939819673625,7.08359120074648,40856.71357777778,89159.799599,1856.2036017897092,0.38201286502994714,0.3873227251885712,121.0,2.0,72.12825555555555,52.18983176253166,1.5508569013731524,119.53597777777777,0.16341766397025742,10.542313266443701,6.34958156713034
270,2026-07-04 22:29:27,1.7248553773304378,23670.140027932506,41815.085017199795,1027.7642343950552,0.21383318275778587,0.32207653860986557,51.0,2.0,58.667016499667085,52.21042934032719,1.9729594866267186,66.75763880994528,0.1285161928445278,6.299514216453397,7.064966823350863,36981.42255555555,85121.59715502174,1714.710139821029,0.4253204177235541,0.2987130651556501,120.0,5.0,87.12402222222222,47.6756576210492,1.8880970019535364,116.46553333333334,0.11841693611487465,10.36309921962096,6.328959074584819
271,2026-07-04 22:29:32,1.726487257087164,24069.873371957063,42164.17942717603,1044.7267349140216,0.231431043122272,0.3295369457513163,51.0,2.0,57.85302649528233,50.58124165859995,1.9733299892431102,67.22947082514575,0.13630132577289233,6.352465920491657,7.050603148002041,39440.65611111111,87522.74784087655,1804.720167785235,0.39189344245769236,0.3558498098423824,121.0,2.0,76.7354888888889,50.86937422331927,1.6489738393570408,118.85728888888889,0.14710575141481355,10.530027870680044,6.566293499701484
272,2026-07-04 22:29:38,1.7266297044047252,24205.242010003734,42366.57719131925,1049.4965805778863,0.2468364257475547,0.34947544298182304,51.0,2.0,54.39882078535817,49.14466377628841,1.9503453288840904,67.16649479513455,0.15062027982272125,6.3262893469259875,6.947243477363759,39625.26293333333,87937.23170808099,1811.8677628635346,0.39259554070524455,0.356676266907216,121.0,3.0,76.77112222222222,50.908945551691225,1.6204393009454099,118.75804444444445,0.14774722828326406,10.506304347826088,6.536647274833474
273,2026-07-04 22:29:43,1.7326219776820293,23947.80911095052,42106.58509724475,1039.397612174198,0.23395634069113777,0.33381018378046945,51.0,2.0,56.241631412702795,50.23977304246962,2.0238084410603787,66.68140904883317,0.14082132046600038,6.28349427814962,6.9342077486965845,37281.307555555555,85464.72759570173,1725.987192393736,0.42305543471407864,0.3036301548233215,35.0,1.0,86.24503333333334,47.980532543001225,1.8928628105974583,116.57002222222222,0.12069295086594173,10.368935340022297,6.2778560066106595
274,2026-07-04 22:29:49,1.7193794926416865,23898.259739837926,42062.931681865026,1038.315419213348,0.24058918733241805,0.3366467944858418,51.0,2.0,56.10745286389399,49.48943659004027,1.994582599789067,66.9748363837147,0.14259779791062402,6.320740784541005,7.0067424938670175,39402.916333333334,87524.1190363847,1802.084586129754,0.39132182265115356,0.3527274341605919,121.0,2.0,77.20544444444444,50.822386070643915,1.620697437024069,118.51048888888889,0.14625991079390727,10.491371237458194,6.565912145489387
275,2026-07-04 22:29:54,1.736093543091316,24183.28843967715,42278.504103906525,1048.3179976956665,0.24565086324393454,0.34350706751396887,51.0,2.0,55.44694447602189,49.23415588572437,1.960813764669158,66.99472814524904,0.1469943507769513,6.3170693984958675,6.981498400424089,39367.60442222222,87498.0016627511,1801.4354474272932,0.3944933180579502,0.3486224138945002,121.0,5.0,78.32382222222222,50.66503468042231,1.703297769555735,118.46182222222222,0.1433453018259279,10.489503901895207,6.567447566243311
276,2026-07-04 22:30:00,1.730612676107252,24044.28704305179,42099.0957884937,1042.6217878263822,0.22113903618955397,0.32577289016639405,51.0,2.0,58.862768363187556,51.728219938829504,1.9995541030298478,67.42330334378096,0.13126824756749172,6.35820802108263,7.072124929186605,37765.38982222222,85914.61312424889,1743.40298098434,0.4143471780196534,0.31735989235870066,120.0,2.0,83.32303333333333,48.695099850658025,1.8406058080712198,117.12906666666667,0.12803021227891478,10.402898550724638,6.345801673139392
277,2026-07-04 22:30:06,1.7296426727885232,24046.777900027606,42127.9756061245,1041.60296661326,0.21438313616106877,0.3301001121745317,51.0,2.0,57.84270608344025,52.50339634425631,1.9029010446602148,67.12950655277133,0.13216923372360434,6.320807518838152,7.079027043056261,40720.397844444444,88813.74984977333,1850.9635123042506,0.37873092197629077,0.3865528708809537,121.0,3.0,72.24173333333333,52.3632257356248,1.524619901767932,119.6451111111111,0.16210018950703606,10.571432552954292,6.370847983172839
278,2026-07-04 22:30:11,1.7289437292272047,24049.796849879014,42079.47951366491,1043.6691291716609,0.22867772936387581,0.3270289556812168,51.0,2.0,58.39748201438849,50.919132616315714,1.9832095825816534,67.15258741088394,0.13418883911180365,6.3483350143880255,7.0110606879057595,38144.169444444444,86338.840559,1757.20394295302,0.40643419871632575,0.32097441233357793,35.0,1.0,83.04773333333333,49.34520430797257,1.8023226531310297,117.47871111111111,0.12899980690311458,10.425852842809366,6.545968134679514
279,2026-07-04 22:30:17,1.7314485333555552,23899.29105631973,42020.37786187958,1037.7361678159373,0.23722740059577932,0.3330586997755916,51.0,2.0,56.5166143608815,49.85270057552077,2.039697415249514,66.73987243613686,0.1405049559860347,6.297001445606973,6.948398603655542,38016.151755555555,86175.42996301778,1752.092947427293,0.4126069275220012,0.3211740616160777,38.0,1.0,82.53306666666667,48.91017908070534,1.8154301496709977,117.2272,0.13037056793178828,10.407976588628763,6.417771649797017
280,2026-07-04 22:30:22,1.7361913173085857,24327.66184817383,42444.062254017095,1054.099837837606,0.24705613911321977,0.3470645828700969,51.0,2.0,54.83395789012131,49.200928940556096,1.945377119438947,67.1202518797603,0.14998717687496255,6.32088850078389,6.97135136641301,40768.718555555555,89017.8899397684,1853.6716275167785,0.3821782533582903,0.3833136192782431,121.0,2.0,72.69936666666666,52.15250785105588,1.5400140196094552,119.49446666666667,0.16168911270922715,10.546783723522854,6.181220123087404
281,2026-07-04 22:30:28,1.7063520178401368,23579.234700050343,41765.79430390315,1026.2390283836746,0.23544149663809236,0.32528425755302165,51.0,2.0,57.41483731750491,49.821554943801296,2.0346707992533837,66.538959351706,0.1362344559272135,6.282431302413121,7.006613234107042,35975.60675555556,84065.21719047111,1677.0172035794185,0.43747484463497494,0.278670495039774,31.0,1.0,91.39392222222222,46.550624924252034,1.89766613207789,115.55997777777777,0.1077001708252901,10.29314381270903,6.557146772554045
282,2026-07-04 22:30:34,1.7218362292557237,23977.620609156016,42067.839941402315,1041.229346659843,0.23565765373937744,0.3353254077289865,51.0,2.0,56.40661793364406,50.07837784607179,2.0056032004885482,66.9977670234016,0.1407316975594554,6.327351950027445,6.982245847571104,38569.2708,86645.16504719802,1772.473708053691,0.4005893013291013,0.33743613232406455,74.0,1.0,79.79084444444445,49.907181052632566,1.7225513135576878,117.73257777777778,0.1375156385770005,10.446348940914158,6.565539580905837
283,2026-07-04 22:30:39,1.7132241687151586,24238.184541306007,42228.008098214115,1049.3351591178885,0.2217510082593326,0.3345880877826986,51.0,2.0,57.47669787420628,51.73394137726224,1.9023922430040854,67.19291090829368,0.13622722904295914,6.336304504440925,7.061979223190779,39035.9262,87306.28337413876,1790.2380704697987,0.39722816457568927,0.3435508134709761,38.0,1.0,78.88898888888889,50.35758553562368,1.6194155926117912,118.62646666666667,0.14086909331447073,10.511421404682274,6.54537024463248
284,2026-07-04 22:30:45,1.724293253459031,23837.52028354743,41934.169102547065,1033.7971178903433,0.21348045442333133,0.319662440873187,51.0,2.0,59.396992789515565,52.38380527808733,1.971735525426314,66.76044424054436,0.1278608520567901,6.297588704118927,7.0729329755002155,36386.21017777778,84569.29155815503,1693.1716498881433,0.4440880670575882,0.28541495060478517,35.0,1.0,90.33585555555555,46.4272852120056,1.9113919865642333,115.99757777777778,0.11101615280728853,10.340791527313266,6.39146526837781
285,2026-07-04 22:30:50,1.7268463352397936,24120.554624697532,42200.79925211378,1047.0097300965856,0.23303968468158723,0.33332442599206147,51.0,2.0,56.982823335011446,50.48884230899908,1.9680409587098702,67.23078016142391,0.13917528523028402,6.3487940898924595,7.040850210800384,39414.94424444444,87595.3799001832,1803.2153635346756,0.3945605401234799,0.35543626239008463,120.0,2.0,76.59754444444444,50.63470172139548,1.647236693703047,118.39888888888889,0.1482439839341035,10.479358974358973,6.469945190098635
286,2026-07-04 22:30:56,1.7278221476259819,24276.191918248696,42373.14392730878,1051.575521530779,0.24196656561409688,0.35101676937793097,51.0,2.0,53.94448718677428,49.667288339831735,1.939064363482186,66.97687854231287,0.1509819809675873,6.306842813722518,6.946853975333976,39579.01515555556,87789.12424028444,1809.8326118568232,0.3896216476887742,0.35420211470968843,38.0,1.0,77.09346666666667,51.10034048140536,1.6432403453401465,118.56948888888888,0.14639525285599217,10.49278706800446,6.503255268268761
287,2026-07-04 22:31:02,1.7372459548743924,23965.326485538433,42102.046754269286,1040.1937266261098,0.23715857327055165,0.3336282424325695,51.0,2.0,56.36741295451224,49.91916828738533,2.0289318126134956,66.70760795426864,0.14143450380011205,6.289984152358157,6.953943420624853,37711.90497777778,85920.75647980247,1741.2290939597315,0.42070574248808557,0.31385254203144686,35.0,1.0,83.98264444444445,48.307645000055196,1.8639760939678394,116.98364444444445,0.12694248170084074,10.385585284280936,6.191994737235776
288,2026-07-04 22:31:07,1.713739392685447,24044.31224929763,42178.01229813865,1043.7409532787697,0.24080061773570158,0.34064047166595546,51.0,2.0,55.398409714666194,49.61600624199752,1.9652350555889135,66.94253130227196,0.14548405185835675,6.314096238146007,6.984495198137631,39128.797488888886,87247.76741084001,1793.4755648769574,0.39288075130593275,0.34618892570130194,120.0,3.0,78.37562222222222,50.67401895286245,1.6226828988089286,118.44237777777778,0.14202597518268234,10.507129319955407,6.451283158691732
289,2026-07-04 22:31:13,1.720521804328359,24104.441331584843,42183.84276462507,1045.5735178433044,0.2377981211546039,0.33540136790842195,51.0,2.0,56.6789040550855,49.934227591981326,1.9586795988922188,67.11717240203323,0.1412508013581672,6.336666688245366,6.957879561492493,38447.76697777778,86650.66288624,1768.21822147651,0.4034650611707762,0.3313755877372679,121.0,5.0,81.05775555555556,49.68708772425715,1.723678526944198,117.6699111111111,0.13447415076509733,10.443294314381271,6.517115748089642
290,2026-07-04 22:31:18,1.7263568793302155,24041.378722980982,42033.49468841852,1041.8407859394604,0.21709733026607214,0.3242194399520752,51.0,2.0,58.96024388164412,52.14394239867802,1.9785219100637315,66.96198255842279,0.1303390918913496,6.31588520200069,7.042659878965545,37181.66046666667,85356.5471409536,1721.9701733780762,0.42438304897141654,0.30235553738708293,35.0,1.0,86.47254444444444,47.83239304038892,1.870440636952491,116.49633333333334,0.12026046364262212,10.363383500557415,6.406000518615983
291,2026-07-04 22:31:24,1.718512481384157,24034.62050359712,42205.09052402146,1041.0346044856835,0.21941498193117231,0.33400543769506263,51.0,2.0,57.13793197947285,51.787582125643524,1.8881246283789475,66.99681496337918,0.1361631535643922,6.3047246853081536,7.057979754973781,39584.97708888889,87761.20783025728,1810.041840044743,0.3908364351615313,0.35301489990397056,121.0,2.0,77.20021111111112,50.99573635728872,1.5892930816824369,118.56802222222223,0.14663373057450624,10.49654960981048,6.511568908430948
292,2026-07-04 22:31:30,1.7085749192268502,23979.39072421521,42035.10127726021,1041.4743768716799,0.2287284259938263,0.3258458332231349,51.0,2.0,58.25763272000909,50.86050413963214,1.982782526874773,67.08127425824577,0.13400989318708478,6.340602911638712,7.047079961018179,36998.531022222225,85010.34570780444,1714.3106655480983,0.4105382755240451,0.2981218769686407,31.0,1.0,87.39946666666667,48.57860553032693,1.8472391453266745,116.36822222222222,0.11673373005834164,10.351059085841694,6.697810026458055
293,2026-07-04 22:31:35,1.7262603881585887,23893.072141383956,42064.134560025544,1038.1536131408916,0.2371291777197771,0.33370443699767316,51.0,2.0,56.231483549052406,49.88090760511624,2.017068741322352,66.85786900953278,0.14131831824429525,6.307317218177525,6.951545104189782,37738.76297777778,85958.4661804069,1743.1232662192392,0.4189701303275988,0.315839325197016,120.0,2.0,83.76752222222223,48.39733863980718,1.8057350109533816,117.26553333333334,0.12735254179440975,10.429453734671124,6.414554395224272
294,2026-07-04 22:31:41,1.7336752561038817,24398.392725774233,42577.49905072821,1056.2913973765974,0.2486760495371662,0.3522642955861826,51.0,2.0,54.027084991149295,49.09987378060828,1.932194802589456,67.19105144778082,0.15302489068956812,6.322531168252498,6.949675390993173,40483.44464444445,88989.61031914617,1843.9900838926173,0.3924383405646527,0.3788159547576233,121.0,2.0,73.47191111111111,51.345201549175286,1.5342083208003445,119.53288888888889,0.1597853098178829,10.560228539576366,6.442415455983319
295,2026-07-04 22:31:46,1.7342758376235885,23976.058266479366,42153.86887839375,1040.8262711369007,0.24037764832780512,0.33524096603065684,51.0,2.0,56.35335738181464,49.582271437964316,1.9957504293775916,66.70982672101596,0.14240470222280927,6.2913074766439285,6.952569462947833,37813.37595555556,86045.89908585876,1745.448842281879,0.4153881264004485,0.3136918245375946,35.0,1.0,84.3775888888889,48.674560249886966,1.8493969400727588,117.08166666666666,0.12568350152125296,10.400429208472687,6.454987564655969
296,2026-07-04 22:31:52,1.7310257551434913,23959.72151330854,42042.87106958755,1040.184767478564,0.236166636025925,0.33189960849422684,51.0,2.0,57.14612091365282,50.02169068257355,2.0027592344689675,66.9959907920165,0.1389126548793761,6.328219531435387,7.002007708513482,38658.814844444445,86856.0041926795,1775.4723769574944,0.4099381686067767,0.3360964032943015,121.0,2.0,79.85763333333334,49.3312070325446,1.7297932094543036,117.95586666666667,0.1389158199018143,10.451276477146042,6.408803804234285
297,2026-07-04 22:31:58,1.7129072965747474,24055.05517279179,42126.53401640359,1041.5824313723974,0.21929142362905876,0.32747992418552907,51.0,2.0,58.63501287006512,51.880099921402575,1.9049637464420128,67.20334296896569,0.13186530369840332,6.328707009651426,7.070900864113357,39145.58953333333,87308.57992458223,1793.5605201342282,0.3855074958010186,0.34474808139689417,35.0,1.0,78.70225555555555,51.12184424839262,1.6397700919744471,118.26388888888889,0.14083220002121832,10.476510590858418,6.630233018656925
298,2026-07-04 22:32:03,1.7305642861660098,23788.624691443234,41909.22286023384,1032.957268379494,0.21203076370041196,0.3174817716970642,51.0,2.0,59.73780693278334,52.5354833761045,1.9849807366648404,66.90292641733114,0.12603013893367604,6.311575451545391,7.083543627589204,37406.16022222222,85570.7682993758,1730.1427852348993,0.41971535997267706,0.3083384676408569,120.0,5.0,85.0248,48.2122267395131,1.8752267773892584,117.01477777777778,0.12357174959288546,10.393238573021183,6.230837574841562
299,2026-07-04 22:32:09,1.7090133075988807,23928.59193773649,42031.54710752771,1040.094497281932,0.23197358595019824,0.3304255703830989,51.0,2.0,57.354597698816114,50.43084280845032,1.9719626681836737,67.1926997905062,0.13702849877806378,6.3513109012540765,7.043863601255093,38434.409755555556,86564.59694658322,1767.5601901565997,0.40407426754347037,0.33409013741293847,38.0,1.0,80.31424444444444,49.63378402958818,1.6630132357911724,117.95002222222222,0.13619040898899207,10.462246376811594,6.554681058667391
300,2026-07-04 22:32:15,1.7296254210513997,24083.600485976905,42242.3222623205,1044.7723209043875,0.24235819960446758,0.342285615686723,51.0,2.0,55.31082019260438,49.478188214915306,1.9686631945307134,66.80380255614921,0.14615328943153275,6.301354210024923,6.962796048841278,39351.3312,87727.56885189332,1802.156677852349,0.3967132729719852,0.3488877453067359,121.0,3.0,78.02922222222222,50.51759947951644,1.6621289143484443,118.47757777777778,0.1440700987143092,10.48370680044593,6.5103318998567365
301,2026-07-04 22:32:21,1.7136661788935683,23676.477767672994,41822.817836199894,1030.8000074964893,0.22845968091347782,0.3231893157185607,51.0,2.0,57.85911034152362,50.63869199393699,2.0499130939902894,66.86951905744027,0.1335867638913636,6.318642236201395,6.970170712994418,36342.65831111111,84366.86392572841,1690.6126174496644,0.431051037057928,0.2878330314430745,35.0,1.0,89.57943333333333,47.07383587173334,1.9036248815797625,116.19128888888889,0.11195208479710478,10.360323299888517,6.476769690274249
302,2026-07-04 22:32:26,1.738211843736558,24220.59809263199,42391.08057009833,1050.00856156706,0.24508989919948337,0.3484873425834363,51.0,2.0,54.29092437111259,49.32857605497144,1.9569392508863739,66.96575222891664,0.1502066914875123,6.3078378517527165,6.958365052458958,40969.90024444444,89141.7311416173,1860.2773825503355,0.3795595672859482,0.39206413608011614,121.0,2.0,71.42712222222222,52.3879812334699,1.5314193673018721,119.88117777777778,0.1657919004159907,10.578377926421405,6.246170966665151
303,2026-07-04 22:32:32,1.7061117943057753,23917.486277343814,41981.75877622701,1038.594502542474,0.2324803971068847,0.32592406560806214,51.0,2.0,58.355000649593194,50.35058317466435,1.9902640916662742,67.02768078990532,0.13464532133385543,6.341202632019394,7.048694189997244,36339.91771111111,84559.27708936247,1690.7103243847873,0.4336120997328678,0.2817264147645804,31.0,1.0,91.05898888888889,46.906266796190806,1.855665688487971,115.9226,0.1093166038171156,10.317909698996655,6.722781769579369
304,2026-07-04 22:32:37,1.7122534871813717,23437.64926433571,41541.55933201751,1019.0622878008687,0.21250568361643152,0.3111179061740999,51.0,2.0,60.721509248583075,52.12849358841872,1.9962442874669497,66.52944281143934,0.1229276545256868,6.285914004876188,7.100767545824839,36739.846333333335,85016.1231041536,1706.7776118568231,0.42793754769894626,0.29679114113966937,120.0,5.0,87.75035555555556,47.41187134376816,1.8461468699549828,116.53146666666666,0.11648748562213833,10.38273690078038,6.611736417065556
305,2026-07-04 22:32:43,1.7277322517414042,24210.85346192572,42288.3575536823,1048.404598019679,0.22541151073696103,0.3369414503520538,51.0,2.0,56.841039470906345,51.306915010974144,1.8972399636943198,66.99936258668009,0.13863429549568265,6.31114258759117,7.050921403641999,39884.80402222222,88328.27974218222,1821.5763478747203,0.3996821948691738,0.3613519256927518,121.0,3.0,75.93713333333334,50.60358971680435,1.566699007454885,118.97824444444444,0.1515886717606821,10.516683389074693,6.378988660834663
306,2026-07-04 22:32:49,1.726541580293288,23885.549415772122,41999.82448563575,1038.0799105862511,0.23590537986925764,0.32926463620589613,51.0,2.0,57.56325109212855,50.016343107298844,2.0006451427777834,67.15910364259382,0.13724650708440128,6.351017769277698,7.006126273091064,37599.29051111111,85752.01879228395,1736.9316051454139,0.4152422083740701,0.3121230149528704,38.0,1.0,84.5736111111111,48.56224623287208,1.8407035078623146,117.28833333333333,0.12459491981238478,10.416047937569676,6.484129949974645
307,2026-07-04 22:32:54,1.7165743873597958,23841.063544424054,41984.29396731576,1036.3117470245306,0.23712446947081625,0.3320772821188181,51.0,2.0,56.6261083683843,49.82127175630088,2.0283890625481384,66.88825170112217,0.14000338049923775,6.309923537479143,6.972506679375015,37807.15693333333,85864.18424389335,1744.3934507829977,0.41051933042430944,0.3187033419239501,38.0,1.0,83.08093333333333,48.93017138757821,1.77311904779217,117.36213333333333,0.12853514262345028,10.422201783723523,6.611297084355661
308,2026-07-04 22:33:00,1.383177297652942,13401.3242748916,31951.527205158567,646.2652788986816,0.5529208495130623,0.05630361792557184,90.0,5.0,175.07506962827028,25.74031178462673,0.9971439781807042,47.11554435909512,0.014226052050380522,4.304619342162168,1.2414619605073167,27413.48706666667,72551.51022748445,1357.96201901566,0.5868895863551272,0.12527552051519833,97.0,5.0,170.2631888888889,35.91320011806072,0.9550727079648501,105.11831111111111,0.03011370185492509,9.549799331103678,2.446247482698084
309,2026-07-04 22:33:05,1.701382734217169,23748.223147441415,41881.48803293616,1032.8799997925353,0.23167446089064958,0.325336493034614,51.0,2.0,57.53543023369115,50.352832620738766,2.026963148896585,66.78671419523523,0.1355920228510856,6.304034464237887,7.0204363869229,35617.58831111111,83700.14955730173,1664.377841163311,0.4401983028167361,0.2712517821551419,31.0,1.0,93.31856666666667,46.236818346794195,1.9132680248718852,115.25135555555556,0.10360492668067971,10.282452619843923,6.588092202558176
310,2026-07-04 22:33:11,1.7389984698309127,24231.23333590464,42361.2182912796,1050.6717732323382,0.23810996615376448,0.3365081981944678,51.0,2.0,56.8330961641522,50.02913586990435,1.9660514820297554,67.55319965246764,0.14134819071491306,6.371114223093916,7.039640648911271,39926.146133333335,88159.3957879289,1822.7569239373602,0.3939039986240341,0.36695272170030563,121.0,2.0,75.02323333333334,50.97174385209254,1.6390592320181487,119.00997777777778,0.1536954067018485,10.530674470457079,6.451315226914055
311,2026-07-04 22:33:16,1.7067701381451643,24053.49601718174,42119.10012572478,1041.819489444986,0.22343981587519174,0.3358923163361694,51.0,2.0,57.27932913263069,51.40070234005075,1.900472615995815,67.01429511018725,0.13657416932786673,6.320381862210118,7.066293526581857,39122.173444444445,87289.22558754322,1793.6040100671141,0.37540573214401535,0.3471105164541655,38.0,1.0,78.89394444444444,51.8468694758069,1.6404919723329652,118.77495555555555,0.1390311700584753,10.542870680044594,6.673129050839959
312,2026-07-04 22:33:22,1.7364844323016237,23949.445616869936,41968.21543787348,1037.8023349936836,0.21464000694894228,0.3213790887391152,51.0,2.0,59.361125095409,52.319114164639934,1.9707125629571107,66.83584983029378,0.1287896894136497,6.303445952151332,7.059581427243661,37496.7134,85718.30559544444,1733.8499328859061,0.4215300582814606,0.308045784492629,35.0,1.0,85.47446666666667,48.18006772335077,1.8872933873757338,116.95648888888888,0.1228665729618142,10.393829431438128,6.331537635055581
313,2026-07-04 22:33:27,1.7346162843714035,24292.170922178735,42412.74155088816,1053.1247119966151,0.23989271280183214,0.3449677764401674,51.0,2.0,55.09572263182682,49.88093782012656,1.946700472186713,67.27284944053787,0.1471882163737243,6.344268116292458,6.994841176163574,40271.943133333334,88411.9275980795,1834.4543456375839,0.38526876730593124,0.3741870696090528,121.0,2.0,73.94452222222222,51.66722300769884,1.5949435053430712,119.24202222222222,0.1571408643575825,10.538238573021182,6.424567650345635
314,2026-07-04 22:33:33,0.811188407251174,14993.70338559852,25615.786729735966,619.7373159889555,0.1684257859881993,0.2813908888635316,108.0,2.0,50.70713395423616,45.50878988615075,1.1102030732256791,47.073671987917564,0.10854733484778994,4.107971960218659,4.636717880297959,17236.736666666668,31082.023113084433,731.6476733780761,0.21641167166110253,0.23782471304652358,4.0,2.0,75.29255555555555,43.366174864265176,0.9804209847456686,60.843044444444445,0.0700782408193649,5.151867335562988,4.681244093162002
315,2026-07-04 22:33:38,0.810636531497878,15715.648216866688,28215.346915885457,655.553469468661,0.18732322685966,0.2877533185842662,73.0,2.0,50.6733378534193,44.45052351025516,1.1044243562540497,50.34381749679263,0.1140098013571189,4.319808018874517,4.668089402617775,16930.07511111111,30764.170266546163,721.1496085011186,0.21695375282981533,0.2326230053937376,4.0,2.0,76.18755555555556,43.046688356587154,1.0184150587894139,60.318711111111114,0.0676792200003696,5.112068004459308,4.593382263857207
