index,y,x
0,231,418
1,231,419
2,231,420
3,231,421
4,231,422
5,231,423
6,232,414
7,232,415
8,232,416
9,232,417
10,232,418
11,232,419
12,232,420
13,232,421
14,232,422
15,232,423
16,233,413
17,233,414
18,233,415
19,233,416
20,233,417
21,233,418
22,233,419
23,233,420
24,233,421
25,233,422
26,233,423
27,233,424
28,234,412
29,234,413
30,234,414
31,234,415
32,234,416
33,234,417
34,234,418
35,234,419
36,234,420
37,234,421
38,234,422
39,234,423
40,234,424
41,234,425
42,235,411
43,235,412
44,235,413
45,235,414
46,235,415
47,235,416
48,235,417
49,235,418
50,235,419
51,235,420
52,235,421
53,235,422
54,235,423
55,235,424
56,235,425
57,235,426
58,236,410
59,236,411
60,236,412
61,236,413
62,236,414
63,236,415
64,236,416
65,236,417
66,236,418
67,236,419
68,236,420
69,236,421
70,236,422
71,236,423
72,236,424
73,236,425
74,236,426
75,236,427
76,237,409
77,237,410
78,237,411
79,237,412
80,237,413
81,237,414
82,237,415
83,237,416
84,237,417
85,237,418
86,237,419
87,237,420
88,237,421
89,237,422
90,237,423
91,237,424
92,237,425
93,237,426
94,237,427
95,237,428
96,238,408
97,238,409
98,238,410
99,238,411
100,238,412
101,238,413
102,238,414
103,238,415
104,238,416
105,238,417
106,238,418
107,238,419
108,238,420
109,238,421
110,238,422
111,238,423
112,238,424
113,238,425
114,238,426
115,238,427
116,238,428
117,238,429
118,239,406
119,239,407
120,239,408
121,239,409
122,239,410
123,239,411
124,239,412
125,239,413
126,239,414
127,239,415
128,239,416
129,239,417
130,239,418
131,239,419
132,239,420
133,239,421
134,239,422
135,239,423
136,239,424
137,239,425
138,239,426
139,239,427
140,239,428
141,239,429
142,240,405
143,240,406
144,240,407
145,240,408
146,240,409
147,240,410
148,240,411
149,240,412
150,240,413
151,240,414
152,240,415
153,240,416
154,240,417
155,240,418
156,240,419
157,240,420
158,240,421
159,240,422
160,240,423
161,240,424
162,240,425
163,240,426
164,240,427
165,240,428
166,240,429
167,240,430
168,241,405
169,241,406
170,241,407
171,241,408
172,241,409
173,241,410
174,241,411
175,241,412
176,241,413
177,241,414
178,241,415
179,241,416
180,241,417
181,241,418
182,241,419
183,241,420
184,241,421
185,241,422
186,241,423
187,241,424
188,241,425
189,241,426
190,241,427
191,241,428
192,241,429
193,241,430
194,241,431
195,241,432
196,242,404
197,242,405
198,242,406
199,242,407
200,242,408
201,242,409
202,242,410
203,242,411
204,242,412
205,242,413
206,242,414
207,242,415
208,242,416
209,242,417
210,242,418
211,242,419
212,242,420
213,242,421
214,242,422
215,242,423
216,242,424
217,242,425
218,242,426
219,242,427
220,242,428
221,242,429
222,242,430
223,242,431
224,242,432
225,242,433
226,243,402
227,243,403
228,243,404
229,243,405
230,243,406
231,243,407
232,243,408
233,243,409
234,243,410
235,243,411
236,243,412
237,243,413
238,243,414
239,243,415
240,243,416
241,243,417
242,243,418
243,243,419
244,243,420
245,243,421
246,243,422
247,243,423
248,243,424
249,243,425
250,243,426
251,243,427
252,243,428
253,243,429
254,243,430
255,243,431
256,243,432
257,243,433
258,243,434
259,244,401
260,244,402
261,244,403
262,244,404
263,244,405
264,244,406
265,244,407
266,244,408
267,244,409
268,244,410
269,244,411
270,244,412
271,244,413
272,244,414
273,244,415
274,244,416
275,244,417
276,244,418
277,244,419
278,244,420
279,244,421
280,244,422
281,244,423
282,244,424
283,244,425
284,244,426
285,244,427
286,244,428
287,244,429
288,244,430
289,244,431
290,244,432
291,244,433
292,244,434
293,244,435
294,245,399
295,245,400
296,245,401
297,245,402
298,245,403
299,245,404
300,245,405
301,245,406
302,245,407
303,245,408
304,245,409
305,245,410
306,245,411
307,245,412
308,245,413
309,245,414
310,245,415
311,245,416
312,245,417
313,245,418
314,245,419
315,245,420
316,245,421
317,245,422
318,245,423
319,245,424
320,245,425
321,245,426
322,245,427
323,245,428
324,245,429
325,245,430
326,245,431
327,245,432
328,245,433
329,245,434
330,245,435
331,245,436
332,246,397
333,246,398
334,246,399
335,246,400
336,246,401
337,246,402
338,246,403
339,246,404
340,246,405
341,246,406
342,246,407
343,246,408
344,246,409
345,246,410
346,246,411
347,246,412
348,246,413
349,246,414
350,246,415
351,246,416
352,246,417
353,246,418
354,246,419
355,246,420
356,246,421
357,246,422
358,246,423
359,246,424
360,246,425
361,246,426
362,246,427
363,246,428
364,246,429
365,246,430
366,246,431
367,246,432
368,246,433
369,246,434
370,246,435
371,246,436
372,246,437
373,247,396
374,247,397
375,247,398
376,247,399
377,247,400
378,247,401
379,247,402
380,247,403
381,247,404
382,247,405
383,247,406
384,247,407
385,247,408
386,247,409
387,247,410
388,247,411
389,247,412
390,247,413
391,247,414
392,247,415
393,247,416
394,247,417
395,247,418
396,247,419
397,247,420
398,247,421
399,247,422
400,247,423
401,247,424
402,247,425
403,247,426
404,247,427
405,247,428
406,247,429
407,247,430
408,247,431
409,247,432
410,247,433
411,247,434
412,247,435
413,247,436
414,247,437
415,247,438
416,248,395
417,248,396
418,248,397
419,248,398
420,248,399
421,248,400
422,248,401
423,248,402
424,248,403
425,248,404
426,248,405
427,248,406
428,248,407
429,248,408
430,248,409
431,248,410
432,248,411
433,248,412
434,248,413
435,248,414
436,248,415
437,248,416
438,248,417
439,248,418
440,248,419
441,248,420
442,248,421
443,248,422
444,248,423
445,248,424
446,248,425
447,248,426
448,248,427
449,248,428
450,248,429
451,248,430
452,248,431
453,248,432
454,248,433
455,248,434
456,248,435
457,248,436
458,248,437
459,248,438
460,249,394
461,249,395
462,249,396
463,249,397
464,249,398
465,249,399
466,249,400
467,249,401
468,249,402
469,249,403
470,249,404
471,249,405
472,249,406
473,249,407
474,249,408
475,249,409
476,249,410
477,249,411
478,249,412
479,249,413
480,249,414
481,249,415
482,249,416
483,249,417
484,249,418
485,249,419
486,249,420
487,249,421
488,249,422
489,249,423
490,249,424
491,249,425
492,249,426
493,249,427
494,249,428
495,249,429
496,249,430
497,249,431
498,249,432
499,249,433
500,249,434
501,249,435
502,249,436
503,249,437
504,249,438
505,249,439
506,250,393
507,250,394
508,250,395
509,250,396
510,250,397
511,250,398
512,250,399
513,250,400
514,250,401
515,250,402
516,250,403
517,250,404
518,250,405
519,250,406
520,250,407
521,250,408
522,250,409
523,250,410
524,250,411
525,250,412
526,250,413
527,250,414
528,250,415
529,250,416
530,250,417
531,250,418
532,250,419
533,250,420
534,250,421
535,250,422
536,250,423
537,250,424
538,250,425
539,250,426
540,250,427
541,250,428
542,250,429
543,250,430
544,250,431
545,250,432
546,250,433
547,250,434
548,250,435
549,250,436
550,250,437
551,250,438
552,250,439
553,250,440
554,251,392
555,251,393
556,251,394
557,251,395
558,251,396
559,251,397
560,251,398
561,251,399
562,251,400
563,251,401
564,251,402
565,251,403
566,251,404
567,251,405
568,251,406
569,251,407
570,251,408
571,251,409
572,251,410
573,251,411
574,251,412
575,251,413
576,251,414
577,251,415
578,251,416
579,251,417
580,251,418
581,251,419
582,251,420
583,251,421
584,251,422
585,251,423
586,251,424
587,251,425
588,251,426
589,251,427
590,251,428
591,251,429
592,251,430
593,251,431
594,251,432
595,251,433
596,251,434
597,251,435
598,251,436
599,251,437
600,251,438
601,251,439
602,251,440
603,251,441
604,252,391
605,252,392
606,252,393
607,252,394
608,252,395
609,252,396
610,252,397
611,252,398
612,252,399
613,252,400
614,252,401
615,252,402
616,252,403
617,252,404
618,252,405
619,252,406
620,252,407
621,252,408
622,252,409
623,252,410
624,252,411
625,252,412
626,252,413
627,252,414
628,252,415
629,252,416
630,252,417
631,252,418
632,252,419
633,252,420
634,252,421
635,252,422
636,252,423
637,252,424
638,252,425
639,252,426
640,252,427
641,252,428
642,252,429
643,252,430
644,252,431
645,252,432
646,252,433
647,252,434
648,252,435
649,252,436
650,252,437
651,252,438
652,252,439
653,252,440
654,252,441
655,253,390
656,253,391
657,253,392
658,253,393
659,253,394
660,253,395
661,253,396
662,253,397
663,253,398
664,253,399
665,253,400
666,253,401
667,253,402
668,253,403
669,253,404
670,253,405
671,253,406
672,253,407
673,253,408
674,253,409
675,253,410
676,253,411
677,253,412
678,253,413
679,253,414
680,253,415
681,253,416
682,253,417
683,253,418
684,253,419
685,253,420
686,253,421
687,253,422
688,253,423
689,253,424
690,253,425
691,253,426
692,253,427
693,253,428
694,253,429
695,253,430
696,253,431
697,253,432
698,253,433
699,253,434
700,253,435
701,253,436
702,253,437
703,253,438
704,253,439
705,253,440
706,253,441
707,253,442
708,253,443
709,254,389
710,254,390
711,254,391
712,254,392
713,254,393
714,254,394
715,254,395
716,254,396
717,254,397
718,254,398
719,254,399
720,254,400
721,254,401
722,254,402
723,254,403
724,254,404
725,254,405
726,254,406
727,254,407
728,254,408
729,254,409
730,254,410
731,254,411
732,254,412
733,254,413
734,254,414
735,254,415
736,254,416
737,254,417
738,254,418
739,254,419
740,254,420
741,254,421
742,254,422
743,254,423
744,254,424
745,254,425
746,254,426
747,254,427
748,254,428
749,254,429
750,254,430
751,254,431
752,254,432
753,254,433
754,254,434
755,254,435
756,254,436
757,254,437
758,254,438
759,254,439
760,254,440
761,254,441
762,254,442
763,254,443
764,254,444
765,255,388
766,255,389
767,255,390
768,255,391
769,255,392
770,255,393
771,255,394
772,255,395
773,255,396
774,255,397
775,255,398
776,255,399
777,255,400
778,255,401
779,255,402
780,255,403
781,255,404
782,255,405
783,255,406
784,255,407
785,255,408
786,255,409
787,255,410
788,255,411
789,255,412
790,255,413
791,255,414
792,255,415
793,255,416
794,255,417
795,255,418
796,255,419
797,255,420
798,255,421
799,255,422
800,255,423
801,255,424
802,255,425
803,255,426
804,255,427
805,255,428
806,255,429
807,255,430
808,255,431
809,255,432
810,255,433
811,255,434
812,255,435
813,255,436
814,255,437
815,255,438
816,255,439
817,255,440
818,255,441
819,255,442
820,255,443
821,255,444
822,255,445
823,256,387
824,256,388
825,256,389
826,256,390
827,256,391
828,256,392
829,256,393
830,256,394
831,256,395
832,256,396
833,256,397
834,256,398
835,256,399
836,256,400
837,256,401
838,256,402
839,256,403
840,256,404
841,256,405
842,256,406
843,256,407
844,256,408
845,256,409
846,256,410
847,256,411
848,256,412
849,256,413
850,256,414
851,256,415
852,256,416
853,256,417
854,256,418
855,256,419
856,256,420
857,256,421
858,256,422
859,256,423
860,256,424
861,256,425
862,256,426
863,256,427
864,256,428
865,256,429
866,256,430
867,256,431
868,256,432
869,256,433
870,256,434
871,256,435
872,256,436
873,256,437
874,256,438
875,256,439
876,256,440
877,256,441
878,256,442
879,256,443
880,256,444
881,256,445
882,257,386
883,257,387
884,257,388
885,257,389
886,257,390
887,257,391
888,257,392
889,257,393
890,257,394
891,257,395
892,257,396
893,257,397
894,257,398
895,257,399
896,257,400
897,257,401
898,257,402
899,257,403
900,257,404
901,257,405
902,257,406
903,257,407
904,257,408
905,257,409
906,257,410
907,257,411
908,257,412
909,257,413
910,257,414
911,257,415
912,257,416
913,257,417
914,257,418
915,257,419
916,257,420
917,257,421
918,257,422
919,257,423
920,257,424
921,257,425
922,257,426
923,257,427
924,257,428
925,257,429
926,257,430
927,257,431
928,257,432
929,257,433
930,257,434
931,257,435
932,257,436
933,257,437
934,257,438
935,257,439
936,257,440
937,257,441
938,257,442
939,257,443
940,257,444
941,257,445
942,257,446
943,258,386
944,258,387
945,258,388
946,258,389
947,258,390
948,258,391
949,258,392
950,258,393
951,258,394
952,258,395
953,258,396
954,258,397
955,258,398
956,258,399
957,258,400
958,258,401
959,258,402
960,258,403
961,258,404
962,258,405
963,258,406
964,258,407
965,258,408
966,258,409
967,258,410
968,258,411
969,258,412
970,258,413
971,258,414
972,258,415
973,258,416
974,258,417
975,258,418
976,258,419
977,258,420
978,258,421
979,258,422
980,258,423
981,258,424
982,258,425
983,258,426
984,258,427
985,258,428
986,258,429
987,258,430
988,258,431
989,258,432
990,258,433
991,258,434
992,258,435
993,258,436
994,258,437
995,258,438
996,258,439
997,258,440
998,258,441
999,258,442
1000,258,443
1001,258,444
1002,258,445
1003,258,446
1004,259,386
1005,259,387
1006,259,388
1007,259,389
1008,259,390
1009,259,391
1010,259,392
1011,259,393
1012,259,394
1013,259,395
1014,259,396
1015,259,397
1016,259,398
1017,259,399
1018,259,400
1019,259,401
1020,259,402
1021,259,403
1022,259,404
1023,259,405
1024,259,406
1025,259,407
1026,259,408
1027,259,409
1028,259,410
1029,259,411
1030,259,412
1031,259,413
1032,259,414
1033,259,415
1034,259,416
1035,259,417
1036,259,418
1037,259,419
1038,259,420
1039,259,421
1040,259,422
1041,259,423
1042,259,424
1043,259,425
1044,259,426
1045,259,427
1046,259,428
1047,259,429
1048,259,430
1049,259,431
1050,259,432
1051,259,433
1052,259,434
1053,259,435
1054,259,436
1055,259,437
1056,259,438
1057,259,439
1058,259,440
1059,259,441
1060,259,442
1061,259,443
1062,259,444
1063,259,445
1064,259,446
1065,259,447
1066,260,386
1067,260,387
1068,260,388
1069,260,389
1070,260,390
1071,260,391
1072,260,392
1073,260,393
1074,260,394
1075,260,395
1076,260,396
1077,260,397
1078,260,398
1079,260,399
1080,260,400
1081,260,401
1082,260,402
1083,260,403
1084,260,404
1085,260,405
1086,260,406
1087,260,407
1088,260,408
1089,260,409
1090,260,410
1091,260,411
1092,260,412
1093,260,413
1094,260,414
1095,260,415
1096,260,416
1097,260,417
1098,260,418
1099,260,419
1100,260,420
1101,260,421
1102,260,422
1103,260,423
1104,260,424
1105,260,425
1106,260,426
1107,260,427
1108,260,428
1109,260,429
1110,260,430
1111,260,431
1112,260,432
1113,260,433
1114,260,434
1115,260,435
1116,260,436
1117,260,437
1118,260,438
1119,260,439
1120,260,440
1121,260,441
1122,260,442
1123,260,443
1124,260,444
1125,260,445
1126,260,446
1127,260,447
1128,260,448
1129,261,386
1130,261,387
1131,261,388
1132,261,389
1133,261,390
1134,261,391
1135,261,392
1136,261,393
1137,261,394
1138,261,395
1139,261,396
1140,261,397
1141,261,398
1142,261,399
1143,261,400
1144,261,401
1145,261,402
1146,261,403
1147,261,404
1148,261,405
1149,261,406
1150,261,407
1151,261,408
1152,261,409
1153,261,410
1154,261,411
1155,261,412
1156,261,413
1157,261,414
1158,261,415
1159,261,416
1160,261,417
1161,261,418
1162,261,419
1163,261,420
1164,261,421
1165,261,422
1166,261,423
1167,261,424
1168,261,425
1169,261,426
1170,261,427
1171,261,428
1172,261,429
1173,261,430
1174,261,431
1175,261,432
1176,261,433
1177,261,434
1178,261,435
1179,261,436
1180,261,437
1181,261,438
1182,261,439
1183,261,440
1184,261,441
1185,261,442
1186,261,443
1187,261,444
1188,261,445
1189,261,446
1190,261,447
1191,261,448
1192,261,449
1193,261,450
1194,262,387
1195,262,388
1196,262,389
1197,262,390
1198,262,391
1199,262,392
1200,262,393
1201,262,394
1202,262,395
1203,262,396
1204,262,397
1205,262,398
1206,262,399
1207,262,400
1208,262,401
1209,262,402
1210,262,403
1211,262,404
1212,262,405
1213,262,406
1214,262,407
1215,262,408
1216,262,409
1217,262,410
1218,262,411
1219,262,412
1220,262,413
1221,262,414
1222,262,415
1223,262,416
1224,262,417
1225,262,418
1226,262,419
1227,262,420
1228,262,421
1229,262,422
1230,262,423
1231,262,424
1232,262,425
1233,262,426
1234,262,427
1235,262,428
1236,262,429
1237,262,430
1238,262,431
1239,262,432
1240,262,433
1241,262,434
1242,262,435
1243,262,436
1244,262,437
1245,262,438
1246,262,439
1247,262,440
1248,262,441
1249,262,442
1250,262,443
1251,262,444
1252,262,445
1253,262,446
1254,262,447
1255,262,448
1256,262,449
1257,262,450
1258,262,451
1259,263,388
1260,263,389
1261,263,390
1262,263,391
1263,263,392
1264,263,393
1265,263,394
1266,263,395
1267,263,396
1268,263,397
1269,263,398
1270,263,399
1271,263,400
1272,263,401
1273,263,402
1274,263,403
1275,263,404
1276,263,405
1277,263,406
1278,263,407
1279,263,408
1280,263,409
1281,263,410
1282,263,411
1283,263,412
1284,263,413
1285,263,414
1286,263,415
1287,263,416
1288,263,417
1289,263,418
1290,263,419
1291,263,420
1292,263,421
1293,263,422
1294,263,423
1295,263,424
1296,263,425
1297,263,426
1298,263,427
1299,263,428
1300,263,429
1301,263,430
1302,263,431
1303,263,432
1304,263,433
1305,263,434
1306,263,435
1307,263,436
1308,263,437
1309,263,438
1310,263,439
1311,263,440
1312,263,441
1313,263,442
1314,263,443
1315,263,444
1316,263,445
1317,263,446
1318,263,447
1319,263,448
1320,263,449
1321,263,450
1322,263,451
1323,264,388
1324,264,389
1325,264,390
1326,264,391
1327,264,392
1328,264,393
1329,264,394
1330,264,395
1331,264,396
1332,264,397
1333,264,398
1334,264,399
1335,264,400
1336,264,401
1337,264,402
1338,264,403
1339,264,404
1340,264,405
1341,264,406
1342,264,407
1343,264,408
1344,264,409
1345,264,410
1346,264,411
1347,264,412
1348,264,413
1349,264,414
1350,264,415
1351,264,416
1352,264,417
1353,264,418
1354,264,419
1355,264,420
1356,264,421
1357,264,422
1358,264,423
1359,264,424
1360,264,425
1361,264,426
1362,264,427
1363,264,428
1364,264,429
1365,264,430
1366,264,431
1367,264,432
1368,264,433
1369,264,434
1370,264,435
1371,264,436
1372,264,437
1373,264,438
1374,264,439
1375,264,440
1376,264,441
1377,264,442
1378,264,443
1379,264,444
1380,264,445
1381,264,446
1382,264,447
1383,264,448
1384,264,449
1385,264,450
1386,264,451
1387,264,452
1388,265,389
1389,265,390
1390,265,391
1391,265,392
1392,265,393
1393,265,394
1394,265,395
1395,265,396
1396,265,397
1397,265,398
1398,265,399
1399,265,400
1400,265,401
1401,265,402
1402,265,403
1403,265,404
1404,265,405
1405,265,406
1406,265,407
1407,265,408
1408,265,409
1409,265,410
1410,265,411
1411,265,412
1412,265,413
1413,265,414
1414,265,415
1415,265,416
1416,265,417
1417,265,418
1418,265,419
1419,265,420
1420,265,421
1421,265,422
1422,265,423
1423,265,424
1424,265,425
1425,265,426
1426,265,427
1427,265,428
1428,265,429
1429,265,430
1430,265,431
1431,265,432
1432,265,433
1433,265,434
1434,265,435
1435,265,436
1436,265,437
1437,265,438
1438,265,439
1439,265,440
1440,265,441
1441,265,442
1442,265,443
1443,265,444
1444,265,445
1445,265,446
1446,265,447
1447,265,448
1448,265,449
1449,265,450
1450,265,451
1451,265,452
1452,265,453
1453,266,390
1454,266,391
1455,266,392
1456,266,393
1457,266,394
1458,266,395
1459,266,396
1460,266,397
1461,266,398
1462,266,399
1463,266,400
1464,266,401
1465,266,402
1466,266,403
1467,266,404
1468,266,405
1469,266,406
1470,266,407
1471,266,408
1472,266,409
1473,266,410
1474,266,411
1475,266,412
1476,266,413
1477,266,414
1478,266,415
1479,266,416
1480,266,417
1481,266,418
1482,266,419
1483,266,420
1484,266,421
1485,266,422
1486,266,423
1487,266,424
1488,266,425
1489,266,426
1490,266,427
1491,266,428
1492,266,429
1493,266,430
1494,266,431
1495,266,432
1496,266,433
1497,266,434
1498,266,435
1499,266,436
1500,266,437
1501,266,438
1502,266,439
1503,266,440
1504,266,441
1505,266,442
1506,266,443
1507,266,444
1508,266,445
1509,266,446
1510,266,447
1511,266,448
1512,266,449
1513,266,450
1514,266,451
1515,266,452
1516,266,453
1517,267,390
1518,267,391
1519,267,392
1520,267,393
1521,267,394
1522,267,395
1523,267,396
1524,267,397
1525,267,398
1526,267,399
1527,267,400
1528,267,401
1529,267,402
1530,267,403
1531,267,404
1532,267,405
1533,267,406
1534,267,407
1535,267,408
1536,267,409
1537,267,410
1538,267,411
1539,267,412
1540,267,413
1541,267,414
1542,267,415
1543,267,416
1544,267,417
1545,267,418
1546,267,419
1547,267,420
1548,267,421
1549,267,422
1550,267,423
1551,267,424
1552,267,425
1553,267,426
1554,267,427
1555,267,428
1556,267,429
1557,267,430
1558,267,431
1559,267,432
1560,267,433
1561,267,434
1562,267,435
1563,267,436
1564,267,437
1565,267,438
1566,267,439
1567,267,440
1568,267,441
1569,267,442
1570,267,443
1571,267,444
1572,267,445
1573,267,446
1574,267,447
1575,267,448
1576,267,449
1577,267,450
1578,267,451
1579,267,452
1580,267,453
1581,267,454
1582,268,391
1583,268,392
1584,268,393
1585,268,394
1586,268,395
1587,268,396
1588,268,397
1589,268,398
1590,268,399
1591,268,400
1592,268,401
1593,268,402
1594,268,403
1595,268,404
1596,268,405
1597,268,406
1598,268,407
1599,268,408
1600,268,409
1601,268,410
1602,268,411
1603,268,412
1604,268,413
1605,268,414
1606,268,415
1607,268,416
1608,268,417
1609,268,418
1610,268,419
1611,268,420
1612,268,421
1613,268,422
1614,268,423
1615,268,424
1616,268,425
1617,268,426
1618,268,427
1619,268,428
1620,268,429
1621,268,430
1622,268,431
1623,268,432
1624,268,433
1625,268,434
1626,268,435
1627,268,436
1628,268,437
1629,268,438
1630,268,439
1631,268,440
1632,268,441
1633,268,442
1634,268,443
1635,268,444
1636,268,445
1637,268,446
1638,268,447
1639,268,448
1640,268,449
1641,268,450
1642,268,451
1643,268,452
1644,268,453
1645,268,454
1646,268,455
1647,269,392
1648,269,393
1649,269,394
1650,269,395
1651,269,396
1652,269,397
1653,269,398
1654,269,399
1655,269,400
1656,269,401
1657,269,402
1658,269,403
1659,269,404
1660,269,405
1661,269,406
1662,269,407
1663,269,408
1664,269,409
1665,269,410
1666,269,411
1667,269,412
1668,269,413
1669,269,414
1670,269,415
1671,269,416
1672,269,417
1673,269,418
1674,269,419
1675,269,420
1676,269,421
1677,269,422
1678,269,423
1679,269,424
1680,269,425
1681,269,426
1682,269,427
1683,269,428
1684,269,429
1685,269,430
1686,269,431
1687,269,432
1688,269,433
1689,269,434
1690,269,435
1691,269,436
1692,269,437
1693,269,438
1694,269,439
1695,269,440
1696,269,441
1697,269,442
1698,269,443
1699,269,444
1700,269,445
1701,269,446
1702,269,447
1703,269,448
1704,269,449
1705,269,450
1706,269,451
1707,269,452
1708,269,453
1709,269,454
1710,269,455
1711,269,456
1712,270,392
1713,270,393
1714,270,394
1715,270,395
1716,270,396
1717,270,397
1718,270,398
1719,270,399
1720,270,400
1721,270,401
1722,270,402
1723,270,403
1724,270,404
1725,270,405
1726,270,406
1727,270,407
1728,270,408
1729,270,409
1730,270,410
1731,270,411
1732,270,412
1733,270,413
1734,270,414
1735,270,415
1736,270,416
1737,270,417
1738,270,418
1739,270,419
1740,270,420
1741,270,421
1742,270,422
1743,270,423
1744,270,424
1745,270,425
1746,270,426
1747,270,427
1748,270,428
1749,270,429
1750,270,430
1751,270,431
1752,270,432
1753,270,433
1754,270,434
1755,270,435
1756,270,436
1757,270,437
1758,270,438
1759,270,439
1760,270,440
1761,270,441
1762,270,442
1763,270,443
1764,270,444
1765,270,445
1766,270,446
1767,270,447
1768,270,448
1769,270,449
1770,270,450
1771,270,451
1772,270,452
1773,270,453
1774,270,454
1775,270,455
1776,270,456
1777,270,457
1778,270,458
1779,271,393
1780,271,394
1781,271,395
1782,271,396
1783,271,397
1784,271,398
1785,271,399
1786,271,400
1787,271,401
1788,271,402
1789,271,403
1790,271,404
1791,271,405
1792,271,406
1793,271,407
1794,271,408
1795,271,409
1796,271,410
1797,271,411
1798,271,412
1799,271,413
1800,271,414
1801,271,415
1802,271,416
1803,271,417
1804,271,418
1805,271,419
1806,271,420
1807,271,421
1808,271,422
1809,271,423
1810,271,424
1811,271,425
1812,271,426
1813,271,427
1814,271,428
1815,271,429
1816,271,430
1817,271,431
1818,271,432
1819,271,433
1820,271,434
1821,271,435
1822,271,436
1823,271,437
1824,271,438
1825,271,439
1826,271,440
1827,271,441
1828,271,442
1829,271,443
1830,271,444
1831,271,445
1832,271,446
1833,271,447
1834,271,448
1835,271,449
1836,271,450
1837,271,451
1838,271,452
1839,271,453
1840,271,454
1841,271,455
1842,271,456
1843,271,457
1844,271,458
1845,272,394
1846,272,395
1847,272,396
1848,272,397
1849,272,398
1850,272,399
1851,272,400
1852,272,401
1853,272,402
1854,272,403
1855,272,404
1856,272,405
1857,272,406
1858,272,407
1859,272,408
1860,272,409
1861,272,410
1862,272,411
1863,272,412
1864,272,413
1865,272,414
1866,272,415
1867,272,416
1868,272,417
1869,272,418
1870,272,419
1871,272,420
1872,272,421
1873,272,422
1874,272,423
1875,272,424
1876,272,425
1877,272,426
1878,272,427
1879,272,428
1880,272,429
1881,272,430
1882,272,431
1883,272,432
1884,272,433
1885,272,434
1886,272,435
1887,272,436
1888,272,437
1889,272,438
1890,272,439
1891,272,440
1892,272,441
1893,272,442
1894,272,443
1895,272,444
1896,272,445
1897,272,446
1898,272,447
1899,272,448
1900,272,449
1901,272,450
1902,272,451
1903,272,452
1904,272,453
1905,272,454
1906,272,455
1907,272,456
1908,272,457
1909,272,458
1910,272,459
1911,273,395
1912,273,396
1913,273,397
1914,273,398
1915,273,399
1916,273,400
1917,273,401
1918,273,402
1919,273,403
1920,273,404
1921,273,405
1922,273,406
1923,273,407
1924,273,408
1925,273,409
1926,273,410
1927,273,411
1928,273,412
1929,273,413
1930,273,414
1931,273,415
1932,273,416
1933,273,417
1934,273,418
1935,273,419
1936,273,420
1937,273,421
1938,273,422
1939,273,423
1940,273,424
1941,273,425
1942,273,426
1943,273,427
1944,273,428
1945,273,429
1946,273,430
1947,273,431
1948,273,432
1949,273,433
1950,273,434
1951,273,435
1952,273,436
1953,273,437
1954,273,438
1955,273,439
1956,273,440
1957,273,441
1958,273,442
1959,273,443
1960,273,444
1961,273,445
1962,273,446
1963,273,447
1964,273,448
1965,273,449
1966,273,450
1967,273,451
1968,273,452
1969,273,453
1970,273,454
1971,273,455
1972,273,456
1973,273,457
1974,273,458
1975,273,459
1976,273,460
1977,274,396
1978,274,397
1979,274,398
1980,274,399
1981,274,400
1982,274,401
1983,274,402
1984,274,403
1985,274,404
1986,274,405
1987,274,406
1988,274,407
1989,274,408
1990,274,409
1991,274,410
1992,274,411
1993,274,412
1994,274,413
1995,274,414
1996,274,415
1997,274,416
1998,274,417
1999,274,418
2000,274,419
2001,274,420
2002,274,421
2003,274,422
2004,274,423
2005,274,424
2006,274,425
2007,274,426
2008,274,427
2009,274,428
2010,274,429
2011,274,430
2012,274,431
2013,274,432
2014,274,433
2015,274,434
2016,274,435
2017,274,436
2018,274,437
2019,274,438
2020,274,439
2021,274,440
2022,274,441
2023,274,442
2024,274,443
2025,274,444
2026,274,445
2027,274,446
2028,274,447
2029,274,448
2030,274,449
2031,274,450
2032,274,451
2033,274,452
2034,274,453
2035,274,454
2036,274,455
2037,274,456
2038,274,457
2039,274,458
2040,274,459
2041,274,460
2042,274,461
2043,275,397
2044,275,398
2045,275,399
2046,275,400
2047,275,401
2048,275,402
2049,275,403
2050,275,404
2051,275,405
2052,275,406
2053,275,407
2054,275,408
2055,275,409
2056,275,410
2057,275,411
2058,275,412
2059,275,413
2060,275,414
2061,275,415
2062,275,416
2063,275,417
2064,275,418
2065,275,419
2066,275,420
2067,275,421
2068,275,422
2069,275,423
2070,275,424
2071,275,425
2072,275,426
2073,275,427
2074,275,428
2075,275,429
2076,275,430
2077,275,431
2078,275,432
2079,275,433
2080,275,434
2081,275,435
2082,275,436
2083,275,437
2084,275,438
2085,275,439
2086,275,440
2087,275,441
2088,275,442
2089,275,443
2090,275,444
2091,275,445
2092,275,446
2093,275,447
2094,275,448
2095,275,449
2096,275,450
2097,275,451
2098,275,452
2099,275,453
2100,275,454
2101,275,455
2102,275,456
2103,275,457
2104,275,458
2105,275,459
2106,275,460
2107,275,461
2108,275,462
2109,276,397
2110,276,398
2111,276,399
2112,276,400
2113,276,401
2114,276,402
2115,276,403
2116,276,404
2117,276,405
2118,276,406
2119,276,407
2120,276,408
2121,276,409
2122,276,410
2123,276,411
2124,276,412
2125,276,413
2126,276,414
2127,276,415
2128,276,416
2129,276,417
2130,276,418
2131,276,419
2132,276,420
2133,276,421
2134,276,422
2135,276,423
2136,276,424
2137,276,425
2138,276,426
2139,276,427
2140,276,428
2141,276,429
2142,276,430
2143,276,431
2144,276,432
2145,276,433
2146,276,434
2147,276,435
2148,276,436
2149,276,437
2150,276,438
2151,276,439
2152,276,440
2153,276,441
2154,276,442
2155,276,443
2156,276,444
2157,276,445
2158,276,446
2159,276,447
2160,276,448
2161,276,449
2162,276,450
2163,276,451
2164,276,452
2165,276,453
2166,276,454
2167,276,455
2168,276,456
2169,276,457
2170,276,458
2171,276,459
2172,276,460
2173,276,461
2174,276,462
2175,277,399
2176,277,400
2177,277,401
2178,277,402
2179,277,403
2180,277,404
2181,277,405
2182,277,406
2183,277,407
2184,277,408
2185,277,409
2186,277,410
2187,277,411
2188,277,412
2189,277,413
2190,277,414
2191,277,415
2192,277,416
2193,277,417
2194,277,418
2195,277,419
2196,277,420
2197,277,421
2198,277,422
2199,277,423
2200,277,424
2201,277,425
2202,277,426
2203,277,427
2204,277,428
2205,277,429
2206,277,430
2207,277,431
2208,277,432
2209,277,433
2210,277,434
2211,277,435
2212,277,436
2213,277,437
2214,277,438
2215,277,439
2216,277,440
2217,277,441
2218,277,442
2219,277,443
2220,277,444
2221,277,445
2222,277,446
2223,277,447
2224,277,448
2225,277,449
2226,277,450
2227,277,451
2228,277,452
2229,277,453
2230,277,454
2231,277,455
2232,277,456
2233,277,457
2234,277,458
2235,277,459
2236,277,460
2237,277,461
2238,277,462
2239,277,463
2240,278,400
2241,278,401
2242,278,402
2243,278,403
2244,278,404
2245,278,405
2246,278,406
2247,278,407
2248,278,408
2249,278,409
2250,278,410
2251,278,411
2252,278,412
2253,278,413
2254,278,414
2255,278,415
2256,278,416
2257,278,417
2258,278,418
2259,278,419
2260,278,420
2261,278,421
2262,278,422
2263,278,423
2264,278,424
2265,278,425
2266,278,426
2267,278,427
2268,278,428
2269,278,429
2270,278,430
2271,278,431
2272,278,432
2273,278,433
2274,278,434
2275,278,435
2276,278,436
2277,278,437
2278,278,438
2279,278,439
2280,278,440
2281,278,441
2282,278,442
2283,278,443
2284,278,444
2285,278,445
2286,278,446
2287,278,447
2288,278,448
2289,278,449
2290,278,450
2291,278,451
2292,278,452
2293,278,453
2294,278,454
2295,278,455
2296,278,456
2297,278,457
2298,278,458
2299,278,459
2300,278,460
2301,278,461
2302,278,462
2303,278,463
2304,278,464
2305,279,402
2306,279,403
2307,279,404
2308,279,405
2309,279,406
2310,279,407
2311,279,408
2312,279,409
2313,279,410
2314,279,411
2315,279,412
2316,279,413
2317,279,414
2318,279,415
2319,279,416
2320,279,417
2321,279,418
2322,279,419
2323,279,420
2324,279,421
2325,279,422
2326,279,423
2327,279,424
2328,279,425
2329,279,426
2330,279,427
2331,279,428
2332,279,429
2333,279,430
2334,279,431
2335,279,432
2336,279,433
2337,279,434
2338,279,435
2339,279,436
2340,279,437
2341,279,438
2342,279,439
2343,279,440
2344,279,441
2345,279,442
2346,279,443
2347,279,444
2348,279,445
2349,279,446
2350,279,447
2351,279,448
2352,279,449
2353,279,450
2354,279,451
2355,279,452
2356,279,453
2357,279,454
2358,279,455
2359,279,456
2360,279,457
2361,279,458
2362,279,459
2363,279,460
2364,279,461
2365,279,462
2366,279,463
2367,279,464
2368,279,465
2369,280,403
2370,280,404
2371,280,405
2372,280,406
2373,280,407
2374,280,408
2375,280,409
2376,280,410
2377,280,411
2378,280,412
2379,280,413
2380,280,414
2381,280,415
2382,280,416
2383,280,417
2384,280,418
2385,280,419
2386,280,420
2387,280,421
2388,280,422
2389,280,423
2390,280,424
2391,280,425
2392,280,426
2393,280,427
2394,280,428
2395,280,429
2396,280,430
2397,280,431
2398,280,432
2399,280,433
2400,280,434
2401,280,435
2402,280,436
2403,280,437
2404,280,438
2405,280,439
2406,280,440
2407,280,441
2408,280,442
2409,280,443
2410,280,444
2411,280,445
2412,280,446
2413,280,447
2414,280,448
2415,280,449
2416,280,450
2417,280,451
2418,280,452
2419,280,453
2420,280,454
2421,280,455
2422,280,456
2423,280,457
2424,280,458
2425,280,459
2426,280,460
2427,280,461
2428,280,462
2429,280,463
2430,280,464
2431,280,465
2432,280,466
2433,281,404
2434,281,405
2435,281,406
2436,281,407
2437,281,408
2438,281,409
2439,281,410
2440,281,411
2441,281,412
2442,281,413
2443,281,414
2444,281,415
2445,281,416
2446,281,417
2447,281,418
2448,281,419
2449,281,420
2450,281,421
2451,281,422
2452,281,423
2453,281,424
2454,281,425
2455,281,426
2456,281,427
2457,281,428
2458,281,429
2459,281,430
2460,281,431
2461,281,432
2462,281,433
2463,281,434
2464,281,435
2465,281,436
2466,281,437
2467,281,438
2468,281,439
2469,281,440
2470,281,441
2471,281,442
2472,281,443
2473,281,444
2474,281,445
2475,281,446
2476,281,447
2477,281,448
2478,281,449
2479,281,450
2480,281,451
2481,281,452
2482,281,453
2483,281,454
2484,281,455
2485,281,456
2486,281,457
2487,281,458
2488,281,459
2489,281,460
2490,281,461
2491,281,462
2492,281,463
2493,281,464
2494,281,465
2495,281,466
2496,281,467
2497,282,405
2498,282,406
2499,282,407
2500,282,408
2501,282,409
2502,282,410
2503,282,411
2504,282,412
2505,282,413
2506,282,414
2507,282,415
2508,282,416
2509,282,417
2510,282,418
2511,282,419
2512,282,420
2513,282,421
2514,282,422
2515,282,423
2516,282,424
2517,282,425
2518,282,426
2519,282,427
2520,282,428
2521,282,429
2522,282,430
2523,282,431
2524,282,432
2525,282,433
2526,282,434
2527,282,435
2528,282,436
2529,282,437
2530,282,438
2531,282,439
2532,282,440
2533,282,441
2534,282,442
2535,282,443
2536,282,444
2537,282,445
2538,282,446
2539,282,447
2540,282,448
2541,282,449
2542,282,450
2543,282,451
2544,282,452
2545,282,453
2546,282,454
2547,282,455
2548,282,456
2549,282,457
2550,282,458
2551,282,459
2552,282,460
2553,282,461
2554,282,462
2555,282,463
2556,282,464
2557,282,465
2558,282,466
2559,282,467
2560,282,468
2561,283,405
2562,283,406
2563,283,407
2564,283,408
2565,283,409
2566,283,410
2567,283,411
2568,283,412
2569,283,413
2570,283,414
2571,283,415
2572,283,416
2573,283,417
2574,283,418
2575,283,419
2576,283,420
2577,283,421
2578,283,422
2579,283,423
2580,283,424
2581,283,425
2582,283,426
2583,283,427
2584,283,428
2585,283,429
2586,283,430
2587,283,431
2588,283,432
2589,283,433
2590,283,434
2591,283,435
2592,283,436
2593,283,437
2594,283,438
2595,283,439
2596,283,440
2597,283,441
2598,283,442
2599,283,443
2600,283,444
2601,283,445
2602,283,446
2603,283,447
2604,283,448
2605,283,449
2606,283,450
2607,283,451
2608,283,452
2609,283,453
2610,283,454
2611,283,455
2612,283,456
2613,283,457
2614,283,458
2615,283,459
2616,283,460
2617,283,461
2618,283,462
2619,283,463
2620,283,464
2621,283,465
2622,283,466
2623,283,467
2624,283,468
2625,283,469
2626,284,406
2627,284,407
2628,284,408
2629,284,409
2630,284,410
2631,284,411
2632,284,412
2633,284,413
2634,284,414
2635,284,415
2636,284,416
2637,284,417
2638,284,418
2639,284,419
2640,284,420
2641,284,421
2642,284,422
2643,284,423
2644,284,424
2645,284,425
2646,284,426
2647,284,427
2648,284,428
2649,284,429
2650,284,430
2651,284,431
2652,284,432
2653,284,433
2654,284,434
2655,284,435
2656,284,436
2657,284,437
2658,284,438
2659,284,439
2660,284,440
2661,284,441
2662,284,442
2663,284,443
2664,284,444
2665,284,445
2666,284,446
2667,284,447
2668,284,448
2669,284,449
2670,284,450
2671,284,451
2672,284,452
2673,284,453
2674,284,454
2675,284,455
2676,284,456
2677,284,457
2678,284,458
2679,284,459
2680,284,460
2681,284,461
2682,284,462
2683,284,463
2684,284,464
2685,284,465
2686,284,466
2687,284,467
2688,284,468
2689,284,469
2690,284,470
2691,285,407
2692,285,408
2693,285,409
2694,285,410
2695,285,411
2696,285,412
2697,285,413
2698,285,414
2699,285,415
2700,285,416
2701,285,417
2702,285,418
2703,285,419
2704,285,420
2705,285,421
2706,285,422
2707,285,423
2708,285,424
2709,285,425
2710,285,426
2711,285,427
2712,285,428
2713,285,429
2714,285,430
2715,285,431
2716,285,432
2717,285,433
2718,285,434
2719,285,435
2720,285,436
2721,285,437
2722,285,438
2723,285,439
2724,285,440
2725,285,441
2726,285,442
2727,285,443
2728,285,444
2729,285,445
2730,285,446
2731,285,447
2732,285,448
2733,285,449
2734,285,450
2735,285,451
2736,285,452
2737,285,453
2738,285,454
2739,285,455
2740,285,456
2741,285,457
2742,285,458
2743,285,459
2744,285,460
2745,285,461
2746,285,462
2747,285,463
2748,285,464
2749,285,465
2750,285,466
2751,285,467
2752,285,468
2753,285,469
2754,285,470
2755,285,471
2756,286,407
2757,286,408
2758,286,409
2759,286,410
2760,286,411
2761,286,412
2762,286,413
2763,286,414
2764,286,415
2765,286,416
2766,286,417
2767,286,418
2768,286,419
2769,286,420
2770,286,421
2771,286,422
2772,286,423
2773,286,424
2774,286,425
2775,286,426
2776,286,427
2777,286,428
2778,286,429
2779,286,430
2780,286,431
2781,286,432
2782,286,433
2783,286,434
2784,286,435
2785,286,436
2786,286,437
2787,286,438
2788,286,439
2789,286,440
2790,286,441
2791,286,442
2792,286,443
2793,286,444
2794,286,445
2795,286,446
2796,286,447
2797,286,448
2798,286,449
2799,286,450
2800,286,451
2801,286,452
2802,286,453
2803,286,454
2804,286,455
2805,286,456
2806,286,457
2807,286,458
2808,286,459
2809,286,460
2810,286,461
2811,286,462
2812,286,463
2813,286,464
2814,286,465
2815,286,466
2816,286,467
2817,286,468
2818,286,469
2819,286,470
2820,286,471
2821,286,472
2822,287,408
2823,287,409
2824,287,410
2825,287,411
2826,287,412
2827,287,413
2828,287,414
2829,287,415
2830,287,416
2831,287,417
2832,287,418
2833,287,419
2834,287,420
2835,287,421
2836,287,422
2837,287,423
2838,287,424
2839,287,425
2840,287,426
2841,287,427
2842,287,428
2843,287,429
2844,287,430
2845,287,431
2846,287,432
2847,287,433
2848,287,434
2849,287,435
2850,287,436
2851,287,437
2852,287,438
2853,287,439
2854,287,440
2855,287,441
2856,287,442
2857,287,443
2858,287,444
2859,287,445
2860,287,446
2861,287,447
2862,287,448
2863,287,449
2864,287,450
2865,287,451
2866,287,452
2867,287,453
2868,287,454
2869,287,455
2870,287,456
2871,287,457
2872,287,458
2873,287,459
2874,287,460
2875,287,461
2876,287,462
2877,287,463
2878,287,464
2879,287,465
2880,287,466
2881,287,467
2882,287,468
2883,287,469
2884,287,470
2885,287,471
2886,287,472
2887,287,473
2888,288,409
2889,288,410
2890,288,411
2891,288,412
2892,288,413
2893,288,414
2894,288,415
2895,288,416
2896,288,417
2897,288,418
2898,288,419
2899,288,420
2900,288,421
2901,288,422
2902,288,423
2903,288,424
2904,288,425
2905,288,426
2906,288,427
2907,288,428
2908,288,429
2909,288,430
2910,288,431
2911,288,432
2912,288,433
2913,288,434
2914,288,435
2915,288,436
2916,288,437
2917,288,438
2918,288,439
2919,288,440
2920,288,441
2921,288,442
2922,288,443
2923,288,444
2924,288,445
2925,288,446
2926,288,447
2927,288,448
2928,288,449
2929,288,450
2930,288,451
2931,288,452
2932,288,453
2933,288,454
2934,288,455
2935,288,456
2936,288,457
2937,288,458
2938,288,459
2939,288,460
2940,288,461
2941,288,462
2942,288,463
2943,288,464
2944,288,465
2945,288,466
2946,288,467
2947,288,468
2948,288,469
2949,288,470
2950,288,471
2951,288,472
2952,288,473
2953,288,474
2954,289,409
2955,289,410
2956,289,411
2957,289,412
2958,289,413
2959,289,414
2960,289,415
2961,289,416
2962,289,417
2963,289,418
2964,289,419
2965,289,420
2966,289,421
2967,289,422
2968,289,423
2969,289,424
2970,289,425
2971,289,426
2972,289,427
2973,289,428
2974,289,429
2975,289,430
2976,289,431
2977,289,432
2978,289,433
2979,289,434
2980,289,435
2981,289,436
2982,289,437
2983,289,438
2984,289,439
2985,289,440
2986,289,441
2987,289,442
2988,289,443
2989,289,444
2990,289,445
2991,289,446
2992,289,447
2993,289,448
2994,289,449
2995,289,450
2996,289,451
2997,289,452
2998,289,453
2999,289,454
3000,289,455
3001,289,456
3002,289,457
3003,289,458
3004,289,459
3005,289,460
3006,289,461
3007,289,462
3008,289,463
3009,289,464
3010,289,465
3011,289,466
3012,289,467
3013,289,468
3014,289,469
3015,289,470
3016,289,471
3017,289,472
3018,289,473
3019,289,474
3020,289,475
3021,290,410
3022,290,411
3023,290,412
3024,290,413
3025,290,414
3026,290,415
3027,290,416
3028,290,417
3029,290,418
3030,290,419
3031,290,420
3032,290,421
3033,290,422
3034,290,423
3035,290,424
3036,290,425
3037,290,426
3038,290,427
3039,290,428
3040,290,429
3041,290,430
3042,290,431
3043,290,432
3044,290,433
3045,290,434
3046,290,435
3047,290,436
3048,290,437
3049,290,438
3050,290,439
3051,290,440
3052,290,441
3053,290,442
3054,290,443
3055,290,444
3056,290,445
3057,290,446
3058,290,447
3059,290,448
3060,290,449
3061,290,450
3062,290,451
3063,290,452
3064,290,453
3065,290,454
3066,290,455
3067,290,456
3068,290,457
3069,290,458
3070,290,459
3071,290,460
3072,290,461
3073,290,462
3074,290,463
3075,290,464
3076,290,465
3077,290,466
3078,290,467
3079,290,468
3080,290,469
3081,290,470
3082,290,471
3083,290,472
3084,290,473
3085,290,474
3086,290,475
3087,290,476
3088,290,477
3089,291,411
3090,291,412
3091,291,413
3092,291,414
3093,291,415
3094,291,416
3095,291,417
3096,291,418
3097,291,419
3098,291,420
3099,291,421
3100,291,422
3101,291,423
3102,291,424
3103,291,425
3104,291,426
3105,291,427
3106,291,428
3107,291,429
3108,291,430
3109,291,431
3110,291,432
3111,291,433
3112,291,434
3113,291,435
3114,291,436
3115,291,437
3116,291,438
3117,291,439
3118,291,440
3119,291,441
3120,291,442
3121,291,443
3122,291,444
3123,291,445
3124,291,446
3125,291,447
3126,291,448
3127,291,449
3128,291,450
3129,291,451
3130,291,452
3131,291,453
3132,291,454
3133,291,455
3134,291,456
3135,291,457
3136,291,458
3137,291,459
3138,291,460
3139,291,461
3140,291,462
3141,291,463
3142,291,464
3143,291,465
3144,291,466
3145,291,467
3146,291,468
3147,291,469
3148,291,470
3149,291,471
3150,291,472
3151,291,473
3152,291,474
3153,291,475
3154,291,476
3155,291,477
3156,291,478
3157,292,411
3158,292,412
3159,292,413
3160,292,414
3161,292,415
3162,292,416
3163,292,417
3164,292,418
3165,292,419
3166,292,420
3167,292,421
3168,292,422
3169,292,423
3170,292,424
3171,292,425
3172,292,426
3173,292,427
3174,292,428
3175,292,429
3176,292,430
3177,292,431
3178,292,432
3179,292,433
3180,292,434
3181,292,435
3182,292,436
3183,292,437
3184,292,438
3185,292,439
3186,292,440
3187,292,441
3188,292,442
3189,292,443
3190,292,444
3191,292,445
3192,292,446
3193,292,447
3194,292,448
3195,292,449
3196,292,450
3197,292,451
3198,292,452
3199,292,453
3200,292,454
3201,292,455
3202,292,456
3203,292,457
3204,292,458
3205,292,459
3206,292,460
3207,292,461
3208,292,462
3209,292,463
3210,292,464
3211,292,465
3212,292,466
3213,292,467
3214,292,468
3215,292,469
3216,292,470
3217,292,471
3218,292,472
3219,292,473
3220,292,474
3221,292,475
3222,292,476
3223,292,477
3224,292,478
3225,293,412
3226,293,413
3227,293,414
3228,293,415
3229,293,416
3230,293,417
3231,293,418
3232,293,419
3233,293,420
3234,293,421
3235,293,422
3236,293,423
3237,293,424
3238,293,425
3239,293,426
3240,293,427
3241,293,428
3242,293,429
3243,293,430
3244,293,431
3245,293,432
3246,293,433
3247,293,434
3248,293,435
3249,293,436
3250,293,437
3251,293,438
3252,293,439
3253,293,440
3254,293,441
3255,293,442
3256,293,443
3257,293,444
3258,293,445
3259,293,446
3260,293,447
3261,293,448
3262,293,449
3263,293,450
3264,293,451
3265,293,452
3266,293,453
3267,293,454
3268,293,455
3269,293,456
3270,293,457
3271,293,458
3272,293,459
3273,293,460
3274,293,461
3275,293,462
3276,293,463
3277,293,464
3278,293,465
3279,293,466
3280,293,467
3281,293,468
3282,293,469
3283,293,470
3284,293,471
3285,293,472
3286,293,473
3287,293,474
3288,293,475
3289,293,476
3290,293,477
3291,293,478
3292,293,479
3293,294,413
3294,294,414
3295,294,415
3296,294,416
3297,294,417
3298,294,418
3299,294,419
3300,294,420
3301,294,421
3302,294,422
3303,294,423
3304,294,424
3305,294,425
3306,294,426
3307,294,427
3308,294,428
3309,294,429
3310,294,430
3311,294,431
3312,294,432
3313,294,433
3314,294,434
3315,294,435
3316,294,436
3317,294,437
3318,294,438
3319,294,439
3320,294,440
3321,294,441
3322,294,442
3323,294,443
3324,294,444
3325,294,445
3326,294,446
3327,294,447
3328,294,448
3329,294,449
3330,294,450
3331,294,451
3332,294,452
3333,294,453
3334,294,454
3335,294,455
3336,294,456
3337,294,457
3338,294,458
3339,294,459
3340,294,460
3341,294,461
3342,294,462
3343,294,463
3344,294,464
3345,294,465
3346,294,466
3347,294,467
3348,294,468
3349,294,469
3350,294,470
3351,294,471
3352,294,472
3353,294,473
3354,294,474
3355,294,475
3356,294,476
3357,294,477
3358,294,478
3359,294,479
3360,294,480
3361,295,414
3362,295,415
3363,295,416
3364,295,417
3365,295,418
3366,295,419
3367,295,420
3368,295,421
3369,295,422
3370,295,423
3371,295,424
3372,295,425
3373,295,426
3374,295,427
3375,295,428
3376,295,429
3377,295,430
3378,295,431
3379,295,432
3380,295,433
3381,295,434
3382,295,435
3383,295,436
3384,295,437
3385,295,438
3386,295,439
3387,295,440
3388,295,441
3389,295,442
3390,295,443
3391,295,444
3392,295,445
3393,295,446
3394,295,447
3395,295,448
3396,295,449
3397,295,450
3398,295,451
3399,295,452
3400,295,453
3401,295,454
3402,295,455
3403,295,456
3404,295,457
3405,295,458
3406,295,459
3407,295,460
3408,295,461
3409,295,462
3410,295,463
3411,295,464
3412,295,465
3413,295,466
3414,295,467
3415,295,468
3416,295,469
3417,295,470
3418,295,471
3419,295,472
3420,295,473
3421,295,474
3422,295,475
3423,295,476
3424,295,477
3425,295,478
3426,295,479
3427,295,480
3428,296,415
3429,296,416
3430,296,417
3431,296,418
3432,296,419
3433,296,420
3434,296,421
3435,296,422
3436,296,423
3437,296,424
3438,296,425
3439,296,426
3440,296,427
3441,296,428
3442,296,429
3443,296,430
3444,296,431
3445,296,432
3446,296,433
3447,296,434
3448,296,435
3449,296,436
3450,296,437
3451,296,438
3452,296,439
3453,296,440
3454,296,441
3455,296,442
3456,296,443
3457,296,444
3458,296,445
3459,296,446
3460,296,447
3461,296,448
3462,296,449
3463,296,450
3464,296,451
3465,296,452
3466,296,453
3467,296,454
3468,296,455
3469,296,456
3470,296,457
3471,296,458
3472,296,459
3473,296,460
3474,296,461
3475,296,462
3476,296,463
3477,296,464
3478,296,465
3479,296,466
3480,296,467
3481,296,468
3482,296,469
3483,296,470
3484,296,471
3485,296,472
3486,296,473
3487,296,474
3488,296,475
3489,296,476
3490,296,477
3491,296,478
3492,296,479
3493,296,480
3494,296,481
3495,297,417
3496,297,418
3497,297,419
3498,297,420
3499,297,421
3500,297,422
3501,297,423
3502,297,424
3503,297,425
3504,297,426
3505,297,427
3506,297,428
3507,297,429
3508,297,430
3509,297,431
3510,297,432
3511,297,433
3512,297,434
3513,297,435
3514,297,436
3515,297,437
3516,297,438
3517,297,439
3518,297,440
3519,297,441
3520,297,442
3521,297,443
3522,297,444
3523,297,445
3524,297,446
3525,297,447
3526,297,448
3527,297,449
3528,297,450
3529,297,451
3530,297,452
3531,297,453
3532,297,454
3533,297,455
3534,297,456
3535,297,457
3536,297,458
3537,297,459
3538,297,460
3539,297,461
3540,297,462
3541,297,463
3542,297,464
3543,297,465
3544,297,466
3545,297,467
3546,297,468
3547,297,469
3548,297,470
3549,297,471
3550,297,472
3551,297,473
3552,297,474
3553,297,475
3554,297,476
3555,297,477
3556,297,478
3557,297,479
3558,297,480
3559,297,481
3560,297,482
3561,298,419
3562,298,420
3563,298,421
3564,298,422
3565,298,423
3566,298,424
3567,298,425
3568,298,426
3569,298,427
3570,298,428
3571,298,429
3572,298,430
3573,298,431
3574,298,432
3575,298,433
3576,298,434
3577,298,435
3578,298,436
3579,298,437
3580,298,438
3581,298,439
3582,298,440
3583,298,441
3584,298,442
3585,298,443
3586,298,444
3587,298,445
3588,298,446
3589,298,447
3590,298,448
3591,298,449
3592,298,450
3593,298,451
3594,298,452
3595,298,453
3596,298,454
3597,298,455
3598,298,456
3599,298,457
3600,298,458
3601,298,459
3602,298,460
3603,298,461
3604,298,462
3605,298,463
3606,298,464
3607,298,465
3608,298,466
3609,298,467
3610,298,468
3611,298,469
3612,298,470
3613,298,471
3614,298,472
3615,298,473
3616,298,474
3617,298,475
3618,298,476
3619,298,477
3620,298,478
3621,298,479
3622,298,480
3623,298,481
3624,298,482
3625,298,483
3626,298,484
3627,299,420
3628,299,421
3629,299,422
3630,299,423
3631,299,424
3632,299,425
3633,299,426
3634,299,427
3635,299,428
3636,299,429
3637,299,430
3638,299,431
3639,299,432
3640,299,433
3641,299,434
3642,299,435
3643,299,436
3644,299,437
3645,299,438
3646,299,439
3647,299,440
3648,299,441
3649,299,442
3650,299,443
3651,299,444
3652,299,445
3653,299,446
3654,299,447
3655,299,448
3656,299,449
3657,299,450
3658,299,451
3659,299,452
3660,299,453
3661,299,454
3662,299,455
3663,299,456
3664,299,457
3665,299,458
3666,299,459
3667,299,460
3668,299,461
3669,299,462
3670,299,463
3671,299,464
3672,299,465
3673,299,466
3674,299,467
3675,299,468
3676,299,469
3677,299,470
3678,299,471
3679,299,472
3680,299,473
3681,299,474
3682,299,475
3683,299,476
3684,299,477
3685,299,478
3686,299,479
3687,299,480
3688,299,481
3689,299,482
3690,299,483
3691,299,484
3692,299,485
3693,299,486
3694,300,421
3695,300,422
3696,300,423
3697,300,424
3698,300,425
3699,300,426
3700,300,427
3701,300,428
3702,300,429
3703,300,430
3704,300,431
3705,300,432
3706,300,433
3707,300,434
3708,300,435
3709,300,436
3710,300,437
3711,300,438
3712,300,439
3713,300,440
3714,300,441
3715,300,442
3716,300,443
3717,300,444
3718,300,445
3719,300,446
3720,300,447
3721,300,448
3722,300,449
3723,300,450
3724,300,451
3725,300,452
3726,300,453
3727,300,454
3728,300,455
3729,300,456
3730,300,457
3731,300,458
3732,300,459
3733,300,460
3734,300,461
3735,300,462
3736,300,463
3737,300,464
3738,300,465
3739,300,466
3740,300,467
3741,300,468
3742,300,469
3743,300,470
3744,300,471
3745,300,472
3746,300,473
3747,300,474
3748,300,475
3749,300,476
3750,300,477
3751,300,478
3752,300,479
3753,300,480
3754,300,481
3755,300,482
3756,300,483
3757,300,484
3758,300,485
3759,300,486
3760,300,487
3761,301,421
3762,301,422
3763,301,423
3764,301,424
3765,301,425
3766,301,426
3767,301,427
3768,301,428
3769,301,429
3770,301,430
3771,301,431
3772,301,432
3773,301,433
3774,301,434
3775,301,435
3776,301,436
3777,301,437
3778,301,438
3779,301,439
3780,301,440
3781,301,441
3782,301,442
3783,301,443
3784,301,444
3785,301,445
3786,301,446
3787,301,447
3788,301,448
3789,301,449
3790,301,450
3791,301,451
3792,301,452
3793,301,453
3794,301,454
3795,301,455
3796,301,456
3797,301,457
3798,301,458
3799,301,459
3800,301,460
3801,301,461
3802,301,462
3803,301,463
3804,301,464
3805,301,465
3806,301,466
3807,301,467
3808,301,468
3809,301,469
3810,301,470
3811,301,471
3812,301,472
3813,301,473
3814,301,474
3815,301,475
3816,301,476
3817,301,477
3818,301,478
3819,301,479
3820,301,480
3821,301,481
3822,301,482
3823,301,483
3824,301,484
3825,301,485
3826,301,486
3827,301,487
3828,301,488
3829,302,422
3830,302,423
3831,302,424
3832,302,425
3833,302,426
3834,302,427
3835,302,428
3836,302,429
3837,302,430
3838,302,431
3839,302,432
3840,302,433
3841,302,434
3842,302,435
3843,302,436
3844,302,437
3845,302,438
3846,302,439
3847,302,440
3848,302,441
3849,302,442
3850,302,443
3851,302,444
3852,302,445
3853,302,446
3854,302,447
3855,302,448
3856,302,449
3857,302,450
3858,302,451
3859,302,452
3860,302,453
3861,302,454
3862,302,455
3863,302,456
3864,302,457
3865,302,458
3866,302,459
3867,302,460
3868,302,461
3869,302,462
3870,302,463
3871,302,464
3872,302,465
3873,302,466
3874,302,467
3875,302,468
3876,302,469
3877,302,470
3878,302,471
3879,302,472
3880,302,473
3881,302,474
3882,302,475
3883,302,476
3884,302,477
3885,302,478
3886,302,479
3887,302,480
3888,302,481
3889,302,482
3890,302,483
3891,302,484
3892,302,485
3893,302,486
3894,302,487
3895,302,488
3896,302,489
3897,303,423
3898,303,424
3899,303,425
3900,303,426
3901,303,427
3902,303,428
3903,303,429
3904,303,430
3905,303,431
3906,303,432
3907,303,433
3908,303,434
3909,303,435
3910,303,436
3911,303,437
3912,303,438
3913,303,439
3914,303,440
3915,303,441
3916,303,442
3917,303,443
3918,303,444
3919,303,445
3920,303,446
3921,303,447
3922,303,448
3923,303,449
3924,303,450
3925,303,451
3926,303,452
3927,303,453
3928,303,454
3929,303,455
3930,303,456
3931,303,457
3932,303,458
3933,303,459
3934,303,460
3935,303,461
3936,303,462
3937,303,463
3938,303,464
3939,303,465
3940,303,466
3941,303,467
3942,303,468
3943,303,469
3944,303,470
3945,303,471
3946,303,472
3947,303,473
3948,303,474
3949,303,475
3950,303,476
3951,303,477
3952,303,478
3953,303,479
3954,303,480
3955,303,481
3956,303,482
3957,303,483
3958,303,484
3959,303,485
3960,303,486
3961,303,487
3962,303,488
3963,303,489
3964,303,490
3965,304,423
3966,304,424
3967,304,425
3968,304,426
3969,304,427
3970,304,428
3971,304,429
3972,304,430
3973,304,431
3974,304,432
3975,304,433
3976,304,434
3977,304,435
3978,304,436
3979,304,437
3980,304,438
3981,304,439
3982,304,440
3983,304,441
3984,304,442
3985,304,443
3986,304,444
3987,304,445
3988,304,446
3989,304,447
3990,304,448
3991,304,449
3992,304,450
3993,304,451
3994,304,452
3995,304,453
3996,304,454
3997,304,455
3998,304,456
3999,304,457
4000,304,458
4001,304,459
4002,304,460
4003,304,461
4004,304,462
4005,304,463
4006,304,464
4007,304,465
4008,304,466
4009,304,467
4010,304,468
4011,304,469
4012,304,470
4013,304,471
4014,304,472
4015,304,473
4016,304,474
4017,304,475
4018,304,476
4019,304,477
4020,304,478
4021,304,479
4022,304,480
4023,304,481
4024,304,482
4025,304,483
4026,304,484
4027,304,485
4028,304,486
4029,304,487
4030,304,488
4031,304,489
4032,304,490
4033,304,491
4034,305,423
4035,305,424
4036,305,425
4037,305,426
4038,305,427
4039,305,428
4040,305,429
4041,305,430
4042,305,431
4043,305,432
4044,305,433
4045,305,434
4046,305,435
4047,305,436
4048,305,437
4049,305,438
4050,305,439
4051,305,440
4052,305,441
4053,305,442
4054,305,443
4055,305,444
4056,305,445
4057,305,446
4058,305,447
4059,305,448
4060,305,449
4061,305,450
4062,305,451
4063,305,452
4064,305,453
4065,305,454
4066,305,455
4067,305,456
4068,305,457
4069,305,458
4070,305,459
4071,305,460
4072,305,461
4073,305,462
4074,305,463
4075,305,464
4076,305,465
4077,305,466
4078,305,467
4079,305,468
4080,305,469
4081,305,470
4082,305,471
4083,305,472
4084,305,473
4085,305,474
4086,305,475
4087,305,476
4088,305,477
4089,305,478
4090,305,479
4091,305,480
4092,305,481
4093,305,482
4094,305,483
4095,305,484
4096,305,485
4097,305,486
4098,305,487
4099,305,488
4100,305,489
4101,305,490
4102,305,491
4103,305,492
4104,306,424
4105,306,425
4106,306,426
4107,306,427
4108,306,428
4109,306,429
4110,306,430
4111,306,431
4112,306,432
4113,306,433
4114,306,434
4115,306,435
4116,306,436
4117,306,437
4118,306,438
4119,306,439
4120,306,440
4121,306,441
4122,306,442
4123,306,443
4124,306,444
4125,306,445
4126,306,446
4127,306,447
4128,306,448
4129,306,449
4130,306,450
4131,306,451
4132,306,452
4133,306,453
4134,306,454
4135,306,455
4136,306,456
4137,306,457
4138,306,458
4139,306,459
4140,306,460
4141,306,461
4142,306,462
4143,306,463
4144,306,464
4145,306,465
4146,306,466
4147,306,467
4148,306,468
4149,306,469
4150,306,470
4151,306,471
4152,306,472
4153,306,473
4154,306,474
4155,306,475
4156,306,476
4157,306,477
4158,306,478
4159,306,479
4160,306,480
4161,306,481
4162,306,482
4163,306,483
4164,306,484
4165,306,485
4166,306,486
4167,306,487
4168,306,488
4169,306,489
4170,306,490
4171,306,491
4172,306,492
4173,307,425
4174,307,426
4175,307,427
4176,307,428
4177,307,429
4178,307,430
4179,307,431
4180,307,432
4181,307,433
4182,307,434
4183,307,435
4184,307,436
4185,307,437
4186,307,438
4187,307,439
4188,307,440
4189,307,441
4190,307,442
4191,307,443
4192,307,444
4193,307,445
4194,307,446
4195,307,447
4196,307,448
4197,307,449
4198,307,450
4199,307,451
4200,307,452
4201,307,453
4202,307,454
4203,307,455
4204,307,456
4205,307,457
4206,307,458
4207,307,459
4208,307,460
4209,307,461
4210,307,462
4211,307,463
4212,307,464
4213,307,465
4214,307,466
4215,307,467
4216,307,468
4217,307,469
4218,307,470
4219,307,471
4220,307,472
4221,307,473
4222,307,474
4223,307,475
4224,307,476
4225,307,477
4226,307,478
4227,307,479
4228,307,480
4229,307,481
4230,307,482
4231,307,483
4232,307,484
4233,307,485
4234,307,486
4235,307,487
4236,307,488
4237,307,489
4238,307,490
4239,307,491
4240,307,492
4241,307,493
4242,308,426
4243,308,427
4244,308,428
4245,308,429
4246,308,430
4247,308,431
4248,308,432
4249,308,433
4250,308,434
4251,308,435
4252,308,436
4253,308,437
4254,308,438
4255,308,439
4256,308,440
4257,308,441
4258,308,442
4259,308,443
4260,308,444
4261,308,445
4262,308,446
4263,308,447
4264,308,448
4265,308,449
4266,308,450
4267,308,451
4268,308,452
4269,308,453
4270,308,454
4271,308,455
4272,308,456
4273,308,457
4274,308,458
4275,308,459
4276,308,460
4277,308,461
4278,308,462
4279,308,463
4280,308,464
4281,308,465
4282,308,466
4283,308,467
4284,308,468
4285,308,469
4286,308,470
4287,308,471
4288,308,472
4289,308,473
4290,308,474
4291,308,475
4292,308,476
4293,308,477
4294,308,478
4295,308,479
4296,308,480
4297,308,481
4298,308,482
4299,308,483
4300,308,484
4301,308,485
4302,308,486
4303,308,487
4304,308,488
4305,308,489
4306,308,490
4307,308,491
4308,308,492
4309,308,493
4310,309,427
4311,309,428
4312,309,429
4313,309,430
4314,309,431
4315,309,432
4316,309,433
4317,309,434
4318,309,435
4319,309,436
4320,309,437
4321,309,438
4322,309,439
4323,309,440
4324,309,441
4325,309,442
4326,309,443
4327,309,444
4328,309,445
4329,309,446
4330,309,447
4331,309,448
4332,309,449
4333,309,450
4334,309,451
4335,309,452
4336,309,453
4337,309,454
4338,309,455
4339,309,456
4340,309,457
4341,309,458
4342,309,459
4343,309,460
4344,309,461
4345,309,462
4346,309,463
4347,309,464
4348,309,465
4349,309,466
4350,309,467
4351,309,468
4352,309,469
4353,309,470
4354,309,471
4355,309,472
4356,309,473
4357,309,474
4358,309,475
4359,309,476
4360,309,477
4361,309,478
4362,309,479
4363,309,480
4364,309,481
4365,309,482
4366,309,483
4367,309,484
4368,309,485
4369,309,486
4370,309,487
4371,309,488
4372,309,489
4373,309,490
4374,309,491
4375,309,492
4376,309,493
4377,310,428
4378,310,429
4379,310,430
4380,310,431
4381,310,432
4382,310,433
4383,310,434
4384,310,435
4385,310,436
4386,310,437
4387,310,438
4388,310,439
4389,310,440
4390,310,441
4391,310,442
4392,310,443
4393,310,444
4394,310,445
4395,310,446
4396,310,447
4397,310,448
4398,310,449
4399,310,450
4400,310,451
4401,310,452
4402,310,453
4403,310,454
4404,310,455
4405,310,456
4406,310,457
4407,310,458
4408,310,459
4409,310,460
4410,310,461
4411,310,462
4412,310,463
4413,310,464
4414,310,465
4415,310,466
4416,310,467
4417,310,468
4418,310,469
4419,310,470
4420,310,471
4421,310,472
4422,310,473
4423,310,474
4424,310,475
4425,310,476
4426,310,477
4427,310,478
4428,310,479
4429,310,480
4430,310,481
4431,310,482
4432,310,483
4433,310,484
4434,310,485
4435,310,486
4436,310,487
4437,310,488
4438,310,489
4439,310,490
4440,310,491
4441,310,492
4442,310,493
4443,310,494
4444,311,429
4445,311,430
4446,311,431
4447,311,432
4448,311,433
4449,311,434
4450,311,435
4451,311,436
4452,311,437
4453,311,438
4454,311,439
4455,311,440
4456,311,441
4457,311,442
4458,311,443
4459,311,444
4460,311,445
4461,311,446
4462,311,447
4463,311,448
4464,311,449
4465,311,450
4466,311,451
4467,311,452
4468,311,453
4469,311,454
4470,311,455
4471,311,456
4472,311,457
4473,311,458
4474,311,459
4475,311,460
4476,311,461
4477,311,462
4478,311,463
4479,311,464
4480,311,465
4481,311,466
4482,311,467
4483,311,468
4484,311,469
4485,311,470
4486,311,471
4487,311,472
4488,311,473
4489,311,474
4490,311,475
4491,311,476
4492,311,477
4493,311,478
4494,311,479
4495,311,480
4496,311,481
4497,311,482
4498,311,483
4499,311,484
4500,311,485
4501,311,486
4502,311,487
4503,311,488
4504,311,489
4505,311,490
4506,311,491
4507,311,492
4508,311,493
4509,311,494
4510,311,495
4511,312,430
4512,312,431
4513,312,432
4514,312,433
4515,312,434
4516,312,435
4517,312,436
4518,312,437
4519,312,438
4520,312,439
4521,312,440
4522,312,441
4523,312,442
4524,312,443
4525,312,444
4526,312,445
4527,312,446
4528,312,447
4529,312,448
4530,312,449
4531,312,450
4532,312,451
4533,312,452
4534,312,453
4535,312,454
4536,312,455
4537,312,456
4538,312,457
4539,312,458
4540,312,459
4541,312,460
4542,312,461
4543,312,462
4544,312,463
4545,312,464
4546,312,465
4547,312,466
4548,312,467
4549,312,468
4550,312,469
4551,312,470
4552,312,471
4553,312,472
4554,312,473
4555,312,474
4556,312,475
4557,312,476
4558,312,477
4559,312,478
4560,312,479
4561,312,480
4562,312,481
4563,312,482
4564,312,483
4565,312,484
4566,312,485
4567,312,486
4568,312,487
4569,312,488
4570,312,489
4571,312,490
4572,312,491
4573,312,492
4574,312,493
4575,312,494
4576,312,495
4577,312,496
4578,312,497
4579,313,430
4580,313,431
4581,313,432
4582,313,433
4583,313,434
4584,313,435
4585,313,436
4586,313,437
4587,313,438
4588,313,439
4589,313,440
4590,313,441
4591,313,442
4592,313,443
4593,313,444
4594,313,445
4595,313,446
4596,313,447
4597,313,448
4598,313,449
4599,313,450
4600,313,451
4601,313,452
4602,313,453
4603,313,454
4604,313,455
4605,313,456
4606,313,457
4607,313,458
4608,313,459
4609,313,460
4610,313,461
4611,313,462
4612,313,463
4613,313,464
4614,313,465
4615,313,466
4616,313,467
4617,313,468
4618,313,469
4619,313,470
4620,313,471
4621,313,472
4622,313,473
4623,313,474
4624,313,475
4625,313,476
4626,313,477
4627,313,478
4628,313,479
4629,313,480
4630,313,481
4631,313,482
4632,313,483
4633,313,484
4634,313,485
4635,313,486
4636,313,487
4637,313,488
4638,313,489
4639,313,490
4640,313,491
4641,313,492
4642,313,493
4643,313,494
4644,313,495
4645,313,496
4646,313,497
4647,313,498
4648,314,431
4649,314,432
4650,314,433
4651,314,434
4652,314,435
4653,314,436
4654,314,437
4655,314,438
4656,314,439
4657,314,440
4658,314,441
4659,314,442
4660,314,443
4661,314,444
4662,314,445
4663,314,446
4664,314,447
4665,314,448
4666,314,449
4667,314,450
4668,314,451
4669,314,452
4670,314,453
4671,314,454
4672,314,455
4673,314,456
4674,314,457
4675,314,458
4676,314,459
4677,314,460
4678,314,461
4679,314,462
4680,314,463
4681,314,464
4682,314,465
4683,314,466
4684,314,467
4685,314,468
4686,314,469
4687,314,470
4688,314,471
4689,314,472
4690,314,473
4691,314,474
4692,314,475
4693,314,476
4694,314,477
4695,314,478
4696,314,479
4697,314,480
4698,314,481
4699,314,482
4700,314,483
4701,314,484
4702,314,485
4703,314,486
4704,314,487
4705,314,488
4706,314,489
4707,314,490
4708,314,491
4709,314,492
4710,314,493
4711,314,494
4712,314,495
4713,314,496
4714,314,497
4715,314,498
4716,315,432
4717,315,433
4718,315,434
4719,315,435
4720,315,436
4721,315,437
4722,315,438
4723,315,439
4724,315,440
4725,315,441
4726,315,442
4727,315,443
4728,315,444
4729,315,445
4730,315,446
4731,315,447
4732,315,448
4733,315,449
4734,315,450
4735,315,451
4736,315,452
4737,315,453
4738,315,454
4739,315,455
4740,315,456
4741,315,457
4742,315,458
4743,315,459
4744,315,460
4745,315,461
4746,315,462
4747,315,463
4748,315,464
4749,315,465
4750,315,466
4751,315,467
4752,315,468
4753,315,469
4754,315,470
4755,315,471
4756,315,472
4757,315,473
4758,315,474
4759,315,475
4760,315,476
4761,315,477
4762,315,478
4763,315,479
4764,315,480
4765,315,481
4766,315,482
4767,315,483
4768,315,484
4769,315,485
4770,315,486
4771,315,487
4772,315,488
4773,315,489
4774,315,490
4775,315,491
4776,315,492
4777,315,493
4778,315,494
4779,315,495
4780,315,496
4781,315,497
4782,315,498
4783,315,499
4784,316,433
4785,316,434
4786,316,435
4787,316,436
4788,316,437
4789,316,438
4790,316,439
4791,316,440
4792,316,441
4793,316,442
4794,316,443
4795,316,444
4796,316,445
4797,316,446
4798,316,447
4799,316,448
4800,316,449
4801,316,450
4802,316,451
4803,316,452
4804,316,453
4805,316,454
4806,316,455
4807,316,456
4808,316,457
4809,316,458
4810,316,459
4811,316,460
4812,316,461
4813,316,462
4814,316,463
4815,316,464
4816,316,465
4817,316,466
4818,316,467
4819,316,468
4820,316,469
4821,316,470
4822,316,471
4823,316,472
4824,316,473
4825,316,474
4826,316,475
4827,316,476
4828,316,477
4829,316,478
4830,316,479
4831,316,480
4832,316,481
4833,316,482
4834,316,483
4835,316,484
4836,316,485
4837,316,486
4838,316,487
4839,316,488
4840,316,489
4841,316,490
4842,316,491
4843,316,492
4844,316,493
4845,316,494
4846,316,495
4847,316,496
4848,316,497
4849,316,498
4850,316,499
4851,316,500
4852,317,434
4853,317,435
4854,317,436
4855,317,437
4856,317,438
4857,317,439
4858,317,440
4859,317,441
4860,317,442
4861,317,443
4862,317,444
4863,317,445
4864,317,446
4865,317,447
4866,317,448
4867,317,449
4868,317,450
4869,317,451
4870,317,452
4871,317,453
4872,317,454
4873,317,455
4874,317,456
4875,317,457
4876,317,458
4877,317,459
4878,317,460
4879,317,461
4880,317,462
4881,317,463
4882,317,464
4883,317,465
4884,317,466
4885,317,467
4886,317,468
4887,317,469
4888,317,470
4889,317,471
4890,317,472
4891,317,473
4892,317,474
4893,317,475
4894,317,476
4895,317,477
4896,317,478
4897,317,479
4898,317,480
4899,317,481
4900,317,482
4901,317,483
4902,317,484
4903,317,485
4904,317,486
4905,317,487
4906,317,488
4907,317,489
4908,317,490
4909,317,491
4910,317,492
4911,317,493
4912,317,494
4913,317,495
4914,317,496
4915,317,497
4916,317,498
4917,317,499
4918,317,500
4919,318,435
4920,318,436
4921,318,437
4922,318,438
4923,318,439
4924,318,440
4925,318,441
4926,318,442
4927,318,443
4928,318,444
4929,318,445
4930,318,446
4931,318,447
4932,318,448
4933,318,449
4934,318,450
4935,318,451
4936,318,452
4937,318,453
4938,318,454
4939,318,455
4940,318,456
4941,318,457
4942,318,458
4943,318,459
4944,318,460
4945,318,461
4946,318,462
4947,318,463
4948,318,464
4949,318,465
4950,318,466
4951,318,467
4952,318,468
4953,318,469
4954,318,470
4955,318,471
4956,318,472
4957,318,473
4958,318,474
4959,318,475
4960,318,476
4961,318,477
4962,318,478
4963,318,479
4964,318,480
4965,318,481
4966,318,482
4967,318,483
4968,318,484
4969,318,485
4970,318,486
4971,318,487
4972,318,488
4973,318,489
4974,318,490
4975,318,491
4976,318,492
4977,318,493
4978,318,494
4979,318,495
4980,318,496
4981,318,497
4982,318,498
4983,318,499
4984,318,500
4985,318,501
4986,318,502
4987,319,435
4988,319,436
4989,319,437
4990,319,438
4991,319,439
4992,319,440
4993,319,441
4994,319,442
4995,319,443
4996,319,444
4997,319,445
4998,319,446
4999,319,447
5000,319,448
5001,319,449
5002,319,450
5003,319,451
5004,319,452
5005,319,453
5006,319,454
5007,319,455
5008,319,456
5009,319,457
5010,319,458
5011,319,459
5012,319,460
5013,319,461
5014,319,462
5015,319,463
5016,319,464
5017,319,465
5018,319,466
5019,319,467
5020,319,468
5021,319,469
5022,319,470
5023,319,471
5024,319,472
5025,319,473
5026,319,474
5027,319,475
5028,319,476
5029,319,477
5030,319,478
5031,319,479
5032,319,480
5033,319,481
5034,319,482
5035,319,483
5036,319,484
5037,319,485
5038,319,486
5039,319,487
5040,319,488
5041,319,489
5042,319,490
5043,319,491
5044,319,492
5045,319,493
5046,319,494
5047,319,495
5048,319,496
5049,319,497
5050,319,498
5051,319,499
5052,319,500
5053,319,501
5054,319,502
5055,319,503
5056,320,436
5057,320,437
5058,320,438
5059,320,439
5060,320,440
5061,320,441
5062,320,442
5063,320,443
5064,320,444
5065,320,445
5066,320,446
5067,320,447
5068,320,448
5069,320,449
5070,320,450
5071,320,451
5072,320,452
5073,320,453
5074,320,454
5075,320,455
5076,320,456
5077,320,457
5078,320,458
5079,320,459
5080,320,460
5081,320,461
5082,320,462
5083,320,463
5084,320,464
5085,320,465
5086,320,466
5087,320,467
5088,320,468
5089,320,469
5090,320,470
5091,320,471
5092,320,472
5093,320,473
5094,320,474
5095,320,475
5096,320,476
5097,320,477
5098,320,478
5099,320,479
5100,320,480
5101,320,481
5102,320,482
5103,320,483
5104,320,484
5105,320,485
5106,320,486
5107,320,487
5108,320,488
5109,320,489
5110,320,490
5111,320,491
5112,320,492
5113,320,493
5114,320,494
5115,320,495
5116,320,496
5117,320,497
5118,320,498
5119,320,499
5120,320,500
5121,320,501
5122,320,502
5123,320,503
5124,320,504
5125,321,438
5126,321,439
5127,321,440
5128,321,441
5129,321,442
5130,321,443
5131,321,444
5132,321,445
5133,321,446
5134,321,447
5135,321,448
5136,321,449
5137,321,450
5138,321,451
5139,321,452
5140,321,453
5141,321,454
5142,321,455
5143,321,456
5144,321,457
5145,321,458
5146,321,459
5147,321,460
5148,321,461
5149,321,462
5150,321,463
5151,321,464
5152,321,465
5153,321,466
5154,321,467
5155,321,468
5156,321,469
5157,321,470
5158,321,471
5159,321,472
5160,321,473
5161,321,474
5162,321,475
5163,321,476
5164,321,477
5165,321,478
5166,321,479
5167,321,480
5168,321,481
5169,321,482
5170,321,483
5171,321,484
5172,321,485
5173,321,486
5174,321,487
5175,321,488
5176,321,489
5177,321,490
5178,321,491
5179,321,492
5180,321,493
5181,321,494
5182,321,495
5183,321,496
5184,321,497
5185,321,498
5186,321,499
5187,321,500
5188,321,501
5189,321,502
5190,321,503
5191,321,504
5192,321,505
5193,322,439
5194,322,440
5195,322,441
5196,322,442
5197,322,443
5198,322,444
5199,322,445
5200,322,446
5201,322,447
5202,322,448
5203,322,449
5204,322,450
5205,322,451
5206,322,452
5207,322,453
5208,322,454
5209,322,455
5210,322,456
5211,322,457
5212,322,458
5213,322,459
5214,322,460
5215,322,461
5216,322,462
5217,322,463
5218,322,464
5219,322,465
5220,322,466
5221,322,467
5222,322,468
5223,322,469
5224,322,470
5225,322,471
5226,322,472
5227,322,473
5228,322,474
5229,322,475
5230,322,476
5231,322,477
5232,322,478
5233,322,479
5234,322,480
5235,322,481
5236,322,482
5237,322,483
5238,322,484
5239,322,485
5240,322,486
5241,322,487
5242,322,488
5243,322,489
5244,322,490
5245,322,491
5246,322,492
5247,322,493
5248,322,494
5249,322,495
5250,322,496
5251,322,497
5252,322,498
5253,322,499
5254,322,500
5255,322,501
5256,322,502
5257,322,503
5258,322,504
5259,322,505
5260,322,506
5261,323,440
5262,323,441
5263,323,442
5264,323,443
5265,323,444
5266,323,445
5267,323,446
5268,323,447
5269,323,448
5270,323,449
5271,323,450
5272,323,451
5273,323,452
5274,323,453
5275,323,454
5276,323,455
5277,323,456
5278,323,457
5279,323,458
5280,323,459
5281,323,460
5282,323,461
5283,323,462
5284,323,463
5285,323,464
5286,323,465
5287,323,466
5288,323,467
5289,323,468
5290,323,469
5291,323,470
5292,323,471
5293,323,472
5294,323,473
5295,323,474
5296,323,475
5297,323,476
5298,323,477
5299,323,478
5300,323,479
5301,323,480
5302,323,481
5303,323,482
5304,323,483
5305,323,484
5306,323,485
5307,323,486
5308,323,487
5309,323,488
5310,323,489
5311,323,490
5312,323,491
5313,323,492
5314,323,493
5315,323,494
5316,323,495
5317,323,496
5318,323,497
5319,323,498
5320,323,499
5321,323,500
5322,323,501
5323,323,502
5324,323,503
5325,323,504
5326,323,505
5327,323,506
5328,324,440
5329,324,441
5330,324,442
5331,324,443
5332,324,444
5333,324,445
5334,324,446
5335,324,447
5336,324,448
5337,324,449
5338,324,450
5339,324,451
5340,324,452
5341,324,453
5342,324,454
5343,324,455
5344,324,456
5345,324,457
5346,324,458
5347,324,459
5348,324,460
5349,324,461
5350,324,462
5351,324,463
5352,324,464
5353,324,465
5354,324,466
5355,324,467
5356,324,468
5357,324,469
5358,324,470
5359,324,471
5360,324,472
5361,324,473
5362,324,474
5363,324,475
5364,324,476
5365,324,477
5366,324,478
5367,324,479
5368,324,480
5369,324,481
5370,324,482
5371,324,483
5372,324,484
5373,324,485
5374,324,486
5375,324,487
5376,324,488
5377,324,489
5378,324,490
5379,324,491
5380,324,492
5381,324,493
5382,324,494
5383,324,495
5384,324,496
5385,324,497
5386,324,498
5387,324,499
5388,324,500
5389,324,501
5390,324,502
5391,324,503
5392,324,504
5393,324,505
5394,324,506
5395,324,507
5396,325,441
5397,325,442
5398,325,443
5399,325,444
5400,325,445
5401,325,446
5402,325,447
5403,325,448
5404,325,449
5405,325,450
5406,325,451
5407,325,452
5408,325,453
5409,325,454
5410,325,455
5411,325,456
5412,325,457
5413,325,458
5414,325,459
5415,325,460
5416,325,461
5417,325,462
5418,325,463
5419,325,464
5420,325,465
5421,325,466
5422,325,467
5423,325,468
5424,325,469
5425,325,470
5426,325,471
5427,325,472
5428,325,473
5429,325,474
5430,325,475
5431,325,476
5432,325,477
5433,325,478
5434,325,479
5435,325,480
5436,325,481
5437,325,482
5438,325,483
5439,325,484
5440,325,485
5441,325,486
5442,325,487
5443,325,488
5444,325,489
5445,325,490
5446,325,491
5447,325,492
5448,325,493
5449,325,494
5450,325,495
5451,325,496
5452,325,497
5453,325,498
5454,325,499
5455,325,500
5456,325,501
5457,325,502
5458,325,503
5459,325,504
5460,325,505
5461,325,506
5462,325,507
5463,325,508
5464,325,509
5465,326,442
5466,326,443
5467,326,444
5468,326,445
5469,326,446
5470,326,447
5471,326,448
5472,326,449
5473,326,450
5474,326,451
5475,326,452
5476,326,453
5477,326,454
5478,326,455
5479,326,456
5480,326,457
5481,326,458
5482,326,459
5483,326,460
5484,326,461
5485,326,462
5486,326,463
5487,326,464
5488,326,465
5489,326,466
5490,326,467
5491,326,468
5492,326,469
5493,326,470
5494,326,471
5495,326,472
5496,326,473
5497,326,474
5498,326,475
5499,326,476
5500,326,477
5501,326,478
5502,326,479
5503,326,480
5504,326,481
5505,326,482
5506,326,483
5507,326,484
5508,326,485
5509,326,486
5510,326,487
5511,326,488
5512,326,489
5513,326,490
5514,326,491
5515,326,492
5516,326,493
5517,326,494
5518,326,495
5519,326,496
5520,326,497
5521,326,498
5522,326,499
5523,326,500
5524,326,501
5525,326,502
5526,326,503
5527,326,504
5528,326,505
5529,326,506
5530,326,507
5531,326,508
5532,326,509
5533,326,510
5534,327,443
5535,327,444
5536,327,445
5537,327,446
5538,327,447
5539,327,448
5540,327,449
5541,327,450
5542,327,451
5543,327,452
5544,327,453
5545,327,454
5546,327,455
5547,327,456
5548,327,457
5549,327,458
5550,327,459
5551,327,460
5552,327,461
5553,327,462
5554,327,463
5555,327,464
5556,327,465
5557,327,466
5558,327,467
5559,327,468
5560,327,469
5561,327,470
5562,327,471
5563,327,472
5564,327,473
5565,327,474
5566,327,475
5567,327,476
5568,327,477
5569,327,478
5570,327,479
5571,327,480
5572,327,481
5573,327,482
5574,327,483
5575,327,484
5576,327,485
5577,327,486
5578,327,487
5579,327,488
5580,327,489
5581,327,490
5582,327,491
5583,327,492
5584,327,493
5585,327,494
5586,327,495
5587,327,496
5588,327,497
5589,327,498
5590,327,499
5591,327,500
5592,327,501
5593,327,502
5594,327,503
5595,327,504
5596,327,505
5597,327,506
5598,327,507
5599,327,508
5600,327,509
5601,327,510
5602,328,444
5603,328,445
5604,328,446
5605,328,447
5606,328,448
5607,328,449
5608,328,450
5609,328,451
5610,328,452
5611,328,453
5612,328,454
5613,328,455
5614,328,456
5615,328,457
5616,328,458
5617,328,459
5618,328,460
5619,328,461
5620,328,462
5621,328,463
5622,328,464
5623,328,465
5624,328,466
5625,328,467
5626,328,468
5627,328,469
5628,328,470
5629,328,471
5630,328,472
5631,328,473
5632,328,474
5633,328,475
5634,328,476
5635,328,477
5636,328,478
5637,328,479
5638,328,480
5639,328,481
5640,328,482
5641,328,483
5642,328,484
5643,328,485
5644,328,486
5645,328,487
5646,328,488
5647,328,489
5648,328,490
5649,328,491
5650,328,492
5651,328,493
5652,328,494
5653,328,495
5654,328,496
5655,328,497
5656,328,498
5657,328,499
5658,328,500
5659,328,501
5660,328,502
5661,328,503
5662,328,504
5663,328,505
5664,328,506
5665,328,507
5666,328,508
5667,328,509
5668,328,510
5669,328,511
5670,329,445
5671,329,446
5672,329,447
5673,329,448
5674,329,449
5675,329,450
5676,329,451
5677,329,452
5678,329,453
5679,329,454
5680,329,455
5681,329,456
5682,329,457
5683,329,458
5684,329,459
5685,329,460
5686,329,461
5687,329,462
5688,329,463
5689,329,464
5690,329,465
5691,329,466
5692,329,467
5693,329,468
5694,329,469
5695,329,470
5696,329,471
5697,329,472
5698,329,473
5699,329,474
5700,329,475
5701,329,476
5702,329,477
5703,329,478
5704,329,479
5705,329,480
5706,329,481
5707,329,482
5708,329,483
5709,329,484
5710,329,485
5711,329,486
5712,329,487
5713,329,488
5714,329,489
5715,329,490
5716,329,491
5717,329,492
5718,329,493
5719,329,494
5720,329,495
5721,329,496
5722,329,497
5723,329,498
5724,329,499
5725,329,500
5726,329,501
5727,329,502
5728,329,503
5729,329,504
5730,329,505
5731,329,506
5732,329,507
5733,329,508
5734,329,509
5735,329,510
5736,329,511
5737,329,512
5738,330,445
5739,330,446
5740,330,447
5741,330,448
5742,330,449
5743,330,450
5744,330,451
5745,330,452
5746,330,453
5747,330,454
5748,330,455
5749,330,456
5750,330,457
5751,330,458
5752,330,459
5753,330,460
5754,330,461
5755,330,462
5756,330,463
5757,330,464
5758,330,465
5759,330,466
5760,330,467
5761,330,468
5762,330,469
5763,330,470
5764,330,471
5765,330,472
5766,330,473
5767,330,474
5768,330,475
5769,330,476
5770,330,477
5771,330,478
5772,330,479
5773,330,480
5774,330,481
5775,330,482
5776,330,483
5777,330,484
5778,330,485
5779,330,486
5780,330,487
5781,330,488
5782,330,489
5783,330,490
5784,330,491
5785,330,492
5786,330,493
5787,330,494
5788,330,495
5789,330,496
5790,330,497
5791,330,498
5792,330,499
5793,330,500
5794,330,501
5795,330,502
5796,330,503
5797,330,504
5798,330,505
5799,330,506
5800,330,507
5801,330,508
5802,330,509
5803,330,510
5804,330,511
5805,330,512
5806,330,513
5807,331,445
5808,331,446
5809,331,447
5810,331,448
5811,331,449
5812,331,450
5813,331,451
5814,331,452
5815,331,453
5816,331,454
5817,331,455
5818,331,456
5819,331,457
5820,331,458
5821,331,459
5822,331,460
5823,331,461
5824,331,462
5825,331,463
5826,331,464
5827,331,465
5828,331,466
5829,331,467
5830,331,468
5831,331,469
5832,331,470
5833,331,471
5834,331,472
5835,331,473
5836,331,474
5837,331,475
5838,331,476
5839,331,477
5840,331,478
5841,331,479
5842,331,480
5843,331,481
5844,331,482
5845,331,483
5846,331,484
5847,331,485
5848,331,486
5849,331,487
5850,331,488
5851,331,489
5852,331,490
5853,331,491
5854,331,492
5855,331,493
5856,331,494
5857,331,495
5858,331,496
5859,331,497
5860,331,498
5861,331,499
5862,331,500
5863,331,501
5864,331,502
5865,331,503
5866,331,504
5867,331,505
5868,331,506
5869,331,507
5870,331,508
5871,331,509
5872,331,510
5873,331,511
5874,331,512
5875,331,513
5876,331,514
5877,332,445
5878,332,446
5879,332,447
5880,332,448
5881,332,449
5882,332,450
5883,332,451
5884,332,452
5885,332,453
5886,332,454
5887,332,455
5888,332,456
5889,332,457
5890,332,458
5891,332,459
5892,332,460
5893,332,461
5894,332,462
5895,332,463
5896,332,464
5897,332,465
5898,332,466
5899,332,467
5900,332,468
5901,332,469
5902,332,470
5903,332,471
5904,332,472
5905,332,473
5906,332,474
5907,332,475
5908,332,476
5909,332,477
5910,332,478
5911,332,479
5912,332,480
5913,332,481
5914,332,482
5915,332,483
5916,332,484
5917,332,485
5918,332,486
5919,332,487
5920,332,488
5921,332,489
5922,332,490
5923,332,491
5924,332,492
5925,332,493
5926,332,494
5927,332,495
5928,332,496
5929,332,497
5930,332,498
5931,332,499
5932,332,500
5933,332,501
5934,332,502
5935,332,503
5936,332,504
5937,332,505
5938,332,506
5939,332,507
5940,332,508
5941,332,509
5942,332,510
5943,332,511
5944,332,512
5945,332,513
5946,332,514
5947,333,445
5948,333,446
5949,333,447
5950,333,448
5951,333,449
5952,333,450
5953,333,451
5954,333,452
5955,333,453
5956,333,454
5957,333,455
5958,333,456
5959,333,457
5960,333,458
5961,333,459
5962,333,460
5963,333,461
5964,333,462
5965,333,463
5966,333,464
5967,333,465
5968,333,466
5969,333,467
5970,333,468
5971,333,469
5972,333,470
5973,333,471
5974,333,472
5975,333,473
5976,333,474
5977,333,475
5978,333,476
5979,333,477
5980,333,478
5981,333,479
5982,333,480
5983,333,481
5984,333,482
5985,333,483
5986,333,484
5987,333,485
5988,333,486
5989,333,487
5990,333,488
5991,333,489
5992,333,490
5993,333,491
5994,333,492
5995,333,493
5996,333,494
5997,333,495
5998,333,496
5999,333,497
6000,333,498
6001,333,499
6002,333,500
6003,333,501
6004,333,502
6005,333,503
6006,333,504
6007,333,505
6008,333,506
6009,333,507
6010,333,508
6011,333,509
6012,333,510
6013,333,511
6014,333,512
6015,333,513
6016,333,514
6017,333,515
6018,334,445
6019,334,446
6020,334,447
6021,334,448
6022,334,449
6023,334,450
6024,334,451
6025,334,452
6026,334,453
6027,334,454
6028,334,455
6029,334,456
6030,334,457
6031,334,458
6032,334,459
6033,334,460
6034,334,461
6035,334,462
6036,334,463
6037,334,464
6038,334,465
6039,334,466
6040,334,467
6041,334,468
6042,334,469
6043,334,470
6044,334,471
6045,334,472
6046,334,473
6047,334,474
6048,334,475
6049,334,476
6050,334,477
6051,334,478
6052,334,479
6053,334,480
6054,334,481
6055,334,482
6056,334,483
6057,334,484
6058,334,485
6059,334,486
6060,334,487
6061,334,488
6062,334,489
6063,334,490
6064,334,491
6065,334,492
6066,334,493
6067,334,494
6068,334,495
6069,334,496
6070,334,497
6071,334,498
6072,334,499
6073,334,500
6074,334,501
6075,334,502
6076,334,503
6077,334,504
6078,334,505
6079,334,506
6080,334,507
6081,334,508
6082,334,509
6083,334,510
6084,334,511
6085,334,512
6086,334,513
6087,334,514
6088,334,515
6089,335,446
6090,335,447
6091,335,448
6092,335,449
6093,335,450
6094,335,451
6095,335,452
6096,335,453
6097,335,454
6098,335,455
6099,335,456
6100,335,457
6101,335,458
6102,335,459
6103,335,460
6104,335,461
6105,335,462
6106,335,463
6107,335,464
6108,335,465
6109,335,466
6110,335,467
6111,335,468
6112,335,469
6113,335,470
6114,335,471
6115,335,472
6116,335,473
6117,335,474
6118,335,475
6119,335,476
6120,335,477
6121,335,478
6122,335,479
6123,335,480
6124,335,481
6125,335,482
6126,335,483
6127,335,484
6128,335,485
6129,335,486
6130,335,487
6131,335,488
6132,335,489
6133,335,490
6134,335,491
6135,335,492
6136,335,493
6137,335,494
6138,335,495
6139,335,496
6140,335,497
6141,335,498
6142,335,499
6143,335,500
6144,335,501
6145,335,502
6146,335,503
6147,335,504
6148,335,505
6149,335,506
6150,335,507
6151,335,508
6152,335,509
6153,335,510
6154,335,511
6155,335,512
6156,335,513
6157,335,514
6158,335,515
6159,335,516
6160,336,447
6161,336,448
6162,336,449
6163,336,450
6164,336,451
6165,336,452
6166,336,453
6167,336,454
6168,336,455
6169,336,456
6170,336,457
6171,336,458
6172,336,459
6173,336,460
6174,336,461
6175,336,462
6176,336,463
6177,336,464
6178,336,465
6179,336,466
6180,336,467
6181,336,468
6182,336,469
6183,336,470
6184,336,471
6185,336,472
6186,336,473
6187,336,474
6188,336,475
6189,336,476
6190,336,477
6191,336,478
6192,336,479
6193,336,480
6194,336,481
6195,336,482
6196,336,483
6197,336,484
6198,336,485
6199,336,486
6200,336,487
6201,336,488
6202,336,489
6203,336,490
6204,336,491
6205,336,492
6206,336,493
6207,336,494
6208,336,495
6209,336,496
6210,336,497
6211,336,498
6212,336,499
6213,336,500
6214,336,501
6215,336,502
6216,336,503
6217,336,504
6218,336,505
6219,336,506
6220,336,507
6221,336,508
6222,336,509
6223,336,510
6224,336,511
6225,336,512
6226,336,513
6227,336,514
6228,336,515
6229,336,516
6230,336,517
6231,337,448
6232,337,449
6233,337,450
6234,337,451
6235,337,452
6236,337,453
6237,337,454
6238,337,455
6239,337,456
6240,337,457
6241,337,458
6242,337,459
6243,337,460
6244,337,461
6245,337,462
6246,337,463
6247,337,464
6248,337,465
6249,337,466
6250,337,467
6251,337,468
6252,337,469
6253,337,470
6254,337,471
6255,337,472
6256,337,473
6257,337,474
6258,337,475
6259,337,476
6260,337,477
6261,337,478
6262,337,479
6263,337,480
6264,337,481
6265,337,482
6266,337,483
6267,337,484
6268,337,485
6269,337,486
6270,337,487
6271,337,488
6272,337,489
6273,337,490
6274,337,491
6275,337,492
6276,337,493
6277,337,494
6278,337,495
6279,337,496
6280,337,497
6281,337,498
6282,337,499
6283,337,500
6284,337,501
6285,337,502
6286,337,503
6287,337,504
6288,337,505
6289,337,506
6290,337,507
6291,337,508
6292,337,509
6293,337,510
6294,337,511
6295,337,512
6296,337,513
6297,337,514
6298,337,515
6299,337,516
6300,337,517
6301,338,449
6302,338,450
6303,338,451
6304,338,452
6305,338,453
6306,338,454
6307,338,455
6308,338,456
6309,338,457
6310,338,458
6311,338,459
6312,338,460
6313,338,461
6314,338,462
6315,338,463
6316,338,464
6317,338,465
6318,338,466
6319,338,467
6320,338,468
6321,338,469
6322,338,470
6323,338,471
6324,338,472
6325,338,473
6326,338,474
6327,338,475
6328,338,476
6329,338,477
6330,338,478
6331,338,479
6332,338,480
6333,338,481
6334,338,482
6335,338,483
6336,338,484
6337,338,485
6338,338,486
6339,338,487
6340,338,488
6341,338,489
6342,338,490
6343,338,491
6344,338,492
6345,338,493
6346,338,494
6347,338,495
6348,338,496
6349,338,497
6350,338,498
6351,338,499
6352,338,500
6353,338,501
6354,338,502
6355,338,503
6356,338,504
6357,338,505
6358,338,506
6359,338,507
6360,338,508
6361,338,509
6362,338,510
6363,338,511
6364,338,512
6365,338,513
6366,338,514
6367,338,515
6368,338,516
6369,338,517
6370,338,518
6371,338,519
6372,339,450
6373,339,451
6374,339,452
6375,339,453
6376,339,454
6377,339,455
6378,339,456
6379,339,457
6380,339,458
6381,339,459
6382,339,460
6383,339,461
6384,339,462
6385,339,463
6386,339,464
6387,339,465
6388,339,466
6389,339,467
6390,339,468
6391,339,469
6392,339,470
6393,339,471
6394,339,472
6395,339,473
6396,339,474
6397,339,475
6398,339,476
6399,339,477
6400,339,478
6401,339,479
6402,339,480
6403,339,481
6404,339,482
6405,339,483
6406,339,484
6407,339,485
6408,339,486
6409,339,487
6410,339,488
6411,339,489
6412,339,490
6413,339,491
6414,339,492
6415,339,493
6416,339,494
6417,339,495
6418,339,496
6419,339,497
6420,339,498
6421,339,499
6422,339,500
6423,339,501
6424,339,502
6425,339,503
6426,339,504
6427,339,505
6428,339,506
6429,339,507
6430,339,508
6431,339,509
6432,339,510
6433,339,511
6434,339,512
6435,339,513
6436,339,514
6437,339,515
6438,339,516
6439,339,517
6440,339,518
6441,339,519
6442,339,520
6443,339,521
6444,339,522
6445,340,451
6446,340,452
6447,340,453
6448,340,454
6449,340,455
6450,340,456
6451,340,457
6452,340,458
6453,340,459
6454,340,460
6455,340,461
6456,340,462
6457,340,463
6458,340,464
6459,340,465
6460,340,466
6461,340,467
6462,340,468
6463,340,469
6464,340,470
6465,340,471
6466,340,472
6467,340,473
6468,340,474
6469,340,475
6470,340,476
6471,340,477
6472,340,478
6473,340,479
6474,340,480
6475,340,481
6476,340,482
6477,340,483
6478,340,484
6479,340,485
6480,340,486
6481,340,487
6482,340,488
6483,340,489
6484,340,490
6485,340,491
6486,340,492
6487,340,493
6488,340,494
6489,340,495
6490,340,496
6491,340,497
6492,340,498
6493,340,499
6494,340,500
6495,340,501
6496,340,502
6497,340,503
6498,340,504
6499,340,505
6500,340,506
6501,340,507
6502,340,508
6503,340,509
6504,340,510
6505,340,511
6506,340,512
6507,340,513
6508,340,514
6509,340,515
6510,340,516
6511,340,517
6512,340,518
6513,340,519
6514,340,520
6515,340,521
6516,340,522
6517,340,523
6518,341,452
6519,341,453
6520,341,454
6521,341,455
6522,341,456
6523,341,457
6524,341,458
6525,341,459
6526,341,460
6527,341,461
6528,341,462
6529,341,463
6530,341,464
6531,341,465
6532,341,466
6533,341,467
6534,341,468
6535,341,469
6536,341,470
6537,341,471
6538,341,472
6539,341,473
6540,341,474
6541,341,475
6542,341,476
6543,341,477
6544,341,478
6545,341,479
6546,341,480
6547,341,481
6548,341,482
6549,341,483
6550,341,484
6551,341,485
6552,341,486
6553,341,487
6554,341,488
6555,341,489
6556,341,490
6557,341,491
6558,341,492
6559,341,493
6560,341,494
6561,341,495
6562,341,496
6563,341,497
6564,341,498
6565,341,499
6566,341,500
6567,341,501
6568,341,502
6569,341,503
6570,341,504
6571,341,505
6572,341,506
6573,341,507
6574,341,508
6575,341,509
6576,341,510
6577,341,511
6578,341,512
6579,341,513
6580,341,514
6581,341,515
6582,341,516
6583,341,517
6584,341,518
6585,341,519
6586,341,520
6587,341,521
6588,341,522
6589,341,523
6590,341,524
6591,342,454
6592,342,455
6593,342,456
6594,342,457
6595,342,458
6596,342,459
6597,342,460
6598,342,461
6599,342,462
6600,342,463
6601,342,464
6602,342,465
6603,342,466
6604,342,467
6605,342,468
6606,342,469
6607,342,470
6608,342,471
6609,342,472
6610,342,473
6611,342,474
6612,342,475
6613,342,476
6614,342,477
6615,342,478
6616,342,479
6617,342,480
6618,342,481
6619,342,482
6620,342,483
6621,342,484
6622,342,485
6623,342,486
6624,342,487
6625,342,488
6626,342,489
6627,342,490
6628,342,491
6629,342,492
6630,342,493
6631,342,494
6632,342,495
6633,342,496
6634,342,497
6635,342,498
6636,342,499
6637,342,500
6638,342,501
6639,342,502
6640,342,503
6641,342,504
6642,342,505
6643,342,506
6644,342,507
6645,342,508
6646,342,509
6647,342,510
6648,342,511
6649,342,512
6650,342,513
6651,342,514
6652,342,515
6653,342,516
6654,342,517
6655,342,518
6656,342,519
6657,342,520
6658,342,521
6659,342,522
6660,342,523
6661,342,524
6662,342,525
6663,343,455
6664,343,456
6665,343,457
6666,343,458
6667,343,459
6668,343,460
6669,343,461
6670,343,462
6671,343,463
6672,343,464
6673,343,465
6674,343,466
6675,343,467
6676,343,468
6677,343,469
6678,343,470
6679,343,471
6680,343,472
6681,343,473
6682,343,474
6683,343,475
6684,343,476
6685,343,477
6686,343,478
6687,343,479
6688,343,480
6689,343,481
6690,343,482
6691,343,483
6692,343,484
6693,343,485
6694,343,486
6695,343,487
6696,343,488
6697,343,489
6698,343,490
6699,343,491
6700,343,492
6701,343,493
6702,343,494
6703,343,495
6704,343,496
6705,343,497
6706,343,498
6707,343,499
6708,343,500
6709,343,501
6710,343,502
6711,343,503
6712,343,504
6713,343,505
6714,343,506
6715,343,507
6716,343,508
6717,343,509
6718,343,510
6719,343,511
6720,343,512
6721,343,513
6722,343,514
6723,343,515
6724,343,516
6725,343,517
6726,343,518
6727,343,519
6728,343,520
6729,343,521
6730,343,522
6731,343,523
6732,343,524
6733,343,525
6734,343,526
6735,344,456
6736,344,457
6737,344,458
6738,344,459
6739,344,460
6740,344,461
6741,344,462
6742,344,463
6743,344,464
6744,344,465
6745,344,466
6746,344,467
6747,344,468
6748,344,469
6749,344,470
6750,344,471
6751,344,472
6752,344,473
6753,344,474
6754,344,475
6755,344,476
6756,344,477
6757,344,478
6758,344,479
6759,344,480
6760,344,481
6761,344,482
6762,344,483
6763,344,484
6764,344,485
6765,344,486
6766,344,487
6767,344,488
6768,344,489
6769,344,490
6770,344,491
6771,344,492
6772,344,493
6773,344,494
6774,344,495
6775,344,496
6776,344,497
6777,344,498
6778,344,499
6779,344,500
6780,344,501
6781,344,502
6782,344,503
6783,344,504
6784,344,505
6785,344,506
6786,344,507
6787,344,508
6788,344,509
6789,344,510
6790,344,511
6791,344,512
6792,344,513
6793,344,514
6794,344,515
6795,344,516
6796,344,517
6797,344,518
6798,344,519
6799,344,520
6800,344,521
6801,344,522
6802,344,523
6803,344,524
6804,344,525
6805,344,526
6806,344,527
6807,345,456
6808,345,457
6809,345,458
6810,345,459
6811,345,460
6812,345,461
6813,345,462
6814,345,463
6815,345,464
6816,345,465
6817,345,466
6818,345,467
6819,345,468
6820,345,469
6821,345,470
6822,345,471
6823,345,472
6824,345,473
6825,345,474
6826,345,475
6827,345,476
6828,345,477
6829,345,478
6830,345,479
6831,345,480
6832,345,481
6833,345,482
6834,345,483
6835,345,484
6836,345,485
6837,345,486
6838,345,487
6839,345,488
6840,345,489
6841,345,490
6842,345,491
6843,345,492
6844,345,493
6845,345,494
6846,345,495
6847,345,496
6848,345,497
6849,345,498
6850,345,499
6851,345,500
6852,345,501
6853,345,502
6854,345,503
6855,345,504
6856,345,505
6857,345,506
6858,345,507
6859,345,508
6860,345,509
6861,345,510
6862,345,511
6863,345,512
6864,345,513
6865,345,514
6866,345,515
6867,345,516
6868,345,517
6869,345,518
6870,345,519
6871,345,520
6872,345,521
6873,345,522
6874,345,523
6875,345,524
6876,345,525
6877,345,526
6878,345,527
6879,346,456
6880,346,457
6881,346,458
6882,346,459
6883,346,460
6884,346,461
6885,346,462
6886,346,463
6887,346,464
6888,346,465
6889,346,466
6890,346,467
6891,346,468
6892,346,469
6893,346,470
6894,346,471
6895,346,472
6896,346,473
6897,346,474
6898,346,475
6899,346,476
6900,346,477
6901,346,478
6902,346,479
6903,346,480
6904,346,481
6905,346,482
6906,346,483
6907,346,484
6908,346,485
6909,346,486
6910,346,487
6911,346,488
6912,346,489
6913,346,490
6914,346,491
6915,346,492
6916,346,493
6917,346,494
6918,346,495
6919,346,496
6920,346,497
6921,346,498
6922,346,499
6923,346,500
6924,346,501
6925,346,502
6926,346,503
6927,346,504
6928,346,505
6929,346,506
6930,346,507
6931,346,508
6932,346,509
6933,346,510
6934,346,511
6935,346,512
6936,346,513
6937,346,514
6938,346,515
6939,346,516
6940,346,517
6941,346,518
6942,346,519
6943,346,520
6944,346,521
6945,346,522
6946,346,523
6947,346,524
6948,346,525
6949,346,526
6950,346,527
6951,346,528
6952,347,456
6953,347,457
6954,347,458
6955,347,459
6956,347,460
6957,347,461
6958,347,462
6959,347,463
6960,347,464
6961,347,465
6962,347,466
6963,347,467
6964,347,468
6965,347,469
6966,347,470
6967,347,471
6968,347,472
6969,347,473
6970,347,474
6971,347,475
6972,347,476
6973,347,477
6974,347,478
6975,347,479
6976,347,480
6977,347,481
6978,347,482
6979,347,483
6980,347,484
6981,347,485
6982,347,486
6983,347,487
6984,347,488
6985,347,489
6986,347,490
6987,347,491
6988,347,492
6989,347,493
6990,347,494
6991,347,495
6992,347,496
6993,347,497
6994,347,498
6995,347,499
6996,347,500
6997,347,501
6998,347,502
6999,347,503
7000,347,504
7001,347,505
7002,347,506
7003,347,507
7004,347,508
7005,347,509
7006,347,510
7007,347,511
7008,347,512
7009,347,513
7010,347,514
7011,347,515
7012,347,516
7013,347,517
7014,347,518
7015,347,519
7016,347,520
7017,347,521
7018,347,522
7019,347,523
7020,347,524
7021,347,525
7022,347,526
7023,347,527
7024,347,528
7025,347,529
7026,348,457
7027,348,458
7028,348,459
7029,348,460
7030,348,461
7031,348,462
7032,348,463
7033,348,464
7034,348,465
7035,348,466
7036,348,467
7037,348,468
7038,348,469
7039,348,470
7040,348,471
7041,348,472
7042,348,473
7043,348,474
7044,348,475
7045,348,476
7046,348,477
7047,348,478
7048,348,479
7049,348,480
7050,348,481
7051,348,482
7052,348,483
7053,348,484
7054,348,485
7055,348,486
7056,348,487
7057,348,488
7058,348,489
7059,348,490
7060,348,491
7061,348,492
7062,348,493
7063,348,494
7064,348,495
7065,348,496
7066,348,497
7067,348,498
7068,348,499
7069,348,500
7070,348,501
7071,348,502
7072,348,503
7073,348,504
7074,348,505
7075,348,506
7076,348,507
7077,348,508
7078,348,509
7079,348,510
7080,348,511
7081,348,512
7082,348,513
7083,348,514
7084,348,515
7085,348,516
7086,348,517
7087,348,518
7088,348,519
7089,348,520
7090,348,521
7091,348,522
7092,348,523
7093,348,524
7094,348,525
7095,348,526
7096,348,527
7097,348,528
7098,348,529
7099,349,458
7100,349,459
7101,349,460
7102,349,461
7103,349,462
7104,349,463
7105,349,464
7106,349,465
7107,349,466
7108,349,467
7109,349,468
7110,349,469
7111,349,470
7112,349,471
7113,349,472
7114,349,473
7115,349,474
7116,349,475
7117,349,476
7118,349,477
7119,349,478
7120,349,479
7121,349,480
7122,349,481
7123,349,482
7124,349,483
7125,349,484
7126,349,485
7127,349,486
7128,349,487
7129,349,488
7130,349,489
7131,349,490
7132,349,491
7133,349,492
7134,349,493
7135,349,494
7136,349,495
7137,349,496
7138,349,497
7139,349,498
7140,349,499
7141,349,500
7142,349,501
7143,349,502
7144,349,503
7145,349,504
7146,349,505
7147,349,506
7148,349,507
7149,349,508
7150,349,509
7151,349,510
7152,349,511
7153,349,512
7154,349,513
7155,349,514
7156,349,515
7157,349,516
7158,349,517
7159,349,518
7160,349,519
7161,349,520
7162,349,521
7163,349,522
7164,349,523
7165,349,524
7166,349,525
7167,349,526
7168,349,527
7169,349,528
7170,349,529
7171,349,530
7172,350,459
7173,350,460
7174,350,461
7175,350,462
7176,350,463
7177,350,464
7178,350,465
7179,350,466
7180,350,467
7181,350,468
7182,350,469
7183,350,470
7184,350,471
7185,350,472
7186,350,473
7187,350,474
7188,350,475
7189,350,476
7190,350,477
7191,350,478
7192,350,479
7193,350,480
7194,350,481
7195,350,482
7196,350,483
7197,350,484
7198,350,485
7199,350,486
7200,350,487
7201,350,488
7202,350,489
7203,350,490
7204,350,491
7205,350,492
7206,350,493
7207,350,494
7208,350,495
7209,350,496
7210,350,497
7211,350,498
7212,350,499
7213,350,500
7214,350,501
7215,350,502
7216,350,503
7217,350,504
7218,350,505
7219,350,506
7220,350,507
7221,350,508
7222,350,509
7223,350,510
7224,350,511
7225,350,512
7226,350,513
7227,350,514
7228,350,515
7229,350,516
7230,350,517
7231,350,518
7232,350,519
7233,350,520
7234,350,521
7235,350,522
7236,350,523
7237,350,524
7238,350,525
7239,350,526
7240,350,527
7241,350,528
7242,350,529
7243,350,530
7244,351,460
7245,351,461
7246,351,462
7247,351,463
7248,351,464
7249,351,465
7250,351,466
7251,351,467
7252,351,468
7253,351,469
7254,351,470
7255,351,471
7256,351,472
7257,351,473
7258,351,474
7259,351,475
7260,351,476
7261,351,477
7262,351,478
7263,351,479
7264,351,480
7265,351,481
7266,351,482
7267,351,483
7268,351,484
7269,351,485
7270,351,486
7271,351,487
7272,351,488
7273,351,489
7274,351,490
7275,351,491
7276,351,492
7277,351,493
7278,351,494
7279,351,495
7280,351,496
7281,351,497
7282,351,498
7283,351,499
7284,351,500
7285,351,501
7286,351,502
7287,351,503
7288,351,504
7289,351,505
7290,351,506
7291,351,507
7292,351,508
7293,351,509
7294,351,510
7295,351,511
7296,351,512
7297,351,513
7298,351,514
7299,351,515
7300,351,516
7301,351,517
7302,351,518
7303,351,519
7304,351,520
7305,351,521
7306,351,522
7307,351,523
7308,351,524
7309,351,525
7310,351,526
7311,351,527
7312,351,528
7313,351,529
7314,351,530
7315,351,531
7316,352,460
7317,352,461
7318,352,462
7319,352,463
7320,352,464
7321,352,465
7322,352,466
7323,352,467
7324,352,468
7325,352,469
7326,352,470
7327,352,471
7328,352,472
7329,352,473
7330,352,474
7331,352,475
7332,352,476
7333,352,477
7334,352,478
7335,352,479
7336,352,480
7337,352,481
7338,352,482
7339,352,483
7340,352,484
7341,352,485
7342,352,486
7343,352,487
7344,352,488
7345,352,489
7346,352,490
7347,352,491
7348,352,492
7349,352,493
7350,352,494
7351,352,495
7352,352,496
7353,352,497
7354,352,498
7355,352,499
7356,352,500
7357,352,501
7358,352,502
7359,352,503
7360,352,504
7361,352,505
7362,352,506
7363,352,507
7364,352,508
7365,352,509
7366,352,510
7367,352,511
7368,352,512
7369,352,513
7370,352,514
7371,352,515
7372,352,516
7373,352,517
7374,352,518
7375,352,519
7376,352,520
7377,352,521
7378,352,522
7379,352,523
7380,352,524
7381,352,525
7382,352,526
7383,352,527
7384,352,528
7385,352,529
7386,352,530
7387,352,531
7388,352,532
7389,353,461
7390,353,462
7391,353,463
7392,353,464
7393,353,465
7394,353,466
7395,353,467
7396,353,468
7397,353,469
7398,353,470
7399,353,471
7400,353,472
7401,353,473
7402,353,474
7403,353,475
7404,353,476
7405,353,477
7406,353,478
7407,353,479
7408,353,480
7409,353,481
7410,353,482
7411,353,483
7412,353,484
7413,353,485
7414,353,486
7415,353,487
7416,353,488
7417,353,489
7418,353,490
7419,353,491
7420,353,492
7421,353,493
7422,353,494
7423,353,495
7424,353,496
7425,353,497
7426,353,498
7427,353,499
7428,353,500
7429,353,501
7430,353,502
7431,353,503
7432,353,504
7433,353,505
7434,353,506
7435,353,507
7436,353,508
7437,353,509
7438,353,510
7439,353,511
7440,353,512
7441,353,513
7442,353,514
7443,353,515
7444,353,516
7445,353,517
7446,353,518
7447,353,519
7448,353,520
7449,353,521
7450,353,522
7451,353,523
7452,353,524
7453,353,525
7454,353,526
7455,353,527
7456,353,528
7457,353,529
7458,353,530
7459,353,531
7460,353,532
7461,353,533
7462,354,462
7463,354,463
7464,354,464
7465,354,465
7466,354,466
7467,354,467
7468,354,468
7469,354,469
7470,354,470
7471,354,471
7472,354,472
7473,354,473
7474,354,474
7475,354,475
7476,354,476
7477,354,477
7478,354,478
7479,354,479
7480,354,480
7481,354,481
7482,354,482
7483,354,483
7484,354,484
7485,354,485
7486,354,486
7487,354,487
7488,354,488
7489,354,489
7490,354,490
7491,354,491
7492,354,492
7493,354,493
7494,354,494
7495,354,495
7496,354,496
7497,354,497
7498,354,498
7499,354,499
7500,354,500
7501,354,501
7502,354,502
7503,354,503
7504,354,504
7505,354,505
7506,354,506
7507,354,507
7508,354,508
7509,354,509
7510,354,510
7511,354,511
7512,354,512
7513,354,513
7514,354,514
7515,354,515
7516,354,516
7517,354,517
7518,354,518
7519,354,519
7520,354,520
7521,354,521
7522,354,522
7523,354,523
7524,354,524
7525,354,525
7526,354,526
7527,354,527
7528,354,528
7529,354,529
7530,354,530
7531,354,531
7532,354,532
7533,354,533
7534,354,534
7535,355,463
7536,355,464
7537,355,465
7538,355,466
7539,355,467
7540,355,468
7541,355,469
7542,355,470
7543,355,471
7544,355,472
7545,355,473
7546,355,474
7547,355,475
7548,355,476
7549,355,477
7550,355,478
7551,355,479
7552,355,480
7553,355,481
7554,355,482
7555,355,483
7556,355,484
7557,355,485
7558,355,486
7559,355,487
7560,355,488
7561,355,489
7562,355,490
7563,355,491
7564,355,492
7565,355,493
7566,355,494
7567,355,495
7568,355,496
7569,355,497
7570,355,498
7571,355,499
7572,355,500
7573,355,501
7574,355,502
7575,355,503
7576,355,504
7577,355,505
7578,355,506
7579,355,507
7580,355,508
7581,355,509
7582,355,510
7583,355,511
7584,355,512
7585,355,513
7586,355,514
7587,355,515
7588,355,516
7589,355,517
7590,355,518
7591,355,519
7592,355,520
7593,355,521
7594,355,522
7595,355,523
7596,355,524
7597,355,525
7598,355,526
7599,355,527
7600,355,528
7601,355,529
7602,355,530
7603,355,531
7604,355,532
7605,355,533
7606,355,534
7607,355,535
7608,356,465
7609,356,466
7610,356,467
7611,356,468
7612,356,469
7613,356,470
7614,356,471
7615,356,472
7616,356,473
7617,356,474
7618,356,475
7619,356,476
7620,356,477
7621,356,478
7622,356,479
7623,356,480
7624,356,481
7625,356,482
7626,356,483
7627,356,484
7628,356,485
7629,356,486
7630,356,487
7631,356,488
7632,356,489
7633,356,490
7634,356,491
7635,356,492
7636,356,493
7637,356,494
7638,356,495
7639,356,496
7640,356,497
7641,356,498
7642,356,499
7643,356,500
7644,356,501
7645,356,502
7646,356,503
7647,356,504
7648,356,505
7649,356,506
7650,356,507
7651,356,508
7652,356,509
7653,356,510
7654,356,511
7655,356,512
7656,356,513
7657,356,514
7658,356,515
7659,356,516
7660,356,517
7661,356,518
7662,356,519
7663,356,520
7664,356,521
7665,356,522
7666,356,523
7667,356,524
7668,356,525
7669,356,526
7670,356,527
7671,356,528
7672,356,529
7673,356,530
7674,356,531
7675,356,532
7676,356,533
7677,356,534
7678,356,535
7679,356,536
7680,357,466
7681,357,467
7682,357,468
7683,357,469
7684,357,470
7685,357,471
7686,357,472
7687,357,473
7688,357,474
7689,357,475
7690,357,476
7691,357,477
7692,357,478
7693,357,479
7694,357,480
7695,357,481
7696,357,482
7697,357,483
7698,357,484
7699,357,485
7700,357,486
7701,357,487
7702,357,488
7703,357,489
7704,357,490
7705,357,491
7706,357,492
7707,357,493
7708,357,494
7709,357,495
7710,357,496
7711,357,497
7712,357,498
7713,357,499
7714,357,500
7715,357,501
7716,357,502
7717,357,503
7718,357,504
7719,357,505
7720,357,506
7721,357,507
7722,357,508
7723,357,509
7724,357,510
7725,357,511
7726,357,512
7727,357,513
7728,357,514
7729,357,515
7730,357,516
7731,357,517
7732,357,518
7733,357,519
7734,357,520
7735,357,521
7736,357,522
7737,357,523
7738,357,524
7739,357,525
7740,357,526
7741,357,527
7742,357,528
7743,357,529
7744,357,530
7745,357,531
7746,357,532
7747,357,533
7748,357,534
7749,357,535
7750,357,536
7751,357,537
7752,358,466
7753,358,467
7754,358,468
7755,358,469
7756,358,470
7757,358,471
7758,358,472
7759,358,473
7760,358,474
7761,358,475
7762,358,476
7763,358,477
7764,358,478
7765,358,479
7766,358,480
7767,358,481
7768,358,482
7769,358,483
7770,358,484
7771,358,485
7772,358,486
7773,358,487
7774,358,488
7775,358,489
7776,358,490
7777,358,491
7778,358,492
7779,358,493
7780,358,494
7781,358,495
7782,358,496
7783,358,497
7784,358,498
7785,358,499
7786,358,500
7787,358,501
7788,358,502
7789,358,503
7790,358,504
7791,358,505
7792,358,506
7793,358,507
7794,358,508
7795,358,509
7796,358,510
7797,358,511
7798,358,512
7799,358,513
7800,358,514
7801,358,515
7802,358,516
7803,358,517
7804,358,518
7805,358,519
7806,358,520
7807,358,521
7808,358,522
7809,358,523
7810,358,524
7811,358,525
7812,358,526
7813,358,527
7814,358,528
7815,358,529
7816,358,530
7817,358,531
7818,358,532
7819,358,533
7820,358,534
7821,358,535
7822,358,536
7823,358,537
7824,358,538
7825,359,466
7826,359,467
7827,359,468
7828,359,469
7829,359,470
7830,359,471
7831,359,472
7832,359,473
7833,359,474
7834,359,475
7835,359,476
7836,359,477
7837,359,478
7838,359,479
7839,359,480
7840,359,481
7841,359,482
7842,359,483
7843,359,484
7844,359,485
7845,359,486
7846,359,487
7847,359,488
7848,359,489
7849,359,490
7850,359,491
7851,359,492
7852,359,493
7853,359,494
7854,359,495
7855,359,496
7856,359,497
7857,359,498
7858,359,499
7859,359,500
7860,359,501
7861,359,502
7862,359,503
7863,359,504
7864,359,505
7865,359,506
7866,359,507
7867,359,508
7868,359,509
7869,359,510
7870,359,511
7871,359,512
7872,359,513
7873,359,514
7874,359,515
7875,359,516
7876,359,517
7877,359,518
7878,359,519
7879,359,520
7880,359,521
7881,359,522
7882,359,523
7883,359,524
7884,359,525
7885,359,526
7886,359,527
7887,359,528
7888,359,529
7889,359,530
7890,359,531
7891,359,532
7892,359,533
7893,359,534
7894,359,535
7895,359,536
7896,359,537
7897,359,538
7898,359,539
7899,360,466
7900,360,467
7901,360,468
7902,360,469
7903,360,470
7904,360,471
7905,360,472
7906,360,473
7907,360,474
7908,360,475
7909,360,476
7910,360,477
7911,360,478
7912,360,479
7913,360,480
7914,360,481
7915,360,482
7916,360,483
7917,360,484
7918,360,485
7919,360,486
7920,360,487
7921,360,488
7922,360,489
7923,360,490
7924,360,491
7925,360,492
7926,360,493
7927,360,494
7928,360,495
7929,360,496
7930,360,497
7931,360,498
7932,360,499
7933,360,500
7934,360,501
7935,360,502
7936,360,503
7937,360,504
7938,360,505
7939,360,506
7940,360,507
7941,360,508
7942,360,509
7943,360,510
7944,360,511
7945,360,512
7946,360,513
7947,360,514
7948,360,515
7949,360,516
7950,360,517
7951,360,518
7952,360,519
7953,360,520
7954,360,521
7955,360,522
7956,360,523
7957,360,524
7958,360,525
7959,360,526
7960,360,527
7961,360,528
7962,360,529
7963,360,530
7964,360,531
7965,360,532
7966,360,533
7967,360,534
7968,360,535
7969,360,536
7970,360,537
7971,360,538
7972,360,539
7973,360,540
7974,361,466
7975,361,467
7976,361,468
7977,361,469
7978,361,470
7979,361,471
7980,361,472
7981,361,473
7982,361,474
7983,361,475
7984,361,476
7985,361,477
7986,361,478
7987,361,479
7988,361,480
7989,361,481
7990,361,482
7991,361,483
7992,361,484
7993,361,485
7994,361,486
7995,361,487
7996,361,488
7997,361,489
7998,361,490
7999,361,491
8000,361,492
8001,361,493
8002,361,494
8003,361,495
8004,361,496
8005,361,497
8006,361,498
8007,361,499
8008,361,500
8009,361,501
8010,361,502
8011,361,503
8012,361,504
8013,361,505
8014,361,506
8015,361,507
8016,361,508
8017,361,509
8018,361,510
8019,361,511
8020,361,512
8021,361,513
8022,361,514
8023,361,515
8024,361,516
8025,361,517
8026,361,518
8027,361,519
8028,361,520
8029,361,521
8030,361,522
8031,361,523
8032,361,524
8033,361,525
8034,361,526
8035,361,527
8036,361,528
8037,361,529
8038,361,530
8039,361,531
8040,361,532
8041,361,533
8042,361,534
8043,361,535
8044,361,536
8045,361,537
8046,361,538
8047,361,539
8048,361,540
8049,361,541
8050,362,467
8051,362,468
8052,362,469
8053,362,470
8054,362,471
8055,362,472
8056,362,473
8057,362,474
8058,362,475
8059,362,476
8060,362,477
8061,362,478
8062,362,479
8063,362,480
8064,362,481
8065,362,482
8066,362,483
8067,362,484
8068,362,485
8069,362,486
8070,362,487
8071,362,488
8072,362,489
8073,362,490
8074,362,491
8075,362,492
8076,362,493
8077,362,494
8078,362,495
8079,362,496
8080,362,497
8081,362,498
8082,362,499
8083,362,500
8084,362,501
8085,362,502
8086,362,503
8087,362,504
8088,362,505
8089,362,506
8090,362,507
8091,362,508
8092,362,509
8093,362,510
8094,362,511
8095,362,512
8096,362,513
8097,362,514
8098,362,515
8099,362,516
8100,362,517
8101,362,518
8102,362,519
8103,362,520
8104,362,521
8105,362,522
8106,362,523
8107,362,524
8108,362,525
8109,362,526
8110,362,527
8111,362,528
8112,362,529
8113,362,530
8114,362,531
8115,362,532
8116,362,533
8117,362,534
8118,362,535
8119,362,536
8120,362,537
8121,362,538
8122,362,539
8123,362,540
8124,362,541
8125,362,542
8126,363,469
8127,363,470
8128,363,471
8129,363,472
8130,363,473
8131,363,474
8132,363,475
8133,363,476
8134,363,477
8135,363,478
8136,363,479
8137,363,480
8138,363,481
8139,363,482
8140,363,483
8141,363,484
8142,363,485
8143,363,486
8144,363,487
8145,363,488
8146,363,489
8147,363,490
8148,363,491
8149,363,492
8150,363,493
8151,363,494
8152,363,495
8153,363,496
8154,363,497
8155,363,498
8156,363,499
8157,363,500
8158,363,501
8159,363,502
8160,363,503
8161,363,504
8162,363,505
8163,363,506
8164,363,507
8165,363,508
8166,363,509
8167,363,510
8168,363,511
8169,363,512
8170,363,513
8171,363,514
8172,363,515
8173,363,516
8174,363,517
8175,363,518
8176,363,519
8177,363,520
8178,363,521
8179,363,522
8180,363,523
8181,363,524
8182,363,525
8183,363,526
8184,363,527
8185,363,528
8186,363,529
8187,363,530
8188,363,531
8189,363,532
8190,363,533
8191,363,534
8192,363,535
8193,363,536
8194,363,537
8195,363,538
8196,363,539
8197,363,540
8198,363,541
8199,363,542
8200,364,471
8201,364,472
8202,364,473
8203,364,474
8204,364,475
8205,364,476
8206,364,477
8207,364,478
8208,364,479
8209,364,480
8210,364,481
8211,364,482
8212,364,483
8213,364,484
8214,364,485
8215,364,486
8216,364,487
8217,364,488
8218,364,489
8219,364,490
8220,364,491
8221,364,492
8222,364,493
8223,364,494
8224,364,495
8225,364,496
8226,364,497
8227,364,498
8228,364,499
8229,364,500
8230,364,501
8231,364,502
8232,364,503
8233,364,504
8234,364,505
8235,364,506
8236,364,507
8237,364,508
8238,364,509
8239,364,510
8240,364,511
8241,364,512
8242,364,513
8243,364,514
8244,364,515
8245,364,516
8246,364,517
8247,364,518
8248,364,519
8249,364,520
8250,364,521
8251,364,522
8252,364,523
8253,364,524
8254,364,525
8255,364,526
8256,364,527
8257,364,528
8258,364,529
8259,364,530
8260,364,531
8261,364,532
8262,364,533
8263,364,534
8264,364,535
8265,364,536
8266,364,537
8267,364,538
8268,364,539
8269,364,540
8270,364,541
8271,364,542
8272,364,543
8273,365,472
8274,365,473
8275,365,474
8276,365,475
8277,365,476
8278,365,477
8279,365,478
8280,365,479
8281,365,480
8282,365,481
8283,365,482
8284,365,483
8285,365,484
8286,365,485
8287,365,486
8288,365,487
8289,365,488
8290,365,489
8291,365,490
8292,365,491
8293,365,492
8294,365,493
8295,365,494
8296,365,495
8297,365,496
8298,365,497
8299,365,498
8300,365,499
8301,365,500
8302,365,501
8303,365,502
8304,365,503
8305,365,504
8306,365,505
8307,365,506
8308,365,507
8309,365,508
8310,365,509
8311,365,510
8312,365,511
8313,365,512
8314,365,513
8315,365,514
8316,365,515
8317,365,516
8318,365,517
8319,365,518
8320,365,519
8321,365,520
8322,365,521
8323,365,522
8324,365,523
8325,365,524
8326,365,525
8327,365,526
8328,365,527
8329,365,528
8330,365,529
8331,365,530
8332,365,531
8333,365,532
8334,365,533
8335,365,534
8336,365,535
8337,365,536
8338,365,537
8339,365,538
8340,365,539
8341,365,540
8342,365,541
8343,365,542
8344,365,543
8345,365,544
8346,366,473
8347,366,474
8348,366,475
8349,366,476
8350,366,477
8351,366,478
8352,366,479
8353,366,480
8354,366,481
8355,366,482
8356,366,483
8357,366,484
8358,366,485
8359,366,486
8360,366,487
8361,366,488
8362,366,489
8363,366,490
8364,366,491
8365,366,492
8366,366,493
8367,366,494
8368,366,495
8369,366,496
8370,366,497
8371,366,498
8372,366,499
8373,366,500
8374,366,501
8375,366,502
8376,366,503
8377,366,504
8378,366,505
8379,366,506
8380,366,507
8381,366,508
8382,366,509
8383,366,510
8384,366,511
8385,366,512
8386,366,513
8387,366,514
8388,366,515
8389,366,516
8390,366,517
8391,366,518
8392,366,519
8393,366,520
8394,366,521
8395,366,522
8396,366,523
8397,366,524
8398,366,525
8399,366,526
8400,366,527
8401,366,528
8402,366,529
8403,366,530
8404,366,531
8405,366,532
8406,366,533
8407,366,534
8408,366,535
8409,366,536
8410,366,537
8411,366,538
8412,366,539
8413,366,540
8414,366,541
8415,366,542
8416,366,543
8417,366,544
8418,367,474
8419,367,475
8420,367,476
8421,367,477
8422,367,478
8423,367,479
8424,367,480
8425,367,481
8426,367,482
8427,367,483
8428,367,484
8429,367,485
8430,367,486
8431,367,487
8432,367,488
8433,367,489
8434,367,490
8435,367,491
8436,367,492
8437,367,493
8438,367,494
8439,367,495
8440,367,496
8441,367,497
8442,367,498
8443,367,499
8444,367,500
8445,367,501
8446,367,502
8447,367,503
8448,367,504
8449,367,505
8450,367,506
8451,367,507
8452,367,508
8453,367,509
8454,367,510
8455,367,511
8456,367,512
8457,367,513
8458,367,514
8459,367,515
8460,367,516
8461,367,517
8462,367,518
8463,367,519
8464,367,520
8465,367,521
8466,367,522
8467,367,523
8468,367,524
8469,367,525
8470,367,526
8471,367,527
8472,367,528
8473,367,529
8474,367,530
8475,367,531
8476,367,532
8477,367,533
8478,367,534
8479,367,535
8480,367,536
8481,367,537
8482,367,538
8483,367,539
8484,367,540
8485,367,541
8486,367,542
8487,367,543
8488,367,544
8489,367,545
8490,368,475
8491,368,476
8492,368,477
8493,368,478
8494,368,479
8495,368,480
8496,368,481
8497,368,482
8498,368,483
8499,368,484
8500,368,485
8501,368,486
8502,368,487
8503,368,488
8504,368,489
8505,368,490
8506,368,491
8507,368,492
8508,368,493
8509,368,494
8510,368,495
8511,368,496
8512,368,497
8513,368,498
8514,368,499
8515,368,500
8516,368,501
8517,368,502
8518,368,503
8519,368,504
8520,368,505
8521,368,506
8522,368,507
8523,368,508
8524,368,509
8525,368,510
8526,368,511
8527,368,512
8528,368,513
8529,368,514
8530,368,515
8531,368,516
8532,368,517
8533,368,518
8534,368,519
8535,368,520
8536,368,521
8537,368,522
8538,368,523
8539,368,524
8540,368,525
8541,368,526
8542,368,527
8543,368,528
8544,368,529
8545,368,530
8546,368,531
8547,368,532
8548,368,533
8549,368,534
8550,368,535
8551,368,536
8552,368,537
8553,368,538
8554,368,539
8555,368,540
8556,368,541
8557,368,542
8558,368,543
8559,368,544
8560,368,545
8561,369,476
8562,369,477
8563,369,478
8564,369,479
8565,369,480
8566,369,481
8567,369,482
8568,369,483
8569,369,484
8570,369,485
8571,369,486
8572,369,487
8573,369,488
8574,369,489
8575,369,490
8576,369,491
8577,369,492
8578,369,493
8579,369,494
8580,369,495
8581,369,496
8582,369,497
8583,369,498
8584,369,499
8585,369,500
8586,369,501
8587,369,502
8588,369,503
8589,369,504
8590,369,505
8591,369,506
8592,369,507
8593,369,508
8594,369,509
8595,369,510
8596,369,511
8597,369,512
8598,369,513
8599,369,514
8600,369,515
8601,369,516
8602,369,517
8603,369,518
8604,369,519
8605,369,520
8606,369,521
8607,369,522
8608,369,523
8609,369,524
8610,369,525
8611,369,526
8612,369,527
8613,369,528
8614,369,529
8615,369,530
8616,369,531
8617,369,532
8618,369,533
8619,369,534
8620,369,535
8621,369,536
8622,369,537
8623,369,538
8624,369,539
8625,369,540
8626,369,541
8627,369,542
8628,369,543
8629,369,544
8630,369,545
8631,369,546
8632,370,478
8633,370,479
8634,370,480
8635,370,481
8636,370,482
8637,370,483
8638,370,484
8639,370,485
8640,370,486
8641,370,487
8642,370,488
8643,370,489
8644,370,490
8645,370,491
8646,370,492
8647,370,493
8648,370,494
8649,370,495
8650,370,496
8651,370,497
8652,370,498
8653,370,499
8654,370,500
8655,370,501
8656,370,502
8657,370,503
8658,370,504
8659,370,505
8660,370,506
8661,370,507
8662,370,508
8663,370,509
8664,370,510
8665,370,511
8666,370,512
8667,370,513
8668,370,514
8669,370,515
8670,370,516
8671,370,517
8672,370,518
8673,370,519
8674,370,520
8675,370,521
8676,370,522
8677,370,523
8678,370,524
8679,370,525
8680,370,526
8681,370,527
8682,370,528
8683,370,529
8684,370,530
8685,370,531
8686,370,532
8687,370,533
8688,370,534
8689,370,535
8690,370,536
8691,370,537
8692,370,538
8693,370,539
8694,370,540
8695,370,541
8696,370,542
8697,370,543
8698,370,544
8699,370,545
8700,370,546
8701,371,479
8702,371,480
8703,371,481
8704,371,482
8705,371,483
8706,371,484
8707,371,485
8708,371,486
8709,371,487
8710,371,488
8711,371,489
8712,371,490
8713,371,491
8714,371,492
8715,371,493
8716,371,494
8717,371,495
8718,371,496
8719,371,497
8720,371,498
8721,371,499
8722,371,500
8723,371,501
8724,371,502
8725,371,503
8726,371,504
8727,371,505
8728,371,506
8729,371,507
8730,371,508
8731,371,509
8732,371,510
8733,371,511
8734,371,512
8735,371,513
8736,371,514
8737,371,515
8738,371,516
8739,371,517
8740,371,518
8741,371,519
8742,371,520
8743,371,521
8744,371,522
8745,371,523
8746,371,524
8747,371,525
8748,371,526
8749,371,527
8750,371,528
8751,371,529
8752,371,530
8753,371,531
8754,371,532
8755,371,533
8756,371,534
8757,371,535
8758,371,536
8759,371,537
8760,371,538
8761,371,539
8762,371,540
8763,371,541
8764,371,542
8765,371,543
8766,371,544
8767,371,545
8768,371,546
8769,372,479
8770,372,480
8771,372,481
8772,372,482
8773,372,483
8774,372,484
8775,372,485
8776,372,486
8777,372,487
8778,372,488
8779,372,489
8780,372,490
8781,372,491
8782,372,492
8783,372,493
8784,372,494
8785,372,495
8786,372,496
8787,372,497
8788,372,498
8789,372,499
8790,372,500
8791,372,501
8792,372,502
8793,372,503
8794,372,504
8795,372,505
8796,372,506
8797,372,507
8798,372,508
8799,372,509
8800,372,510
8801,372,511
8802,372,512
8803,372,513
8804,372,514
8805,372,515
8806,372,516
8807,372,517
8808,372,518
8809,372,519
8810,372,520
8811,372,521
8812,372,522
8813,372,523
8814,372,524
8815,372,525
8816,372,526
8817,372,527
8818,372,528
8819,372,529
8820,372,530
8821,372,531
8822,372,532
8823,372,533
8824,372,534
8825,372,535
8826,372,536
8827,372,537
8828,372,538
8829,372,539
8830,372,540
8831,372,541
8832,372,542
8833,372,543
8834,372,544
8835,372,545
8836,372,546
8837,373,480
8838,373,481
8839,373,482
8840,373,483
8841,373,484
8842,373,485
8843,373,486
8844,373,487
8845,373,488
8846,373,489
8847,373,490
8848,373,491
8849,373,492
8850,373,493
8851,373,494
8852,373,495
8853,373,496
8854,373,497
8855,373,498
8856,373,499
8857,373,500
8858,373,501
8859,373,502
8860,373,503
8861,373,504
8862,373,505
8863,373,506
8864,373,507
8865,373,508
8866,373,509
8867,373,510
8868,373,511
8869,373,512
8870,373,513
8871,373,514
8872,373,515
8873,373,516
8874,373,517
8875,373,518
8876,373,519
8877,373,520
8878,373,521
8879,373,522
8880,373,523
8881,373,524
8882,373,525
8883,373,526
8884,373,527
8885,373,528
8886,373,529
8887,373,530
8888,373,531
8889,373,532
8890,373,533
8891,373,534
8892,373,535
8893,373,536
8894,373,537
8895,373,538
8896,373,539
8897,373,540
8898,373,541
8899,373,542
8900,373,543
8901,373,544
8902,373,545
8903,373,546
8904,374,480
8905,374,481
8906,374,482
8907,374,483
8908,374,484
8909,374,485
8910,374,486
8911,374,487
8912,374,488
8913,374,489
8914,374,490
8915,374,491
8916,374,492
8917,374,493
8918,374,494
8919,374,495
8920,374,496
8921,374,497
8922,374,498
8923,374,499
8924,374,500
8925,374,501
8926,374,502
8927,374,503
8928,374,504
8929,374,505
8930,374,506
8931,374,507
8932,374,508
8933,374,509
8934,374,510
8935,374,511
8936,374,512
8937,374,513
8938,374,514
8939,374,515
8940,374,516
8941,374,517
8942,374,518
8943,374,519
8944,374,520
8945,374,521
8946,374,522
8947,374,523
8948,374,524
8949,374,525
8950,374,526
8951,374,527
8952,374,528
8953,374,529
8954,374,530
8955,374,531
8956,374,532
8957,374,533
8958,374,534
8959,374,535
8960,374,536
8961,374,537
8962,374,538
8963,374,539
8964,374,540
8965,374,541
8966,374,542
8967,374,543
8968,374,544
8969,374,545
8970,374,546
8971,375,480
8972,375,481
8973,375,482
8974,375,483
8975,375,484
8976,375,485
8977,375,486
8978,375,487
8979,375,488
8980,375,489
8981,375,490
8982,375,491
8983,375,492
8984,375,493
8985,375,494
8986,375,495
8987,375,496
8988,375,497
8989,375,498
8990,375,499
8991,375,500
8992,375,501
8993,375,502
8994,375,503
8995,375,504
8996,375,505
8997,375,506
8998,375,507
8999,375,508
9000,375,509
9001,375,510
9002,375,511
9003,375,512
9004,375,513
9005,375,514
9006,375,515
9007,375,516
9008,375,517
9009,375,518
9010,375,519
9011,375,520
9012,375,521
9013,375,522
9014,375,523
9015,375,524
9016,375,525
9017,375,526
9018,375,527
9019,375,528
9020,375,529
9021,375,530
9022,375,531
9023,375,532
9024,375,533
9025,375,534
9026,375,535
9027,375,536
9028,375,537
9029,375,538
9030,375,539
9031,375,540
9032,375,541
9033,375,542
9034,375,543
9035,375,544
9036,375,545
9037,375,546
9038,376,482
9039,376,483
9040,376,484
9041,376,485
9042,376,486
9043,376,487
9044,376,488
9045,376,489
9046,376,490
9047,376,491
9048,376,492
9049,376,493
9050,376,494
9051,376,495
9052,376,496
9053,376,497
9054,376,498
9055,376,499
9056,376,500
9057,376,501
9058,376,502
9059,376,503
9060,376,504
9061,376,505
9062,376,506
9063,376,507
9064,376,508
9065,376,509
9066,376,510
9067,376,511
9068,376,512
9069,376,513
9070,376,514
9071,376,515
9072,376,516
9073,376,517
9074,376,518
9075,376,519
9076,376,520
9077,376,521
9078,376,522
9079,376,523
9080,376,524
9081,376,525
9082,376,526
9083,376,527
9084,376,528
9085,376,529
9086,376,530
9087,376,531
9088,376,532
9089,376,533
9090,376,534
9091,376,535
9092,376,536
9093,376,537
9094,376,538
9095,376,539
9096,376,540
9097,376,541
9098,376,542
9099,376,543
9100,376,544
9101,376,545
9102,376,546
9103,377,484
9104,377,485
9105,377,486
9106,377,487
9107,377,488
9108,377,489
9109,377,490
9110,377,491
9111,377,492
9112,377,493
9113,377,494
9114,377,495
9115,377,496
9116,377,497
9117,377,498
9118,377,499
9119,377,500
9120,377,501
9121,377,502
9122,377,503
9123,377,504
9124,377,505
9125,377,506
9126,377,507
9127,377,508
9128,377,509
9129,377,510
9130,377,511
9131,377,512
9132,377,513
9133,377,514
9134,377,515
9135,377,516
9136,377,517
9137,377,518
9138,377,519
9139,377,520
9140,377,521
9141,377,522
9142,377,523
9143,377,524
9144,377,525
9145,377,526
9146,377,527
9147,377,528
9148,377,529
9149,377,530
9150,377,531
9151,377,532
9152,377,533
9153,377,534
9154,377,535
9155,377,536
9156,377,537
9157,377,538
9158,377,539
9159,377,540
9160,377,541
9161,377,542
9162,377,543
9163,377,544
9164,377,545
9165,378,485
9166,378,486
9167,378,487
9168,378,488
9169,378,489
9170,378,490
9171,378,491
9172,378,492
9173,378,493
9174,378,494
9175,378,495
9176,378,496
9177,378,497
9178,378,498
9179,378,499
9180,378,500
9181,378,501
9182,378,502
9183,378,503
9184,378,504
9185,378,505
9186,378,506
9187,378,507
9188,378,508
9189,378,509
9190,378,510
9191,378,511
9192,378,512
9193,378,513
9194,378,514
9195,378,515
9196,378,516
9197,378,517
9198,378,518
9199,378,519
9200,378,520
9201,378,521
9202,378,522
9203,378,523
9204,378,524
9205,378,525
9206,378,526
9207,378,527
9208,378,528
9209,378,529
9210,378,530
9211,378,531
9212,378,532
9213,378,533
9214,378,534
9215,378,535
9216,378,536
9217,378,537
9218,378,538
9219,378,539
9220,378,540
9221,378,541
9222,378,542
9223,378,543
9224,378,544
9225,378,545
9226,379,487
9227,379,488
9228,379,489
9229,379,490
9230,379,491
9231,379,492
9232,379,493
9233,379,494
9234,379,495
9235,379,496
9236,379,497
9237,379,498
9238,379,499
9239,379,500
9240,379,501
9241,379,502
9242,379,503
9243,379,504
9244,379,505
9245,379,506
9246,379,507
9247,379,508
9248,379,509
9249,379,510
9250,379,511
9251,379,512
9252,379,513
9253,379,514
9254,379,515
9255,379,516
9256,379,517
9257,379,518
9258,379,519
9259,379,520
9260,379,521
9261,379,522
9262,379,523
9263,379,524
9264,379,525
9265,379,526
9266,379,527
9267,379,528
9268,379,529
9269,379,530
9270,379,531
9271,379,532
9272,379,533
9273,379,534
9274,379,535
9275,379,536
9276,379,537
9277,379,538
9278,379,539
9279,379,540
9280,379,541
9281,379,542
9282,379,543
9283,379,544
9284,379,545
9285,380,487
9286,380,488
9287,380,489
9288,380,490
9289,380,491
9290,380,492
9291,380,493
9292,380,494
9293,380,495
9294,380,496
9295,380,497
9296,380,498
9297,380,499
9298,380,500
9299,380,501
9300,380,502
9301,380,503
9302,380,504
9303,380,505
9304,380,506
9305,380,507
9306,380,508
9307,380,509
9308,380,510
9309,380,511
9310,380,512
9311,380,513
9312,380,514
9313,380,515
9314,380,516
9315,380,517
9316,380,518
9317,380,519
9318,380,520
9319,380,521
9320,380,522
9321,380,523
9322,380,524
9323,380,525
9324,380,526
9325,380,527
9326,380,528
9327,380,529
9328,380,530
9329,380,531
9330,380,532
9331,380,533
9332,380,534
9333,380,535
9334,380,536
9335,380,537
9336,380,538
9337,380,539
9338,380,540
9339,380,541
9340,380,542
9341,380,543
9342,380,544
9343,381,488
9344,381,489
9345,381,490
9346,381,491
9347,381,492
9348,381,493
9349,381,494
9350,381,495
9351,381,496
9352,381,497
9353,381,498
9354,381,499
9355,381,500
9356,381,501
9357,381,502
9358,381,503
9359,381,504
9360,381,505
9361,381,506
9362,381,507
9363,381,508
9364,381,509
9365,381,510
9366,381,511
9367,381,512
9368,381,513
9369,381,514
9370,381,515
9371,381,516
9372,381,517
9373,381,518
9374,381,519
9375,381,520
9376,381,521
9377,381,522
9378,381,523
9379,381,524
9380,381,525
9381,381,526
9382,381,527
9383,381,528
9384,381,529
9385,381,530
9386,381,531
9387,381,532
9388,381,533
9389,381,534
9390,381,535
9391,381,536
9392,381,537
9393,381,538
9394,381,539
9395,381,540
9396,381,541
9397,381,542
9398,381,543
9399,381,544
9400,382,489
9401,382,490
9402,382,491
9403,382,492
9404,382,493
9405,382,494
9406,382,495
9407,382,496
9408,382,497
9409,382,498
9410,382,499
9411,382,500
9412,382,501
9413,382,502
9414,382,503
9415,382,504
9416,382,505
9417,382,506
9418,382,507
9419,382,508
9420,382,509
9421,382,510
9422,382,511
9423,382,512
9424,382,513
9425,382,514
9426,382,515
9427,382,516
9428,382,517
9429,382,518
9430,382,519
9431,382,520
9432,382,521
9433,382,522
9434,382,523
9435,382,524
9436,382,525
9437,382,526
9438,382,527
9439,382,528
9440,382,529
9441,382,530
9442,382,531
9443,382,532
9444,382,533
9445,382,534
9446,382,535
9447,382,536
9448,382,537
9449,382,538
9450,382,539
9451,382,540
9452,382,541
9453,382,542
9454,382,543
9455,383,491
9456,383,492
9457,383,493
9458,383,494
9459,383,495
9460,383,496
9461,383,497
9462,383,498
9463,383,499
9464,383,500
9465,383,501
9466,383,502
9467,383,503
9468,383,504
9469,383,505
9470,383,506
9471,383,507
9472,383,508
9473,383,509
9474,383,510
9475,383,511
9476,383,512
9477,383,513
9478,383,514
9479,383,515
9480,383,516
9481,383,517
9482,383,518
9483,383,519
9484,383,520
9485,383,521
9486,383,522
9487,383,523
9488,383,524
9489,383,525
9490,383,526
9491,383,527
9492,383,528
9493,383,529
9494,383,530
9495,383,531
9496,383,532
9497,383,533
9498,383,534
9499,383,535
9500,383,536
9501,383,537
9502,383,538
9503,383,539
9504,383,540
9505,383,541
9506,383,542
9507,384,492
9508,384,493
9509,384,494
9510,384,495
9511,384,496
9512,384,497
9513,384,498
9514,384,499
9515,384,500
9516,384,501
9517,384,502
9518,384,503
9519,384,504
9520,384,505
9521,384,506
9522,384,507
9523,384,508
9524,384,509
9525,384,510
9526,384,511
9527,384,512
9528,384,513
9529,384,514
9530,384,515
9531,384,516
9532,384,517
9533,384,518
9534,384,519
9535,384,520
9536,384,521
9537,384,522
9538,384,523
9539,384,524
9540,384,525
9541,384,526
9542,384,527
9543,384,528
9544,384,529
9545,384,530
9546,384,531
9547,384,532
9548,384,533
9549,384,534
9550,384,535
9551,384,536
9552,384,537
9553,384,538
9554,384,539
9555,384,540
9556,384,541
9557,385,493
9558,385,494
9559,385,495
9560,385,496
9561,385,497
9562,385,498
9563,385,499
9564,385,500
9565,385,501
9566,385,502
9567,385,503
9568,385,504
9569,385,505
9570,385,506
9571,385,507
9572,385,508
9573,385,509
9574,385,510
9575,385,511
9576,385,512
9577,385,513
9578,385,514
9579,385,515
9580,385,516
9581,385,517
9582,385,518
9583,385,519
9584,385,520
9585,385,521
9586,385,522
9587,385,523
9588,385,524
9589,385,525
9590,385,526
9591,385,527
9592,385,528
9593,385,529
9594,385,530
9595,385,531
9596,385,532
9597,385,533
9598,385,534
9599,385,535
9600,385,536
9601,385,537
9602,385,538
9603,385,539
9604,385,540
9605,386,492
9606,386,493
9607,386,494
9608,386,495
9609,386,496
9610,386,497
9611,386,498
9612,386,499
9613,386,500
9614,386,501
9615,386,502
9616,386,503
9617,386,504
9618,386,505
9619,386,506
9620,386,507
9621,386,508
9622,386,509
9623,386,510
9624,386,511
9625,386,512
9626,386,513
9627,386,514
9628,386,515
9629,386,516
9630,386,517
9631,386,518
9632,386,519
9633,386,520
9634,386,521
9635,386,522
9636,386,523
9637,386,524
9638,386,525
9639,386,526
9640,386,527
9641,386,528
9642,386,529
9643,386,530
9644,386,531
9645,386,532
9646,386,533
9647,386,534
9648,386,535
9649,386,536
9650,386,537
9651,387,491
9652,387,492
9653,387,493
9654,387,494
9655,387,495
9656,387,496
9657,387,497
9658,387,498
9659,387,499
9660,387,500
9661,387,501
9662,387,502
9663,387,503
9664,387,504
9665,387,505
9666,387,506
9667,387,507
9668,387,508
9669,387,509
9670,387,510
9671,387,511
9672,387,512
9673,387,513
9674,387,514
9675,387,515
9676,387,516
9677,387,517
9678,387,518
9679,387,519
9680,387,520
9681,387,521
9682,387,522
9683,387,523
9684,387,524
9685,387,525
9686,387,526
9687,387,527
9688,387,528
9689,387,529
9690,387,530
9691,387,531
9692,387,532
9693,387,533
9694,387,534
9695,387,535
9696,387,536
9697,388,491
9698,388,492
9699,388,493
9700,388,494
9701,388,495
9702,388,496
9703,388,497
9704,388,498
9705,388,499
9706,388,500
9707,388,501
9708,388,502
9709,388,503
9710,388,504
9711,388,505
9712,388,506
9713,388,507
9714,388,508
9715,388,509
9716,388,510
9717,388,511
9718,388,512
9719,388,513
9720,388,514
9721,388,515
9722,388,516
9723,388,517
9724,388,518
9725,388,519
9726,388,520
9727,388,521
9728,388,522
9729,388,523
9730,388,524
9731,388,525
9732,388,526
9733,388,527
9734,388,528
9735,388,529
9736,388,530
9737,388,531
9738,388,532
9739,388,533
9740,388,534
9741,388,535
9742,389,491
9743,389,492
9744,389,493
9745,389,494
9746,389,495
9747,389,496
9748,389,497
9749,389,498
9750,389,499
9751,389,500
9752,389,501
9753,389,502
9754,389,503
9755,389,504
9756,389,505
9757,389,506
9758,389,507
9759,389,508
9760,389,509
9761,389,510
9762,389,511
9763,389,512
9764,389,513
9765,389,514
9766,389,515
9767,389,516
9768,389,517
9769,389,518
9770,389,519
9771,389,520
9772,389,521
9773,389,522
9774,389,523
9775,389,524
9776,389,525
9777,389,526
9778,389,527
9779,389,528
9780,389,529
9781,389,530
9782,389,531
9783,389,532
9784,389,533
9785,390,492
9786,390,493
9787,390,494
9788,390,495
9789,390,496
9790,390,497
9791,390,498
9792,390,499
9793,390,500
9794,390,501
9795,390,502
9796,390,503
9797,390,504
9798,390,505
9799,390,506
9800,390,507
9801,390,508
9802,390,509
9803,390,510
9804,390,511
9805,390,512
9806,390,513
9807,390,514
9808,390,515
9809,390,516
9810,390,517
9811,390,518
9812,390,519
9813,390,520
9814,390,521
9815,390,522
9816,390,523
9817,390,524
9818,390,525
9819,390,526
9820,390,527
9821,390,528
9822,390,529
9823,390,530
9824,390,531
9825,391,493
9826,391,494
9827,391,495
9828,391,496
9829,391,497
9830,391,498
9831,391,499
9832,391,500
9833,391,501
9834,391,502
9835,391,503
9836,391,504
9837,391,505
9838,391,506
9839,391,507
9840,391,508
9841,391,509
9842,391,510
9843,391,511
9844,391,512
9845,391,513
9846,391,514
9847,391,515
9848,391,516
9849,391,517
9850,391,518
9851,391,519
9852,391,520
9853,391,521
9854,391,522
9855,391,523
9856,391,524
9857,391,525
9858,391,526
9859,391,527
9860,391,528
9861,391,529
9862,391,530
9863,391,531
9864,392,494
9865,392,495
9866,392,496
9867,392,497
9868,392,498
9869,392,499
9870,392,500
9871,392,501
9872,392,502
9873,392,503
9874,392,504
9875,392,505
9876,392,506
9877,392,507
9878,392,508
9879,392,509
9880,392,510
9881,392,511
9882,392,512
9883,392,513
9884,392,514
9885,392,515
9886,392,516
9887,392,517
9888,392,518
9889,392,519
9890,392,520
9891,392,521
9892,392,522
9893,392,523
9894,392,524
9895,392,525
9896,392,526
9897,392,527
9898,392,528
9899,392,529
9900,392,530
9901,393,495
9902,393,496
9903,393,497
9904,393,498
9905,393,499
9906,393,500
9907,393,501
9908,393,502
9909,393,503
9910,393,504
9911,393,505
9912,393,506
9913,393,507
9914,393,508
9915,393,509
9916,393,510
9917,393,511
9918,393,512
9919,393,513
9920,393,514
9921,393,515
9922,393,516
9923,393,517
9924,393,518
9925,393,519
9926,393,520
9927,393,521
9928,393,522
9929,393,523
9930,393,524
9931,393,525
9932,393,526
9933,393,527
9934,393,528
9935,393,529
9936,394,496
9937,394,497
9938,394,498
9939,394,499
9940,394,500
9941,394,501
9942,394,502
9943,394,503
9944,394,504
9945,394,505
9946,394,506
9947,394,507
9948,394,508
9949,394,509
9950,394,510
9951,394,511
9952,394,512
9953,394,513
9954,394,514
9955,394,515
9956,394,516
9957,394,517
9958,394,518
9959,394,519
9960,394,520
9961,394,521
9962,394,522
9963,394,523
9964,394,524
9965,394,525
9966,394,526
9967,394,527
9968,394,528
9969,395,497
9970,395,498
9971,395,499
9972,395,500
9973,395,501
9974,395,502
9975,395,503
9976,395,504
9977,395,505
9978,395,506
9979,395,507
9980,395,508
9981,395,509
9982,395,510
9983,395,511
9984,395,512
9985,395,513
9986,395,514
9987,395,515
9988,395,516
9989,395,517
9990,395,518
9991,395,519
9992,395,520
9993,395,521
9994,395,522
9995,395,523
9996,395,524
9997,395,525
9998,395,526
9999,395,527
10000,396,498
10001,396,499
10002,396,500
10003,396,501
10004,396,502
10005,396,503
10006,396,504
10007,396,505
10008,396,506
10009,396,507
10010,396,508
10011,396,509
10012,396,510
10013,396,511
10014,396,512
10015,396,513
10016,396,514
10017,396,515
10018,396,516
10019,396,517
10020,396,518
10021,396,519
10022,396,520
10023,396,521
10024,396,522
10025,396,523
10026,396,524
10027,396,525
10028,396,526
10029,397,499
10030,397,500
10031,397,501
10032,397,502
10033,397,503
10034,397,504
10035,397,505
10036,397,506
10037,397,507
10038,397,508
10039,397,509
10040,397,510
10041,397,511
10042,397,512
10043,397,513
10044,397,514
10045,397,515
10046,397,516
10047,397,517
10048,397,518
10049,397,519
10050,397,520
10051,397,521
10052,397,522
10053,397,523
10054,397,524
10055,397,525
10056,398,500
10057,398,501
10058,398,502
10059,398,503
10060,398,504
10061,398,505
10062,398,506
10063,398,507
10064,398,508
10065,398,509
10066,398,510
10067,398,511
10068,398,512
10069,398,513
10070,398,514
10071,398,515
10072,398,516
10073,398,517
10074,398,518
10075,398,519
10076,398,520
10077,398,521
10078,398,522
10079,398,523
10080,398,524
10081,399,501
10082,399,502
10083,399,503
10084,399,504
10085,399,505
10086,399,506
10087,399,507
10088,399,508
10089,399,509
10090,399,510
10091,399,511
10092,399,512
10093,399,513
10094,399,514
10095,399,515
10096,399,516
10097,399,517
10098,399,518
10099,399,519
10100,399,520
10101,399,521
10102,399,522
10103,399,523
10104,400,502
10105,400,503
10106,400,504
10107,400,505
10108,400,506
10109,400,507
10110,400,508
10111,400,509
10112,400,510
10113,400,511
10114,400,512
10115,400,513
10116,400,514
10117,400,515
10118,400,516
10119,400,517
10120,400,518
10121,400,519
10122,400,520
10123,400,521
10124,400,522
10125,400,523
10126,401,502
10127,401,503
10128,401,504
10129,401,505
10130,401,506
10131,401,507
10132,401,508
10133,401,509
10134,401,510
10135,401,511
10136,401,512
10137,401,513
10138,401,514
10139,401,515
10140,401,516
10141,401,517
10142,401,518
10143,401,519
10144,402,503
10145,402,504
10146,402,505
10147,402,506
10148,402,507
10149,402,508
10150,402,509
10151,402,510
10152,402,511
10153,402,512
10154,402,513
10155,402,514
10156,402,515
10157,402,516
10158,402,517
10159,402,518
10160,402,519
10161,403,505
10162,403,506
10163,403,507
10164,403,508
10165,403,509
10166,403,510
10167,403,511
10168,403,512
10169,403,513
10170,403,514
10171,403,515
10172,403,516
10173,403,517
10174,404,507
10175,404,508
10176,404,509
10177,404,510
10178,404,511
10179,404,512
10180,404,513
10181,404,514
10182,404,515
10183,405,509
10184,405,510
10185,405,511
10186,405,512
10187,405,513
10188,405,514
