index,y,x
0,260,372
1,260,373
2,260,374
3,260,375
4,260,376
5,260,377
6,260,378
7,260,379
8,260,380
9,260,381
10,260,382
11,260,383
12,260,384
13,260,385
14,260,386
15,260,387
16,260,388
17,261,364
18,261,365
19,261,366
20,261,367
21,261,368
22,261,369
23,261,370
24,261,371
25,261,372
26,261,373
27,261,374
28,261,375
29,261,376
30,261,377
31,261,378
32,261,379
33,261,380
34,261,381
35,261,382
36,261,383
37,261,384
38,261,385
39,261,386
40,261,387
41,261,388
42,261,389
43,261,390
44,261,391
45,261,392
46,261,393
47,262,361
48,262,362
49,262,363
50,262,364
51,262,365
52,262,366
53,262,367
54,262,368
55,262,369
56,262,370
57,262,371
58,262,372
59,262,373
60,262,374
61,262,375
62,262,376
63,262,377
64,262,378
65,262,379
66,262,380
67,262,381
68,262,382
69,262,383
70,262,384
71,262,385
72,262,386
73,262,387
74,262,388
75,262,389
76,262,390
77,262,391
78,262,392
79,262,393
80,262,394
81,263,357
82,263,358
83,263,359
84,263,360
85,263,361
86,263,362
87,263,363
88,263,364
89,263,365
90,263,366
91,263,367
92,263,368
93,263,369
94,263,370
95,263,371
96,263,372
97,263,373
98,263,374
99,263,375
100,263,376
101,263,377
102,263,378
103,263,379
104,263,380
105,263,381
106,263,382
107,263,383
108,263,384
109,263,385
110,263,386
111,263,387
112,263,388
113,263,389
114,263,390
115,263,391
116,263,392
117,263,393
118,263,394
119,263,395
120,263,396
121,264,353
122,264,354
123,264,355
124,264,356
125,264,357
126,264,358
127,264,359
128,264,360
129,264,361
130,264,362
131,264,363
132,264,364
133,264,365
134,264,366
135,264,367
136,264,368
137,264,369
138,264,370
139,264,371
140,264,372
141,264,373
142,264,374
143,264,375
144,264,376
145,264,377
146,264,378
147,264,379
148,264,380
149,264,381
150,264,382
151,264,383
152,264,384
153,264,385
154,264,386
155,264,387
156,264,388
157,264,389
158,264,390
159,264,391
160,264,392
161,264,393
162,264,394
163,264,395
164,264,396
165,264,397
166,264,398
167,265,350
168,265,351
169,265,352
170,265,353
171,265,354
172,265,355
173,265,356
174,265,357
175,265,358
176,265,359
177,265,360
178,265,361
179,265,362
180,265,363
181,265,364
182,265,365
183,265,366
184,265,367
185,265,368
186,265,369
187,265,370
188,265,371
189,265,372
190,265,373
191,265,374
192,265,375
193,265,376
194,265,377
195,265,378
196,265,379
197,265,380
198,265,381
199,265,382
200,265,383
201,265,384
202,265,385
203,265,386
204,265,387
205,265,388
206,265,389
207,265,390
208,265,391
209,265,392
210,265,393
211,265,394
212,265,395
213,265,396
214,265,397
215,265,398
216,265,399
217,265,400
218,266,348
219,266,349
220,266,350
221,266,351
222,266,352
223,266,353
224,266,354
225,266,355
226,266,356
227,266,357
228,266,358
229,266,359
230,266,360
231,266,361
232,266,362
233,266,363
234,266,364
235,266,365
236,266,366
237,266,367
238,266,368
239,266,369
240,266,370
241,266,371
242,266,372
243,266,373
244,266,374
245,266,375
246,266,376
247,266,377
248,266,378
249,266,379
250,266,380
251,266,381
252,266,382
253,266,383
254,266,384
255,266,385
256,266,386
257,266,387
258,266,388
259,266,389
260,266,390
261,266,391
262,266,392
263,266,393
264,266,394
265,266,395
266,266,396
267,266,397
268,266,398
269,266,399
270,266,400
271,266,401
272,266,402
273,266,403
274,266,404
275,267,344
276,267,345
277,267,346
278,267,347
279,267,348
280,267,349
281,267,350
282,267,351
283,267,352
284,267,353
285,267,354
286,267,355
287,267,356
288,267,357
289,267,358
290,267,359
291,267,360
292,267,361
293,267,362
294,267,363
295,267,364
296,267,365
297,267,366
298,267,367
299,267,368
300,267,369
301,267,370
302,267,371
303,267,372
304,267,373
305,267,374
306,267,375
307,267,376
308,267,377
309,267,378
310,267,379
311,267,380
312,267,381
313,267,382
314,267,383
315,267,384
316,267,385
317,267,386
318,267,387
319,267,388
320,267,389
321,267,390
322,267,391
323,267,392
324,267,393
325,267,394
326,267,395
327,267,396
328,267,397
329,267,398
330,267,399
331,267,400
332,267,401
333,267,402
334,267,403
335,267,404
336,267,405
337,267,406
338,267,407
339,267,408
340,268,340
341,268,341
342,268,342
343,268,343
344,268,344
345,268,345
346,268,346
347,268,347
348,268,348
349,268,349
350,268,350
351,268,351
352,268,352
353,268,353
354,268,354
355,268,355
356,268,356
357,268,357
358,268,358
359,268,359
360,268,360
361,268,361
362,268,362
363,268,363
364,268,364
365,268,365
366,268,366
367,268,367
368,268,368
369,268,369
370,268,370
371,268,371
372,268,372
373,268,373
374,268,374
375,268,375
376,268,376
377,268,377
378,268,378
379,268,379
380,268,380
381,268,381
382,268,382
383,268,383
384,268,384
385,268,385
386,268,386
387,268,387
388,268,388
389,268,389
390,268,390
391,268,391
392,268,392
393,268,393
394,268,394
395,268,395
396,268,396
397,268,397
398,268,398
399,268,399
400,268,400
401,268,401
402,268,402
403,268,403
404,268,404
405,268,405
406,268,406
407,268,407
408,268,408
409,268,409
410,268,410
411,268,411
412,268,412
413,268,413
414,269,339
415,269,340
416,269,341
417,269,342
418,269,343
419,269,344
420,269,345
421,269,346
422,269,347
423,269,348
424,269,349
425,269,350
426,269,351
427,269,352
428,269,353
429,269,354
430,269,355
431,269,356
432,269,357
433,269,358
434,269,359
435,269,360
436,269,361
437,269,362
438,269,363
439,269,364
440,269,365
441,269,366
442,269,367
443,269,368
444,269,369
445,269,370
446,269,371
447,269,372
448,269,373
449,269,374
450,269,375
451,269,376
452,269,377
453,269,378
454,269,379
455,269,380
456,269,381
457,269,382
458,269,383
459,269,384
460,269,385
461,269,386
462,269,387
463,269,388
464,269,389
465,269,390
466,269,391
467,269,392
468,269,393
469,269,394
470,269,395
471,269,396
472,269,397
473,269,398
474,269,399
475,269,400
476,269,401
477,269,402
478,269,403
479,269,404
480,269,405
481,269,406
482,269,407
483,269,408
484,269,409
485,269,410
486,269,411
487,269,412
488,269,413
489,269,414
490,269,415
491,269,416
492,269,417
493,269,418
494,269,419
495,269,420
496,269,421
497,269,422
498,269,423
499,269,424
500,269,425
501,269,426
502,269,427
503,269,428
504,269,429
505,269,430
506,269,431
507,269,432
508,269,433
509,269,434
510,269,435
511,269,436
512,269,437
513,269,438
514,269,439
515,269,440
516,269,441
517,269,442
518,269,443
519,269,444
520,269,445
521,269,446
522,269,447
523,269,448
524,269,450
525,269,451
526,269,452
527,269,453
528,269,454
529,270,338
530,270,339
531,270,340
532,270,341
533,270,342
534,270,343
535,270,344
536,270,345
537,270,346
538,270,347
539,270,348
540,270,349
541,270,350
542,270,351
543,270,352
544,270,353
545,270,354
546,270,355
547,270,356
548,270,357
549,270,358
550,270,359
551,270,360
552,270,361
553,270,362
554,270,363
555,270,364
556,270,365
557,270,366
558,270,367
559,270,368
560,270,369
561,270,370
562,270,371
563,270,372
564,270,373
565,270,374
566,270,375
567,270,376
568,270,377
569,270,378
570,270,379
571,270,380
572,270,381
573,270,382
574,270,383
575,270,384
576,270,385
577,270,386
578,270,387
579,270,388
580,270,389
581,270,390
582,270,391
583,270,392
584,270,393
585,270,394
586,270,395
587,270,396
588,270,397
589,270,398
590,270,399
591,270,400
592,270,401
593,270,402
594,270,403
595,270,404
596,270,405
597,270,406
598,270,407
599,270,408
600,270,409
601,270,410
602,270,411
603,270,412
604,270,413
605,270,414
606,270,415
607,270,416
608,270,417
609,270,418
610,270,419
611,270,420
612,270,421
613,270,422
614,270,423
615,270,424
616,270,425
617,270,426
618,270,427
619,270,428
620,270,429
621,270,430
622,270,431
623,270,432
624,270,433
625,270,434
626,270,435
627,270,436
628,270,437
629,270,438
630,270,439
631,270,440
632,270,441
633,270,442
634,270,443
635,270,444
636,270,445
637,270,446
638,270,447
639,270,448
640,270,449
641,270,450
642,270,451
643,270,452
644,270,453
645,270,454
646,270,455
647,270,456
648,271,337
649,271,338
650,271,339
651,271,340
652,271,341
653,271,342
654,271,343
655,271,344
656,271,345
657,271,346
658,271,347
659,271,348
660,271,349
661,271,350
662,271,351
663,271,352
664,271,353
665,271,354
666,271,355
667,271,356
668,271,357
669,271,358
670,271,359
671,271,360
672,271,361
673,271,362
674,271,363
675,271,364
676,271,365
677,271,366
678,271,367
679,271,368
680,271,369
681,271,370
682,271,371
683,271,372
684,271,373
685,271,374
686,271,375
687,271,376
688,271,377
689,271,378
690,271,379
691,271,380
692,271,381
693,271,382
694,271,383
695,271,384
696,271,385
697,271,386
698,271,387
699,271,388
700,271,389
701,271,390
702,271,391
703,271,392
704,271,393
705,271,394
706,271,395
707,271,396
708,271,397
709,271,398
710,271,399
711,271,400
712,271,401
713,271,402
714,271,403
715,271,404
716,271,405
717,271,406
718,271,407
719,271,408
720,271,409
721,271,410
722,271,411
723,271,412
724,271,413
725,271,414
726,271,415
727,271,416
728,271,417
729,271,418
730,271,419
731,271,420
732,271,421
733,271,422
734,271,423
735,271,424
736,271,425
737,271,426
738,271,427
739,271,428
740,271,429
741,271,430
742,271,431
743,271,432
744,271,433
745,271,434
746,271,435
747,271,436
748,271,437
749,271,438
750,271,439
751,271,440
752,271,441
753,271,442
754,271,443
755,271,444
756,271,445
757,271,446
758,271,447
759,271,448
760,271,449
761,271,450
762,271,451
763,271,452
764,271,453
765,271,454
766,271,455
767,271,456
768,271,457
769,272,337
770,272,338
771,272,339
772,272,340
773,272,341
774,272,342
775,272,343
776,272,344
777,272,345
778,272,346
779,272,347
780,272,348
781,272,349
782,272,350
783,272,351
784,272,352
785,272,353
786,272,354
787,272,355
788,272,356
789,272,357
790,272,358
791,272,359
792,272,360
793,272,361
794,272,362
795,272,363
796,272,364
797,272,365
798,272,366
799,272,367
800,272,368
801,272,369
802,272,370
803,272,371
804,272,372
805,272,373
806,272,374
807,272,375
808,272,376
809,272,377
810,272,378
811,272,379
812,272,380
813,272,381
814,272,382
815,272,383
816,272,384
817,272,385
818,272,386
819,272,387
820,272,388
821,272,389
822,272,390
823,272,391
824,272,392
825,272,393
826,272,394
827,272,395
828,272,396
829,272,397
830,272,398
831,272,399
832,272,400
833,272,401
834,272,402
835,272,403
836,272,404
837,272,405
838,272,406
839,272,407
840,272,408
841,272,409
842,272,410
843,272,411
844,272,412
845,272,413
846,272,414
847,272,415
848,272,416
849,272,417
850,272,418
851,272,419
852,272,420
853,272,421
854,272,422
855,272,423
856,272,424
857,272,425
858,272,426
859,272,427
860,272,428
861,272,429
862,272,430
863,272,431
864,272,432
865,272,433
866,272,434
867,272,435
868,272,436
869,272,437
870,272,438
871,272,439
872,272,440
873,272,441
874,272,442
875,272,443
876,272,444
877,272,445
878,272,446
879,272,447
880,272,448
881,272,449
882,272,450
883,272,451
884,272,452
885,272,453
886,272,454
887,272,455
888,272,456
889,272,457
890,272,458
891,273,336
892,273,337
893,273,338
894,273,339
895,273,340
896,273,341
897,273,342
898,273,343
899,273,344
900,273,345
901,273,346
902,273,347
903,273,348
904,273,349
905,273,350
906,273,351
907,273,352
908,273,353
909,273,354
910,273,355
911,273,356
912,273,357
913,273,358
914,273,359
915,273,360
916,273,361
917,273,362
918,273,363
919,273,364
920,273,365
921,273,366
922,273,367
923,273,368
924,273,369
925,273,370
926,273,371
927,273,372
928,273,373
929,273,374
930,273,375
931,273,376
932,273,377
933,273,378
934,273,379
935,273,380
936,273,381
937,273,382
938,273,383
939,273,384
940,273,385
941,273,386
942,273,387
943,273,388
944,273,389
945,273,390
946,273,391
947,273,392
948,273,393
949,273,394
950,273,395
951,273,396
952,273,397
953,273,398
954,273,399
955,273,400
956,273,401
957,273,402
958,273,403
959,273,404
960,273,405
961,273,406
962,273,407
963,273,408
964,273,409
965,273,410
966,273,411
967,273,412
968,273,413
969,273,414
970,273,415
971,273,416
972,273,417
973,273,418
974,273,419
975,273,420
976,273,421
977,273,422
978,273,423
979,273,424
980,273,425
981,273,426
982,273,427
983,273,428
984,273,429
985,273,430
986,273,431
987,273,432
988,273,433
989,273,434
990,273,435
991,273,436
992,273,437
993,273,438
994,273,439
995,273,440
996,273,441
997,273,442
998,273,443
999,273,444
1000,273,445
1001,273,446
1002,273,447
1003,273,448
1004,273,449
1005,273,450
1006,273,451
1007,273,452
1008,273,453
1009,273,454
1010,273,455
1011,273,456
1012,273,457
1013,273,458
1014,274,336
1015,274,337
1016,274,338
1017,274,339
1018,274,340
1019,274,341
1020,274,342
1021,274,343
1022,274,344
1023,274,345
1024,274,346
1025,274,347
1026,274,348
1027,274,349
1028,274,350
1029,274,351
1030,274,352
1031,274,353
1032,274,354
1033,274,355
1034,274,356
1035,274,357
1036,274,358
1037,274,359
1038,274,360
1039,274,361
1040,274,362
1041,274,363
1042,274,364
1043,274,365
1044,274,366
1045,274,367
1046,274,368
1047,274,369
1048,274,370
1049,274,371
1050,274,372
1051,274,373
1052,274,374
1053,274,375
1054,274,376
1055,274,377
1056,274,378
1057,274,379
1058,274,380
1059,274,381
1060,274,382
1061,274,383
1062,274,384
1063,274,385
1064,274,386
1065,274,387
1066,274,388
1067,274,389
1068,274,390
1069,274,391
1070,274,392
1071,274,393
1072,274,394
1073,274,395
1074,274,396
1075,274,397
1076,274,398
1077,274,399
1078,274,400
1079,274,401
1080,274,402
1081,274,403
1082,274,404
1083,274,405
1084,274,406
1085,274,407
1086,274,408
1087,274,409
1088,274,410
1089,274,411
1090,274,412
1091,274,413
1092,274,414
1093,274,415
1094,274,416
1095,274,417
1096,274,418
1097,274,419
1098,274,420
1099,274,421
1100,274,422
1101,274,423
1102,274,424
1103,274,425
1104,274,426
1105,274,427
1106,274,428
1107,274,429
1108,274,430
1109,274,431
1110,274,432
1111,274,433
1112,274,434
1113,274,435
1114,274,436
1115,274,437
1116,274,438
1117,274,439
1118,274,440
1119,274,441
1120,274,442
1121,274,443
1122,274,444
1123,274,445
1124,274,446
1125,274,447
1126,274,448
1127,274,449
1128,274,450
1129,274,451
1130,274,452
1131,274,453
1132,274,454
1133,274,455
1134,274,456
1135,274,457
1136,274,458
1137,274,459
1138,275,336
1139,275,337
1140,275,338
1141,275,339
1142,275,340
1143,275,341
1144,275,342
1145,275,343
1146,275,344
1147,275,345
1148,275,346
1149,275,347
1150,275,348
1151,275,349
1152,275,350
1153,275,351
1154,275,352
1155,275,353
1156,275,354
1157,275,355
1158,275,356
1159,275,357
1160,275,358
1161,275,359
1162,275,360
1163,275,361
1164,275,362
1165,275,363
1166,275,364
1167,275,365
1168,275,366
1169,275,367
1170,275,368
1171,275,369
1172,275,370
1173,275,371
1174,275,372
1175,275,373
1176,275,374
1177,275,375
1178,275,376
1179,275,377
1180,275,378
1181,275,379
1182,275,380
1183,275,381
1184,275,382
1185,275,383
1186,275,384
1187,275,385
1188,275,386
1189,275,387
1190,275,388
1191,275,389
1192,275,390
1193,275,391
1194,275,392
1195,275,393
1196,275,394
1197,275,395
1198,275,396
1199,275,397
1200,275,398
1201,275,399
1202,275,400
1203,275,401
1204,275,402
1205,275,403
1206,275,404
1207,275,405
1208,275,406
1209,275,407
1210,275,408
1211,275,409
1212,275,410
1213,275,411
1214,275,412
1215,275,413
1216,275,414
1217,275,415
1218,275,416
1219,275,417
1220,275,418
1221,275,419
1222,275,420
1223,275,421
1224,275,422
1225,275,423
1226,275,424
1227,275,425
1228,275,426
1229,275,427
1230,275,428
1231,275,429
1232,275,430
1233,275,431
1234,275,432
1235,275,433
1236,275,434
1237,275,435
1238,275,436
1239,275,437
1240,275,438
1241,275,439
1242,275,440
1243,275,441
1244,275,442
1245,275,443
1246,275,444
1247,275,445
1248,275,446
1249,275,447
1250,275,448
1251,275,449
1252,275,450
1253,275,451
1254,275,452
1255,275,453
1256,275,454
1257,275,455
1258,275,456
1259,275,457
1260,275,458
1261,275,459
1262,276,336
1263,276,337
1264,276,338
1265,276,339
1266,276,340
1267,276,341
1268,276,342
1269,276,343
1270,276,344
1271,276,345
1272,276,346
1273,276,347
1274,276,348
1275,276,349
1276,276,350
1277,276,351
1278,276,352
1279,276,353
1280,276,354
1281,276,355
1282,276,356
1283,276,357
1284,276,358
1285,276,359
1286,276,360
1287,276,361
1288,276,362
1289,276,363
1290,276,364
1291,276,365
1292,276,366
1293,276,367
1294,276,368
1295,276,369
1296,276,370
1297,276,371
1298,276,372
1299,276,373
1300,276,374
1301,276,375
1302,276,376
1303,276,377
1304,276,378
1305,276,379
1306,276,380
1307,276,381
1308,276,382
1309,276,383
1310,276,384
1311,276,385
1312,276,386
1313,276,387
1314,276,388
1315,276,389
1316,276,390
1317,276,391
1318,276,392
1319,276,393
1320,276,394
1321,276,395
1322,276,396
1323,276,397
1324,276,398
1325,276,399
1326,276,400
1327,276,401
1328,276,402
1329,276,403
1330,276,404
1331,276,405
1332,276,406
1333,276,407
1334,276,408
1335,276,409
1336,276,410
1337,276,411
1338,276,412
1339,276,413
1340,276,414
1341,276,415
1342,276,416
1343,276,417
1344,276,418
1345,276,419
1346,276,420
1347,276,421
1348,276,422
1349,276,423
1350,276,424
1351,276,425
1352,276,426
1353,276,427
1354,276,428
1355,276,429
1356,276,430
1357,276,431
1358,276,432
1359,276,433
1360,276,434
1361,276,435
1362,276,436
1363,276,437
1364,276,438
1365,276,439
1366,276,440
1367,276,441
1368,276,442
1369,276,443
1370,276,444
1371,276,445
1372,276,446
1373,276,447
1374,276,448
1375,276,449
1376,276,450
1377,276,451
1378,276,452
1379,276,453
1380,276,454
1381,276,455
1382,276,456
1383,276,457
1384,276,458
1385,276,459
1386,277,335
1387,277,336
1388,277,337
1389,277,338
1390,277,339
1391,277,340
1392,277,341
1393,277,342
1394,277,343
1395,277,344
1396,277,345
1397,277,346
1398,277,347
1399,277,348
1400,277,349
1401,277,350
1402,277,351
1403,277,352
1404,277,353
1405,277,354
1406,277,355
1407,277,356
1408,277,357
1409,277,358
1410,277,359
1411,277,360
1412,277,361
1413,277,362
1414,277,363
1415,277,364
1416,277,365
1417,277,366
1418,277,367
1419,277,368
1420,277,369
1421,277,370
1422,277,371
1423,277,372
1424,277,373
1425,277,374
1426,277,375
1427,277,376
1428,277,377
1429,277,378
1430,277,379
1431,277,380
1432,277,381
1433,277,382
1434,277,383
1435,277,384
1436,277,385
1437,277,386
1438,277,387
1439,277,388
1440,277,389
1441,277,390
1442,277,391
1443,277,392
1444,277,393
1445,277,394
1446,277,395
1447,277,396
1448,277,397
1449,277,398
1450,277,399
1451,277,400
1452,277,401
1453,277,402
1454,277,403
1455,277,404
1456,277,405
1457,277,406
1458,277,407
1459,277,408
1460,277,409
1461,277,410
1462,277,411
1463,277,412
1464,277,413
1465,277,414
1466,277,415
1467,277,416
1468,277,417
1469,277,418
1470,277,419
1471,277,420
1472,277,421
1473,277,422
1474,277,423
1475,277,424
1476,277,425
1477,277,426
1478,277,427
1479,277,428
1480,277,429
1481,277,430
1482,277,431
1483,277,432
1484,277,433
1485,277,434
1486,277,435
1487,277,436
1488,277,437
1489,277,438
1490,277,439
1491,277,440
1492,277,441
1493,277,442
1494,277,443
1495,277,444
1496,277,445
1497,277,446
1498,277,447
1499,277,448
1500,277,449
1501,277,450
1502,277,451
1503,277,452
1504,277,453
1505,277,454
1506,277,455
1507,277,456
1508,277,457
1509,277,458
1510,277,459
1511,278,335
1512,278,336
1513,278,337
1514,278,338
1515,278,339
1516,278,340
1517,278,341
1518,278,342
1519,278,343
1520,278,344
1521,278,345
1522,278,346
1523,278,347
1524,278,348
1525,278,349
1526,278,350
1527,278,351
1528,278,352
1529,278,353
1530,278,354
1531,278,355
1532,278,356
1533,278,357
1534,278,358
1535,278,359
1536,278,360
1537,278,361
1538,278,362
1539,278,363
1540,278,364
1541,278,365
1542,278,366
1543,278,367
1544,278,368
1545,278,369
1546,278,370
1547,278,371
1548,278,372
1549,278,373
1550,278,374
1551,278,375
1552,278,376
1553,278,377
1554,278,378
1555,278,379
1556,278,380
1557,278,381
1558,278,382
1559,278,383
1560,278,384
1561,278,385
1562,278,386
1563,278,387
1564,278,388
1565,278,389
1566,278,390
1567,278,391
1568,278,392
1569,278,393
1570,278,394
1571,278,395
1572,278,396
1573,278,397
1574,278,398
1575,278,399
1576,278,400
1577,278,401
1578,278,402
1579,278,403
1580,278,404
1581,278,405
1582,278,406
1583,278,407
1584,278,408
1585,278,409
1586,278,410
1587,278,411
1588,278,412
1589,278,413
1590,278,414
1591,278,415
1592,278,416
1593,278,417
1594,278,418
1595,278,419
1596,278,420
1597,278,421
1598,278,422
1599,278,423
1600,278,424
1601,278,425
1602,278,426
1603,278,427
1604,278,428
1605,278,429
1606,278,430
1607,278,431
1608,278,432
1609,278,433
1610,278,434
1611,278,435
1612,278,436
1613,278,437
1614,278,438
1615,278,439
1616,278,440
1617,278,441
1618,278,442
1619,278,443
1620,278,444
1621,278,445
1622,278,446
1623,278,447
1624,278,448
1625,278,449
1626,278,450
1627,278,451
1628,278,452
1629,278,453
1630,278,454
1631,278,455
1632,278,456
1633,278,457
1634,278,458
1635,278,459
1636,279,335
1637,279,336
1638,279,337
1639,279,338
1640,279,339
1641,279,340
1642,279,341
1643,279,342
1644,279,343
1645,279,344
1646,279,345
1647,279,346
1648,279,347
1649,279,348
1650,279,349
1651,279,350
1652,279,351
1653,279,352
1654,279,353
1655,279,354
1656,279,355
1657,279,356
1658,279,357
1659,279,358
1660,279,359
1661,279,360
1662,279,361
1663,279,362
1664,279,363
1665,279,364
1666,279,365
1667,279,366
1668,279,367
1669,279,368
1670,279,369
1671,279,370
1672,279,371
1673,279,372
1674,279,373
1675,279,374
1676,279,375
1677,279,376
1678,279,377
1679,279,378
1680,279,379
1681,279,380
1682,279,381
1683,279,382
1684,279,383
1685,279,384
1686,279,385
1687,279,386
1688,279,387
1689,279,388
1690,279,389
1691,279,390
1692,279,391
1693,279,392
1694,279,393
1695,279,394
1696,279,395
1697,279,396
1698,279,397
1699,279,398
1700,279,399
1701,279,400
1702,279,401
1703,279,402
1704,279,403
1705,279,404
1706,279,405
1707,279,406
1708,279,407
1709,279,408
1710,279,409
1711,279,410
1712,279,411
1713,279,412
1714,279,413
1715,279,414
1716,279,415
1717,279,416
1718,279,417
1719,279,418
1720,279,419
1721,279,420
1722,279,421
1723,279,422
1724,279,423
1725,279,424
1726,279,425
1727,279,426
1728,279,427
1729,279,428
1730,279,429
1731,279,430
1732,279,431
1733,279,432
1734,279,433
1735,279,434
1736,279,435
1737,279,436
1738,279,437
1739,279,438
1740,279,439
1741,279,440
1742,279,441
1743,279,442
1744,279,443
1745,279,444
1746,279,445
1747,279,446
1748,279,447
1749,279,448
1750,279,449
1751,279,450
1752,279,451
1753,279,452
1754,279,453
1755,279,454
1756,279,455
1757,279,456
1758,279,457
1759,279,458
1760,279,459
1761,280,335
1762,280,336
1763,280,337
1764,280,338
1765,280,339
1766,280,340
1767,280,341
1768,280,342
1769,280,343
1770,280,344
1771,280,345
1772,280,346
1773,280,347
1774,280,348
1775,280,349
1776,280,350
1777,280,351
1778,280,352
1779,280,353
1780,280,354
1781,280,355
1782,280,356
1783,280,357
1784,280,358
1785,280,359
1786,280,360
1787,280,361
1788,280,362
1789,280,363
1790,280,364
1791,280,365
1792,280,366
1793,280,367
1794,280,368
1795,280,369
1796,280,370
1797,280,371
1798,280,372
1799,280,373
1800,280,374
1801,280,375
1802,280,376
1803,280,377
1804,280,378
1805,280,379
1806,280,380
1807,280,381
1808,280,382
1809,280,383
1810,280,384
1811,280,385
1812,280,386
1813,280,387
1814,280,388
1815,280,389
1816,280,390
1817,280,391
1818,280,392
1819,280,393
1820,280,394
1821,280,395
1822,280,396
1823,280,397
1824,280,398
1825,280,399
1826,280,400
1827,280,401
1828,280,402
1829,280,403
1830,280,404
1831,280,405
1832,280,406
1833,280,407
1834,280,408
1835,280,409
1836,280,410
1837,280,411
1838,280,412
1839,280,413
1840,280,414
1841,280,415
1842,280,416
1843,280,417
1844,280,418
1845,280,419
1846,280,420
1847,280,421
1848,280,422
1849,280,423
1850,280,424
1851,280,425
1852,280,426
1853,280,427
1854,280,428
1855,280,429
1856,280,430
1857,280,431
1858,280,432
1859,280,433
1860,280,434
1861,280,435
1862,280,436
1863,280,437
1864,280,438
1865,280,439
1866,280,440
1867,280,441
1868,280,442
1869,280,443
1870,280,444
1871,280,445
1872,280,446
1873,280,447
1874,280,448
1875,280,449
1876,280,450
1877,280,451
1878,280,452
1879,280,453
1880,280,454
1881,280,455
1882,280,456
1883,280,457
1884,280,458
1885,280,459
1886,281,335
1887,281,336
1888,281,337
1889,281,338
1890,281,339
1891,281,340
1892,281,341
1893,281,342
1894,281,343
1895,281,344
1896,281,345
1897,281,346
1898,281,347
1899,281,348
1900,281,349
1901,281,350
1902,281,351
1903,281,352
1904,281,353
1905,281,354
1906,281,355
1907,281,356
1908,281,357
1909,281,358
1910,281,359
1911,281,360
1912,281,361
1913,281,362
1914,281,363
1915,281,364
1916,281,365
1917,281,366
1918,281,367
1919,281,368
1920,281,369
1921,281,370
1922,281,371
1923,281,372
1924,281,373
1925,281,374
1926,281,375
1927,281,376
1928,281,377
1929,281,378
1930,281,379
1931,281,380
1932,281,381
1933,281,382
1934,281,383
1935,281,384
1936,281,385
1937,281,386
1938,281,387
1939,281,388
1940,281,389
1941,281,390
1942,281,391
1943,281,392
1944,281,393
1945,281,394
1946,281,395
1947,281,396
1948,281,397
1949,281,398
1950,281,399
1951,281,400
1952,281,401
1953,281,402
1954,281,403
1955,281,404
1956,281,405
1957,281,406
1958,281,407
1959,281,408
1960,281,409
1961,281,410
1962,281,411
1963,281,412
1964,281,413
1965,281,414
1966,281,415
1967,281,416
1968,281,417
1969,281,418
1970,281,419
1971,281,420
1972,281,421
1973,281,422
1974,281,423
1975,281,424
1976,281,425
1977,281,426
1978,281,427
1979,281,428
1980,281,429
1981,281,430
1982,281,431
1983,281,432
1984,281,433
1985,281,434
1986,281,435
1987,281,436
1988,281,437
1989,281,438
1990,281,439
1991,281,440
1992,281,441
1993,281,442
1994,281,443
1995,281,444
1996,281,445
1997,281,446
1998,281,447
1999,281,448
2000,281,449
2001,281,450
2002,281,451
2003,281,452
2004,281,453
2005,281,454
2006,281,455
2007,281,456
2008,281,457
2009,281,458
2010,281,459
2011,282,335
2012,282,336
2013,282,337
2014,282,338
2015,282,339
2016,282,340
2017,282,341
2018,282,342
2019,282,343
2020,282,344
2021,282,345
2022,282,346
2023,282,347
2024,282,348
2025,282,349
2026,282,350
2027,282,351
2028,282,352
2029,282,353
2030,282,354
2031,282,355
2032,282,356
2033,282,357
2034,282,358
2035,282,359
2036,282,360
2037,282,361
2038,282,362
2039,282,363
2040,282,364
2041,282,365
2042,282,366
2043,282,367
2044,282,368
2045,282,369
2046,282,370
2047,282,371
2048,282,372
2049,282,373
2050,282,374
2051,282,375
2052,282,376
2053,282,377
2054,282,378
2055,282,379
2056,282,380
2057,282,381
2058,282,382
2059,282,383
2060,282,384
2061,282,385
2062,282,386
2063,282,387
2064,282,388
2065,282,389
2066,282,390
2067,282,391
2068,282,392
2069,282,393
2070,282,394
2071,282,395
2072,282,396
2073,282,397
2074,282,398
2075,282,399
2076,282,400
2077,282,401
2078,282,402
2079,282,403
2080,282,404
2081,282,405
2082,282,406
2083,282,407
2084,282,408
2085,282,409
2086,282,410
2087,282,411
2088,282,412
2089,282,413
2090,282,414
2091,282,415
2092,282,416
2093,282,417
2094,282,418
2095,282,419
2096,282,420
2097,282,421
2098,282,422
2099,282,423
2100,282,424
2101,282,425
2102,282,426
2103,282,427
2104,282,428
2105,282,429
2106,282,430
2107,282,431
2108,282,432
2109,282,433
2110,282,434
2111,282,435
2112,282,436
2113,282,437
2114,282,438
2115,282,439
2116,282,440
2117,282,441
2118,282,442
2119,282,443
2120,282,444
2121,282,445
2122,282,446
2123,282,447
2124,282,448
2125,282,449
2126,282,450
2127,282,451
2128,282,452
2129,282,453
2130,282,454
2131,282,455
2132,282,456
2133,282,457
2134,282,458
2135,282,459
2136,282,460
2137,283,335
2138,283,336
2139,283,337
2140,283,338
2141,283,339
2142,283,340
2143,283,341
2144,283,342
2145,283,343
2146,283,344
2147,283,345
2148,283,346
2149,283,347
2150,283,348
2151,283,349
2152,283,350
2153,283,351
2154,283,352
2155,283,353
2156,283,354
2157,283,355
2158,283,356
2159,283,357
2160,283,358
2161,283,359
2162,283,360
2163,283,361
2164,283,362
2165,283,363
2166,283,364
2167,283,365
2168,283,366
2169,283,367
2170,283,368
2171,283,369
2172,283,370
2173,283,371
2174,283,372
2175,283,373
2176,283,374
2177,283,375
2178,283,376
2179,283,377
2180,283,378
2181,283,379
2182,283,380
2183,283,381
2184,283,382
2185,283,383
2186,283,384
2187,283,385
2188,283,386
2189,283,387
2190,283,388
2191,283,389
2192,283,390
2193,283,391
2194,283,392
2195,283,393
2196,283,394
2197,283,395
2198,283,396
2199,283,397
2200,283,398
2201,283,399
2202,283,400
2203,283,401
2204,283,402
2205,283,403
2206,283,404
2207,283,405
2208,283,406
2209,283,407
2210,283,408
2211,283,409
2212,283,410
2213,283,411
2214,283,412
2215,283,413
2216,283,414
2217,283,415
2218,283,416
2219,283,417
2220,283,418
2221,283,419
2222,283,420
2223,283,421
2224,283,422
2225,283,423
2226,283,424
2227,283,425
2228,283,426
2229,283,427
2230,283,428
2231,283,429
2232,283,430
2233,283,431
2234,283,432
2235,283,433
2236,283,434
2237,283,435
2238,283,436
2239,283,437
2240,283,438
2241,283,439
2242,283,440
2243,283,441
2244,283,442
2245,283,443
2246,283,444
2247,283,445
2248,283,446
2249,283,447
2250,283,448
2251,283,449
2252,283,450
2253,283,451
2254,283,452
2255,283,453
2256,283,454
2257,283,455
2258,283,456
2259,283,457
2260,283,458
2261,283,459
2262,283,460
2263,284,335
2264,284,336
2265,284,337
2266,284,338
2267,284,339
2268,284,340
2269,284,341
2270,284,342
2271,284,343
2272,284,344
2273,284,345
2274,284,346
2275,284,347
2276,284,348
2277,284,349
2278,284,350
2279,284,351
2280,284,352
2281,284,353
2282,284,354
2283,284,355
2284,284,356
2285,284,357
2286,284,358
2287,284,359
2288,284,360
2289,284,361
2290,284,362
2291,284,363
2292,284,364
2293,284,365
2294,284,366
2295,284,367
2296,284,368
2297,284,369
2298,284,370
2299,284,371
2300,284,372
2301,284,373
2302,284,374
2303,284,375
2304,284,376
2305,284,377
2306,284,378
2307,284,379
2308,284,380
2309,284,381
2310,284,382
2311,284,383
2312,284,384
2313,284,385
2314,284,386
2315,284,387
2316,284,388
2317,284,389
2318,284,390
2319,284,391
2320,284,392
2321,284,393
2322,284,394
2323,284,395
2324,284,396
2325,284,397
2326,284,398
2327,284,399
2328,284,400
2329,284,401
2330,284,402
2331,284,403
2332,284,404
2333,284,405
2334,284,406
2335,284,407
2336,284,408
2337,284,409
2338,284,410
2339,284,411
2340,284,412
2341,284,413
2342,284,414
2343,284,415
2344,284,416
2345,284,417
2346,284,418
2347,284,419
2348,284,420
2349,284,421
2350,284,422
2351,284,423
2352,284,424
2353,284,425
2354,284,426
2355,284,427
2356,284,428
2357,284,429
2358,284,430
2359,284,431
2360,284,432
2361,284,433
2362,284,434
2363,284,435
2364,284,436
2365,284,437
2366,284,438
2367,284,439
2368,284,440
2369,284,441
2370,284,442
2371,284,443
2372,284,444
2373,284,445
2374,284,446
2375,284,447
2376,284,448
2377,284,449
2378,284,450
2379,284,451
2380,284,452
2381,284,453
2382,284,454
2383,284,455
2384,284,456
2385,284,457
2386,284,458
2387,284,459
2388,284,460
2389,285,335
2390,285,336
2391,285,337
2392,285,338
2393,285,339
2394,285,340
2395,285,341
2396,285,342
2397,285,343
2398,285,344
2399,285,345
2400,285,346
2401,285,347
2402,285,348
2403,285,349
2404,285,350
2405,285,351
2406,285,352
2407,285,353
2408,285,354
2409,285,355
2410,285,356
2411,285,357
2412,285,358
2413,285,359
2414,285,360
2415,285,361
2416,285,362
2417,285,363
2418,285,364
2419,285,365
2420,285,366
2421,285,367
2422,285,368
2423,285,369
2424,285,370
2425,285,371
2426,285,372
2427,285,373
2428,285,374
2429,285,375
2430,285,376
2431,285,377
2432,285,378
2433,285,379
2434,285,380
2435,285,381
2436,285,382
2437,285,383
2438,285,384
2439,285,385
2440,285,386
2441,285,387
2442,285,388
2443,285,389
2444,285,390
2445,285,391
2446,285,392
2447,285,393
2448,285,394
2449,285,395
2450,285,396
2451,285,397
2452,285,398
2453,285,399
2454,285,400
2455,285,401
2456,285,402
2457,285,403
2458,285,404
2459,285,405
2460,285,406
2461,285,407
2462,285,408
2463,285,409
2464,285,410
2465,285,411
2466,285,412
2467,285,413
2468,285,414
2469,285,415
2470,285,416
2471,285,417
2472,285,418
2473,285,419
2474,285,420
2475,285,421
2476,285,422
2477,285,423
2478,285,424
2479,285,425
2480,285,426
2481,285,427
2482,285,428
2483,285,429
2484,285,430
2485,285,431
2486,285,432
2487,285,433
2488,285,434
2489,285,435
2490,285,436
2491,285,437
2492,285,438
2493,285,439
2494,285,440
2495,285,441
2496,285,442
2497,285,443
2498,285,444
2499,285,445
2500,285,446
2501,285,447
2502,285,448
2503,285,449
2504,285,450
2505,285,451
2506,285,452
2507,285,453
2508,285,454
2509,285,455
2510,285,456
2511,285,457
2512,285,458
2513,285,459
2514,285,460
2515,286,335
2516,286,336
2517,286,337
2518,286,338
2519,286,339
2520,286,340
2521,286,341
2522,286,342
2523,286,343
2524,286,344
2525,286,345
2526,286,346
2527,286,347
2528,286,348
2529,286,349
2530,286,350
2531,286,351
2532,286,352
2533,286,353
2534,286,354
2535,286,355
2536,286,356
2537,286,357
2538,286,358
2539,286,359
2540,286,360
2541,286,361
2542,286,362
2543,286,363
2544,286,364
2545,286,365
2546,286,366
2547,286,367
2548,286,368
2549,286,369
2550,286,370
2551,286,371
2552,286,372
2553,286,373
2554,286,374
2555,286,375
2556,286,376
2557,286,377
2558,286,378
2559,286,379
2560,286,380
2561,286,381
2562,286,382
2563,286,383
2564,286,384
2565,286,385
2566,286,386
2567,286,387
2568,286,388
2569,286,389
2570,286,390
2571,286,391
2572,286,392
2573,286,393
2574,286,394
2575,286,395
2576,286,396
2577,286,397
2578,286,398
2579,286,399
2580,286,400
2581,286,401
2582,286,402
2583,286,403
2584,286,404
2585,286,405
2586,286,406
2587,286,407
2588,286,408
2589,286,409
2590,286,410
2591,286,411
2592,286,412
2593,286,413
2594,286,414
2595,286,415
2596,286,416
2597,286,417
2598,286,418
2599,286,419
2600,286,420
2601,286,421
2602,286,422
2603,286,423
2604,286,424
2605,286,425
2606,286,426
2607,286,427
2608,286,428
2609,286,429
2610,286,430
2611,286,431
2612,286,432
2613,286,433
2614,286,434
2615,286,435
2616,286,436
2617,286,437
2618,286,438
2619,286,439
2620,286,440
2621,286,441
2622,286,442
2623,286,443
2624,286,444
2625,286,445
2626,286,446
2627,286,447
2628,286,448
2629,286,449
2630,286,450
2631,286,451
2632,286,452
2633,286,453
2634,286,454
2635,286,455
2636,286,456
2637,286,457
2638,286,458
2639,286,459
2640,286,460
2641,287,334
2642,287,335
2643,287,336
2644,287,337
2645,287,338
2646,287,339
2647,287,340
2648,287,341
2649,287,342
2650,287,343
2651,287,344
2652,287,345
2653,287,346
2654,287,347
2655,287,348
2656,287,349
2657,287,350
2658,287,351
2659,287,352
2660,287,353
2661,287,354
2662,287,355
2663,287,356
2664,287,357
2665,287,358
2666,287,359
2667,287,360
2668,287,361
2669,287,362
2670,287,363
2671,287,364
2672,287,365
2673,287,366
2674,287,367
2675,287,368
2676,287,369
2677,287,370
2678,287,371
2679,287,372
2680,287,373
2681,287,374
2682,287,375
2683,287,376
2684,287,377
2685,287,378
2686,287,379
2687,287,380
2688,287,381
2689,287,382
2690,287,383
2691,287,384
2692,287,385
2693,287,386
2694,287,387
2695,287,388
2696,287,389
2697,287,390
2698,287,391
2699,287,392
2700,287,393
2701,287,394
2702,287,395
2703,287,396
2704,287,397
2705,287,398
2706,287,399
2707,287,400
2708,287,401
2709,287,402
2710,287,403
2711,287,404
2712,287,405
2713,287,406
2714,287,407
2715,287,408
2716,287,409
2717,287,410
2718,287,411
2719,287,412
2720,287,413
2721,287,414
2722,287,415
2723,287,416
2724,287,417
2725,287,418
2726,287,419
2727,287,420
2728,287,421
2729,287,422
2730,287,423
2731,287,424
2732,287,425
2733,287,426
2734,287,427
2735,287,428
2736,287,429
2737,287,430
2738,287,431
2739,287,432
2740,287,433
2741,287,434
2742,287,435
2743,287,436
2744,287,437
2745,287,438
2746,287,439
2747,287,440
2748,287,441
2749,287,442
2750,287,443
2751,287,444
2752,287,445
2753,287,446
2754,287,447
2755,287,448
2756,287,449
2757,287,450
2758,287,451
2759,287,452
2760,287,453
2761,287,454
2762,287,455
2763,287,456
2764,287,457
2765,287,458
2766,287,459
2767,287,460
2768,287,461
2769,288,334
2770,288,335
2771,288,336
2772,288,337
2773,288,338
2774,288,339
2775,288,340
2776,288,341
2777,288,342
2778,288,343
2779,288,344
2780,288,345
2781,288,346
2782,288,347
2783,288,348
2784,288,349
2785,288,350
2786,288,351
2787,288,352
2788,288,353
2789,288,354
2790,288,355
2791,288,356
2792,288,357
2793,288,358
2794,288,359
2795,288,360
2796,288,361
2797,288,362
2798,288,363
2799,288,364
2800,288,365
2801,288,366
2802,288,367
2803,288,368
2804,288,369
2805,288,370
2806,288,371
2807,288,372
2808,288,373
2809,288,374
2810,288,375
2811,288,376
2812,288,377
2813,288,378
2814,288,379
2815,288,380
2816,288,381
2817,288,382
2818,288,383
2819,288,384
2820,288,385
2821,288,386
2822,288,387
2823,288,388
2824,288,389
2825,288,390
2826,288,391
2827,288,392
2828,288,393
2829,288,394
2830,288,395
2831,288,396
2832,288,397
2833,288,398
2834,288,399
2835,288,400
2836,288,401
2837,288,402
2838,288,403
2839,288,404
2840,288,405
2841,288,406
2842,288,407
2843,288,408
2844,288,409
2845,288,410
2846,288,411
2847,288,412
2848,288,413
2849,288,414
2850,288,415
2851,288,416
2852,288,417
2853,288,418
2854,288,419
2855,288,420
2856,288,421
2857,288,422
2858,288,423
2859,288,424
2860,288,425
2861,288,426
2862,288,427
2863,288,428
2864,288,429
2865,288,430
2866,288,431
2867,288,432
2868,288,433
2869,288,434
2870,288,435
2871,288,436
2872,288,437
2873,288,438
2874,288,439
2875,288,440
2876,288,441
2877,288,442
2878,288,443
2879,288,444
2880,288,445
2881,288,446
2882,288,447
2883,288,448
2884,288,449
2885,288,450
2886,288,451
2887,288,452
2888,288,453
2889,288,454
2890,288,455
2891,288,456
2892,288,457
2893,288,458
2894,288,459
2895,288,460
2896,288,461
2897,289,334
2898,289,335
2899,289,336
2900,289,337
2901,289,338
2902,289,339
2903,289,340
2904,289,341
2905,289,342
2906,289,343
2907,289,344
2908,289,345
2909,289,346
2910,289,347
2911,289,348
2912,289,349
2913,289,350
2914,289,351
2915,289,352
2916,289,353
2917,289,354
2918,289,355
2919,289,356
2920,289,357
2921,289,358
2922,289,359
2923,289,360
2924,289,361
2925,289,362
2926,289,363
2927,289,364
2928,289,365
2929,289,366
2930,289,367
2931,289,368
2932,289,369
2933,289,370
2934,289,371
2935,289,372
2936,289,373
2937,289,374
2938,289,375
2939,289,376
2940,289,377
2941,289,378
2942,289,379
2943,289,380
2944,289,381
2945,289,382
2946,289,383
2947,289,384
2948,289,385
2949,289,386
2950,289,387
2951,289,388
2952,289,389
2953,289,390
2954,289,391
2955,289,392
2956,289,393
2957,289,394
2958,289,395
2959,289,396
2960,289,397
2961,289,398
2962,289,399
2963,289,400
2964,289,401
2965,289,402
2966,289,403
2967,289,404
2968,289,405
2969,289,406
2970,289,407
2971,289,408
2972,289,409
2973,289,410
2974,289,411
2975,289,412
2976,289,413
2977,289,414
2978,289,415
2979,289,416
2980,289,417
2981,289,418
2982,289,419
2983,289,420
2984,289,421
2985,289,422
2986,289,423
2987,289,424
2988,289,425
2989,289,426
2990,289,427
2991,289,428
2992,289,429
2993,289,430
2994,289,431
2995,289,432
2996,289,433
2997,289,434
2998,289,435
2999,289,436
3000,289,437
3001,289,438
3002,289,439
3003,289,440
3004,289,441
3005,289,442
3006,289,443
3007,289,444
3008,289,445
3009,289,446
3010,289,447
3011,289,448
3012,289,449
3013,289,450
3014,289,451
3015,289,452
3016,289,453
3017,289,454
3018,289,455
3019,289,456
3020,289,457
3021,289,458
3022,289,459
3023,289,460
3024,289,461
3025,290,333
3026,290,334
3027,290,335
3028,290,336
3029,290,337
3030,290,338
3031,290,339
3032,290,340
3033,290,341
3034,290,342
3035,290,343
3036,290,344
3037,290,345
3038,290,346
3039,290,347
3040,290,348
3041,290,349
3042,290,350
3043,290,351
3044,290,352
3045,290,353
3046,290,354
3047,290,355
3048,290,356
3049,290,357
3050,290,358
3051,290,359
3052,290,360
3053,290,361
3054,290,362
3055,290,363
3056,290,364
3057,290,365
3058,290,366
3059,290,367
3060,290,368
3061,290,369
3062,290,370
3063,290,371
3064,290,372
3065,290,373
3066,290,374
3067,290,375
3068,290,376
3069,290,377
3070,290,378
3071,290,379
3072,290,380
3073,290,381
3074,290,382
3075,290,383
3076,290,384
3077,290,385
3078,290,386
3079,290,387
3080,290,388
3081,290,389
3082,290,390
3083,290,391
3084,290,392
3085,290,393
3086,290,394
3087,290,395
3088,290,396
3089,290,397
3090,290,398
3091,290,399
3092,290,400
3093,290,401
3094,290,402
3095,290,403
3096,290,404
3097,290,405
3098,290,406
3099,290,407
3100,290,408
3101,290,409
3102,290,410
3103,290,411
3104,290,412
3105,290,413
3106,290,414
3107,290,415
3108,290,416
3109,290,417
3110,290,418
3111,290,419
3112,290,420
3113,290,421
3114,290,422
3115,290,423
3116,290,424
3117,290,425
3118,290,426
3119,290,427
3120,290,428
3121,290,429
3122,290,430
3123,290,431
3124,290,432
3125,290,433
3126,290,434
3127,290,435
3128,290,436
3129,290,437
3130,290,438
3131,290,439
3132,290,440
3133,290,441
3134,290,442
3135,290,443
3136,290,444
3137,290,445
3138,290,446
3139,290,447
3140,290,448
3141,290,449
3142,290,450
3143,290,451
3144,290,452
3145,290,453
3146,290,454
3147,290,455
3148,290,456
3149,290,457
3150,290,458
3151,290,459
3152,290,460
3153,290,461
3154,291,333
3155,291,334
3156,291,335
3157,291,336
3158,291,337
3159,291,338
3160,291,339
3161,291,340
3162,291,341
3163,291,342
3164,291,343
3165,291,344
3166,291,345
3167,291,346
3168,291,347
3169,291,348
3170,291,349
3171,291,350
3172,291,351
3173,291,352
3174,291,353
3175,291,354
3176,291,355
3177,291,356
3178,291,357
3179,291,358
3180,291,359
3181,291,360
3182,291,361
3183,291,362
3184,291,363
3185,291,364
3186,291,365
3187,291,366
3188,291,367
3189,291,368
3190,291,369
3191,291,370
3192,291,371
3193,291,372
3194,291,373
3195,291,374
3196,291,375
3197,291,376
3198,291,377
3199,291,378
3200,291,379
3201,291,380
3202,291,381
3203,291,382
3204,291,383
3205,291,384
3206,291,385
3207,291,386
3208,291,387
3209,291,388
3210,291,389
3211,291,390
3212,291,391
3213,291,392
3214,291,393
3215,291,394
3216,291,395
3217,291,396
3218,291,397
3219,291,398
3220,291,399
3221,291,400
3222,291,401
3223,291,402
3224,291,403
3225,291,404
3226,291,405
3227,291,406
3228,291,407
3229,291,408
3230,291,409
3231,291,410
3232,291,411
3233,291,412
3234,291,413
3235,291,414
3236,291,415
3237,291,416
3238,291,417
3239,291,418
3240,291,419
3241,291,420
3242,291,421
3243,291,422
3244,291,423
3245,291,424
3246,291,425
3247,291,426
3248,291,427
3249,291,428
3250,291,429
3251,291,430
3252,291,431
3253,291,432
3254,291,433
3255,291,434
3256,291,435
3257,291,436
3258,291,437
3259,291,438
3260,291,439
3261,291,440
3262,291,441
3263,291,442
3264,291,443
3265,291,444
3266,291,445
3267,291,446
3268,291,447
3269,291,448
3270,291,449
3271,291,450
3272,291,451
3273,291,452
3274,291,453
3275,291,454
3276,291,455
3277,291,456
3278,291,457
3279,291,458
3280,291,459
3281,291,460
3282,291,461
3283,292,333
3284,292,334
3285,292,335
3286,292,336
3287,292,337
3288,292,338
3289,292,339
3290,292,340
3291,292,341
3292,292,342
3293,292,343
3294,292,344
3295,292,345
3296,292,346
3297,292,347
3298,292,348
3299,292,349
3300,292,350
3301,292,351
3302,292,352
3303,292,353
3304,292,354
3305,292,355
3306,292,356
3307,292,357
3308,292,358
3309,292,359
3310,292,360
3311,292,361
3312,292,362
3313,292,363
3314,292,364
3315,292,365
3316,292,366
3317,292,367
3318,292,368
3319,292,369
3320,292,370
3321,292,371
3322,292,372
3323,292,373
3324,292,374
3325,292,375
3326,292,376
3327,292,377
3328,292,378
3329,292,379
3330,292,380
3331,292,381
3332,292,382
3333,292,383
3334,292,384
3335,292,385
3336,292,386
3337,292,387
3338,292,388
3339,292,389
3340,292,390
3341,292,391
3342,292,392
3343,292,393
3344,292,394
3345,292,395
3346,292,396
3347,292,397
3348,292,398
3349,292,399
3350,292,400
3351,292,401
3352,292,402
3353,292,403
3354,292,404
3355,292,405
3356,292,406
3357,292,407
3358,292,408
3359,292,409
3360,292,410
3361,292,411
3362,292,412
3363,292,413
3364,292,414
3365,292,415
3366,292,416
3367,292,417
3368,292,418
3369,292,419
3370,292,420
3371,292,421
3372,292,422
3373,292,423
3374,292,424
3375,292,425
3376,292,426
3377,292,427
3378,292,428
3379,292,429
3380,292,430
3381,292,431
3382,292,432
3383,292,433
3384,292,434
3385,292,435
3386,292,436
3387,292,437
3388,292,438
3389,292,439
3390,292,440
3391,292,441
3392,292,442
3393,292,443
3394,292,444
3395,292,445
3396,292,446
3397,292,447
3398,292,448
3399,292,449
3400,292,450
3401,292,451
3402,292,452
3403,292,453
3404,292,454
3405,292,455
3406,292,456
3407,292,457
3408,292,458
3409,292,459
3410,292,460
3411,292,461
3412,293,332
3413,293,333
3414,293,334
3415,293,335
3416,293,336
3417,293,337
3418,293,338
3419,293,339
3420,293,340
3421,293,341
3422,293,342
3423,293,343
3424,293,344
3425,293,345
3426,293,346
3427,293,347
3428,293,348
3429,293,349
3430,293,350
3431,293,351
3432,293,352
3433,293,353
3434,293,354
3435,293,355
3436,293,356
3437,293,357
3438,293,358
3439,293,359
3440,293,360
3441,293,361
3442,293,362
3443,293,363
3444,293,364
3445,293,365
3446,293,366
3447,293,367
3448,293,368
3449,293,369
3450,293,370
3451,293,371
3452,293,372
3453,293,373
3454,293,374
3455,293,375
3456,293,376
3457,293,377
3458,293,378
3459,293,379
3460,293,380
3461,293,381
3462,293,382
3463,293,383
3464,293,384
3465,293,385
3466,293,386
3467,293,387
3468,293,388
3469,293,389
3470,293,390
3471,293,391
3472,293,392
3473,293,393
3474,293,394
3475,293,395
3476,293,396
3477,293,397
3478,293,398
3479,293,399
3480,293,400
3481,293,401
3482,293,402
3483,293,403
3484,293,404
3485,293,405
3486,293,406
3487,293,407
3488,293,408
3489,293,409
3490,293,410
3491,293,411
3492,293,412
3493,293,413
3494,293,414
3495,293,415
3496,293,416
3497,293,417
3498,293,418
3499,293,419
3500,293,420
3501,293,421
3502,293,422
3503,293,423
3504,293,424
3505,293,425
3506,293,426
3507,293,427
3508,293,428
3509,293,429
3510,293,430
3511,293,431
3512,293,432
3513,293,433
3514,293,434
3515,293,435
3516,293,436
3517,293,437
3518,293,438
3519,293,439
3520,293,440
3521,293,441
3522,293,442
3523,293,443
3524,293,444
3525,293,445
3526,293,446
3527,293,447
3528,293,448
3529,293,449
3530,293,450
3531,293,451
3532,293,452
3533,293,453
3534,293,454
3535,293,455
3536,293,456
3537,293,457
3538,293,458
3539,293,459
3540,293,460
3541,293,461
3542,294,332
3543,294,333
3544,294,334
3545,294,335
3546,294,336
3547,294,337
3548,294,338
3549,294,339
3550,294,340
3551,294,341
3552,294,342
3553,294,343
3554,294,344
3555,294,345
3556,294,346
3557,294,347
3558,294,348
3559,294,349
3560,294,350
3561,294,351
3562,294,352
3563,294,353
3564,294,354
3565,294,355
3566,294,356
3567,294,357
3568,294,358
3569,294,359
3570,294,360
3571,294,361
3572,294,362
3573,294,363
3574,294,364
3575,294,365
3576,294,366
3577,294,367
3578,294,368
3579,294,369
3580,294,370
3581,294,371
3582,294,372
3583,294,373
3584,294,374
3585,294,375
3586,294,376
3587,294,377
3588,294,378
3589,294,379
3590,294,380
3591,294,381
3592,294,382
3593,294,383
3594,294,384
3595,294,385
3596,294,386
3597,294,387
3598,294,388
3599,294,389
3600,294,390
3601,294,391
3602,294,392
3603,294,393
3604,294,394
3605,294,395
3606,294,396
3607,294,397
3608,294,398
3609,294,399
3610,294,400
3611,294,401
3612,294,402
3613,294,403
3614,294,404
3615,294,405
3616,294,406
3617,294,407
3618,294,408
3619,294,409
3620,294,410
3621,294,411
3622,294,412
3623,294,413
3624,294,414
3625,294,415
3626,294,416
3627,294,417
3628,294,418
3629,294,419
3630,294,420
3631,294,421
3632,294,422
3633,294,423
3634,294,424
3635,294,425
3636,294,426
3637,294,427
3638,294,428
3639,294,429
3640,294,430
3641,294,431
3642,294,432
3643,294,433
3644,294,434
3645,294,435
3646,294,436
3647,294,437
3648,294,438
3649,294,439
3650,294,440
3651,294,441
3652,294,442
3653,294,443
3654,294,444
3655,294,445
3656,294,446
3657,294,447
3658,294,448
3659,294,449
3660,294,450
3661,294,451
3662,294,452
3663,294,453
3664,294,454
3665,294,455
3666,294,456
3667,294,457
3668,294,458
3669,294,459
3670,294,460
3671,294,461
3672,294,462
3673,295,332
3674,295,333
3675,295,334
3676,295,335
3677,295,336
3678,295,337
3679,295,338
3680,295,339
3681,295,340
3682,295,341
3683,295,342
3684,295,343
3685,295,344
3686,295,345
3687,295,346
3688,295,347
3689,295,348
3690,295,349
3691,295,350
3692,295,351
3693,295,352
3694,295,353
3695,295,354
3696,295,355
3697,295,356
3698,295,357
3699,295,358
3700,295,359
3701,295,360
3702,295,361
3703,295,362
3704,295,363
3705,295,364
3706,295,365
3707,295,366
3708,295,367
3709,295,368
3710,295,369
3711,295,370
3712,295,371
3713,295,372
3714,295,373
3715,295,374
3716,295,375
3717,295,376
3718,295,377
3719,295,378
3720,295,379
3721,295,380
3722,295,381
3723,295,382
3724,295,383
3725,295,384
3726,295,385
3727,295,386
3728,295,387
3729,295,388
3730,295,389
3731,295,390
3732,295,391
3733,295,392
3734,295,393
3735,295,394
3736,295,395
3737,295,396
3738,295,397
3739,295,398
3740,295,399
3741,295,400
3742,295,401
3743,295,402
3744,295,403
3745,295,404
3746,295,405
3747,295,406
3748,295,407
3749,295,408
3750,295,409
3751,295,410
3752,295,411
3753,295,412
3754,295,413
3755,295,414
3756,295,415
3757,295,416
3758,295,417
3759,295,418
3760,295,419
3761,295,420
3762,295,421
3763,295,422
3764,295,423
3765,295,424
3766,295,425
3767,295,426
3768,295,427
3769,295,428
3770,295,429
3771,295,430
3772,295,431
3773,295,432
3774,295,433
3775,295,434
3776,295,435
3777,295,436
3778,295,437
3779,295,438
3780,295,439
3781,295,440
3782,295,441
3783,295,442
3784,295,443
3785,295,444
3786,295,445
3787,295,446
3788,295,447
3789,295,448
3790,295,449
3791,295,450
3792,295,451
3793,295,452
3794,295,453
3795,295,454
3796,295,455
3797,295,456
3798,295,457
3799,295,458
3800,295,459
3801,295,460
3802,295,461
3803,295,462
3804,296,332
3805,296,333
3806,296,334
3807,296,335
3808,296,336
3809,296,337
3810,296,338
3811,296,339
3812,296,340
3813,296,341
3814,296,342
3815,296,343
3816,296,344
3817,296,345
3818,296,346
3819,296,347
3820,296,348
3821,296,349
3822,296,350
3823,296,351
3824,296,352
3825,296,353
3826,296,354
3827,296,355
3828,296,356
3829,296,357
3830,296,358
3831,296,359
3832,296,360
3833,296,361
3834,296,362
3835,296,363
3836,296,364
3837,296,365
3838,296,366
3839,296,367
3840,296,368
3841,296,369
3842,296,370
3843,296,371
3844,296,372
3845,296,373
3846,296,374
3847,296,375
3848,296,376
3849,296,377
3850,296,378
3851,296,379
3852,296,380
3853,296,381
3854,296,382
3855,296,383
3856,296,384
3857,296,385
3858,296,386
3859,296,387
3860,296,388
3861,296,389
3862,296,390
3863,296,391
3864,296,392
3865,296,393
3866,296,394
3867,296,395
3868,296,396
3869,296,397
3870,296,398
3871,296,399
3872,296,400
3873,296,401
3874,296,402
3875,296,403
3876,296,404
3877,296,405
3878,296,406
3879,296,407
3880,296,408
3881,296,409
3882,296,410
3883,296,411
3884,296,412
3885,296,413
3886,296,414
3887,296,415
3888,296,416
3889,296,417
3890,296,418
3891,296,419
3892,296,420
3893,296,421
3894,296,422
3895,296,423
3896,296,424
3897,296,425
3898,296,426
3899,296,427
3900,296,428
3901,296,429
3902,296,430
3903,296,431
3904,296,432
3905,296,433
3906,296,434
3907,296,435
3908,296,436
3909,296,437
3910,296,438
3911,296,439
3912,296,440
3913,296,441
3914,296,442
3915,296,443
3916,296,444
3917,296,445
3918,296,446
3919,296,447
3920,296,448
3921,296,449
3922,296,450
3923,296,451
3924,296,452
3925,296,453
3926,296,454
3927,296,455
3928,296,456
3929,296,457
3930,296,458
3931,296,459
3932,296,460
3933,296,461
3934,296,462
3935,296,463
3936,297,332
3937,297,333
3938,297,334
3939,297,335
3940,297,336
3941,297,337
3942,297,338
3943,297,339
3944,297,340
3945,297,341
3946,297,342
3947,297,343
3948,297,344
3949,297,345
3950,297,346
3951,297,347
3952,297,348
3953,297,349
3954,297,350
3955,297,351
3956,297,352
3957,297,353
3958,297,354
3959,297,355
3960,297,356
3961,297,357
3962,297,358
3963,297,359
3964,297,360
3965,297,361
3966,297,362
3967,297,363
3968,297,364
3969,297,365
3970,297,366
3971,297,367
3972,297,368
3973,297,369
3974,297,370
3975,297,371
3976,297,372
3977,297,373
3978,297,374
3979,297,375
3980,297,376
3981,297,377
3982,297,378
3983,297,379
3984,297,380
3985,297,381
3986,297,382
3987,297,383
3988,297,384
3989,297,385
3990,297,386
3991,297,387
3992,297,388
3993,297,389
3994,297,390
3995,297,391
3996,297,392
3997,297,393
3998,297,394
3999,297,395
4000,297,396
4001,297,397
4002,297,398
4003,297,399
4004,297,400
4005,297,401
4006,297,402
4007,297,403
4008,297,404
4009,297,405
4010,297,406
4011,297,407
4012,297,408
4013,297,409
4014,297,410
4015,297,411
4016,297,412
4017,297,413
4018,297,414
4019,297,415
4020,297,416
4021,297,417
4022,297,418
4023,297,419
4024,297,420
4025,297,421
4026,297,422
4027,297,423
4028,297,424
4029,297,425
4030,297,426
4031,297,427
4032,297,428
4033,297,429
4034,297,430
4035,297,431
4036,297,432
4037,297,433
4038,297,434
4039,297,435
4040,297,436
4041,297,437
4042,297,438
4043,297,439
4044,297,440
4045,297,441
4046,297,442
4047,297,443
4048,297,444
4049,297,445
4050,297,446
4051,297,447
4052,297,448
4053,297,449
4054,297,450
4055,297,451
4056,297,452
4057,297,453
4058,297,454
4059,297,455
4060,297,456
4061,297,457
4062,297,458
4063,297,459
4064,297,460
4065,297,461
4066,297,462
4067,297,463
4068,297,464
4069,298,332
4070,298,333
4071,298,334
4072,298,335
4073,298,336
4074,298,337
4075,298,338
4076,298,339
4077,298,340
4078,298,341
4079,298,342
4080,298,343
4081,298,344
4082,298,345
4083,298,346
4084,298,347
4085,298,348
4086,298,349
4087,298,350
4088,298,351
4089,298,352
4090,298,353
4091,298,354
4092,298,355
4093,298,356
4094,298,357
4095,298,358
4096,298,359
4097,298,360
4098,298,361
4099,298,362
4100,298,363
4101,298,364
4102,298,365
4103,298,366
4104,298,367
4105,298,368
4106,298,369
4107,298,370
4108,298,371
4109,298,372
4110,298,373
4111,298,374
4112,298,375
4113,298,376
4114,298,377
4115,298,378
4116,298,379
4117,298,380
4118,298,381
4119,298,382
4120,298,383
4121,298,384
4122,298,385
4123,298,386
4124,298,387
4125,298,388
4126,298,389
4127,298,390
4128,298,391
4129,298,392
4130,298,393
4131,298,394
4132,298,395
4133,298,396
4134,298,397
4135,298,398
4136,298,399
4137,298,400
4138,298,401
4139,298,402
4140,298,403
4141,298,404
4142,298,405
4143,298,406
4144,298,407
4145,298,408
4146,298,409
4147,298,410
4148,298,411
4149,298,412
4150,298,413
4151,298,414
4152,298,415
4153,298,416
4154,298,417
4155,298,418
4156,298,419
4157,298,420
4158,298,421
4159,298,422
4160,298,423
4161,298,424
4162,298,425
4163,298,426
4164,298,427
4165,298,428
4166,298,429
4167,298,430
4168,298,431
4169,298,432
4170,298,433
4171,298,434
4172,298,435
4173,298,436
4174,298,437
4175,298,438
4176,298,439
4177,298,440
4178,298,441
4179,298,442
4180,298,443
4181,298,444
4182,298,445
4183,298,446
4184,298,447
4185,298,448
4186,298,449
4187,298,450
4188,298,451
4189,298,452
4190,298,453
4191,298,454
4192,298,455
4193,298,456
4194,298,457
4195,298,458
4196,298,459
4197,298,460
4198,298,461
4199,298,462
4200,298,463
4201,298,464
4202,299,332
4203,299,333
4204,299,334
4205,299,335
4206,299,336
4207,299,337
4208,299,338
4209,299,339
4210,299,340
4211,299,341
4212,299,342
4213,299,343
4214,299,344
4215,299,345
4216,299,346
4217,299,347
4218,299,348
4219,299,349
4220,299,350
4221,299,351
4222,299,352
4223,299,353
4224,299,354
4225,299,355
4226,299,356
4227,299,357
4228,299,358
4229,299,359
4230,299,360
4231,299,361
4232,299,362
4233,299,363
4234,299,364
4235,299,365
4236,299,366
4237,299,367
4238,299,368
4239,299,369
4240,299,370
4241,299,371
4242,299,372
4243,299,373
4244,299,374
4245,299,375
4246,299,376
4247,299,377
4248,299,378
4249,299,379
4250,299,380
4251,299,381
4252,299,382
4253,299,383
4254,299,384
4255,299,385
4256,299,386
4257,299,387
4258,299,388
4259,299,389
4260,299,390
4261,299,391
4262,299,392
4263,299,393
4264,299,394
4265,299,395
4266,299,396
4267,299,397
4268,299,398
4269,299,399
4270,299,400
4271,299,401
4272,299,402
4273,299,403
4274,299,404
4275,299,405
4276,299,406
4277,299,407
4278,299,408
4279,299,409
4280,299,410
4281,299,411
4282,299,412
4283,299,413
4284,299,414
4285,299,415
4286,299,416
4287,299,417
4288,299,418
4289,299,419
4290,299,420
4291,299,421
4292,299,422
4293,299,423
4294,299,424
4295,299,425
4296,299,426
4297,299,427
4298,299,428
4299,299,429
4300,299,430
4301,299,431
4302,299,432
4303,299,433
4304,299,434
4305,299,435
4306,299,436
4307,299,437
4308,299,438
4309,299,439
4310,299,440
4311,299,441
4312,299,442
4313,299,443
4314,299,444
4315,299,445
4316,299,446
4317,299,447
4318,299,448
4319,299,449
4320,299,450
4321,299,451
4322,299,452
4323,299,453
4324,299,454
4325,299,455
4326,299,456
4327,299,457
4328,299,458
4329,299,459
4330,299,460
4331,299,461
4332,299,462
4333,299,463
4334,299,464
4335,299,465
4336,299,469
4337,299,470
4338,299,471
4339,299,472
4340,299,473
4341,299,496
4342,299,497
4343,299,498
4344,299,499
4345,299,500
4346,299,501
4347,299,502
4348,299,503
4349,300,331
4350,300,332
4351,300,333
4352,300,334
4353,300,335
4354,300,336
4355,300,337
4356,300,338
4357,300,339
4358,300,340
4359,300,341
4360,300,342
4361,300,343
4362,300,344
4363,300,345
4364,300,346
4365,300,347
4366,300,348
4367,300,349
4368,300,350
4369,300,351
4370,300,352
4371,300,353
4372,300,354
4373,300,355
4374,300,356
4375,300,357
4376,300,358
4377,300,359
4378,300,360
4379,300,361
4380,300,362
4381,300,363
4382,300,364
4383,300,365
4384,300,366
4385,300,367
4386,300,368
4387,300,369
4388,300,370
4389,300,371
4390,300,372
4391,300,373
4392,300,374
4393,300,375
4394,300,376
4395,300,377
4396,300,378
4397,300,379
4398,300,380
4399,300,381
4400,300,382
4401,300,383
4402,300,384
4403,300,385
4404,300,386
4405,300,387
4406,300,388
4407,300,389
4408,300,390
4409,300,391
4410,300,392
4411,300,393
4412,300,394
4413,300,395
4414,300,396
4415,300,397
4416,300,398
4417,300,399
4418,300,400
4419,300,401
4420,300,402
4421,300,403
4422,300,404
4423,300,405
4424,300,406
4425,300,407
4426,300,408
4427,300,409
4428,300,410
4429,300,411
4430,300,412
4431,300,413
4432,300,414
4433,300,415
4434,300,416
4435,300,417
4436,300,418
4437,300,419
4438,300,420
4439,300,421
4440,300,422
4441,300,423
4442,300,424
4443,300,425
4444,300,426
4445,300,427
4446,300,428
4447,300,429
4448,300,430
4449,300,431
4450,300,432
4451,300,433
4452,300,434
4453,300,435
4454,300,436
4455,300,437
4456,300,438
4457,300,439
4458,300,440
4459,300,441
4460,300,442
4461,300,443
4462,300,444
4463,300,445
4464,300,446
4465,300,447
4466,300,448
4467,300,449
4468,300,450
4469,300,451
4470,300,452
4471,300,453
4472,300,454
4473,300,455
4474,300,456
4475,300,457
4476,300,458
4477,300,459
4478,300,460
4479,300,461
4480,300,462
4481,300,463
4482,300,464
4483,300,465
4484,300,469
4485,300,470
4486,300,471
4487,300,472
4488,300,473
4489,300,474
4490,300,475
4491,300,476
4492,300,495
4493,300,496
4494,300,497
4495,300,498
4496,300,499
4497,300,500
4498,300,501
4499,300,502
4500,300,503
4501,300,504
4502,300,505
4503,301,331
4504,301,332
4505,301,333
4506,301,334
4507,301,335
4508,301,336
4509,301,337
4510,301,338
4511,301,339
4512,301,340
4513,301,341
4514,301,342
4515,301,343
4516,301,344
4517,301,345
4518,301,346
4519,301,347
4520,301,348
4521,301,349
4522,301,350
4523,301,351
4524,301,352
4525,301,353
4526,301,354
4527,301,355
4528,301,356
4529,301,357
4530,301,358
4531,301,359
4532,301,360
4533,301,361
4534,301,362
4535,301,363
4536,301,364
4537,301,365
4538,301,366
4539,301,367
4540,301,368
4541,301,369
4542,301,370
4543,301,371
4544,301,372
4545,301,373
4546,301,374
4547,301,375
4548,301,376
4549,301,377
4550,301,378
4551,301,379
4552,301,380
4553,301,381
4554,301,382
4555,301,383
4556,301,384
4557,301,385
4558,301,386
4559,301,387
4560,301,388
4561,301,389
4562,301,390
4563,301,391
4564,301,392
4565,301,393
4566,301,394
4567,301,395
4568,301,396
4569,301,397
4570,301,398
4571,301,399
4572,301,400
4573,301,401
4574,301,402
4575,301,403
4576,301,404
4577,301,405
4578,301,406
4579,301,407
4580,301,408
4581,301,409
4582,301,410
4583,301,411
4584,301,412
4585,301,413
4586,301,414
4587,301,415
4588,301,416
4589,301,417
4590,301,418
4591,301,419
4592,301,420
4593,301,421
4594,301,422
4595,301,423
4596,301,424
4597,301,425
4598,301,426
4599,301,427
4600,301,428
4601,301,429
4602,301,430
4603,301,431
4604,301,432
4605,301,433
4606,301,434
4607,301,435
4608,301,436
4609,301,437
4610,301,438
4611,301,439
4612,301,440
4613,301,441
4614,301,442
4615,301,443
4616,301,444
4617,301,445
4618,301,446
4619,301,447
4620,301,448
4621,301,449
4622,301,450
4623,301,451
4624,301,452
4625,301,453
4626,301,454
4627,301,455
4628,301,456
4629,301,457
4630,301,458
4631,301,459
4632,301,460
4633,301,461
4634,301,462
4635,301,463
4636,301,464
4637,301,465
4638,301,468
4639,301,469
4640,301,470
4641,301,471
4642,301,472
4643,301,473
4644,301,474
4645,301,475
4646,301,476
4647,301,477
4648,301,478
4649,301,479
4650,301,494
4651,301,495
4652,301,496
4653,301,497
4654,301,498
4655,301,499
4656,301,500
4657,301,501
4658,301,502
4659,301,503
4660,301,504
4661,301,505
4662,301,506
4663,302,331
4664,302,332
4665,302,333
4666,302,334
4667,302,335
4668,302,336
4669,302,337
4670,302,338
4671,302,339
4672,302,340
4673,302,341
4674,302,342
4675,302,343
4676,302,344
4677,302,345
4678,302,346
4679,302,347
4680,302,348
4681,302,349
4682,302,350
4683,302,351
4684,302,352
4685,302,353
4686,302,354
4687,302,355
4688,302,356
4689,302,357
4690,302,358
4691,302,359
4692,302,360
4693,302,361
4694,302,362
4695,302,363
4696,302,364
4697,302,365
4698,302,366
4699,302,367
4700,302,368
4701,302,369
4702,302,370
4703,302,371
4704,302,372
4705,302,373
4706,302,374
4707,302,375
4708,302,376
4709,302,377
4710,302,378
4711,302,379
4712,302,380
4713,302,381
4714,302,382
4715,302,383
4716,302,384
4717,302,385
4718,302,386
4719,302,387
4720,302,388
4721,302,389
4722,302,390
4723,302,391
4724,302,392
4725,302,393
4726,302,394
4727,302,395
4728,302,396
4729,302,397
4730,302,398
4731,302,399
4732,302,400
4733,302,401
4734,302,402
4735,302,403
4736,302,404
4737,302,405
4738,302,406
4739,302,407
4740,302,408
4741,302,409
4742,302,410
4743,302,411
4744,302,412
4745,302,413
4746,302,414
4747,302,415
4748,302,416
4749,302,417
4750,302,418
4751,302,419
4752,302,420
4753,302,421
4754,302,422
4755,302,423
4756,302,424
4757,302,425
4758,302,426
4759,302,427
4760,302,428
4761,302,429
4762,302,430
4763,302,431
4764,302,432
4765,302,433
4766,302,434
4767,302,435
4768,302,436
4769,302,437
4770,302,438
4771,302,439
4772,302,440
4773,302,441
4774,302,442
4775,302,443
4776,302,444
4777,302,445
4778,302,446
4779,302,447
4780,302,448
4781,302,449
4782,302,450
4783,302,451
4784,302,452
4785,302,453
4786,302,454
4787,302,455
4788,302,456
4789,302,457
4790,302,458
4791,302,459
4792,302,460
4793,302,461
4794,302,462
4795,302,463
4796,302,464
4797,302,465
4798,302,468
4799,302,469
4800,302,470
4801,302,471
4802,302,472
4803,302,473
4804,302,474
4805,302,475
4806,302,476
4807,302,477
4808,302,478
4809,302,479
4810,302,480
4811,302,481
4812,302,482
4813,302,488
4814,302,489
4815,302,490
4816,302,491
4817,302,493
4818,302,494
4819,302,495
4820,302,496
4821,302,497
4822,302,498
4823,302,499
4824,302,500
4825,302,501
4826,302,502
4827,302,503
4828,302,504
4829,302,505
4830,302,506
4831,302,507
4832,303,331
4833,303,332
4834,303,333
4835,303,334
4836,303,335
4837,303,336
4838,303,337
4839,303,338
4840,303,339
4841,303,340
4842,303,341
4843,303,342
4844,303,343
4845,303,344
4846,303,345
4847,303,346
4848,303,347
4849,303,348
4850,303,349
4851,303,350
4852,303,351
4853,303,352
4854,303,353
4855,303,354
4856,303,355
4857,303,356
4858,303,357
4859,303,358
4860,303,359
4861,303,360
4862,303,361
4863,303,362
4864,303,363
4865,303,364
4866,303,365
4867,303,366
4868,303,367
4869,303,368
4870,303,369
4871,303,370
4872,303,371
4873,303,372
4874,303,373
4875,303,374
4876,303,375
4877,303,376
4878,303,377
4879,303,378
4880,303,379
4881,303,380
4882,303,381
4883,303,382
4884,303,383
4885,303,384
4886,303,385
4887,303,386
4888,303,387
4889,303,388
4890,303,389
4891,303,390
4892,303,391
4893,303,392
4894,303,393
4895,303,394
4896,303,395
4897,303,396
4898,303,397
4899,303,398
4900,303,399
4901,303,400
4902,303,401
4903,303,402
4904,303,403
4905,303,404
4906,303,405
4907,303,406
4908,303,407
4909,303,408
4910,303,409
4911,303,410
4912,303,411
4913,303,412
4914,303,413
4915,303,414
4916,303,415
4917,303,416
4918,303,417
4919,303,418
4920,303,419
4921,303,420
4922,303,421
4923,303,422
4924,303,423
4925,303,424
4926,303,425
4927,303,426
4928,303,427
4929,303,428
4930,303,429
4931,303,430
4932,303,431
4933,303,432
4934,303,433
4935,303,434
4936,303,435
4937,303,436
4938,303,437
4939,303,438
4940,303,439
4941,303,440
4942,303,441
4943,303,442
4944,303,443
4945,303,444
4946,303,445
4947,303,446
4948,303,447
4949,303,448
4950,303,449
4951,303,450
4952,303,451
4953,303,452
4954,303,453
4955,303,454
4956,303,455
4957,303,456
4958,303,457
4959,303,458
4960,303,459
4961,303,460
4962,303,461
4963,303,462
4964,303,463
4965,303,464
4966,303,465
4967,303,468
4968,303,469
4969,303,470
4970,303,471
4971,303,472
4972,303,473
4973,303,474
4974,303,475
4975,303,476
4976,303,477
4977,303,478
4978,303,479
4979,303,480
4980,303,481
4981,303,482
4982,303,483
4983,303,484
4984,303,485
4985,303,486
4986,303,487
4987,303,488
4988,303,489
4989,303,490
4990,303,491
4991,303,492
4992,303,493
4993,303,494
4994,303,495
4995,303,496
4996,303,497
4997,303,498
4998,303,499
4999,303,500
5000,303,501
5001,303,502
5002,303,503
5003,303,504
5004,303,505
5005,303,506
5006,303,507
5007,304,330
5008,304,331
5009,304,332
5010,304,333
5011,304,334
5012,304,335
5013,304,336
5014,304,337
5015,304,338
5016,304,339
5017,304,340
5018,304,341
5019,304,342
5020,304,343
5021,304,344
5022,304,345
5023,304,346
5024,304,347
5025,304,348
5026,304,349
5027,304,350
5028,304,351
5029,304,352
5030,304,353
5031,304,354
5032,304,355
5033,304,356
5034,304,357
5035,304,358
5036,304,359
5037,304,360
5038,304,361
5039,304,362
5040,304,363
5041,304,364
5042,304,365
5043,304,366
5044,304,367
5045,304,368
5046,304,369
5047,304,370
5048,304,371
5049,304,372
5050,304,373
5051,304,374
5052,304,375
5053,304,376
5054,304,377
5055,304,378
5056,304,379
5057,304,380
5058,304,381
5059,304,382
5060,304,383
5061,304,384
5062,304,385
5063,304,386
5064,304,387
5065,304,388
5066,304,389
5067,304,390
5068,304,391
5069,304,392
5070,304,393
5071,304,394
5072,304,395
5073,304,396
5074,304,397
5075,304,398
5076,304,399
5077,304,400
5078,304,401
5079,304,402
5080,304,403
5081,304,404
5082,304,405
5083,304,406
5084,304,407
5085,304,408
5086,304,409
5087,304,410
5088,304,411
5089,304,412
5090,304,413
5091,304,414
5092,304,415
5093,304,416
5094,304,417
5095,304,418
5096,304,419
5097,304,420
5098,304,421
5099,304,422
5100,304,423
5101,304,424
5102,304,425
5103,304,426
5104,304,427
5105,304,428
5106,304,429
5107,304,430
5108,304,431
5109,304,432
5110,304,433
5111,304,434
5112,304,435
5113,304,436
5114,304,437
5115,304,438
5116,304,439
5117,304,440
5118,304,441
5119,304,442
5120,304,443
5121,304,444
5122,304,445
5123,304,446
5124,304,447
5125,304,448
5126,304,449
5127,304,450
5128,304,451
5129,304,452
5130,304,453
5131,304,454
5132,304,455
5133,304,456
5134,304,457
5135,304,458
5136,304,459
5137,304,460
5138,304,461
5139,304,462
5140,304,463
5141,304,464
5142,304,465
5143,304,466
5144,304,467
5145,304,468
5146,304,469
5147,304,470
5148,304,471
5149,304,472
5150,304,473
5151,304,474
5152,304,475
5153,304,476
5154,304,477
5155,304,478
5156,304,479
5157,304,480
5158,304,481
5159,304,482
5160,304,483
5161,304,484
5162,304,485
5163,304,486
5164,304,487
5165,304,488
5166,304,489
5167,304,490
5168,304,491
5169,304,492
5170,304,493
5171,304,494
5172,304,495
5173,304,496
5174,304,497
5175,304,498
5176,304,499
5177,304,500
5178,304,501
5179,304,502
5180,304,503
5181,304,504
5182,304,505
5183,304,506
5184,304,507
5185,304,508
5186,305,330
5187,305,331
5188,305,332
5189,305,333
5190,305,334
5191,305,335
5192,305,336
5193,305,337
5194,305,338
5195,305,339
5196,305,340
5197,305,341
5198,305,342
5199,305,343
5200,305,344
5201,305,345
5202,305,346
5203,305,347
5204,305,348
5205,305,349
5206,305,350
5207,305,351
5208,305,352
5209,305,353
5210,305,354
5211,305,355
5212,305,356
5213,305,357
5214,305,358
5215,305,359
5216,305,360
5217,305,361
5218,305,362
5219,305,363
5220,305,364
5221,305,365
5222,305,366
5223,305,367
5224,305,368
5225,305,369
5226,305,370
5227,305,371
5228,305,372
5229,305,373
5230,305,374
5231,305,375
5232,305,376
5233,305,377
5234,305,378
5235,305,379
5236,305,380
5237,305,381
5238,305,382
5239,305,383
5240,305,384
5241,305,385
5242,305,386
5243,305,387
5244,305,388
5245,305,389
5246,305,390
5247,305,391
5248,305,392
5249,305,393
5250,305,394
5251,305,395
5252,305,396
5253,305,397
5254,305,398
5255,305,399
5256,305,400
5257,305,401
5258,305,402
5259,305,403
5260,305,404
5261,305,405
5262,305,406
5263,305,407
5264,305,408
5265,305,409
5266,305,410
5267,305,411
5268,305,412
5269,305,413
5270,305,414
5271,305,415
5272,305,416
5273,305,417
5274,305,418
5275,305,419
5276,305,420
5277,305,421
5278,305,422
5279,305,423
5280,305,424
5281,305,425
5282,305,426
5283,305,427
5284,305,428
5285,305,429
5286,305,430
5287,305,431
5288,305,432
5289,305,433
5290,305,434
5291,305,435
5292,305,436
5293,305,437
5294,305,438
5295,305,439
5296,305,440
5297,305,441
5298,305,442
5299,305,443
5300,305,444
5301,305,445
5302,305,446
5303,305,447
5304,305,448
5305,305,449
5306,305,450
5307,305,451
5308,305,452
5309,305,453
5310,305,454
5311,305,455
5312,305,456
5313,305,457
5314,305,458
5315,305,459
5316,305,460
5317,305,461
5318,305,462
5319,305,463
5320,305,464
5321,305,465
5322,305,466
5323,305,467
5324,305,468
5325,305,469
5326,305,470
5327,305,471
5328,305,472
5329,305,473
5330,305,474
5331,305,475
5332,305,476
5333,305,477
5334,305,478
5335,305,479
5336,305,480
5337,305,481
5338,305,482
5339,305,483
5340,305,484
5341,305,485
5342,305,486
5343,305,487
5344,305,488
5345,305,489
5346,305,490
5347,305,491
5348,305,492
5349,305,493
5350,305,494
5351,305,495
5352,305,496
5353,305,497
5354,305,498
5355,305,499
5356,305,500
5357,305,501
5358,305,502
5359,305,503
5360,305,504
5361,305,505
5362,305,506
5363,305,507
5364,305,508
5365,306,330
5366,306,331
5367,306,332
5368,306,333
5369,306,334
5370,306,335
5371,306,336
5372,306,337
5373,306,338
5374,306,339
5375,306,340
5376,306,341
5377,306,342
5378,306,343
5379,306,344
5380,306,345
5381,306,346
5382,306,347
5383,306,348
5384,306,349
5385,306,350
5386,306,351
5387,306,352
5388,306,353
5389,306,354
5390,306,355
5391,306,356
5392,306,357
5393,306,358
5394,306,359
5395,306,360
5396,306,361
5397,306,362
5398,306,363
5399,306,364
5400,306,365
5401,306,366
5402,306,367
5403,306,368
5404,306,369
5405,306,370
5406,306,371
5407,306,372
5408,306,373
5409,306,374
5410,306,375
5411,306,376
5412,306,377
5413,306,378
5414,306,379
5415,306,380
5416,306,381
5417,306,382
5418,306,383
5419,306,384
5420,306,385
5421,306,386
5422,306,387
5423,306,388
5424,306,389
5425,306,390
5426,306,391
5427,306,392
5428,306,393
5429,306,394
5430,306,395
5431,306,396
5432,306,397
5433,306,398
5434,306,399
5435,306,400
5436,306,401
5437,306,402
5438,306,403
5439,306,404
5440,306,405
5441,306,406
5442,306,407
5443,306,408
5444,306,409
5445,306,410
5446,306,411
5447,306,412
5448,306,413
5449,306,414
5450,306,415
5451,306,416
5452,306,417
5453,306,418
5454,306,419
5455,306,420
5456,306,421
5457,306,422
5458,306,423
5459,306,424
5460,306,425
5461,306,426
5462,306,427
5463,306,428
5464,306,429
5465,306,430
5466,306,431
5467,306,432
5468,306,433
5469,306,434
5470,306,435
5471,306,436
5472,306,437
5473,306,438
5474,306,439
5475,306,440
5476,306,441
5477,306,442
5478,306,443
5479,306,444
5480,306,445
5481,306,446
5482,306,447
5483,306,448
5484,306,449
5485,306,450
5486,306,451
5487,306,452
5488,306,453
5489,306,454
5490,306,455
5491,306,456
5492,306,457
5493,306,458
5494,306,459
5495,306,460
5496,306,461
5497,306,462
5498,306,463
5499,306,464
5500,306,465
5501,306,466
5502,306,467
5503,306,468
5504,306,469
5505,306,470
5506,306,471
5507,306,472
5508,306,473
5509,306,474
5510,306,475
5511,306,476
5512,306,477
5513,306,478
5514,306,479
5515,306,480
5516,306,481
5517,306,482
5518,306,483
5519,306,484
5520,306,485
5521,306,486
5522,306,487
5523,306,488
5524,306,489
5525,306,490
5526,306,491
5527,306,492
5528,306,493
5529,306,494
5530,306,495
5531,306,496
5532,306,497
5533,306,498
5534,306,499
5535,306,500
5536,306,501
5537,306,502
5538,306,503
5539,306,504
5540,306,505
5541,306,506
5542,306,507
5543,306,508
5544,307,330
5545,307,331
5546,307,332
5547,307,333
5548,307,334
5549,307,335
5550,307,336
5551,307,337
5552,307,338
5553,307,339
5554,307,340
5555,307,341
5556,307,342
5557,307,343
5558,307,344
5559,307,345
5560,307,346
5561,307,347
5562,307,348
5563,307,349
5564,307,350
5565,307,351
5566,307,352
5567,307,353
5568,307,354
5569,307,355
5570,307,356
5571,307,357
5572,307,358
5573,307,359
5574,307,360
5575,307,361
5576,307,362
5577,307,363
5578,307,364
5579,307,365
5580,307,366
5581,307,367
5582,307,368
5583,307,369
5584,307,370
5585,307,371
5586,307,372
5587,307,373
5588,307,374
5589,307,375
5590,307,376
5591,307,377
5592,307,378
5593,307,379
5594,307,380
5595,307,381
5596,307,382
5597,307,383
5598,307,384
5599,307,385
5600,307,386
5601,307,387
5602,307,388
5603,307,389
5604,307,390
5605,307,391
5606,307,392
5607,307,393
5608,307,394
5609,307,395
5610,307,396
5611,307,397
5612,307,398
5613,307,399
5614,307,400
5615,307,401
5616,307,402
5617,307,403
5618,307,404
5619,307,405
5620,307,406
5621,307,407
5622,307,408
5623,307,409
5624,307,410
5625,307,411
5626,307,412
5627,307,413
5628,307,414
5629,307,415
5630,307,416
5631,307,417
5632,307,418
5633,307,419
5634,307,420
5635,307,421
5636,307,422
5637,307,423
5638,307,424
5639,307,425
5640,307,426
5641,307,427
5642,307,428
5643,307,429
5644,307,430
5645,307,431
5646,307,432
5647,307,433
5648,307,434
5649,307,435
5650,307,436
5651,307,437
5652,307,438
5653,307,439
5654,307,440
5655,307,441
5656,307,442
5657,307,443
5658,307,444
5659,307,445
5660,307,446
5661,307,447
5662,307,448
5663,307,449
5664,307,450
5665,307,451
5666,307,452
5667,307,453
5668,307,454
5669,307,455
5670,307,456
5671,307,457
5672,307,458
5673,307,459
5674,307,460
5675,307,461
5676,307,462
5677,307,463
5678,307,464
5679,307,465
5680,307,466
5681,307,467
5682,307,468
5683,307,469
5684,307,470
5685,307,471
5686,307,472
5687,307,473
5688,307,474
5689,307,475
5690,307,476
5691,307,477
5692,307,478
5693,307,479
5694,307,480
5695,307,481
5696,307,482
5697,307,483
5698,307,484
5699,307,485
5700,307,486
5701,307,487
5702,307,488
5703,307,489
5704,307,490
5705,307,491
5706,307,492
5707,307,493
5708,307,494
5709,307,495
5710,307,496
5711,307,497
5712,307,498
5713,307,499
5714,307,500
5715,307,501
5716,307,502
5717,307,503
5718,307,504
5719,307,505
5720,307,506
5721,307,507
5722,307,508
5723,308,330
5724,308,331
5725,308,332
5726,308,333
5727,308,334
5728,308,335
5729,308,336
5730,308,337
5731,308,338
5732,308,339
5733,308,340
5734,308,341
5735,308,342
5736,308,343
5737,308,344
5738,308,345
5739,308,346
5740,308,347
5741,308,348
5742,308,349
5743,308,350
5744,308,351
5745,308,352
5746,308,353
5747,308,354
5748,308,355
5749,308,356
5750,308,357
5751,308,358
5752,308,359
5753,308,360
5754,308,361
5755,308,362
5756,308,363
5757,308,364
5758,308,365
5759,308,366
5760,308,367
5761,308,368
5762,308,369
5763,308,370
5764,308,371
5765,308,372
5766,308,373
5767,308,374
5768,308,375
5769,308,376
5770,308,377
5771,308,378
5772,308,379
5773,308,380
5774,308,381
5775,308,382
5776,308,383
5777,308,384
5778,308,385
5779,308,386
5780,308,387
5781,308,388
5782,308,389
5783,308,390
5784,308,391
5785,308,392
5786,308,393
5787,308,394
5788,308,395
5789,308,396
5790,308,397
5791,308,398
5792,308,399
5793,308,400
5794,308,401
5795,308,402
5796,308,403
5797,308,404
5798,308,405
5799,308,406
5800,308,407
5801,308,408
5802,308,409
5803,308,410
5804,308,411
5805,308,412
5806,308,413
5807,308,414
5808,308,415
5809,308,416
5810,308,417
5811,308,418
5812,308,419
5813,308,420
5814,308,421
5815,308,422
5816,308,423
5817,308,424
5818,308,425
5819,308,426
5820,308,427
5821,308,428
5822,308,429
5823,308,430
5824,308,431
5825,308,432
5826,308,433
5827,308,434
5828,308,435
5829,308,436
5830,308,437
5831,308,438
5832,308,439
5833,308,440
5834,308,441
5835,308,442
5836,308,443
5837,308,444
5838,308,445
5839,308,446
5840,308,447
5841,308,448
5842,308,449
5843,308,450
5844,308,451
5845,308,452
5846,308,453
5847,308,454
5848,308,455
5849,308,456
5850,308,457
5851,308,458
5852,308,459
5853,308,460
5854,308,461
5855,308,462
5856,308,463
5857,308,464
5858,308,465
5859,308,466
5860,308,467
5861,308,468
5862,308,469
5863,308,470
5864,308,471
5865,308,472
5866,308,473
5867,308,474
5868,308,475
5869,308,476
5870,308,477
5871,308,478
5872,308,479
5873,308,480
5874,308,481
5875,308,482
5876,308,483
5877,308,484
5878,308,485
5879,308,486
5880,308,487
5881,308,488
5882,308,489
5883,308,490
5884,308,491
5885,308,492
5886,308,493
5887,308,494
5888,308,495
5889,308,496
5890,308,497
5891,308,498
5892,308,499
5893,308,500
5894,308,501
5895,308,502
5896,308,503
5897,308,504
5898,308,505
5899,308,506
5900,308,507
5901,308,508
5902,309,330
5903,309,331
5904,309,332
5905,309,333
5906,309,334
5907,309,335
5908,309,336
5909,309,337
5910,309,338
5911,309,339
5912,309,340
5913,309,341
5914,309,342
5915,309,343
5916,309,344
5917,309,345
5918,309,346
5919,309,347
5920,309,348
5921,309,349
5922,309,350
5923,309,351
5924,309,352
5925,309,353
5926,309,354
5927,309,355
5928,309,356
5929,309,357
5930,309,358
5931,309,359
5932,309,360
5933,309,361
5934,309,362
5935,309,363
5936,309,364
5937,309,365
5938,309,366
5939,309,367
5940,309,368
5941,309,369
5942,309,370
5943,309,371
5944,309,372
5945,309,373
5946,309,374
5947,309,375
5948,309,376
5949,309,377
5950,309,378
5951,309,379
5952,309,380
5953,309,381
5954,309,382
5955,309,383
5956,309,384
5957,309,385
5958,309,386
5959,309,387
5960,309,388
5961,309,389
5962,309,390
5963,309,391
5964,309,392
5965,309,393
5966,309,394
5967,309,395
5968,309,396
5969,309,397
5970,309,398
5971,309,399
5972,309,400
5973,309,401
5974,309,402
5975,309,403
5976,309,404
5977,309,405
5978,309,406
5979,309,407
5980,309,408
5981,309,409
5982,309,410
5983,309,411
5984,309,412
5985,309,413
5986,309,414
5987,309,415
5988,309,416
5989,309,417
5990,309,418
5991,309,419
5992,309,420
5993,309,421
5994,309,422
5995,309,423
5996,309,424
5997,309,425
5998,309,426
5999,309,427
6000,309,428
6001,309,429
6002,309,430
6003,309,431
6004,309,432
6005,309,433
6006,309,434
6007,309,435
6008,309,436
6009,309,437
6010,309,438
6011,309,439
6012,309,440
6013,309,441
6014,309,442
6015,309,443
6016,309,444
6017,309,445
6018,309,446
6019,309,447
6020,309,448
6021,309,449
6022,309,450
6023,309,451
6024,309,452
6025,309,453
6026,309,454
6027,309,455
6028,309,456
6029,309,457
6030,309,458
6031,309,459
6032,309,460
6033,309,461
6034,309,462
6035,309,463
6036,309,464
6037,309,465
6038,309,466
6039,309,467
6040,309,468
6041,309,469
6042,309,470
6043,309,471
6044,309,472
6045,309,473
6046,309,474
6047,309,475
6048,309,476
6049,309,477
6050,309,478
6051,309,479
6052,309,480
6053,309,481
6054,309,482
6055,309,483
6056,309,484
6057,309,485
6058,309,486
6059,309,487
6060,309,488
6061,309,489
6062,309,490
6063,309,491
6064,309,492
6065,309,493
6066,309,494
6067,309,495
6068,309,496
6069,309,497
6070,309,498
6071,309,499
6072,309,500
6073,309,501
6074,309,502
6075,309,503
6076,309,504
6077,309,505
6078,309,506
6079,309,507
6080,309,508
6081,310,329
6082,310,330
6083,310,331
6084,310,332
6085,310,333
6086,310,334
6087,310,335
6088,310,336
6089,310,337
6090,310,338
6091,310,339
6092,310,340
6093,310,341
6094,310,342
6095,310,343
6096,310,344
6097,310,345
6098,310,346
6099,310,347
6100,310,348
6101,310,349
6102,310,350
6103,310,351
6104,310,352
6105,310,353
6106,310,354
6107,310,355
6108,310,356
6109,310,357
6110,310,358
6111,310,359
6112,310,360
6113,310,361
6114,310,362
6115,310,363
6116,310,364
6117,310,365
6118,310,366
6119,310,367
6120,310,368
6121,310,369
6122,310,370
6123,310,371
6124,310,372
6125,310,373
6126,310,374
6127,310,375
6128,310,376
6129,310,377
6130,310,378
6131,310,379
6132,310,380
6133,310,381
6134,310,382
6135,310,383
6136,310,384
6137,310,385
6138,310,386
6139,310,387
6140,310,388
6141,310,389
6142,310,390
6143,310,391
6144,310,392
6145,310,393
6146,310,394
6147,310,395
6148,310,396
6149,310,397
6150,310,398
6151,310,399
6152,310,400
6153,310,401
6154,310,402
6155,310,403
6156,310,404
6157,310,405
6158,310,406
6159,310,407
6160,310,408
6161,310,409
6162,310,410
6163,310,411
6164,310,412
6165,310,413
6166,310,414
6167,310,415
6168,310,416
6169,310,417
6170,310,418
6171,310,419
6172,310,420
6173,310,421
6174,310,422
6175,310,423
6176,310,424
6177,310,425
6178,310,426
6179,310,427
6180,310,428
6181,310,429
6182,310,430
6183,310,431
6184,310,432
6185,310,433
6186,310,434
6187,310,435
6188,310,436
6189,310,437
6190,310,438
6191,310,439
6192,310,440
6193,310,441
6194,310,442
6195,310,443
6196,310,444
6197,310,445
6198,310,446
6199,310,447
6200,310,448
6201,310,449
6202,310,450
6203,310,451
6204,310,452
6205,310,453
6206,310,454
6207,310,455
6208,310,456
6209,310,457
6210,310,458
6211,310,459
6212,310,460
6213,310,461
6214,310,462
6215,310,463
6216,310,464
6217,310,465
6218,310,466
6219,310,467
6220,310,468
6221,310,469
6222,310,470
6223,310,471
6224,310,472
6225,310,473
6226,310,474
6227,310,475
6228,310,476
6229,310,477
6230,310,478
6231,310,479
6232,310,480
6233,310,481
6234,310,482
6235,310,483
6236,310,484
6237,310,485
6238,310,486
6239,310,487
6240,310,488
6241,310,489
6242,310,490
6243,310,491
6244,310,492
6245,310,493
6246,310,494
6247,310,495
6248,310,496
6249,310,497
6250,310,498
6251,310,499
6252,310,500
6253,310,501
6254,310,502
6255,310,503
6256,310,504
6257,310,505
6258,310,506
6259,310,507
6260,310,508
6261,311,329
6262,311,330
6263,311,331
6264,311,332
6265,311,333
6266,311,334
6267,311,335
6268,311,336
6269,311,337
6270,311,338
6271,311,339
6272,311,340
6273,311,341
6274,311,342
6275,311,343
6276,311,344
6277,311,345
6278,311,346
6279,311,347
6280,311,348
6281,311,349
6282,311,350
6283,311,351
6284,311,352
6285,311,353
6286,311,354
6287,311,355
6288,311,356
6289,311,357
6290,311,358
6291,311,359
6292,311,360
6293,311,361
6294,311,362
6295,311,363
6296,311,364
6297,311,365
6298,311,366
6299,311,367
6300,311,368
6301,311,369
6302,311,370
6303,311,371
6304,311,372
6305,311,373
6306,311,374
6307,311,375
6308,311,376
6309,311,377
6310,311,378
6311,311,379
6312,311,380
6313,311,381
6314,311,382
6315,311,383
6316,311,384
6317,311,385
6318,311,386
6319,311,387
6320,311,388
6321,311,389
6322,311,390
6323,311,391
6324,311,392
6325,311,393
6326,311,394
6327,311,395
6328,311,396
6329,311,397
6330,311,398
6331,311,399
6332,311,400
6333,311,401
6334,311,402
6335,311,403
6336,311,404
6337,311,405
6338,311,406
6339,311,407
6340,311,408
6341,311,409
6342,311,410
6343,311,411
6344,311,412
6345,311,413
6346,311,414
6347,311,415
6348,311,416
6349,311,417
6350,311,418
6351,311,419
6352,311,420
6353,311,421
6354,311,422
6355,311,423
6356,311,424
6357,311,425
6358,311,426
6359,311,427
6360,311,428
6361,311,429
6362,311,430
6363,311,431
6364,311,432
6365,311,433
6366,311,434
6367,311,435
6368,311,436
6369,311,437
6370,311,438
6371,311,439
6372,311,440
6373,311,441
6374,311,442
6375,311,443
6376,311,444
6377,311,445
6378,311,446
6379,311,447
6380,311,448
6381,311,449
6382,311,450
6383,311,451
6384,311,452
6385,311,453
6386,311,454
6387,311,455
6388,311,456
6389,311,457
6390,311,458
6391,311,459
6392,311,460
6393,311,461
6394,311,462
6395,311,463
6396,311,464
6397,311,465
6398,311,466
6399,311,467
6400,311,468
6401,311,469
6402,311,470
6403,311,471
6404,311,472
6405,311,473
6406,311,474
6407,311,475
6408,311,476
6409,311,477
6410,311,478
6411,311,479
6412,311,480
6413,311,481
6414,311,482
6415,311,483
6416,311,484
6417,311,485
6418,311,486
6419,311,487
6420,311,488
6421,311,489
6422,311,490
6423,311,491
6424,311,492
6425,311,493
6426,311,494
6427,311,495
6428,311,496
6429,311,497
6430,311,498
6431,311,499
6432,311,500
6433,311,501
6434,311,502
6435,311,503
6436,311,504
6437,311,505
6438,311,506
6439,311,507
6440,311,508
6441,312,329
6442,312,330
6443,312,331
6444,312,332
6445,312,333
6446,312,334
6447,312,335
6448,312,336
6449,312,337
6450,312,338
6451,312,339
6452,312,340
6453,312,341
6454,312,342
6455,312,343
6456,312,344
6457,312,345
6458,312,346
6459,312,347
6460,312,348
6461,312,349
6462,312,350
6463,312,351
6464,312,352
6465,312,353
6466,312,354
6467,312,355
6468,312,356
6469,312,357
6470,312,358
6471,312,359
6472,312,360
6473,312,361
6474,312,362
6475,312,363
6476,312,364
6477,312,365
6478,312,366
6479,312,367
6480,312,368
6481,312,369
6482,312,370
6483,312,371
6484,312,372
6485,312,373
6486,312,374
6487,312,375
6488,312,376
6489,312,377
6490,312,378
6491,312,379
6492,312,380
6493,312,381
6494,312,382
6495,312,383
6496,312,384
6497,312,385
6498,312,386
6499,312,387
6500,312,388
6501,312,389
6502,312,390
6503,312,391
6504,312,392
6505,312,393
6506,312,394
6507,312,395
6508,312,396
6509,312,397
6510,312,398
6511,312,399
6512,312,400
6513,312,401
6514,312,402
6515,312,403
6516,312,404
6517,312,405
6518,312,406
6519,312,407
6520,312,408
6521,312,409
6522,312,410
6523,312,411
6524,312,412
6525,312,413
6526,312,414
6527,312,415
6528,312,416
6529,312,417
6530,312,418
6531,312,419
6532,312,420
6533,312,421
6534,312,422
6535,312,423
6536,312,424
6537,312,425
6538,312,426
6539,312,427
6540,312,428
6541,312,429
6542,312,430
6543,312,431
6544,312,432
6545,312,433
6546,312,434
6547,312,435
6548,312,436
6549,312,437
6550,312,438
6551,312,439
6552,312,440
6553,312,441
6554,312,442
6555,312,443
6556,312,444
6557,312,445
6558,312,446
6559,312,447
6560,312,448
6561,312,449
6562,312,450
6563,312,451
6564,312,452
6565,312,453
6566,312,454
6567,312,455
6568,312,456
6569,312,457
6570,312,458
6571,312,459
6572,312,460
6573,312,461
6574,312,462
6575,312,463
6576,312,464
6577,312,465
6578,312,466
6579,312,467
6580,312,468
6581,312,469
6582,312,470
6583,312,471
6584,312,472
6585,312,473
6586,312,474
6587,312,475
6588,312,476
6589,312,477
6590,312,478
6591,312,479
6592,312,480
6593,312,481
6594,312,482
6595,312,483
6596,312,484
6597,312,485
6598,312,486
6599,312,487
6600,312,488
6601,312,489
6602,312,490
6603,312,491
6604,312,492
6605,312,493
6606,312,494
6607,312,495
6608,312,496
6609,312,497
6610,312,498
6611,312,499
6612,312,500
6613,312,501
6614,312,502
6615,312,503
6616,312,504
6617,312,505
6618,312,506
6619,312,507
6620,312,508
6621,312,509
6622,313,328
6623,313,329
6624,313,330
6625,313,331
6626,313,332
6627,313,333
6628,313,334
6629,313,335
6630,313,336
6631,313,337
6632,313,338
6633,313,339
6634,313,340
6635,313,341
6636,313,342
6637,313,343
6638,313,344
6639,313,345
6640,313,346
6641,313,347
6642,313,348
6643,313,349
6644,313,350
6645,313,351
6646,313,352
6647,313,353
6648,313,354
6649,313,355
6650,313,356
6651,313,357
6652,313,358
6653,313,359
6654,313,360
6655,313,361
6656,313,362
6657,313,363
6658,313,364
6659,313,365
6660,313,366
6661,313,367
6662,313,368
6663,313,369
6664,313,370
6665,313,371
6666,313,372
6667,313,373
6668,313,374
6669,313,375
6670,313,376
6671,313,377
6672,313,378
6673,313,379
6674,313,380
6675,313,381
6676,313,382
6677,313,383
6678,313,384
6679,313,385
6680,313,386
6681,313,387
6682,313,388
6683,313,389
6684,313,390
6685,313,391
6686,313,392
6687,313,393
6688,313,394
6689,313,395
6690,313,396
6691,313,397
6692,313,398
6693,313,399
6694,313,400
6695,313,401
6696,313,402
6697,313,403
6698,313,404
6699,313,405
6700,313,406
6701,313,407
6702,313,408
6703,313,409
6704,313,410
6705,313,411
6706,313,412
6707,313,413
6708,313,414
6709,313,415
6710,313,416
6711,313,417
6712,313,418
6713,313,419
6714,313,420
6715,313,421
6716,313,422
6717,313,423
6718,313,424
6719,313,425
6720,313,426
6721,313,427
6722,313,428
6723,313,429
6724,313,430
6725,313,431
6726,313,432
6727,313,433
6728,313,434
6729,313,435
6730,313,436
6731,313,437
6732,313,438
6733,313,439
6734,313,440
6735,313,441
6736,313,442
6737,313,443
6738,313,444
6739,313,445
6740,313,446
6741,313,447
6742,313,448
6743,313,449
6744,313,450
6745,313,451
6746,313,452
6747,313,453
6748,313,454
6749,313,455
6750,313,456
6751,313,457
6752,313,458
6753,313,459
6754,313,460
6755,313,461
6756,313,462
6757,313,463
6758,313,464
6759,313,465
6760,313,466
6761,313,467
6762,313,468
6763,313,469
6764,313,470
6765,313,471
6766,313,472
6767,313,473
6768,313,474
6769,313,475
6770,313,476
6771,313,477
6772,313,478
6773,313,479
6774,313,480
6775,313,481
6776,313,482
6777,313,483
6778,313,484
6779,313,485
6780,313,486
6781,313,487
6782,313,488
6783,313,489
6784,313,490
6785,313,491
6786,313,492
6787,313,493
6788,313,494
6789,313,495
6790,313,496
6791,313,497
6792,313,498
6793,313,499
6794,313,500
6795,313,501
6796,313,502
6797,313,503
6798,313,504
6799,313,505
6800,313,506
6801,313,507
6802,313,508
6803,313,509
6804,313,510
6805,314,328
6806,314,329
6807,314,330
6808,314,331
6809,314,332
6810,314,333
6811,314,334
6812,314,335
6813,314,336
6814,314,337
6815,314,338
6816,314,339
6817,314,340
6818,314,341
6819,314,342
6820,314,343
6821,314,344
6822,314,345
6823,314,346
6824,314,347
6825,314,348
6826,314,349
6827,314,350
6828,314,351
6829,314,352
6830,314,353
6831,314,354
6832,314,355
6833,314,356
6834,314,357
6835,314,358
6836,314,359
6837,314,360
6838,314,361
6839,314,362
6840,314,363
6841,314,364
6842,314,365
6843,314,366
6844,314,367
6845,314,368
6846,314,369
6847,314,370
6848,314,371
6849,314,372
6850,314,373
6851,314,374
6852,314,375
6853,314,376
6854,314,377
6855,314,378
6856,314,379
6857,314,380
6858,314,381
6859,314,382
6860,314,383
6861,314,384
6862,314,385
6863,314,386
6864,314,387
6865,314,388
6866,314,389
6867,314,390
6868,314,391
6869,314,392
6870,314,393
6871,314,394
6872,314,395
6873,314,396
6874,314,397
6875,314,398
6876,314,399
6877,314,400
6878,314,401
6879,314,402
6880,314,403
6881,314,404
6882,314,405
6883,314,406
6884,314,407
6885,314,408
6886,314,409
6887,314,410
6888,314,411
6889,314,412
6890,314,413
6891,314,414
6892,314,415
6893,314,416
6894,314,417
6895,314,418
6896,314,419
6897,314,420
6898,314,421
6899,314,422
6900,314,423
6901,314,424
6902,314,425
6903,314,426
6904,314,427
6905,314,428
6906,314,429
6907,314,430
6908,314,431
6909,314,432
6910,314,433
6911,314,434
6912,314,435
6913,314,436
6914,314,437
6915,314,438
6916,314,439
6917,314,440
6918,314,441
6919,314,442
6920,314,443
6921,314,444
6922,314,445
6923,314,446
6924,314,447
6925,314,448
6926,314,449
6927,314,450
6928,314,451
6929,314,452
6930,314,453
6931,314,454
6932,314,455
6933,314,456
6934,314,457
6935,314,458
6936,314,459
6937,314,460
6938,314,461
6939,314,462
6940,314,463
6941,314,464
6942,314,465
6943,314,466
6944,314,467
6945,314,468
6946,314,469
6947,314,470
6948,314,471
6949,314,472
6950,314,473
6951,314,474
6952,314,475
6953,314,476
6954,314,477
6955,314,478
6956,314,479
6957,314,480
6958,314,481
6959,314,482
6960,314,483
6961,314,484
6962,314,485
6963,314,486
6964,314,487
6965,314,488
6966,314,489
6967,314,490
6968,314,491
6969,314,492
6970,314,493
6971,314,494
6972,314,495
6973,314,496
6974,314,497
6975,314,498
6976,314,499
6977,314,500
6978,314,501
6979,314,502
6980,314,503
6981,314,504
6982,314,505
6983,314,506
6984,314,507
6985,314,508
6986,314,509
6987,314,510
6988,314,511
6989,315,328
6990,315,329
6991,315,330
6992,315,331
6993,315,332
6994,315,333
6995,315,334
6996,315,335
6997,315,336
6998,315,337
6999,315,338
7000,315,339
7001,315,340
7002,315,341
7003,315,342
7004,315,343
7005,315,344
7006,315,345
7007,315,346
7008,315,347
7009,315,348
7010,315,349
7011,315,350
7012,315,351
7013,315,352
7014,315,353
7015,315,354
7016,315,355
7017,315,356
7018,315,357
7019,315,358
7020,315,359
7021,315,360
7022,315,361
7023,315,362
7024,315,363
7025,315,364
7026,315,365
7027,315,366
7028,315,367
7029,315,368
7030,315,369
7031,315,370
7032,315,371
7033,315,372
7034,315,373
7035,315,374
7036,315,375
7037,315,376
7038,315,377
7039,315,378
7040,315,379
7041,315,380
7042,315,381
7043,315,382
7044,315,383
7045,315,384
7046,315,385
7047,315,386
7048,315,387
7049,315,388
7050,315,389
7051,315,390
7052,315,391
7053,315,392
7054,315,393
7055,315,394
7056,315,395
7057,315,396
7058,315,397
7059,315,398
7060,315,399
7061,315,400
7062,315,401
7063,315,402
7064,315,403
7065,315,404
7066,315,405
7067,315,406
7068,315,407
7069,315,408
7070,315,409
7071,315,410
7072,315,411
7073,315,412
7074,315,413
7075,315,414
7076,315,415
7077,315,416
7078,315,417
7079,315,418
7080,315,419
7081,315,420
7082,315,421
7083,315,422
7084,315,423
7085,315,424
7086,315,425
7087,315,426
7088,315,427
7089,315,428
7090,315,429
7091,315,430
7092,315,431
7093,315,432
7094,315,433
7095,315,434
7096,315,435
7097,315,436
7098,315,437
7099,315,438
7100,315,439
7101,315,440
7102,315,441
7103,315,442
7104,315,443
7105,315,444
7106,315,445
7107,315,446
7108,315,447
7109,315,448
7110,315,449
7111,315,450
7112,315,451
7113,315,452
7114,315,453
7115,315,454
7116,315,455
7117,315,456
7118,315,457
7119,315,458
7120,315,459
7121,315,460
7122,315,461
7123,315,462
7124,315,463
7125,315,464
7126,315,465
7127,315,466
7128,315,467
7129,315,468
7130,315,469
7131,315,470
7132,315,471
7133,315,472
7134,315,473
7135,315,474
7136,315,475
7137,315,476
7138,315,477
7139,315,478
7140,315,479
7141,315,480
7142,315,481
7143,315,482
7144,315,483
7145,315,484
7146,315,485
7147,315,486
7148,315,487
7149,315,488
7150,315,489
7151,315,490
7152,315,491
7153,315,492
7154,315,493
7155,315,494
7156,315,495
7157,315,496
7158,315,497
7159,315,498
7160,315,499
7161,315,500
7162,315,501
7163,315,502
7164,315,503
7165,315,504
7166,315,505
7167,315,506
7168,315,507
7169,315,508
7170,315,509
7171,315,510
7172,315,511
7173,315,512
7174,315,513
7175,315,514
7176,315,515
7177,316,328
7178,316,329
7179,316,330
7180,316,331
7181,316,332
7182,316,333
7183,316,334
7184,316,335
7185,316,336
7186,316,337
7187,316,338
7188,316,339
7189,316,340
7190,316,341
7191,316,342
7192,316,343
7193,316,344
7194,316,345
7195,316,346
7196,316,347
7197,316,348
7198,316,349
7199,316,350
7200,316,351
7201,316,352
7202,316,353
7203,316,354
7204,316,355
7205,316,356
7206,316,357
7207,316,358
7208,316,359
7209,316,360
7210,316,361
7211,316,362
7212,316,363
7213,316,364
7214,316,365
7215,316,366
7216,316,367
7217,316,368
7218,316,369
7219,316,370
7220,316,371
7221,316,372
7222,316,373
7223,316,374
7224,316,375
7225,316,376
7226,316,377
7227,316,378
7228,316,379
7229,316,380
7230,316,381
7231,316,382
7232,316,383
7233,316,384
7234,316,385
7235,316,386
7236,316,387
7237,316,388
7238,316,389
7239,316,390
7240,316,391
7241,316,392
7242,316,393
7243,316,394
7244,316,395
7245,316,396
7246,316,397
7247,316,398
7248,316,399
7249,316,400
7250,316,401
7251,316,402
7252,316,403
7253,316,404
7254,316,405
7255,316,406
7256,316,407
7257,316,408
7258,316,409
7259,316,410
7260,316,411
7261,316,412
7262,316,413
7263,316,414
7264,316,415
7265,316,416
7266,316,417
7267,316,418
7268,316,419
7269,316,420
7270,316,421
7271,316,422
7272,316,423
7273,316,424
7274,316,425
7275,316,426
7276,316,427
7277,316,428
7278,316,429
7279,316,430
7280,316,431
7281,316,432
7282,316,433
7283,316,434
7284,316,435
7285,316,436
7286,316,437
7287,316,438
7288,316,439
7289,316,440
7290,316,441
7291,316,442
7292,316,443
7293,316,444
7294,316,445
7295,316,446
7296,316,447
7297,316,448
7298,316,449
7299,316,450
7300,316,451
7301,316,452
7302,316,453
7303,316,454
7304,316,455
7305,316,456
7306,316,457
7307,316,458
7308,316,459
7309,316,460
7310,316,461
7311,316,462
7312,316,463
7313,316,464
7314,316,465
7315,316,466
7316,316,467
7317,316,468
7318,316,469
7319,316,470
7320,316,471
7321,316,472
7322,316,473
7323,316,474
7324,316,475
7325,316,476
7326,316,477
7327,316,478
7328,316,479
7329,316,480
7330,316,481
7331,316,482
7332,316,483
7333,316,484
7334,316,485
7335,316,486
7336,316,487
7337,316,488
7338,316,489
7339,316,490
7340,316,491
7341,316,492
7342,316,493
7343,316,494
7344,316,495
7345,316,496
7346,316,497
7347,316,498
7348,316,499
7349,316,500
7350,316,501
7351,316,502
7352,316,503
7353,316,504
7354,316,505
7355,316,506
7356,316,507
7357,316,508
7358,316,509
7359,316,510
7360,316,511
7361,316,512
7362,316,513
7363,316,514
7364,316,515
7365,316,516
7366,316,517
7367,316,518
7368,317,328
7369,317,329
7370,317,330
7371,317,331
7372,317,332
7373,317,333
7374,317,334
7375,317,335
7376,317,336
7377,317,337
7378,317,338
7379,317,339
7380,317,340
7381,317,341
7382,317,342
7383,317,343
7384,317,344
7385,317,345
7386,317,346
7387,317,347
7388,317,348
7389,317,349
7390,317,350
7391,317,351
7392,317,352
7393,317,353
7394,317,354
7395,317,355
7396,317,356
7397,317,357
7398,317,358
7399,317,359
7400,317,360
7401,317,361
7402,317,362
7403,317,363
7404,317,364
7405,317,365
7406,317,366
7407,317,367
7408,317,368
7409,317,369
7410,317,370
7411,317,371
7412,317,372
7413,317,373
7414,317,374
7415,317,375
7416,317,376
7417,317,377
7418,317,378
7419,317,379
7420,317,380
7421,317,381
7422,317,382
7423,317,383
7424,317,384
7425,317,385
7426,317,386
7427,317,387
7428,317,388
7429,317,389
7430,317,390
7431,317,391
7432,317,392
7433,317,393
7434,317,394
7435,317,395
7436,317,396
7437,317,397
7438,317,398
7439,317,399
7440,317,400
7441,317,401
7442,317,402
7443,317,403
7444,317,404
7445,317,405
7446,317,406
7447,317,407
7448,317,408
7449,317,409
7450,317,410
7451,317,411
7452,317,412
7453,317,413
7454,317,414
7455,317,415
7456,317,416
7457,317,417
7458,317,418
7459,317,419
7460,317,420
7461,317,421
7462,317,422
7463,317,423
7464,317,424
7465,317,425
7466,317,426
7467,317,427
7468,317,428
7469,317,429
7470,317,430
7471,317,431
7472,317,432
7473,317,433
7474,317,434
7475,317,435
7476,317,436
7477,317,437
7478,317,438
7479,317,439
7480,317,440
7481,317,441
7482,317,442
7483,317,443
7484,317,444
7485,317,445
7486,317,446
7487,317,447
7488,317,448
7489,317,449
7490,317,450
7491,317,451
7492,317,452
7493,317,453
7494,317,454
7495,317,455
7496,317,456
7497,317,457
7498,317,458
7499,317,459
7500,317,460
7501,317,461
7502,317,462
7503,317,463
7504,317,464
7505,317,465
7506,317,466
7507,317,467
7508,317,468
7509,317,469
7510,317,470
7511,317,471
7512,317,472
7513,317,473
7514,317,474
7515,317,475
7516,317,476
7517,317,477
7518,317,478
7519,317,479
7520,317,480
7521,317,481
7522,317,482
7523,317,483
7524,317,484
7525,317,485
7526,317,486
7527,317,487
7528,317,488
7529,317,489
7530,317,490
7531,317,491
7532,317,492
7533,317,493
7534,317,494
7535,317,495
7536,317,496
7537,317,497
7538,317,498
7539,317,499
7540,317,500
7541,317,501
7542,317,502
7543,317,503
7544,317,504
7545,317,505
7546,317,506
7547,317,507
7548,317,508
7549,317,509
7550,317,510
7551,317,511
7552,317,512
7553,317,513
7554,317,514
7555,317,515
7556,317,516
7557,317,517
7558,317,518
7559,317,519
7560,318,328
7561,318,329
7562,318,330
7563,318,331
7564,318,332
7565,318,333
7566,318,334
7567,318,335
7568,318,336
7569,318,337
7570,318,338
7571,318,339
7572,318,340
7573,318,341
7574,318,342
7575,318,343
7576,318,344
7577,318,345
7578,318,346
7579,318,347
7580,318,348
7581,318,349
7582,318,350
7583,318,351
7584,318,352
7585,318,353
7586,318,354
7587,318,355
7588,318,356
7589,318,357
7590,318,358
7591,318,359
7592,318,360
7593,318,361
7594,318,362
7595,318,363
7596,318,364
7597,318,365
7598,318,366
7599,318,367
7600,318,368
7601,318,369
7602,318,370
7603,318,371
7604,318,372
7605,318,373
7606,318,374
7607,318,375
7608,318,376
7609,318,377
7610,318,378
7611,318,379
7612,318,380
7613,318,381
7614,318,382
7615,318,383
7616,318,384
7617,318,385
7618,318,386
7619,318,387
7620,318,388
7621,318,389
7622,318,390
7623,318,391
7624,318,392
7625,318,393
7626,318,394
7627,318,395
7628,318,396
7629,318,397
7630,318,398
7631,318,399
7632,318,400
7633,318,401
7634,318,402
7635,318,403
7636,318,404
7637,318,405
7638,318,406
7639,318,407
7640,318,408
7641,318,409
7642,318,410
7643,318,411
7644,318,412
7645,318,413
7646,318,414
7647,318,415
7648,318,416
7649,318,417
7650,318,418
7651,318,419
7652,318,420
7653,318,421
7654,318,422
7655,318,423
7656,318,424
7657,318,425
7658,318,426
7659,318,427
7660,318,428
7661,318,429
7662,318,430
7663,318,431
7664,318,432
7665,318,433
7666,318,434
7667,318,435
7668,318,436
7669,318,437
7670,318,438
7671,318,439
7672,318,440
7673,318,441
7674,318,442
7675,318,443
7676,318,444
7677,318,445
7678,318,446
7679,318,447
7680,318,448
7681,318,449
7682,318,450
7683,318,451
7684,318,452
7685,318,453
7686,318,454
7687,318,455
7688,318,456
7689,318,457
7690,318,458
7691,318,459
7692,318,460
7693,318,461
7694,318,462
7695,318,463
7696,318,464
7697,318,465
7698,318,466
7699,318,467
7700,318,468
7701,318,469
7702,318,470
7703,318,471
7704,318,472
7705,318,473
7706,318,474
7707,318,475
7708,318,476
7709,318,477
7710,318,478
7711,318,479
7712,318,480
7713,318,481
7714,318,482
7715,318,483
7716,318,484
7717,318,485
7718,318,486
7719,318,487
7720,318,488
7721,318,489
7722,318,490
7723,318,491
7724,318,492
7725,318,493
7726,318,494
7727,318,495
7728,318,496
7729,318,497
7730,318,498
7731,318,499
7732,318,500
7733,318,501
7734,318,502
7735,318,503
7736,318,504
7737,318,505
7738,318,506
7739,318,507
7740,318,508
7741,318,509
7742,318,510
7743,318,511
7744,318,512
7745,318,513
7746,318,514
7747,318,515
7748,318,516
7749,318,517
7750,318,518
7751,318,519
7752,319,328
7753,319,329
7754,319,330
7755,319,331
7756,319,332
7757,319,333
7758,319,334
7759,319,335
7760,319,336
7761,319,337
7762,319,338
7763,319,339
7764,319,340
7765,319,341
7766,319,342
7767,319,343
7768,319,344
7769,319,345
7770,319,346
7771,319,347
7772,319,348
7773,319,349
7774,319,350
7775,319,351
7776,319,352
7777,319,353
7778,319,354
7779,319,355
7780,319,356
7781,319,357
7782,319,358
7783,319,359
7784,319,360
7785,319,361
7786,319,362
7787,319,363
7788,319,364
7789,319,365
7790,319,366
7791,319,367
7792,319,368
7793,319,369
7794,319,370
7795,319,371
7796,319,372
7797,319,373
7798,319,374
7799,319,375
7800,319,376
7801,319,377
7802,319,378
7803,319,379
7804,319,380
7805,319,381
7806,319,382
7807,319,383
7808,319,384
7809,319,385
7810,319,386
7811,319,387
7812,319,388
7813,319,389
7814,319,390
7815,319,391
7816,319,392
7817,319,393
7818,319,394
7819,319,395
7820,319,396
7821,319,397
7822,319,398
7823,319,399
7824,319,400
7825,319,401
7826,319,402
7827,319,403
7828,319,404
7829,319,405
7830,319,406
7831,319,407
7832,319,408
7833,319,409
7834,319,410
7835,319,411
7836,319,412
7837,319,413
7838,319,414
7839,319,415
7840,319,416
7841,319,417
7842,319,418
7843,319,419
7844,319,420
7845,319,421
7846,319,422
7847,319,423
7848,319,424
7849,319,425
7850,319,426
7851,319,427
7852,319,428
7853,319,429
7854,319,430
7855,319,431
7856,319,432
7857,319,433
7858,319,434
7859,319,435
7860,319,436
7861,319,437
7862,319,438
7863,319,439
7864,319,440
7865,319,441
7866,319,442
7867,319,443
7868,319,444
7869,319,445
7870,319,446
7871,319,447
7872,319,448
7873,319,449
7874,319,450
7875,319,451
7876,319,452
7877,319,453
7878,319,454
7879,319,455
7880,319,456
7881,319,457
7882,319,458
7883,319,459
7884,319,460
7885,319,461
7886,319,462
7887,319,463
7888,319,464
7889,319,465
7890,319,466
7891,319,467
7892,319,468
7893,319,469
7894,319,470
7895,319,471
7896,319,472
7897,319,473
7898,319,474
7899,319,475
7900,319,476
7901,319,477
7902,319,478
7903,319,479
7904,319,480
7905,319,481
7906,319,482
7907,319,483
7908,319,484
7909,319,485
7910,319,486
7911,319,487
7912,319,488
7913,319,489
7914,319,490
7915,319,491
7916,319,492
7917,319,493
7918,319,494
7919,319,495
7920,319,496
7921,319,497
7922,319,498
7923,319,499
7924,319,500
7925,319,501
7926,319,502
7927,319,503
7928,319,504
7929,319,505
7930,319,506
7931,319,507
7932,319,508
7933,319,509
7934,319,510
7935,319,511
7936,319,512
7937,319,513
7938,319,514
7939,319,515
7940,319,516
7941,319,517
7942,319,518
7943,319,519
7944,319,520
7945,320,328
7946,320,329
7947,320,330
7948,320,331
7949,320,332
7950,320,333
7951,320,334
7952,320,335
7953,320,336
7954,320,337
7955,320,338
7956,320,339
7957,320,340
7958,320,341
7959,320,342
7960,320,343
7961,320,344
7962,320,345
7963,320,346
7964,320,347
7965,320,348
7966,320,349
7967,320,350
7968,320,351
7969,320,352
7970,320,353
7971,320,354
7972,320,355
7973,320,356
7974,320,357
7975,320,358
7976,320,359
7977,320,360
7978,320,361
7979,320,362
7980,320,363
7981,320,364
7982,320,365
7983,320,366
7984,320,367
7985,320,368
7986,320,369
7987,320,370
7988,320,371
7989,320,372
7990,320,373
7991,320,374
7992,320,375
7993,320,376
7994,320,377
7995,320,378
7996,320,379
7997,320,380
7998,320,381
7999,320,382
8000,320,383
8001,320,384
8002,320,385
8003,320,386
8004,320,387
8005,320,388
8006,320,389
8007,320,390
8008,320,391
8009,320,392
8010,320,393
8011,320,394
8012,320,395
8013,320,396
8014,320,397
8015,320,398
8016,320,399
8017,320,400
8018,320,401
8019,320,402
8020,320,403
8021,320,404
8022,320,405
8023,320,406
8024,320,407
8025,320,408
8026,320,409
8027,320,410
8028,320,411
8029,320,412
8030,320,413
8031,320,414
8032,320,415
8033,320,416
8034,320,417
8035,320,418
8036,320,419
8037,320,420
8038,320,421
8039,320,422
8040,320,423
8041,320,424
8042,320,425
8043,320,426
8044,320,427
8045,320,428
8046,320,429
8047,320,430
8048,320,431
8049,320,432
8050,320,433
8051,320,434
8052,320,435
8053,320,436
8054,320,437
8055,320,438
8056,320,439
8057,320,440
8058,320,441
8059,320,442
8060,320,443
8061,320,444
8062,320,445
8063,320,446
8064,320,447
8065,320,448
8066,320,449
8067,320,450
8068,320,451
8069,320,452
8070,320,453
8071,320,454
8072,320,455
8073,320,456
8074,320,457
8075,320,458
8076,320,459
8077,320,460
8078,320,461
8079,320,462
8080,320,463
8081,320,464
8082,320,465
8083,320,466
8084,320,467
8085,320,468
8086,320,469
8087,320,470
8088,320,471
8089,320,472
8090,320,473
8091,320,474
8092,320,475
8093,320,476
8094,320,477
8095,320,478
8096,320,479
8097,320,480
8098,320,481
8099,320,482
8100,320,483
8101,320,484
8102,320,485
8103,320,486
8104,320,487
8105,320,488
8106,320,489
8107,320,490
8108,320,491
8109,320,492
8110,320,493
8111,320,494
8112,320,495
8113,320,496
8114,320,497
8115,320,498
8116,320,499
8117,320,500
8118,320,501
8119,320,502
8120,320,503
8121,320,504
8122,320,505
8123,320,506
8124,320,507
8125,320,508
8126,320,509
8127,320,510
8128,320,511
8129,320,512
8130,320,513
8131,320,514
8132,320,515
8133,320,516
8134,320,517
8135,320,518
8136,320,519
8137,320,520
8138,320,521
8139,320,522
8140,321,328
8141,321,329
8142,321,330
8143,321,331
8144,321,332
8145,321,333
8146,321,334
8147,321,335
8148,321,336
8149,321,337
8150,321,338
8151,321,339
8152,321,340
8153,321,341
8154,321,342
8155,321,343
8156,321,344
8157,321,345
8158,321,346
8159,321,347
8160,321,348
8161,321,349
8162,321,350
8163,321,351
8164,321,352
8165,321,353
8166,321,354
8167,321,355
8168,321,356
8169,321,357
8170,321,358
8171,321,359
8172,321,360
8173,321,361
8174,321,362
8175,321,363
8176,321,364
8177,321,365
8178,321,366
8179,321,367
8180,321,368
8181,321,369
8182,321,370
8183,321,371
8184,321,372
8185,321,373
8186,321,374
8187,321,375
8188,321,376
8189,321,377
8190,321,378
8191,321,379
8192,321,380
8193,321,381
8194,321,382
8195,321,383
8196,321,384
8197,321,385
8198,321,386
8199,321,387
8200,321,388
8201,321,389
8202,321,390
8203,321,391
8204,321,392
8205,321,393
8206,321,394
8207,321,395
8208,321,396
8209,321,397
8210,321,398
8211,321,399
8212,321,400
8213,321,401
8214,321,402
8215,321,403
8216,321,404
8217,321,405
8218,321,406
8219,321,407
8220,321,408
8221,321,409
8222,321,410
8223,321,411
8224,321,412
8225,321,413
8226,321,414
8227,321,415
8228,321,416
8229,321,417
8230,321,418
8231,321,419
8232,321,420
8233,321,421
8234,321,422
8235,321,423
8236,321,424
8237,321,425
8238,321,426
8239,321,427
8240,321,428
8241,321,429
8242,321,430
8243,321,431
8244,321,432
8245,321,433
8246,321,434
8247,321,435
8248,321,436
8249,321,437
8250,321,438
8251,321,439
8252,321,440
8253,321,441
8254,321,442
8255,321,443
8256,321,444
8257,321,445
8258,321,446
8259,321,447
8260,321,448
8261,321,449
8262,321,450
8263,321,451
8264,321,452
8265,321,453
8266,321,454
8267,321,455
8268,321,456
8269,321,457
8270,321,458
8271,321,459
8272,321,460
8273,321,461
8274,321,462
8275,321,463
8276,321,464
8277,321,465
8278,321,466
8279,321,467
8280,321,468
8281,321,469
8282,321,470
8283,321,471
8284,321,472
8285,321,473
8286,321,474
8287,321,475
8288,321,476
8289,321,477
8290,321,478
8291,321,479
8292,321,480
8293,321,481
8294,321,482
8295,321,483
8296,321,484
8297,321,485
8298,321,486
8299,321,487
8300,321,488
8301,321,489
8302,321,490
8303,321,491
8304,321,492
8305,321,493
8306,321,494
8307,321,495
8308,321,496
8309,321,497
8310,321,498
8311,321,499
8312,321,500
8313,321,501
8314,321,502
8315,321,503
8316,321,504
8317,321,505
8318,321,506
8319,321,507
8320,321,508
8321,321,509
8322,321,510
8323,321,511
8324,321,512
8325,321,513
8326,321,514
8327,321,515
8328,321,516
8329,321,517
8330,321,518
8331,321,519
8332,321,520
8333,321,521
8334,321,522
8335,322,328
8336,322,329
8337,322,330
8338,322,331
8339,322,332
8340,322,333
8341,322,334
8342,322,335
8343,322,336
8344,322,337
8345,322,338
8346,322,339
8347,322,340
8348,322,341
8349,322,342
8350,322,343
8351,322,344
8352,322,345
8353,322,346
8354,322,347
8355,322,348
8356,322,349
8357,322,350
8358,322,351
8359,322,352
8360,322,353
8361,322,354
8362,322,355
8363,322,356
8364,322,357
8365,322,358
8366,322,359
8367,322,360
8368,322,361
8369,322,362
8370,322,363
8371,322,364
8372,322,365
8373,322,366
8374,322,367
8375,322,368
8376,322,369
8377,322,370
8378,322,371
8379,322,372
8380,322,373
8381,322,374
8382,322,375
8383,322,376
8384,322,377
8385,322,378
8386,322,379
8387,322,380
8388,322,381
8389,322,382
8390,322,383
8391,322,384
8392,322,385
8393,322,386
8394,322,387
8395,322,388
8396,322,389
8397,322,390
8398,322,391
8399,322,392
8400,322,393
8401,322,394
8402,322,395
8403,322,396
8404,322,397
8405,322,398
8406,322,399
8407,322,400
8408,322,401
8409,322,402
8410,322,403
8411,322,404
8412,322,405
8413,322,406
8414,322,407
8415,322,408
8416,322,409
8417,322,410
8418,322,411
8419,322,412
8420,322,413
8421,322,414
8422,322,415
8423,322,416
8424,322,417
8425,322,418
8426,322,419
8427,322,420
8428,322,421
8429,322,422
8430,322,423
8431,322,424
8432,322,425
8433,322,426
8434,322,427
8435,322,428
8436,322,429
8437,322,430
8438,322,431
8439,322,432
8440,322,433
8441,322,434
8442,322,435
8443,322,436
8444,322,437
8445,322,438
8446,322,439
8447,322,440
8448,322,441
8449,322,442
8450,322,443
8451,322,444
8452,322,445
8453,322,446
8454,322,447
8455,322,448
8456,322,449
8457,322,450
8458,322,451
8459,322,452
8460,322,453
8461,322,454
8462,322,455
8463,322,456
8464,322,457
8465,322,458
8466,322,459
8467,322,460
8468,322,461
8469,322,462
8470,322,463
8471,322,464
8472,322,465
8473,322,466
8474,322,467
8475,322,468
8476,322,469
8477,322,470
8478,322,471
8479,322,472
8480,322,473
8481,322,474
8482,322,475
8483,322,476
8484,322,477
8485,322,478
8486,322,479
8487,322,480
8488,322,481
8489,322,482
8490,322,483
8491,322,484
8492,322,485
8493,322,486
8494,322,487
8495,322,488
8496,322,489
8497,322,490
8498,322,491
8499,322,492
8500,322,493
8501,322,494
8502,322,495
8503,322,496
8504,322,497
8505,322,498
8506,322,499
8507,322,500
8508,322,501
8509,322,502
8510,322,503
8511,322,504
8512,322,505
8513,322,506
8514,322,507
8515,322,508
8516,322,509
8517,322,510
8518,322,511
8519,322,512
8520,322,513
8521,322,514
8522,322,515
8523,322,516
8524,322,517
8525,322,518
8526,322,519
8527,322,520
8528,322,521
8529,322,522
8530,323,328
8531,323,329
8532,323,330
8533,323,331
8534,323,332
8535,323,333
8536,323,334
8537,323,335
8538,323,336
8539,323,337
8540,323,338
8541,323,339
8542,323,340
8543,323,341
8544,323,342
8545,323,343
8546,323,344
8547,323,345
8548,323,346
8549,323,347
8550,323,348
8551,323,349
8552,323,350
8553,323,351
8554,323,352
8555,323,353
8556,323,354
8557,323,355
8558,323,356
8559,323,357
8560,323,358
8561,323,359
8562,323,360
8563,323,361
8564,323,362
8565,323,363
8566,323,364
8567,323,365
8568,323,366
8569,323,367
8570,323,368
8571,323,369
8572,323,370
8573,323,371
8574,323,372
8575,323,373
8576,323,374
8577,323,375
8578,323,376
8579,323,377
8580,323,378
8581,323,379
8582,323,380
8583,323,381
8584,323,382
8585,323,383
8586,323,384
8587,323,385
8588,323,386
8589,323,387
8590,323,388
8591,323,389
8592,323,390
8593,323,391
8594,323,392
8595,323,393
8596,323,394
8597,323,395
8598,323,396
8599,323,397
8600,323,398
8601,323,399
8602,323,400
8603,323,401
8604,323,402
8605,323,403
8606,323,404
8607,323,405
8608,323,406
8609,323,407
8610,323,408
8611,323,409
8612,323,410
8613,323,411
8614,323,412
8615,323,413
8616,323,414
8617,323,415
8618,323,416
8619,323,417
8620,323,418
8621,323,419
8622,323,420
8623,323,421
8624,323,422
8625,323,423
8626,323,424
8627,323,425
8628,323,426
8629,323,427
8630,323,428
8631,323,429
8632,323,430
8633,323,431
8634,323,432
8635,323,433
8636,323,434
8637,323,435
8638,323,436
8639,323,437
8640,323,438
8641,323,439
8642,323,440
8643,323,441
8644,323,442
8645,323,443
8646,323,444
8647,323,445
8648,323,446
8649,323,447
8650,323,448
8651,323,449
8652,323,450
8653,323,451
8654,323,452
8655,323,453
8656,323,454
8657,323,455
8658,323,456
8659,323,457
8660,323,458
8661,323,459
8662,323,460
8663,323,461
8664,323,462
8665,323,463
8666,323,464
8667,323,465
8668,323,466
8669,323,467
8670,323,468
8671,323,469
8672,323,470
8673,323,471
8674,323,472
8675,323,473
8676,323,474
8677,323,475
8678,323,476
8679,323,477
8680,323,478
8681,323,479
8682,323,480
8683,323,481
8684,323,482
8685,323,483
8686,323,484
8687,323,485
8688,323,486
8689,323,487
8690,323,488
8691,323,489
8692,323,490
8693,323,491
8694,323,492
8695,323,493
8696,323,494
8697,323,495
8698,323,496
8699,323,497
8700,323,498
8701,323,499
8702,323,500
8703,323,501
8704,323,502
8705,323,503
8706,323,504
8707,323,505
8708,323,506
8709,323,507
8710,323,508
8711,323,509
8712,323,510
8713,323,511
8714,323,512
8715,323,513
8716,323,514
8717,323,515
8718,323,516
8719,323,517
8720,323,518
8721,323,519
8722,323,520
8723,323,521
8724,323,522
8725,324,328
8726,324,329
8727,324,330
8728,324,331
8729,324,332
8730,324,333
8731,324,334
8732,324,335
8733,324,336
8734,324,337
8735,324,338
8736,324,339
8737,324,340
8738,324,341
8739,324,342
8740,324,343
8741,324,344
8742,324,345
8743,324,346
8744,324,347
8745,324,348
8746,324,349
8747,324,350
8748,324,351
8749,324,352
8750,324,353
8751,324,354
8752,324,355
8753,324,356
8754,324,357
8755,324,358
8756,324,359
8757,324,360
8758,324,361
8759,324,362
8760,324,363
8761,324,364
8762,324,365
8763,324,366
8764,324,367
8765,324,368
8766,324,369
8767,324,370
8768,324,371
8769,324,372
8770,324,373
8771,324,374
8772,324,375
8773,324,376
8774,324,377
8775,324,378
8776,324,379
8777,324,380
8778,324,381
8779,324,382
8780,324,383
8781,324,384
8782,324,385
8783,324,386
8784,324,387
8785,324,388
8786,324,389
8787,324,390
8788,324,391
8789,324,392
8790,324,393
8791,324,394
8792,324,395
8793,324,396
8794,324,397
8795,324,398
8796,324,399
8797,324,400
8798,324,401
8799,324,402
8800,324,403
8801,324,404
8802,324,405
8803,324,406
8804,324,407
8805,324,408
8806,324,409
8807,324,410
8808,324,411
8809,324,412
8810,324,413
8811,324,414
8812,324,415
8813,324,416
8814,324,417
8815,324,418
8816,324,419
8817,324,420
8818,324,421
8819,324,422
8820,324,423
8821,324,424
8822,324,425
8823,324,426
8824,324,427
8825,324,428
8826,324,429
8827,324,430
8828,324,431
8829,324,432
8830,324,433
8831,324,434
8832,324,435
8833,324,436
8834,324,437
8835,324,438
8836,324,439
8837,324,440
8838,324,441
8839,324,442
8840,324,443
8841,324,444
8842,324,445
8843,324,446
8844,324,447
8845,324,448
8846,324,449
8847,324,450
8848,324,451
8849,324,452
8850,324,453
8851,324,454
8852,324,455
8853,324,456
8854,324,457
8855,324,458
8856,324,459
8857,324,460
8858,324,461
8859,324,462
8860,324,463
8861,324,464
8862,324,465
8863,324,466
8864,324,467
8865,324,468
8866,324,469
8867,324,470
8868,324,471
8869,324,472
8870,324,473
8871,324,474
8872,324,475
8873,324,476
8874,324,477
8875,324,478
8876,324,479
8877,324,480
8878,324,481
8879,324,482
8880,324,483
8881,324,484
8882,324,485
8883,324,486
8884,324,487
8885,324,488
8886,324,489
8887,324,490
8888,324,491
8889,324,492
8890,324,493
8891,324,494
8892,324,495
8893,324,496
8894,324,497
8895,324,498
8896,324,499
8897,324,500
8898,324,501
8899,324,502
8900,324,503
8901,324,504
8902,324,505
8903,324,506
8904,324,507
8905,324,508
8906,324,509
8907,324,510
8908,324,511
8909,324,512
8910,324,513
8911,324,514
8912,324,515
8913,324,516
8914,324,517
8915,324,518
8916,324,519
8917,324,520
8918,324,521
8919,324,522
8920,324,523
8921,324,524
8922,324,525
8923,324,526
8924,324,527
8925,325,327
8926,325,328
8927,325,329
8928,325,330
8929,325,331
8930,325,332
8931,325,333
8932,325,334
8933,325,335
8934,325,336
8935,325,337
8936,325,338
8937,325,339
8938,325,340
8939,325,341
8940,325,342
8941,325,343
8942,325,344
8943,325,345
8944,325,346
8945,325,347
8946,325,348
8947,325,349
8948,325,350
8949,325,351
8950,325,352
8951,325,353
8952,325,354
8953,325,355
8954,325,356
8955,325,357
8956,325,358
8957,325,359
8958,325,360
8959,325,361
8960,325,362
8961,325,363
8962,325,364
8963,325,365
8964,325,366
8965,325,367
8966,325,368
8967,325,369
8968,325,370
8969,325,371
8970,325,372
8971,325,373
8972,325,374
8973,325,375
8974,325,376
8975,325,377
8976,325,378
8977,325,379
8978,325,380
8979,325,381
8980,325,382
8981,325,383
8982,325,384
8983,325,385
8984,325,386
8985,325,387
8986,325,388
8987,325,389
8988,325,390
8989,325,391
8990,325,392
8991,325,393
8992,325,394
8993,325,395
8994,325,396
8995,325,397
8996,325,398
8997,325,399
8998,325,400
8999,325,401
9000,325,402
9001,325,403
9002,325,404
9003,325,405
9004,325,406
9005,325,407
9006,325,408
9007,325,409
9008,325,410
9009,325,411
9010,325,412
9011,325,413
9012,325,414
9013,325,415
9014,325,416
9015,325,417
9016,325,418
9017,325,419
9018,325,420
9019,325,421
9020,325,422
9021,325,423
9022,325,424
9023,325,425
9024,325,426
9025,325,427
9026,325,428
9027,325,429
9028,325,430
9029,325,431
9030,325,432
9031,325,433
9032,325,434
9033,325,435
9034,325,436
9035,325,437
9036,325,438
9037,325,439
9038,325,440
9039,325,441
9040,325,442
9041,325,443
9042,325,444
9043,325,445
9044,325,446
9045,325,447
9046,325,448
9047,325,449
9048,325,450
9049,325,451
9050,325,452
9051,325,453
9052,325,454
9053,325,455
9054,325,456
9055,325,457
9056,325,458
9057,325,459
9058,325,460
9059,325,461
9060,325,462
9061,325,463
9062,325,464
9063,325,465
9064,325,466
9065,325,467
9066,325,468
9067,325,469
9068,325,470
9069,325,471
9070,325,472
9071,325,473
9072,325,474
9073,325,475
9074,325,476
9075,325,477
9076,325,478
9077,325,479
9078,325,480
9079,325,481
9080,325,482
9081,325,483
9082,325,484
9083,325,485
9084,325,486
9085,325,487
9086,325,488
9087,325,489
9088,325,490
9089,325,491
9090,325,492
9091,325,493
9092,325,494
9093,325,495
9094,325,496
9095,325,497
9096,325,498
9097,325,499
9098,325,500
9099,325,501
9100,325,502
9101,325,503
9102,325,504
9103,325,505
9104,325,506
9105,325,507
9106,325,508
9107,325,509
9108,325,510
9109,325,511
9110,325,512
9111,325,513
9112,325,514
9113,325,515
9114,325,516
9115,325,517
9116,325,518
9117,325,519
9118,325,520
9119,325,521
9120,325,522
9121,325,523
9122,325,524
9123,325,525
9124,325,526
9125,325,527
9126,325,528
9127,325,529
9128,326,327
9129,326,328
9130,326,329
9131,326,330
9132,326,331
9133,326,332
9134,326,333
9135,326,334
9136,326,335
9137,326,336
9138,326,337
9139,326,338
9140,326,339
9141,326,340
9142,326,341
9143,326,342
9144,326,343
9145,326,344
9146,326,345
9147,326,346
9148,326,347
9149,326,348
9150,326,349
9151,326,350
9152,326,351
9153,326,352
9154,326,353
9155,326,354
9156,326,355
9157,326,356
9158,326,357
9159,326,358
9160,326,359
9161,326,360
9162,326,361
9163,326,362
9164,326,363
9165,326,364
9166,326,365
9167,326,366
9168,326,367
9169,326,368
9170,326,369
9171,326,370
9172,326,371
9173,326,372
9174,326,373
9175,326,374
9176,326,375
9177,326,376
9178,326,377
9179,326,378
9180,326,379
9181,326,380
9182,326,381
9183,326,382
9184,326,383
9185,326,384
9186,326,385
9187,326,386
9188,326,387
9189,326,388
9190,326,389
9191,326,390
9192,326,391
9193,326,392
9194,326,393
9195,326,394
9196,326,395
9197,326,396
9198,326,397
9199,326,398
9200,326,399
9201,326,400
9202,326,401
9203,326,402
9204,326,403
9205,326,404
9206,326,405
9207,326,406
9208,326,407
9209,326,408
9210,326,409
9211,326,410
9212,326,411
9213,326,412
9214,326,413
9215,326,414
9216,326,415
9217,326,416
9218,326,417
9219,326,418
9220,326,419
9221,326,420
9222,326,421
9223,326,422
9224,326,423
9225,326,424
9226,326,425
9227,326,426
9228,326,427
9229,326,428
9230,326,429
9231,326,430
9232,326,431
9233,326,432
9234,326,433
9235,326,434
9236,326,435
9237,326,436
9238,326,437
9239,326,438
9240,326,439
9241,326,440
9242,326,441
9243,326,442
9244,326,443
9245,326,444
9246,326,445
9247,326,446
9248,326,447
9249,326,448
9250,326,449
9251,326,450
9252,326,451
9253,326,452
9254,326,453
9255,326,454
9256,326,455
9257,326,456
9258,326,457
9259,326,458
9260,326,459
9261,326,460
9262,326,461
9263,326,462
9264,326,463
9265,326,464
9266,326,465
9267,326,466
9268,326,467
9269,326,468
9270,326,469
9271,326,470
9272,326,471
9273,326,472
9274,326,473
9275,326,474
9276,326,475
9277,326,476
9278,326,477
9279,326,478
9280,326,479
9281,326,480
9282,326,481
9283,326,482
9284,326,483
9285,326,484
9286,326,485
9287,326,486
9288,326,487
9289,326,488
9290,326,489
9291,326,490
9292,326,491
9293,326,492
9294,326,493
9295,326,494
9296,326,495
9297,326,496
9298,326,497
9299,326,498
9300,326,499
9301,326,500
9302,326,501
9303,326,502
9304,326,503
9305,326,504
9306,326,505
9307,326,506
9308,326,507
9309,326,508
9310,326,509
9311,326,510
9312,326,511
9313,326,512
9314,326,513
9315,326,514
9316,326,515
9317,326,516
9318,326,517
9319,326,518
9320,326,519
9321,326,520
9322,326,521
9323,326,522
9324,326,523
9325,326,524
9326,326,525
9327,326,526
9328,326,527
9329,326,528
9330,326,529
9331,326,530
9332,327,327
9333,327,328
9334,327,329
9335,327,330
9336,327,331
9337,327,332
9338,327,333
9339,327,334
9340,327,335
9341,327,336
9342,327,337
9343,327,338
9344,327,339
9345,327,340
9346,327,341
9347,327,342
9348,327,343
9349,327,344
9350,327,345
9351,327,346
9352,327,347
9353,327,348
9354,327,349
9355,327,350
9356,327,351
9357,327,352
9358,327,353
9359,327,354
9360,327,355
9361,327,356
9362,327,357
9363,327,358
9364,327,359
9365,327,360
9366,327,361
9367,327,362
9368,327,363
9369,327,364
9370,327,365
9371,327,366
9372,327,367
9373,327,368
9374,327,369
9375,327,370
9376,327,371
9377,327,372
9378,327,373
9379,327,374
9380,327,375
9381,327,376
9382,327,377
9383,327,378
9384,327,379
9385,327,380
9386,327,381
9387,327,382
9388,327,383
9389,327,384
9390,327,385
9391,327,386
9392,327,387
9393,327,388
9394,327,389
9395,327,390
9396,327,391
9397,327,392
9398,327,393
9399,327,394
9400,327,395
9401,327,396
9402,327,397
9403,327,398
9404,327,399
9405,327,400
9406,327,401
9407,327,402
9408,327,403
9409,327,404
9410,327,405
9411,327,406
9412,327,407
9413,327,408
9414,327,409
9415,327,410
9416,327,411
9417,327,412
9418,327,413
9419,327,414
9420,327,415
9421,327,416
9422,327,417
9423,327,418
9424,327,419
9425,327,420
9426,327,421
9427,327,422
9428,327,423
9429,327,424
9430,327,425
9431,327,426
9432,327,427
9433,327,428
9434,327,429
9435,327,430
9436,327,431
9437,327,432
9438,327,433
9439,327,434
9440,327,435
9441,327,436
9442,327,437
9443,327,438
9444,327,439
9445,327,440
9446,327,441
9447,327,442
9448,327,443
9449,327,444
9450,327,445
9451,327,446
9452,327,447
9453,327,448
9454,327,449
9455,327,450
9456,327,451
9457,327,452
9458,327,453
9459,327,454
9460,327,455
9461,327,456
9462,327,457
9463,327,458
9464,327,459
9465,327,460
9466,327,461
9467,327,462
9468,327,463
9469,327,464
9470,327,465
9471,327,466
9472,327,467
9473,327,468
9474,327,469
9475,327,470
9476,327,471
9477,327,472
9478,327,473
9479,327,474
9480,327,475
9481,327,476
9482,327,477
9483,327,478
9484,327,479
9485,327,480
9486,327,481
9487,327,482
9488,327,483
9489,327,484
9490,327,485
9491,327,486
9492,327,487
9493,327,488
9494,327,489
9495,327,490
9496,327,491
9497,327,492
9498,327,493
9499,327,494
9500,327,495
9501,327,496
9502,327,497
9503,327,498
9504,327,499
9505,327,500
9506,327,501
9507,327,502
9508,327,503
9509,327,504
9510,327,505
9511,327,506
9512,327,507
9513,327,508
9514,327,509
9515,327,510
9516,327,511
9517,327,512
9518,327,513
9519,327,514
9520,327,515
9521,327,516
9522,327,517
9523,327,518
9524,327,519
9525,327,520
9526,327,521
9527,327,522
9528,327,523
9529,327,524
9530,327,525
9531,327,526
9532,327,527
9533,327,528
9534,327,529
9535,327,530
9536,327,531
9537,327,532
9538,328,327
9539,328,328
9540,328,329
9541,328,330
9542,328,331
9543,328,332
9544,328,333
9545,328,334
9546,328,335
9547,328,336
9548,328,337
9549,328,338
9550,328,339
9551,328,340
9552,328,341
9553,328,342
9554,328,343
9555,328,344
9556,328,345
9557,328,346
9558,328,347
9559,328,348
9560,328,349
9561,328,350
9562,328,351
9563,328,352
9564,328,353
9565,328,354
9566,328,355
9567,328,356
9568,328,357
9569,328,358
9570,328,359
9571,328,360
9572,328,361
9573,328,362
9574,328,363
9575,328,364
9576,328,365
9577,328,366
9578,328,367
9579,328,368
9580,328,369
9581,328,370
9582,328,371
9583,328,372
9584,328,373
9585,328,374
9586,328,375
9587,328,376
9588,328,377
9589,328,378
9590,328,379
9591,328,380
9592,328,381
9593,328,382
9594,328,383
9595,328,384
9596,328,385
9597,328,386
9598,328,387
9599,328,388
9600,328,389
9601,328,390
9602,328,391
9603,328,392
9604,328,393
9605,328,394
9606,328,395
9607,328,396
9608,328,397
9609,328,398
9610,328,399
9611,328,400
9612,328,401
9613,328,402
9614,328,403
9615,328,404
9616,328,405
9617,328,406
9618,328,407
9619,328,408
9620,328,409
9621,328,410
9622,328,411
9623,328,412
9624,328,413
9625,328,414
9626,328,415
9627,328,416
9628,328,417
9629,328,418
9630,328,419
9631,328,420
9632,328,421
9633,328,422
9634,328,423
9635,328,424
9636,328,425
9637,328,426
9638,328,427
9639,328,428
9640,328,429
9641,328,430
9642,328,431
9643,328,432
9644,328,433
9645,328,434
9646,328,435
9647,328,436
9648,328,437
9649,328,438
9650,328,439
9651,328,440
9652,328,441
9653,328,442
9654,328,443
9655,328,444
9656,328,445
9657,328,446
9658,328,447
9659,328,448
9660,328,449
9661,328,450
9662,328,451
9663,328,452
9664,328,453
9665,328,454
9666,328,455
9667,328,456
9668,328,457
9669,328,458
9670,328,459
9671,328,460
9672,328,461
9673,328,462
9674,328,463
9675,328,464
9676,328,465
9677,328,466
9678,328,467
9679,328,468
9680,328,469
9681,328,470
9682,328,471
9683,328,472
9684,328,473
9685,328,474
9686,328,475
9687,328,476
9688,328,477
9689,328,478
9690,328,479
9691,328,480
9692,328,481
9693,328,482
9694,328,483
9695,328,484
9696,328,485
9697,328,486
9698,328,487
9699,328,488
9700,328,489
9701,328,490
9702,328,491
9703,328,492
9704,328,493
9705,328,494
9706,328,495
9707,328,496
9708,328,497
9709,328,498
9710,328,499
9711,328,500
9712,328,501
9713,328,502
9714,328,503
9715,328,504
9716,328,505
9717,328,506
9718,328,507
9719,328,508
9720,328,509
9721,328,510
9722,328,511
9723,328,512
9724,328,513
9725,328,514
9726,328,515
9727,328,516
9728,328,517
9729,328,518
9730,328,519
9731,328,520
9732,328,521
9733,328,522
9734,328,523
9735,328,524
9736,328,525
9737,328,526
9738,328,527
9739,328,528
9740,328,529
9741,328,530
9742,328,531
9743,328,532
9744,328,533
9745,329,327
9746,329,328
9747,329,329
9748,329,330
9749,329,331
9750,329,332
9751,329,333
9752,329,334
9753,329,335
9754,329,336
9755,329,337
9756,329,338
9757,329,339
9758,329,340
9759,329,341
9760,329,342
9761,329,343
9762,329,344
9763,329,345
9764,329,346
9765,329,347
9766,329,348
9767,329,349
9768,329,350
9769,329,351
9770,329,352
9771,329,353
9772,329,354
9773,329,355
9774,329,356
9775,329,357
9776,329,358
9777,329,359
9778,329,360
9779,329,361
9780,329,362
9781,329,363
9782,329,364
9783,329,365
9784,329,366
9785,329,367
9786,329,368
9787,329,369
9788,329,370
9789,329,371
9790,329,372
9791,329,373
9792,329,374
9793,329,375
9794,329,376
9795,329,377
9796,329,378
9797,329,379
9798,329,380
9799,329,381
9800,329,382
9801,329,383
9802,329,384
9803,329,385
9804,329,386
9805,329,387
9806,329,388
9807,329,389
9808,329,390
9809,329,391
9810,329,392
9811,329,393
9812,329,394
9813,329,395
9814,329,396
9815,329,397
9816,329,398
9817,329,399
9818,329,400
9819,329,401
9820,329,402
9821,329,403
9822,329,404
9823,329,405
9824,329,406
9825,329,407
9826,329,408
9827,329,409
9828,329,410
9829,329,411
9830,329,412
9831,329,413
9832,329,414
9833,329,415
9834,329,416
9835,329,417
9836,329,418
9837,329,419
9838,329,420
9839,329,421
9840,329,422
9841,329,423
9842,329,424
9843,329,425
9844,329,426
9845,329,427
9846,329,428
9847,329,429
9848,329,430
9849,329,431
9850,329,432
9851,329,433
9852,329,434
9853,329,435
9854,329,436
9855,329,437
9856,329,438
9857,329,439
9858,329,440
9859,329,441
9860,329,442
9861,329,443
9862,329,444
9863,329,445
9864,329,446
9865,329,447
9866,329,448
9867,329,449
9868,329,450
9869,329,451
9870,329,452
9871,329,453
9872,329,454
9873,329,455
9874,329,456
9875,329,457
9876,329,458
9877,329,459
9878,329,460
9879,329,461
9880,329,462
9881,329,463
9882,329,464
9883,329,465
9884,329,466
9885,329,467
9886,329,468
9887,329,469
9888,329,470
9889,329,471
9890,329,472
9891,329,473
9892,329,474
9893,329,475
9894,329,476
9895,329,477
9896,329,478
9897,329,479
9898,329,480
9899,329,481
9900,329,482
9901,329,483
9902,329,484
9903,329,485
9904,329,486
9905,329,487
9906,329,488
9907,329,489
9908,329,490
9909,329,491
9910,329,492
9911,329,493
9912,329,494
9913,329,495
9914,329,496
9915,329,497
9916,329,498
9917,329,499
9918,329,500
9919,329,501
9920,329,502
9921,329,503
9922,329,504
9923,329,505
9924,329,506
9925,329,507
9926,329,508
9927,329,509
9928,329,510
9929,329,511
9930,329,512
9931,329,513
9932,329,514
9933,329,515
9934,329,516
9935,329,517
9936,329,518
9937,329,519
9938,329,520
9939,329,521
9940,329,522
9941,329,523
9942,329,524
9943,329,525
9944,329,526
9945,329,527
9946,329,528
9947,329,529
9948,329,530
9949,329,531
9950,329,532
9951,329,533
9952,330,327
9953,330,328
9954,330,329
9955,330,330
9956,330,331
9957,330,332
9958,330,333
9959,330,334
9960,330,335
9961,330,336
9962,330,337
9963,330,338
9964,330,339
9965,330,340
9966,330,341
9967,330,342
9968,330,343
9969,330,344
9970,330,345
9971,330,346
9972,330,347
9973,330,348
9974,330,349
9975,330,350
9976,330,351
9977,330,352
9978,330,353
9979,330,354
9980,330,355
9981,330,356
9982,330,357
9983,330,358
9984,330,359
9985,330,360
9986,330,361
9987,330,362
9988,330,363
9989,330,364
9990,330,365
9991,330,366
9992,330,367
9993,330,368
9994,330,369
9995,330,370
9996,330,371
9997,330,372
9998,330,373
9999,330,374
10000,330,375
10001,330,376
10002,330,377
10003,330,378
10004,330,379
10005,330,380
10006,330,381
10007,330,382
10008,330,383
10009,330,384
10010,330,385
10011,330,386
10012,330,387
10013,330,388
10014,330,389
10015,330,390
10016,330,391
10017,330,392
10018,330,393
10019,330,394
10020,330,395
10021,330,396
10022,330,397
10023,330,398
10024,330,399
10025,330,400
10026,330,401
10027,330,402
10028,330,403
10029,330,404
10030,330,405
10031,330,406
10032,330,407
10033,330,408
10034,330,409
10035,330,410
10036,330,411
10037,330,412
10038,330,413
10039,330,414
10040,330,415
10041,330,416
10042,330,417
10043,330,418
10044,330,419
10045,330,420
10046,330,421
10047,330,422
10048,330,423
10049,330,424
10050,330,425
10051,330,426
10052,330,427
10053,330,428
10054,330,429
10055,330,430
10056,330,431
10057,330,432
10058,330,433
10059,330,434
10060,330,435
10061,330,436
10062,330,437
10063,330,438
10064,330,439
10065,330,440
10066,330,441
10067,330,442
10068,330,443
10069,330,444
10070,330,445
10071,330,446
10072,330,447
10073,330,448
10074,330,449
10075,330,450
10076,330,451
10077,330,452
10078,330,453
10079,330,454
10080,330,455
10081,330,456
10082,330,457
10083,330,458
10084,330,459
10085,330,460
10086,330,461
10087,330,462
10088,330,463
10089,330,464
10090,330,465
10091,330,466
10092,330,467
10093,330,468
10094,330,469
10095,330,470
10096,330,471
10097,330,472
10098,330,473
10099,330,474
10100,330,475
10101,330,476
10102,330,477
10103,330,478
10104,330,479
10105,330,480
10106,330,481
10107,330,482
10108,330,483
10109,330,484
10110,330,485
10111,330,486
10112,330,487
10113,330,488
10114,330,489
10115,330,490
10116,330,491
10117,330,492
10118,330,493
10119,330,494
10120,330,495
10121,330,496
10122,330,497
10123,330,498
10124,330,499
10125,330,500
10126,330,501
10127,330,502
10128,330,503
10129,330,504
10130,330,505
10131,330,506
10132,330,507
10133,330,508
10134,330,509
10135,330,510
10136,330,511
10137,330,512
10138,330,513
10139,330,514
10140,330,515
10141,330,516
10142,330,517
10143,330,518
10144,330,519
10145,330,520
10146,330,521
10147,330,522
10148,330,523
10149,330,524
10150,330,525
10151,330,526
10152,330,527
10153,330,528
10154,330,529
10155,330,530
10156,330,531
10157,330,532
10158,330,533
10159,330,534
10160,331,327
10161,331,328
10162,331,329
10163,331,330
10164,331,331
10165,331,332
10166,331,333
10167,331,334
10168,331,335
10169,331,336
10170,331,337
10171,331,338
10172,331,339
10173,331,340
10174,331,341
10175,331,342
10176,331,343
10177,331,344
10178,331,345
10179,331,346
10180,331,347
10181,331,348
10182,331,349
10183,331,350
10184,331,351
10185,331,352
10186,331,353
10187,331,354
10188,331,355
10189,331,356
10190,331,357
10191,331,358
10192,331,359
10193,331,360
10194,331,361
10195,331,362
10196,331,363
10197,331,364
10198,331,365
10199,331,366
10200,331,367
10201,331,368
10202,331,369
10203,331,370
10204,331,371
10205,331,372
10206,331,373
10207,331,374
10208,331,375
10209,331,376
10210,331,377
10211,331,378
10212,331,379
10213,331,380
10214,331,381
10215,331,382
10216,331,383
10217,331,384
10218,331,385
10219,331,386
10220,331,387
10221,331,388
10222,331,389
10223,331,390
10224,331,391
10225,331,392
10226,331,393
10227,331,394
10228,331,395
10229,331,396
10230,331,397
10231,331,398
10232,331,399
10233,331,400
10234,331,401
10235,331,402
10236,331,403
10237,331,404
10238,331,405
10239,331,406
10240,331,407
10241,331,408
10242,331,409
10243,331,410
10244,331,411
10245,331,412
10246,331,413
10247,331,414
10248,331,415
10249,331,416
10250,331,417
10251,331,418
10252,331,419
10253,331,420
10254,331,421
10255,331,422
10256,331,423
10257,331,424
10258,331,425
10259,331,426
10260,331,427
10261,331,428
10262,331,429
10263,331,430
10264,331,431
10265,331,432
10266,331,433
10267,331,434
10268,331,435
10269,331,436
10270,331,437
10271,331,438
10272,331,439
10273,331,440
10274,331,441
10275,331,442
10276,331,443
10277,331,444
10278,331,445
10279,331,446
10280,331,447
10281,331,448
10282,331,449
10283,331,450
10284,331,451
10285,331,452
10286,331,453
10287,331,454
10288,331,455
10289,331,456
10290,331,457
10291,331,458
10292,331,459
10293,331,460
10294,331,461
10295,331,462
10296,331,463
10297,331,464
10298,331,465
10299,331,466
10300,331,467
10301,331,468
10302,331,469
10303,331,470
10304,331,471
10305,331,472
10306,331,473
10307,331,474
10308,331,475
10309,331,476
10310,331,477
10311,331,478
10312,331,479
10313,331,480
10314,331,481
10315,331,482
10316,331,483
10317,331,484
10318,331,485
10319,331,486
10320,331,487
10321,331,488
10322,331,489
10323,331,490
10324,331,491
10325,331,492
10326,331,493
10327,331,494
10328,331,495
10329,331,496
10330,331,497
10331,331,498
10332,331,499
10333,331,500
10334,331,501
10335,331,502
10336,331,503
10337,331,504
10338,331,505
10339,331,506
10340,331,507
10341,331,508
10342,331,509
10343,331,510
10344,331,511
10345,331,512
10346,331,513
10347,331,514
10348,331,515
10349,331,516
10350,331,517
10351,331,518
10352,331,519
10353,331,520
10354,331,521
10355,331,522
10356,331,523
10357,331,524
10358,331,525
10359,331,526
10360,331,527
10361,331,528
10362,331,529
10363,331,530
10364,331,531
10365,331,532
10366,331,533
10367,331,534
10368,331,535
10369,331,536
10370,332,327
10371,332,328
10372,332,329
10373,332,330
10374,332,331
10375,332,332
10376,332,333
10377,332,334
10378,332,335
10379,332,336
10380,332,337
10381,332,338
10382,332,339
10383,332,340
10384,332,341
10385,332,342
10386,332,343
10387,332,344
10388,332,345
10389,332,346
10390,332,347
10391,332,348
10392,332,349
10393,332,350
10394,332,351
10395,332,352
10396,332,353
10397,332,354
10398,332,355
10399,332,356
10400,332,357
10401,332,358
10402,332,359
10403,332,360
10404,332,361
10405,332,362
10406,332,363
10407,332,364
10408,332,365
10409,332,366
10410,332,367
10411,332,368
10412,332,369
10413,332,370
10414,332,371
10415,332,372
10416,332,373
10417,332,374
10418,332,375
10419,332,376
10420,332,377
10421,332,378
10422,332,379
10423,332,380
10424,332,381
10425,332,382
10426,332,383
10427,332,384
10428,332,385
10429,332,386
10430,332,387
10431,332,388
10432,332,389
10433,332,390
10434,332,391
10435,332,392
10436,332,393
10437,332,394
10438,332,395
10439,332,396
10440,332,397
10441,332,398
10442,332,399
10443,332,400
10444,332,401
10445,332,402
10446,332,403
10447,332,404
10448,332,405
10449,332,406
10450,332,407
10451,332,408
10452,332,409
10453,332,410
10454,332,411
10455,332,412
10456,332,413
10457,332,414
10458,332,415
10459,332,416
10460,332,417
10461,332,418
10462,332,419
10463,332,420
10464,332,421
10465,332,422
10466,332,423
10467,332,424
10468,332,425
10469,332,426
10470,332,427
10471,332,428
10472,332,429
10473,332,430
10474,332,431
10475,332,432
10476,332,433
10477,332,434
10478,332,435
10479,332,436
10480,332,437
10481,332,438
10482,332,439
10483,332,440
10484,332,441
10485,332,442
10486,332,443
10487,332,444
10488,332,445
10489,332,446
10490,332,447
10491,332,448
10492,332,449
10493,332,450
10494,332,451
10495,332,452
10496,332,453
10497,332,454
10498,332,455
10499,332,456
10500,332,457
10501,332,458
10502,332,459
10503,332,460
10504,332,461
10505,332,462
10506,332,463
10507,332,464
10508,332,465
10509,332,466
10510,332,467
10511,332,468
10512,332,469
10513,332,470
10514,332,471
10515,332,472
10516,332,473
10517,332,474
10518,332,475
10519,332,476
10520,332,477
10521,332,478
10522,332,479
10523,332,480
10524,332,481
10525,332,482
10526,332,483
10527,332,484
10528,332,485
10529,332,486
10530,332,487
10531,332,488
10532,332,489
10533,332,490
10534,332,491
10535,332,492
10536,332,493
10537,332,494
10538,332,495
10539,332,496
10540,332,497
10541,332,498
10542,332,499
10543,332,500
10544,332,501
10545,332,502
10546,332,503
10547,332,504
10548,332,505
10549,332,506
10550,332,507
10551,332,508
10552,332,509
10553,332,510
10554,332,511
10555,332,512
10556,332,513
10557,332,514
10558,332,515
10559,332,516
10560,332,517
10561,332,518
10562,332,519
10563,332,520
10564,332,521
10565,332,522
10566,332,523
10567,332,524
10568,332,525
10569,332,526
10570,332,527
10571,332,528
10572,332,529
10573,332,530
10574,332,531
10575,332,532
10576,332,533
10577,332,534
10578,332,535
10579,332,536
10580,332,537
10581,332,538
10582,333,327
10583,333,328
10584,333,329
10585,333,330
10586,333,331
10587,333,332
10588,333,333
10589,333,334
10590,333,335
10591,333,336
10592,333,337
10593,333,338
10594,333,339
10595,333,340
10596,333,341
10597,333,342
10598,333,343
10599,333,344
10600,333,345
10601,333,346
10602,333,347
10603,333,348
10604,333,349
10605,333,350
10606,333,351
10607,333,352
10608,333,353
10609,333,354
10610,333,355
10611,333,356
10612,333,357
10613,333,358
10614,333,359
10615,333,360
10616,333,361
10617,333,362
10618,333,363
10619,333,364
10620,333,365
10621,333,366
10622,333,367
10623,333,368
10624,333,369
10625,333,370
10626,333,371
10627,333,372
10628,333,373
10629,333,374
10630,333,375
10631,333,376
10632,333,377
10633,333,378
10634,333,379
10635,333,380
10636,333,381
10637,333,382
10638,333,383
10639,333,384
10640,333,385
10641,333,386
10642,333,387
10643,333,388
10644,333,389
10645,333,390
10646,333,391
10647,333,392
10648,333,393
10649,333,394
10650,333,395
10651,333,396
10652,333,397
10653,333,398
10654,333,399
10655,333,400
10656,333,401
10657,333,402
10658,333,403
10659,333,404
10660,333,405
10661,333,406
10662,333,407
10663,333,408
10664,333,409
10665,333,410
10666,333,411
10667,333,412
10668,333,413
10669,333,414
10670,333,415
10671,333,416
10672,333,417
10673,333,418
10674,333,419
10675,333,420
10676,333,421
10677,333,422
10678,333,423
10679,333,424
10680,333,425
10681,333,426
10682,333,427
10683,333,428
10684,333,429
10685,333,430
10686,333,431
10687,333,432
10688,333,433
10689,333,434
10690,333,435
10691,333,436
10692,333,437
10693,333,438
10694,333,439
10695,333,440
10696,333,441
10697,333,442
10698,333,443
10699,333,444
10700,333,445
10701,333,446
10702,333,447
10703,333,448
10704,333,449
10705,333,450
10706,333,451
10707,333,452
10708,333,453
10709,333,454
10710,333,455
10711,333,456
10712,333,457
10713,333,458
10714,333,459
10715,333,460
10716,333,461
10717,333,462
10718,333,463
10719,333,464
10720,333,465
10721,333,466
10722,333,467
10723,333,468
10724,333,469
10725,333,470
10726,333,471
10727,333,472
10728,333,473
10729,333,474
10730,333,475
10731,333,476
10732,333,477
10733,333,478
10734,333,479
10735,333,480
10736,333,481
10737,333,482
10738,333,483
10739,333,484
10740,333,485
10741,333,486
10742,333,487
10743,333,488
10744,333,489
10745,333,490
10746,333,491
10747,333,492
10748,333,493
10749,333,494
10750,333,495
10751,333,496
10752,333,497
10753,333,498
10754,333,499
10755,333,500
10756,333,501
10757,333,502
10758,333,503
10759,333,504
10760,333,505
10761,333,506
10762,333,507
10763,333,508
10764,333,509
10765,333,510
10766,333,511
10767,333,512
10768,333,513
10769,333,514
10770,333,515
10771,333,516
10772,333,517
10773,333,518
10774,333,519
10775,333,520
10776,333,521
10777,333,522
10778,333,523
10779,333,524
10780,333,525
10781,333,526
10782,333,527
10783,333,528
10784,333,529
10785,333,530
10786,333,531
10787,333,532
10788,333,533
10789,333,534
10790,333,535
10791,333,536
10792,333,537
10793,333,538
10794,333,539
10795,334,327
10796,334,328
10797,334,329
10798,334,330
10799,334,331
10800,334,332
10801,334,333
10802,334,334
10803,334,335
10804,334,336
10805,334,337
10806,334,338
10807,334,339
10808,334,340
10809,334,341
10810,334,342
10811,334,343
10812,334,344
10813,334,345
10814,334,346
10815,334,347
10816,334,348
10817,334,349
10818,334,350
10819,334,351
10820,334,352
10821,334,353
10822,334,354
10823,334,355
10824,334,356
10825,334,357
10826,334,358
10827,334,359
10828,334,360
10829,334,361
10830,334,362
10831,334,363
10832,334,364
10833,334,365
10834,334,366
10835,334,367
10836,334,368
10837,334,369
10838,334,370
10839,334,371
10840,334,372
10841,334,373
10842,334,374
10843,334,375
10844,334,376
10845,334,377
10846,334,378
10847,334,379
10848,334,380
10849,334,381
10850,334,382
10851,334,383
10852,334,384
10853,334,385
10854,334,386
10855,334,387
10856,334,388
10857,334,389
10858,334,390
10859,334,391
10860,334,392
10861,334,393
10862,334,394
10863,334,395
10864,334,396
10865,334,397
10866,334,398
10867,334,399
10868,334,400
10869,334,401
10870,334,402
10871,334,403
10872,334,404
10873,334,405
10874,334,406
10875,334,407
10876,334,408
10877,334,409
10878,334,410
10879,334,411
10880,334,412
10881,334,413
10882,334,414
10883,334,415
10884,334,416
10885,334,417
10886,334,418
10887,334,419
10888,334,420
10889,334,421
10890,334,422
10891,334,423
10892,334,424
10893,334,425
10894,334,426
10895,334,427
10896,334,428
10897,334,429
10898,334,430
10899,334,431
10900,334,432
10901,334,433
10902,334,434
10903,334,435
10904,334,436
10905,334,437
10906,334,438
10907,334,439
10908,334,440
10909,334,441
10910,334,442
10911,334,443
10912,334,444
10913,334,445
10914,334,446
10915,334,447
10916,334,448
10917,334,449
10918,334,450
10919,334,451
10920,334,452
10921,334,453
10922,334,454
10923,334,455
10924,334,456
10925,334,457
10926,334,458
10927,334,459
10928,334,460
10929,334,461
10930,334,462
10931,334,463
10932,334,464
10933,334,465
10934,334,466
10935,334,467
10936,334,468
10937,334,469
10938,334,470
10939,334,471
10940,334,472
10941,334,473
10942,334,474
10943,334,475
10944,334,476
10945,334,477
10946,334,478
10947,334,479
10948,334,480
10949,334,481
10950,334,482
10951,334,483
10952,334,484
10953,334,485
10954,334,486
10955,334,487
10956,334,488
10957,334,489
10958,334,490
10959,334,491
10960,334,492
10961,334,493
10962,334,494
10963,334,495
10964,334,496
10965,334,497
10966,334,498
10967,334,499
10968,334,500
10969,334,501
10970,334,502
10971,334,503
10972,334,504
10973,334,505
10974,334,506
10975,334,507
10976,334,508
10977,334,509
10978,334,510
10979,334,511
10980,334,512
10981,334,513
10982,334,514
10983,334,515
10984,334,516
10985,334,517
10986,334,518
10987,334,519
10988,334,520
10989,334,521
10990,334,522
10991,334,523
10992,334,524
10993,334,525
10994,334,526
10995,334,527
10996,334,528
10997,334,529
10998,334,530
10999,334,531
11000,334,532
11001,334,533
11002,334,534
11003,334,535
11004,334,536
11005,334,537
11006,334,538
11007,334,539
11008,334,540
11009,334,541
11010,335,327
11011,335,328
11012,335,329
11013,335,330
11014,335,331
11015,335,332
11016,335,333
11017,335,334
11018,335,335
11019,335,336
11020,335,337
11021,335,338
11022,335,339
11023,335,340
11024,335,341
11025,335,342
11026,335,343
11027,335,344
11028,335,345
11029,335,346
11030,335,347
11031,335,348
11032,335,349
11033,335,350
11034,335,351
11035,335,352
11036,335,353
11037,335,354
11038,335,355
11039,335,356
11040,335,357
11041,335,358
11042,335,359
11043,335,360
11044,335,361
11045,335,362
11046,335,363
11047,335,364
11048,335,365
11049,335,366
11050,335,367
11051,335,368
11052,335,369
11053,335,370
11054,335,371
11055,335,372
11056,335,373
11057,335,374
11058,335,375
11059,335,376
11060,335,377
11061,335,378
11062,335,379
11063,335,380
11064,335,381
11065,335,382
11066,335,383
11067,335,384
11068,335,385
11069,335,386
11070,335,387
11071,335,388
11072,335,389
11073,335,390
11074,335,391
11075,335,392
11076,335,393
11077,335,394
11078,335,395
11079,335,396
11080,335,397
11081,335,398
11082,335,399
11083,335,400
11084,335,401
11085,335,402
11086,335,403
11087,335,404
11088,335,405
11089,335,406
11090,335,407
11091,335,408
11092,335,409
11093,335,410
11094,335,411
11095,335,412
11096,335,413
11097,335,414
11098,335,415
11099,335,416
11100,335,417
11101,335,418
11102,335,419
11103,335,420
11104,335,421
11105,335,422
11106,335,423
11107,335,424
11108,335,425
11109,335,426
11110,335,427
11111,335,428
11112,335,429
11113,335,430
11114,335,431
11115,335,432
11116,335,433
11117,335,434
11118,335,435
11119,335,436
11120,335,437
11121,335,438
11122,335,439
11123,335,440
11124,335,441
11125,335,442
11126,335,443
11127,335,444
11128,335,445
11129,335,446
11130,335,447
11131,335,448
11132,335,449
11133,335,450
11134,335,451
11135,335,452
11136,335,453
11137,335,454
11138,335,455
11139,335,456
11140,335,457
11141,335,458
11142,335,459
11143,335,460
11144,335,461
11145,335,462
11146,335,463
11147,335,464
11148,335,465
11149,335,466
11150,335,467
11151,335,468
11152,335,469
11153,335,470
11154,335,471
11155,335,472
11156,335,473
11157,335,474
11158,335,475
11159,335,476
11160,335,477
11161,335,478
11162,335,479
11163,335,480
11164,335,481
11165,335,482
11166,335,483
11167,335,484
11168,335,485
11169,335,486
11170,335,487
11171,335,488
11172,335,489
11173,335,490
11174,335,491
11175,335,492
11176,335,493
11177,335,494
11178,335,495
11179,335,496
11180,335,497
11181,335,498
11182,335,499
11183,335,500
11184,335,501
11185,335,502
11186,335,503
11187,335,504
11188,335,505
11189,335,506
11190,335,507
11191,335,508
11192,335,509
11193,335,510
11194,335,511
11195,335,512
11196,335,513
11197,335,514
11198,335,515
11199,335,516
11200,335,517
11201,335,518
11202,335,519
11203,335,520
11204,335,521
11205,335,522
11206,335,523
11207,335,524
11208,335,525
11209,335,526
11210,335,527
11211,335,528
11212,335,529
11213,335,530
11214,335,531
11215,335,532
11216,335,533
11217,335,534
11218,335,535
11219,335,536
11220,335,537
11221,335,538
11222,335,539
11223,335,540
11224,335,541
11225,335,542
11226,335,543
11227,336,327
11228,336,328
11229,336,329
11230,336,330
11231,336,331
11232,336,332
11233,336,333
11234,336,334
11235,336,335
11236,336,336
11237,336,337
11238,336,338
11239,336,339
11240,336,340
11241,336,341
11242,336,342
11243,336,343
11244,336,344
11245,336,345
11246,336,346
11247,336,347
11248,336,348
11249,336,349
11250,336,350
11251,336,351
11252,336,352
11253,336,353
11254,336,354
11255,336,355
11256,336,356
11257,336,357
11258,336,358
11259,336,359
11260,336,360
11261,336,361
11262,336,362
11263,336,363
11264,336,364
11265,336,365
11266,336,366
11267,336,367
11268,336,368
11269,336,369
11270,336,370
11271,336,371
11272,336,372
11273,336,373
11274,336,374
11275,336,375
11276,336,376
11277,336,377
11278,336,378
11279,336,379
11280,336,380
11281,336,381
11282,336,382
11283,336,383
11284,336,384
11285,336,385
11286,336,386
11287,336,387
11288,336,388
11289,336,389
11290,336,390
11291,336,391
11292,336,392
11293,336,393
11294,336,394
11295,336,395
11296,336,396
11297,336,397
11298,336,398
11299,336,399
11300,336,400
11301,336,401
11302,336,402
11303,336,403
11304,336,404
11305,336,405
11306,336,406
11307,336,407
11308,336,408
11309,336,409
11310,336,410
11311,336,411
11312,336,412
11313,336,413
11314,336,414
11315,336,415
11316,336,416
11317,336,417
11318,336,418
11319,336,419
11320,336,420
11321,336,421
11322,336,422
11323,336,423
11324,336,424
11325,336,425
11326,336,426
11327,336,427
11328,336,428
11329,336,429
11330,336,430
11331,336,431
11332,336,432
11333,336,433
11334,336,434
11335,336,435
11336,336,436
11337,336,437
11338,336,438
11339,336,439
11340,336,440
11341,336,441
11342,336,442
11343,336,443
11344,336,444
11345,336,445
11346,336,446
11347,336,447
11348,336,448
11349,336,449
11350,336,450
11351,336,451
11352,336,452
11353,336,453
11354,336,454
11355,336,455
11356,336,456
11357,336,457
11358,336,458
11359,336,459
11360,336,460
11361,336,461
11362,336,462
11363,336,463
11364,336,464
11365,336,465
11366,336,466
11367,336,467
11368,336,468
11369,336,469
11370,336,470
11371,336,471
11372,336,472
11373,336,473
11374,336,474
11375,336,475
11376,336,476
11377,336,477
11378,336,478
11379,336,479
11380,336,480
11381,336,481
11382,336,482
11383,336,483
11384,336,484
11385,336,485
11386,336,486
11387,336,487
11388,336,488
11389,336,489
11390,336,490
11391,336,491
11392,336,492
11393,336,493
11394,336,494
11395,336,495
11396,336,496
11397,336,497
11398,336,498
11399,336,499
11400,336,500
11401,336,501
11402,336,502
11403,336,503
11404,336,504
11405,336,505
11406,336,506
11407,336,507
11408,336,508
11409,336,509
11410,336,510
11411,336,511
11412,336,512
11413,336,513
11414,336,514
11415,336,515
11416,336,516
11417,336,517
11418,336,518
11419,336,519
11420,336,520
11421,336,521
11422,336,522
11423,336,523
11424,336,524
11425,336,525
11426,336,526
11427,336,527
11428,336,528
11429,336,529
11430,336,530
11431,336,531
11432,336,532
11433,336,533
11434,336,534
11435,336,535
11436,336,536
11437,336,537
11438,336,538
11439,336,539
11440,336,540
11441,336,541
11442,336,542
11443,336,543
11444,336,544
11445,336,545
11446,337,327
11447,337,328
11448,337,329
11449,337,330
11450,337,331
11451,337,332
11452,337,333
11453,337,334
11454,337,335
11455,337,336
11456,337,337
11457,337,338
11458,337,339
11459,337,340
11460,337,341
11461,337,342
11462,337,343
11463,337,344
11464,337,345
11465,337,346
11466,337,347
11467,337,348
11468,337,349
11469,337,350
11470,337,351
11471,337,352
11472,337,353
11473,337,354
11474,337,355
11475,337,356
11476,337,357
11477,337,358
11478,337,359
11479,337,360
11480,337,361
11481,337,362
11482,337,363
11483,337,364
11484,337,365
11485,337,366
11486,337,367
11487,337,368
11488,337,369
11489,337,370
11490,337,371
11491,337,372
11492,337,373
11493,337,374
11494,337,375
11495,337,376
11496,337,377
11497,337,378
11498,337,379
11499,337,380
11500,337,381
11501,337,382
11502,337,383
11503,337,384
11504,337,385
11505,337,386
11506,337,387
11507,337,388
11508,337,389
11509,337,390
11510,337,391
11511,337,392
11512,337,393
11513,337,394
11514,337,395
11515,337,396
11516,337,397
11517,337,398
11518,337,399
11519,337,400
11520,337,401
11521,337,402
11522,337,403
11523,337,404
11524,337,405
11525,337,406
11526,337,407
11527,337,408
11528,337,409
11529,337,410
11530,337,411
11531,337,412
11532,337,413
11533,337,414
11534,337,415
11535,337,416
11536,337,417
11537,337,418
11538,337,419
11539,337,420
11540,337,421
11541,337,422
11542,337,423
11543,337,424
11544,337,425
11545,337,426
11546,337,427
11547,337,428
11548,337,429
11549,337,430
11550,337,431
11551,337,432
11552,337,433
11553,337,434
11554,337,435
11555,337,436
11556,337,437
11557,337,438
11558,337,439
11559,337,440
11560,337,441
11561,337,442
11562,337,443
11563,337,444
11564,337,445
11565,337,446
11566,337,447
11567,337,448
11568,337,449
11569,337,450
11570,337,451
11571,337,452
11572,337,453
11573,337,454
11574,337,455
11575,337,456
11576,337,457
11577,337,458
11578,337,459
11579,337,460
11580,337,461
11581,337,462
11582,337,463
11583,337,464
11584,337,465
11585,337,466
11586,337,467
11587,337,468
11588,337,469
11589,337,470
11590,337,471
11591,337,472
11592,337,473
11593,337,474
11594,337,475
11595,337,476
11596,337,477
11597,337,478
11598,337,479
11599,337,480
11600,337,481
11601,337,482
11602,337,483
11603,337,484
11604,337,485
11605,337,486
11606,337,487
11607,337,488
11608,337,489
11609,337,490
11610,337,491
11611,337,492
11612,337,493
11613,337,494
11614,337,495
11615,337,496
11616,337,497
11617,337,498
11618,337,499
11619,337,500
11620,337,501
11621,337,502
11622,337,503
11623,337,504
11624,337,505
11625,337,506
11626,337,507
11627,337,508
11628,337,509
11629,337,510
11630,337,511
11631,337,512
11632,337,513
11633,337,514
11634,337,515
11635,337,516
11636,337,517
11637,337,518
11638,337,519
11639,337,520
11640,337,521
11641,337,522
11642,337,523
11643,337,524
11644,337,525
11645,337,526
11646,337,527
11647,337,528
11648,337,529
11649,337,530
11650,337,531
11651,337,532
11652,337,533
11653,337,534
11654,337,535
11655,337,536
11656,337,537
11657,337,538
11658,337,539
11659,337,540
11660,337,541
11661,337,542
11662,337,543
11663,337,544
11664,337,545
11665,338,327
11666,338,328
11667,338,329
11668,338,330
11669,338,331
11670,338,332
11671,338,333
11672,338,334
11673,338,335
11674,338,336
11675,338,337
11676,338,338
11677,338,339
11678,338,340
11679,338,341
11680,338,342
11681,338,343
11682,338,344
11683,338,345
11684,338,346
11685,338,347
11686,338,348
11687,338,349
11688,338,350
11689,338,351
11690,338,352
11691,338,353
11692,338,354
11693,338,355
11694,338,356
11695,338,357
11696,338,358
11697,338,359
11698,338,360
11699,338,361
11700,338,362
11701,338,363
11702,338,364
11703,338,365
11704,338,366
11705,338,367
11706,338,368
11707,338,369
11708,338,370
11709,338,371
11710,338,372
11711,338,373
11712,338,374
11713,338,375
11714,338,376
11715,338,377
11716,338,378
11717,338,379
11718,338,380
11719,338,381
11720,338,382
11721,338,383
11722,338,384
11723,338,385
11724,338,386
11725,338,387
11726,338,388
11727,338,389
11728,338,390
11729,338,391
11730,338,392
11731,338,393
11732,338,394
11733,338,395
11734,338,396
11735,338,397
11736,338,398
11737,338,399
11738,338,400
11739,338,401
11740,338,402
11741,338,403
11742,338,404
11743,338,405
11744,338,406
11745,338,407
11746,338,408
11747,338,409
11748,338,410
11749,338,411
11750,338,412
11751,338,413
11752,338,414
11753,338,415
11754,338,416
11755,338,417
11756,338,418
11757,338,419
11758,338,420
11759,338,421
11760,338,422
11761,338,423
11762,338,424
11763,338,425
11764,338,426
11765,338,427
11766,338,428
11767,338,429
11768,338,430
11769,338,431
11770,338,432
11771,338,433
11772,338,434
11773,338,435
11774,338,436
11775,338,437
11776,338,438
11777,338,439
11778,338,440
11779,338,441
11780,338,442
11781,338,443
11782,338,444
11783,338,445
11784,338,446
11785,338,447
11786,338,448
11787,338,449
11788,338,450
11789,338,451
11790,338,452
11791,338,453
11792,338,454
11793,338,455
11794,338,456
11795,338,457
11796,338,458
11797,338,459
11798,338,460
11799,338,461
11800,338,462
11801,338,463
11802,338,464
11803,338,465
11804,338,466
11805,338,467
11806,338,468
11807,338,469
11808,338,470
11809,338,471
11810,338,472
11811,338,473
11812,338,474
11813,338,475
11814,338,476
11815,338,477
11816,338,478
11817,338,479
11818,338,480
11819,338,481
11820,338,482
11821,338,483
11822,338,484
11823,338,485
11824,338,486
11825,338,487
11826,338,488
11827,338,489
11828,338,490
11829,338,491
11830,338,492
11831,338,493
11832,338,494
11833,338,495
11834,338,496
11835,338,497
11836,338,498
11837,338,499
11838,338,500
11839,338,501
11840,338,502
11841,338,503
11842,338,504
11843,338,505
11844,338,506
11845,338,507
11846,338,508
11847,338,509
11848,338,510
11849,338,511
11850,338,512
11851,338,513
11852,338,514
11853,338,515
11854,338,516
11855,338,517
11856,338,518
11857,338,519
11858,338,520
11859,338,521
11860,338,522
11861,338,523
11862,338,524
11863,338,525
11864,338,526
11865,338,527
11866,338,528
11867,338,529
11868,338,530
11869,338,531
11870,338,532
11871,338,533
11872,338,534
11873,338,535
11874,338,536
11875,338,537
11876,338,538
11877,338,539
11878,338,540
11879,338,541
11880,338,542
11881,338,543
11882,338,544
11883,338,545
11884,338,546
11885,339,327
11886,339,328
11887,339,329
11888,339,330
11889,339,331
11890,339,332
11891,339,333
11892,339,334
11893,339,335
11894,339,336
11895,339,337
11896,339,338
11897,339,339
11898,339,340
11899,339,341
11900,339,342
11901,339,343
11902,339,344
11903,339,345
11904,339,346
11905,339,347
11906,339,348
11907,339,349
11908,339,350
11909,339,351
11910,339,352
11911,339,353
11912,339,354
11913,339,355
11914,339,356
11915,339,357
11916,339,358
11917,339,359
11918,339,360
11919,339,361
11920,339,362
11921,339,363
11922,339,364
11923,339,365
11924,339,366
11925,339,367
11926,339,368
11927,339,369
11928,339,370
11929,339,371
11930,339,372
11931,339,373
11932,339,374
11933,339,375
11934,339,376
11935,339,377
11936,339,378
11937,339,379
11938,339,380
11939,339,381
11940,339,382
11941,339,383
11942,339,384
11943,339,385
11944,339,386
11945,339,387
11946,339,388
11947,339,389
11948,339,390
11949,339,391
11950,339,392
11951,339,393
11952,339,394
11953,339,395
11954,339,396
11955,339,397
11956,339,398
11957,339,399
11958,339,400
11959,339,401
11960,339,402
11961,339,403
11962,339,404
11963,339,405
11964,339,406
11965,339,407
11966,339,408
11967,339,409
11968,339,410
11969,339,411
11970,339,412
11971,339,413
11972,339,414
11973,339,415
11974,339,416
11975,339,417
11976,339,418
11977,339,419
11978,339,420
11979,339,421
11980,339,422
11981,339,423
11982,339,424
11983,339,425
11984,339,426
11985,339,427
11986,339,428
11987,339,429
11988,339,430
11989,339,431
11990,339,432
11991,339,433
11992,339,434
11993,339,435
11994,339,436
11995,339,437
11996,339,438
11997,339,439
11998,339,440
11999,339,441
12000,339,442
12001,339,443
12002,339,444
12003,339,445
12004,339,446
12005,339,447
12006,339,448
12007,339,449
12008,339,450
12009,339,451
12010,339,452
12011,339,453
12012,339,454
12013,339,455
12014,339,456
12015,339,457
12016,339,458
12017,339,459
12018,339,460
12019,339,461
12020,339,462
12021,339,463
12022,339,464
12023,339,465
12024,339,466
12025,339,467
12026,339,468
12027,339,469
12028,339,470
12029,339,471
12030,339,472
12031,339,473
12032,339,474
12033,339,475
12034,339,476
12035,339,477
12036,339,478
12037,339,479
12038,339,480
12039,339,481
12040,339,482
12041,339,483
12042,339,484
12043,339,485
12044,339,486
12045,339,487
12046,339,488
12047,339,489
12048,339,490
12049,339,491
12050,339,492
12051,339,493
12052,339,494
12053,339,495
12054,339,496
12055,339,497
12056,339,498
12057,339,499
12058,339,500
12059,339,501
12060,339,502
12061,339,503
12062,339,504
12063,339,505
12064,339,506
12065,339,507
12066,339,508
12067,339,509
12068,339,510
12069,339,511
12070,339,512
12071,339,513
12072,339,514
12073,339,515
12074,339,516
12075,339,517
12076,339,518
12077,339,519
12078,339,520
12079,339,521
12080,339,522
12081,339,523
12082,339,524
12083,339,525
12084,339,526
12085,339,527
12086,339,528
12087,339,529
12088,339,530
12089,339,531
12090,339,532
12091,339,533
12092,339,534
12093,339,535
12094,339,536
12095,339,537
12096,339,538
12097,339,539
12098,339,540
12099,339,541
12100,339,542
12101,339,543
12102,339,544
12103,339,545
12104,339,546
12105,339,547
12106,340,326
12107,340,327
12108,340,328
12109,340,329
12110,340,330
12111,340,331
12112,340,332
12113,340,333
12114,340,334
12115,340,335
12116,340,336
12117,340,337
12118,340,338
12119,340,339
12120,340,340
12121,340,341
12122,340,342
12123,340,343
12124,340,344
12125,340,345
12126,340,346
12127,340,347
12128,340,348
12129,340,349
12130,340,350
12131,340,351
12132,340,352
12133,340,353
12134,340,354
12135,340,355
12136,340,356
12137,340,357
12138,340,358
12139,340,359
12140,340,360
12141,340,361
12142,340,362
12143,340,363
12144,340,364
12145,340,365
12146,340,366
12147,340,367
12148,340,368
12149,340,369
12150,340,370
12151,340,371
12152,340,372
12153,340,373
12154,340,374
12155,340,375
12156,340,376
12157,340,377
12158,340,378
12159,340,379
12160,340,380
12161,340,381
12162,340,382
12163,340,383
12164,340,384
12165,340,385
12166,340,386
12167,340,387
12168,340,388
12169,340,389
12170,340,390
12171,340,391
12172,340,392
12173,340,393
12174,340,394
12175,340,395
12176,340,396
12177,340,397
12178,340,398
12179,340,399
12180,340,400
12181,340,401
12182,340,402
12183,340,403
12184,340,404
12185,340,405
12186,340,406
12187,340,407
12188,340,408
12189,340,409
12190,340,410
12191,340,411
12192,340,412
12193,340,413
12194,340,414
12195,340,415
12196,340,416
12197,340,417
12198,340,418
12199,340,419
12200,340,420
12201,340,421
12202,340,422
12203,340,423
12204,340,424
12205,340,425
12206,340,426
12207,340,427
12208,340,428
12209,340,429
12210,340,430
12211,340,431
12212,340,432
12213,340,433
12214,340,434
12215,340,435
12216,340,436
12217,340,437
12218,340,438
12219,340,439
12220,340,440
12221,340,441
12222,340,442
12223,340,443
12224,340,444
12225,340,445
12226,340,446
12227,340,447
12228,340,448
12229,340,449
12230,340,450
12231,340,451
12232,340,452
12233,340,453
12234,340,454
12235,340,455
12236,340,456
12237,340,457
12238,340,458
12239,340,459
12240,340,460
12241,340,461
12242,340,462
12243,340,463
12244,340,464
12245,340,465
12246,340,466
12247,340,467
12248,340,468
12249,340,469
12250,340,470
12251,340,471
12252,340,472
12253,340,473
12254,340,474
12255,340,475
12256,340,476
12257,340,477
12258,340,478
12259,340,479
12260,340,480
12261,340,481
12262,340,482
12263,340,483
12264,340,484
12265,340,485
12266,340,486
12267,340,487
12268,340,488
12269,340,489
12270,340,490
12271,340,491
12272,340,492
12273,340,493
12274,340,494
12275,340,495
12276,340,496
12277,340,497
12278,340,498
12279,340,499
12280,340,500
12281,340,501
12282,340,502
12283,340,503
12284,340,504
12285,340,505
12286,340,506
12287,340,507
12288,340,508
12289,340,509
12290,340,510
12291,340,511
12292,340,512
12293,340,513
12294,340,514
12295,340,515
12296,340,516
12297,340,517
12298,340,518
12299,340,519
12300,340,520
12301,340,521
12302,340,522
12303,340,523
12304,340,524
12305,340,525
12306,340,526
12307,340,527
12308,340,528
12309,340,529
12310,340,530
12311,340,531
12312,340,532
12313,340,533
12314,340,534
12315,340,535
12316,340,536
12317,340,537
12318,340,538
12319,340,539
12320,340,540
12321,340,541
12322,340,542
12323,340,543
12324,340,544
12325,340,545
12326,340,546
12327,340,547
12328,340,548
12329,340,549
12330,341,326
12331,341,327
12332,341,328
12333,341,329
12334,341,330
12335,341,331
12336,341,332
12337,341,333
12338,341,334
12339,341,335
12340,341,336
12341,341,337
12342,341,338
12343,341,339
12344,341,340
12345,341,341
12346,341,342
12347,341,343
12348,341,344
12349,341,345
12350,341,346
12351,341,347
12352,341,348
12353,341,349
12354,341,350
12355,341,351
12356,341,352
12357,341,353
12358,341,354
12359,341,355
12360,341,356
12361,341,357
12362,341,358
12363,341,359
12364,341,360
12365,341,361
12366,341,362
12367,341,363
12368,341,364
12369,341,365
12370,341,366
12371,341,367
12372,341,368
12373,341,369
12374,341,370
12375,341,371
12376,341,372
12377,341,373
12378,341,374
12379,341,375
12380,341,376
12381,341,377
12382,341,378
12383,341,379
12384,341,380
12385,341,381
12386,341,382
12387,341,383
12388,341,384
12389,341,385
12390,341,386
12391,341,387
12392,341,388
12393,341,389
12394,341,390
12395,341,391
12396,341,392
12397,341,393
12398,341,394
12399,341,395
12400,341,396
12401,341,397
12402,341,398
12403,341,399
12404,341,400
12405,341,401
12406,341,402
12407,341,403
12408,341,404
12409,341,405
12410,341,406
12411,341,407
12412,341,408
12413,341,409
12414,341,410
12415,341,411
12416,341,412
12417,341,413
12418,341,414
12419,341,415
12420,341,416
12421,341,417
12422,341,418
12423,341,419
12424,341,420
12425,341,421
12426,341,422
12427,341,423
12428,341,424
12429,341,425
12430,341,426
12431,341,427
12432,341,428
12433,341,429
12434,341,430
12435,341,431
12436,341,432
12437,341,433
12438,341,434
12439,341,435
12440,341,436
12441,341,437
12442,341,438
12443,341,439
12444,341,440
12445,341,441
12446,341,442
12447,341,443
12448,341,444
12449,341,445
12450,341,446
12451,341,447
12452,341,448
12453,341,449
12454,341,450
12455,341,451
12456,341,452
12457,341,453
12458,341,454
12459,341,455
12460,341,456
12461,341,457
12462,341,458
12463,341,459
12464,341,460
12465,341,461
12466,341,462
12467,341,463
12468,341,464
12469,341,465
12470,341,466
12471,341,467
12472,341,468
12473,341,469
12474,341,470
12475,341,471
12476,341,472
12477,341,473
12478,341,474
12479,341,475
12480,341,476
12481,341,477
12482,341,478
12483,341,479
12484,341,480
12485,341,481
12486,341,482
12487,341,483
12488,341,484
12489,341,485
12490,341,486
12491,341,487
12492,341,488
12493,341,489
12494,341,490
12495,341,491
12496,341,492
12497,341,493
12498,341,494
12499,341,495
12500,341,496
12501,341,497
12502,341,498
12503,341,499
12504,341,500
12505,341,501
12506,341,502
12507,341,503
12508,341,504
12509,341,505
12510,341,506
12511,341,507
12512,341,508
12513,341,509
12514,341,510
12515,341,511
12516,341,512
12517,341,513
12518,341,514
12519,341,515
12520,341,516
12521,341,517
12522,341,518
12523,341,519
12524,341,520
12525,341,521
12526,341,522
12527,341,523
12528,341,524
12529,341,525
12530,341,526
12531,341,527
12532,341,528
12533,341,529
12534,341,530
12535,341,531
12536,341,532
12537,341,533
12538,341,534
12539,341,535
12540,341,536
12541,341,537
12542,341,538
12543,341,539
12544,341,540
12545,341,541
12546,341,542
12547,341,543
12548,341,544
12549,341,545
12550,341,546
12551,341,547
12552,341,548
12553,341,549
12554,342,326
12555,342,327
12556,342,328
12557,342,329
12558,342,330
12559,342,331
12560,342,332
12561,342,333
12562,342,334
12563,342,335
12564,342,336
12565,342,337
12566,342,338
12567,342,339
12568,342,340
12569,342,341
12570,342,342
12571,342,343
12572,342,344
12573,342,345
12574,342,346
12575,342,347
12576,342,348
12577,342,349
12578,342,350
12579,342,351
12580,342,352
12581,342,353
12582,342,354
12583,342,355
12584,342,356
12585,342,357
12586,342,358
12587,342,359
12588,342,360
12589,342,361
12590,342,362
12591,342,363
12592,342,364
12593,342,365
12594,342,366
12595,342,367
12596,342,368
12597,342,369
12598,342,370
12599,342,371
12600,342,372
12601,342,373
12602,342,374
12603,342,375
12604,342,376
12605,342,377
12606,342,378
12607,342,379
12608,342,380
12609,342,381
12610,342,382
12611,342,383
12612,342,384
12613,342,385
12614,342,386
12615,342,387
12616,342,388
12617,342,389
12618,342,390
12619,342,391
12620,342,392
12621,342,393
12622,342,394
12623,342,395
12624,342,396
12625,342,397
12626,342,398
12627,342,399
12628,342,400
12629,342,401
12630,342,402
12631,342,403
12632,342,404
12633,342,405
12634,342,406
12635,342,407
12636,342,408
12637,342,409
12638,342,410
12639,342,411
12640,342,412
12641,342,413
12642,342,414
12643,342,415
12644,342,416
12645,342,417
12646,342,418
12647,342,419
12648,342,420
12649,342,421
12650,342,422
12651,342,423
12652,342,424
12653,342,425
12654,342,426
12655,342,427
12656,342,428
12657,342,429
12658,342,430
12659,342,431
12660,342,432
12661,342,433
12662,342,434
12663,342,435
12664,342,436
12665,342,437
12666,342,438
12667,342,439
12668,342,440
12669,342,441
12670,342,442
12671,342,443
12672,342,444
12673,342,445
12674,342,446
12675,342,447
12676,342,448
12677,342,449
12678,342,450
12679,342,451
12680,342,452
12681,342,453
12682,342,454
12683,342,455
12684,342,456
12685,342,457
12686,342,458
12687,342,459
12688,342,460
12689,342,461
12690,342,462
12691,342,463
12692,342,464
12693,342,465
12694,342,466
12695,342,467
12696,342,468
12697,342,469
12698,342,470
12699,342,471
12700,342,472
12701,342,473
12702,342,474
12703,342,475
12704,342,476
12705,342,477
12706,342,478
12707,342,479
12708,342,480
12709,342,481
12710,342,482
12711,342,483
12712,342,484
12713,342,485
12714,342,486
12715,342,487
12716,342,488
12717,342,489
12718,342,490
12719,342,491
12720,342,492
12721,342,493
12722,342,494
12723,342,495
12724,342,496
12725,342,497
12726,342,498
12727,342,499
12728,342,500
12729,342,501
12730,342,502
12731,342,503
12732,342,504
12733,342,505
12734,342,506
12735,342,507
12736,342,508
12737,342,509
12738,342,510
12739,342,511
12740,342,512
12741,342,513
12742,342,514
12743,342,515
12744,342,516
12745,342,517
12746,342,518
12747,342,519
12748,342,520
12749,342,521
12750,342,522
12751,342,523
12752,342,524
12753,342,525
12754,342,526
12755,342,527
12756,342,528
12757,342,529
12758,342,530
12759,342,531
12760,342,532
12761,342,533
12762,342,534
12763,342,535
12764,342,536
12765,342,537
12766,342,538
12767,342,539
12768,342,540
12769,342,541
12770,342,542
12771,342,543
12772,342,544
12773,342,545
12774,342,546
12775,342,547
12776,342,548
12777,342,549
12778,342,550
12779,343,326
12780,343,327
12781,343,328
12782,343,329
12783,343,330
12784,343,331
12785,343,332
12786,343,333
12787,343,334
12788,343,335
12789,343,336
12790,343,337
12791,343,338
12792,343,339
12793,343,340
12794,343,341
12795,343,342
12796,343,343
12797,343,344
12798,343,345
12799,343,346
12800,343,347
12801,343,348
12802,343,349
12803,343,350
12804,343,351
12805,343,352
12806,343,353
12807,343,354
12808,343,355
12809,343,356
12810,343,357
12811,343,358
12812,343,359
12813,343,360
12814,343,361
12815,343,362
12816,343,363
12817,343,364
12818,343,365
12819,343,366
12820,343,367
12821,343,368
12822,343,369
12823,343,370
12824,343,371
12825,343,372
12826,343,373
12827,343,374
12828,343,375
12829,343,376
12830,343,377
12831,343,378
12832,343,379
12833,343,380
12834,343,381
12835,343,382
12836,343,383
12837,343,384
12838,343,385
12839,343,386
12840,343,387
12841,343,388
12842,343,389
12843,343,390
12844,343,391
12845,343,392
12846,343,393
12847,343,394
12848,343,395
12849,343,396
12850,343,397
12851,343,398
12852,343,399
12853,343,400
12854,343,401
12855,343,402
12856,343,403
12857,343,404
12858,343,405
12859,343,406
12860,343,407
12861,343,408
12862,343,409
12863,343,410
12864,343,411
12865,343,412
12866,343,413
12867,343,414
12868,343,415
12869,343,416
12870,343,417
12871,343,418
12872,343,419
12873,343,420
12874,343,421
12875,343,422
12876,343,423
12877,343,424
12878,343,425
12879,343,426
12880,343,427
12881,343,428
12882,343,429
12883,343,430
12884,343,431
12885,343,432
12886,343,433
12887,343,434
12888,343,435
12889,343,436
12890,343,437
12891,343,438
12892,343,439
12893,343,440
12894,343,441
12895,343,442
12896,343,443
12897,343,444
12898,343,445
12899,343,446
12900,343,447
12901,343,448
12902,343,449
12903,343,450
12904,343,451
12905,343,452
12906,343,453
12907,343,454
12908,343,455
12909,343,456
12910,343,457
12911,343,458
12912,343,459
12913,343,460
12914,343,461
12915,343,462
12916,343,463
12917,343,464
12918,343,465
12919,343,466
12920,343,467
12921,343,468
12922,343,469
12923,343,470
12924,343,471
12925,343,472
12926,343,473
12927,343,474
12928,343,475
12929,343,476
12930,343,477
12931,343,478
12932,343,479
12933,343,480
12934,343,481
12935,343,482
12936,343,483
12937,343,484
12938,343,485
12939,343,486
12940,343,487
12941,343,488
12942,343,489
12943,343,490
12944,343,491
12945,343,492
12946,343,493
12947,343,494
12948,343,495
12949,343,496
12950,343,497
12951,343,498
12952,343,499
12953,343,500
12954,343,501
12955,343,502
12956,343,503
12957,343,504
12958,343,505
12959,343,506
12960,343,507
12961,343,508
12962,343,509
12963,343,510
12964,343,511
12965,343,512
12966,343,513
12967,343,514
12968,343,515
12969,343,516
12970,343,517
12971,343,518
12972,343,519
12973,343,520
12974,343,521
12975,343,522
12976,343,523
12977,343,524
12978,343,525
12979,343,526
12980,343,527
12981,343,528
12982,343,529
12983,343,530
12984,343,531
12985,343,532
12986,343,533
12987,343,534
12988,343,535
12989,343,536
12990,343,537
12991,343,538
12992,343,539
12993,343,540
12994,343,541
12995,343,542
12996,343,543
12997,343,544
12998,343,545
12999,343,546
13000,343,547
13001,343,548
13002,343,549
13003,343,550
13004,343,551
13005,344,326
13006,344,327
13007,344,328
13008,344,329
13009,344,330
13010,344,331
13011,344,332
13012,344,333
13013,344,334
13014,344,335
13015,344,336
13016,344,337
13017,344,338
13018,344,339
13019,344,340
13020,344,341
13021,344,342
13022,344,343
13023,344,344
13024,344,345
13025,344,346
13026,344,347
13027,344,348
13028,344,349
13029,344,350
13030,344,351
13031,344,352
13032,344,353
13033,344,354
13034,344,355
13035,344,356
13036,344,357
13037,344,358
13038,344,359
13039,344,360
13040,344,361
13041,344,362
13042,344,363
13043,344,364
13044,344,365
13045,344,366
13046,344,367
13047,344,368
13048,344,369
13049,344,370
13050,344,371
13051,344,372
13052,344,373
13053,344,374
13054,344,375
13055,344,376
13056,344,377
13057,344,378
13058,344,379
13059,344,380
13060,344,381
13061,344,382
13062,344,383
13063,344,384
13064,344,385
13065,344,386
13066,344,387
13067,344,388
13068,344,389
13069,344,390
13070,344,391
13071,344,392
13072,344,393
13073,344,394
13074,344,395
13075,344,396
13076,344,397
13077,344,398
13078,344,399
13079,344,400
13080,344,401
13081,344,402
13082,344,403
13083,344,404
13084,344,405
13085,344,406
13086,344,407
13087,344,408
13088,344,409
13089,344,410
13090,344,411
13091,344,412
13092,344,413
13093,344,414
13094,344,415
13095,344,416
13096,344,417
13097,344,418
13098,344,419
13099,344,420
13100,344,421
13101,344,422
13102,344,423
13103,344,424
13104,344,425
13105,344,426
13106,344,427
13107,344,428
13108,344,429
13109,344,430
13110,344,431
13111,344,432
13112,344,433
13113,344,434
13114,344,435
13115,344,436
13116,344,437
13117,344,438
13118,344,439
13119,344,440
13120,344,441
13121,344,442
13122,344,443
13123,344,444
13124,344,445
13125,344,446
13126,344,447
13127,344,448
13128,344,449
13129,344,450
13130,344,451
13131,344,452
13132,344,453
13133,344,454
13134,344,455
13135,344,456
13136,344,457
13137,344,458
13138,344,459
13139,344,460
13140,344,461
13141,344,462
13142,344,463
13143,344,464
13144,344,465
13145,344,466
13146,344,467
13147,344,468
13148,344,469
13149,344,470
13150,344,471
13151,344,472
13152,344,473
13153,344,474
13154,344,475
13155,344,476
13156,344,477
13157,344,478
13158,344,479
13159,344,480
13160,344,481
13161,344,482
13162,344,483
13163,344,484
13164,344,485
13165,344,486
13166,344,487
13167,344,488
13168,344,489
13169,344,490
13170,344,491
13171,344,492
13172,344,493
13173,344,494
13174,344,495
13175,344,496
13176,344,497
13177,344,498
13178,344,499
13179,344,500
13180,344,501
13181,344,502
13182,344,503
13183,344,504
13184,344,505
13185,344,506
13186,344,507
13187,344,508
13188,344,509
13189,344,510
13190,344,511
13191,344,512
13192,344,513
13193,344,514
13194,344,515
13195,344,516
13196,344,517
13197,344,518
13198,344,519
13199,344,520
13200,344,521
13201,344,522
13202,344,523
13203,344,524
13204,344,525
13205,344,526
13206,344,527
13207,344,528
13208,344,529
13209,344,530
13210,344,531
13211,344,532
13212,344,533
13213,344,534
13214,344,535
13215,344,536
13216,344,537
13217,344,538
13218,344,539
13219,344,540
13220,344,541
13221,344,542
13222,344,543
13223,344,544
13224,344,545
13225,344,546
13226,344,547
13227,344,548
13228,344,549
13229,344,550
13230,344,551
13231,344,552
13232,344,553
13233,345,326
13234,345,327
13235,345,328
13236,345,329
13237,345,330
13238,345,331
13239,345,332
13240,345,333
13241,345,334
13242,345,335
13243,345,336
13244,345,337
13245,345,338
13246,345,339
13247,345,340
13248,345,341
13249,345,342
13250,345,343
13251,345,344
13252,345,345
13253,345,346
13254,345,347
13255,345,348
13256,345,349
13257,345,350
13258,345,351
13259,345,352
13260,345,353
13261,345,354
13262,345,355
13263,345,356
13264,345,357
13265,345,358
13266,345,359
13267,345,360
13268,345,361
13269,345,362
13270,345,363
13271,345,364
13272,345,365
13273,345,366
13274,345,367
13275,345,368
13276,345,369
13277,345,370
13278,345,371
13279,345,372
13280,345,373
13281,345,374
13282,345,375
13283,345,376
13284,345,377
13285,345,378
13286,345,379
13287,345,380
13288,345,381
13289,345,382
13290,345,383
13291,345,384
13292,345,385
13293,345,386
13294,345,387
13295,345,388
13296,345,389
13297,345,390
13298,345,391
13299,345,392
13300,345,393
13301,345,394
13302,345,395
13303,345,396
13304,345,397
13305,345,398
13306,345,399
13307,345,400
13308,345,401
13309,345,402
13310,345,403
13311,345,404
13312,345,405
13313,345,406
13314,345,407
13315,345,408
13316,345,409
13317,345,410
13318,345,411
13319,345,412
13320,345,413
13321,345,414
13322,345,415
13323,345,416
13324,345,417
13325,345,418
13326,345,419
13327,345,420
13328,345,421
13329,345,422
13330,345,423
13331,345,424
13332,345,425
13333,345,426
13334,345,427
13335,345,428
13336,345,429
13337,345,430
13338,345,431
13339,345,432
13340,345,433
13341,345,434
13342,345,435
13343,345,436
13344,345,437
13345,345,438
13346,345,439
13347,345,440
13348,345,441
13349,345,442
13350,345,443
13351,345,444
13352,345,445
13353,345,446
13354,345,447
13355,345,448
13356,345,449
13357,345,450
13358,345,451
13359,345,452
13360,345,453
13361,345,454
13362,345,455
13363,345,456
13364,345,457
13365,345,458
13366,345,459
13367,345,460
13368,345,461
13369,345,462
13370,345,463
13371,345,464
13372,345,465
13373,345,466
13374,345,467
13375,345,468
13376,345,469
13377,345,470
13378,345,471
13379,345,472
13380,345,473
13381,345,474
13382,345,475
13383,345,476
13384,345,477
13385,345,478
13386,345,479
13387,345,480
13388,345,481
13389,345,482
13390,345,483
13391,345,484
13392,345,485
13393,345,486
13394,345,487
13395,345,488
13396,345,489
13397,345,490
13398,345,491
13399,345,492
13400,345,493
13401,345,494
13402,345,495
13403,345,496
13404,345,497
13405,345,498
13406,345,499
13407,345,500
13408,345,501
13409,345,502
13410,345,503
13411,345,504
13412,345,505
13413,345,506
13414,345,507
13415,345,508
13416,345,509
13417,345,510
13418,345,511
13419,345,512
13420,345,513
13421,345,514
13422,345,515
13423,345,516
13424,345,517
13425,345,518
13426,345,519
13427,345,520
13428,345,521
13429,345,522
13430,345,523
13431,345,524
13432,345,525
13433,345,526
13434,345,527
13435,345,528
13436,345,529
13437,345,530
13438,345,531
13439,345,532
13440,345,533
13441,345,534
13442,345,535
13443,345,536
13444,345,537
13445,345,538
13446,345,539
13447,345,540
13448,345,541
13449,345,542
13450,345,543
13451,345,544
13452,345,545
13453,345,546
13454,345,547
13455,345,548
13456,345,549
13457,345,550
13458,345,551
13459,345,552
13460,345,553
13461,345,554
13462,346,326
13463,346,327
13464,346,328
13465,346,329
13466,346,330
13467,346,331
13468,346,332
13469,346,333
13470,346,334
13471,346,335
13472,346,336
13473,346,337
13474,346,338
13475,346,339
13476,346,340
13477,346,341
13478,346,342
13479,346,343
13480,346,344
13481,346,345
13482,346,346
13483,346,347
13484,346,348
13485,346,349
13486,346,350
13487,346,351
13488,346,352
13489,346,353
13490,346,354
13491,346,355
13492,346,356
13493,346,357
13494,346,358
13495,346,359
13496,346,360
13497,346,361
13498,346,362
13499,346,363
13500,346,364
13501,346,365
13502,346,366
13503,346,367
13504,346,368
13505,346,369
13506,346,370
13507,346,371
13508,346,372
13509,346,373
13510,346,374
13511,346,375
13512,346,376
13513,346,377
13514,346,378
13515,346,379
13516,346,380
13517,346,381
13518,346,382
13519,346,383
13520,346,384
13521,346,385
13522,346,386
13523,346,387
13524,346,388
13525,346,389
13526,346,390
13527,346,391
13528,346,392
13529,346,393
13530,346,394
13531,346,395
13532,346,396
13533,346,397
13534,346,398
13535,346,399
13536,346,400
13537,346,401
13538,346,402
13539,346,403
13540,346,404
13541,346,405
13542,346,406
13543,346,407
13544,346,408
13545,346,409
13546,346,410
13547,346,411
13548,346,412
13549,346,413
13550,346,414
13551,346,415
13552,346,416
13553,346,417
13554,346,418
13555,346,419
13556,346,420
13557,346,421
13558,346,422
13559,346,423
13560,346,424
13561,346,425
13562,346,426
13563,346,427
13564,346,428
13565,346,429
13566,346,430
13567,346,431
13568,346,432
13569,346,433
13570,346,434
13571,346,435
13572,346,436
13573,346,437
13574,346,438
13575,346,439
13576,346,440
13577,346,441
13578,346,442
13579,346,443
13580,346,444
13581,346,445
13582,346,446
13583,346,447
13584,346,448
13585,346,449
13586,346,450
13587,346,451
13588,346,452
13589,346,453
13590,346,454
13591,346,455
13592,346,456
13593,346,457
13594,346,458
13595,346,459
13596,346,460
13597,346,461
13598,346,462
13599,346,463
13600,346,464
13601,346,465
13602,346,466
13603,346,467
13604,346,468
13605,346,469
13606,346,470
13607,346,471
13608,346,472
13609,346,473
13610,346,474
13611,346,475
13612,346,476
13613,346,477
13614,346,478
13615,346,479
13616,346,480
13617,346,481
13618,346,482
13619,346,483
13620,346,484
13621,346,485
13622,346,486
13623,346,487
13624,346,488
13625,346,489
13626,346,490
13627,346,491
13628,346,492
13629,346,493
13630,346,494
13631,346,495
13632,346,496
13633,346,497
13634,346,498
13635,346,499
13636,346,500
13637,346,501
13638,346,502
13639,346,503
13640,346,504
13641,346,505
13642,346,506
13643,346,507
13644,346,508
13645,346,509
13646,346,510
13647,346,511
13648,346,512
13649,346,513
13650,346,514
13651,346,515
13652,346,516
13653,346,517
13654,346,518
13655,346,519
13656,346,520
13657,346,521
13658,346,522
13659,346,523
13660,346,524
13661,346,525
13662,346,526
13663,346,527
13664,346,528
13665,346,529
13666,346,530
13667,346,531
13668,346,532
13669,346,533
13670,346,534
13671,346,535
13672,346,536
13673,346,537
13674,346,538
13675,346,539
13676,346,540
13677,346,541
13678,346,542
13679,346,543
13680,346,544
13681,346,545
13682,346,546
13683,346,547
13684,346,548
13685,346,549
13686,346,550
13687,346,551
13688,346,552
13689,346,553
13690,346,554
13691,346,555
13692,347,326
13693,347,327
13694,347,328
13695,347,329
13696,347,330
13697,347,331
13698,347,332
13699,347,333
13700,347,334
13701,347,335
13702,347,336
13703,347,337
13704,347,338
13705,347,339
13706,347,340
13707,347,341
13708,347,342
13709,347,343
13710,347,344
13711,347,345
13712,347,346
13713,347,347
13714,347,348
13715,347,349
13716,347,350
13717,347,351
13718,347,352
13719,347,353
13720,347,354
13721,347,355
13722,347,356
13723,347,357
13724,347,358
13725,347,359
13726,347,360
13727,347,361
13728,347,362
13729,347,363
13730,347,364
13731,347,365
13732,347,366
13733,347,367
13734,347,368
13735,347,369
13736,347,370
13737,347,371
13738,347,372
13739,347,373
13740,347,374
13741,347,375
13742,347,376
13743,347,377
13744,347,378
13745,347,379
13746,347,380
13747,347,381
13748,347,382
13749,347,383
13750,347,384
13751,347,385
13752,347,386
13753,347,387
13754,347,388
13755,347,389
13756,347,390
13757,347,391
13758,347,392
13759,347,393
13760,347,394
13761,347,395
13762,347,396
13763,347,397
13764,347,398
13765,347,399
13766,347,400
13767,347,401
13768,347,402
13769,347,403
13770,347,404
13771,347,405
13772,347,406
13773,347,407
13774,347,408
13775,347,409
13776,347,410
13777,347,411
13778,347,412
13779,347,413
13780,347,414
13781,347,415
13782,347,416
13783,347,417
13784,347,418
13785,347,419
13786,347,420
13787,347,421
13788,347,422
13789,347,423
13790,347,424
13791,347,425
13792,347,426
13793,347,427
13794,347,428
13795,347,429
13796,347,430
13797,347,431
13798,347,432
13799,347,433
13800,347,434
13801,347,435
13802,347,436
13803,347,437
13804,347,438
13805,347,439
13806,347,440
13807,347,441
13808,347,442
13809,347,443
13810,347,444
13811,347,445
13812,347,446
13813,347,447
13814,347,448
13815,347,449
13816,347,450
13817,347,451
13818,347,452
13819,347,453
13820,347,454
13821,347,455
13822,347,456
13823,347,457
13824,347,458
13825,347,459
13826,347,460
13827,347,461
13828,347,462
13829,347,463
13830,347,464
13831,347,465
13832,347,466
13833,347,467
13834,347,468
13835,347,469
13836,347,470
13837,347,471
13838,347,472
13839,347,473
13840,347,474
13841,347,475
13842,347,476
13843,347,477
13844,347,478
13845,347,479
13846,347,480
13847,347,481
13848,347,482
13849,347,483
13850,347,484
13851,347,485
13852,347,486
13853,347,487
13854,347,488
13855,347,489
13856,347,490
13857,347,491
13858,347,492
13859,347,493
13860,347,494
13861,347,495
13862,347,496
13863,347,497
13864,347,498
13865,347,499
13866,347,500
13867,347,501
13868,347,502
13869,347,503
13870,347,504
13871,347,505
13872,347,506
13873,347,507
13874,347,508
13875,347,509
13876,347,510
13877,347,511
13878,347,512
13879,347,513
13880,347,514
13881,347,515
13882,347,516
13883,347,517
13884,347,518
13885,347,519
13886,347,520
13887,347,521
13888,347,522
13889,347,523
13890,347,524
13891,347,525
13892,347,526
13893,347,527
13894,347,528
13895,347,529
13896,347,530
13897,347,531
13898,347,532
13899,347,533
13900,347,534
13901,347,535
13902,347,536
13903,347,537
13904,347,538
13905,347,539
13906,347,540
13907,347,541
13908,347,542
13909,347,543
13910,347,544
13911,347,545
13912,347,546
13913,347,547
13914,347,548
13915,347,549
13916,347,550
13917,347,551
13918,347,552
13919,347,553
13920,347,554
13921,347,555
13922,347,556
13923,348,326
13924,348,327
13925,348,328
13926,348,329
13927,348,330
13928,348,331
13929,348,332
13930,348,333
13931,348,334
13932,348,335
13933,348,336
13934,348,337
13935,348,338
13936,348,339
13937,348,340
13938,348,341
13939,348,342
13940,348,343
13941,348,344
13942,348,345
13943,348,346
13944,348,347
13945,348,348
13946,348,349
13947,348,350
13948,348,351
13949,348,352
13950,348,353
13951,348,354
13952,348,355
13953,348,356
13954,348,357
13955,348,358
13956,348,359
13957,348,360
13958,348,361
13959,348,362
13960,348,363
13961,348,364
13962,348,365
13963,348,366
13964,348,367
13965,348,368
13966,348,369
13967,348,370
13968,348,371
13969,348,372
13970,348,373
13971,348,374
13972,348,375
13973,348,376
13974,348,377
13975,348,378
13976,348,379
13977,348,380
13978,348,381
13979,348,382
13980,348,383
13981,348,384
13982,348,385
13983,348,386
13984,348,387
13985,348,388
13986,348,389
13987,348,390
13988,348,391
13989,348,392
13990,348,393
13991,348,394
13992,348,395
13993,348,396
13994,348,397
13995,348,398
13996,348,399
13997,348,400
13998,348,401
13999,348,402
14000,348,403
14001,348,404
14002,348,405
14003,348,406
14004,348,407
14005,348,408
14006,348,409
14007,348,410
14008,348,411
14009,348,412
14010,348,413
14011,348,414
14012,348,415
14013,348,416
14014,348,417
14015,348,418
14016,348,419
14017,348,420
14018,348,421
14019,348,422
14020,348,423
14021,348,424
14022,348,425
14023,348,426
14024,348,427
14025,348,428
14026,348,429
14027,348,430
14028,348,431
14029,348,432
14030,348,433
14031,348,434
14032,348,435
14033,348,436
14034,348,437
14035,348,438
14036,348,439
14037,348,440
14038,348,441
14039,348,442
14040,348,443
14041,348,444
14042,348,445
14043,348,446
14044,348,447
14045,348,448
14046,348,449
14047,348,450
14048,348,451
14049,348,452
14050,348,453
14051,348,454
14052,348,455
14053,348,456
14054,348,457
14055,348,458
14056,348,459
14057,348,460
14058,348,461
14059,348,462
14060,348,463
14061,348,464
14062,348,465
14063,348,466
14064,348,467
14065,348,468
14066,348,469
14067,348,470
14068,348,471
14069,348,472
14070,348,473
14071,348,474
14072,348,475
14073,348,476
14074,348,477
14075,348,478
14076,348,479
14077,348,480
14078,348,481
14079,348,482
14080,348,483
14081,348,484
14082,348,485
14083,348,486
14084,348,487
14085,348,488
14086,348,489
14087,348,490
14088,348,491
14089,348,492
14090,348,493
14091,348,494
14092,348,495
14093,348,496
14094,348,497
14095,348,498
14096,348,499
14097,348,500
14098,348,501
14099,348,502
14100,348,503
14101,348,504
14102,348,505
14103,348,506
14104,348,507
14105,348,508
14106,348,509
14107,348,510
14108,348,511
14109,348,512
14110,348,513
14111,348,514
14112,348,515
14113,348,516
14114,348,517
14115,348,518
14116,348,519
14117,348,520
14118,348,521
14119,348,522
14120,348,523
14121,348,524
14122,348,525
14123,348,526
14124,348,527
14125,348,528
14126,348,529
14127,348,530
14128,348,531
14129,348,532
14130,348,533
14131,348,534
14132,348,535
14133,348,536
14134,348,537
14135,348,538
14136,348,539
14137,348,540
14138,348,541
14139,348,542
14140,348,543
14141,348,544
14142,348,545
14143,348,546
14144,348,547
14145,348,548
14146,348,549
14147,348,550
14148,348,551
14149,348,552
14150,348,553
14151,348,554
14152,348,555
14153,348,556
14154,348,557
14155,349,326
14156,349,327
14157,349,328
14158,349,329
14159,349,330
14160,349,331
14161,349,332
14162,349,333
14163,349,334
14164,349,335
14165,349,336
14166,349,337
14167,349,338
14168,349,339
14169,349,340
14170,349,341
14171,349,342
14172,349,343
14173,349,344
14174,349,345
14175,349,346
14176,349,347
14177,349,348
14178,349,349
14179,349,350
14180,349,351
14181,349,352
14182,349,353
14183,349,354
14184,349,355
14185,349,356
14186,349,357
14187,349,358
14188,349,359
14189,349,360
14190,349,361
14191,349,362
14192,349,363
14193,349,364
14194,349,365
14195,349,366
14196,349,367
14197,349,368
14198,349,369
14199,349,370
14200,349,371
14201,349,372
14202,349,373
14203,349,374
14204,349,375
14205,349,376
14206,349,377
14207,349,378
14208,349,379
14209,349,380
14210,349,381
14211,349,382
14212,349,383
14213,349,384
14214,349,385
14215,349,386
14216,349,387
14217,349,388
14218,349,389
14219,349,390
14220,349,391
14221,349,392
14222,349,393
14223,349,394
14224,349,395
14225,349,396
14226,349,397
14227,349,398
14228,349,399
14229,349,400
14230,349,401
14231,349,402
14232,349,403
14233,349,404
14234,349,405
14235,349,406
14236,349,407
14237,349,408
14238,349,409
14239,349,410
14240,349,411
14241,349,412
14242,349,413
14243,349,414
14244,349,415
14245,349,416
14246,349,417
14247,349,418
14248,349,419
14249,349,420
14250,349,421
14251,349,422
14252,349,423
14253,349,424
14254,349,425
14255,349,426
14256,349,427
14257,349,428
14258,349,429
14259,349,430
14260,349,431
14261,349,432
14262,349,433
14263,349,434
14264,349,435
14265,349,436
14266,349,437
14267,349,438
14268,349,439
14269,349,440
14270,349,441
14271,349,442
14272,349,443
14273,349,444
14274,349,445
14275,349,446
14276,349,447
14277,349,448
14278,349,449
14279,349,450
14280,349,451
14281,349,452
14282,349,453
14283,349,454
14284,349,455
14285,349,456
14286,349,457
14287,349,458
14288,349,459
14289,349,460
14290,349,461
14291,349,462
14292,349,463
14293,349,464
14294,349,465
14295,349,466
14296,349,467
14297,349,468
14298,349,469
14299,349,470
14300,349,471
14301,349,472
14302,349,473
14303,349,474
14304,349,475
14305,349,476
14306,349,477
14307,349,478
14308,349,479
14309,349,480
14310,349,481
14311,349,482
14312,349,483
14313,349,484
14314,349,485
14315,349,486
14316,349,487
14317,349,488
14318,349,489
14319,349,490
14320,349,491
14321,349,492
14322,349,493
14323,349,494
14324,349,495
14325,349,496
14326,349,497
14327,349,498
14328,349,499
14329,349,500
14330,349,501
14331,349,502
14332,349,503
14333,349,504
14334,349,505
14335,349,506
14336,349,507
14337,349,508
14338,349,509
14339,349,510
14340,349,511
14341,349,512
14342,349,513
14343,349,514
14344,349,515
14345,349,516
14346,349,517
14347,349,518
14348,349,519
14349,349,520
14350,349,521
14351,349,522
14352,349,523
14353,349,524
14354,349,525
14355,349,526
14356,349,527
14357,349,528
14358,349,529
14359,349,530
14360,349,531
14361,349,532
14362,349,533
14363,349,534
14364,349,535
14365,349,536
14366,349,537
14367,349,538
14368,349,539
14369,349,540
14370,349,541
14371,349,542
14372,349,543
14373,349,544
14374,349,545
14375,349,546
14376,349,547
14377,349,548
14378,349,549
14379,349,550
14380,349,551
14381,349,552
14382,349,553
14383,349,554
14384,349,555
14385,349,556
14386,349,557
14387,349,558
14388,350,326
14389,350,327
14390,350,328
14391,350,329
14392,350,330
14393,350,331
14394,350,332
14395,350,333
14396,350,334
14397,350,335
14398,350,336
14399,350,337
14400,350,338
14401,350,339
14402,350,340
14403,350,341
14404,350,342
14405,350,343
14406,350,344
14407,350,345
14408,350,346
14409,350,347
14410,350,348
14411,350,349
14412,350,350
14413,350,351
14414,350,352
14415,350,353
14416,350,354
14417,350,355
14418,350,356
14419,350,357
14420,350,358
14421,350,359
14422,350,360
14423,350,361
14424,350,362
14425,350,363
14426,350,364
14427,350,365
14428,350,366
14429,350,367
14430,350,368
14431,350,369
14432,350,370
14433,350,371
14434,350,372
14435,350,373
14436,350,374
14437,350,375
14438,350,376
14439,350,377
14440,350,378
14441,350,379
14442,350,380
14443,350,381
14444,350,382
14445,350,383
14446,350,384
14447,350,385
14448,350,386
14449,350,387
14450,350,388
14451,350,389
14452,350,390
14453,350,391
14454,350,392
14455,350,393
14456,350,394
14457,350,395
14458,350,396
14459,350,397
14460,350,398
14461,350,399
14462,350,400
14463,350,401
14464,350,402
14465,350,403
14466,350,404
14467,350,405
14468,350,406
14469,350,407
14470,350,408
14471,350,409
14472,350,410
14473,350,411
14474,350,412
14475,350,413
14476,350,414
14477,350,415
14478,350,416
14479,350,417
14480,350,418
14481,350,419
14482,350,420
14483,350,421
14484,350,422
14485,350,423
14486,350,424
14487,350,425
14488,350,426
14489,350,427
14490,350,428
14491,350,429
14492,350,430
14493,350,431
14494,350,432
14495,350,433
14496,350,434
14497,350,435
14498,350,436
14499,350,437
14500,350,438
14501,350,439
14502,350,440
14503,350,441
14504,350,442
14505,350,443
14506,350,444
14507,350,445
14508,350,446
14509,350,447
14510,350,448
14511,350,449
14512,350,450
14513,350,451
14514,350,452
14515,350,453
14516,350,454
14517,350,455
14518,350,456
14519,350,457
14520,350,458
14521,350,459
14522,350,460
14523,350,461
14524,350,462
14525,350,463
14526,350,464
14527,350,465
14528,350,466
14529,350,467
14530,350,468
14531,350,469
14532,350,470
14533,350,471
14534,350,472
14535,350,473
14536,350,474
14537,350,475
14538,350,476
14539,350,477
14540,350,478
14541,350,479
14542,350,480
14543,350,481
14544,350,482
14545,350,483
14546,350,484
14547,350,485
14548,350,486
14549,350,487
14550,350,488
14551,350,489
14552,350,490
14553,350,491
14554,350,492
14555,350,493
14556,350,494
14557,350,495
14558,350,496
14559,350,497
14560,350,498
14561,350,499
14562,350,500
14563,350,501
14564,350,502
14565,350,503
14566,350,504
14567,350,505
14568,350,506
14569,350,507
14570,350,508
14571,350,509
14572,350,510
14573,350,511
14574,350,512
14575,350,513
14576,350,514
14577,350,515
14578,350,516
14579,350,517
14580,350,518
14581,350,519
14582,350,520
14583,350,521
14584,350,522
14585,350,523
14586,350,524
14587,350,525
14588,350,526
14589,350,527
14590,350,528
14591,350,529
14592,350,530
14593,350,531
14594,350,532
14595,350,533
14596,350,534
14597,350,535
14598,350,536
14599,350,537
14600,350,538
14601,350,539
14602,350,540
14603,350,541
14604,350,542
14605,350,543
14606,350,544
14607,350,545
14608,350,546
14609,350,547
14610,350,548
14611,350,549
14612,350,550
14613,350,551
14614,350,552
14615,350,553
14616,350,554
14617,350,555
14618,350,556
14619,350,557
14620,350,558
14621,351,326
14622,351,327
14623,351,328
14624,351,329
14625,351,330
14626,351,331
14627,351,332
14628,351,333
14629,351,334
14630,351,335
14631,351,336
14632,351,337
14633,351,338
14634,351,339
14635,351,340
14636,351,341
14637,351,342
14638,351,343
14639,351,344
14640,351,345
14641,351,346
14642,351,347
14643,351,348
14644,351,349
14645,351,350
14646,351,351
14647,351,352
14648,351,353
14649,351,354
14650,351,355
14651,351,356
14652,351,357
14653,351,358
14654,351,359
14655,351,360
14656,351,361
14657,351,362
14658,351,363
14659,351,364
14660,351,365
14661,351,366
14662,351,367
14663,351,368
14664,351,369
14665,351,370
14666,351,371
14667,351,372
14668,351,373
14669,351,374
14670,351,375
14671,351,376
14672,351,377
14673,351,378
14674,351,379
14675,351,380
14676,351,381
14677,351,382
14678,351,383
14679,351,384
14680,351,385
14681,351,386
14682,351,387
14683,351,388
14684,351,389
14685,351,390
14686,351,391
14687,351,392
14688,351,393
14689,351,394
14690,351,395
14691,351,396
14692,351,397
14693,351,398
14694,351,399
14695,351,400
14696,351,401
14697,351,402
14698,351,403
14699,351,404
14700,351,405
14701,351,406
14702,351,407
14703,351,408
14704,351,409
14705,351,410
14706,351,411
14707,351,412
14708,351,413
14709,351,414
14710,351,415
14711,351,416
14712,351,417
14713,351,418
14714,351,419
14715,351,420
14716,351,421
14717,351,422
14718,351,423
14719,351,424
14720,351,425
14721,351,426
14722,351,427
14723,351,428
14724,351,429
14725,351,430
14726,351,431
14727,351,432
14728,351,433
14729,351,434
14730,351,435
14731,351,436
14732,351,437
14733,351,438
14734,351,439
14735,351,440
14736,351,441
14737,351,442
14738,351,443
14739,351,444
14740,351,445
14741,351,446
14742,351,447
14743,351,448
14744,351,449
14745,351,450
14746,351,451
14747,351,452
14748,351,453
14749,351,454
14750,351,455
14751,351,456
14752,351,457
14753,351,458
14754,351,459
14755,351,460
14756,351,461
14757,351,462
14758,351,463
14759,351,464
14760,351,465
14761,351,466
14762,351,467
14763,351,468
14764,351,469
14765,351,470
14766,351,471
14767,351,472
14768,351,473
14769,351,474
14770,351,475
14771,351,476
14772,351,477
14773,351,478
14774,351,479
14775,351,480
14776,351,481
14777,351,482
14778,351,483
14779,351,484
14780,351,485
14781,351,486
14782,351,487
14783,351,488
14784,351,489
14785,351,490
14786,351,491
14787,351,492
14788,351,493
14789,351,494
14790,351,495
14791,351,496
14792,351,497
14793,351,498
14794,351,499
14795,351,500
14796,351,501
14797,351,502
14798,351,503
14799,351,504
14800,351,505
14801,351,506
14802,351,507
14803,351,508
14804,351,509
14805,351,510
14806,351,511
14807,351,512
14808,351,513
14809,351,514
14810,351,515
14811,351,516
14812,351,517
14813,351,518
14814,351,519
14815,351,520
14816,351,521
14817,351,522
14818,351,523
14819,351,524
14820,351,525
14821,351,526
14822,351,527
14823,351,528
14824,351,529
14825,351,530
14826,351,531
14827,351,532
14828,351,533
14829,351,534
14830,351,535
14831,351,536
14832,351,537
14833,351,538
14834,351,539
14835,351,540
14836,351,541
14837,351,542
14838,351,543
14839,351,544
14840,351,545
14841,351,546
14842,351,547
14843,351,548
14844,351,549
14845,351,550
14846,351,551
14847,351,552
14848,351,553
14849,351,554
14850,351,555
14851,351,556
14852,351,557
14853,351,558
14854,351,559
14855,352,326
14856,352,327
14857,352,328
14858,352,329
14859,352,330
14860,352,331
14861,352,332
14862,352,333
14863,352,334
14864,352,335
14865,352,336
14866,352,337
14867,352,338
14868,352,339
14869,352,340
14870,352,341
14871,352,342
14872,352,343
14873,352,344
14874,352,345
14875,352,346
14876,352,347
14877,352,348
14878,352,349
14879,352,350
14880,352,351
14881,352,352
14882,352,353
14883,352,354
14884,352,355
14885,352,356
14886,352,357
14887,352,358
14888,352,359
14889,352,360
14890,352,361
14891,352,362
14892,352,363
14893,352,364
14894,352,365
14895,352,366
14896,352,367
14897,352,368
14898,352,369
14899,352,370
14900,352,371
14901,352,372
14902,352,373
14903,352,374
14904,352,375
14905,352,376
14906,352,377
14907,352,378
14908,352,379
14909,352,380
14910,352,381
14911,352,382
14912,352,383
14913,352,384
14914,352,385
14915,352,386
14916,352,387
14917,352,388
14918,352,389
14919,352,390
14920,352,391
14921,352,392
14922,352,393
14923,352,394
14924,352,395
14925,352,396
14926,352,397
14927,352,398
14928,352,399
14929,352,400
14930,352,401
14931,352,402
14932,352,403
14933,352,404
14934,352,405
14935,352,406
14936,352,407
14937,352,408
14938,352,409
14939,352,410
14940,352,411
14941,352,412
14942,352,413
14943,352,414
14944,352,415
14945,352,416
14946,352,417
14947,352,418
14948,352,419
14949,352,420
14950,352,421
14951,352,422
14952,352,423
14953,352,424
14954,352,425
14955,352,426
14956,352,427
14957,352,428
14958,352,429
14959,352,430
14960,352,431
14961,352,432
14962,352,433
14963,352,434
14964,352,435
14965,352,436
14966,352,437
14967,352,438
14968,352,439
14969,352,440
14970,352,441
14971,352,442
14972,352,443
14973,352,444
14974,352,445
14975,352,446
14976,352,447
14977,352,448
14978,352,449
14979,352,450
14980,352,451
14981,352,452
14982,352,453
14983,352,454
14984,352,455
14985,352,456
14986,352,457
14987,352,458
14988,352,459
14989,352,460
14990,352,461
14991,352,462
14992,352,463
14993,352,464
14994,352,465
14995,352,466
14996,352,467
14997,352,468
14998,352,469
14999,352,470
15000,352,471
15001,352,472
15002,352,473
15003,352,474
15004,352,475
15005,352,476
15006,352,477
15007,352,478
15008,352,479
15009,352,480
15010,352,481
15011,352,482
15012,352,483
15013,352,484
15014,352,485
15015,352,486
15016,352,487
15017,352,488
15018,352,489
15019,352,490
15020,352,491
15021,352,492
15022,352,493
15023,352,494
15024,352,495
15025,352,496
15026,352,497
15027,352,498
15028,352,499
15029,352,500
15030,352,501
15031,352,502
15032,352,503
15033,352,504
15034,352,505
15035,352,506
15036,352,507
15037,352,508
15038,352,509
15039,352,510
15040,352,511
15041,352,512
15042,352,513
15043,352,514
15044,352,515
15045,352,516
15046,352,517
15047,352,518
15048,352,519
15049,352,520
15050,352,521
15051,352,522
15052,352,523
15053,352,524
15054,352,525
15055,352,526
15056,352,527
15057,352,528
15058,352,529
15059,352,530
15060,352,531
15061,352,532
15062,352,533
15063,352,534
15064,352,535
15065,352,536
15066,352,537
15067,352,538
15068,352,539
15069,352,540
15070,352,541
15071,352,542
15072,352,543
15073,352,544
15074,352,545
15075,352,546
15076,352,547
15077,352,548
15078,352,549
15079,352,550
15080,352,551
15081,352,552
15082,352,553
15083,352,554
15084,352,555
15085,352,556
15086,352,557
15087,352,558
15088,352,559
15089,352,560
15090,353,326
15091,353,327
15092,353,328
15093,353,329
15094,353,330
15095,353,331
15096,353,332
15097,353,333
15098,353,334
15099,353,335
15100,353,336
15101,353,337
15102,353,338
15103,353,339
15104,353,340
15105,353,341
15106,353,342
15107,353,343
15108,353,344
15109,353,345
15110,353,346
15111,353,347
15112,353,348
15113,353,349
15114,353,350
15115,353,351
15116,353,352
15117,353,353
15118,353,354
15119,353,355
15120,353,356
15121,353,357
15122,353,358
15123,353,359
15124,353,360
15125,353,361
15126,353,362
15127,353,363
15128,353,364
15129,353,365
15130,353,366
15131,353,367
15132,353,368
15133,353,369
15134,353,370
15135,353,371
15136,353,372
15137,353,373
15138,353,374
15139,353,375
15140,353,376
15141,353,377
15142,353,378
15143,353,379
15144,353,380
15145,353,381
15146,353,382
15147,353,383
15148,353,384
15149,353,385
15150,353,386
15151,353,387
15152,353,388
15153,353,389
15154,353,390
15155,353,391
15156,353,392
15157,353,393
15158,353,394
15159,353,395
15160,353,396
15161,353,397
15162,353,398
15163,353,399
15164,353,400
15165,353,401
15166,353,402
15167,353,403
15168,353,404
15169,353,405
15170,353,406
15171,353,407
15172,353,408
15173,353,409
15174,353,410
15175,353,411
15176,353,412
15177,353,413
15178,353,414
15179,353,415
15180,353,416
15181,353,417
15182,353,418
15183,353,419
15184,353,420
15185,353,421
15186,353,422
15187,353,423
15188,353,424
15189,353,425
15190,353,426
15191,353,427
15192,353,428
15193,353,429
15194,353,430
15195,353,431
15196,353,432
15197,353,433
15198,353,434
15199,353,435
15200,353,436
15201,353,437
15202,353,438
15203,353,439
15204,353,440
15205,353,441
15206,353,442
15207,353,443
15208,353,444
15209,353,445
15210,353,446
15211,353,447
15212,353,448
15213,353,449
15214,353,450
15215,353,451
15216,353,452
15217,353,453
15218,353,454
15219,353,455
15220,353,456
15221,353,457
15222,353,458
15223,353,459
15224,353,460
15225,353,461
15226,353,462
15227,353,463
15228,353,464
15229,353,465
15230,353,466
15231,353,467
15232,353,468
15233,353,469
15234,353,470
15235,353,471
15236,353,472
15237,353,473
15238,353,474
15239,353,475
15240,353,476
15241,353,477
15242,353,478
15243,353,479
15244,353,480
15245,353,481
15246,353,482
15247,353,483
15248,353,484
15249,353,485
15250,353,486
15251,353,487
15252,353,488
15253,353,489
15254,353,490
15255,353,491
15256,353,492
15257,353,493
15258,353,494
15259,353,495
15260,353,496
15261,353,497
15262,353,498
15263,353,499
15264,353,500
15265,353,501
15266,353,502
15267,353,503
15268,353,504
15269,353,505
15270,353,506
15271,353,507
15272,353,508
15273,353,509
15274,353,510
15275,353,511
15276,353,512
15277,353,513
15278,353,514
15279,353,515
15280,353,516
15281,353,517
15282,353,518
15283,353,519
15284,353,520
15285,353,521
15286,353,522
15287,353,523
15288,353,524
15289,353,525
15290,353,526
15291,353,527
15292,353,528
15293,353,529
15294,353,530
15295,353,531
15296,353,532
15297,353,533
15298,353,534
15299,353,535
15300,353,536
15301,353,537
15302,353,538
15303,353,539
15304,353,540
15305,353,541
15306,353,542
15307,353,543
15308,353,544
15309,353,545
15310,353,546
15311,353,547
15312,353,548
15313,353,549
15314,353,550
15315,353,551
15316,353,552
15317,353,553
15318,353,554
15319,353,555
15320,353,556
15321,353,557
15322,353,558
15323,353,559
15324,353,560
15325,353,561
15326,354,326
15327,354,327
15328,354,328
15329,354,329
15330,354,330
15331,354,331
15332,354,332
15333,354,333
15334,354,334
15335,354,335
15336,354,336
15337,354,337
15338,354,338
15339,354,339
15340,354,340
15341,354,341
15342,354,342
15343,354,343
15344,354,344
15345,354,345
15346,354,346
15347,354,347
15348,354,348
15349,354,349
15350,354,350
15351,354,351
15352,354,352
15353,354,353
15354,354,354
15355,354,355
15356,354,356
15357,354,357
15358,354,358
15359,354,359
15360,354,360
15361,354,361
15362,354,362
15363,354,363
15364,354,364
15365,354,365
15366,354,366
15367,354,367
15368,354,368
15369,354,369
15370,354,370
15371,354,371
15372,354,372
15373,354,373
15374,354,374
15375,354,375
15376,354,376
15377,354,377
15378,354,378
15379,354,379
15380,354,380
15381,354,381
15382,354,382
15383,354,383
15384,354,384
15385,354,385
15386,354,386
15387,354,387
15388,354,388
15389,354,389
15390,354,390
15391,354,391
15392,354,392
15393,354,393
15394,354,394
15395,354,395
15396,354,396
15397,354,397
15398,354,398
15399,354,399
15400,354,400
15401,354,401
15402,354,402
15403,354,403
15404,354,404
15405,354,405
15406,354,406
15407,354,407
15408,354,408
15409,354,409
15410,354,410
15411,354,411
15412,354,412
15413,354,413
15414,354,414
15415,354,415
15416,354,416
15417,354,417
15418,354,418
15419,354,419
15420,354,420
15421,354,421
15422,354,422
15423,354,423
15424,354,424
15425,354,425
15426,354,426
15427,354,427
15428,354,428
15429,354,429
15430,354,430
15431,354,431
15432,354,432
15433,354,433
15434,354,434
15435,354,435
15436,354,436
15437,354,437
15438,354,438
15439,354,439
15440,354,440
15441,354,441
15442,354,442
15443,354,443
15444,354,444
15445,354,445
15446,354,446
15447,354,447
15448,354,448
15449,354,449
15450,354,450
15451,354,451
15452,354,452
15453,354,453
15454,354,454
15455,354,455
15456,354,456
15457,354,457
15458,354,458
15459,354,459
15460,354,460
15461,354,461
15462,354,462
15463,354,463
15464,354,464
15465,354,465
15466,354,466
15467,354,467
15468,354,468
15469,354,469
15470,354,470
15471,354,471
15472,354,472
15473,354,473
15474,354,474
15475,354,475
15476,354,476
15477,354,477
15478,354,478
15479,354,479
15480,354,480
15481,354,481
15482,354,482
15483,354,483
15484,354,484
15485,354,485
15486,354,486
15487,354,487
15488,354,488
15489,354,489
15490,354,490
15491,354,491
15492,354,492
15493,354,493
15494,354,494
15495,354,495
15496,354,496
15497,354,497
15498,354,498
15499,354,499
15500,354,500
15501,354,501
15502,354,502
15503,354,503
15504,354,504
15505,354,505
15506,354,506
15507,354,507
15508,354,508
15509,354,509
15510,354,510
15511,354,511
15512,354,512
15513,354,513
15514,354,514
15515,354,515
15516,354,516
15517,354,517
15518,354,518
15519,354,519
15520,354,520
15521,354,521
15522,354,522
15523,354,523
15524,354,524
15525,354,525
15526,354,526
15527,354,527
15528,354,528
15529,354,529
15530,354,530
15531,354,531
15532,354,532
15533,354,533
15534,354,534
15535,354,535
15536,354,536
15537,354,537
15538,354,538
15539,354,539
15540,354,540
15541,354,541
15542,354,542
15543,354,543
15544,354,544
15545,354,545
15546,354,546
15547,354,547
15548,354,548
15549,354,549
15550,354,550
15551,354,551
15552,354,552
15553,354,553
15554,354,554
15555,354,555
15556,354,556
15557,354,557
15558,354,558
15559,354,559
15560,354,560
15561,354,561
15562,355,326
15563,355,327
15564,355,328
15565,355,329
15566,355,330
15567,355,331
15568,355,332
15569,355,333
15570,355,334
15571,355,335
15572,355,336
15573,355,337
15574,355,338
15575,355,339
15576,355,340
15577,355,341
15578,355,342
15579,355,343
15580,355,344
15581,355,345
15582,355,346
15583,355,347
15584,355,348
15585,355,349
15586,355,350
15587,355,351
15588,355,352
15589,355,353
15590,355,354
15591,355,355
15592,355,356
15593,355,357
15594,355,358
15595,355,359
15596,355,360
15597,355,361
15598,355,362
15599,355,363
15600,355,364
15601,355,365
15602,355,366
15603,355,367
15604,355,368
15605,355,369
15606,355,370
15607,355,371
15608,355,372
15609,355,373
15610,355,374
15611,355,375
15612,355,376
15613,355,377
15614,355,378
15615,355,379
15616,355,380
15617,355,381
15618,355,382
15619,355,383
15620,355,384
15621,355,385
15622,355,386
15623,355,387
15624,355,388
15625,355,389
15626,355,390
15627,355,391
15628,355,392
15629,355,393
15630,355,394
15631,355,395
15632,355,396
15633,355,397
15634,355,398
15635,355,399
15636,355,400
15637,355,401
15638,355,402
15639,355,403
15640,355,404
15641,355,405
15642,355,406
15643,355,407
15644,355,408
15645,355,409
15646,355,410
15647,355,411
15648,355,412
15649,355,413
15650,355,414
15651,355,415
15652,355,416
15653,355,417
15654,355,418
15655,355,419
15656,355,420
15657,355,421
15658,355,422
15659,355,423
15660,355,424
15661,355,425
15662,355,426
15663,355,427
15664,355,428
15665,355,429
15666,355,430
15667,355,431
15668,355,432
15669,355,433
15670,355,434
15671,355,435
15672,355,436
15673,355,437
15674,355,438
15675,355,439
15676,355,440
15677,355,441
15678,355,442
15679,355,443
15680,355,444
15681,355,445
15682,355,446
15683,355,447
15684,355,448
15685,355,449
15686,355,450
15687,355,451
15688,355,452
15689,355,453
15690,355,454
15691,355,455
15692,355,456
15693,355,457
15694,355,458
15695,355,459
15696,355,460
15697,355,461
15698,355,462
15699,355,463
15700,355,464
15701,355,465
15702,355,466
15703,355,467
15704,355,468
15705,355,469
15706,355,470
15707,355,471
15708,355,472
15709,355,473
15710,355,474
15711,355,475
15712,355,476
15713,355,477
15714,355,478
15715,355,479
15716,355,480
15717,355,481
15718,355,482
15719,355,483
15720,355,484
15721,355,485
15722,355,486
15723,355,487
15724,355,488
15725,355,489
15726,355,490
15727,355,491
15728,355,492
15729,355,493
15730,355,494
15731,355,495
15732,355,496
15733,355,497
15734,355,498
15735,355,499
15736,355,500
15737,355,501
15738,355,502
15739,355,503
15740,355,504
15741,355,505
15742,355,506
15743,355,507
15744,355,508
15745,355,509
15746,355,510
15747,355,511
15748,355,512
15749,355,513
15750,355,514
15751,355,515
15752,355,516
15753,355,517
15754,355,518
15755,355,519
15756,355,520
15757,355,521
15758,355,522
15759,355,523
15760,355,524
15761,355,525
15762,355,526
15763,355,527
15764,355,528
15765,355,529
15766,355,530
15767,355,531
15768,355,532
15769,355,533
15770,355,534
15771,355,535
15772,355,536
15773,355,537
15774,355,538
15775,355,539
15776,355,540
15777,355,541
15778,355,542
15779,355,543
15780,355,544
15781,355,545
15782,355,546
15783,355,547
15784,355,548
15785,355,549
15786,355,550
15787,355,551
15788,355,552
15789,355,553
15790,355,554
15791,355,555
15792,355,556
15793,355,557
15794,355,558
15795,355,559
15796,355,560
15797,355,561
15798,355,562
15799,356,326
15800,356,327
15801,356,328
15802,356,329
15803,356,330
15804,356,331
15805,356,332
15806,356,333
15807,356,334
15808,356,335
15809,356,336
15810,356,337
15811,356,338
15812,356,339
15813,356,340
15814,356,341
15815,356,342
15816,356,343
15817,356,344
15818,356,345
15819,356,346
15820,356,347
15821,356,348
15822,356,349
15823,356,350
15824,356,351
15825,356,352
15826,356,353
15827,356,354
15828,356,355
15829,356,356
15830,356,357
15831,356,358
15832,356,359
15833,356,360
15834,356,361
15835,356,362
15836,356,363
15837,356,364
15838,356,365
15839,356,366
15840,356,367
15841,356,368
15842,356,369
15843,356,370
15844,356,371
15845,356,372
15846,356,373
15847,356,374
15848,356,375
15849,356,376
15850,356,377
15851,356,378
15852,356,379
15853,356,380
15854,356,381
15855,356,382
15856,356,383
15857,356,384
15858,356,385
15859,356,386
15860,356,387
15861,356,388
15862,356,389
15863,356,390
15864,356,391
15865,356,392
15866,356,393
15867,356,394
15868,356,395
15869,356,396
15870,356,397
15871,356,398
15872,356,399
15873,356,400
15874,356,401
15875,356,402
15876,356,403
15877,356,404
15878,356,405
15879,356,406
15880,356,407
15881,356,408
15882,356,409
15883,356,410
15884,356,411
15885,356,412
15886,356,413
15887,356,414
15888,356,415
15889,356,416
15890,356,417
15891,356,418
15892,356,419
15893,356,420
15894,356,421
15895,356,422
15896,356,423
15897,356,424
15898,356,425
15899,356,426
15900,356,427
15901,356,428
15902,356,429
15903,356,430
15904,356,431
15905,356,432
15906,356,433
15907,356,434
15908,356,435
15909,356,436
15910,356,437
15911,356,438
15912,356,439
15913,356,440
15914,356,441
15915,356,442
15916,356,443
15917,356,444
15918,356,445
15919,356,446
15920,356,447
15921,356,448
15922,356,449
15923,356,450
15924,356,451
15925,356,452
15926,356,453
15927,356,454
15928,356,455
15929,356,456
15930,356,457
15931,356,458
15932,356,459
15933,356,460
15934,356,461
15935,356,462
15936,356,463
15937,356,464
15938,356,465
15939,356,466
15940,356,467
15941,356,468
15942,356,469
15943,356,470
15944,356,471
15945,356,472
15946,356,473
15947,356,474
15948,356,476
15949,356,477
15950,356,478
15951,356,479
15952,356,480
15953,356,481
15954,356,482
15955,356,483
15956,356,484
15957,356,485
15958,356,486
15959,356,487
15960,356,488
15961,356,489
15962,356,490
15963,356,491
15964,356,492
15965,356,493
15966,356,494
15967,356,495
15968,356,496
15969,356,497
15970,356,498
15971,356,499
15972,356,500
15973,356,501
15974,356,502
15975,356,503
15976,356,504
15977,356,505
15978,356,506
15979,356,507
15980,356,508
15981,356,509
15982,356,510
15983,356,511
15984,356,512
15985,356,513
15986,356,514
15987,356,515
15988,356,516
15989,356,517
15990,356,518
15991,356,519
15992,356,520
15993,356,521
15994,356,522
15995,356,523
15996,356,524
15997,356,525
15998,356,526
15999,356,527
16000,356,528
16001,356,529
16002,356,530
16003,356,531
16004,356,532
16005,356,533
16006,356,534
16007,356,535
16008,356,536
16009,356,537
16010,356,538
16011,356,539
16012,356,540
16013,356,541
16014,356,542
16015,356,543
16016,356,544
16017,356,545
16018,356,546
16019,356,547
16020,356,548
16021,356,549
16022,356,550
16023,356,551
16024,356,552
16025,356,553
16026,356,554
16027,356,555
16028,356,556
16029,356,557
16030,356,558
16031,356,559
16032,356,560
16033,356,561
16034,356,562
16035,357,326
16036,357,327
16037,357,328
16038,357,329
16039,357,330
16040,357,331
16041,357,332
16042,357,333
16043,357,334
16044,357,335
16045,357,336
16046,357,337
16047,357,338
16048,357,339
16049,357,340
16050,357,341
16051,357,342
16052,357,343
16053,357,344
16054,357,345
16055,357,346
16056,357,347
16057,357,348
16058,357,349
16059,357,350
16060,357,351
16061,357,352
16062,357,353
16063,357,354
16064,357,355
16065,357,356
16066,357,357
16067,357,358
16068,357,359
16069,357,360
16070,357,361
16071,357,362
16072,357,363
16073,357,364
16074,357,365
16075,357,366
16076,357,367
16077,357,368
16078,357,369
16079,357,370
16080,357,371
16081,357,372
16082,357,373
16083,357,374
16084,357,375
16085,357,376
16086,357,377
16087,357,378
16088,357,379
16089,357,380
16090,357,381
16091,357,382
16092,357,383
16093,357,384
16094,357,385
16095,357,386
16096,357,387
16097,357,388
16098,357,389
16099,357,390
16100,357,391
16101,357,392
16102,357,393
16103,357,394
16104,357,395
16105,357,396
16106,357,397
16107,357,398
16108,357,399
16109,357,400
16110,357,401
16111,357,402
16112,357,403
16113,357,404
16114,357,405
16115,357,406
16116,357,407
16117,357,408
16118,357,409
16119,357,410
16120,357,411
16121,357,412
16122,357,413
16123,357,414
16124,357,415
16125,357,416
16126,357,417
16127,357,418
16128,357,419
16129,357,420
16130,357,421
16131,357,422
16132,357,423
16133,357,424
16134,357,425
16135,357,426
16136,357,427
16137,357,428
16138,357,429
16139,357,430
16140,357,431
16141,357,432
16142,357,433
16143,357,434
16144,357,435
16145,357,436
16146,357,437
16147,357,438
16148,357,439
16149,357,440
16150,357,441
16151,357,442
16152,357,443
16153,357,444
16154,357,445
16155,357,446
16156,357,447
16157,357,448
16158,357,449
16159,357,450
16160,357,451
16161,357,452
16162,357,453
16163,357,454
16164,357,455
16165,357,456
16166,357,457
16167,357,458
16168,357,459
16169,357,460
16170,357,461
16171,357,462
16172,357,463
16173,357,464
16174,357,465
16175,357,466
16176,357,467
16177,357,468
16178,357,469
16179,357,470
16180,357,471
16181,357,472
16182,357,473
16183,357,477
16184,357,478
16185,357,479
16186,357,480
16187,357,481
16188,357,482
16189,357,483
16190,357,484
16191,357,485
16192,357,486
16193,357,487
16194,357,488
16195,357,489
16196,357,490
16197,357,491
16198,357,492
16199,357,493
16200,357,494
16201,357,495
16202,357,496
16203,357,497
16204,357,498
16205,357,499
16206,357,500
16207,357,501
16208,357,502
16209,357,503
16210,357,504
16211,357,505
16212,357,506
16213,357,507
16214,357,508
16215,357,509
16216,357,510
16217,357,511
16218,357,512
16219,357,513
16220,357,514
16221,357,515
16222,357,516
16223,357,517
16224,357,518
16225,357,519
16226,357,520
16227,357,521
16228,357,522
16229,357,523
16230,357,524
16231,357,525
16232,357,526
16233,357,527
16234,357,528
16235,357,529
16236,357,530
16237,357,531
16238,357,532
16239,357,533
16240,357,534
16241,357,535
16242,357,536
16243,357,537
16244,357,538
16245,357,539
16246,357,540
16247,357,541
16248,357,542
16249,357,543
16250,357,544
16251,357,545
16252,357,546
16253,357,547
16254,357,548
16255,357,549
16256,357,550
16257,357,551
16258,357,552
16259,357,553
16260,357,554
16261,357,555
16262,357,556
16263,357,557
16264,357,558
16265,357,559
16266,357,560
16267,357,561
16268,357,562
16269,357,563
16270,358,326
16271,358,327
16272,358,328
16273,358,329
16274,358,330
16275,358,331
16276,358,332
16277,358,333
16278,358,334
16279,358,335
16280,358,336
16281,358,337
16282,358,338
16283,358,339
16284,358,340
16285,358,341
16286,358,342
16287,358,343
16288,358,344
16289,358,345
16290,358,346
16291,358,347
16292,358,348
16293,358,349
16294,358,350
16295,358,351
16296,358,352
16297,358,353
16298,358,354
16299,358,355
16300,358,356
16301,358,357
16302,358,358
16303,358,359
16304,358,360
16305,358,361
16306,358,362
16307,358,363
16308,358,364
16309,358,365
16310,358,366
16311,358,367
16312,358,368
16313,358,369
16314,358,370
16315,358,371
16316,358,372
16317,358,373
16318,358,374
16319,358,375
16320,358,376
16321,358,377
16322,358,378
16323,358,379
16324,358,380
16325,358,381
16326,358,382
16327,358,383
16328,358,384
16329,358,385
16330,358,386
16331,358,387
16332,358,388
16333,358,389
16334,358,390
16335,358,391
16336,358,392
16337,358,393
16338,358,394
16339,358,395
16340,358,396
16341,358,397
16342,358,398
16343,358,399
16344,358,400
16345,358,401
16346,358,402
16347,358,403
16348,358,404
16349,358,405
16350,358,406
16351,358,407
16352,358,408
16353,358,409
16354,358,410
16355,358,411
16356,358,412
16357,358,413
16358,358,414
16359,358,415
16360,358,416
16361,358,417
16362,358,418
16363,358,419
16364,358,420
16365,358,421
16366,358,422
16367,358,423
16368,358,424
16369,358,425
16370,358,426
16371,358,427
16372,358,428
16373,358,429
16374,358,430
16375,358,431
16376,358,432
16377,358,433
16378,358,434
16379,358,435
16380,358,436
16381,358,437
16382,358,438
16383,358,439
16384,358,440
16385,358,441
16386,358,442
16387,358,443
16388,358,444
16389,358,445
16390,358,446
16391,358,447
16392,358,448
16393,358,449
16394,358,450
16395,358,451
16396,358,452
16397,358,453
16398,358,454
16399,358,455
16400,358,456
16401,358,457
16402,358,458
16403,358,459
16404,358,460
16405,358,461
16406,358,462
16407,358,463
16408,358,464
16409,358,465
16410,358,466
16411,358,467
16412,358,468
16413,358,469
16414,358,470
16415,358,471
16416,358,472
16417,358,473
16418,358,479
16419,358,480
16420,358,481
16421,358,482
16422,358,483
16423,358,484
16424,358,485
16425,358,486
16426,358,487
16427,358,488
16428,358,489
16429,358,490
16430,358,491
16431,358,492
16432,358,493
16433,358,494
16434,358,495
16435,358,496
16436,358,497
16437,358,498
16438,358,499
16439,358,500
16440,358,501
16441,358,502
16442,358,503
16443,358,504
16444,358,505
16445,358,506
16446,358,507
16447,358,508
16448,358,509
16449,358,510
16450,358,511
16451,358,512
16452,358,513
16453,358,514
16454,358,515
16455,358,516
16456,358,517
16457,358,518
16458,358,519
16459,358,520
16460,358,521
16461,358,522
16462,358,523
16463,358,524
16464,358,525
16465,358,526
16466,358,527
16467,358,528
16468,358,529
16469,358,530
16470,358,531
16471,358,532
16472,358,533
16473,358,534
16474,358,535
16475,358,536
16476,358,537
16477,358,538
16478,358,539
16479,358,540
16480,358,541
16481,358,542
16482,358,543
16483,358,544
16484,358,545
16485,358,546
16486,358,547
16487,358,548
16488,358,549
16489,358,550
16490,358,551
16491,358,552
16492,358,553
16493,358,554
16494,358,555
16495,358,556
16496,358,557
16497,358,558
16498,358,559
16499,358,560
16500,358,561
16501,358,562
16502,358,563
16503,358,564
16504,359,326
16505,359,327
16506,359,328
16507,359,329
16508,359,330
16509,359,331
16510,359,332
16511,359,333
16512,359,334
16513,359,335
16514,359,336
16515,359,337
16516,359,338
16517,359,339
16518,359,340
16519,359,341
16520,359,342
16521,359,343
16522,359,344
16523,359,345
16524,359,346
16525,359,347
16526,359,348
16527,359,349
16528,359,350
16529,359,351
16530,359,352
16531,359,353
16532,359,354
16533,359,355
16534,359,356
16535,359,357
16536,359,358
16537,359,359
16538,359,360
16539,359,361
16540,359,362
16541,359,363
16542,359,364
16543,359,365
16544,359,366
16545,359,367
16546,359,368
16547,359,369
16548,359,370
16549,359,371
16550,359,372
16551,359,373
16552,359,374
16553,359,375
16554,359,376
16555,359,377
16556,359,378
16557,359,379
16558,359,380
16559,359,381
16560,359,382
16561,359,383
16562,359,384
16563,359,385
16564,359,386
16565,359,387
16566,359,388
16567,359,389
16568,359,390
16569,359,391
16570,359,392
16571,359,393
16572,359,394
16573,359,395
16574,359,396
16575,359,397
16576,359,398
16577,359,399
16578,359,400
16579,359,401
16580,359,402
16581,359,403
16582,359,404
16583,359,405
16584,359,406
16585,359,407
16586,359,408
16587,359,409
16588,359,410
16589,359,411
16590,359,412
16591,359,413
16592,359,414
16593,359,415
16594,359,416
16595,359,417
16596,359,418
16597,359,419
16598,359,420
16599,359,421
16600,359,422
16601,359,423
16602,359,424
16603,359,425
16604,359,426
16605,359,427
16606,359,428
16607,359,429
16608,359,430
16609,359,431
16610,359,432
16611,359,433
16612,359,434
16613,359,435
16614,359,436
16615,359,437
16616,359,438
16617,359,439
16618,359,440
16619,359,441
16620,359,442
16621,359,443
16622,359,444
16623,359,445
16624,359,446
16625,359,447
16626,359,448
16627,359,449
16628,359,450
16629,359,451
16630,359,452
16631,359,453
16632,359,454
16633,359,455
16634,359,456
16635,359,457
16636,359,458
16637,359,459
16638,359,460
16639,359,461
16640,359,462
16641,359,463
16642,359,464
16643,359,465
16644,359,466
16645,359,467
16646,359,468
16647,359,469
16648,359,470
16649,359,471
16650,359,472
16651,359,473
16652,359,484
16653,359,485
16654,359,486
16655,359,487
16656,359,488
16657,359,489
16658,359,490
16659,359,491
16660,359,492
16661,359,493
16662,359,494
16663,359,495
16664,359,496
16665,359,497
16666,359,498
16667,359,499
16668,359,500
16669,359,501
16670,359,502
16671,359,503
16672,359,504
16673,359,505
16674,359,506
16675,359,507
16676,359,508
16677,359,509
16678,359,510
16679,359,511
16680,359,512
16681,359,513
16682,359,514
16683,359,515
16684,359,516
16685,359,517
16686,359,518
16687,359,519
16688,359,520
16689,359,521
16690,359,522
16691,359,523
16692,359,524
16693,359,525
16694,359,526
16695,359,527
16696,359,528
16697,359,529
16698,359,530
16699,359,531
16700,359,532
16701,359,533
16702,359,534
16703,359,535
16704,359,536
16705,359,537
16706,359,538
16707,359,539
16708,359,540
16709,359,541
16710,359,542
16711,359,543
16712,359,544
16713,359,545
16714,359,546
16715,359,547
16716,359,548
16717,359,549
16718,359,550
16719,359,551
16720,359,552
16721,359,553
16722,359,554
16723,359,555
16724,359,556
16725,359,557
16726,359,558
16727,359,559
16728,359,560
16729,359,561
16730,359,562
16731,359,563
16732,359,564
16733,360,326
16734,360,327
16735,360,328
16736,360,329
16737,360,330
16738,360,331
16739,360,332
16740,360,333
16741,360,334
16742,360,335
16743,360,336
16744,360,337
16745,360,338
16746,360,339
16747,360,340
16748,360,341
16749,360,342
16750,360,343
16751,360,344
16752,360,345
16753,360,346
16754,360,347
16755,360,348
16756,360,349
16757,360,350
16758,360,351
16759,360,352
16760,360,353
16761,360,354
16762,360,355
16763,360,356
16764,360,357
16765,360,358
16766,360,359
16767,360,360
16768,360,361
16769,360,362
16770,360,363
16771,360,364
16772,360,365
16773,360,366
16774,360,367
16775,360,368
16776,360,369
16777,360,370
16778,360,371
16779,360,372
16780,360,373
16781,360,374
16782,360,375
16783,360,376
16784,360,377
16785,360,378
16786,360,379
16787,360,380
16788,360,381
16789,360,382
16790,360,383
16791,360,384
16792,360,385
16793,360,386
16794,360,387
16795,360,388
16796,360,389
16797,360,390
16798,360,391
16799,360,392
16800,360,393
16801,360,394
16802,360,395
16803,360,396
16804,360,397
16805,360,398
16806,360,399
16807,360,400
16808,360,401
16809,360,402
16810,360,403
16811,360,404
16812,360,405
16813,360,406
16814,360,407
16815,360,408
16816,360,409
16817,360,410
16818,360,411
16819,360,412
16820,360,413
16821,360,414
16822,360,415
16823,360,416
16824,360,417
16825,360,418
16826,360,419
16827,360,420
16828,360,421
16829,360,422
16830,360,423
16831,360,424
16832,360,425
16833,360,426
16834,360,427
16835,360,428
16836,360,429
16837,360,430
16838,360,431
16839,360,432
16840,360,433
16841,360,434
16842,360,435
16843,360,436
16844,360,437
16845,360,438
16846,360,439
16847,360,440
16848,360,441
16849,360,442
16850,360,443
16851,360,444
16852,360,445
16853,360,446
16854,360,447
16855,360,448
16856,360,449
16857,360,450
16858,360,451
16859,360,452
16860,360,453
16861,360,454
16862,360,455
16863,360,456
16864,360,457
16865,360,458
16866,360,459
16867,360,460
16868,360,461
16869,360,462
16870,360,463
16871,360,464
16872,360,465
16873,360,466
16874,360,467
16875,360,468
16876,360,469
16877,360,470
16878,360,471
16879,360,472
16880,360,473
16881,360,487
16882,360,488
16883,360,489
16884,360,490
16885,360,491
16886,360,492
16887,360,493
16888,360,494
16889,360,495
16890,360,496
16891,360,497
16892,360,498
16893,360,499
16894,360,500
16895,360,501
16896,360,502
16897,360,503
16898,360,504
16899,360,505
16900,360,506
16901,360,507
16902,360,508
16903,360,509
16904,360,510
16905,360,511
16906,360,512
16907,360,513
16908,360,514
16909,360,515
16910,360,516
16911,360,517
16912,360,518
16913,360,519
16914,360,520
16915,360,521
16916,360,522
16917,360,523
16918,360,524
16919,360,525
16920,360,526
16921,360,527
16922,360,528
16923,360,529
16924,360,530
16925,360,531
16926,360,532
16927,360,533
16928,360,534
16929,360,535
16930,360,536
16931,360,537
16932,360,538
16933,360,539
16934,360,540
16935,360,541
16936,360,542
16937,360,543
16938,360,544
16939,360,545
16940,360,546
16941,360,547
16942,360,548
16943,360,549
16944,360,550
16945,360,551
16946,360,552
16947,360,553
16948,360,554
16949,360,555
16950,360,556
16951,360,557
16952,360,558
16953,360,559
16954,360,560
16955,360,561
16956,360,562
16957,360,563
16958,360,564
16959,361,325
16960,361,326
16961,361,327
16962,361,328
16963,361,329
16964,361,330
16965,361,331
16966,361,332
16967,361,333
16968,361,334
16969,361,335
16970,361,336
16971,361,337
16972,361,338
16973,361,339
16974,361,340
16975,361,341
16976,361,342
16977,361,343
16978,361,344
16979,361,345
16980,361,346
16981,361,347
16982,361,348
16983,361,349
16984,361,350
16985,361,351
16986,361,352
16987,361,353
16988,361,354
16989,361,355
16990,361,356
16991,361,357
16992,361,358
16993,361,359
16994,361,360
16995,361,361
16996,361,362
16997,361,363
16998,361,364
16999,361,365
17000,361,366
17001,361,367
17002,361,368
17003,361,369
17004,361,370
17005,361,371
17006,361,372
17007,361,373
17008,361,374
17009,361,375
17010,361,376
17011,361,377
17012,361,378
17013,361,379
17014,361,380
17015,361,381
17016,361,382
17017,361,383
17018,361,384
17019,361,385
17020,361,386
17021,361,387
17022,361,388
17023,361,389
17024,361,390
17025,361,391
17026,361,392
17027,361,393
17028,361,394
17029,361,395
17030,361,396
17031,361,397
17032,361,398
17033,361,399
17034,361,400
17035,361,401
17036,361,402
17037,361,403
17038,361,404
17039,361,405
17040,361,406
17041,361,407
17042,361,408
17043,361,409
17044,361,410
17045,361,411
17046,361,412
17047,361,413
17048,361,414
17049,361,415
17050,361,416
17051,361,417
17052,361,418
17053,361,419
17054,361,420
17055,361,421
17056,361,422
17057,361,423
17058,361,424
17059,361,425
17060,361,426
17061,361,427
17062,361,428
17063,361,429
17064,361,430
17065,361,431
17066,361,432
17067,361,433
17068,361,434
17069,361,435
17070,361,436
17071,361,437
17072,361,438
17073,361,439
17074,361,440
17075,361,441
17076,361,442
17077,361,443
17078,361,444
17079,361,445
17080,361,446
17081,361,447
17082,361,448
17083,361,449
17084,361,450
17085,361,451
17086,361,452
17087,361,453
17088,361,454
17089,361,455
17090,361,456
17091,361,457
17092,361,458
17093,361,459
17094,361,460
17095,361,461
17096,361,462
17097,361,463
17098,361,464
17099,361,465
17100,361,466
17101,361,467
17102,361,468
17103,361,469
17104,361,470
17105,361,471
17106,361,472
17107,361,473
17108,361,491
17109,361,492
17110,361,493
17111,361,494
17112,361,495
17113,361,496
17114,361,497
17115,361,498
17116,361,499
17117,361,500
17118,361,501
17119,361,502
17120,361,503
17121,361,504
17122,361,505
17123,361,506
17124,361,507
17125,361,508
17126,361,509
17127,361,510
17128,361,511
17129,361,512
17130,361,513
17131,361,514
17132,361,515
17133,361,516
17134,361,517
17135,361,518
17136,361,519
17137,361,520
17138,361,521
17139,361,522
17140,361,523
17141,361,524
17142,361,525
17143,361,526
17144,361,527
17145,361,528
17146,361,529
17147,361,530
17148,361,531
17149,361,532
17150,361,533
17151,361,534
17152,361,535
17153,361,536
17154,361,537
17155,361,538
17156,361,539
17157,361,540
17158,361,541
17159,361,542
17160,361,543
17161,361,544
17162,361,545
17163,361,546
17164,361,547
17165,361,548
17166,361,549
17167,361,550
17168,361,551
17169,361,552
17170,361,553
17171,361,554
17172,361,555
17173,361,556
17174,361,557
17175,361,558
17176,361,559
17177,361,560
17178,361,561
17179,361,562
17180,361,563
17181,361,564
17182,362,325
17183,362,326
17184,362,327
17185,362,328
17186,362,329
17187,362,330
17188,362,331
17189,362,332
17190,362,333
17191,362,334
17192,362,335
17193,362,336
17194,362,337
17195,362,338
17196,362,339
17197,362,340
17198,362,341
17199,362,342
17200,362,343
17201,362,344
17202,362,345
17203,362,346
17204,362,347
17205,362,348
17206,362,349
17207,362,350
17208,362,351
17209,362,352
17210,362,353
17211,362,354
17212,362,355
17213,362,356
17214,362,357
17215,362,358
17216,362,359
17217,362,360
17218,362,361
17219,362,362
17220,362,363
17221,362,364
17222,362,365
17223,362,366
17224,362,367
17225,362,368
17226,362,369
17227,362,370
17228,362,371
17229,362,372
17230,362,373
17231,362,374
17232,362,375
17233,362,376
17234,362,377
17235,362,378
17236,362,379
17237,362,380
17238,362,381
17239,362,382
17240,362,383
17241,362,384
17242,362,385
17243,362,386
17244,362,387
17245,362,388
17246,362,389
17247,362,390
17248,362,391
17249,362,392
17250,362,393
17251,362,394
17252,362,395
17253,362,396
17254,362,397
17255,362,398
17256,362,399
17257,362,400
17258,362,401
17259,362,402
17260,362,403
17261,362,404
17262,362,405
17263,362,406
17264,362,407
17265,362,408
17266,362,409
17267,362,410
17268,362,411
17269,362,412
17270,362,413
17271,362,414
17272,362,415
17273,362,416
17274,362,417
17275,362,418
17276,362,419
17277,362,420
17278,362,421
17279,362,422
17280,362,423
17281,362,424
17282,362,425
17283,362,426
17284,362,427
17285,362,428
17286,362,429
17287,362,430
17288,362,431
17289,362,432
17290,362,433
17291,362,434
17292,362,435
17293,362,436
17294,362,437
17295,362,438
17296,362,439
17297,362,440
17298,362,441
17299,362,442
17300,362,443
17301,362,444
17302,362,445
17303,362,446
17304,362,447
17305,362,448
17306,362,449
17307,362,450
17308,362,451
17309,362,452
17310,362,453
17311,362,454
17312,362,455
17313,362,456
17314,362,457
17315,362,458
17316,362,459
17317,362,460
17318,362,461
17319,362,462
17320,362,463
17321,362,464
17322,362,465
17323,362,466
17324,362,467
17325,362,468
17326,362,469
17327,362,470
17328,362,471
17329,362,472
17330,362,473
17331,362,474
17332,362,493
17333,362,494
17334,362,495
17335,362,496
17336,362,497
17337,362,498
17338,362,499
17339,362,500
17340,362,501
17341,362,502
17342,362,503
17343,362,504
17344,362,505
17345,362,506
17346,362,507
17347,362,508
17348,362,509
17349,362,510
17350,362,511
17351,362,512
17352,362,513
17353,362,514
17354,362,515
17355,362,516
17356,362,517
17357,362,518
17358,362,519
17359,362,520
17360,362,521
17361,362,522
17362,362,523
17363,362,524
17364,362,525
17365,362,526
17366,362,527
17367,362,528
17368,362,529
17369,362,530
17370,362,531
17371,362,532
17372,362,533
17373,362,534
17374,362,535
17375,362,536
17376,362,537
17377,362,538
17378,362,539
17379,362,540
17380,362,541
17381,362,542
17382,362,543
17383,362,544
17384,362,545
17385,362,546
17386,362,547
17387,362,548
17388,362,549
17389,362,550
17390,362,551
17391,362,552
17392,362,553
17393,362,554
17394,362,555
17395,362,556
17396,362,557
17397,362,558
17398,362,559
17399,362,560
17400,362,561
17401,362,562
17402,362,563
17403,362,564
17404,362,565
17405,363,325
17406,363,326
17407,363,327
17408,363,328
17409,363,329
17410,363,330
17411,363,331
17412,363,332
17413,363,333
17414,363,334
17415,363,335
17416,363,336
17417,363,337
17418,363,338
17419,363,339
17420,363,340
17421,363,341
17422,363,342
17423,363,343
17424,363,344
17425,363,345
17426,363,346
17427,363,347
17428,363,348
17429,363,349
17430,363,350
17431,363,351
17432,363,352
17433,363,353
17434,363,354
17435,363,355
17436,363,356
17437,363,357
17438,363,358
17439,363,359
17440,363,360
17441,363,361
17442,363,362
17443,363,363
17444,363,364
17445,363,365
17446,363,366
17447,363,367
17448,363,368
17449,363,369
17450,363,370
17451,363,371
17452,363,372
17453,363,373
17454,363,374
17455,363,375
17456,363,376
17457,363,377
17458,363,378
17459,363,379
17460,363,380
17461,363,381
17462,363,382
17463,363,383
17464,363,384
17465,363,385
17466,363,386
17467,363,387
17468,363,388
17469,363,389
17470,363,390
17471,363,391
17472,363,392
17473,363,393
17474,363,394
17475,363,395
17476,363,396
17477,363,397
17478,363,398
17479,363,399
17480,363,400
17481,363,401
17482,363,402
17483,363,403
17484,363,404
17485,363,405
17486,363,406
17487,363,407
17488,363,408
17489,363,409
17490,363,410
17491,363,411
17492,363,412
17493,363,413
17494,363,414
17495,363,415
17496,363,416
17497,363,417
17498,363,418
17499,363,419
17500,363,420
17501,363,421
17502,363,422
17503,363,423
17504,363,424
17505,363,425
17506,363,426
17507,363,427
17508,363,428
17509,363,429
17510,363,430
17511,363,431
17512,363,432
17513,363,433
17514,363,434
17515,363,435
17516,363,436
17517,363,437
17518,363,438
17519,363,439
17520,363,440
17521,363,441
17522,363,442
17523,363,443
17524,363,444
17525,363,445
17526,363,446
17527,363,447
17528,363,448
17529,363,449
17530,363,450
17531,363,451
17532,363,452
17533,363,453
17534,363,454
17535,363,455
17536,363,456
17537,363,457
17538,363,458
17539,363,459
17540,363,460
17541,363,461
17542,363,462
17543,363,463
17544,363,464
17545,363,465
17546,363,466
17547,363,467
17548,363,468
17549,363,469
17550,363,470
17551,363,471
17552,363,472
17553,363,473
17554,363,474
17555,363,495
17556,363,496
17557,363,497
17558,363,498
17559,363,499
17560,363,500
17561,363,501
17562,363,502
17563,363,503
17564,363,504
17565,363,505
17566,363,506
17567,363,507
17568,363,508
17569,363,509
17570,363,510
17571,363,511
17572,363,512
17573,363,513
17574,363,514
17575,363,515
17576,363,516
17577,363,517
17578,363,518
17579,363,519
17580,363,520
17581,363,521
17582,363,522
17583,363,523
17584,363,524
17585,363,525
17586,363,526
17587,363,527
17588,363,528
17589,363,529
17590,363,530
17591,363,531
17592,363,532
17593,363,533
17594,363,534
17595,363,535
17596,363,536
17597,363,537
17598,363,538
17599,363,539
17600,363,540
17601,363,541
17602,363,542
17603,363,543
17604,363,544
17605,363,545
17606,363,546
17607,363,547
17608,363,548
17609,363,549
17610,363,550
17611,363,551
17612,363,552
17613,363,553
17614,363,554
17615,363,555
17616,363,556
17617,363,557
17618,363,558
17619,363,559
17620,363,560
17621,363,561
17622,363,562
17623,363,563
17624,363,564
17625,363,565
17626,364,325
17627,364,326
17628,364,327
17629,364,328
17630,364,329
17631,364,330
17632,364,331
17633,364,332
17634,364,333
17635,364,334
17636,364,335
17637,364,336
17638,364,337
17639,364,338
17640,364,339
17641,364,340
17642,364,341
17643,364,342
17644,364,343
17645,364,344
17646,364,345
17647,364,346
17648,364,347
17649,364,348
17650,364,349
17651,364,350
17652,364,351
17653,364,352
17654,364,353
17655,364,354
17656,364,355
17657,364,356
17658,364,357
17659,364,358
17660,364,359
17661,364,360
17662,364,361
17663,364,362
17664,364,363
17665,364,364
17666,364,365
17667,364,366
17668,364,367
17669,364,368
17670,364,369
17671,364,370
17672,364,371
17673,364,372
17674,364,373
17675,364,374
17676,364,375
17677,364,376
17678,364,377
17679,364,378
17680,364,379
17681,364,380
17682,364,381
17683,364,382
17684,364,383
17685,364,384
17686,364,385
17687,364,386
17688,364,387
17689,364,388
17690,364,389
17691,364,390
17692,364,391
17693,364,392
17694,364,393
17695,364,394
17696,364,395
17697,364,396
17698,364,397
17699,364,398
17700,364,399
17701,364,400
17702,364,401
17703,364,402
17704,364,403
17705,364,404
17706,364,405
17707,364,406
17708,364,407
17709,364,408
17710,364,409
17711,364,410
17712,364,411
17713,364,412
17714,364,413
17715,364,414
17716,364,415
17717,364,416
17718,364,417
17719,364,418
17720,364,419
17721,364,420
17722,364,421
17723,364,422
17724,364,423
17725,364,424
17726,364,425
17727,364,426
17728,364,427
17729,364,428
17730,364,429
17731,364,430
17732,364,431
17733,364,432
17734,364,433
17735,364,434
17736,364,435
17737,364,436
17738,364,437
17739,364,438
17740,364,439
17741,364,440
17742,364,441
17743,364,442
17744,364,443
17745,364,444
17746,364,445
17747,364,446
17748,364,447
17749,364,448
17750,364,449
17751,364,450
17752,364,451
17753,364,452
17754,364,453
17755,364,454
17756,364,455
17757,364,456
17758,364,457
17759,364,458
17760,364,459
17761,364,460
17762,364,461
17763,364,462
17764,364,463
17765,364,464
17766,364,465
17767,364,466
17768,364,467
17769,364,468
17770,364,469
17771,364,470
17772,364,471
17773,364,472
17774,364,473
17775,364,474
17776,364,497
17777,364,498
17778,364,499
17779,364,500
17780,364,501
17781,364,502
17782,364,503
17783,364,504
17784,364,505
17785,364,506
17786,364,507
17787,364,508
17788,364,509
17789,364,510
17790,364,511
17791,364,512
17792,364,513
17793,364,514
17794,364,515
17795,364,516
17796,364,517
17797,364,518
17798,364,519
17799,364,520
17800,364,521
17801,364,522
17802,364,523
17803,364,524
17804,364,525
17805,364,526
17806,364,527
17807,364,528
17808,364,529
17809,364,530
17810,364,531
17811,364,532
17812,364,533
17813,364,534
17814,364,535
17815,364,536
17816,364,537
17817,364,538
17818,364,539
17819,364,540
17820,364,541
17821,364,542
17822,364,543
17823,364,544
17824,364,545
17825,364,546
17826,364,547
17827,364,548
17828,364,549
17829,364,550
17830,364,551
17831,364,552
17832,364,553
17833,364,554
17834,364,555
17835,364,556
17836,364,557
17837,364,558
17838,364,559
17839,364,560
17840,364,561
17841,364,562
17842,364,563
17843,364,564
17844,364,565
17845,365,325
17846,365,326
17847,365,327
17848,365,328
17849,365,329
17850,365,330
17851,365,331
17852,365,332
17853,365,333
17854,365,334
17855,365,335
17856,365,336
17857,365,337
17858,365,338
17859,365,339
17860,365,340
17861,365,341
17862,365,342
17863,365,343
17864,365,344
17865,365,345
17866,365,346
17867,365,347
17868,365,348
17869,365,349
17870,365,350
17871,365,351
17872,365,352
17873,365,353
17874,365,354
17875,365,355
17876,365,356
17877,365,357
17878,365,358
17879,365,359
17880,365,360
17881,365,361
17882,365,362
17883,365,363
17884,365,364
17885,365,365
17886,365,366
17887,365,367
17888,365,368
17889,365,369
17890,365,370
17891,365,371
17892,365,372
17893,365,373
17894,365,374
17895,365,375
17896,365,376
17897,365,377
17898,365,378
17899,365,379
17900,365,380
17901,365,381
17902,365,382
17903,365,383
17904,365,384
17905,365,385
17906,365,386
17907,365,387
17908,365,388
17909,365,389
17910,365,390
17911,365,391
17912,365,392
17913,365,393
17914,365,394
17915,365,395
17916,365,396
17917,365,397
17918,365,398
17919,365,399
17920,365,400
17921,365,401
17922,365,402
17923,365,403
17924,365,404
17925,365,405
17926,365,406
17927,365,407
17928,365,408
17929,365,409
17930,365,410
17931,365,411
17932,365,412
17933,365,413
17934,365,414
17935,365,415
17936,365,416
17937,365,417
17938,365,418
17939,365,419
17940,365,420
17941,365,421
17942,365,422
17943,365,423
17944,365,424
17945,365,425
17946,365,426
17947,365,427
17948,365,428
17949,365,429
17950,365,430
17951,365,431
17952,365,432
17953,365,433
17954,365,434
17955,365,435
17956,365,436
17957,365,437
17958,365,438
17959,365,439
17960,365,440
17961,365,441
17962,365,442
17963,365,443
17964,365,444
17965,365,445
17966,365,446
17967,365,447
17968,365,448
17969,365,449
17970,365,450
17971,365,451
17972,365,452
17973,365,453
17974,365,454
17975,365,455
17976,365,456
17977,365,457
17978,365,458
17979,365,459
17980,365,460
17981,365,461
17982,365,462
17983,365,463
17984,365,464
17985,365,465
17986,365,466
17987,365,467
17988,365,468
17989,365,469
17990,365,470
17991,365,471
17992,365,472
17993,365,473
17994,365,474
17995,365,499
17996,365,500
17997,365,501
17998,365,502
17999,365,503
18000,365,504
18001,365,505
18002,365,506
18003,365,507
18004,365,508
18005,365,509
18006,365,510
18007,365,511
18008,365,512
18009,365,513
18010,365,514
18011,365,515
18012,365,516
18013,365,517
18014,365,518
18015,365,519
18016,365,520
18017,365,521
18018,365,522
18019,365,523
18020,365,524
18021,365,525
18022,365,526
18023,365,527
18024,365,528
18025,365,529
18026,365,530
18027,365,531
18028,365,532
18029,365,533
18030,365,534
18031,365,535
18032,365,536
18033,365,537
18034,365,538
18035,365,539
18036,365,540
18037,365,541
18038,365,542
18039,365,543
18040,365,544
18041,365,545
18042,365,546
18043,365,547
18044,365,548
18045,365,549
18046,365,550
18047,365,551
18048,365,552
18049,365,553
18050,365,554
18051,365,555
18052,365,556
18053,365,557
18054,365,558
18055,365,559
18056,365,560
18057,365,561
18058,365,562
18059,365,563
18060,365,564
18061,365,565
18062,365,566
18063,366,325
18064,366,326
18065,366,327
18066,366,328
18067,366,329
18068,366,330
18069,366,331
18070,366,332
18071,366,333
18072,366,334
18073,366,335
18074,366,336
18075,366,337
18076,366,338
18077,366,339
18078,366,340
18079,366,341
18080,366,342
18081,366,343
18082,366,344
18083,366,345
18084,366,346
18085,366,347
18086,366,348
18087,366,349
18088,366,350
18089,366,351
18090,366,352
18091,366,353
18092,366,354
18093,366,355
18094,366,356
18095,366,357
18096,366,358
18097,366,359
18098,366,360
18099,366,361
18100,366,362
18101,366,363
18102,366,364
18103,366,365
18104,366,366
18105,366,367
18106,366,368
18107,366,369
18108,366,370
18109,366,371
18110,366,372
18111,366,373
18112,366,374
18113,366,375
18114,366,376
18115,366,377
18116,366,378
18117,366,379
18118,366,380
18119,366,381
18120,366,382
18121,366,383
18122,366,384
18123,366,385
18124,366,386
18125,366,387
18126,366,388
18127,366,389
18128,366,390
18129,366,391
18130,366,392
18131,366,393
18132,366,394
18133,366,395
18134,366,396
18135,366,397
18136,366,398
18137,366,399
18138,366,400
18139,366,401
18140,366,402
18141,366,403
18142,366,404
18143,366,405
18144,366,406
18145,366,407
18146,366,408
18147,366,409
18148,366,410
18149,366,411
18150,366,412
18151,366,413
18152,366,414
18153,366,415
18154,366,416
18155,366,417
18156,366,418
18157,366,419
18158,366,420
18159,366,421
18160,366,422
18161,366,423
18162,366,424
18163,366,425
18164,366,426
18165,366,427
18166,366,428
18167,366,429
18168,366,430
18169,366,431
18170,366,432
18171,366,433
18172,366,434
18173,366,435
18174,366,436
18175,366,437
18176,366,438
18177,366,439
18178,366,440
18179,366,441
18180,366,442
18181,366,443
18182,366,444
18183,366,445
18184,366,446
18185,366,447
18186,366,448
18187,366,449
18188,366,450
18189,366,451
18190,366,452
18191,366,453
18192,366,454
18193,366,455
18194,366,456
18195,366,457
18196,366,458
18197,366,459
18198,366,460
18199,366,461
18200,366,462
18201,366,463
18202,366,464
18203,366,465
18204,366,466
18205,366,467
18206,366,468
18207,366,469
18208,366,470
18209,366,471
18210,366,472
18211,366,473
18212,366,474
18213,366,475
18214,366,502
18215,366,503
18216,366,504
18217,366,505
18218,366,506
18219,366,507
18220,366,508
18221,366,509
18222,366,510
18223,366,511
18224,366,512
18225,366,513
18226,366,514
18227,366,515
18228,366,516
18229,366,517
18230,366,518
18231,366,519
18232,366,520
18233,366,521
18234,366,522
18235,366,523
18236,366,524
18237,366,525
18238,366,526
18239,366,527
18240,366,528
18241,366,529
18242,366,530
18243,366,531
18244,366,532
18245,366,533
18246,366,534
18247,366,535
18248,366,536
18249,366,537
18250,366,538
18251,366,539
18252,366,540
18253,366,541
18254,366,542
18255,366,543
18256,366,544
18257,366,545
18258,366,546
18259,366,547
18260,366,548
18261,366,549
18262,366,550
18263,366,551
18264,366,552
18265,366,553
18266,366,554
18267,366,555
18268,366,556
18269,366,557
18270,366,558
18271,366,559
18272,366,560
18273,366,561
18274,366,562
18275,366,563
18276,366,564
18277,366,565
18278,366,566
18279,367,325
18280,367,326
18281,367,327
18282,367,328
18283,367,329
18284,367,330
18285,367,331
18286,367,332
18287,367,333
18288,367,334
18289,367,335
18290,367,336
18291,367,337
18292,367,338
18293,367,339
18294,367,340
18295,367,341
18296,367,342
18297,367,343
18298,367,344
18299,367,345
18300,367,346
18301,367,347
18302,367,348
18303,367,349
18304,367,350
18305,367,351
18306,367,352
18307,367,353
18308,367,354
18309,367,355
18310,367,356
18311,367,357
18312,367,358
18313,367,359
18314,367,360
18315,367,361
18316,367,362
18317,367,363
18318,367,364
18319,367,365
18320,367,366
18321,367,367
18322,367,368
18323,367,369
18324,367,370
18325,367,371
18326,367,372
18327,367,373
18328,367,374
18329,367,375
18330,367,376
18331,367,377
18332,367,378
18333,367,379
18334,367,380
18335,367,381
18336,367,382
18337,367,383
18338,367,384
18339,367,385
18340,367,386
18341,367,387
18342,367,388
18343,367,389
18344,367,390
18345,367,391
18346,367,392
18347,367,393
18348,367,394
18349,367,395
18350,367,396
18351,367,397
18352,367,398
18353,367,399
18354,367,400
18355,367,401
18356,367,402
18357,367,403
18358,367,404
18359,367,405
18360,367,406
18361,367,407
18362,367,408
18363,367,409
18364,367,410
18365,367,411
18366,367,412
18367,367,413
18368,367,414
18369,367,415
18370,367,416
18371,367,417
18372,367,418
18373,367,419
18374,367,420
18375,367,421
18376,367,422
18377,367,423
18378,367,424
18379,367,425
18380,367,426
18381,367,427
18382,367,428
18383,367,429
18384,367,430
18385,367,431
18386,367,432
18387,367,433
18388,367,434
18389,367,435
18390,367,436
18391,367,437
18392,367,438
18393,367,439
18394,367,440
18395,367,441
18396,367,442
18397,367,443
18398,367,444
18399,367,445
18400,367,446
18401,367,447
18402,367,448
18403,367,449
18404,367,450
18405,367,451
18406,367,452
18407,367,453
18408,367,454
18409,367,455
18410,367,456
18411,367,457
18412,367,458
18413,367,459
18414,367,460
18415,367,461
18416,367,462
18417,367,463
18418,367,464
18419,367,465
18420,367,466
18421,367,467
18422,367,468
18423,367,469
18424,367,470
18425,367,471
18426,367,472
18427,367,473
18428,367,474
18429,367,475
18430,367,504
18431,367,505
18432,367,506
18433,367,507
18434,367,508
18435,367,509
18436,367,510
18437,367,511
18438,367,512
18439,367,513
18440,367,514
18441,367,515
18442,367,516
18443,367,517
18444,367,518
18445,367,519
18446,367,520
18447,367,521
18448,367,522
18449,367,523
18450,367,524
18451,367,525
18452,367,526
18453,367,527
18454,367,528
18455,367,529
18456,367,530
18457,367,531
18458,367,532
18459,367,533
18460,367,534
18461,367,535
18462,367,536
18463,367,537
18464,367,538
18465,367,539
18466,367,540
18467,367,541
18468,367,542
18469,367,543
18470,367,544
18471,367,545
18472,367,546
18473,367,547
18474,367,548
18475,367,549
18476,367,550
18477,367,551
18478,367,552
18479,367,553
18480,367,554
18481,367,555
18482,367,556
18483,367,557
18484,367,558
18485,367,559
18486,367,560
18487,367,561
18488,367,562
18489,367,563
18490,367,564
18491,367,565
18492,367,566
18493,367,567
18494,367,568
18495,367,569
18496,368,325
18497,368,326
18498,368,327
18499,368,328
18500,368,329
18501,368,330
18502,368,331
18503,368,332
18504,368,333
18505,368,334
18506,368,335
18507,368,336
18508,368,337
18509,368,338
18510,368,339
18511,368,340
18512,368,341
18513,368,342
18514,368,343
18515,368,344
18516,368,345
18517,368,346
18518,368,347
18519,368,348
18520,368,349
18521,368,350
18522,368,351
18523,368,352
18524,368,353
18525,368,354
18526,368,355
18527,368,356
18528,368,357
18529,368,358
18530,368,359
18531,368,360
18532,368,361
18533,368,362
18534,368,363
18535,368,364
18536,368,365
18537,368,366
18538,368,367
18539,368,368
18540,368,369
18541,368,370
18542,368,371
18543,368,372
18544,368,373
18545,368,374
18546,368,375
18547,368,376
18548,368,377
18549,368,378
18550,368,379
18551,368,380
18552,368,381
18553,368,382
18554,368,383
18555,368,384
18556,368,385
18557,368,386
18558,368,387
18559,368,388
18560,368,389
18561,368,390
18562,368,391
18563,368,392
18564,368,393
18565,368,394
18566,368,395
18567,368,396
18568,368,397
18569,368,398
18570,368,399
18571,368,400
18572,368,401
18573,368,402
18574,368,403
18575,368,404
18576,368,405
18577,368,406
18578,368,407
18579,368,408
18580,368,409
18581,368,410
18582,368,411
18583,368,412
18584,368,413
18585,368,414
18586,368,415
18587,368,416
18588,368,417
18589,368,418
18590,368,419
18591,368,420
18592,368,421
18593,368,422
18594,368,423
18595,368,424
18596,368,425
18597,368,426
18598,368,427
18599,368,428
18600,368,429
18601,368,430
18602,368,431
18603,368,432
18604,368,433
18605,368,434
18606,368,435
18607,368,436
18608,368,437
18609,368,438
18610,368,439
18611,368,440
18612,368,441
18613,368,442
18614,368,443
18615,368,444
18616,368,445
18617,368,446
18618,368,447
18619,368,448
18620,368,449
18621,368,450
18622,368,451
18623,368,452
18624,368,453
18625,368,454
18626,368,455
18627,368,456
18628,368,457
18629,368,458
18630,368,459
18631,368,460
18632,368,461
18633,368,462
18634,368,463
18635,368,464
18636,368,465
18637,368,466
18638,368,467
18639,368,468
18640,368,469
18641,368,470
18642,368,471
18643,368,472
18644,368,473
18645,368,474
18646,368,475
18647,368,476
18648,368,505
18649,368,506
18650,368,507
18651,368,508
18652,368,509
18653,368,510
18654,368,511
18655,368,512
18656,368,513
18657,368,514
18658,368,515
18659,368,516
18660,368,517
18661,368,518
18662,368,519
18663,368,520
18664,368,521
18665,368,522
18666,368,523
18667,368,524
18668,368,525
18669,368,526
18670,368,527
18671,368,528
18672,368,529
18673,368,530
18674,368,531
18675,368,532
18676,368,533
18677,368,534
18678,368,535
18679,368,536
18680,368,537
18681,368,538
18682,368,539
18683,368,540
18684,368,541
18685,368,542
18686,368,543
18687,368,544
18688,368,545
18689,368,546
18690,368,547
18691,368,548
18692,368,549
18693,368,550
18694,368,551
18695,368,552
18696,368,553
18697,368,554
18698,368,555
18699,368,556
18700,368,557
18701,368,558
18702,368,559
18703,368,560
18704,368,561
18705,368,562
18706,368,563
18707,368,564
18708,368,565
18709,368,566
18710,368,567
18711,368,568
18712,368,569
18713,368,570
18714,368,571
18715,369,325
18716,369,326
18717,369,327
18718,369,328
18719,369,329
18720,369,330
18721,369,331
18722,369,332
18723,369,333
18724,369,334
18725,369,335
18726,369,336
18727,369,337
18728,369,338
18729,369,339
18730,369,340
18731,369,341
18732,369,342
18733,369,343
18734,369,344
18735,369,345
18736,369,346
18737,369,347
18738,369,348
18739,369,349
18740,369,350
18741,369,351
18742,369,352
18743,369,353
18744,369,354
18745,369,355
18746,369,356
18747,369,357
18748,369,358
18749,369,359
18750,369,360
18751,369,361
18752,369,362
18753,369,363
18754,369,364
18755,369,365
18756,369,366
18757,369,367
18758,369,368
18759,369,369
18760,369,370
18761,369,371
18762,369,372
18763,369,373
18764,369,374
18765,369,375
18766,369,376
18767,369,377
18768,369,378
18769,369,379
18770,369,380
18771,369,381
18772,369,382
18773,369,383
18774,369,384
18775,369,385
18776,369,386
18777,369,387
18778,369,388
18779,369,389
18780,369,390
18781,369,391
18782,369,392
18783,369,393
18784,369,394
18785,369,395
18786,369,396
18787,369,397
18788,369,398
18789,369,399
18790,369,400
18791,369,401
18792,369,402
18793,369,403
18794,369,404
18795,369,405
18796,369,406
18797,369,407
18798,369,408
18799,369,409
18800,369,410
18801,369,411
18802,369,412
18803,369,413
18804,369,414
18805,369,415
18806,369,416
18807,369,417
18808,369,418
18809,369,419
18810,369,420
18811,369,421
18812,369,422
18813,369,423
18814,369,424
18815,369,425
18816,369,426
18817,369,427
18818,369,428
18819,369,429
18820,369,430
18821,369,431
18822,369,432
18823,369,433
18824,369,434
18825,369,435
18826,369,436
18827,369,437
18828,369,438
18829,369,439
18830,369,440
18831,369,441
18832,369,442
18833,369,443
18834,369,444
18835,369,445
18836,369,446
18837,369,447
18838,369,448
18839,369,449
18840,369,450
18841,369,451
18842,369,452
18843,369,453
18844,369,454
18845,369,455
18846,369,456
18847,369,457
18848,369,458
18849,369,459
18850,369,460
18851,369,461
18852,369,462
18853,369,463
18854,369,464
18855,369,465
18856,369,466
18857,369,467
18858,369,468
18859,369,469
18860,369,470
18861,369,471
18862,369,472
18863,369,473
18864,369,474
18865,369,475
18866,369,476
18867,369,508
18868,369,509
18869,369,510
18870,369,511
18871,369,512
18872,369,513
18873,369,514
18874,369,515
18875,369,516
18876,369,517
18877,369,518
18878,369,519
18879,369,520
18880,369,521
18881,369,522
18882,369,523
18883,369,524
18884,369,525
18885,369,526
18886,369,527
18887,369,528
18888,369,529
18889,369,530
18890,369,531
18891,369,532
18892,369,533
18893,369,534
18894,369,535
18895,369,536
18896,369,537
18897,369,538
18898,369,539
18899,369,540
18900,369,541
18901,369,542
18902,369,543
18903,369,544
18904,369,545
18905,369,546
18906,369,547
18907,369,548
18908,369,549
18909,369,550
18910,369,551
18911,369,552
18912,369,553
18913,369,554
18914,369,555
18915,369,556
18916,369,557
18917,369,558
18918,369,559
18919,369,560
18920,369,561
18921,369,562
18922,369,563
18923,369,564
18924,369,565
18925,369,566
18926,369,567
18927,369,568
18928,369,569
18929,369,570
18930,369,571
18931,370,325
18932,370,326
18933,370,327
18934,370,328
18935,370,329
18936,370,330
18937,370,331
18938,370,332
18939,370,333
18940,370,334
18941,370,335
18942,370,336
18943,370,337
18944,370,338
18945,370,339
18946,370,340
18947,370,341
18948,370,342
18949,370,343
18950,370,344
18951,370,345
18952,370,346
18953,370,347
18954,370,348
18955,370,349
18956,370,350
18957,370,351
18958,370,352
18959,370,353
18960,370,354
18961,370,355
18962,370,356
18963,370,357
18964,370,358
18965,370,359
18966,370,360
18967,370,361
18968,370,362
18969,370,363
18970,370,364
18971,370,365
18972,370,366
18973,370,367
18974,370,368
18975,370,369
18976,370,370
18977,370,371
18978,370,372
18979,370,373
18980,370,374
18981,370,375
18982,370,376
18983,370,377
18984,370,378
18985,370,379
18986,370,380
18987,370,381
18988,370,382
18989,370,383
18990,370,384
18991,370,385
18992,370,386
18993,370,387
18994,370,388
18995,370,389
18996,370,390
18997,370,391
18998,370,392
18999,370,393
19000,370,394
19001,370,395
19002,370,396
19003,370,397
19004,370,398
19005,370,399
19006,370,400
19007,370,401
19008,370,402
19009,370,403
19010,370,404
19011,370,405
19012,370,406
19013,370,407
19014,370,408
19015,370,409
19016,370,410
19017,370,411
19018,370,412
19019,370,413
19020,370,414
19021,370,415
19022,370,416
19023,370,417
19024,370,418
19025,370,419
19026,370,420
19027,370,421
19028,370,422
19029,370,423
19030,370,424
19031,370,425
19032,370,426
19033,370,427
19034,370,428
19035,370,429
19036,370,430
19037,370,431
19038,370,432
19039,370,433
19040,370,434
19041,370,435
19042,370,436
19043,370,437
19044,370,438
19045,370,439
19046,370,440
19047,370,441
19048,370,442
19049,370,443
19050,370,444
19051,370,445
19052,370,446
19053,370,447
19054,370,448
19055,370,449
19056,370,450
19057,370,451
19058,370,452
19059,370,453
19060,370,454
19061,370,455
19062,370,456
19063,370,457
19064,370,458
19065,370,459
19066,370,460
19067,370,461
19068,370,462
19069,370,463
19070,370,464
19071,370,465
19072,370,466
19073,370,467
19074,370,468
19075,370,469
19076,370,470
19077,370,471
19078,370,472
19079,370,473
19080,370,474
19081,370,475
19082,370,476
19083,370,512
19084,370,513
19085,370,514
19086,370,515
19087,370,516
19088,370,517
19089,370,518
19090,370,519
19091,370,520
19092,370,521
19093,370,522
19094,370,523
19095,370,524
19096,370,525
19097,370,526
19098,370,527
19099,370,528
19100,370,529
19101,370,530
19102,370,531
19103,370,532
19104,370,533
19105,370,534
19106,370,535
19107,370,536
19108,370,537
19109,370,538
19110,370,539
19111,370,540
19112,370,541
19113,370,542
19114,370,543
19115,370,544
19116,370,545
19117,370,546
19118,370,547
19119,370,548
19120,370,549
19121,370,550
19122,370,551
19123,370,552
19124,370,553
19125,370,554
19126,370,555
19127,370,556
19128,370,557
19129,370,558
19130,370,559
19131,370,560
19132,370,561
19133,370,562
19134,370,563
19135,370,564
19136,370,565
19137,370,566
19138,370,567
19139,370,568
19140,370,569
19141,370,570
19142,370,571
19143,371,325
19144,371,326
19145,371,327
19146,371,328
19147,371,329
19148,371,330
19149,371,331
19150,371,332
19151,371,333
19152,371,334
19153,371,335
19154,371,336
19155,371,337
19156,371,338
19157,371,339
19158,371,340
19159,371,341
19160,371,342
19161,371,343
19162,371,344
19163,371,345
19164,371,346
19165,371,347
19166,371,348
19167,371,349
19168,371,350
19169,371,351
19170,371,352
19171,371,353
19172,371,354
19173,371,355
19174,371,356
19175,371,357
19176,371,358
19177,371,359
19178,371,360
19179,371,361
19180,371,362
19181,371,363
19182,371,364
19183,371,365
19184,371,366
19185,371,367
19186,371,368
19187,371,369
19188,371,370
19189,371,371
19190,371,372
19191,371,373
19192,371,374
19193,371,375
19194,371,376
19195,371,377
19196,371,378
19197,371,379
19198,371,380
19199,371,381
19200,371,382
19201,371,383
19202,371,384
19203,371,385
19204,371,386
19205,371,387
19206,371,388
19207,371,389
19208,371,390
19209,371,391
19210,371,392
19211,371,393
19212,371,394
19213,371,395
19214,371,396
19215,371,397
19216,371,398
19217,371,399
19218,371,400
19219,371,401
19220,371,402
19221,371,403
19222,371,404
19223,371,405
19224,371,406
19225,371,407
19226,371,408
19227,371,409
19228,371,410
19229,371,411
19230,371,412
19231,371,413
19232,371,414
19233,371,415
19234,371,416
19235,371,417
19236,371,418
19237,371,419
19238,371,420
19239,371,421
19240,371,422
19241,371,423
19242,371,424
19243,371,425
19244,371,426
19245,371,427
19246,371,428
19247,371,429
19248,371,430
19249,371,431
19250,371,432
19251,371,433
19252,371,434
19253,371,435
19254,371,436
19255,371,437
19256,371,438
19257,371,439
19258,371,440
19259,371,441
19260,371,442
19261,371,443
19262,371,444
19263,371,445
19264,371,446
19265,371,447
19266,371,448
19267,371,449
19268,371,450
19269,371,451
19270,371,452
19271,371,453
19272,371,454
19273,371,455
19274,371,456
19275,371,457
19276,371,458
19277,371,459
19278,371,460
19279,371,461
19280,371,462
19281,371,463
19282,371,464
19283,371,465
19284,371,466
19285,371,467
19286,371,468
19287,371,469
19288,371,470
19289,371,471
19290,371,472
19291,371,473
19292,371,474
19293,371,475
19294,371,476
19295,371,477
19296,371,513
19297,371,514
19298,371,515
19299,371,516
19300,371,517
19301,371,518
19302,371,519
19303,371,520
19304,371,521
19305,371,522
19306,371,523
19307,371,524
19308,371,525
19309,371,526
19310,371,527
19311,371,528
19312,371,529
19313,371,530
19314,371,531
19315,371,532
19316,371,533
19317,371,534
19318,371,535
19319,371,536
19320,371,537
19321,371,538
19322,371,539
19323,371,540
19324,371,541
19325,371,542
19326,371,543
19327,371,544
19328,371,545
19329,371,546
19330,371,547
19331,371,548
19332,371,549
19333,371,550
19334,371,551
19335,371,552
19336,371,553
19337,371,554
19338,371,555
19339,371,556
19340,371,557
19341,371,558
19342,371,559
19343,371,560
19344,371,561
19345,371,562
19346,371,563
19347,371,564
19348,371,565
19349,371,566
19350,371,567
19351,371,568
19352,371,569
19353,371,570
19354,371,571
19355,372,325
19356,372,326
19357,372,327
19358,372,328
19359,372,329
19360,372,330
19361,372,331
19362,372,332
19363,372,333
19364,372,334
19365,372,335
19366,372,336
19367,372,337
19368,372,338
19369,372,339
19370,372,340
19371,372,341
19372,372,342
19373,372,343
19374,372,344
19375,372,345
19376,372,346
19377,372,347
19378,372,348
19379,372,349
19380,372,350
19381,372,351
19382,372,352
19383,372,353
19384,372,354
19385,372,355
19386,372,356
19387,372,357
19388,372,358
19389,372,359
19390,372,360
19391,372,361
19392,372,362
19393,372,363
19394,372,364
19395,372,365
19396,372,366
19397,372,367
19398,372,368
19399,372,369
19400,372,370
19401,372,371
19402,372,372
19403,372,373
19404,372,374
19405,372,375
19406,372,376
19407,372,377
19408,372,378
19409,372,379
19410,372,380
19411,372,381
19412,372,382
19413,372,383
19414,372,384
19415,372,385
19416,372,386
19417,372,387
19418,372,388
19419,372,389
19420,372,390
19421,372,391
19422,372,392
19423,372,393
19424,372,394
19425,372,395
19426,372,396
19427,372,397
19428,372,398
19429,372,399
19430,372,400
19431,372,401
19432,372,402
19433,372,403
19434,372,404
19435,372,405
19436,372,406
19437,372,407
19438,372,408
19439,372,409
19440,372,410
19441,372,411
19442,372,412
19443,372,413
19444,372,414
19445,372,415
19446,372,416
19447,372,417
19448,372,418
19449,372,419
19450,372,420
19451,372,421
19452,372,422
19453,372,423
19454,372,424
19455,372,425
19456,372,426
19457,372,427
19458,372,428
19459,372,429
19460,372,430
19461,372,431
19462,372,432
19463,372,433
19464,372,434
19465,372,435
19466,372,436
19467,372,437
19468,372,438
19469,372,439
19470,372,440
19471,372,441
19472,372,442
19473,372,443
19474,372,444
19475,372,445
19476,372,446
19477,372,447
19478,372,448
19479,372,449
19480,372,450
19481,372,451
19482,372,452
19483,372,453
19484,372,454
19485,372,455
19486,372,456
19487,372,457
19488,372,458
19489,372,459
19490,372,460
19491,372,461
19492,372,462
19493,372,463
19494,372,464
19495,372,465
19496,372,466
19497,372,467
19498,372,468
19499,372,469
19500,372,470
19501,372,471
19502,372,472
19503,372,473
19504,372,474
19505,372,475
19506,372,476
19507,372,477
19508,372,515
19509,372,516
19510,372,517
19511,372,518
19512,372,519
19513,372,520
19514,372,521
19515,372,522
19516,372,523
19517,372,524
19518,372,525
19519,372,526
19520,372,527
19521,372,528
19522,372,529
19523,372,530
19524,372,531
19525,372,532
19526,372,533
19527,372,534
19528,372,535
19529,372,536
19530,372,537
19531,372,538
19532,372,539
19533,372,540
19534,372,541
19535,372,542
19536,372,543
19537,372,544
19538,372,545
19539,372,546
19540,372,547
19541,372,548
19542,372,549
19543,372,550
19544,372,551
19545,372,552
19546,372,553
19547,372,554
19548,372,555
19549,372,556
19550,372,557
19551,372,558
19552,372,559
19553,372,560
19554,372,561
19555,372,562
19556,372,563
19557,372,564
19558,372,565
19559,372,566
19560,372,567
19561,372,568
19562,372,569
19563,372,570
19564,372,571
19565,373,325
19566,373,326
19567,373,327
19568,373,328
19569,373,329
19570,373,330
19571,373,331
19572,373,332
19573,373,333
19574,373,334
19575,373,335
19576,373,336
19577,373,337
19578,373,338
19579,373,339
19580,373,340
19581,373,341
19582,373,342
19583,373,343
19584,373,344
19585,373,345
19586,373,346
19587,373,347
19588,373,348
19589,373,349
19590,373,350
19591,373,351
19592,373,352
19593,373,353
19594,373,354
19595,373,355
19596,373,356
19597,373,357
19598,373,358
19599,373,359
19600,373,360
19601,373,361
19602,373,362
19603,373,363
19604,373,364
19605,373,365
19606,373,366
19607,373,367
19608,373,368
19609,373,369
19610,373,370
19611,373,371
19612,373,372
19613,373,373
19614,373,374
19615,373,375
19616,373,376
19617,373,377
19618,373,378
19619,373,379
19620,373,380
19621,373,381
19622,373,382
19623,373,383
19624,373,384
19625,373,385
19626,373,386
19627,373,387
19628,373,388
19629,373,389
19630,373,390
19631,373,391
19632,373,392
19633,373,393
19634,373,394
19635,373,395
19636,373,396
19637,373,397
19638,373,398
19639,373,399
19640,373,400
19641,373,401
19642,373,402
19643,373,403
19644,373,404
19645,373,405
19646,373,406
19647,373,407
19648,373,408
19649,373,409
19650,373,410
19651,373,411
19652,373,412
19653,373,413
19654,373,414
19655,373,415
19656,373,416
19657,373,417
19658,373,418
19659,373,419
19660,373,420
19661,373,421
19662,373,422
19663,373,423
19664,373,424
19665,373,425
19666,373,426
19667,373,427
19668,373,428
19669,373,429
19670,373,430
19671,373,431
19672,373,432
19673,373,433
19674,373,434
19675,373,435
19676,373,436
19677,373,437
19678,373,438
19679,373,439
19680,373,440
19681,373,441
19682,373,442
19683,373,443
19684,373,444
19685,373,445
19686,373,446
19687,373,447
19688,373,448
19689,373,449
19690,373,450
19691,373,451
19692,373,452
19693,373,453
19694,373,454
19695,373,455
19696,373,456
19697,373,457
19698,373,458
19699,373,459
19700,373,460
19701,373,461
19702,373,462
19703,373,463
19704,373,464
19705,373,465
19706,373,466
19707,373,467
19708,373,468
19709,373,469
19710,373,470
19711,373,471
19712,373,472
19713,373,473
19714,373,474
19715,373,475
19716,373,476
19717,373,477
19718,373,520
19719,373,521
19720,373,522
19721,373,523
19722,373,524
19723,373,525
19724,373,526
19725,373,527
19726,373,528
19727,373,529
19728,373,530
19729,373,531
19730,373,532
19731,373,533
19732,373,534
19733,373,535
19734,373,536
19735,373,537
19736,373,538
19737,373,539
19738,373,540
19739,373,541
19740,373,542
19741,373,543
19742,373,544
19743,373,545
19744,373,546
19745,373,547
19746,373,548
19747,373,549
19748,373,550
19749,373,551
19750,373,552
19751,373,553
19752,373,554
19753,373,555
19754,373,556
19755,373,557
19756,373,558
19757,373,559
19758,373,560
19759,373,561
19760,373,562
19761,373,563
19762,373,564
19763,373,565
19764,373,566
19765,373,567
19766,373,568
19767,373,569
19768,373,570
19769,373,571
19770,374,325
19771,374,326
19772,374,327
19773,374,328
19774,374,329
19775,374,330
19776,374,331
19777,374,332
19778,374,333
19779,374,334
19780,374,335
19781,374,336
19782,374,337
19783,374,338
19784,374,339
19785,374,340
19786,374,341
19787,374,342
19788,374,343
19789,374,344
19790,374,345
19791,374,346
19792,374,347
19793,374,348
19794,374,349
19795,374,350
19796,374,351
19797,374,352
19798,374,353
19799,374,354
19800,374,355
19801,374,356
19802,374,357
19803,374,358
19804,374,359
19805,374,360
19806,374,361
19807,374,362
19808,374,363
19809,374,364
19810,374,365
19811,374,366
19812,374,367
19813,374,368
19814,374,369
19815,374,370
19816,374,371
19817,374,372
19818,374,373
19819,374,374
19820,374,375
19821,374,376
19822,374,377
19823,374,378
19824,374,379
19825,374,380
19826,374,381
19827,374,382
19828,374,383
19829,374,384
19830,374,385
19831,374,386
19832,374,387
19833,374,388
19834,374,389
19835,374,390
19836,374,391
19837,374,392
19838,374,393
19839,374,394
19840,374,395
19841,374,396
19842,374,397
19843,374,398
19844,374,399
19845,374,400
19846,374,401
19847,374,402
19848,374,403
19849,374,404
19850,374,405
19851,374,406
19852,374,407
19853,374,408
19854,374,409
19855,374,410
19856,374,411
19857,374,412
19858,374,413
19859,374,414
19860,374,415
19861,374,416
19862,374,417
19863,374,418
19864,374,419
19865,374,420
19866,374,421
19867,374,422
19868,374,423
19869,374,424
19870,374,425
19871,374,426
19872,374,427
19873,374,428
19874,374,429
19875,374,430
19876,374,431
19877,374,432
19878,374,433
19879,374,434
19880,374,435
19881,374,436
19882,374,437
19883,374,438
19884,374,439
19885,374,440
19886,374,441
19887,374,442
19888,374,443
19889,374,444
19890,374,445
19891,374,446
19892,374,447
19893,374,448
19894,374,449
19895,374,450
19896,374,451
19897,374,452
19898,374,453
19899,374,454
19900,374,455
19901,374,456
19902,374,457
19903,374,458
19904,374,459
19905,374,460
19906,374,461
19907,374,462
19908,374,463
19909,374,464
19910,374,465
19911,374,466
19912,374,467
19913,374,468
19914,374,469
19915,374,470
19916,374,471
19917,374,472
19918,374,473
19919,374,474
19920,374,475
19921,374,476
19922,374,477
19923,374,522
19924,374,523
19925,374,524
19926,374,525
19927,374,526
19928,374,527
19929,374,528
19930,374,529
19931,374,530
19932,374,531
19933,374,532
19934,374,533
19935,374,534
19936,374,535
19937,374,536
19938,374,537
19939,374,538
19940,374,539
19941,374,540
19942,374,541
19943,374,542
19944,374,543
19945,374,544
19946,374,545
19947,374,546
19948,374,547
19949,374,548
19950,374,549
19951,374,550
19952,374,551
19953,374,552
19954,374,553
19955,374,554
19956,374,555
19957,374,556
19958,374,557
19959,374,558
19960,374,559
19961,374,560
19962,374,561
19963,374,562
19964,374,563
19965,374,564
19966,374,565
19967,374,566
19968,374,567
19969,374,568
19970,374,569
19971,374,570
19972,375,325
19973,375,326
19974,375,327
19975,375,328
19976,375,329
19977,375,330
19978,375,331
19979,375,332
19980,375,333
19981,375,334
19982,375,335
19983,375,336
19984,375,337
19985,375,338
19986,375,339
19987,375,340
19988,375,341
19989,375,342
19990,375,343
19991,375,344
19992,375,345
19993,375,346
19994,375,347
19995,375,348
19996,375,349
19997,375,350
19998,375,351
19999,375,352
20000,375,353
20001,375,354
20002,375,355
20003,375,356
20004,375,357
20005,375,358
20006,375,359
20007,375,360
20008,375,361
20009,375,362
20010,375,363
20011,375,364
20012,375,365
20013,375,366
20014,375,367
20015,375,368
20016,375,369
20017,375,370
20018,375,371
20019,375,372
20020,375,373
20021,375,374
20022,375,375
20023,375,376
20024,375,377
20025,375,378
20026,375,379
20027,375,380
20028,375,381
20029,375,382
20030,375,383
20031,375,384
20032,375,385
20033,375,386
20034,375,387
20035,375,388
20036,375,389
20037,375,390
20038,375,391
20039,375,392
20040,375,393
20041,375,394
20042,375,395
20043,375,396
20044,375,397
20045,375,398
20046,375,399
20047,375,400
20048,375,401
20049,375,402
20050,375,403
20051,375,404
20052,375,405
20053,375,406
20054,375,407
20055,375,408
20056,375,409
20057,375,410
20058,375,411
20059,375,412
20060,375,413
20061,375,414
20062,375,415
20063,375,416
20064,375,417
20065,375,418
20066,375,419
20067,375,420
20068,375,421
20069,375,422
20070,375,423
20071,375,424
20072,375,425
20073,375,426
20074,375,427
20075,375,428
20076,375,429
20077,375,430
20078,375,431
20079,375,432
20080,375,433
20081,375,434
20082,375,435
20083,375,436
20084,375,437
20085,375,438
20086,375,439
20087,375,440
20088,375,441
20089,375,442
20090,375,443
20091,375,444
20092,375,445
20093,375,446
20094,375,447
20095,375,448
20096,375,449
20097,375,450
20098,375,451
20099,375,452
20100,375,453
20101,375,454
20102,375,455
20103,375,456
20104,375,457
20105,375,458
20106,375,459
20107,375,460
20108,375,461
20109,375,462
20110,375,463
20111,375,464
20112,375,465
20113,375,466
20114,375,467
20115,375,468
20116,375,469
20117,375,470
20118,375,471
20119,375,472
20120,375,473
20121,375,474
20122,375,475
20123,375,476
20124,375,477
20125,375,525
20126,375,526
20127,375,527
20128,375,528
20129,375,529
20130,375,530
20131,375,531
20132,375,532
20133,375,533
20134,375,534
20135,375,535
20136,375,536
20137,375,537
20138,375,538
20139,375,539
20140,375,540
20141,375,541
20142,375,542
20143,375,543
20144,375,544
20145,375,545
20146,375,546
20147,375,547
20148,375,548
20149,375,549
20150,375,550
20151,375,551
20152,375,552
20153,375,553
20154,375,554
20155,375,555
20156,375,556
20157,375,557
20158,375,558
20159,375,559
20160,375,560
20161,375,561
20162,375,562
20163,375,563
20164,375,564
20165,375,565
20166,375,566
20167,375,567
20168,375,568
20169,375,569
20170,375,570
20171,376,324
20172,376,325
20173,376,326
20174,376,327
20175,376,328
20176,376,329
20177,376,330
20178,376,331
20179,376,332
20180,376,333
20181,376,334
20182,376,335
20183,376,336
20184,376,337
20185,376,338
20186,376,339
20187,376,340
20188,376,341
20189,376,342
20190,376,343
20191,376,344
20192,376,345
20193,376,346
20194,376,347
20195,376,348
20196,376,349
20197,376,350
20198,376,351
20199,376,352
20200,376,353
20201,376,354
20202,376,355
20203,376,356
20204,376,357
20205,376,358
20206,376,359
20207,376,360
20208,376,361
20209,376,362
20210,376,363
20211,376,364
20212,376,365
20213,376,366
20214,376,367
20215,376,368
20216,376,369
20217,376,370
20218,376,371
20219,376,372
20220,376,373
20221,376,374
20222,376,375
20223,376,376
20224,376,377
20225,376,378
20226,376,379
20227,376,380
20228,376,381
20229,376,382
20230,376,383
20231,376,384
20232,376,385
20233,376,386
20234,376,387
20235,376,388
20236,376,389
20237,376,390
20238,376,391
20239,376,392
20240,376,393
20241,376,394
20242,376,395
20243,376,396
20244,376,397
20245,376,398
20246,376,399
20247,376,400
20248,376,401
20249,376,402
20250,376,403
20251,376,404
20252,376,405
20253,376,406
20254,376,407
20255,376,408
20256,376,409
20257,376,410
20258,376,411
20259,376,412
20260,376,413
20261,376,414
20262,376,415
20263,376,416
20264,376,417
20265,376,418
20266,376,419
20267,376,420
20268,376,421
20269,376,422
20270,376,423
20271,376,424
20272,376,425
20273,376,426
20274,376,427
20275,376,428
20276,376,429
20277,376,430
20278,376,431
20279,376,432
20280,376,433
20281,376,434
20282,376,435
20283,376,436
20284,376,437
20285,376,438
20286,376,439
20287,376,440
20288,376,441
20289,376,442
20290,376,443
20291,376,444
20292,376,445
20293,376,446
20294,376,447
20295,376,448
20296,376,449
20297,376,450
20298,376,451
20299,376,452
20300,376,453
20301,376,454
20302,376,455
20303,376,456
20304,376,457
20305,376,458
20306,376,459
20307,376,460
20308,376,461
20309,376,462
20310,376,463
20311,376,464
20312,376,465
20313,376,466
20314,376,467
20315,376,468
20316,376,469
20317,376,470
20318,376,471
20319,376,472
20320,376,473
20321,376,474
20322,376,475
20323,376,476
20324,376,477
20325,376,528
20326,376,529
20327,376,530
20328,376,531
20329,376,532
20330,376,533
20331,376,534
20332,376,535
20333,376,536
20334,376,537
20335,376,538
20336,376,539
20337,376,540
20338,376,541
20339,376,542
20340,376,543
20341,376,544
20342,376,545
20343,376,546
20344,376,547
20345,376,548
20346,376,549
20347,376,550
20348,376,551
20349,376,552
20350,376,553
20351,376,554
20352,376,555
20353,376,556
20354,376,557
20355,376,558
20356,376,559
20357,376,560
20358,376,561
20359,376,562
20360,376,563
20361,376,564
20362,376,565
20363,376,566
20364,376,567
20365,376,568
20366,376,569
20367,376,570
20368,377,324
20369,377,325
20370,377,326
20371,377,327
20372,377,328
20373,377,329
20374,377,330
20375,377,331
20376,377,332
20377,377,333
20378,377,334
20379,377,335
20380,377,336
20381,377,337
20382,377,338
20383,377,339
20384,377,340
20385,377,341
20386,377,342
20387,377,343
20388,377,344
20389,377,345
20390,377,346
20391,377,347
20392,377,348
20393,377,349
20394,377,350
20395,377,351
20396,377,352
20397,377,353
20398,377,354
20399,377,355
20400,377,356
20401,377,357
20402,377,358
20403,377,359
20404,377,360
20405,377,361
20406,377,362
20407,377,363
20408,377,364
20409,377,365
20410,377,366
20411,377,367
20412,377,368
20413,377,369
20414,377,370
20415,377,371
20416,377,372
20417,377,373
20418,377,374
20419,377,375
20420,377,376
20421,377,377
20422,377,378
20423,377,379
20424,377,380
20425,377,381
20426,377,382
20427,377,383
20428,377,384
20429,377,385
20430,377,386
20431,377,387
20432,377,388
20433,377,389
20434,377,390
20435,377,391
20436,377,392
20437,377,393
20438,377,394
20439,377,395
20440,377,396
20441,377,397
20442,377,398
20443,377,399
20444,377,400
20445,377,401
20446,377,402
20447,377,403
20448,377,404
20449,377,405
20450,377,406
20451,377,407
20452,377,408
20453,377,409
20454,377,410
20455,377,411
20456,377,412
20457,377,413
20458,377,414
20459,377,415
20460,377,416
20461,377,417
20462,377,418
20463,377,419
20464,377,420
20465,377,421
20466,377,422
20467,377,423
20468,377,424
20469,377,425
20470,377,426
20471,377,427
20472,377,428
20473,377,429
20474,377,430
20475,377,431
20476,377,432
20477,377,433
20478,377,434
20479,377,435
20480,377,436
20481,377,437
20482,377,438
20483,377,439
20484,377,440
20485,377,441
20486,377,442
20487,377,443
20488,377,444
20489,377,445
20490,377,446
20491,377,447
20492,377,448
20493,377,449
20494,377,450
20495,377,451
20496,377,452
20497,377,453
20498,377,454
20499,377,455
20500,377,456
20501,377,457
20502,377,458
20503,377,459
20504,377,460
20505,377,461
20506,377,462
20507,377,463
20508,377,464
20509,377,465
20510,377,466
20511,377,467
20512,377,468
20513,377,469
20514,377,470
20515,377,471
20516,377,472
20517,377,473
20518,377,474
20519,377,475
20520,377,476
20521,377,477
20522,377,478
20523,377,531
20524,377,532
20525,377,533
20526,377,534
20527,377,535
20528,377,536
20529,377,537
20530,377,538
20531,377,539
20532,377,540
20533,377,541
20534,377,542
20535,377,543
20536,377,544
20537,377,545
20538,377,546
20539,377,547
20540,377,548
20541,377,549
20542,377,550
20543,377,551
20544,377,552
20545,377,553
20546,377,554
20547,377,555
20548,377,556
20549,377,557
20550,377,558
20551,377,559
20552,377,560
20553,377,561
20554,377,562
20555,377,563
20556,377,564
20557,377,565
20558,377,566
20559,377,567
20560,377,568
20561,377,569
20562,377,570
20563,378,324
20564,378,325
20565,378,326
20566,378,327
20567,378,328
20568,378,329
20569,378,330
20570,378,331
20571,378,332
20572,378,333
20573,378,334
20574,378,335
20575,378,336
20576,378,337
20577,378,338
20578,378,339
20579,378,340
20580,378,341
20581,378,342
20582,378,343
20583,378,344
20584,378,345
20585,378,346
20586,378,347
20587,378,348
20588,378,349
20589,378,350
20590,378,351
20591,378,352
20592,378,353
20593,378,354
20594,378,355
20595,378,356
20596,378,357
20597,378,358
20598,378,359
20599,378,360
20600,378,361
20601,378,362
20602,378,363
20603,378,364
20604,378,365
20605,378,366
20606,378,367
20607,378,368
20608,378,369
20609,378,370
20610,378,371
20611,378,372
20612,378,373
20613,378,374
20614,378,375
20615,378,376
20616,378,377
20617,378,378
20618,378,379
20619,378,380
20620,378,381
20621,378,382
20622,378,383
20623,378,384
20624,378,385
20625,378,386
20626,378,387
20627,378,388
20628,378,389
20629,378,390
20630,378,391
20631,378,392
20632,378,393
20633,378,394
20634,378,395
20635,378,396
20636,378,397
20637,378,398
20638,378,399
20639,378,400
20640,378,401
20641,378,402
20642,378,403
20643,378,404
20644,378,405
20645,378,406
20646,378,407
20647,378,408
20648,378,409
20649,378,410
20650,378,411
20651,378,412
20652,378,413
20653,378,414
20654,378,415
20655,378,416
20656,378,417
20657,378,418
20658,378,419
20659,378,420
20660,378,421
20661,378,422
20662,378,423
20663,378,424
20664,378,425
20665,378,426
20666,378,427
20667,378,428
20668,378,429
20669,378,430
20670,378,431
20671,378,432
20672,378,433
20673,378,434
20674,378,435
20675,378,436
20676,378,437
20677,378,438
20678,378,439
20679,378,440
20680,378,441
20681,378,442
20682,378,443
20683,378,444
20684,378,445
20685,378,446
20686,378,447
20687,378,448
20688,378,449
20689,378,450
20690,378,451
20691,378,452
20692,378,453
20693,378,454
20694,378,455
20695,378,456
20696,378,457
20697,378,458
20698,378,459
20699,378,460
20700,378,461
20701,378,462
20702,378,463
20703,378,464
20704,378,465
20705,378,466
20706,378,467
20707,378,468
20708,378,469
20709,378,470
20710,378,471
20711,378,472
20712,378,473
20713,378,474
20714,378,475
20715,378,476
20716,378,477
20717,378,478
20718,378,533
20719,378,534
20720,378,535
20721,378,536
20722,378,537
20723,378,538
20724,378,539
20725,378,540
20726,378,541
20727,378,542
20728,378,543
20729,378,544
20730,378,545
20731,378,546
20732,378,547
20733,378,548
20734,378,549
20735,378,550
20736,378,551
20737,378,552
20738,378,553
20739,378,554
20740,378,555
20741,378,556
20742,378,557
20743,378,558
20744,378,559
20745,378,560
20746,378,561
20747,378,562
20748,378,563
20749,378,564
20750,378,565
20751,378,566
20752,378,567
20753,378,568
20754,378,569
20755,378,570
20756,379,324
20757,379,325
20758,379,326
20759,379,327
20760,379,328
20761,379,329
20762,379,330
20763,379,331
20764,379,332
20765,379,333
20766,379,334
20767,379,335
20768,379,336
20769,379,337
20770,379,338
20771,379,339
20772,379,340
20773,379,341
20774,379,342
20775,379,343
20776,379,344
20777,379,345
20778,379,346
20779,379,347
20780,379,348
20781,379,349
20782,379,350
20783,379,351
20784,379,352
20785,379,353
20786,379,354
20787,379,355
20788,379,356
20789,379,357
20790,379,358
20791,379,359
20792,379,360
20793,379,361
20794,379,362
20795,379,363
20796,379,364
20797,379,365
20798,379,366
20799,379,367
20800,379,368
20801,379,369
20802,379,370
20803,379,371
20804,379,372
20805,379,373
20806,379,374
20807,379,375
20808,379,376
20809,379,377
20810,379,378
20811,379,379
20812,379,380
20813,379,381
20814,379,382
20815,379,383
20816,379,384
20817,379,385
20818,379,386
20819,379,387
20820,379,388
20821,379,389
20822,379,390
20823,379,391
20824,379,392
20825,379,393
20826,379,394
20827,379,395
20828,379,396
20829,379,397
20830,379,398
20831,379,399
20832,379,400
20833,379,401
20834,379,402
20835,379,403
20836,379,404
20837,379,405
20838,379,406
20839,379,407
20840,379,408
20841,379,409
20842,379,410
20843,379,411
20844,379,412
20845,379,413
20846,379,414
20847,379,415
20848,379,416
20849,379,417
20850,379,418
20851,379,419
20852,379,420
20853,379,421
20854,379,422
20855,379,423
20856,379,424
20857,379,425
20858,379,426
20859,379,427
20860,379,428
20861,379,429
20862,379,430
20863,379,431
20864,379,432
20865,379,433
20866,379,434
20867,379,435
20868,379,436
20869,379,437
20870,379,438
20871,379,439
20872,379,440
20873,379,441
20874,379,442
20875,379,443
20876,379,444
20877,379,445
20878,379,446
20879,379,447
20880,379,448
20881,379,449
20882,379,450
20883,379,451
20884,379,452
20885,379,453
20886,379,454
20887,379,455
20888,379,456
20889,379,457
20890,379,458
20891,379,459
20892,379,460
20893,379,461
20894,379,462
20895,379,463
20896,379,464
20897,379,465
20898,379,466
20899,379,467
20900,379,468
20901,379,469
20902,379,470
20903,379,471
20904,379,472
20905,379,473
20906,379,474
20907,379,475
20908,379,476
20909,379,477
20910,379,478
20911,379,537
20912,379,538
20913,379,539
20914,379,540
20915,379,541
20916,379,542
20917,379,543
20918,379,544
20919,379,545
20920,379,546
20921,379,547
20922,379,548
20923,379,549
20924,379,550
20925,379,551
20926,379,552
20927,379,553
20928,379,554
20929,379,555
20930,379,556
20931,379,557
20932,379,558
20933,379,559
20934,379,560
20935,379,561
20936,379,562
20937,379,563
20938,379,564
20939,379,565
20940,379,566
20941,379,567
20942,379,568
20943,379,569
20944,379,570
20945,380,324
20946,380,325
20947,380,326
20948,380,327
20949,380,328
20950,380,329
20951,380,330
20952,380,331
20953,380,332
20954,380,333
20955,380,334
20956,380,335
20957,380,336
20958,380,337
20959,380,338
20960,380,339
20961,380,340
20962,380,341
20963,380,342
20964,380,343
20965,380,344
20966,380,345
20967,380,346
20968,380,347
20969,380,348
20970,380,349
20971,380,350
20972,380,351
20973,380,352
20974,380,353
20975,380,354
20976,380,355
20977,380,356
20978,380,357
20979,380,358
20980,380,359
20981,380,360
20982,380,361
20983,380,362
20984,380,363
20985,380,364
20986,380,365
20987,380,366
20988,380,367
20989,380,368
20990,380,369
20991,380,370
20992,380,371
20993,380,372
20994,380,373
20995,380,374
20996,380,375
20997,380,376
20998,380,377
20999,380,378
21000,380,379
21001,380,380
21002,380,381
21003,380,382
21004,380,383
21005,380,384
21006,380,385
21007,380,386
21008,380,387
21009,380,388
21010,380,389
21011,380,390
21012,380,391
21013,380,392
21014,380,393
21015,380,394
21016,380,395
21017,380,396
21018,380,397
21019,380,398
21020,380,399
21021,380,400
21022,380,401
21023,380,402
21024,380,403
21025,380,404
21026,380,405
21027,380,406
21028,380,407
21029,380,408
21030,380,409
21031,380,410
21032,380,411
21033,380,412
21034,380,413
21035,380,414
21036,380,415
21037,380,416
21038,380,417
21039,380,418
21040,380,419
21041,380,420
21042,380,421
21043,380,422
21044,380,423
21045,380,424
21046,380,425
21047,380,426
21048,380,427
21049,380,428
21050,380,429
21051,380,430
21052,380,431
21053,380,432
21054,380,433
21055,380,434
21056,380,435
21057,380,436
21058,380,437
21059,380,438
21060,380,439
21061,380,440
21062,380,441
21063,380,442
21064,380,443
21065,380,444
21066,380,445
21067,380,446
21068,380,447
21069,380,448
21070,380,449
21071,380,450
21072,380,451
21073,380,452
21074,380,453
21075,380,454
21076,380,455
21077,380,456
21078,380,457
21079,380,458
21080,380,459
21081,380,460
21082,380,461
21083,380,462
21084,380,463
21085,380,464
21086,380,465
21087,380,466
21088,380,467
21089,380,468
21090,380,469
21091,380,470
21092,380,471
21093,380,472
21094,380,473
21095,380,474
21096,380,475
21097,380,476
21098,380,477
21099,380,478
21100,380,538
21101,380,539
21102,380,540
21103,380,541
21104,380,542
21105,380,543
21106,380,544
21107,380,545
21108,380,546
21109,380,547
21110,380,548
21111,380,549
21112,380,550
21113,380,551
21114,380,552
21115,380,553
21116,380,554
21117,380,555
21118,380,556
21119,380,557
21120,380,558
21121,380,559
21122,380,560
21123,380,561
21124,380,562
21125,380,563
21126,380,564
21127,380,565
21128,380,566
21129,380,567
21130,380,568
21131,380,569
21132,380,570
21133,380,595
21134,380,596
21135,380,597
21136,380,598
21137,381,324
21138,381,325
21139,381,326
21140,381,327
21141,381,328
21142,381,329
21143,381,330
21144,381,331
21145,381,332
21146,381,333
21147,381,334
21148,381,335
21149,381,336
21150,381,337
21151,381,338
21152,381,339
21153,381,340
21154,381,341
21155,381,342
21156,381,343
21157,381,344
21158,381,345
21159,381,346
21160,381,347
21161,381,348
21162,381,349
21163,381,350
21164,381,351
21165,381,352
21166,381,353
21167,381,354
21168,381,355
21169,381,356
21170,381,357
21171,381,358
21172,381,359
21173,381,360
21174,381,361
21175,381,362
21176,381,363
21177,381,364
21178,381,365
21179,381,366
21180,381,367
21181,381,368
21182,381,369
21183,381,370
21184,381,371
21185,381,372
21186,381,373
21187,381,374
21188,381,375
21189,381,376
21190,381,377
21191,381,378
21192,381,379
21193,381,380
21194,381,381
21195,381,382
21196,381,383
21197,381,384
21198,381,385
21199,381,386
21200,381,387
21201,381,388
21202,381,389
21203,381,390
21204,381,391
21205,381,392
21206,381,393
21207,381,394
21208,381,395
21209,381,396
21210,381,397
21211,381,398
21212,381,399
21213,381,400
21214,381,401
21215,381,402
21216,381,403
21217,381,404
21218,381,405
21219,381,406
21220,381,407
21221,381,408
21222,381,409
21223,381,410
21224,381,411
21225,381,412
21226,381,413
21227,381,414
21228,381,415
21229,381,416
21230,381,417
21231,381,418
21232,381,419
21233,381,420
21234,381,421
21235,381,422
21236,381,423
21237,381,424
21238,381,425
21239,381,426
21240,381,427
21241,381,428
21242,381,429
21243,381,430
21244,381,431
21245,381,432
21246,381,433
21247,381,434
21248,381,435
21249,381,436
21250,381,437
21251,381,438
21252,381,439
21253,381,440
21254,381,441
21255,381,442
21256,381,443
21257,381,444
21258,381,445
21259,381,446
21260,381,447
21261,381,448
21262,381,449
21263,381,450
21264,381,451
21265,381,452
21266,381,453
21267,381,454
21268,381,455
21269,381,456
21270,381,457
21271,381,458
21272,381,459
21273,381,460
21274,381,461
21275,381,462
21276,381,463
21277,381,464
21278,381,465
21279,381,466
21280,381,467
21281,381,468
21282,381,469
21283,381,470
21284,381,471
21285,381,472
21286,381,473
21287,381,474
21288,381,475
21289,381,476
21290,381,477
21291,381,478
21292,381,539
21293,381,540
21294,381,541
21295,381,542
21296,381,543
21297,381,544
21298,381,545
21299,381,546
21300,381,547
21301,381,548
21302,381,549
21303,381,550
21304,381,551
21305,381,552
21306,381,553
21307,381,554
21308,381,555
21309,381,556
21310,381,557
21311,381,558
21312,381,559
21313,381,560
21314,381,561
21315,381,562
21316,381,563
21317,381,564
21318,381,565
21319,381,566
21320,381,567
21321,381,568
21322,381,569
21323,381,593
21324,381,594
21325,381,595
21326,381,596
21327,381,597
21328,381,598
21329,381,599
21330,381,600
21331,381,601
21332,382,324
21333,382,325
21334,382,326
21335,382,327
21336,382,328
21337,382,329
21338,382,330
21339,382,331
21340,382,332
21341,382,333
21342,382,334
21343,382,335
21344,382,336
21345,382,337
21346,382,338
21347,382,339
21348,382,340
21349,382,341
21350,382,342
21351,382,343
21352,382,344
21353,382,345
21354,382,346
21355,382,347
21356,382,348
21357,382,349
21358,382,350
21359,382,351
21360,382,352
21361,382,353
21362,382,354
21363,382,355
21364,382,356
21365,382,357
21366,382,358
21367,382,359
21368,382,360
21369,382,361
21370,382,362
21371,382,363
21372,382,364
21373,382,365
21374,382,366
21375,382,367
21376,382,368
21377,382,369
21378,382,370
21379,382,371
21380,382,372
21381,382,373
21382,382,374
21383,382,375
21384,382,376
21385,382,377
21386,382,378
21387,382,379
21388,382,380
21389,382,381
21390,382,382
21391,382,383
21392,382,384
21393,382,385
21394,382,386
21395,382,387
21396,382,388
21397,382,389
21398,382,390
21399,382,391
21400,382,392
21401,382,393
21402,382,394
21403,382,395
21404,382,396
21405,382,397
21406,382,398
21407,382,399
21408,382,400
21409,382,401
21410,382,402
21411,382,403
21412,382,404
21413,382,405
21414,382,406
21415,382,407
21416,382,408
21417,382,409
21418,382,410
21419,382,411
21420,382,412
21421,382,413
21422,382,414
21423,382,415
21424,382,416
21425,382,417
21426,382,418
21427,382,419
21428,382,420
21429,382,421
21430,382,422
21431,382,423
21432,382,424
21433,382,425
21434,382,426
21435,382,427
21436,382,428
21437,382,429
21438,382,430
21439,382,431
21440,382,432
21441,382,433
21442,382,434
21443,382,435
21444,382,436
21445,382,437
21446,382,438
21447,382,439
21448,382,440
21449,382,441
21450,382,442
21451,382,443
21452,382,444
21453,382,445
21454,382,446
21455,382,447
21456,382,448
21457,382,449
21458,382,450
21459,382,451
21460,382,452
21461,382,453
21462,382,454
21463,382,455
21464,382,456
21465,382,457
21466,382,458
21467,382,459
21468,382,460
21469,382,461
21470,382,462
21471,382,463
21472,382,464
21473,382,465
21474,382,466
21475,382,467
21476,382,468
21477,382,469
21478,382,470
21479,382,471
21480,382,472
21481,382,473
21482,382,474
21483,382,475
21484,382,476
21485,382,477
21486,382,478
21487,382,539
21488,382,540
21489,382,541
21490,382,542
21491,382,543
21492,382,544
21493,382,545
21494,382,546
21495,382,547
21496,382,548
21497,382,549
21498,382,550
21499,382,551
21500,382,552
21501,382,553
21502,382,554
21503,382,555
21504,382,556
21505,382,557
21506,382,558
21507,382,559
21508,382,560
21509,382,561
21510,382,562
21511,382,563
21512,382,564
21513,382,565
21514,382,566
21515,382,567
21516,382,568
21517,382,569
21518,382,591
21519,382,592
21520,382,593
21521,382,594
21522,382,595
21523,382,596
21524,382,597
21525,382,598
21526,382,599
21527,382,600
21528,382,601
21529,382,602
21530,383,324
21531,383,325
21532,383,326
21533,383,327
21534,383,328
21535,383,329
21536,383,330
21537,383,331
21538,383,332
21539,383,333
21540,383,334
21541,383,335
21542,383,336
21543,383,337
21544,383,338
21545,383,339
21546,383,340
21547,383,341
21548,383,342
21549,383,343
21550,383,344
21551,383,345
21552,383,346
21553,383,347
21554,383,348
21555,383,349
21556,383,350
21557,383,351
21558,383,352
21559,383,353
21560,383,354
21561,383,355
21562,383,356
21563,383,357
21564,383,358
21565,383,359
21566,383,360
21567,383,361
21568,383,362
21569,383,363
21570,383,364
21571,383,365
21572,383,366
21573,383,367
21574,383,368
21575,383,369
21576,383,370
21577,383,371
21578,383,372
21579,383,373
21580,383,374
21581,383,375
21582,383,376
21583,383,377
21584,383,378
21585,383,379
21586,383,380
21587,383,381
21588,383,382
21589,383,383
21590,383,384
21591,383,385
21592,383,386
21593,383,387
21594,383,388
21595,383,389
21596,383,390
21597,383,391
21598,383,392
21599,383,393
21600,383,394
21601,383,395
21602,383,396
21603,383,397
21604,383,398
21605,383,399
21606,383,400
21607,383,401
21608,383,402
21609,383,403
21610,383,404
21611,383,405
21612,383,406
21613,383,407
21614,383,408
21615,383,409
21616,383,410
21617,383,411
21618,383,412
21619,383,413
21620,383,414
21621,383,415
21622,383,416
21623,383,417
21624,383,418
21625,383,419
21626,383,420
21627,383,421
21628,383,422
21629,383,423
21630,383,424
21631,383,425
21632,383,426
21633,383,427
21634,383,428
21635,383,429
21636,383,430
21637,383,431
21638,383,432
21639,383,433
21640,383,434
21641,383,435
21642,383,436
21643,383,437
21644,383,438
21645,383,439
21646,383,440
21647,383,441
21648,383,442
21649,383,443
21650,383,444
21651,383,445
21652,383,446
21653,383,447
21654,383,448
21655,383,449
21656,383,450
21657,383,451
21658,383,452
21659,383,453
21660,383,454
21661,383,455
21662,383,456
21663,383,457
21664,383,458
21665,383,459
21666,383,460
21667,383,461
21668,383,462
21669,383,463
21670,383,464
21671,383,465
21672,383,466
21673,383,467
21674,383,468
21675,383,469
21676,383,470
21677,383,471
21678,383,472
21679,383,473
21680,383,474
21681,383,475
21682,383,476
21683,383,477
21684,383,478
21685,383,479
21686,383,541
21687,383,542
21688,383,543
21689,383,544
21690,383,545
21691,383,546
21692,383,547
21693,383,548
21694,383,549
21695,383,550
21696,383,551
21697,383,552
21698,383,553
21699,383,554
21700,383,555
21701,383,556
21702,383,557
21703,383,558
21704,383,559
21705,383,560
21706,383,561
21707,383,562
21708,383,563
21709,383,564
21710,383,565
21711,383,566
21712,383,567
21713,383,568
21714,383,569
21715,383,590
21716,383,591
21717,383,592
21718,383,593
21719,383,594
21720,383,595
21721,383,596
21722,383,597
21723,383,598
21724,383,599
21725,383,600
21726,383,601
21727,383,602
21728,383,603
21729,384,324
21730,384,325
21731,384,326
21732,384,327
21733,384,328
21734,384,329
21735,384,330
21736,384,331
21737,384,332
21738,384,333
21739,384,334
21740,384,335
21741,384,336
21742,384,337
21743,384,338
21744,384,339
21745,384,340
21746,384,341
21747,384,342
21748,384,343
21749,384,344
21750,384,345
21751,384,346
21752,384,347
21753,384,348
21754,384,349
21755,384,350
21756,384,351
21757,384,352
21758,384,353
21759,384,354
21760,384,355
21761,384,356
21762,384,357
21763,384,358
21764,384,359
21765,384,360
21766,384,361
21767,384,362
21768,384,363
21769,384,364
21770,384,365
21771,384,366
21772,384,367
21773,384,368
21774,384,369
21775,384,370
21776,384,371
21777,384,372
21778,384,373
21779,384,374
21780,384,375
21781,384,376
21782,384,377
21783,384,378
21784,384,379
21785,384,380
21786,384,381
21787,384,382
21788,384,383
21789,384,384
21790,384,385
21791,384,386
21792,384,387
21793,384,388
21794,384,389
21795,384,390
21796,384,391
21797,384,392
21798,384,393
21799,384,394
21800,384,395
21801,384,396
21802,384,397
21803,384,398
21804,384,399
21805,384,400
21806,384,401
21807,384,402
21808,384,403
21809,384,404
21810,384,405
21811,384,406
21812,384,407
21813,384,408
21814,384,409
21815,384,410
21816,384,411
21817,384,412
21818,384,413
21819,384,414
21820,384,415
21821,384,416
21822,384,417
21823,384,418
21824,384,419
21825,384,420
21826,384,421
21827,384,422
21828,384,423
21829,384,424
21830,384,425
21831,384,426
21832,384,427
21833,384,428
21834,384,429
21835,384,430
21836,384,431
21837,384,432
21838,384,433
21839,384,434
21840,384,435
21841,384,436
21842,384,437
21843,384,438
21844,384,439
21845,384,440
21846,384,441
21847,384,442
21848,384,443
21849,384,444
21850,384,445
21851,384,446
21852,384,447
21853,384,448
21854,384,449
21855,384,450
21856,384,451
21857,384,452
21858,384,453
21859,384,454
21860,384,455
21861,384,456
21862,384,457
21863,384,458
21864,384,459
21865,384,460
21866,384,461
21867,384,462
21868,384,463
21869,384,464
21870,384,465
21871,384,466
21872,384,467
21873,384,468
21874,384,469
21875,384,470
21876,384,471
21877,384,472
21878,384,473
21879,384,474
21880,384,475
21881,384,476
21882,384,477
21883,384,478
21884,384,479
21885,384,545
21886,384,546
21887,384,547
21888,384,548
21889,384,549
21890,384,550
21891,384,551
21892,384,552
21893,384,553
21894,384,554
21895,384,555
21896,384,556
21897,384,557
21898,384,558
21899,384,559
21900,384,560
21901,384,561
21902,384,562
21903,384,563
21904,384,564
21905,384,565
21906,384,566
21907,384,567
21908,384,568
21909,384,569
21910,384,589
21911,384,590
21912,384,591
21913,384,592
21914,384,593
21915,384,594
21916,384,595
21917,384,596
21918,384,597
21919,384,598
21920,384,599
21921,384,600
21922,384,601
21923,384,602
21924,384,603
21925,385,323
21926,385,324
21927,385,325
21928,385,326
21929,385,327
21930,385,328
21931,385,329
21932,385,330
21933,385,331
21934,385,332
21935,385,333
21936,385,334
21937,385,335
21938,385,336
21939,385,337
21940,385,338
21941,385,339
21942,385,340
21943,385,341
21944,385,342
21945,385,343
21946,385,344
21947,385,345
21948,385,346
21949,385,347
21950,385,348
21951,385,349
21952,385,350
21953,385,351
21954,385,352
21955,385,353
21956,385,354
21957,385,355
21958,385,356
21959,385,357
21960,385,358
21961,385,359
21962,385,360
21963,385,361
21964,385,362
21965,385,363
21966,385,364
21967,385,365
21968,385,366
21969,385,367
21970,385,368
21971,385,369
21972,385,370
21973,385,371
21974,385,372
21975,385,373
21976,385,374
21977,385,375
21978,385,376
21979,385,377
21980,385,378
21981,385,379
21982,385,380
21983,385,381
21984,385,382
21985,385,383
21986,385,384
21987,385,385
21988,385,386
21989,385,387
21990,385,388
21991,385,389
21992,385,390
21993,385,391
21994,385,392
21995,385,393
21996,385,394
21997,385,395
21998,385,396
21999,385,397
22000,385,398
22001,385,399
22002,385,400
22003,385,401
22004,385,402
22005,385,403
22006,385,404
22007,385,405
22008,385,406
22009,385,407
22010,385,408
22011,385,409
22012,385,410
22013,385,411
22014,385,412
22015,385,413
22016,385,414
22017,385,415
22018,385,416
22019,385,417
22020,385,418
22021,385,419
22022,385,420
22023,385,421
22024,385,422
22025,385,423
22026,385,424
22027,385,425
22028,385,426
22029,385,427
22030,385,428
22031,385,429
22032,385,430
22033,385,431
22034,385,432
22035,385,433
22036,385,434
22037,385,435
22038,385,436
22039,385,437
22040,385,438
22041,385,439
22042,385,440
22043,385,441
22044,385,442
22045,385,443
22046,385,444
22047,385,445
22048,385,446
22049,385,447
22050,385,448
22051,385,449
22052,385,450
22053,385,451
22054,385,452
22055,385,453
22056,385,454
22057,385,455
22058,385,456
22059,385,457
22060,385,458
22061,385,459
22062,385,460
22063,385,461
22064,385,462
22065,385,463
22066,385,464
22067,385,465
22068,385,466
22069,385,467
22070,385,468
22071,385,469
22072,385,470
22073,385,471
22074,385,472
22075,385,473
22076,385,474
22077,385,475
22078,385,476
22079,385,477
22080,385,478
22081,385,479
22082,385,547
22083,385,548
22084,385,549
22085,385,550
22086,385,551
22087,385,552
22088,385,553
22089,385,554
22090,385,555
22091,385,556
22092,385,557
22093,385,558
22094,385,559
22095,385,560
22096,385,561
22097,385,562
22098,385,563
22099,385,564
22100,385,565
22101,385,566
22102,385,567
22103,385,568
22104,385,569
22105,385,588
22106,385,589
22107,385,590
22108,385,591
22109,385,592
22110,385,593
22111,385,594
22112,385,595
22113,385,596
22114,385,597
22115,385,598
22116,385,599
22117,385,600
22118,385,601
22119,385,602
22120,385,603
22121,385,604
22122,386,324
22123,386,325
22124,386,326
22125,386,327
22126,386,328
22127,386,329
22128,386,330
22129,386,331
22130,386,332
22131,386,333
22132,386,334
22133,386,335
22134,386,336
22135,386,337
22136,386,338
22137,386,339
22138,386,340
22139,386,341
22140,386,342
22141,386,343
22142,386,344
22143,386,345
22144,386,346
22145,386,347
22146,386,348
22147,386,349
22148,386,350
22149,386,351
22150,386,352
22151,386,353
22152,386,354
22153,386,355
22154,386,356
22155,386,357
22156,386,358
22157,386,359
22158,386,360
22159,386,361
22160,386,362
22161,386,363
22162,386,364
22163,386,365
22164,386,366
22165,386,367
22166,386,368
22167,386,369
22168,386,370
22169,386,371
22170,386,372
22171,386,373
22172,386,374
22173,386,375
22174,386,376
22175,386,377
22176,386,378
22177,386,379
22178,386,380
22179,386,381
22180,386,382
22181,386,383
22182,386,384
22183,386,385
22184,386,386
22185,386,387
22186,386,388
22187,386,389
22188,386,390
22189,386,391
22190,386,392
22191,386,393
22192,386,394
22193,386,395
22194,386,396
22195,386,397
22196,386,398
22197,386,399
22198,386,400
22199,386,401
22200,386,402
22201,386,403
22202,386,404
22203,386,405
22204,386,406
22205,386,407
22206,386,408
22207,386,409
22208,386,410
22209,386,411
22210,386,412
22211,386,413
22212,386,414
22213,386,415
22214,386,416
22215,386,417
22216,386,418
22217,386,419
22218,386,420
22219,386,421
22220,386,422
22221,386,423
22222,386,424
22223,386,425
22224,386,426
22225,386,427
22226,386,428
22227,386,429
22228,386,430
22229,386,431
22230,386,432
22231,386,433
22232,386,434
22233,386,435
22234,386,436
22235,386,437
22236,386,438
22237,386,439
22238,386,440
22239,386,441
22240,386,442
22241,386,443
22242,386,444
22243,386,445
22244,386,446
22245,386,447
22246,386,448
22247,386,449
22248,386,450
22249,386,451
22250,386,452
22251,386,453
22252,386,454
22253,386,455
22254,386,456
22255,386,457
22256,386,458
22257,386,459
22258,386,460
22259,386,461
22260,386,462
22261,386,463
22262,386,464
22263,386,465
22264,386,466
22265,386,467
22266,386,468
22267,386,469
22268,386,470
22269,386,471
22270,386,472
22271,386,473
22272,386,474
22273,386,475
22274,386,476
22275,386,477
22276,386,478
22277,386,479
22278,386,548
22279,386,549
22280,386,550
22281,386,551
22282,386,552
22283,386,553
22284,386,554
22285,386,555
22286,386,556
22287,386,557
22288,386,558
22289,386,559
22290,386,560
22291,386,561
22292,386,562
22293,386,563
22294,386,564
22295,386,565
22296,386,566
22297,386,567
22298,386,568
22299,386,569
22300,386,588
22301,386,589
22302,386,590
22303,386,591
22304,386,592
22305,386,593
22306,386,594
22307,386,595
22308,386,596
22309,386,597
22310,386,598
22311,386,599
22312,386,600
22313,386,601
22314,386,602
22315,386,603
22316,386,604
22317,386,605
22318,387,324
22319,387,325
22320,387,326
22321,387,327
22322,387,328
22323,387,329
22324,387,330
22325,387,331
22326,387,332
22327,387,333
22328,387,334
22329,387,335
22330,387,336
22331,387,337
22332,387,338
22333,387,339
22334,387,340
22335,387,341
22336,387,342
22337,387,343
22338,387,344
22339,387,345
22340,387,346
22341,387,347
22342,387,348
22343,387,349
22344,387,350
22345,387,351
22346,387,352
22347,387,353
22348,387,354
22349,387,355
22350,387,356
22351,387,357
22352,387,358
22353,387,359
22354,387,360
22355,387,361
22356,387,362
22357,387,363
22358,387,364
22359,387,365
22360,387,366
22361,387,367
22362,387,368
22363,387,369
22364,387,370
22365,387,371
22366,387,372
22367,387,373
22368,387,374
22369,387,375
22370,387,376
22371,387,377
22372,387,378
22373,387,379
22374,387,380
22375,387,381
22376,387,382
22377,387,383
22378,387,384
22379,387,385
22380,387,386
22381,387,387
22382,387,388
22383,387,389
22384,387,390
22385,387,391
22386,387,392
22387,387,393
22388,387,394
22389,387,395
22390,387,396
22391,387,397
22392,387,398
22393,387,399
22394,387,400
22395,387,401
22396,387,402
22397,387,403
22398,387,404
22399,387,405
22400,387,406
22401,387,407
22402,387,408
22403,387,409
22404,387,410
22405,387,411
22406,387,412
22407,387,413
22408,387,414
22409,387,415
22410,387,416
22411,387,417
22412,387,418
22413,387,419
22414,387,420
22415,387,421
22416,387,422
22417,387,423
22418,387,424
22419,387,425
22420,387,426
22421,387,427
22422,387,428
22423,387,429
22424,387,430
22425,387,431
22426,387,432
22427,387,433
22428,387,434
22429,387,435
22430,387,436
22431,387,437
22432,387,438
22433,387,439
22434,387,440
22435,387,441
22436,387,442
22437,387,443
22438,387,444
22439,387,445
22440,387,446
22441,387,447
22442,387,448
22443,387,449
22444,387,450
22445,387,451
22446,387,452
22447,387,453
22448,387,454
22449,387,455
22450,387,456
22451,387,457
22452,387,458
22453,387,459
22454,387,460
22455,387,461
22456,387,462
22457,387,463
22458,387,464
22459,387,465
22460,387,466
22461,387,467
22462,387,468
22463,387,469
22464,387,470
22465,387,471
22466,387,472
22467,387,473
22468,387,474
22469,387,475
22470,387,476
22471,387,477
22472,387,478
22473,387,479
22474,387,553
22475,387,554
22476,387,555
22477,387,556
22478,387,557
22479,387,558
22480,387,559
22481,387,560
22482,387,561
22483,387,562
22484,387,563
22485,387,564
22486,387,565
22487,387,566
22488,387,567
22489,387,568
22490,387,569
22491,387,570
22492,387,571
22493,387,572
22494,387,573
22495,387,588
22496,387,589
22497,387,590
22498,387,593
22499,387,594
22500,387,595
22501,387,596
22502,387,597
22503,387,598
22504,387,599
22505,387,600
22506,387,601
22507,387,602
22508,387,603
22509,387,604
22510,387,605
22511,388,324
22512,388,325
22513,388,326
22514,388,327
22515,388,328
22516,388,329
22517,388,330
22518,388,331
22519,388,332
22520,388,333
22521,388,334
22522,388,335
22523,388,336
22524,388,337
22525,388,338
22526,388,339
22527,388,340
22528,388,341
22529,388,342
22530,388,343
22531,388,344
22532,388,345
22533,388,346
22534,388,347
22535,388,348
22536,388,349
22537,388,350
22538,388,351
22539,388,352
22540,388,353
22541,388,354
22542,388,355
22543,388,356
22544,388,357
22545,388,358
22546,388,359
22547,388,360
22548,388,361
22549,388,362
22550,388,363
22551,388,364
22552,388,365
22553,388,366
22554,388,367
22555,388,368
22556,388,369
22557,388,370
22558,388,371
22559,388,372
22560,388,373
22561,388,374
22562,388,375
22563,388,376
22564,388,377
22565,388,378
22566,388,379
22567,388,380
22568,388,381
22569,388,382
22570,388,383
22571,388,384
22572,388,385
22573,388,386
22574,388,387
22575,388,388
22576,388,389
22577,388,390
22578,388,391
22579,388,392
22580,388,393
22581,388,394
22582,388,395
22583,388,396
22584,388,397
22585,388,398
22586,388,399
22587,388,400
22588,388,401
22589,388,402
22590,388,403
22591,388,404
22592,388,405
22593,388,406
22594,388,407
22595,388,408
22596,388,409
22597,388,410
22598,388,411
22599,388,412
22600,388,413
22601,388,414
22602,388,415
22603,388,416
22604,388,417
22605,388,418
22606,388,419
22607,388,420
22608,388,421
22609,388,422
22610,388,423
22611,388,424
22612,388,425
22613,388,426
22614,388,427
22615,388,428
22616,388,429
22617,388,430
22618,388,431
22619,388,432
22620,388,433
22621,388,434
22622,388,435
22623,388,436
22624,388,437
22625,388,438
22626,388,439
22627,388,440
22628,388,441
22629,388,442
22630,388,443
22631,388,444
22632,388,445
22633,388,446
22634,388,447
22635,388,448
22636,388,449
22637,388,450
22638,388,451
22639,388,452
22640,388,453
22641,388,454
22642,388,455
22643,388,456
22644,388,457
22645,388,458
22646,388,459
22647,388,460
22648,388,461
22649,388,462
22650,388,463
22651,388,464
22652,388,465
22653,388,466
22654,388,467
22655,388,468
22656,388,469
22657,388,470
22658,388,471
22659,388,472
22660,388,473
22661,388,474
22662,388,475
22663,388,476
22664,388,477
22665,388,478
22666,388,479
22667,388,555
22668,388,556
22669,388,557
22670,388,558
22671,388,559
22672,388,560
22673,388,561
22674,388,562
22675,388,563
22676,388,564
22677,388,565
22678,388,566
22679,388,567
22680,388,568
22681,388,569
22682,388,570
22683,388,571
22684,388,572
22685,388,573
22686,388,574
22687,388,588
22688,388,594
22689,388,595
22690,388,596
22691,388,597
22692,388,598
22693,388,599
22694,388,603
22695,388,604
22696,388,605
22697,389,324
22698,389,325
22699,389,326
22700,389,327
22701,389,328
22702,389,329
22703,389,330
22704,389,331
22705,389,332
22706,389,333
22707,389,334
22708,389,335
22709,389,336
22710,389,337
22711,389,338
22712,389,339
22713,389,340
22714,389,341
22715,389,342
22716,389,343
22717,389,344
22718,389,345
22719,389,346
22720,389,347
22721,389,348
22722,389,349
22723,389,350
22724,389,351
22725,389,352
22726,389,353
22727,389,354
22728,389,355
22729,389,356
22730,389,357
22731,389,358
22732,389,359
22733,389,360
22734,389,361
22735,389,362
22736,389,363
22737,389,364
22738,389,365
22739,389,366
22740,389,367
22741,389,368
22742,389,369
22743,389,370
22744,389,371
22745,389,372
22746,389,373
22747,389,374
22748,389,375
22749,389,376
22750,389,377
22751,389,378
22752,389,379
22753,389,380
22754,389,381
22755,389,382
22756,389,383
22757,389,384
22758,389,385
22759,389,386
22760,389,387
22761,389,388
22762,389,389
22763,389,390
22764,389,391
22765,389,392
22766,389,393
22767,389,394
22768,389,395
22769,389,396
22770,389,397
22771,389,398
22772,389,399
22773,389,400
22774,389,401
22775,389,402
22776,389,403
22777,389,404
22778,389,405
22779,389,406
22780,389,407
22781,389,408
22782,389,409
22783,389,410
22784,389,411
22785,389,412
22786,389,413
22787,389,414
22788,389,415
22789,389,416
22790,389,417
22791,389,418
22792,389,419
22793,389,420
22794,389,421
22795,389,422
22796,389,423
22797,389,424
22798,389,425
22799,389,426
22800,389,427
22801,389,428
22802,389,429
22803,389,430
22804,389,431
22805,389,432
22806,389,433
22807,389,434
22808,389,435
22809,389,436
22810,389,437
22811,389,438
22812,389,439
22813,389,440
22814,389,441
22815,389,442
22816,389,443
22817,389,444
22818,389,445
22819,389,446
22820,389,447
22821,389,448
22822,389,449
22823,389,450
22824,389,451
22825,389,452
22826,389,453
22827,389,454
22828,389,455
22829,389,456
22830,389,457
22831,389,458
22832,389,459
22833,389,460
22834,389,461
22835,389,462
22836,389,463
22837,389,464
22838,389,465
22839,389,466
22840,389,467
22841,389,468
22842,389,469
22843,389,470
22844,389,471
22845,389,472
22846,389,473
22847,389,474
22848,389,475
22849,389,476
22850,389,477
22851,389,478
22852,389,479
22853,389,556
22854,389,557
22855,389,558
22856,389,559
22857,389,560
22858,389,561
22859,389,562
22860,389,563
22861,389,564
22862,389,565
22863,389,566
22864,389,567
22865,389,568
22866,389,569
22867,389,570
22868,389,571
22869,389,572
22870,389,573
22871,389,574
22872,389,575
22873,389,576
22874,389,577
22875,389,578
22876,389,594
22877,389,595
22878,389,596
22879,389,597
22880,389,598
22881,389,599
22882,389,604
22883,389,605
22884,389,606
22885,390,324
22886,390,325
22887,390,326
22888,390,327
22889,390,328
22890,390,329
22891,390,330
22892,390,331
22893,390,332
22894,390,333
22895,390,334
22896,390,335
22897,390,336
22898,390,337
22899,390,338
22900,390,339
22901,390,340
22902,390,341
22903,390,342
22904,390,343
22905,390,344
22906,390,345
22907,390,346
22908,390,347
22909,390,348
22910,390,349
22911,390,350
22912,390,351
22913,390,352
22914,390,353
22915,390,354
22916,390,355
22917,390,356
22918,390,357
22919,390,358
22920,390,359
22921,390,360
22922,390,361
22923,390,362
22924,390,363
22925,390,364
22926,390,365
22927,390,366
22928,390,367
22929,390,368
22930,390,369
22931,390,370
22932,390,371
22933,390,372
22934,390,373
22935,390,374
22936,390,375
22937,390,376
22938,390,377
22939,390,378
22940,390,379
22941,390,380
22942,390,381
22943,390,382
22944,390,383
22945,390,384
22946,390,385
22947,390,386
22948,390,387
22949,390,388
22950,390,389
22951,390,390
22952,390,391
22953,390,392
22954,390,393
22955,390,394
22956,390,395
22957,390,396
22958,390,397
22959,390,398
22960,390,399
22961,390,400
22962,390,401
22963,390,402
22964,390,403
22965,390,404
22966,390,405
22967,390,406
22968,390,407
22969,390,408
22970,390,409
22971,390,410
22972,390,411
22973,390,412
22974,390,413
22975,390,414
22976,390,415
22977,390,416
22978,390,417
22979,390,418
22980,390,419
22981,390,420
22982,390,421
22983,390,422
22984,390,423
22985,390,424
22986,390,425
22987,390,426
22988,390,427
22989,390,428
22990,390,429
22991,390,430
22992,390,431
22993,390,432
22994,390,433
22995,390,434
22996,390,435
22997,390,436
22998,390,437
22999,390,438
23000,390,439
23001,390,440
23002,390,441
23003,390,442
23004,390,443
23005,390,444
23006,390,445
23007,390,446
23008,390,447
23009,390,448
23010,390,449
23011,390,450
23012,390,451
23013,390,452
23014,390,453
23015,390,454
23016,390,455
23017,390,456
23018,390,457
23019,390,458
23020,390,459
23021,390,460
23022,390,461
23023,390,462
23024,390,463
23025,390,464
23026,390,465
23027,390,466
23028,390,467
23029,390,468
23030,390,469
23031,390,470
23032,390,471
23033,390,472
23034,390,473
23035,390,474
23036,390,475
23037,390,476
23038,390,477
23039,390,478
23040,390,479
23041,390,480
23042,390,556
23043,390,557
23044,390,558
23045,390,559
23046,390,560
23047,390,561
23048,390,562
23049,390,563
23050,390,564
23051,390,565
23052,390,566
23053,390,567
23054,390,568
23055,390,569
23056,390,570
23057,390,571
23058,390,572
23059,390,573
23060,390,574
23061,390,594
23062,390,595
23063,390,596
23064,390,597
23065,390,598
23066,390,599
23067,390,605
23068,391,324
23069,391,325
23070,391,326
23071,391,327
23072,391,328
23073,391,329
23074,391,330
23075,391,331
23076,391,332
23077,391,333
23078,391,334
23079,391,335
23080,391,336
23081,391,337
23082,391,338
23083,391,339
23084,391,340
23085,391,341
23086,391,342
23087,391,343
23088,391,344
23089,391,345
23090,391,346
23091,391,347
23092,391,348
23093,391,349
23094,391,350
23095,391,351
23096,391,352
23097,391,353
23098,391,354
23099,391,355
23100,391,356
23101,391,357
23102,391,358
23103,391,359
23104,391,360
23105,391,361
23106,391,362
23107,391,363
23108,391,364
23109,391,365
23110,391,366
23111,391,367
23112,391,368
23113,391,369
23114,391,370
23115,391,371
23116,391,372
23117,391,373
23118,391,374
23119,391,375
23120,391,376
23121,391,377
23122,391,378
23123,391,379
23124,391,380
23125,391,381
23126,391,382
23127,391,383
23128,391,384
23129,391,385
23130,391,386
23131,391,387
23132,391,388
23133,391,389
23134,391,390
23135,391,391
23136,391,392
23137,391,393
23138,391,394
23139,391,395
23140,391,396
23141,391,397
23142,391,398
23143,391,399
23144,391,400
23145,391,401
23146,391,402
23147,391,403
23148,391,404
23149,391,405
23150,391,406
23151,391,407
23152,391,408
23153,391,409
23154,391,410
23155,391,411
23156,391,412
23157,391,413
23158,391,414
23159,391,415
23160,391,416
23161,391,417
23162,391,418
23163,391,419
23164,391,420
23165,391,421
23166,391,422
23167,391,423
23168,391,424
23169,391,425
23170,391,426
23171,391,427
23172,391,428
23173,391,429
23174,391,430
23175,391,431
23176,391,432
23177,391,433
23178,391,434
23179,391,435
23180,391,436
23181,391,437
23182,391,438
23183,391,439
23184,391,440
23185,391,441
23186,391,442
23187,391,443
23188,391,444
23189,391,445
23190,391,446
23191,391,447
23192,391,448
23193,391,449
23194,391,450
23195,391,451
23196,391,452
23197,391,453
23198,391,454
23199,391,455
23200,391,456
23201,391,457
23202,391,458
23203,391,459
23204,391,460
23205,391,461
23206,391,462
23207,391,463
23208,391,464
23209,391,465
23210,391,466
23211,391,467
23212,391,468
23213,391,469
23214,391,470
23215,391,471
23216,391,472
23217,391,473
23218,391,474
23219,391,475
23220,391,476
23221,391,477
23222,391,478
23223,391,479
23224,391,480
23225,391,557
23226,391,558
23227,391,559
23228,391,560
23229,391,561
23230,391,562
23231,391,563
23232,391,564
23233,391,565
23234,391,566
23235,391,567
23236,391,568
23237,391,569
23238,391,570
23239,391,571
23240,391,572
23241,391,573
23242,391,596
23243,391,597
23244,391,598
23245,392,324
23246,392,325
23247,392,326
23248,392,327
23249,392,328
23250,392,329
23251,392,330
23252,392,331
23253,392,332
23254,392,333
23255,392,334
23256,392,335
23257,392,336
23258,392,337
23259,392,338
23260,392,339
23261,392,340
23262,392,341
23263,392,342
23264,392,343
23265,392,344
23266,392,345
23267,392,346
23268,392,347
23269,392,348
23270,392,349
23271,392,350
23272,392,351
23273,392,352
23274,392,353
23275,392,354
23276,392,355
23277,392,356
23278,392,357
23279,392,358
23280,392,359
23281,392,360
23282,392,361
23283,392,362
23284,392,363
23285,392,364
23286,392,365
23287,392,366
23288,392,367
23289,392,368
23290,392,369
23291,392,370
23292,392,371
23293,392,372
23294,392,373
23295,392,374
23296,392,375
23297,392,376
23298,392,377
23299,392,378
23300,392,379
23301,392,380
23302,392,381
23303,392,382
23304,392,383
23305,392,384
23306,392,385
23307,392,386
23308,392,387
23309,392,388
23310,392,389
23311,392,390
23312,392,391
23313,392,392
23314,392,393
23315,392,394
23316,392,395
23317,392,396
23318,392,397
23319,392,398
23320,392,399
23321,392,400
23322,392,401
23323,392,402
23324,392,403
23325,392,404
23326,392,405
23327,392,406
23328,392,407
23329,392,408
23330,392,409
23331,392,410
23332,392,411
23333,392,412
23334,392,413
23335,392,414
23336,392,415
23337,392,416
23338,392,417
23339,392,418
23340,392,419
23341,392,420
23342,392,421
23343,392,422
23344,392,423
23345,392,424
23346,392,425
23347,392,426
23348,392,427
23349,392,428
23350,392,429
23351,392,430
23352,392,431
23353,392,432
23354,392,433
23355,392,434
23356,392,435
23357,392,436
23358,392,437
23359,392,438
23360,392,439
23361,392,440
23362,392,441
23363,392,442
23364,392,443
23365,392,444
23366,392,445
23367,392,446
23368,392,447
23369,392,448
23370,392,449
23371,392,450
23372,392,451
23373,392,452
23374,392,453
23375,392,454
23376,392,455
23377,392,456
23378,392,457
23379,392,458
23380,392,459
23381,392,460
23382,392,461
23383,392,462
23384,392,463
23385,392,464
23386,392,465
23387,392,466
23388,392,467
23389,392,468
23390,392,469
23391,392,470
23392,392,471
23393,392,472
23394,392,473
23395,392,474
23396,392,475
23397,392,476
23398,392,477
23399,392,478
23400,392,479
23401,392,480
23402,392,557
23403,392,558
23404,392,559
23405,392,560
23406,392,561
23407,392,562
23408,392,563
23409,392,564
23410,392,565
23411,392,566
23412,392,567
23413,392,568
23414,393,324
23415,393,325
23416,393,326
23417,393,327
23418,393,328
23419,393,329
23420,393,330
23421,393,331
23422,393,332
23423,393,333
23424,393,334
23425,393,335
23426,393,336
23427,393,337
23428,393,338
23429,393,339
23430,393,340
23431,393,341
23432,393,342
23433,393,343
23434,393,344
23435,393,345
23436,393,346
23437,393,347
23438,393,348
23439,393,349
23440,393,350
23441,393,351
23442,393,352
23443,393,353
23444,393,354
23445,393,355
23446,393,356
23447,393,357
23448,393,358
23449,393,359
23450,393,360
23451,393,361
23452,393,362
23453,393,363
23454,393,364
23455,393,365
23456,393,366
23457,393,367
23458,393,368
23459,393,369
23460,393,370
23461,393,371
23462,393,372
23463,393,373
23464,393,374
23465,393,375
23466,393,376
23467,393,377
23468,393,378
23469,393,379
23470,393,380
23471,393,381
23472,393,382
23473,393,383
23474,393,384
23475,393,385
23476,393,386
23477,393,387
23478,393,388
23479,393,389
23480,393,390
23481,393,391
23482,393,392
23483,393,393
23484,393,394
23485,393,395
23486,393,396
23487,393,397
23488,393,398
23489,393,399
23490,393,400
23491,393,401
23492,393,402
23493,393,403
23494,393,404
23495,393,405
23496,393,406
23497,393,407
23498,393,408
23499,393,409
23500,393,410
23501,393,411
23502,393,412
23503,393,413
23504,393,414
23505,393,415
23506,393,416
23507,393,417
23508,393,418
23509,393,419
23510,393,420
23511,393,421
23512,393,422
23513,393,423
23514,393,424
23515,393,425
23516,393,426
23517,393,427
23518,393,428
23519,393,429
23520,393,430
23521,393,431
23522,393,432
23523,393,433
23524,393,434
23525,393,435
23526,393,436
23527,393,437
23528,393,438
23529,393,439
23530,393,440
23531,393,441
23532,393,442
23533,393,443
23534,393,444
23535,393,445
23536,393,446
23537,393,447
23538,393,448
23539,393,449
23540,393,450
23541,393,451
23542,393,452
23543,393,453
23544,393,454
23545,393,455
23546,393,456
23547,393,457
23548,393,458
23549,393,459
23550,393,460
23551,393,461
23552,393,462
23553,393,463
23554,393,464
23555,393,465
23556,393,466
23557,393,467
23558,393,468
23559,393,469
23560,393,470
23561,393,471
23562,393,472
23563,393,473
23564,393,474
23565,393,475
23566,393,476
23567,393,477
23568,393,478
23569,393,479
23570,393,480
23571,393,557
23572,393,558
23573,393,559
23574,393,560
23575,393,561
23576,393,562
23577,393,563
23578,393,564
23579,393,565
23580,393,566
23581,393,567
23582,394,324
23583,394,325
23584,394,326
23585,394,327
23586,394,328
23587,394,329
23588,394,330
23589,394,331
23590,394,332
23591,394,333
23592,394,334
23593,394,335
23594,394,336
23595,394,337
23596,394,338
23597,394,339
23598,394,340
23599,394,341
23600,394,342
23601,394,343
23602,394,344
23603,394,345
23604,394,346
23605,394,347
23606,394,348
23607,394,349
23608,394,350
23609,394,351
23610,394,352
23611,394,353
23612,394,354
23613,394,355
23614,394,356
23615,394,357
23616,394,358
23617,394,359
23618,394,360
23619,394,361
23620,394,362
23621,394,363
23622,394,364
23623,394,365
23624,394,366
23625,394,367
23626,394,368
23627,394,369
23628,394,370
23629,394,371
23630,394,372
23631,394,373
23632,394,374
23633,394,375
23634,394,376
23635,394,377
23636,394,378
23637,394,379
23638,394,380
23639,394,381
23640,394,382
23641,394,383
23642,394,384
23643,394,385
23644,394,386
23645,394,387
23646,394,388
23647,394,389
23648,394,390
23649,394,391
23650,394,392
23651,394,393
23652,394,394
23653,394,395
23654,394,396
23655,394,397
23656,394,398
23657,394,399
23658,394,400
23659,394,401
23660,394,402
23661,394,403
23662,394,404
23663,394,405
23664,394,406
23665,394,407
23666,394,408
23667,394,409
23668,394,410
23669,394,411
23670,394,412
23671,394,413
23672,394,414
23673,394,415
23674,394,416
23675,394,417
23676,394,418
23677,394,419
23678,394,420
23679,394,421
23680,394,422
23681,394,423
23682,394,424
23683,394,425
23684,394,426
23685,394,427
23686,394,428
23687,394,429
23688,394,430
23689,394,431
23690,394,432
23691,394,433
23692,394,434
23693,394,435
23694,394,436
23695,394,437
23696,394,438
23697,394,439
23698,394,440
23699,394,441
23700,394,442
23701,394,443
23702,394,444
23703,394,445
23704,394,446
23705,394,447
23706,394,448
23707,394,449
23708,394,450
23709,394,451
23710,394,452
23711,394,453
23712,394,454
23713,394,455
23714,394,456
23715,394,457
23716,394,458
23717,394,459
23718,394,460
23719,394,461
23720,394,462
23721,394,463
23722,394,464
23723,394,465
23724,394,466
23725,394,467
23726,394,468
23727,394,469
23728,394,470
23729,394,471
23730,394,472
23731,394,473
23732,394,474
23733,394,475
23734,394,476
23735,394,477
23736,394,478
23737,394,479
23738,394,480
23739,394,481
23740,394,558
23741,394,559
23742,394,560
23743,394,561
23744,394,562
23745,394,563
23746,394,564
23747,394,565
23748,394,566
23749,394,567
23750,394,596
23751,394,597
23752,394,598
23753,394,599
23754,395,324
23755,395,325
23756,395,326
23757,395,327
23758,395,328
23759,395,329
23760,395,330
23761,395,331
23762,395,332
23763,395,333
23764,395,334
23765,395,335
23766,395,336
23767,395,337
23768,395,338
23769,395,339
23770,395,340
23771,395,341
23772,395,342
23773,395,343
23774,395,344
23775,395,345
23776,395,346
23777,395,347
23778,395,348
23779,395,349
23780,395,350
23781,395,351
23782,395,352
23783,395,353
23784,395,354
23785,395,355
23786,395,356
23787,395,357
23788,395,358
23789,395,359
23790,395,360
23791,395,361
23792,395,362
23793,395,363
23794,395,364
23795,395,365
23796,395,366
23797,395,367
23798,395,368
23799,395,369
23800,395,370
23801,395,371
23802,395,372
23803,395,373
23804,395,374
23805,395,375
23806,395,376
23807,395,377
23808,395,378
23809,395,379
23810,395,380
23811,395,381
23812,395,382
23813,395,383
23814,395,384
23815,395,385
23816,395,386
23817,395,387
23818,395,388
23819,395,389
23820,395,390
23821,395,391
23822,395,392
23823,395,393
23824,395,394
23825,395,395
23826,395,396
23827,395,397
23828,395,398
23829,395,399
23830,395,400
23831,395,401
23832,395,402
23833,395,403
23834,395,404
23835,395,405
23836,395,406
23837,395,407
23838,395,408
23839,395,409
23840,395,410
23841,395,411
23842,395,412
23843,395,413
23844,395,414
23845,395,415
23846,395,416
23847,395,417
23848,395,418
23849,395,419
23850,395,420
23851,395,421
23852,395,422
23853,395,423
23854,395,424
23855,395,425
23856,395,426
23857,395,427
23858,395,428
23859,395,429
23860,395,430
23861,395,431
23862,395,432
23863,395,433
23864,395,434
23865,395,435
23866,395,436
23867,395,437
23868,395,438
23869,395,439
23870,395,440
23871,395,441
23872,395,442
23873,395,443
23874,395,444
23875,395,445
23876,395,446
23877,395,447
23878,395,448
23879,395,449
23880,395,450
23881,395,451
23882,395,452
23883,395,453
23884,395,454
23885,395,455
23886,395,456
23887,395,457
23888,395,458
23889,395,459
23890,395,460
23891,395,461
23892,395,462
23893,395,463
23894,395,464
23895,395,465
23896,395,466
23897,395,467
23898,395,468
23899,395,469
23900,395,470
23901,395,471
23902,395,472
23903,395,473
23904,395,474
23905,395,475
23906,395,476
23907,395,477
23908,395,478
23909,395,479
23910,395,480
23911,395,481
23912,395,576
23913,395,577
23914,395,578
23915,395,579
23916,395,580
23917,395,581
23918,395,586
23919,395,587
23920,395,588
23921,395,589
23922,395,590
23923,395,595
23924,395,596
23925,395,597
23926,395,598
23927,395,599
23928,395,600
23929,395,601
23930,395,602
23931,395,603
23932,395,604
23933,395,605
23934,395,606
23935,395,607
23936,395,608
23937,395,609
23938,395,610
23939,396,325
23940,396,326
23941,396,327
23942,396,328
23943,396,329
23944,396,330
23945,396,331
23946,396,332
23947,396,333
23948,396,334
23949,396,335
23950,396,336
23951,396,337
23952,396,338
23953,396,339
23954,396,340
23955,396,341
23956,396,342
23957,396,343
23958,396,344
23959,396,345
23960,396,346
23961,396,347
23962,396,348
23963,396,349
23964,396,350
23965,396,351
23966,396,352
23967,396,353
23968,396,354
23969,396,355
23970,396,356
23971,396,357
23972,396,358
23973,396,359
23974,396,360
23975,396,361
23976,396,362
23977,396,363
23978,396,364
23979,396,365
23980,396,366
23981,396,367
23982,396,368
23983,396,369
23984,396,370
23985,396,371
23986,396,372
23987,396,373
23988,396,374
23989,396,375
23990,396,376
23991,396,377
23992,396,378
23993,396,379
23994,396,380
23995,396,381
23996,396,382
23997,396,383
23998,396,384
23999,396,385
24000,396,386
24001,396,387
24002,396,388
24003,396,389
24004,396,390
24005,396,391
24006,396,392
24007,396,393
24008,396,394
24009,396,395
24010,396,396
24011,396,397
24012,396,398
24013,396,399
24014,396,400
24015,396,401
24016,396,402
24017,396,403
24018,396,404
24019,396,405
24020,396,406
24021,396,407
24022,396,408
24023,396,409
24024,396,410
24025,396,411
24026,396,412
24027,396,413
24028,396,414
24029,396,415
24030,396,416
24031,396,417
24032,396,418
24033,396,419
24034,396,420
24035,396,421
24036,396,422
24037,396,423
24038,396,424
24039,396,425
24040,396,426
24041,396,427
24042,396,428
24043,396,429
24044,396,430
24045,396,431
24046,396,432
24047,396,433
24048,396,434
24049,396,435
24050,396,436
24051,396,437
24052,396,438
24053,396,439
24054,396,440
24055,396,441
24056,396,442
24057,396,443
24058,396,444
24059,396,445
24060,396,446
24061,396,447
24062,396,448
24063,396,449
24064,396,450
24065,396,451
24066,396,452
24067,396,453
24068,396,454
24069,396,455
24070,396,456
24071,396,457
24072,396,458
24073,396,459
24074,396,460
24075,396,461
24076,396,462
24077,396,463
24078,396,464
24079,396,465
24080,396,466
24081,396,467
24082,396,468
24083,396,469
24084,396,470
24085,396,471
24086,396,472
24087,396,473
24088,396,474
24089,396,475
24090,396,476
24091,396,477
24092,396,478
24093,396,479
24094,396,480
24095,396,481
24096,396,572
24097,396,573
24098,396,574
24099,396,575
24100,396,576
24101,396,577
24102,396,578
24103,396,579
24104,396,580
24105,396,581
24106,396,582
24107,396,585
24108,396,586
24109,396,587
24110,396,588
24111,396,589
24112,396,590
24113,396,595
24114,396,596
24115,396,597
24116,396,598
24117,396,599
24118,396,600
24119,396,601
24120,396,602
24121,396,603
24122,396,604
24123,396,605
24124,396,606
24125,396,607
24126,396,608
24127,396,609
24128,396,610
24129,396,611
24130,397,325
24131,397,326
24132,397,327
24133,397,328
24134,397,329
24135,397,330
24136,397,331
24137,397,332
24138,397,333
24139,397,334
24140,397,335
24141,397,336
24142,397,337
24143,397,338
24144,397,339
24145,397,340
24146,397,341
24147,397,342
24148,397,343
24149,397,344
24150,397,345
24151,397,346
24152,397,347
24153,397,348
24154,397,349
24155,397,350
24156,397,351
24157,397,352
24158,397,353
24159,397,354
24160,397,355
24161,397,356
24162,397,357
24163,397,358
24164,397,359
24165,397,360
24166,397,361
24167,397,362
24168,397,363
24169,397,364
24170,397,365
24171,397,366
24172,397,367
24173,397,368
24174,397,369
24175,397,370
24176,397,371
24177,397,372
24178,397,373
24179,397,374
24180,397,375
24181,397,376
24182,397,377
24183,397,378
24184,397,379
24185,397,380
24186,397,381
24187,397,382
24188,397,383
24189,397,384
24190,397,385
24191,397,386
24192,397,387
24193,397,388
24194,397,389
24195,397,390
24196,397,391
24197,397,392
24198,397,393
24199,397,394
24200,397,395
24201,397,396
24202,397,397
24203,397,398
24204,397,399
24205,397,400
24206,397,401
24207,397,402
24208,397,403
24209,397,404
24210,397,405
24211,397,406
24212,397,407
24213,397,408
24214,397,409
24215,397,410
24216,397,411
24217,397,412
24218,397,413
24219,397,414
24220,397,415
24221,397,416
24222,397,417
24223,397,418
24224,397,419
24225,397,420
24226,397,421
24227,397,422
24228,397,423
24229,397,424
24230,397,425
24231,397,426
24232,397,427
24233,397,428
24234,397,429
24235,397,430
24236,397,431
24237,397,432
24238,397,433
24239,397,434
24240,397,435
24241,397,436
24242,397,437
24243,397,438
24244,397,439
24245,397,440
24246,397,441
24247,397,442
24248,397,443
24249,397,444
24250,397,445
24251,397,446
24252,397,447
24253,397,448
24254,397,449
24255,397,450
24256,397,451
24257,397,452
24258,397,453
24259,397,454
24260,397,455
24261,397,456
24262,397,457
24263,397,458
24264,397,459
24265,397,460
24266,397,461
24267,397,462
24268,397,463
24269,397,464
24270,397,465
24271,397,466
24272,397,467
24273,397,468
24274,397,469
24275,397,470
24276,397,471
24277,397,472
24278,397,473
24279,397,474
24280,397,475
24281,397,476
24282,397,477
24283,397,478
24284,397,479
24285,397,480
24286,397,481
24287,397,573
24288,397,574
24289,397,575
24290,397,576
24291,397,577
24292,397,578
24293,397,579
24294,397,580
24295,397,581
24296,397,582
24297,397,583
24298,397,585
24299,397,586
24300,397,587
24301,397,588
24302,397,589
24303,397,590
24304,397,596
24305,397,597
24306,397,598
24307,397,599
24308,397,600
24309,397,602
24310,397,603
24311,397,604
24312,397,605
24313,397,606
24314,397,607
24315,397,608
24316,397,609
24317,397,610
24318,397,611
24319,398,325
24320,398,326
24321,398,327
24322,398,328
24323,398,329
24324,398,330
24325,398,331
24326,398,332
24327,398,333
24328,398,334
24329,398,335
24330,398,336
24331,398,337
24332,398,338
24333,398,339
24334,398,340
24335,398,341
24336,398,342
24337,398,343
24338,398,344
24339,398,345
24340,398,346
24341,398,347
24342,398,348
24343,398,349
24344,398,350
24345,398,351
24346,398,352
24347,398,353
24348,398,354
24349,398,355
24350,398,356
24351,398,357
24352,398,358
24353,398,359
24354,398,360
24355,398,361
24356,398,362
24357,398,363
24358,398,364
24359,398,365
24360,398,366
24361,398,367
24362,398,368
24363,398,369
24364,398,370
24365,398,371
24366,398,372
24367,398,373
24368,398,374
24369,398,375
24370,398,376
24371,398,377
24372,398,378
24373,398,379
24374,398,380
24375,398,381
24376,398,382
24377,398,383
24378,398,384
24379,398,385
24380,398,386
24381,398,387
24382,398,388
24383,398,389
24384,398,390
24385,398,391
24386,398,392
24387,398,393
24388,398,394
24389,398,395
24390,398,396
24391,398,397
24392,398,398
24393,398,399
24394,398,400
24395,398,401
24396,398,402
24397,398,403
24398,398,404
24399,398,405
24400,398,406
24401,398,407
24402,398,408
24403,398,409
24404,398,410
24405,398,411
24406,398,412
24407,398,413
24408,398,414
24409,398,415
24410,398,416
24411,398,417
24412,398,418
24413,398,419
24414,398,420
24415,398,421
24416,398,422
24417,398,423
24418,398,424
24419,398,425
24420,398,426
24421,398,427
24422,398,428
24423,398,429
24424,398,430
24425,398,431
24426,398,432
24427,398,433
24428,398,434
24429,398,435
24430,398,436
24431,398,437
24432,398,438
24433,398,439
24434,398,440
24435,398,441
24436,398,442
24437,398,443
24438,398,444
24439,398,445
24440,398,446
24441,398,447
24442,398,448
24443,398,449
24444,398,450
24445,398,451
24446,398,452
24447,398,453
24448,398,454
24449,398,455
24450,398,456
24451,398,457
24452,398,458
24453,398,459
24454,398,460
24455,398,461
24456,398,462
24457,398,463
24458,398,464
24459,398,465
24460,398,466
24461,398,467
24462,398,468
24463,398,469
24464,398,470
24465,398,471
24466,398,472
24467,398,473
24468,398,474
24469,398,475
24470,398,476
24471,398,477
24472,398,478
24473,398,479
24474,398,480
24475,398,481
24476,398,553
24477,398,573
24478,398,574
24479,398,575
24480,398,576
24481,398,577
24482,398,578
24483,398,579
24484,398,580
24485,398,581
24486,398,582
24487,398,583
24488,398,584
24489,398,585
24490,398,586
24491,398,587
24492,398,588
24493,398,606
24494,398,607
24495,398,608
24496,398,609
24497,398,610
24498,398,611
24499,399,325
24500,399,326
24501,399,327
24502,399,328
24503,399,329
24504,399,330
24505,399,331
24506,399,332
24507,399,333
24508,399,334
24509,399,335
24510,399,336
24511,399,337
24512,399,338
24513,399,339
24514,399,340
24515,399,341
24516,399,342
24517,399,343
24518,399,344
24519,399,345
24520,399,346
24521,399,347
24522,399,348
24523,399,349
24524,399,350
24525,399,351
24526,399,352
24527,399,353
24528,399,354
24529,399,355
24530,399,356
24531,399,357
24532,399,358
24533,399,359
24534,399,360
24535,399,361
24536,399,362
24537,399,363
24538,399,364
24539,399,365
24540,399,366
24541,399,367
24542,399,368
24543,399,369
24544,399,370
24545,399,371
24546,399,372
24547,399,373
24548,399,374
24549,399,375
24550,399,376
24551,399,377
24552,399,378
24553,399,379
24554,399,380
24555,399,381
24556,399,382
24557,399,383
24558,399,384
24559,399,385
24560,399,386
24561,399,387
24562,399,388
24563,399,389
24564,399,390
24565,399,391
24566,399,392
24567,399,393
24568,399,394
24569,399,395
24570,399,396
24571,399,397
24572,399,398
24573,399,399
24574,399,400
24575,399,401
24576,399,402
24577,399,403
24578,399,404
24579,399,405
24580,399,406
24581,399,407
24582,399,408
24583,399,409
24584,399,410
24585,399,411
24586,399,412
24587,399,413
24588,399,414
24589,399,415
24590,399,416
24591,399,417
24592,399,418
24593,399,419
24594,399,420
24595,399,421
24596,399,422
24597,399,423
24598,399,424
24599,399,425
24600,399,426
24601,399,427
24602,399,428
24603,399,429
24604,399,430
24605,399,431
24606,399,432
24607,399,433
24608,399,434
24609,399,435
24610,399,436
24611,399,437
24612,399,438
24613,399,439
24614,399,440
24615,399,441
24616,399,442
24617,399,443
24618,399,444
24619,399,445
24620,399,446
24621,399,447
24622,399,448
24623,399,449
24624,399,450
24625,399,451
24626,399,452
24627,399,453
24628,399,454
24629,399,455
24630,399,456
24631,399,457
24632,399,458
24633,399,459
24634,399,460
24635,399,461
24636,399,462
24637,399,463
24638,399,464
24639,399,465
24640,399,466
24641,399,467
24642,399,468
24643,399,469
24644,399,470
24645,399,471
24646,399,472
24647,399,473
24648,399,474
24649,399,475
24650,399,476
24651,399,477
24652,399,478
24653,399,479
24654,399,480
24655,399,481
24656,399,482
24657,399,549
24658,399,550
24659,399,551
24660,399,552
24661,399,553
24662,399,554
24663,399,573
24664,399,574
24665,399,575
24666,399,576
24667,399,577
24668,399,578
24669,399,579
24670,399,580
24671,399,581
24672,399,582
24673,399,583
24674,399,584
24675,399,585
24676,399,586
24677,399,607
24678,399,608
24679,399,609
24680,399,610
24681,399,611
24682,399,612
24683,400,324
24684,400,325
24685,400,326
24686,400,327
24687,400,328
24688,400,329
24689,400,330
24690,400,331
24691,400,332
24692,400,333
24693,400,334
24694,400,335
24695,400,336
24696,400,337
24697,400,338
24698,400,339
24699,400,340
24700,400,341
24701,400,342
24702,400,343
24703,400,344
24704,400,345
24705,400,346
24706,400,347
24707,400,348
24708,400,349
24709,400,350
24710,400,351
24711,400,352
24712,400,353
24713,400,354
24714,400,355
24715,400,356
24716,400,357
24717,400,358
24718,400,359
24719,400,360
24720,400,361
24721,400,362
24722,400,363
24723,400,364
24724,400,365
24725,400,366
24726,400,367
24727,400,368
24728,400,369
24729,400,370
24730,400,371
24731,400,372
24732,400,373
24733,400,374
24734,400,375
24735,400,376
24736,400,377
24737,400,378
24738,400,379
24739,400,380
24740,400,381
24741,400,382
24742,400,383
24743,400,384
24744,400,385
24745,400,386
24746,400,387
24747,400,388
24748,400,389
24749,400,390
24750,400,391
24751,400,392
24752,400,393
24753,400,394
24754,400,395
24755,400,396
24756,400,397
24757,400,398
24758,400,399
24759,400,400
24760,400,401
24761,400,402
24762,400,403
24763,400,404
24764,400,405
24765,400,406
24766,400,407
24767,400,408
24768,400,409
24769,400,410
24770,400,411
24771,400,412
24772,400,413
24773,400,414
24774,400,415
24775,400,416
24776,400,417
24777,400,418
24778,400,419
24779,400,420
24780,400,421
24781,400,422
24782,400,423
24783,400,424
24784,400,425
24785,400,426
24786,400,427
24787,400,428
24788,400,429
24789,400,430
24790,400,431
24791,400,432
24792,400,433
24793,400,434
24794,400,435
24795,400,436
24796,400,437
24797,400,438
24798,400,439
24799,400,440
24800,400,441
24801,400,442
24802,400,443
24803,400,444
24804,400,445
24805,400,446
24806,400,447
24807,400,448
24808,400,449
24809,400,450
24810,400,451
24811,400,452
24812,400,453
24813,400,454
24814,400,455
24815,400,456
24816,400,457
24817,400,458
24818,400,459
24819,400,460
24820,400,461
24821,400,462
24822,400,463
24823,400,464
24824,400,465
24825,400,466
24826,400,467
24827,400,468
24828,400,469
24829,400,470
24830,400,471
24831,400,472
24832,400,473
24833,400,474
24834,400,475
24835,400,476
24836,400,477
24837,400,478
24838,400,479
24839,400,480
24840,400,481
24841,400,482
24842,400,552
24843,400,553
24844,400,554
24845,400,574
24846,400,575
24847,400,576
24848,400,577
24849,400,578
24850,400,579
24851,400,580
24852,400,581
24853,400,582
24854,400,583
24855,400,607
24856,400,608
24857,400,609
24858,400,610
24859,400,611
24860,400,612
24861,401,324
24862,401,325
24863,401,326
24864,401,327
24865,401,328
24866,401,329
24867,401,330
24868,401,331
24869,401,332
24870,401,333
24871,401,334
24872,401,335
24873,401,336
24874,401,337
24875,401,338
24876,401,339
24877,401,340
24878,401,341
24879,401,342
24880,401,343
24881,401,344
24882,401,345
24883,401,346
24884,401,347
24885,401,348
24886,401,349
24887,401,350
24888,401,351
24889,401,352
24890,401,353
24891,401,354
24892,401,355
24893,401,356
24894,401,357
24895,401,358
24896,401,359
24897,401,360
24898,401,361
24899,401,362
24900,401,363
24901,401,364
24902,401,365
24903,401,366
24904,401,367
24905,401,368
24906,401,369
24907,401,370
24908,401,371
24909,401,372
24910,401,373
24911,401,374
24912,401,375
24913,401,376
24914,401,377
24915,401,378
24916,401,379
24917,401,380
24918,401,381
24919,401,382
24920,401,383
24921,401,384
24922,401,385
24923,401,386
24924,401,387
24925,401,388
24926,401,389
24927,401,390
24928,401,391
24929,401,392
24930,401,393
24931,401,394
24932,401,395
24933,401,396
24934,401,397
24935,401,398
24936,401,399
24937,401,400
24938,401,401
24939,401,402
24940,401,403
24941,401,404
24942,401,405
24943,401,406
24944,401,407
24945,401,408
24946,401,409
24947,401,410
24948,401,411
24949,401,412
24950,401,413
24951,401,414
24952,401,415
24953,401,416
24954,401,417
24955,401,418
24956,401,419
24957,401,420
24958,401,421
24959,401,422
24960,401,423
24961,401,424
24962,401,425
24963,401,426
24964,401,427
24965,401,428
24966,401,429
24967,401,430
24968,401,431
24969,401,432
24970,401,433
24971,401,434
24972,401,435
24973,401,436
24974,401,437
24975,401,438
24976,401,439
24977,401,440
24978,401,441
24979,401,442
24980,401,443
24981,401,444
24982,401,445
24983,401,446
24984,401,447
24985,401,448
24986,401,449
24987,401,450
24988,401,451
24989,401,452
24990,401,453
24991,401,454
24992,401,455
24993,401,456
24994,401,457
24995,401,458
24996,401,459
24997,401,460
24998,401,461
24999,401,462
25000,401,463
25001,401,464
25002,401,465
25003,401,466
25004,401,467
25005,401,468
25006,401,469
25007,401,470
25008,401,471
25009,401,472
25010,401,473
25011,401,474
25012,401,475
25013,401,476
25014,401,477
25015,401,478
25016,401,479
25017,401,480
25018,401,481
25019,401,482
25020,401,576
25021,401,577
25022,401,578
25023,401,579
25024,401,580
25025,401,581
25026,401,582
25027,401,608
25028,401,609
25029,401,610
25030,401,611
25031,401,612
25032,402,324
25033,402,325
25034,402,326
25035,402,327
25036,402,328
25037,402,329
25038,402,330
25039,402,331
25040,402,332
25041,402,333
25042,402,334
25043,402,335
25044,402,336
25045,402,337
25046,402,338
25047,402,339
25048,402,340
25049,402,341
25050,402,342
25051,402,343
25052,402,344
25053,402,345
25054,402,346
25055,402,347
25056,402,348
25057,402,349
25058,402,350
25059,402,351
25060,402,352
25061,402,353
25062,402,354
25063,402,355
25064,402,356
25065,402,357
25066,402,358
25067,402,359
25068,402,360
25069,402,361
25070,402,362
25071,402,363
25072,402,364
25073,402,365
25074,402,366
25075,402,367
25076,402,368
25077,402,369
25078,402,370
25079,402,371
25080,402,372
25081,402,373
25082,402,374
25083,402,375
25084,402,376
25085,402,377
25086,402,378
25087,402,379
25088,402,380
25089,402,381
25090,402,382
25091,402,383
25092,402,384
25093,402,385
25094,402,386
25095,402,387
25096,402,388
25097,402,389
25098,402,390
25099,402,391
25100,402,392
25101,402,393
25102,402,394
25103,402,395
25104,402,396
25105,402,397
25106,402,398
25107,402,399
25108,402,400
25109,402,401
25110,402,402
25111,402,403
25112,402,404
25113,402,405
25114,402,406
25115,402,407
25116,402,408
25117,402,409
25118,402,410
25119,402,411
25120,402,412
25121,402,413
25122,402,414
25123,402,415
25124,402,416
25125,402,417
25126,402,418
25127,402,419
25128,402,420
25129,402,421
25130,402,422
25131,402,423
25132,402,424
25133,402,425
25134,402,426
25135,402,427
25136,402,428
25137,402,429
25138,402,430
25139,402,431
25140,402,432
25141,402,433
25142,402,434
25143,402,435
25144,402,436
25145,402,437
25146,402,438
25147,402,439
25148,402,440
25149,402,441
25150,402,442
25151,402,443
25152,402,444
25153,402,445
25154,402,446
25155,402,447
25156,402,448
25157,402,449
25158,402,450
25159,402,451
25160,402,452
25161,402,453
25162,402,454
25163,402,455
25164,402,456
25165,402,457
25166,402,458
25167,402,459
25168,402,460
25169,402,461
25170,402,462
25171,402,463
25172,402,464
25173,402,465
25174,402,466
25175,402,467
25176,402,468
25177,402,469
25178,402,470
25179,402,471
25180,402,472
25181,402,473
25182,402,474
25183,402,475
25184,402,476
25185,402,477
25186,402,478
25187,402,479
25188,402,480
25189,402,481
25190,402,482
25191,402,562
25192,402,577
25193,402,578
25194,402,579
25195,402,580
25196,402,581
25197,402,612
25198,402,613
25199,402,614
25200,403,324
25201,403,325
25202,403,326
25203,403,327
25204,403,328
25205,403,329
25206,403,330
25207,403,331
25208,403,332
25209,403,333
25210,403,334
25211,403,335
25212,403,336
25213,403,337
25214,403,338
25215,403,339
25216,403,340
25217,403,341
25218,403,342
25219,403,343
25220,403,344
25221,403,345
25222,403,346
25223,403,347
25224,403,348
25225,403,349
25226,403,350
25227,403,351
25228,403,352
25229,403,353
25230,403,354
25231,403,355
25232,403,356
25233,403,357
25234,403,358
25235,403,359
25236,403,360
25237,403,361
25238,403,362
25239,403,363
25240,403,364
25241,403,365
25242,403,366
25243,403,367
25244,403,368
25245,403,369
25246,403,370
25247,403,371
25248,403,372
25249,403,373
25250,403,374
25251,403,375
25252,403,376
25253,403,377
25254,403,378
25255,403,379
25256,403,380
25257,403,381
25258,403,382
25259,403,383
25260,403,384
25261,403,385
25262,403,386
25263,403,387
25264,403,388
25265,403,389
25266,403,390
25267,403,391
25268,403,392
25269,403,393
25270,403,394
25271,403,395
25272,403,396
25273,403,397
25274,403,398
25275,403,399
25276,403,400
25277,403,401
25278,403,402
25279,403,403
25280,403,404
25281,403,405
25282,403,406
25283,403,407
25284,403,408
25285,403,409
25286,403,410
25287,403,411
25288,403,412
25289,403,413
25290,403,414
25291,403,415
25292,403,416
25293,403,417
25294,403,418
25295,403,419
25296,403,420
25297,403,421
25298,403,422
25299,403,423
25300,403,424
25301,403,425
25302,403,426
25303,403,427
25304,403,428
25305,403,429
25306,403,430
25307,403,431
25308,403,432
25309,403,433
25310,403,434
25311,403,435
25312,403,436
25313,403,437
25314,403,438
25315,403,439
25316,403,440
25317,403,441
25318,403,442
25319,403,443
25320,403,444
25321,403,445
25322,403,446
25323,403,447
25324,403,448
25325,403,449
25326,403,450
25327,403,451
25328,403,452
25329,403,453
25330,403,454
25331,403,455
25332,403,456
25333,403,457
25334,403,458
25335,403,459
25336,403,460
25337,403,461
25338,403,462
25339,403,463
25340,403,464
25341,403,465
25342,403,466
25343,403,467
25344,403,468
25345,403,469
25346,403,470
25347,403,471
25348,403,472
25349,403,473
25350,403,474
25351,403,475
25352,403,476
25353,403,477
25354,403,478
25355,403,479
25356,403,480
25357,403,481
25358,403,482
25359,403,562
25360,403,577
25361,403,578
25362,403,579
25363,403,580
25364,403,581
25365,403,613
25366,403,614
25367,404,323
25368,404,324
25369,404,325
25370,404,326
25371,404,327
25372,404,328
25373,404,329
25374,404,330
25375,404,331
25376,404,332
25377,404,333
25378,404,334
25379,404,335
25380,404,336
25381,404,337
25382,404,338
25383,404,339
25384,404,340
25385,404,341
25386,404,342
25387,404,343
25388,404,344
25389,404,345
25390,404,346
25391,404,347
25392,404,348
25393,404,349
25394,404,350
25395,404,351
25396,404,352
25397,404,353
25398,404,354
25399,404,355
25400,404,356
25401,404,357
25402,404,358
25403,404,359
25404,404,360
25405,404,361
25406,404,362
25407,404,363
25408,404,364
25409,404,365
25410,404,366
25411,404,367
25412,404,368
25413,404,369
25414,404,370
25415,404,371
25416,404,372
25417,404,373
25418,404,374
25419,404,375
25420,404,376
25421,404,377
25422,404,378
25423,404,379
25424,404,380
25425,404,381
25426,404,382
25427,404,383
25428,404,384
25429,404,385
25430,404,386
25431,404,387
25432,404,388
25433,404,389
25434,404,390
25435,404,391
25436,404,392
25437,404,393
25438,404,394
25439,404,395
25440,404,396
25441,404,397
25442,404,398
25443,404,399
25444,404,400
25445,404,401
25446,404,402
25447,404,403
25448,404,404
25449,404,405
25450,404,406
25451,404,407
25452,404,408
25453,404,409
25454,404,410
25455,404,411
25456,404,412
25457,404,413
25458,404,414
25459,404,415
25460,404,416
25461,404,417
25462,404,418
25463,404,419
25464,404,420
25465,404,421
25466,404,422
25467,404,423
25468,404,424
25469,404,425
25470,404,426
25471,404,427
25472,404,428
25473,404,429
25474,404,430
25475,404,431
25476,404,432
25477,404,433
25478,404,434
25479,404,435
25480,404,436
25481,404,437
25482,404,438
25483,404,439
25484,404,440
25485,404,441
25486,404,442
25487,404,443
25488,404,444
25489,404,445
25490,404,446
25491,404,447
25492,404,448
25493,404,449
25494,404,450
25495,404,451
25496,404,452
25497,404,453
25498,404,454
25499,404,455
25500,404,456
25501,404,457
25502,404,458
25503,404,459
25504,404,460
25505,404,461
25506,404,462
25507,404,463
25508,404,464
25509,404,465
25510,404,466
25511,404,467
25512,404,468
25513,404,469
25514,404,470
25515,404,471
25516,404,472
25517,404,473
25518,404,474
25519,404,475
25520,404,476
25521,404,477
25522,404,478
25523,404,479
25524,404,480
25525,404,481
25526,404,482
25527,404,578
25528,404,579
25529,404,580
25530,404,581
25531,404,613
25532,404,614
25533,405,323
25534,405,324
25535,405,325
25536,405,326
25537,405,327
25538,405,328
25539,405,329
25540,405,330
25541,405,331
25542,405,332
25543,405,333
25544,405,334
25545,405,335
25546,405,336
25547,405,337
25548,405,338
25549,405,339
25550,405,340
25551,405,341
25552,405,342
25553,405,343
25554,405,344
25555,405,345
25556,405,346
25557,405,347
25558,405,348
25559,405,349
25560,405,350
25561,405,351
25562,405,352
25563,405,353
25564,405,354
25565,405,355
25566,405,356
25567,405,357
25568,405,358
25569,405,359
25570,405,360
25571,405,361
25572,405,362
25573,405,363
25574,405,364
25575,405,365
25576,405,366
25577,405,367
25578,405,368
25579,405,369
25580,405,370
25581,405,371
25582,405,372
25583,405,373
25584,405,374
25585,405,375
25586,405,376
25587,405,377
25588,405,378
25589,405,379
25590,405,380
25591,405,381
25592,405,382
25593,405,383
25594,405,384
25595,405,385
25596,405,386
25597,405,387
25598,405,388
25599,405,389
25600,405,390
25601,405,391
25602,405,392
25603,405,393
25604,405,394
25605,405,395
25606,405,396
25607,405,397
25608,405,398
25609,405,399
25610,405,400
25611,405,401
25612,405,402
25613,405,403
25614,405,404
25615,405,405
25616,405,406
25617,405,407
25618,405,408
25619,405,409
25620,405,410
25621,405,411
25622,405,412
25623,405,413
25624,405,414
25625,405,415
25626,405,416
25627,405,417
25628,405,418
25629,405,419
25630,405,420
25631,405,421
25632,405,422
25633,405,423
25634,405,424
25635,405,425
25636,405,426
25637,405,427
25638,405,428
25639,405,429
25640,405,430
25641,405,431
25642,405,432
25643,405,433
25644,405,434
25645,405,435
25646,405,436
25647,405,437
25648,405,438
25649,405,439
25650,405,440
25651,405,441
25652,405,442
25653,405,443
25654,405,444
25655,405,445
25656,405,446
25657,405,447
25658,405,448
25659,405,449
25660,405,450
25661,405,451
25662,405,452
25663,405,453
25664,405,454
25665,405,455
25666,405,456
25667,405,457
25668,405,458
25669,405,459
25670,405,460
25671,405,461
25672,405,462
25673,405,463
25674,405,464
25675,405,465
25676,405,466
25677,405,467
25678,405,468
25679,405,469
25680,405,470
25681,405,471
25682,405,472
25683,405,473
25684,405,474
25685,405,475
25686,405,476
25687,405,477
25688,405,478
25689,405,479
25690,405,480
25691,405,481
25692,405,482
25693,405,579
25694,405,610
25695,406,323
25696,406,324
25697,406,325
25698,406,326
25699,406,327
25700,406,328
25701,406,329
25702,406,330
25703,406,331
25704,406,332
25705,406,333
25706,406,334
25707,406,335
25708,406,336
25709,406,337
25710,406,338
25711,406,339
25712,406,340
25713,406,341
25714,406,342
25715,406,343
25716,406,344
25717,406,345
25718,406,346
25719,406,347
25720,406,348
25721,406,349
25722,406,350
25723,406,351
25724,406,352
25725,406,353
25726,406,354
25727,406,355
25728,406,356
25729,406,357
25730,406,358
25731,406,359
25732,406,360
25733,406,361
25734,406,362
25735,406,363
25736,406,364
25737,406,365
25738,406,366
25739,406,367
25740,406,368
25741,406,369
25742,406,370
25743,406,371
25744,406,372
25745,406,373
25746,406,374
25747,406,375
25748,406,376
25749,406,377
25750,406,378
25751,406,379
25752,406,380
25753,406,381
25754,406,382
25755,406,383
25756,406,384
25757,406,385
25758,406,386
25759,406,387
25760,406,388
25761,406,389
25762,406,390
25763,406,391
25764,406,392
25765,406,393
25766,406,394
25767,406,395
25768,406,396
25769,406,397
25770,406,398
25771,406,399
25772,406,400
25773,406,401
25774,406,402
25775,406,403
25776,406,404
25777,406,405
25778,406,406
25779,406,407
25780,406,408
25781,406,409
25782,406,410
25783,406,411
25784,406,412
25785,406,413
25786,406,414
25787,406,415
25788,406,416
25789,406,417
25790,406,418
25791,406,419
25792,406,420
25793,406,421
25794,406,422
25795,406,423
25796,406,424
25797,406,425
25798,406,426
25799,406,427
25800,406,428
25801,406,429
25802,406,430
25803,406,431
25804,406,432
25805,406,433
25806,406,434
25807,406,435
25808,406,436
25809,406,437
25810,406,438
25811,406,439
25812,406,440
25813,406,441
25814,406,442
25815,406,443
25816,406,444
25817,406,445
25818,406,446
25819,406,447
25820,406,448
25821,406,449
25822,406,450
25823,406,451
25824,406,452
25825,406,453
25826,406,454
25827,406,455
25828,406,456
25829,406,457
25830,406,458
25831,406,459
25832,406,460
25833,406,461
25834,406,462
25835,406,463
25836,406,464
25837,406,465
25838,406,466
25839,406,467
25840,406,468
25841,406,469
25842,406,470
25843,406,471
25844,406,472
25845,406,473
25846,406,474
25847,406,475
25848,406,476
25849,406,477
25850,406,478
25851,406,479
25852,406,480
25853,406,481
25854,406,482
25855,406,610
25856,406,611
25857,407,323
25858,407,324
25859,407,325
25860,407,326
25861,407,327
25862,407,328
25863,407,329
25864,407,330
25865,407,331
25866,407,332
25867,407,333
25868,407,334
25869,407,335
25870,407,336
25871,407,337
25872,407,338
25873,407,339
25874,407,340
25875,407,341
25876,407,342
25877,407,343
25878,407,344
25879,407,345
25880,407,346
25881,407,347
25882,407,348
25883,407,349
25884,407,350
25885,407,351
25886,407,352
25887,407,353
25888,407,354
25889,407,355
25890,407,356
25891,407,357
25892,407,358
25893,407,359
25894,407,360
25895,407,361
25896,407,362
25897,407,363
25898,407,364
25899,407,365
25900,407,366
25901,407,367
25902,407,368
25903,407,369
25904,407,370
25905,407,371
25906,407,372
25907,407,373
25908,407,374
25909,407,375
25910,407,376
25911,407,377
25912,407,378
25913,407,379
25914,407,380
25915,407,381
25916,407,382
25917,407,383
25918,407,384
25919,407,385
25920,407,386
25921,407,387
25922,407,388
25923,407,389
25924,407,390
25925,407,391
25926,407,392
25927,407,393
25928,407,394
25929,407,395
25930,407,396
25931,407,397
25932,407,398
25933,407,399
25934,407,400
25935,407,401
25936,407,402
25937,407,403
25938,407,404
25939,407,405
25940,407,406
25941,407,407
25942,407,408
25943,407,409
25944,407,410
25945,407,411
25946,407,412
25947,407,413
25948,407,414
25949,407,415
25950,407,416
25951,407,417
25952,407,418
25953,407,419
25954,407,420
25955,407,421
25956,407,422
25957,407,423
25958,407,424
25959,407,425
25960,407,426
25961,407,427
25962,407,428
25963,407,429
25964,407,430
25965,407,431
25966,407,432
25967,407,433
25968,407,434
25969,407,435
25970,407,436
25971,407,437
25972,407,438
25973,407,439
25974,407,440
25975,407,441
25976,407,442
25977,407,443
25978,407,444
25979,407,445
25980,407,446
25981,407,447
25982,407,448
25983,407,449
25984,407,450
25985,407,451
25986,407,452
25987,407,453
25988,407,454
25989,407,455
25990,407,456
25991,407,457
25992,407,458
25993,407,459
25994,407,460
25995,407,461
25996,407,462
25997,407,463
25998,407,464
25999,407,465
26000,407,466
26001,407,467
26002,407,468
26003,407,469
26004,407,470
26005,407,471
26006,407,472
26007,407,473
26008,407,474
26009,407,475
26010,407,476
26011,407,477
26012,407,478
26013,407,479
26014,407,480
26015,407,481
26016,407,482
26017,407,610
26018,407,611
26019,407,612
26020,408,323
26021,408,324
26022,408,325
26023,408,326
26024,408,327
26025,408,328
26026,408,329
26027,408,330
26028,408,331
26029,408,332
26030,408,333
26031,408,334
26032,408,335
26033,408,336
26034,408,337
26035,408,338
26036,408,339
26037,408,340
26038,408,341
26039,408,342
26040,408,343
26041,408,344
26042,408,345
26043,408,346
26044,408,347
26045,408,348
26046,408,349
26047,408,350
26048,408,351
26049,408,352
26050,408,353
26051,408,354
26052,408,355
26053,408,356
26054,408,357
26055,408,358
26056,408,359
26057,408,360
26058,408,361
26059,408,362
26060,408,363
26061,408,364
26062,408,365
26063,408,366
26064,408,367
26065,408,368
26066,408,369
26067,408,370
26068,408,371
26069,408,372
26070,408,373
26071,408,374
26072,408,375
26073,408,376
26074,408,377
26075,408,378
26076,408,379
26077,408,380
26078,408,381
26079,408,382
26080,408,383
26081,408,384
26082,408,385
26083,408,386
26084,408,387
26085,408,388
26086,408,389
26087,408,390
26088,408,391
26089,408,392
26090,408,393
26091,408,394
26092,408,395
26093,408,396
26094,408,397
26095,408,398
26096,408,399
26097,408,400
26098,408,401
26099,408,402
26100,408,403
26101,408,404
26102,408,405
26103,408,406
26104,408,407
26105,408,408
26106,408,409
26107,408,410
26108,408,411
26109,408,412
26110,408,413
26111,408,414
26112,408,415
26113,408,416
26114,408,417
26115,408,418
26116,408,419
26117,408,420
26118,408,421
26119,408,422
26120,408,423
26121,408,424
26122,408,425
26123,408,426
26124,408,427
26125,408,428
26126,408,429
26127,408,430
26128,408,431
26129,408,432
26130,408,433
26131,408,434
26132,408,435
26133,408,436
26134,408,437
26135,408,438
26136,408,439
26137,408,440
26138,408,441
26139,408,442
26140,408,443
26141,408,444
26142,408,445
26143,408,446
26144,408,447
26145,408,448
26146,408,449
26147,408,450
26148,408,451
26149,408,452
26150,408,453
26151,408,454
26152,408,455
26153,408,456
26154,408,457
26155,408,458
26156,408,459
26157,408,460
26158,408,461
26159,408,462
26160,408,463
26161,408,464
26162,408,465
26163,408,466
26164,408,467
26165,408,468
26166,408,469
26167,408,470
26168,408,471
26169,408,472
26170,408,473
26171,408,474
26172,408,475
26173,408,476
26174,408,477
26175,408,478
26176,408,479
26177,408,480
26178,408,481
26179,408,482
26180,408,611
26181,408,612
26182,408,613
26183,408,614
26184,409,323
26185,409,324
26186,409,325
26187,409,326
26188,409,327
26189,409,328
26190,409,329
26191,409,330
26192,409,331
26193,409,332
26194,409,333
26195,409,334
26196,409,335
26197,409,336
26198,409,337
26199,409,338
26200,409,339
26201,409,340
26202,409,341
26203,409,342
26204,409,343
26205,409,344
26206,409,345
26207,409,346
26208,409,347
26209,409,348
26210,409,349
26211,409,350
26212,409,351
26213,409,352
26214,409,353
26215,409,354
26216,409,355
26217,409,356
26218,409,357
26219,409,358
26220,409,359
26221,409,360
26222,409,361
26223,409,362
26224,409,363
26225,409,364
26226,409,365
26227,409,366
26228,409,367
26229,409,368
26230,409,369
26231,409,370
26232,409,371
26233,409,372
26234,409,373
26235,409,374
26236,409,375
26237,409,376
26238,409,377
26239,409,378
26240,409,379
26241,409,380
26242,409,381
26243,409,382
26244,409,383
26245,409,384
26246,409,385
26247,409,386
26248,409,387
26249,409,388
26250,409,389
26251,409,390
26252,409,391
26253,409,392
26254,409,393
26255,409,394
26256,409,395
26257,409,396
26258,409,397
26259,409,398
26260,409,399
26261,409,400
26262,409,401
26263,409,402
26264,409,403
26265,409,404
26266,409,405
26267,409,406
26268,409,407
26269,409,408
26270,409,409
26271,409,410
26272,409,411
26273,409,412
26274,409,413
26275,409,414
26276,409,415
26277,409,416
26278,409,417
26279,409,418
26280,409,419
26281,409,420
26282,409,421
26283,409,422
26284,409,423
26285,409,424
26286,409,425
26287,409,426
26288,409,427
26289,409,428
26290,409,429
26291,409,430
26292,409,431
26293,409,432
26294,409,433
26295,409,434
26296,409,435
26297,409,436
26298,409,437
26299,409,438
26300,409,439
26301,409,440
26302,409,441
26303,409,442
26304,409,443
26305,409,444
26306,409,445
26307,409,446
26308,409,447
26309,409,448
26310,409,449
26311,409,450
26312,409,451
26313,409,452
26314,409,453
26315,409,454
26316,409,455
26317,409,456
26318,409,457
26319,409,458
26320,409,459
26321,409,460
26322,409,461
26323,409,462
26324,409,463
26325,409,464
26326,409,465
26327,409,466
26328,409,467
26329,409,468
26330,409,469
26331,409,470
26332,409,471
26333,409,472
26334,409,473
26335,409,474
26336,409,475
26337,409,476
26338,409,477
26339,409,478
26340,409,479
26341,409,480
26342,409,481
26343,409,482
26344,409,579
26345,409,580
26346,409,581
26347,409,612
26348,409,613
26349,409,614
26350,409,615
26351,410,323
26352,410,324
26353,410,325
26354,410,326
26355,410,327
26356,410,328
26357,410,329
26358,410,330
26359,410,331
26360,410,332
26361,410,333
26362,410,334
26363,410,335
26364,410,336
26365,410,337
26366,410,338
26367,410,339
26368,410,340
26369,410,341
26370,410,342
26371,410,343
26372,410,344
26373,410,345
26374,410,346
26375,410,347
26376,410,348
26377,410,349
26378,410,350
26379,410,351
26380,410,352
26381,410,353
26382,410,354
26383,410,355
26384,410,356
26385,410,357
26386,410,358
26387,410,359
26388,410,360
26389,410,361
26390,410,362
26391,410,363
26392,410,364
26393,410,365
26394,410,366
26395,410,367
26396,410,368
26397,410,369
26398,410,370
26399,410,371
26400,410,372
26401,410,373
26402,410,374
26403,410,375
26404,410,376
26405,410,377
26406,410,378
26407,410,379
26408,410,380
26409,410,381
26410,410,382
26411,410,383
26412,410,384
26413,410,385
26414,410,386
26415,410,387
26416,410,388
26417,410,389
26418,410,390
26419,410,391
26420,410,392
26421,410,393
26422,410,394
26423,410,395
26424,410,396
26425,410,397
26426,410,398
26427,410,399
26428,410,400
26429,410,401
26430,410,402
26431,410,403
26432,410,404
26433,410,405
26434,410,406
26435,410,407
26436,410,408
26437,410,409
26438,410,410
26439,410,411
26440,410,412
26441,410,413
26442,410,414
26443,410,415
26444,410,416
26445,410,417
26446,410,418
26447,410,419
26448,410,420
26449,410,421
26450,410,422
26451,410,423
26452,410,424
26453,410,425
26454,410,426
26455,410,427
26456,410,428
26457,410,429
26458,410,430
26459,410,431
26460,410,432
26461,410,433
26462,410,434
26463,410,435
26464,410,436
26465,410,437
26466,410,438
26467,410,439
26468,410,440
26469,410,441
26470,410,442
26471,410,443
26472,410,444
26473,410,445
26474,410,446
26475,410,447
26476,410,448
26477,410,449
26478,410,450
26479,410,451
26480,410,452
26481,410,453
26482,410,454
26483,410,455
26484,410,456
26485,410,457
26486,410,458
26487,410,459
26488,410,460
26489,410,461
26490,410,462
26491,410,463
26492,410,464
26493,410,465
26494,410,466
26495,410,467
26496,410,468
26497,410,469
26498,410,470
26499,410,471
26500,410,472
26501,410,473
26502,410,474
26503,410,475
26504,410,476
26505,410,477
26506,410,478
26507,410,479
26508,410,480
26509,410,481
26510,410,482
26511,410,483
26512,410,562
26513,410,579
26514,410,580
26515,410,581
26516,410,612
26517,410,613
26518,410,614
26519,410,615
26520,411,323
26521,411,324
26522,411,325
26523,411,326
26524,411,327
26525,411,328
26526,411,329
26527,411,330
26528,411,331
26529,411,332
26530,411,333
26531,411,334
26532,411,335
26533,411,336
26534,411,337
26535,411,338
26536,411,339
26537,411,340
26538,411,341
26539,411,342
26540,411,343
26541,411,344
26542,411,345
26543,411,346
26544,411,347
26545,411,348
26546,411,349
26547,411,350
26548,411,351
26549,411,352
26550,411,353
26551,411,354
26552,411,355
26553,411,356
26554,411,357
26555,411,358
26556,411,359
26557,411,360
26558,411,361
26559,411,362
26560,411,363
26561,411,364
26562,411,365
26563,411,366
26564,411,367
26565,411,368
26566,411,369
26567,411,370
26568,411,371
26569,411,372
26570,411,373
26571,411,374
26572,411,375
26573,411,376
26574,411,377
26575,411,378
26576,411,379
26577,411,380
26578,411,381
26579,411,382
26580,411,383
26581,411,384
26582,411,385
26583,411,386
26584,411,387
26585,411,388
26586,411,389
26587,411,390
26588,411,391
26589,411,392
26590,411,393
26591,411,394
26592,411,395
26593,411,396
26594,411,397
26595,411,398
26596,411,399
26597,411,400
26598,411,401
26599,411,402
26600,411,403
26601,411,404
26602,411,405
26603,411,406
26604,411,407
26605,411,408
26606,411,409
26607,411,410
26608,411,411
26609,411,412
26610,411,413
26611,411,414
26612,411,415
26613,411,416
26614,411,417
26615,411,418
26616,411,419
26617,411,420
26618,411,421
26619,411,422
26620,411,423
26621,411,424
26622,411,425
26623,411,426
26624,411,427
26625,411,428
26626,411,429
26627,411,430
26628,411,431
26629,411,432
26630,411,433
26631,411,434
26632,411,435
26633,411,436
26634,411,437
26635,411,438
26636,411,439
26637,411,440
26638,411,441
26639,411,442
26640,411,443
26641,411,444
26642,411,445
26643,411,446
26644,411,447
26645,411,448
26646,411,449
26647,411,450
26648,411,451
26649,411,452
26650,411,453
26651,411,454
26652,411,455
26653,411,456
26654,411,457
26655,411,458
26656,411,459
26657,411,460
26658,411,461
26659,411,462
26660,411,463
26661,411,464
26662,411,465
26663,411,466
26664,411,467
26665,411,468
26666,411,469
26667,411,470
26668,411,471
26669,411,472
26670,411,473
26671,411,474
26672,411,475
26673,411,476
26674,411,477
26675,411,478
26676,411,479
26677,411,480
26678,411,481
26679,411,482
26680,411,483
26681,411,612
26682,411,613
26683,411,614
26684,411,615
26685,412,323
26686,412,324
26687,412,325
26688,412,326
26689,412,327
26690,412,328
26691,412,329
26692,412,330
26693,412,331
26694,412,332
26695,412,333
26696,412,334
26697,412,335
26698,412,336
26699,412,337
26700,412,338
26701,412,339
26702,412,340
26703,412,341
26704,412,342
26705,412,343
26706,412,344
26707,412,345
26708,412,346
26709,412,347
26710,412,348
26711,412,349
26712,412,350
26713,412,351
26714,412,352
26715,412,353
26716,412,354
26717,412,355
26718,412,356
26719,412,357
26720,412,358
26721,412,359
26722,412,360
26723,412,361
26724,412,362
26725,412,363
26726,412,364
26727,412,365
26728,412,366
26729,412,367
26730,412,368
26731,412,369
26732,412,370
26733,412,371
26734,412,372
26735,412,373
26736,412,374
26737,412,375
26738,412,376
26739,412,377
26740,412,378
26741,412,379
26742,412,380
26743,412,381
26744,412,382
26745,412,383
26746,412,384
26747,412,385
26748,412,386
26749,412,387
26750,412,388
26751,412,389
26752,412,390
26753,412,391
26754,412,392
26755,412,393
26756,412,394
26757,412,395
26758,412,396
26759,412,397
26760,412,398
26761,412,399
26762,412,400
26763,412,401
26764,412,402
26765,412,403
26766,412,404
26767,412,405
26768,412,406
26769,412,407
26770,412,408
26771,412,409
26772,412,410
26773,412,411
26774,412,412
26775,412,413
26776,412,414
26777,412,415
26778,412,416
26779,412,417
26780,412,418
26781,412,419
26782,412,420
26783,412,421
26784,412,422
26785,412,423
26786,412,424
26787,412,425
26788,412,426
26789,412,427
26790,412,428
26791,412,429
26792,412,430
26793,412,431
26794,412,432
26795,412,433
26796,412,434
26797,412,435
26798,412,436
26799,412,437
26800,412,438
26801,412,439
26802,412,440
26803,412,441
26804,412,442
26805,412,443
26806,412,444
26807,412,445
26808,412,446
26809,412,447
26810,412,448
26811,412,449
26812,412,450
26813,412,451
26814,412,452
26815,412,453
26816,412,454
26817,412,455
26818,412,456
26819,412,457
26820,412,458
26821,412,459
26822,412,460
26823,412,461
26824,412,462
26825,412,463
26826,412,464
26827,412,465
26828,412,466
26829,412,467
26830,412,468
26831,412,469
26832,412,470
26833,412,471
26834,412,472
26835,412,473
26836,412,474
26837,412,475
26838,412,476
26839,412,477
26840,412,478
26841,412,479
26842,412,480
26843,412,481
26844,412,482
26845,412,483
26846,412,613
26847,412,614
26848,413,323
26849,413,324
26850,413,325
26851,413,326
26852,413,327
26853,413,328
26854,413,329
26855,413,330
26856,413,331
26857,413,332
26858,413,333
26859,413,334
26860,413,335
26861,413,336
26862,413,337
26863,413,338
26864,413,339
26865,413,340
26866,413,341
26867,413,342
26868,413,343
26869,413,344
26870,413,345
26871,413,346
26872,413,347
26873,413,348
26874,413,349
26875,413,350
26876,413,351
26877,413,352
26878,413,353
26879,413,354
26880,413,355
26881,413,356
26882,413,357
26883,413,358
26884,413,359
26885,413,360
26886,413,361
26887,413,362
26888,413,363
26889,413,364
26890,413,365
26891,413,366
26892,413,367
26893,413,368
26894,413,369
26895,413,370
26896,413,371
26897,413,372
26898,413,373
26899,413,374
26900,413,375
26901,413,376
26902,413,377
26903,413,378
26904,413,379
26905,413,380
26906,413,381
26907,413,382
26908,413,383
26909,413,384
26910,413,385
26911,413,386
26912,413,387
26913,413,388
26914,413,389
26915,413,390
26916,413,391
26917,413,392
26918,413,393
26919,413,394
26920,413,395
26921,413,396
26922,413,397
26923,413,398
26924,413,399
26925,413,400
26926,413,401
26927,413,402
26928,413,403
26929,413,404
26930,413,405
26931,413,406
26932,413,407
26933,413,408
26934,413,409
26935,413,410
26936,413,411
26937,413,412
26938,413,413
26939,413,414
26940,413,415
26941,413,416
26942,413,417
26943,413,418
26944,413,419
26945,413,420
26946,413,421
26947,413,422
26948,413,423
26949,413,424
26950,413,425
26951,413,426
26952,413,427
26953,413,428
26954,413,429
26955,413,430
26956,413,431
26957,413,432
26958,413,433
26959,413,434
26960,413,435
26961,413,436
26962,413,437
26963,413,438
26964,413,439
26965,413,440
26966,413,441
26967,413,442
26968,413,443
26969,413,444
26970,413,445
26971,413,446
26972,413,447
26973,413,448
26974,413,449
26975,413,450
26976,413,451
26977,413,452
26978,413,453
26979,413,454
26980,413,455
26981,413,456
26982,413,457
26983,413,458
26984,413,459
26985,413,460
26986,413,461
26987,413,462
26988,413,463
26989,413,464
26990,413,465
26991,413,466
26992,413,467
26993,413,468
26994,413,469
26995,413,470
26996,413,471
26997,413,472
26998,413,473
26999,413,474
27000,413,475
27001,413,476
27002,413,477
27003,413,478
27004,413,479
27005,413,480
27006,413,481
27007,413,482
27008,413,483
27009,414,323
27010,414,324
27011,414,325
27012,414,326
27013,414,327
27014,414,328
27015,414,329
27016,414,330
27017,414,331
27018,414,332
27019,414,333
27020,414,334
27021,414,335
27022,414,336
27023,414,337
27024,414,338
27025,414,339
27026,414,340
27027,414,341
27028,414,342
27029,414,343
27030,414,344
27031,414,345
27032,414,346
27033,414,347
27034,414,348
27035,414,349
27036,414,350
27037,414,351
27038,414,352
27039,414,353
27040,414,354
27041,414,355
27042,414,356
27043,414,357
27044,414,358
27045,414,359
27046,414,360
27047,414,361
27048,414,362
27049,414,363
27050,414,364
27051,414,365
27052,414,366
27053,414,367
27054,414,368
27055,414,369
27056,414,370
27057,414,371
27058,414,372
27059,414,373
27060,414,374
27061,414,375
27062,414,376
27063,414,377
27064,414,378
27065,414,379
27066,414,380
27067,414,381
27068,414,382
27069,414,383
27070,414,384
27071,414,385
27072,414,386
27073,414,387
27074,414,388
27075,414,389
27076,414,390
27077,414,391
27078,414,392
27079,414,393
27080,414,394
27081,414,395
27082,414,396
27083,414,397
27084,414,398
27085,414,399
27086,414,400
27087,414,401
27088,414,402
27089,414,403
27090,414,404
27091,414,405
27092,414,406
27093,414,407
27094,414,408
27095,414,409
27096,414,410
27097,414,411
27098,414,412
27099,414,413
27100,414,414
27101,414,415
27102,414,416
27103,414,417
27104,414,418
27105,414,419
27106,414,420
27107,414,421
27108,414,422
27109,414,423
27110,414,424
27111,414,425
27112,414,426
27113,414,427
27114,414,428
27115,414,429
27116,414,430
27117,414,431
27118,414,432
27119,414,433
27120,414,434
27121,414,435
27122,414,436
27123,414,437
27124,414,438
27125,414,439
27126,414,440
27127,414,441
27128,414,442
27129,414,443
27130,414,444
27131,414,445
27132,414,446
27133,414,447
27134,414,448
27135,414,449
27136,414,450
27137,414,451
27138,414,452
27139,414,453
27140,414,454
27141,414,455
27142,414,456
27143,414,457
27144,414,458
27145,414,459
27146,414,460
27147,414,461
27148,414,462
27149,414,463
27150,414,464
27151,414,465
27152,414,466
27153,414,467
27154,414,468
27155,414,469
27156,414,470
27157,414,471
27158,414,472
27159,414,473
27160,414,474
27161,414,475
27162,414,476
27163,414,477
27164,414,478
27165,414,479
27166,414,480
27167,414,481
27168,414,482
27169,414,483
27170,414,610
27171,414,611
27172,414,612
27173,414,613
27174,414,614
27175,415,323
27176,415,324
27177,415,325
27178,415,326
27179,415,327
27180,415,328
27181,415,329
27182,415,330
27183,415,331
27184,415,332
27185,415,333
27186,415,334
27187,415,335
27188,415,336
27189,415,337
27190,415,338
27191,415,339
27192,415,340
27193,415,341
27194,415,342
27195,415,343
27196,415,344
27197,415,345
27198,415,346
27199,415,347
27200,415,348
27201,415,349
27202,415,350
27203,415,351
27204,415,352
27205,415,353
27206,415,354
27207,415,355
27208,415,356
27209,415,357
27210,415,358
27211,415,359
27212,415,360
27213,415,361
27214,415,362
27215,415,363
27216,415,364
27217,415,365
27218,415,366
27219,415,367
27220,415,368
27221,415,369
27222,415,370
27223,415,371
27224,415,372
27225,415,373
27226,415,374
27227,415,375
27228,415,376
27229,415,377
27230,415,378
27231,415,379
27232,415,380
27233,415,381
27234,415,382
27235,415,383
27236,415,384
27237,415,385
27238,415,386
27239,415,387
27240,415,388
27241,415,389
27242,415,390
27243,415,391
27244,415,392
27245,415,393
27246,415,394
27247,415,395
27248,415,396
27249,415,397
27250,415,398
27251,415,399
27252,415,400
27253,415,401
27254,415,402
27255,415,403
27256,415,404
27257,415,405
27258,415,406
27259,415,407
27260,415,408
27261,415,409
27262,415,410
27263,415,411
27264,415,412
27265,415,413
27266,415,414
27267,415,415
27268,415,416
27269,415,417
27270,415,418
27271,415,419
27272,415,420
27273,415,421
27274,415,422
27275,415,423
27276,415,424
27277,415,425
27278,415,426
27279,415,427
27280,415,428
27281,415,429
27282,415,430
27283,415,431
27284,415,432
27285,415,433
27286,415,434
27287,415,435
27288,415,436
27289,415,437
27290,415,438
27291,415,439
27292,415,440
27293,415,441
27294,415,442
27295,415,443
27296,415,444
27297,415,445
27298,415,446
27299,415,447
27300,415,448
27301,415,449
27302,415,450
27303,415,451
27304,415,452
27305,415,453
27306,415,454
27307,415,455
27308,415,456
27309,415,457
27310,415,458
27311,415,459
27312,415,460
27313,415,461
27314,415,462
27315,415,463
27316,415,464
27317,415,465
27318,415,466
27319,415,467
27320,415,468
27321,415,469
27322,415,470
27323,415,471
27324,415,472
27325,415,473
27326,415,474
27327,415,475
27328,415,476
27329,415,477
27330,415,478
27331,415,479
27332,415,480
27333,415,481
27334,415,482
27335,415,483
27336,415,593
27337,415,594
27338,415,595
27339,415,596
27340,415,610
27341,415,611
27342,415,612
27343,415,613
27344,415,614
27345,415,615
27346,416,323
27347,416,324
27348,416,325
27349,416,326
27350,416,327
27351,416,328
27352,416,329
27353,416,330
27354,416,331
27355,416,332
27356,416,333
27357,416,334
27358,416,335
27359,416,336
27360,416,337
27361,416,338
27362,416,339
27363,416,340
27364,416,341
27365,416,342
27366,416,343
27367,416,344
27368,416,345
27369,416,346
27370,416,347
27371,416,348
27372,416,349
27373,416,350
27374,416,351
27375,416,352
27376,416,353
27377,416,354
27378,416,355
27379,416,356
27380,416,357
27381,416,358
27382,416,359
27383,416,360
27384,416,361
27385,416,362
27386,416,363
27387,416,364
27388,416,365
27389,416,366
27390,416,367
27391,416,368
27392,416,369
27393,416,370
27394,416,371
27395,416,372
27396,416,373
27397,416,374
27398,416,375
27399,416,376
27400,416,377
27401,416,378
27402,416,379
27403,416,380
27404,416,381
27405,416,382
27406,416,383
27407,416,384
27408,416,385
27409,416,386
27410,416,387
27411,416,388
27412,416,389
27413,416,390
27414,416,391
27415,416,392
27416,416,393
27417,416,394
27418,416,395
27419,416,396
27420,416,397
27421,416,398
27422,416,399
27423,416,400
27424,416,401
27425,416,402
27426,416,403
27427,416,404
27428,416,405
27429,416,406
27430,416,407
27431,416,408
27432,416,409
27433,416,410
27434,416,411
27435,416,412
27436,416,413
27437,416,414
27438,416,415
27439,416,416
27440,416,417
27441,416,418
27442,416,419
27443,416,420
27444,416,421
27445,416,422
27446,416,423
27447,416,424
27448,416,425
27449,416,426
27450,416,427
27451,416,428
27452,416,429
27453,416,430
27454,416,431
27455,416,432
27456,416,433
27457,416,434
27458,416,435
27459,416,436
27460,416,437
27461,416,438
27462,416,439
27463,416,440
27464,416,441
27465,416,442
27466,416,443
27467,416,444
27468,416,445
27469,416,446
27470,416,447
27471,416,448
27472,416,449
27473,416,450
27474,416,451
27475,416,452
27476,416,453
27477,416,454
27478,416,455
27479,416,456
27480,416,457
27481,416,458
27482,416,459
27483,416,460
27484,416,461
27485,416,462
27486,416,463
27487,416,464
27488,416,465
27489,416,466
27490,416,467
27491,416,468
27492,416,469
27493,416,470
27494,416,471
27495,416,472
27496,416,473
27497,416,474
27498,416,475
27499,416,476
27500,416,477
27501,416,478
27502,416,479
27503,416,480
27504,416,481
27505,416,482
27506,416,483
27507,416,561
27508,416,562
27509,416,591
27510,416,592
27511,416,593
27512,416,594
27513,416,595
27514,416,596
27515,416,597
27516,416,598
27517,416,609
27518,416,610
27519,416,611
27520,416,612
27521,416,613
27522,416,614
27523,416,615
27524,416,616
27525,417,323
27526,417,324
27527,417,325
27528,417,326
27529,417,327
27530,417,328
27531,417,329
27532,417,330
27533,417,331
27534,417,332
27535,417,333
27536,417,334
27537,417,335
27538,417,336
27539,417,337
27540,417,338
27541,417,339
27542,417,340
27543,417,341
27544,417,342
27545,417,343
27546,417,344
27547,417,345
27548,417,346
27549,417,347
27550,417,348
27551,417,349
27552,417,350
27553,417,351
27554,417,352
27555,417,353
27556,417,354
27557,417,355
27558,417,356
27559,417,357
27560,417,358
27561,417,359
27562,417,360
27563,417,361
27564,417,362
27565,417,363
27566,417,364
27567,417,365
27568,417,366
27569,417,367
27570,417,368
27571,417,369
27572,417,370
27573,417,371
27574,417,372
27575,417,373
27576,417,374
27577,417,375
27578,417,376
27579,417,377
27580,417,378
27581,417,379
27582,417,380
27583,417,381
27584,417,382
27585,417,383
27586,417,384
27587,417,385
27588,417,386
27589,417,387
27590,417,388
27591,417,389
27592,417,390
27593,417,391
27594,417,392
27595,417,393
27596,417,394
27597,417,395
27598,417,396
27599,417,397
27600,417,398
27601,417,399
27602,417,400
27603,417,401
27604,417,402
27605,417,403
27606,417,404
27607,417,405
27608,417,406
27609,417,407
27610,417,408
27611,417,409
27612,417,410
27613,417,411
27614,417,412
27615,417,413
27616,417,414
27617,417,415
27618,417,416
27619,417,417
27620,417,418
27621,417,419
27622,417,420
27623,417,421
27624,417,422
27625,417,423
27626,417,424
27627,417,425
27628,417,426
27629,417,427
27630,417,428
27631,417,429
27632,417,430
27633,417,431
27634,417,432
27635,417,433
27636,417,434
27637,417,435
27638,417,436
27639,417,437
27640,417,438
27641,417,439
27642,417,440
27643,417,441
27644,417,442
27645,417,443
27646,417,444
27647,417,445
27648,417,446
27649,417,447
27650,417,448
27651,417,449
27652,417,450
27653,417,451
27654,417,452
27655,417,453
27656,417,454
27657,417,455
27658,417,456
27659,417,457
27660,417,458
27661,417,459
27662,417,460
27663,417,461
27664,417,462
27665,417,463
27666,417,464
27667,417,465
27668,417,466
27669,417,467
27670,417,468
27671,417,469
27672,417,470
27673,417,471
27674,417,472
27675,417,473
27676,417,474
27677,417,475
27678,417,476
27679,417,477
27680,417,478
27681,417,479
27682,417,480
27683,417,481
27684,417,482
27685,417,483
27686,417,561
27687,417,562
27688,417,591
27689,417,592
27690,417,593
27691,417,594
27692,417,595
27693,417,596
27694,417,597
27695,417,598
27696,417,609
27697,417,610
27698,417,611
27699,417,612
27700,417,613
27701,417,614
27702,417,615
27703,417,616
27704,418,323
27705,418,324
27706,418,325
27707,418,326
27708,418,327
27709,418,328
27710,418,329
27711,418,330
27712,418,331
27713,418,332
27714,418,333
27715,418,334
27716,418,335
27717,418,336
27718,418,337
27719,418,338
27720,418,339
27721,418,340
27722,418,341
27723,418,342
27724,418,343
27725,418,344
27726,418,345
27727,418,346
27728,418,347
27729,418,348
27730,418,349
27731,418,350
27732,418,351
27733,418,352
27734,418,353
27735,418,354
27736,418,355
27737,418,356
27738,418,357
27739,418,358
27740,418,359
27741,418,360
27742,418,361
27743,418,362
27744,418,363
27745,418,364
27746,418,365
27747,418,366
27748,418,367
27749,418,368
27750,418,369
27751,418,370
27752,418,371
27753,418,372
27754,418,373
27755,418,374
27756,418,375
27757,418,376
27758,418,377
27759,418,378
27760,418,379
27761,418,380
27762,418,381
27763,418,382
27764,418,383
27765,418,384
27766,418,385
27767,418,386
27768,418,387
27769,418,388
27770,418,389
27771,418,390
27772,418,391
27773,418,392
27774,418,393
27775,418,394
27776,418,395
27777,418,396
27778,418,397
27779,418,398
27780,418,399
27781,418,400
27782,418,401
27783,418,402
27784,418,403
27785,418,404
27786,418,405
27787,418,406
27788,418,407
27789,418,408
27790,418,409
27791,418,410
27792,418,411
27793,418,412
27794,418,413
27795,418,414
27796,418,415
27797,418,416
27798,418,417
27799,418,418
27800,418,419
27801,418,420
27802,418,421
27803,418,422
27804,418,423
27805,418,424
27806,418,425
27807,418,426
27808,418,427
27809,418,428
27810,418,429
27811,418,430
27812,418,431
27813,418,432
27814,418,433
27815,418,434
27816,418,435
27817,418,436
27818,418,437
27819,418,438
27820,418,439
27821,418,440
27822,418,441
27823,418,442
27824,418,443
27825,418,444
27826,418,445
27827,418,446
27828,418,447
27829,418,448
27830,418,449
27831,418,450
27832,418,451
27833,418,452
27834,418,453
27835,418,454
27836,418,455
27837,418,456
27838,418,457
27839,418,458
27840,418,459
27841,418,460
27842,418,461
27843,418,462
27844,418,463
27845,418,464
27846,418,465
27847,418,466
27848,418,467
27849,418,468
27850,418,469
27851,418,470
27852,418,471
27853,418,472
27854,418,473
27855,418,474
27856,418,475
27857,418,476
27858,418,477
27859,418,478
27860,418,479
27861,418,480
27862,418,481
27863,418,482
27864,418,483
27865,418,484
27866,418,591
27867,418,592
27868,418,593
27869,418,594
27870,418,595
27871,418,596
27872,418,597
27873,418,608
27874,418,609
27875,418,610
27876,418,611
27877,418,612
27878,418,613
27879,418,614
27880,418,615
27881,418,616
27882,419,323
27883,419,324
27884,419,325
27885,419,326
27886,419,327
27887,419,328
27888,419,329
27889,419,330
27890,419,331
27891,419,332
27892,419,333
27893,419,334
27894,419,335
27895,419,336
27896,419,337
27897,419,338
27898,419,339
27899,419,340
27900,419,341
27901,419,342
27902,419,343
27903,419,344
27904,419,345
27905,419,346
27906,419,347
27907,419,348
27908,419,349
27909,419,350
27910,419,351
27911,419,352
27912,419,353
27913,419,354
27914,419,355
27915,419,356
27916,419,357
27917,419,358
27918,419,359
27919,419,360
27920,419,361
27921,419,362
27922,419,363
27923,419,364
27924,419,365
27925,419,366
27926,419,367
27927,419,368
27928,419,369
27929,419,370
27930,419,371
27931,419,372
27932,419,373
27933,419,374
27934,419,375
27935,419,376
27936,419,377
27937,419,378
27938,419,379
27939,419,380
27940,419,381
27941,419,382
27942,419,383
27943,419,384
27944,419,385
27945,419,386
27946,419,387
27947,419,388
27948,419,389
27949,419,390
27950,419,391
27951,419,392
27952,419,393
27953,419,394
27954,419,395
27955,419,396
27956,419,397
27957,419,398
27958,419,399
27959,419,400
27960,419,401
27961,419,402
27962,419,403
27963,419,404
27964,419,405
27965,419,406
27966,419,407
27967,419,408
27968,419,409
27969,419,410
27970,419,411
27971,419,412
27972,419,413
27973,419,414
27974,419,415
27975,419,416
27976,419,417
27977,419,418
27978,419,419
27979,419,420
27980,419,421
27981,419,422
27982,419,423
27983,419,424
27984,419,425
27985,419,426
27986,419,427
27987,419,428
27988,419,429
27989,419,430
27990,419,431
27991,419,432
27992,419,433
27993,419,434
27994,419,435
27995,419,436
27996,419,437
27997,419,438
27998,419,439
27999,419,440
28000,419,441
28001,419,442
28002,419,443
28003,419,444
28004,419,445
28005,419,446
28006,419,447
28007,419,448
28008,419,449
28009,419,450
28010,419,451
28011,419,452
28012,419,453
28013,419,454
28014,419,455
28015,419,456
28016,419,457
28017,419,458
28018,419,459
28019,419,460
28020,419,461
28021,419,462
28022,419,463
28023,419,464
28024,419,465
28025,419,466
28026,419,467
28027,419,468
28028,419,469
28029,419,470
28030,419,471
28031,419,472
28032,419,473
28033,419,474
28034,419,475
28035,419,476
28036,419,477
28037,419,478
28038,419,479
28039,419,480
28040,419,481
28041,419,482
28042,419,483
28043,419,484
28044,419,591
28045,419,592
28046,419,593
28047,419,594
28048,419,595
28049,419,608
28050,419,609
28051,419,610
28052,419,611
28053,419,612
28054,419,613
28055,419,614
28056,419,615
28057,419,616
28058,420,323
28059,420,324
28060,420,325
28061,420,326
28062,420,327
28063,420,328
28064,420,329
28065,420,330
28066,420,331
28067,420,332
28068,420,333
28069,420,334
28070,420,335
28071,420,336
28072,420,337
28073,420,338
28074,420,339
28075,420,340
28076,420,341
28077,420,342
28078,420,343
28079,420,344
28080,420,345
28081,420,346
28082,420,347
28083,420,348
28084,420,349
28085,420,350
28086,420,351
28087,420,352
28088,420,353
28089,420,354
28090,420,355
28091,420,356
28092,420,357
28093,420,358
28094,420,359
28095,420,360
28096,420,361
28097,420,362
28098,420,363
28099,420,364
28100,420,365
28101,420,366
28102,420,367
28103,420,368
28104,420,369
28105,420,370
28106,420,371
28107,420,372
28108,420,373
28109,420,374
28110,420,375
28111,420,376
28112,420,377
28113,420,378
28114,420,379
28115,420,380
28116,420,381
28117,420,382
28118,420,383
28119,420,384
28120,420,385
28121,420,386
28122,420,387
28123,420,388
28124,420,389
28125,420,390
28126,420,391
28127,420,392
28128,420,393
28129,420,394
28130,420,395
28131,420,396
28132,420,397
28133,420,398
28134,420,399
28135,420,400
28136,420,401
28137,420,402
28138,420,403
28139,420,404
28140,420,405
28141,420,406
28142,420,407
28143,420,408
28144,420,409
28145,420,410
28146,420,411
28147,420,412
28148,420,413
28149,420,414
28150,420,415
28151,420,416
28152,420,417
28153,420,418
28154,420,419
28155,420,420
28156,420,421
28157,420,422
28158,420,423
28159,420,424
28160,420,425
28161,420,426
28162,420,427
28163,420,428
28164,420,429
28165,420,430
28166,420,431
28167,420,432
28168,420,433
28169,420,434
28170,420,435
28171,420,436
28172,420,437
28173,420,438
28174,420,439
28175,420,440
28176,420,441
28177,420,442
28178,420,443
28179,420,444
28180,420,445
28181,420,446
28182,420,447
28183,420,448
28184,420,449
28185,420,450
28186,420,451
28187,420,452
28188,420,453
28189,420,454
28190,420,455
28191,420,456
28192,420,457
28193,420,458
28194,420,459
28195,420,460
28196,420,461
28197,420,462
28198,420,463
28199,420,464
28200,420,465
28201,420,466
28202,420,467
28203,420,468
28204,420,469
28205,420,470
28206,420,471
28207,420,472
28208,420,473
28209,420,474
28210,420,475
28211,420,476
28212,420,477
28213,420,478
28214,420,479
28215,420,480
28216,420,481
28217,420,482
28218,420,483
28219,420,484
28220,420,591
28221,420,592
28222,420,593
28223,420,594
28224,420,608
28225,420,609
28226,420,610
28227,420,611
28228,420,612
28229,420,617
28230,420,618
28231,421,323
28232,421,324
28233,421,325
28234,421,326
28235,421,327
28236,421,328
28237,421,329
28238,421,330
28239,421,331
28240,421,332
28241,421,333
28242,421,334
28243,421,335
28244,421,336
28245,421,337
28246,421,338
28247,421,339
28248,421,340
28249,421,341
28250,421,342
28251,421,343
28252,421,344
28253,421,345
28254,421,346
28255,421,347
28256,421,348
28257,421,349
28258,421,350
28259,421,351
28260,421,352
28261,421,353
28262,421,354
28263,421,355
28264,421,356
28265,421,357
28266,421,358
28267,421,359
28268,421,360
28269,421,361
28270,421,362
28271,421,363
28272,421,364
28273,421,365
28274,421,366
28275,421,367
28276,421,368
28277,421,369
28278,421,370
28279,421,371
28280,421,372
28281,421,373
28282,421,374
28283,421,375
28284,421,376
28285,421,377
28286,421,378
28287,421,379
28288,421,380
28289,421,381
28290,421,382
28291,421,383
28292,421,384
28293,421,385
28294,421,386
28295,421,387
28296,421,388
28297,421,389
28298,421,390
28299,421,391
28300,421,392
28301,421,393
28302,421,394
28303,421,395
28304,421,396
28305,421,397
28306,421,398
28307,421,399
28308,421,400
28309,421,401
28310,421,402
28311,421,403
28312,421,404
28313,421,405
28314,421,406
28315,421,407
28316,421,408
28317,421,409
28318,421,410
28319,421,411
28320,421,412
28321,421,413
28322,421,414
28323,421,415
28324,421,416
28325,421,417
28326,421,418
28327,421,419
28328,421,420
28329,421,421
28330,421,422
28331,421,423
28332,421,424
28333,421,425
28334,421,426
28335,421,427
28336,421,428
28337,421,429
28338,421,430
28339,421,431
28340,421,432
28341,421,433
28342,421,434
28343,421,435
28344,421,436
28345,421,437
28346,421,438
28347,421,439
28348,421,440
28349,421,441
28350,421,442
28351,421,443
28352,421,444
28353,421,445
28354,421,446
28355,421,447
28356,421,448
28357,421,449
28358,421,450
28359,421,451
28360,421,452
28361,421,453
28362,421,454
28363,421,455
28364,421,456
28365,421,457
28366,421,458
28367,421,459
28368,421,460
28369,421,461
28370,421,462
28371,421,463
28372,421,464
28373,421,465
28374,421,466
28375,421,467
28376,421,468
28377,421,469
28378,421,470
28379,421,471
28380,421,472
28381,421,473
28382,421,474
28383,421,475
28384,421,476
28385,421,477
28386,421,478
28387,421,479
28388,421,480
28389,421,481
28390,421,482
28391,421,483
28392,421,484
28393,421,592
28394,421,593
28395,421,594
28396,421,608
28397,421,609
28398,421,610
28399,421,611
28400,421,612
28401,421,613
28402,421,616
28403,421,617
28404,421,618
28405,422,323
28406,422,324
28407,422,325
28408,422,326
28409,422,327
28410,422,328
28411,422,329
28412,422,330
28413,422,331
28414,422,332
28415,422,333
28416,422,334
28417,422,335
28418,422,336
28419,422,337
28420,422,338
28421,422,339
28422,422,340
28423,422,341
28424,422,342
28425,422,343
28426,422,344
28427,422,345
28428,422,346
28429,422,347
28430,422,348
28431,422,349
28432,422,350
28433,422,351
28434,422,352
28435,422,353
28436,422,354
28437,422,355
28438,422,356
28439,422,357
28440,422,358
28441,422,359
28442,422,360
28443,422,361
28444,422,362
28445,422,363
28446,422,364
28447,422,365
28448,422,366
28449,422,367
28450,422,368
28451,422,369
28452,422,370
28453,422,371
28454,422,372
28455,422,373
28456,422,374
28457,422,375
28458,422,376
28459,422,377
28460,422,378
28461,422,379
28462,422,380
28463,422,381
28464,422,382
28465,422,383
28466,422,384
28467,422,385
28468,422,386
28469,422,387
28470,422,388
28471,422,389
28472,422,390
28473,422,391
28474,422,392
28475,422,393
28476,422,394
28477,422,395
28478,422,396
28479,422,397
28480,422,398
28481,422,399
28482,422,400
28483,422,401
28484,422,402
28485,422,403
28486,422,404
28487,422,405
28488,422,406
28489,422,407
28490,422,408
28491,422,409
28492,422,410
28493,422,411
28494,422,412
28495,422,413
28496,422,414
28497,422,415
28498,422,416
28499,422,417
28500,422,418
28501,422,419
28502,422,420
28503,422,421
28504,422,422
28505,422,423
28506,422,424
28507,422,425
28508,422,426
28509,422,427
28510,422,428
28511,422,429
28512,422,430
28513,422,431
28514,422,432
28515,422,433
28516,422,434
28517,422,435
28518,422,436
28519,422,437
28520,422,438
28521,422,439
28522,422,440
28523,422,441
28524,422,442
28525,422,443
28526,422,444
28527,422,445
28528,422,446
28529,422,447
28530,422,448
28531,422,449
28532,422,450
28533,422,451
28534,422,452
28535,422,453
28536,422,454
28537,422,455
28538,422,456
28539,422,457
28540,422,458
28541,422,459
28542,422,460
28543,422,461
28544,422,462
28545,422,463
28546,422,464
28547,422,465
28548,422,466
28549,422,467
28550,422,468
28551,422,469
28552,422,470
28553,422,471
28554,422,472
28555,422,473
28556,422,474
28557,422,475
28558,422,476
28559,422,477
28560,422,478
28561,422,479
28562,422,480
28563,422,481
28564,422,482
28565,422,483
28566,422,484
28567,422,592
28568,422,593
28569,422,609
28570,422,610
28571,422,611
28572,422,612
28573,422,613
28574,422,614
28575,422,615
28576,422,616
28577,422,617
28578,422,618
28579,422,619
28580,423,323
28581,423,324
28582,423,325
28583,423,326
28584,423,327
28585,423,328
28586,423,329
28587,423,330
28588,423,331
28589,423,332
28590,423,333
28591,423,334
28592,423,335
28593,423,336
28594,423,337
28595,423,338
28596,423,339
28597,423,340
28598,423,341
28599,423,342
28600,423,343
28601,423,344
28602,423,345
28603,423,346
28604,423,347
28605,423,348
28606,423,349
28607,423,350
28608,423,351
28609,423,352
28610,423,353
28611,423,354
28612,423,355
28613,423,356
28614,423,357
28615,423,358
28616,423,359
28617,423,360
28618,423,361
28619,423,362
28620,423,363
28621,423,364
28622,423,365
28623,423,366
28624,423,367
28625,423,368
28626,423,369
28627,423,370
28628,423,371
28629,423,372
28630,423,373
28631,423,374
28632,423,375
28633,423,376
28634,423,377
28635,423,378
28636,423,379
28637,423,380
28638,423,381
28639,423,382
28640,423,383
28641,423,384
28642,423,385
28643,423,386
28644,423,387
28645,423,388
28646,423,389
28647,423,390
28648,423,391
28649,423,392
28650,423,393
28651,423,394
28652,423,395
28653,423,396
28654,423,397
28655,423,398
28656,423,399
28657,423,400
28658,423,401
28659,423,402
28660,423,403
28661,423,404
28662,423,405
28663,423,406
28664,423,407
28665,423,408
28666,423,409
28667,423,410
28668,423,411
28669,423,412
28670,423,413
28671,423,414
28672,423,415
28673,423,416
28674,423,417
28675,423,418
28676,423,419
28677,423,420
28678,423,421
28679,423,422
28680,423,423
28681,423,424
28682,423,425
28683,423,426
28684,423,427
28685,423,428
28686,423,429
28687,423,430
28688,423,431
28689,423,432
28690,423,433
28691,423,434
28692,423,435
28693,423,436
28694,423,437
28695,423,438
28696,423,439
28697,423,440
28698,423,441
28699,423,442
28700,423,443
28701,423,444
28702,423,445
28703,423,446
28704,423,447
28705,423,448
28706,423,449
28707,423,450
28708,423,451
28709,423,452
28710,423,453
28711,423,454
28712,423,455
28713,423,456
28714,423,457
28715,423,458
28716,423,459
28717,423,460
28718,423,461
28719,423,462
28720,423,463
28721,423,464
28722,423,465
28723,423,466
28724,423,467
28725,423,468
28726,423,469
28727,423,470
28728,423,471
28729,423,472
28730,423,473
28731,423,474
28732,423,475
28733,423,476
28734,423,477
28735,423,478
28736,423,479
28737,423,480
28738,423,481
28739,423,482
28740,423,483
28741,423,484
28742,423,606
28743,423,611
28744,423,612
28745,423,613
28746,423,614
28747,423,615
28748,423,616
28749,423,617
28750,423,618
28751,423,619
28752,424,323
28753,424,324
28754,424,325
28755,424,326
28756,424,327
28757,424,328
28758,424,329
28759,424,330
28760,424,331
28761,424,332
28762,424,333
28763,424,334
28764,424,335
28765,424,336
28766,424,337
28767,424,338
28768,424,339
28769,424,340
28770,424,341
28771,424,342
28772,424,343
28773,424,344
28774,424,345
28775,424,346
28776,424,347
28777,424,348
28778,424,349
28779,424,350
28780,424,351
28781,424,352
28782,424,353
28783,424,354
28784,424,355
28785,424,356
28786,424,357
28787,424,358
28788,424,359
28789,424,360
28790,424,361
28791,424,362
28792,424,363
28793,424,364
28794,424,365
28795,424,366
28796,424,367
28797,424,368
28798,424,369
28799,424,370
28800,424,371
28801,424,372
28802,424,373
28803,424,374
28804,424,375
28805,424,376
28806,424,377
28807,424,378
28808,424,379
28809,424,380
28810,424,381
28811,424,382
28812,424,383
28813,424,384
28814,424,385
28815,424,386
28816,424,387
28817,424,388
28818,424,389
28819,424,390
28820,424,391
28821,424,392
28822,424,393
28823,424,394
28824,424,395
28825,424,396
28826,424,397
28827,424,398
28828,424,399
28829,424,400
28830,424,401
28831,424,402
28832,424,403
28833,424,404
28834,424,405
28835,424,406
28836,424,407
28837,424,408
28838,424,409
28839,424,410
28840,424,411
28841,424,412
28842,424,413
28843,424,414
28844,424,415
28845,424,416
28846,424,417
28847,424,418
28848,424,419
28849,424,420
28850,424,421
28851,424,422
28852,424,423
28853,424,424
28854,424,425
28855,424,426
28856,424,427
28857,424,428
28858,424,429
28859,424,430
28860,424,431
28861,424,432
28862,424,433
28863,424,434
28864,424,435
28865,424,436
28866,424,437
28867,424,438
28868,424,439
28869,424,440
28870,424,441
28871,424,442
28872,424,443
28873,424,444
28874,424,445
28875,424,446
28876,424,447
28877,424,448
28878,424,449
28879,424,450
28880,424,451
28881,424,452
28882,424,453
28883,424,454
28884,424,455
28885,424,456
28886,424,457
28887,424,458
28888,424,459
28889,424,460
28890,424,461
28891,424,462
28892,424,463
28893,424,464
28894,424,465
28895,424,466
28896,424,467
28897,424,468
28898,424,469
28899,424,470
28900,424,471
28901,424,472
28902,424,473
28903,424,474
28904,424,475
28905,424,476
28906,424,477
28907,424,478
28908,424,479
28909,424,480
28910,424,481
28911,424,482
28912,424,483
28913,424,484
28914,424,605
28915,424,612
28916,424,613
28917,424,614
28918,424,615
28919,424,616
28920,424,617
28921,424,618
28922,424,619
28923,425,324
28924,425,325
28925,425,326
28926,425,327
28927,425,328
28928,425,329
28929,425,330
28930,425,331
28931,425,332
28932,425,333
28933,425,334
28934,425,335
28935,425,336
28936,425,337
28937,425,338
28938,425,339
28939,425,340
28940,425,341
28941,425,342
28942,425,343
28943,425,344
28944,425,345
28945,425,346
28946,425,347
28947,425,348
28948,425,349
28949,425,350
28950,425,351
28951,425,352
28952,425,353
28953,425,354
28954,425,355
28955,425,356
28956,425,357
28957,425,358
28958,425,359
28959,425,360
28960,425,361
28961,425,362
28962,425,363
28963,425,364
28964,425,365
28965,425,366
28966,425,367
28967,425,368
28968,425,369
28969,425,370
28970,425,371
28971,425,372
28972,425,373
28973,425,374
28974,425,375
28975,425,376
28976,425,377
28977,425,378
28978,425,379
28979,425,380
28980,425,381
28981,425,382
28982,425,383
28983,425,384
28984,425,385
28985,425,386
28986,425,387
28987,425,388
28988,425,389
28989,425,390
28990,425,391
28991,425,392
28992,425,393
28993,425,394
28994,425,395
28995,425,396
28996,425,397
28997,425,398
28998,425,399
28999,425,400
29000,425,401
29001,425,402
29002,425,403
29003,425,404
29004,425,405
29005,425,406
29006,425,407
29007,425,408
29008,425,409
29009,425,410
29010,425,411
29011,425,412
29012,425,413
29013,425,414
29014,425,415
29015,425,416
29016,425,417
29017,425,418
29018,425,419
29019,425,420
29020,425,421
29021,425,422
29022,425,423
29023,425,424
29024,425,425
29025,425,426
29026,425,427
29027,425,428
29028,425,429
29029,425,430
29030,425,431
29031,425,432
29032,425,433
29033,425,434
29034,425,435
29035,425,436
29036,425,437
29037,425,438
29038,425,439
29039,425,440
29040,425,441
29041,425,442
29042,425,443
29043,425,444
29044,425,445
29045,425,446
29046,425,447
29047,425,448
29048,425,449
29049,425,450
29050,425,451
29051,425,452
29052,425,453
29053,425,454
29054,425,455
29055,425,456
29056,425,457
29057,425,458
29058,425,459
29059,425,460
29060,425,461
29061,425,462
29062,425,463
29063,425,464
29064,425,465
29065,425,466
29066,425,467
29067,425,468
29068,425,469
29069,425,470
29070,425,471
29071,425,472
29072,425,473
29073,425,474
29074,425,475
29075,425,476
29076,425,477
29077,425,478
29078,425,479
29079,425,480
29080,425,481
29081,425,482
29082,425,483
29083,425,484
29084,425,615
29085,425,616
29086,425,617
29087,425,618
29088,425,619
29089,425,620
29090,426,324
29091,426,325
29092,426,326
29093,426,327
29094,426,328
29095,426,329
29096,426,330
29097,426,331
29098,426,332
29099,426,333
29100,426,334
29101,426,335
29102,426,336
29103,426,337
29104,426,338
29105,426,339
29106,426,340
29107,426,341
29108,426,342
29109,426,343
29110,426,344
29111,426,345
29112,426,346
29113,426,347
29114,426,348
29115,426,349
29116,426,350
29117,426,351
29118,426,352
29119,426,353
29120,426,354
29121,426,355
29122,426,356
29123,426,357
29124,426,358
29125,426,359
29126,426,360
29127,426,361
29128,426,362
29129,426,363
29130,426,364
29131,426,365
29132,426,366
29133,426,367
29134,426,368
29135,426,369
29136,426,370
29137,426,371
29138,426,372
29139,426,373
29140,426,374
29141,426,375
29142,426,376
29143,426,377
29144,426,378
29145,426,379
29146,426,380
29147,426,381
29148,426,382
29149,426,383
29150,426,384
29151,426,385
29152,426,386
29153,426,387
29154,426,388
29155,426,389
29156,426,390
29157,426,391
29158,426,392
29159,426,393
29160,426,394
29161,426,395
29162,426,396
29163,426,397
29164,426,398
29165,426,399
29166,426,400
29167,426,401
29168,426,402
29169,426,403
29170,426,404
29171,426,405
29172,426,406
29173,426,407
29174,426,408
29175,426,409
29176,426,410
29177,426,411
29178,426,412
29179,426,413
29180,426,414
29181,426,415
29182,426,416
29183,426,417
29184,426,418
29185,426,419
29186,426,420
29187,426,421
29188,426,422
29189,426,423
29190,426,424
29191,426,425
29192,426,426
29193,426,427
29194,426,428
29195,426,429
29196,426,430
29197,426,431
29198,426,432
29199,426,433
29200,426,434
29201,426,435
29202,426,436
29203,426,437
29204,426,438
29205,426,439
29206,426,440
29207,426,441
29208,426,442
29209,426,443
29210,426,444
29211,426,445
29212,426,446
29213,426,447
29214,426,448
29215,426,449
29216,426,450
29217,426,451
29218,426,452
29219,426,453
29220,426,454
29221,426,455
29222,426,456
29223,426,457
29224,426,458
29225,426,459
29226,426,460
29227,426,461
29228,426,462
29229,426,463
29230,426,464
29231,426,465
29232,426,466
29233,426,467
29234,426,468
29235,426,469
29236,426,470
29237,426,471
29238,426,472
29239,426,473
29240,426,474
29241,426,475
29242,426,476
29243,426,477
29244,426,478
29245,426,479
29246,426,480
29247,426,481
29248,426,482
29249,426,483
29250,426,484
29251,426,592
29252,426,616
29253,426,617
29254,426,618
29255,426,619
29256,426,620
29257,427,324
29258,427,325
29259,427,326
29260,427,327
29261,427,328
29262,427,329
29263,427,330
29264,427,331
29265,427,332
29266,427,333
29267,427,334
29268,427,335
29269,427,336
29270,427,337
29271,427,338
29272,427,339
29273,427,340
29274,427,341
29275,427,342
29276,427,343
29277,427,344
29278,427,345
29279,427,346
29280,427,347
29281,427,348
29282,427,349
29283,427,350
29284,427,351
29285,427,352
29286,427,353
29287,427,354
29288,427,355
29289,427,356
29290,427,357
29291,427,358
29292,427,359
29293,427,360
29294,427,361
29295,427,362
29296,427,363
29297,427,364
29298,427,365
29299,427,366
29300,427,367
29301,427,368
29302,427,369
29303,427,370
29304,427,371
29305,427,372
29306,427,373
29307,427,374
29308,427,375
29309,427,376
29310,427,377
29311,427,378
29312,427,379
29313,427,380
29314,427,381
29315,427,382
29316,427,383
29317,427,384
29318,427,385
29319,427,386
29320,427,387
29321,427,388
29322,427,389
29323,427,390
29324,427,391
29325,427,392
29326,427,393
29327,427,394
29328,427,395
29329,427,396
29330,427,397
29331,427,398
29332,427,399
29333,427,400
29334,427,401
29335,427,402
29336,427,403
29337,427,404
29338,427,405
29339,427,406
29340,427,407
29341,427,408
29342,427,409
29343,427,410
29344,427,411
29345,427,412
29346,427,413
29347,427,414
29348,427,415
29349,427,416
29350,427,417
29351,427,418
29352,427,419
29353,427,420
29354,427,421
29355,427,422
29356,427,423
29357,427,424
29358,427,425
29359,427,426
29360,427,427
29361,427,428
29362,427,429
29363,427,430
29364,427,431
29365,427,432
29366,427,433
29367,427,434
29368,427,435
29369,427,436
29370,427,437
29371,427,438
29372,427,439
29373,427,440
29374,427,441
29375,427,442
29376,427,443
29377,427,444
29378,427,445
29379,427,446
29380,427,447
29381,427,448
29382,427,449
29383,427,450
29384,427,451
29385,427,452
29386,427,453
29387,427,454
29388,427,455
29389,427,456
29390,427,457
29391,427,458
29392,427,459
29393,427,460
29394,427,461
29395,427,462
29396,427,463
29397,427,464
29398,427,465
29399,427,466
29400,427,467
29401,427,468
29402,427,469
29403,427,470
29404,427,471
29405,427,472
29406,427,473
29407,427,474
29408,427,475
29409,427,476
29410,427,477
29411,427,478
29412,427,479
29413,427,480
29414,427,481
29415,427,482
29416,427,483
29417,427,484
29418,427,485
29419,427,592
29420,427,616
29421,427,617
29422,427,618
29423,427,619
29424,427,620
29425,427,621
29426,428,324
29427,428,325
29428,428,326
29429,428,327
29430,428,328
29431,428,329
29432,428,330
29433,428,331
29434,428,332
29435,428,333
29436,428,334
29437,428,335
29438,428,336
29439,428,337
29440,428,338
29441,428,339
29442,428,340
29443,428,341
29444,428,342
29445,428,343
29446,428,344
29447,428,345
29448,428,346
29449,428,347
29450,428,348
29451,428,349
29452,428,350
29453,428,351
29454,428,352
29455,428,353
29456,428,354
29457,428,355
29458,428,356
29459,428,357
29460,428,358
29461,428,359
29462,428,360
29463,428,361
29464,428,362
29465,428,363
29466,428,364
29467,428,365
29468,428,366
29469,428,367
29470,428,368
29471,428,369
29472,428,370
29473,428,371
29474,428,372
29475,428,373
29476,428,374
29477,428,375
29478,428,376
29479,428,377
29480,428,378
29481,428,379
29482,428,380
29483,428,381
29484,428,382
29485,428,383
29486,428,384
29487,428,385
29488,428,386
29489,428,387
29490,428,388
29491,428,389
29492,428,390
29493,428,391
29494,428,392
29495,428,393
29496,428,394
29497,428,395
29498,428,396
29499,428,397
29500,428,398
29501,428,399
29502,428,400
29503,428,401
29504,428,402
29505,428,403
29506,428,404
29507,428,405
29508,428,406
29509,428,407
29510,428,408
29511,428,409
29512,428,410
29513,428,411
29514,428,412
29515,428,413
29516,428,414
29517,428,415
29518,428,416
29519,428,417
29520,428,418
29521,428,419
29522,428,420
29523,428,421
29524,428,422
29525,428,423
29526,428,424
29527,428,425
29528,428,426
29529,428,427
29530,428,428
29531,428,429
29532,428,430
29533,428,431
29534,428,432
29535,428,433
29536,428,434
29537,428,435
29538,428,436
29539,428,437
29540,428,438
29541,428,439
29542,428,440
29543,428,441
29544,428,442
29545,428,443
29546,428,444
29547,428,445
29548,428,446
29549,428,447
29550,428,448
29551,428,449
29552,428,450
29553,428,451
29554,428,452
29555,428,453
29556,428,454
29557,428,455
29558,428,456
29559,428,457
29560,428,458
29561,428,459
29562,428,460
29563,428,461
29564,428,462
29565,428,463
29566,428,464
29567,428,465
29568,428,466
29569,428,467
29570,428,468
29571,428,469
29572,428,470
29573,428,471
29574,428,472
29575,428,473
29576,428,474
29577,428,475
29578,428,476
29579,428,477
29580,428,478
29581,428,479
29582,428,480
29583,428,481
29584,428,482
29585,428,483
29586,428,484
29587,428,485
29588,428,601
29589,428,602
29590,428,612
29591,428,613
29592,428,614
29593,428,615
29594,428,616
29595,428,617
29596,428,618
29597,428,619
29598,428,620
29599,428,621
29600,429,325
29601,429,326
29602,429,327
29603,429,328
29604,429,329
29605,429,330
29606,429,331
29607,429,332
29608,429,333
29609,429,334
29610,429,335
29611,429,336
29612,429,337
29613,429,338
29614,429,339
29615,429,340
29616,429,341
29617,429,342
29618,429,343
29619,429,344
29620,429,345
29621,429,346
29622,429,347
29623,429,348
29624,429,349
29625,429,350
29626,429,351
29627,429,352
29628,429,353
29629,429,354
29630,429,355
29631,429,356
29632,429,357
29633,429,358
29634,429,359
29635,429,360
29636,429,361
29637,429,362
29638,429,363
29639,429,364
29640,429,365
29641,429,366
29642,429,367
29643,429,368
29644,429,369
29645,429,370
29646,429,371
29647,429,372
29648,429,373
29649,429,374
29650,429,375
29651,429,376
29652,429,377
29653,429,378
29654,429,379
29655,429,380
29656,429,381
29657,429,382
29658,429,383
29659,429,384
29660,429,385
29661,429,386
29662,429,387
29663,429,388
29664,429,389
29665,429,390
29666,429,391
29667,429,392
29668,429,393
29669,429,394
29670,429,395
29671,429,396
29672,429,397
29673,429,398
29674,429,399
29675,429,400
29676,429,401
29677,429,402
29678,429,403
29679,429,404
29680,429,405
29681,429,406
29682,429,407
29683,429,408
29684,429,409
29685,429,410
29686,429,411
29687,429,412
29688,429,413
29689,429,414
29690,429,415
29691,429,416
29692,429,417
29693,429,418
29694,429,419
29695,429,420
29696,429,421
29697,429,422
29698,429,423
29699,429,424
29700,429,425
29701,429,426
29702,429,427
29703,429,428
29704,429,429
29705,429,430
29706,429,431
29707,429,432
29708,429,433
29709,429,434
29710,429,435
29711,429,436
29712,429,437
29713,429,438
29714,429,439
29715,429,440
29716,429,441
29717,429,442
29718,429,443
29719,429,444
29720,429,445
29721,429,446
29722,429,447
29723,429,448
29724,429,449
29725,429,450
29726,429,451
29727,429,452
29728,429,453
29729,429,454
29730,429,455
29731,429,456
29732,429,457
29733,429,458
29734,429,459
29735,429,460
29736,429,461
29737,429,462
29738,429,463
29739,429,464
29740,429,465
29741,429,466
29742,429,467
29743,429,468
29744,429,469
29745,429,470
29746,429,471
29747,429,472
29748,429,473
29749,429,474
29750,429,475
29751,429,476
29752,429,477
29753,429,478
29754,429,479
29755,429,480
29756,429,481
29757,429,482
29758,429,483
29759,429,484
29760,429,485
29761,429,601
29762,429,602
29763,429,603
29764,429,608
29765,429,609
29766,429,610
29767,429,611
29768,429,612
29769,429,613
29770,429,614
29771,429,615
29772,429,616
29773,429,617
29774,429,618
29775,429,619
29776,429,620
29777,429,621
29778,430,325
29779,430,326
29780,430,327
29781,430,328
29782,430,329
29783,430,330
29784,430,331
29785,430,332
29786,430,333
29787,430,334
29788,430,335
29789,430,336
29790,430,337
29791,430,338
29792,430,339
29793,430,340
29794,430,341
29795,430,342
29796,430,343
29797,430,344
29798,430,345
29799,430,346
29800,430,347
29801,430,348
29802,430,349
29803,430,350
29804,430,351
29805,430,352
29806,430,353
29807,430,354
29808,430,355
29809,430,356
29810,430,357
29811,430,358
29812,430,359
29813,430,360
29814,430,361
29815,430,362
29816,430,363
29817,430,364
29818,430,365
29819,430,366
29820,430,367
29821,430,368
29822,430,369
29823,430,370
29824,430,371
29825,430,372
29826,430,373
29827,430,374
29828,430,375
29829,430,376
29830,430,377
29831,430,378
29832,430,379
29833,430,380
29834,430,381
29835,430,382
29836,430,383
29837,430,384
29838,430,385
29839,430,386
29840,430,387
29841,430,388
29842,430,389
29843,430,390
29844,430,391
29845,430,392
29846,430,393
29847,430,394
29848,430,395
29849,430,396
29850,430,397
29851,430,398
29852,430,399
29853,430,400
29854,430,401
29855,430,402
29856,430,403
29857,430,404
29858,430,405
29859,430,406
29860,430,407
29861,430,408
29862,430,409
29863,430,410
29864,430,411
29865,430,412
29866,430,413
29867,430,414
29868,430,415
29869,430,416
29870,430,417
29871,430,418
29872,430,419
29873,430,420
29874,430,421
29875,430,422
29876,430,423
29877,430,424
29878,430,425
29879,430,426
29880,430,427
29881,430,428
29882,430,429
29883,430,430
29884,430,431
29885,430,432
29886,430,433
29887,430,434
29888,430,435
29889,430,436
29890,430,437
29891,430,438
29892,430,439
29893,430,440
29894,430,441
29895,430,442
29896,430,443
29897,430,444
29898,430,445
29899,430,446
29900,430,447
29901,430,448
29902,430,449
29903,430,450
29904,430,451
29905,430,452
29906,430,453
29907,430,454
29908,430,455
29909,430,456
29910,430,457
29911,430,458
29912,430,459
29913,430,460
29914,430,461
29915,430,462
29916,430,463
29917,430,464
29918,430,465
29919,430,466
29920,430,467
29921,430,468
29922,430,469
29923,430,470
29924,430,471
29925,430,472
29926,430,473
29927,430,474
29928,430,475
29929,430,476
29930,430,477
29931,430,478
29932,430,479
29933,430,480
29934,430,481
29935,430,482
29936,430,483
29937,430,484
29938,430,485
29939,430,575
29940,430,576
29941,430,577
29942,430,578
29943,430,579
29944,430,580
29945,430,600
29946,430,601
29947,430,602
29948,430,603
29949,430,604
29950,430,605
29951,430,606
29952,430,607
29953,430,608
29954,430,609
29955,430,610
29956,430,611
29957,430,612
29958,430,613
29959,430,614
29960,430,615
29961,430,616
29962,430,617
29963,430,618
29964,430,619
29965,430,620
29966,430,621
29967,431,325
29968,431,326
29969,431,327
29970,431,328
29971,431,329
29972,431,330
29973,431,331
29974,431,332
29975,431,333
29976,431,334
29977,431,335
29978,431,336
29979,431,337
29980,431,338
29981,431,339
29982,431,340
29983,431,341
29984,431,342
29985,431,343
29986,431,344
29987,431,345
29988,431,346
29989,431,347
29990,431,348
29991,431,349
29992,431,350
29993,431,351
29994,431,352
29995,431,353
29996,431,354
29997,431,355
29998,431,356
29999,431,357
30000,431,358
30001,431,359
30002,431,360
30003,431,361
30004,431,362
30005,431,363
30006,431,364
30007,431,365
30008,431,366
30009,431,367
30010,431,368
30011,431,369
30012,431,370
30013,431,371
30014,431,372
30015,431,373
30016,431,374
30017,431,375
30018,431,376
30019,431,377
30020,431,378
30021,431,379
30022,431,380
30023,431,381
30024,431,382
30025,431,383
30026,431,384
30027,431,385
30028,431,386
30029,431,387
30030,431,388
30031,431,389
30032,431,390
30033,431,391
30034,431,392
30035,431,393
30036,431,394
30037,431,395
30038,431,396
30039,431,397
30040,431,398
30041,431,399
30042,431,400
30043,431,401
30044,431,402
30045,431,403
30046,431,404
30047,431,405
30048,431,406
30049,431,407
30050,431,408
30051,431,409
30052,431,410
30053,431,411
30054,431,412
30055,431,413
30056,431,414
30057,431,415
30058,431,416
30059,431,417
30060,431,418
30061,431,419
30062,431,420
30063,431,421
30064,431,422
30065,431,423
30066,431,424
30067,431,425
30068,431,426
30069,431,427
30070,431,428
30071,431,429
30072,431,430
30073,431,431
30074,431,432
30075,431,433
30076,431,434
30077,431,435
30078,431,436
30079,431,437
30080,431,438
30081,431,439
30082,431,440
30083,431,441
30084,431,442
30085,431,443
30086,431,444
30087,431,445
30088,431,446
30089,431,447
30090,431,448
30091,431,449
30092,431,450
30093,431,451
30094,431,452
30095,431,453
30096,431,454
30097,431,455
30098,431,456
30099,431,457
30100,431,458
30101,431,459
30102,431,460
30103,431,461
30104,431,462
30105,431,463
30106,431,464
30107,431,465
30108,431,466
30109,431,467
30110,431,468
30111,431,469
30112,431,470
30113,431,471
30114,431,472
30115,431,473
30116,431,474
30117,431,475
30118,431,476
30119,431,477
30120,431,478
30121,431,479
30122,431,480
30123,431,481
30124,431,482
30125,431,483
30126,431,484
30127,431,485
30128,431,574
30129,431,575
30130,431,576
30131,431,577
30132,431,578
30133,431,579
30134,431,580
30135,431,600
30136,431,601
30137,431,602
30138,431,603
30139,431,604
30140,431,605
30141,431,606
30142,431,607
30143,431,608
30144,431,609
30145,431,610
30146,431,611
30147,431,612
30148,431,613
30149,431,614
30150,431,615
30151,431,616
30152,431,617
30153,431,618
30154,431,619
30155,431,620
30156,432,325
30157,432,326
30158,432,327
30159,432,328
30160,432,329
30161,432,330
30162,432,331
30163,432,332
30164,432,333
30165,432,334
30166,432,335
30167,432,336
30168,432,337
30169,432,338
30170,432,339
30171,432,340
30172,432,341
30173,432,342
30174,432,343
30175,432,344
30176,432,345
30177,432,346
30178,432,347
30179,432,348
30180,432,349
30181,432,350
30182,432,351
30183,432,352
30184,432,353
30185,432,354
30186,432,355
30187,432,356
30188,432,357
30189,432,358
30190,432,359
30191,432,360
30192,432,361
30193,432,362
30194,432,363
30195,432,364
30196,432,365
30197,432,366
30198,432,367
30199,432,368
30200,432,369
30201,432,370
30202,432,371
30203,432,372
30204,432,373
30205,432,374
30206,432,375
30207,432,376
30208,432,377
30209,432,378
30210,432,379
30211,432,380
30212,432,381
30213,432,382
30214,432,383
30215,432,384
30216,432,385
30217,432,386
30218,432,387
30219,432,388
30220,432,389
30221,432,390
30222,432,391
30223,432,392
30224,432,393
30225,432,394
30226,432,395
30227,432,396
30228,432,397
30229,432,398
30230,432,399
30231,432,400
30232,432,401
30233,432,402
30234,432,403
30235,432,404
30236,432,405
30237,432,406
30238,432,407
30239,432,408
30240,432,409
30241,432,410
30242,432,411
30243,432,412
30244,432,413
30245,432,414
30246,432,415
30247,432,416
30248,432,417
30249,432,418
30250,432,419
30251,432,420
30252,432,421
30253,432,422
30254,432,423
30255,432,424
30256,432,425
30257,432,426
30258,432,427
30259,432,428
30260,432,429
30261,432,430
30262,432,431
30263,432,432
30264,432,433
30265,432,434
30266,432,435
30267,432,436
30268,432,437
30269,432,438
30270,432,439
30271,432,440
30272,432,441
30273,432,442
30274,432,443
30275,432,444
30276,432,445
30277,432,446
30278,432,447
30279,432,448
30280,432,449
30281,432,450
30282,432,451
30283,432,452
30284,432,453
30285,432,454
30286,432,455
30287,432,456
30288,432,457
30289,432,458
30290,432,459
30291,432,460
30292,432,461
30293,432,462
30294,432,463
30295,432,464
30296,432,465
30297,432,466
30298,432,467
30299,432,468
30300,432,469
30301,432,470
30302,432,471
30303,432,472
30304,432,473
30305,432,474
30306,432,475
30307,432,476
30308,432,477
30309,432,478
30310,432,479
30311,432,480
30312,432,481
30313,432,482
30314,432,483
30315,432,484
30316,432,485
30317,432,574
30318,432,575
30319,432,576
30320,432,577
30321,432,578
30322,432,579
30323,432,600
30324,432,601
30325,432,602
30326,432,603
30327,432,604
30328,432,605
30329,432,606
30330,432,607
30331,432,608
30332,432,609
30333,432,610
30334,432,611
30335,432,612
30336,432,613
30337,432,614
30338,432,615
30339,432,616
30340,432,617
30341,432,618
30342,432,619
30343,433,325
30344,433,326
30345,433,327
30346,433,328
30347,433,329
30348,433,330
30349,433,331
30350,433,332
30351,433,333
30352,433,334
30353,433,335
30354,433,336
30355,433,337
30356,433,338
30357,433,339
30358,433,340
30359,433,341
30360,433,342
30361,433,343
30362,433,344
30363,433,345
30364,433,346
30365,433,347
30366,433,348
30367,433,349
30368,433,350
30369,433,351
30370,433,352
30371,433,353
30372,433,354
30373,433,355
30374,433,356
30375,433,357
30376,433,358
30377,433,359
30378,433,360
30379,433,361
30380,433,362
30381,433,363
30382,433,364
30383,433,365
30384,433,366
30385,433,367
30386,433,368
30387,433,369
30388,433,370
30389,433,371
30390,433,372
30391,433,373
30392,433,374
30393,433,375
30394,433,376
30395,433,377
30396,433,378
30397,433,379
30398,433,380
30399,433,381
30400,433,382
30401,433,383
30402,433,384
30403,433,385
30404,433,386
30405,433,387
30406,433,388
30407,433,389
30408,433,390
30409,433,391
30410,433,392
30411,433,393
30412,433,394
30413,433,395
30414,433,396
30415,433,397
30416,433,398
30417,433,399
30418,433,400
30419,433,401
30420,433,402
30421,433,403
30422,433,404
30423,433,405
30424,433,406
30425,433,407
30426,433,408
30427,433,409
30428,433,410
30429,433,411
30430,433,412
30431,433,413
30432,433,414
30433,433,415
30434,433,416
30435,433,417
30436,433,418
30437,433,419
30438,433,420
30439,433,421
30440,433,422
30441,433,423
30442,433,424
30443,433,425
30444,433,426
30445,433,427
30446,433,428
30447,433,429
30448,433,430
30449,433,431
30450,433,432
30451,433,433
30452,433,434
30453,433,435
30454,433,436
30455,433,437
30456,433,438
30457,433,439
30458,433,440
30459,433,441
30460,433,442
30461,433,443
30462,433,444
30463,433,445
30464,433,446
30465,433,447
30466,433,448
30467,433,449
30468,433,450
30469,433,451
30470,433,452
30471,433,453
30472,433,454
30473,433,455
30474,433,456
30475,433,457
30476,433,458
30477,433,459
30478,433,460
30479,433,461
30480,433,462
30481,433,463
30482,433,464
30483,433,465
30484,433,466
30485,433,467
30486,433,468
30487,433,469
30488,433,470
30489,433,471
30490,433,472
30491,433,473
30492,433,474
30493,433,475
30494,433,476
30495,433,477
30496,433,478
30497,433,479
30498,433,480
30499,433,481
30500,433,482
30501,433,483
30502,433,484
30503,433,485
30504,433,574
30505,433,575
30506,433,576
30507,433,577
30508,433,578
30509,433,592
30510,433,593
30511,433,600
30512,433,601
30513,433,602
30514,433,603
30515,433,604
30516,433,607
30517,433,608
30518,433,609
30519,433,610
30520,433,611
30521,433,612
30522,433,613
30523,433,614
30524,433,615
30525,433,616
30526,433,617
30527,433,618
30528,434,326
30529,434,327
30530,434,328
30531,434,329
30532,434,330
30533,434,331
30534,434,332
30535,434,333
30536,434,334
30537,434,335
30538,434,336
30539,434,337
30540,434,338
30541,434,339
30542,434,340
30543,434,341
30544,434,342
30545,434,343
30546,434,344
30547,434,345
30548,434,346
30549,434,347
30550,434,348
30551,434,349
30552,434,350
30553,434,351
30554,434,352
30555,434,353
30556,434,354
30557,434,355
30558,434,356
30559,434,357
30560,434,358
30561,434,359
30562,434,360
30563,434,361
30564,434,362
30565,434,363
30566,434,364
30567,434,365
30568,434,366
30569,434,367
30570,434,368
30571,434,369
30572,434,370
30573,434,371
30574,434,372
30575,434,373
30576,434,374
30577,434,375
30578,434,376
30579,434,377
30580,434,378
30581,434,379
30582,434,380
30583,434,381
30584,434,382
30585,434,383
30586,434,384
30587,434,385
30588,434,386
30589,434,387
30590,434,388
30591,434,389
30592,434,390
30593,434,391
30594,434,392
30595,434,393
30596,434,394
30597,434,395
30598,434,396
30599,434,397
30600,434,398
30601,434,399
30602,434,400
30603,434,401
30604,434,402
30605,434,403
30606,434,404
30607,434,405
30608,434,406
30609,434,407
30610,434,408
30611,434,409
30612,434,410
30613,434,411
30614,434,412
30615,434,413
30616,434,414
30617,434,415
30618,434,416
30619,434,417
30620,434,418
30621,434,419
30622,434,420
30623,434,421
30624,434,422
30625,434,423
30626,434,424
30627,434,425
30628,434,426
30629,434,427
30630,434,428
30631,434,429
30632,434,430
30633,434,431
30634,434,432
30635,434,433
30636,434,434
30637,434,435
30638,434,436
30639,434,437
30640,434,438
30641,434,439
30642,434,440
30643,434,441
30644,434,442
30645,434,443
30646,434,444
30647,434,445
30648,434,446
30649,434,447
30650,434,448
30651,434,449
30652,434,450
30653,434,451
30654,434,452
30655,434,453
30656,434,454
30657,434,455
30658,434,456
30659,434,457
30660,434,458
30661,434,459
30662,434,460
30663,434,461
30664,434,462
30665,434,463
30666,434,464
30667,434,465
30668,434,466
30669,434,467
30670,434,468
30671,434,469
30672,434,470
30673,434,471
30674,434,472
30675,434,473
30676,434,474
30677,434,475
30678,434,476
30679,434,477
30680,434,478
30681,434,479
30682,434,480
30683,434,481
30684,434,482
30685,434,483
30686,434,484
30687,434,485
30688,434,486
30689,434,574
30690,434,575
30691,434,576
30692,434,577
30693,434,592
30694,434,593
30695,434,600
30696,434,601
30697,434,602
30698,434,603
30699,434,604
30700,434,607
30701,434,608
30702,434,609
30703,434,610
30704,434,611
30705,434,612
30706,434,613
30707,434,614
30708,434,615
30709,434,616
30710,434,617
30711,434,618
30712,435,326
30713,435,327
30714,435,328
30715,435,329
30716,435,330
30717,435,331
30718,435,332
30719,435,333
30720,435,334
30721,435,335
30722,435,336
30723,435,337
30724,435,338
30725,435,339
30726,435,340
30727,435,341
30728,435,342
30729,435,343
30730,435,344
30731,435,345
30732,435,346
30733,435,347
30734,435,348
30735,435,349
30736,435,350
30737,435,351
30738,435,352
30739,435,353
30740,435,354
30741,435,355
30742,435,356
30743,435,357
30744,435,358
30745,435,359
30746,435,360
30747,435,361
30748,435,362
30749,435,363
30750,435,364
30751,435,365
30752,435,366
30753,435,367
30754,435,368
30755,435,369
30756,435,370
30757,435,371
30758,435,372
30759,435,373
30760,435,374
30761,435,375
30762,435,376
30763,435,377
30764,435,378
30765,435,379
30766,435,380
30767,435,381
30768,435,382
30769,435,383
30770,435,384
30771,435,385
30772,435,386
30773,435,387
30774,435,388
30775,435,389
30776,435,390
30777,435,391
30778,435,392
30779,435,393
30780,435,394
30781,435,395
30782,435,396
30783,435,397
30784,435,398
30785,435,399
30786,435,400
30787,435,401
30788,435,402
30789,435,403
30790,435,404
30791,435,405
30792,435,406
30793,435,407
30794,435,408
30795,435,409
30796,435,410
30797,435,411
30798,435,412
30799,435,413
30800,435,414
30801,435,415
30802,435,416
30803,435,417
30804,435,418
30805,435,419
30806,435,420
30807,435,421
30808,435,422
30809,435,423
30810,435,424
30811,435,425
30812,435,426
30813,435,427
30814,435,428
30815,435,429
30816,435,430
30817,435,431
30818,435,432
30819,435,433
30820,435,434
30821,435,435
30822,435,436
30823,435,437
30824,435,438
30825,435,439
30826,435,440
30827,435,441
30828,435,442
30829,435,443
30830,435,444
30831,435,445
30832,435,446
30833,435,447
30834,435,448
30835,435,449
30836,435,450
30837,435,451
30838,435,452
30839,435,453
30840,435,454
30841,435,455
30842,435,456
30843,435,457
30844,435,458
30845,435,459
30846,435,460
30847,435,461
30848,435,462
30849,435,463
30850,435,464
30851,435,465
30852,435,466
30853,435,467
30854,435,468
30855,435,469
30856,435,470
30857,435,471
30858,435,472
30859,435,473
30860,435,474
30861,435,475
30862,435,476
30863,435,477
30864,435,478
30865,435,479
30866,435,480
30867,435,481
30868,435,482
30869,435,483
30870,435,484
30871,435,485
30872,435,486
30873,435,575
30874,435,576
30875,435,592
30876,435,593
30877,435,600
30878,435,601
30879,435,602
30880,435,603
30881,435,604
30882,435,607
30883,435,608
30884,435,609
30885,435,610
30886,435,611
30887,435,612
30888,435,613
30889,435,614
30890,435,615
30891,435,616
30892,435,617
30893,435,618
30894,435,619
30895,435,620
30896,436,326
30897,436,327
30898,436,328
30899,436,329
30900,436,330
30901,436,331
30902,436,332
30903,436,333
30904,436,334
30905,436,335
30906,436,336
30907,436,337
30908,436,338
30909,436,339
30910,436,340
30911,436,341
30912,436,342
30913,436,343
30914,436,344
30915,436,345
30916,436,346
30917,436,347
30918,436,348
30919,436,349
30920,436,350
30921,436,351
30922,436,352
30923,436,353
30924,436,354
30925,436,355
30926,436,356
30927,436,357
30928,436,358
30929,436,359
30930,436,360
30931,436,361
30932,436,362
30933,436,363
30934,436,364
30935,436,365
30936,436,366
30937,436,367
30938,436,368
30939,436,369
30940,436,370
30941,436,371
30942,436,372
30943,436,373
30944,436,374
30945,436,375
30946,436,376
30947,436,377
30948,436,378
30949,436,379
30950,436,380
30951,436,381
30952,436,382
30953,436,383
30954,436,384
30955,436,385
30956,436,386
30957,436,387
30958,436,388
30959,436,389
30960,436,390
30961,436,391
30962,436,392
30963,436,393
30964,436,394
30965,436,395
30966,436,396
30967,436,397
30968,436,398
30969,436,399
30970,436,400
30971,436,401
30972,436,402
30973,436,403
30974,436,404
30975,436,405
30976,436,406
30977,436,407
30978,436,408
30979,436,409
30980,436,410
30981,436,411
30982,436,412
30983,436,413
30984,436,414
30985,436,415
30986,436,416
30987,436,417
30988,436,418
30989,436,419
30990,436,420
30991,436,421
30992,436,422
30993,436,423
30994,436,424
30995,436,425
30996,436,426
30997,436,427
30998,436,428
30999,436,429
31000,436,430
31001,436,431
31002,436,432
31003,436,433
31004,436,434
31005,436,435
31006,436,436
31007,436,437
31008,436,438
31009,436,439
31010,436,440
31011,436,441
31012,436,442
31013,436,443
31014,436,444
31015,436,445
31016,436,446
31017,436,447
31018,436,448
31019,436,449
31020,436,450
31021,436,451
31022,436,452
31023,436,453
31024,436,454
31025,436,455
31026,436,456
31027,436,457
31028,436,458
31029,436,459
31030,436,460
31031,436,461
31032,436,462
31033,436,463
31034,436,464
31035,436,465
31036,436,466
31037,436,467
31038,436,468
31039,436,469
31040,436,470
31041,436,471
31042,436,472
31043,436,473
31044,436,474
31045,436,475
31046,436,476
31047,436,477
31048,436,478
31049,436,479
31050,436,480
31051,436,481
31052,436,482
31053,436,483
31054,436,484
31055,436,485
31056,436,486
31057,436,575
31058,436,593
31059,436,599
31060,436,600
31061,436,601
31062,436,602
31063,436,603
31064,436,604
31065,436,605
31066,436,606
31067,436,607
31068,436,611
31069,436,612
31070,436,613
31071,436,614
31072,436,615
31073,436,616
31074,436,617
31075,436,618
31076,436,619
31077,436,620
31078,436,621
31079,436,622
31080,437,327
31081,437,328
31082,437,329
31083,437,330
31084,437,331
31085,437,332
31086,437,333
31087,437,334
31088,437,335
31089,437,336
31090,437,337
31091,437,338
31092,437,339
31093,437,340
31094,437,341
31095,437,342
31096,437,343
31097,437,344
31098,437,345
31099,437,346
31100,437,347
31101,437,348
31102,437,349
31103,437,350
31104,437,351
31105,437,352
31106,437,353
31107,437,354
31108,437,355
31109,437,356
31110,437,357
31111,437,358
31112,437,359
31113,437,360
31114,437,361
31115,437,362
31116,437,363
31117,437,364
31118,437,365
31119,437,366
31120,437,367
31121,437,368
31122,437,369
31123,437,370
31124,437,371
31125,437,372
31126,437,373
31127,437,374
31128,437,375
31129,437,376
31130,437,377
31131,437,378
31132,437,379
31133,437,380
31134,437,381
31135,437,382
31136,437,383
31137,437,384
31138,437,385
31139,437,386
31140,437,387
31141,437,388
31142,437,389
31143,437,390
31144,437,391
31145,437,392
31146,437,393
31147,437,394
31148,437,395
31149,437,396
31150,437,397
31151,437,398
31152,437,399
31153,437,400
31154,437,401
31155,437,402
31156,437,403
31157,437,404
31158,437,405
31159,437,406
31160,437,407
31161,437,408
31162,437,409
31163,437,410
31164,437,411
31165,437,412
31166,437,413
31167,437,414
31168,437,415
31169,437,416
31170,437,417
31171,437,418
31172,437,419
31173,437,420
31174,437,421
31175,437,422
31176,437,423
31177,437,424
31178,437,425
31179,437,426
31180,437,427
31181,437,428
31182,437,429
31183,437,430
31184,437,431
31185,437,432
31186,437,433
31187,437,434
31188,437,435
31189,437,436
31190,437,437
31191,437,438
31192,437,439
31193,437,440
31194,437,441
31195,437,442
31196,437,443
31197,437,444
31198,437,445
31199,437,446
31200,437,447
31201,437,448
31202,437,449
31203,437,450
31204,437,451
31205,437,452
31206,437,453
31207,437,454
31208,437,455
31209,437,456
31210,437,457
31211,437,458
31212,437,459
31213,437,460
31214,437,461
31215,437,462
31216,437,463
31217,437,464
31218,437,465
31219,437,466
31220,437,467
31221,437,468
31222,437,469
31223,437,470
31224,437,471
31225,437,472
31226,437,473
31227,437,474
31228,437,475
31229,437,476
31230,437,477
31231,437,478
31232,437,479
31233,437,480
31234,437,481
31235,437,482
31236,437,483
31237,437,484
31238,437,485
31239,437,486
31240,437,593
31241,437,594
31242,437,595
31243,437,596
31244,437,597
31245,437,598
31246,437,599
31247,437,600
31248,437,601
31249,437,602
31250,437,603
31251,437,604
31252,437,605
31253,437,606
31254,437,612
31255,437,613
31256,437,614
31257,437,615
31258,437,616
31259,437,617
31260,437,618
31261,437,619
31262,437,620
31263,437,621
31264,437,622
31265,437,623
31266,438,327
31267,438,328
31268,438,329
31269,438,330
31270,438,331
31271,438,332
31272,438,333
31273,438,334
31274,438,335
31275,438,336
31276,438,337
31277,438,338
31278,438,339
31279,438,340
31280,438,341
31281,438,342
31282,438,343
31283,438,344
31284,438,345
31285,438,346
31286,438,347
31287,438,348
31288,438,349
31289,438,350
31290,438,351
31291,438,352
31292,438,353
31293,438,354
31294,438,355
31295,438,356
31296,438,357
31297,438,358
31298,438,359
31299,438,360
31300,438,361
31301,438,362
31302,438,363
31303,438,364
31304,438,365
31305,438,366
31306,438,367
31307,438,368
31308,438,369
31309,438,370
31310,438,371
31311,438,372
31312,438,373
31313,438,374
31314,438,375
31315,438,376
31316,438,377
31317,438,378
31318,438,379
31319,438,380
31320,438,381
31321,438,382
31322,438,383
31323,438,384
31324,438,385
31325,438,386
31326,438,387
31327,438,388
31328,438,389
31329,438,390
31330,438,391
31331,438,392
31332,438,393
31333,438,394
31334,438,395
31335,438,396
31336,438,397
31337,438,398
31338,438,399
31339,438,400
31340,438,401
31341,438,402
31342,438,403
31343,438,404
31344,438,405
31345,438,406
31346,438,407
31347,438,408
31348,438,409
31349,438,410
31350,438,411
31351,438,412
31352,438,413
31353,438,414
31354,438,415
31355,438,416
31356,438,417
31357,438,418
31358,438,419
31359,438,420
31360,438,421
31361,438,422
31362,438,423
31363,438,424
31364,438,425
31365,438,426
31366,438,427
31367,438,428
31368,438,429
31369,438,430
31370,438,431
31371,438,432
31372,438,433
31373,438,434
31374,438,435
31375,438,436
31376,438,437
31377,438,438
31378,438,439
31379,438,440
31380,438,441
31381,438,442
31382,438,443
31383,438,444
31384,438,445
31385,438,446
31386,438,447
31387,438,448
31388,438,449
31389,438,450
31390,438,451
31391,438,452
31392,438,453
31393,438,454
31394,438,455
31395,438,456
31396,438,457
31397,438,458
31398,438,459
31399,438,460
31400,438,461
31401,438,462
31402,438,463
31403,438,464
31404,438,465
31405,438,466
31406,438,467
31407,438,468
31408,438,469
31409,438,470
31410,438,471
31411,438,472
31412,438,473
31413,438,474
31414,438,475
31415,438,476
31416,438,477
31417,438,478
31418,438,479
31419,438,480
31420,438,481
31421,438,482
31422,438,483
31423,438,484
31424,438,485
31425,438,486
31426,438,593
31427,438,594
31428,438,595
31429,438,596
31430,438,597
31431,438,598
31432,438,599
31433,438,600
31434,438,601
31435,438,602
31436,438,603
31437,438,604
31438,438,605
31439,438,606
31440,438,612
31441,438,613
31442,438,614
31443,438,615
31444,438,616
31445,438,617
31446,438,618
31447,438,619
31448,438,620
31449,438,621
31450,438,622
31451,438,623
31452,439,328
31453,439,329
31454,439,330
31455,439,331
31456,439,332
31457,439,333
31458,439,334
31459,439,335
31460,439,336
31461,439,337
31462,439,338
31463,439,339
31464,439,340
31465,439,341
31466,439,342
31467,439,343
31468,439,344
31469,439,345
31470,439,346
31471,439,347
31472,439,348
31473,439,349
31474,439,350
31475,439,351
31476,439,352
31477,439,353
31478,439,354
31479,439,355
31480,439,356
31481,439,357
31482,439,358
31483,439,359
31484,439,360
31485,439,361
31486,439,362
31487,439,363
31488,439,364
31489,439,365
31490,439,366
31491,439,367
31492,439,368
31493,439,369
31494,439,370
31495,439,371
31496,439,372
31497,439,373
31498,439,374
31499,439,375
31500,439,376
31501,439,377
31502,439,378
31503,439,379
31504,439,380
31505,439,381
31506,439,382
31507,439,383
31508,439,384
31509,439,385
31510,439,386
31511,439,387
31512,439,388
31513,439,389
31514,439,390
31515,439,391
31516,439,392
31517,439,393
31518,439,394
31519,439,395
31520,439,396
31521,439,397
31522,439,398
31523,439,399
31524,439,400
31525,439,401
31526,439,402
31527,439,403
31528,439,404
31529,439,405
31530,439,406
31531,439,407
31532,439,408
31533,439,409
31534,439,410
31535,439,411
31536,439,412
31537,439,413
31538,439,414
31539,439,415
31540,439,416
31541,439,417
31542,439,418
31543,439,419
31544,439,420
31545,439,421
31546,439,422
31547,439,423
31548,439,424
31549,439,425
31550,439,426
31551,439,427
31552,439,428
31553,439,429
31554,439,430
31555,439,431
31556,439,432
31557,439,433
31558,439,434
31559,439,435
31560,439,436
31561,439,437
31562,439,438
31563,439,439
31564,439,440
31565,439,441
31566,439,442
31567,439,443
31568,439,444
31569,439,445
31570,439,446
31571,439,447
31572,439,448
31573,439,449
31574,439,450
31575,439,451
31576,439,452
31577,439,453
31578,439,454
31579,439,455
31580,439,456
31581,439,457
31582,439,458
31583,439,459
31584,439,460
31585,439,461
31586,439,462
31587,439,463
31588,439,464
31589,439,465
31590,439,466
31591,439,467
31592,439,468
31593,439,469
31594,439,470
31595,439,471
31596,439,472
31597,439,473
31598,439,474
31599,439,475
31600,439,476
31601,439,477
31602,439,478
31603,439,479
31604,439,480
31605,439,481
31606,439,482
31607,439,483
31608,439,484
31609,439,485
31610,439,486
31611,439,593
31612,439,594
31613,439,598
31614,439,599
31615,439,600
31616,439,601
31617,439,602
31618,439,603
31619,439,604
31620,439,605
31621,439,606
31622,439,607
31623,439,613
31624,439,614
31625,439,615
31626,439,616
31627,439,617
31628,439,618
31629,439,619
31630,439,620
31631,439,621
31632,439,622
31633,439,623
31634,439,624
31635,439,625
31636,439,626
31637,439,627
31638,440,329
31639,440,330
31640,440,331
31641,440,332
31642,440,333
31643,440,334
31644,440,335
31645,440,336
31646,440,337
31647,440,338
31648,440,339
31649,440,340
31650,440,341
31651,440,342
31652,440,343
31653,440,344
31654,440,345
31655,440,346
31656,440,347
31657,440,348
31658,440,349
31659,440,350
31660,440,351
31661,440,352
31662,440,353
31663,440,354
31664,440,355
31665,440,356
31666,440,357
31667,440,358
31668,440,359
31669,440,360
31670,440,361
31671,440,362
31672,440,363
31673,440,364
31674,440,365
31675,440,366
31676,440,367
31677,440,368
31678,440,369
31679,440,370
31680,440,371
31681,440,372
31682,440,373
31683,440,374
31684,440,375
31685,440,376
31686,440,377
31687,440,378
31688,440,379
31689,440,380
31690,440,381
31691,440,382
31692,440,383
31693,440,384
31694,440,385
31695,440,386
31696,440,387
31697,440,388
31698,440,389
31699,440,390
31700,440,391
31701,440,392
31702,440,393
31703,440,394
31704,440,395
31705,440,396
31706,440,397
31707,440,398
31708,440,399
31709,440,400
31710,440,401
31711,440,402
31712,440,403
31713,440,404
31714,440,405
31715,440,406
31716,440,407
31717,440,408
31718,440,409
31719,440,410
31720,440,411
31721,440,412
31722,440,413
31723,440,414
31724,440,415
31725,440,416
31726,440,417
31727,440,418
31728,440,419
31729,440,420
31730,440,421
31731,440,422
31732,440,423
31733,440,424
31734,440,425
31735,440,426
31736,440,427
31737,440,428
31738,440,429
31739,440,430
31740,440,431
31741,440,432
31742,440,433
31743,440,434
31744,440,435
31745,440,436
31746,440,437
31747,440,438
31748,440,439
31749,440,440
31750,440,441
31751,440,442
31752,440,443
31753,440,444
31754,440,445
31755,440,446
31756,440,447
31757,440,448
31758,440,449
31759,440,450
31760,440,451
31761,440,452
31762,440,453
31763,440,454
31764,440,455
31765,440,456
31766,440,457
31767,440,458
31768,440,459
31769,440,460
31770,440,461
31771,440,462
31772,440,463
31773,440,464
31774,440,465
31775,440,466
31776,440,467
31777,440,468
31778,440,469
31779,440,470
31780,440,471
31781,440,472
31782,440,473
31783,440,474
31784,440,475
31785,440,476
31786,440,477
31787,440,478
31788,440,479
31789,440,480
31790,440,481
31791,440,482
31792,440,483
31793,440,484
31794,440,485
31795,440,486
31796,440,575
31797,440,592
31798,440,593
31799,440,594
31800,440,599
31801,440,600
31802,440,601
31803,440,602
31804,440,603
31805,440,604
31806,440,605
31807,440,606
31808,440,607
31809,440,615
31810,440,616
31811,440,617
31812,440,618
31813,440,619
31814,440,620
31815,440,621
31816,440,622
31817,440,623
31818,440,624
31819,440,625
31820,440,626
31821,440,627
31822,440,628
31823,441,329
31824,441,330
31825,441,331
31826,441,332
31827,441,333
31828,441,334
31829,441,335
31830,441,336
31831,441,337
31832,441,338
31833,441,339
31834,441,340
31835,441,341
31836,441,342
31837,441,343
31838,441,344
31839,441,345
31840,441,346
31841,441,347
31842,441,348
31843,441,349
31844,441,350
31845,441,351
31846,441,352
31847,441,353
31848,441,354
31849,441,355
31850,441,356
31851,441,357
31852,441,358
31853,441,359
31854,441,360
31855,441,361
31856,441,362
31857,441,363
31858,441,364
31859,441,365
31860,441,366
31861,441,367
31862,441,368
31863,441,369
31864,441,370
31865,441,371
31866,441,372
31867,441,373
31868,441,374
31869,441,375
31870,441,376
31871,441,377
31872,441,378
31873,441,379
31874,441,380
31875,441,381
31876,441,382
31877,441,383
31878,441,384
31879,441,385
31880,441,386
31881,441,387
31882,441,388
31883,441,389
31884,441,390
31885,441,391
31886,441,392
31887,441,393
31888,441,394
31889,441,395
31890,441,396
31891,441,397
31892,441,398
31893,441,399
31894,441,400
31895,441,401
31896,441,402
31897,441,403
31898,441,404
31899,441,405
31900,441,406
31901,441,407
31902,441,408
31903,441,409
31904,441,410
31905,441,411
31906,441,412
31907,441,413
31908,441,414
31909,441,415
31910,441,416
31911,441,417
31912,441,418
31913,441,419
31914,441,420
31915,441,421
31916,441,422
31917,441,423
31918,441,424
31919,441,425
31920,441,426
31921,441,427
31922,441,428
31923,441,429
31924,441,430
31925,441,431
31926,441,432
31927,441,433
31928,441,434
31929,441,435
31930,441,436
31931,441,437
31932,441,438
31933,441,439
31934,441,440
31935,441,441
31936,441,442
31937,441,443
31938,441,444
31939,441,445
31940,441,446
31941,441,447
31942,441,448
31943,441,449
31944,441,450
31945,441,451
31946,441,452
31947,441,453
31948,441,454
31949,441,455
31950,441,456
31951,441,457
31952,441,458
31953,441,459
31954,441,460
31955,441,461
31956,441,462
31957,441,463
31958,441,464
31959,441,465
31960,441,466
31961,441,467
31962,441,468
31963,441,469
31964,441,470
31965,441,471
31966,441,472
31967,441,473
31968,441,474
31969,441,475
31970,441,476
31971,441,477
31972,441,478
31973,441,479
31974,441,480
31975,441,481
31976,441,482
31977,441,483
31978,441,484
31979,441,485
31980,441,486
31981,441,487
31982,441,575
31983,441,576
31984,441,592
31985,441,593
31986,441,594
31987,441,599
31988,441,600
31989,441,601
31990,441,602
31991,441,603
31992,441,604
31993,441,605
31994,441,606
31995,441,607
31996,441,608
31997,441,609
31998,441,610
31999,441,616
32000,441,617
32001,441,618
32002,441,619
32003,441,620
32004,441,621
32005,441,622
32006,441,623
32007,441,624
32008,441,625
32009,441,626
32010,441,627
32011,441,628
32012,442,331
32013,442,332
32014,442,333
32015,442,334
32016,442,335
32017,442,336
32018,442,337
32019,442,338
32020,442,339
32021,442,340
32022,442,341
32023,442,342
32024,442,343
32025,442,344
32026,442,345
32027,442,346
32028,442,347
32029,442,348
32030,442,349
32031,442,350
32032,442,351
32033,442,352
32034,442,353
32035,442,354
32036,442,355
32037,442,356
32038,442,357
32039,442,358
32040,442,359
32041,442,360
32042,442,361
32043,442,362
32044,442,363
32045,442,364
32046,442,365
32047,442,366
32048,442,367
32049,442,368
32050,442,369
32051,442,370
32052,442,371
32053,442,372
32054,442,373
32055,442,374
32056,442,375
32057,442,376
32058,442,377
32059,442,378
32060,442,379
32061,442,380
32062,442,381
32063,442,382
32064,442,383
32065,442,384
32066,442,385
32067,442,386
32068,442,387
32069,442,388
32070,442,389
32071,442,390
32072,442,391
32073,442,392
32074,442,393
32075,442,394
32076,442,395
32077,442,396
32078,442,397
32079,442,398
32080,442,399
32081,442,400
32082,442,401
32083,442,402
32084,442,403
32085,442,404
32086,442,405
32087,442,406
32088,442,407
32089,442,408
32090,442,409
32091,442,410
32092,442,411
32093,442,412
32094,442,413
32095,442,414
32096,442,415
32097,442,416
32098,442,417
32099,442,418
32100,442,419
32101,442,420
32102,442,421
32103,442,422
32104,442,423
32105,442,424
32106,442,425
32107,442,426
32108,442,427
32109,442,428
32110,442,429
32111,442,430
32112,442,431
32113,442,432
32114,442,433
32115,442,434
32116,442,435
32117,442,436
32118,442,437
32119,442,438
32120,442,439
32121,442,440
32122,442,441
32123,442,442
32124,442,443
32125,442,444
32126,442,445
32127,442,446
32128,442,447
32129,442,448
32130,442,449
32131,442,450
32132,442,451
32133,442,452
32134,442,453
32135,442,454
32136,442,455
32137,442,456
32138,442,457
32139,442,458
32140,442,459
32141,442,460
32142,442,461
32143,442,462
32144,442,463
32145,442,464
32146,442,465
32147,442,466
32148,442,467
32149,442,468
32150,442,469
32151,442,470
32152,442,471
32153,442,472
32154,442,473
32155,442,474
32156,442,475
32157,442,476
32158,442,477
32159,442,478
32160,442,479
32161,442,480
32162,442,481
32163,442,482
32164,442,483
32165,442,484
32166,442,485
32167,442,486
32168,442,487
32169,442,575
32170,442,576
32171,442,592
32172,442,593
32173,442,594
32174,442,595
32175,442,596
32176,442,597
32177,442,598
32178,442,599
32179,442,600
32180,442,601
32181,442,602
32182,442,603
32183,442,604
32184,442,605
32185,442,606
32186,442,607
32187,442,608
32188,442,609
32189,442,610
32190,442,611
32191,442,612
32192,442,613
32193,442,614
32194,442,615
32195,442,616
32196,442,617
32197,442,618
32198,442,619
32199,442,620
32200,442,621
32201,442,622
32202,442,623
32203,442,624
32204,442,625
32205,442,626
32206,442,627
32207,442,628
32208,442,629
32209,443,332
32210,443,333
32211,443,334
32212,443,335
32213,443,336
32214,443,337
32215,443,338
32216,443,339
32217,443,340
32218,443,341
32219,443,342
32220,443,343
32221,443,344
32222,443,345
32223,443,346
32224,443,347
32225,443,348
32226,443,349
32227,443,350
32228,443,351
32229,443,352
32230,443,353
32231,443,354
32232,443,355
32233,443,356
32234,443,357
32235,443,358
32236,443,359
32237,443,360
32238,443,361
32239,443,362
32240,443,363
32241,443,364
32242,443,365
32243,443,366
32244,443,367
32245,443,368
32246,443,369
32247,443,370
32248,443,371
32249,443,372
32250,443,373
32251,443,374
32252,443,375
32253,443,376
32254,443,377
32255,443,378
32256,443,379
32257,443,380
32258,443,381
32259,443,382
32260,443,383
32261,443,384
32262,443,385
32263,443,386
32264,443,387
32265,443,388
32266,443,389
32267,443,390
32268,443,391
32269,443,392
32270,443,393
32271,443,394
32272,443,395
32273,443,396
32274,443,397
32275,443,398
32276,443,399
32277,443,400
32278,443,401
32279,443,402
32280,443,403
32281,443,404
32282,443,405
32283,443,406
32284,443,407
32285,443,408
32286,443,409
32287,443,410
32288,443,411
32289,443,412
32290,443,413
32291,443,414
32292,443,415
32293,443,416
32294,443,417
32295,443,418
32296,443,419
32297,443,420
32298,443,421
32299,443,422
32300,443,423
32301,443,424
32302,443,425
32303,443,426
32304,443,427
32305,443,428
32306,443,429
32307,443,430
32308,443,431
32309,443,432
32310,443,433
32311,443,434
32312,443,435
32313,443,436
32314,443,437
32315,443,438
32316,443,439
32317,443,440
32318,443,441
32319,443,442
32320,443,443
32321,443,444
32322,443,445
32323,443,446
32324,443,447
32325,443,448
32326,443,449
32327,443,450
32328,443,451
32329,443,452
32330,443,453
32331,443,454
32332,443,455
32333,443,456
32334,443,457
32335,443,458
32336,443,459
32337,443,460
32338,443,461
32339,443,462
32340,443,463
32341,443,464
32342,443,465
32343,443,466
32344,443,467
32345,443,468
32346,443,469
32347,443,470
32348,443,471
32349,443,472
32350,443,473
32351,443,474
32352,443,475
32353,443,476
32354,443,477
32355,443,478
32356,443,479
32357,443,480
32358,443,481
32359,443,482
32360,443,483
32361,443,484
32362,443,485
32363,443,486
32364,443,487
32365,443,577
32366,443,578
32367,443,579
32368,443,592
32369,443,593
32370,443,594
32371,443,595
32372,443,596
32373,443,597
32374,443,598
32375,443,599
32376,443,600
32377,443,601
32378,443,602
32379,443,603
32380,443,604
32381,443,605
32382,443,606
32383,443,607
32384,443,608
32385,443,609
32386,443,610
32387,443,611
32388,443,612
32389,443,613
32390,443,614
32391,443,615
32392,443,616
32393,443,617
32394,443,618
32395,443,619
32396,443,620
32397,443,621
32398,443,622
32399,443,623
32400,443,624
32401,443,625
32402,443,626
32403,443,627
32404,443,628
32405,443,629
32406,443,630
32407,444,336
32408,444,337
32409,444,338
32410,444,339
32411,444,340
32412,444,341
32413,444,342
32414,444,343
32415,444,344
32416,444,345
32417,444,346
32418,444,347
32419,444,348
32420,444,349
32421,444,350
32422,444,351
32423,444,352
32424,444,353
32425,444,354
32426,444,355
32427,444,356
32428,444,357
32429,444,358
32430,444,359
32431,444,360
32432,444,361
32433,444,362
32434,444,363
32435,444,364
32436,444,365
32437,444,366
32438,444,367
32439,444,368
32440,444,369
32441,444,370
32442,444,371
32443,444,372
32444,444,373
32445,444,374
32446,444,375
32447,444,376
32448,444,377
32449,444,378
32450,444,379
32451,444,380
32452,444,381
32453,444,382
32454,444,383
32455,444,384
32456,444,385
32457,444,386
32458,444,387
32459,444,388
32460,444,389
32461,444,390
32462,444,391
32463,444,392
32464,444,393
32465,444,394
32466,444,395
32467,444,396
32468,444,397
32469,444,398
32470,444,399
32471,444,400
32472,444,401
32473,444,402
32474,444,403
32475,444,404
32476,444,405
32477,444,406
32478,444,407
32479,444,408
32480,444,409
32481,444,410
32482,444,411
32483,444,412
32484,444,413
32485,444,414
32486,444,415
32487,444,416
32488,444,417
32489,444,418
32490,444,419
32491,444,420
32492,444,421
32493,444,422
32494,444,423
32495,444,424
32496,444,425
32497,444,426
32498,444,427
32499,444,428
32500,444,429
32501,444,430
32502,444,431
32503,444,432
32504,444,433
32505,444,434
32506,444,435
32507,444,436
32508,444,437
32509,444,438
32510,444,439
32511,444,440
32512,444,441
32513,444,442
32514,444,443
32515,444,444
32516,444,445
32517,444,446
32518,444,447
32519,444,448
32520,444,449
32521,444,450
32522,444,451
32523,444,452
32524,444,453
32525,444,454
32526,444,455
32527,444,456
32528,444,457
32529,444,458
32530,444,459
32531,444,460
32532,444,461
32533,444,462
32534,444,463
32535,444,464
32536,444,465
32537,444,466
32538,444,467
32539,444,468
32540,444,469
32541,444,470
32542,444,471
32543,444,472
32544,444,473
32545,444,474
32546,444,475
32547,444,476
32548,444,477
32549,444,478
32550,444,479
32551,444,480
32552,444,481
32553,444,482
32554,444,483
32555,444,484
32556,444,485
32557,444,486
32558,444,487
32559,444,562
32560,444,577
32561,444,578
32562,444,579
32563,444,580
32564,444,591
32565,444,592
32566,444,593
32567,444,594
32568,444,595
32569,444,596
32570,444,597
32571,444,598
32572,444,599
32573,444,600
32574,444,601
32575,444,602
32576,444,603
32577,444,604
32578,444,605
32579,444,606
32580,444,607
32581,444,608
32582,444,609
32583,444,610
32584,444,611
32585,444,612
32586,444,613
32587,444,614
32588,444,615
32589,444,616
32590,444,617
32591,444,618
32592,444,619
32593,444,620
32594,444,621
32595,444,622
32596,444,623
32597,444,624
32598,444,625
32599,444,626
32600,444,627
32601,444,628
32602,444,629
32603,444,630
32604,444,631
32605,445,339
32606,445,340
32607,445,341
32608,445,342
32609,445,343
32610,445,344
32611,445,345
32612,445,346
32613,445,347
32614,445,348
32615,445,349
32616,445,350
32617,445,351
32618,445,352
32619,445,353
32620,445,354
32621,445,355
32622,445,356
32623,445,357
32624,445,358
32625,445,359
32626,445,360
32627,445,361
32628,445,362
32629,445,363
32630,445,364
32631,445,365
32632,445,366
32633,445,367
32634,445,368
32635,445,369
32636,445,370
32637,445,371
32638,445,372
32639,445,373
32640,445,374
32641,445,375
32642,445,376
32643,445,377
32644,445,378
32645,445,379
32646,445,380
32647,445,381
32648,445,382
32649,445,383
32650,445,384
32651,445,385
32652,445,386
32653,445,387
32654,445,388
32655,445,389
32656,445,390
32657,445,391
32658,445,392
32659,445,393
32660,445,394
32661,445,395
32662,445,396
32663,445,397
32664,445,398
32665,445,399
32666,445,400
32667,445,401
32668,445,402
32669,445,403
32670,445,404
32671,445,405
32672,445,406
32673,445,407
32674,445,408
32675,445,409
32676,445,410
32677,445,411
32678,445,412
32679,445,413
32680,445,414
32681,445,415
32682,445,416
32683,445,417
32684,445,418
32685,445,419
32686,445,420
32687,445,421
32688,445,422
32689,445,423
32690,445,424
32691,445,425
32692,445,426
32693,445,427
32694,445,428
32695,445,429
32696,445,430
32697,445,431
32698,445,432
32699,445,433
32700,445,434
32701,445,435
32702,445,436
32703,445,437
32704,445,438
32705,445,439
32706,445,440
32707,445,441
32708,445,442
32709,445,443
32710,445,444
32711,445,445
32712,445,446
32713,445,447
32714,445,448
32715,445,449
32716,445,450
32717,445,451
32718,445,452
32719,445,453
32720,445,454
32721,445,455
32722,445,456
32723,445,457
32724,445,458
32725,445,459
32726,445,460
32727,445,461
32728,445,462
32729,445,463
32730,445,464
32731,445,465
32732,445,466
32733,445,467
32734,445,468
32735,445,469
32736,445,470
32737,445,471
32738,445,472
32739,445,473
32740,445,474
32741,445,475
32742,445,476
32743,445,477
32744,445,478
32745,445,479
32746,445,480
32747,445,481
32748,445,482
32749,445,483
32750,445,484
32751,445,485
32752,445,486
32753,445,487
32754,445,578
32755,445,579
32756,445,580
32757,445,591
32758,445,592
32759,445,593
32760,445,594
32761,445,595
32762,445,596
32763,445,597
32764,445,598
32765,445,599
32766,445,600
32767,445,601
32768,445,602
32769,445,603
32770,445,604
32771,445,605
32772,445,606
32773,445,607
32774,445,608
32775,445,609
32776,445,610
32777,445,611
32778,445,612
32779,445,613
32780,445,614
32781,445,615
32782,445,616
32783,445,617
32784,445,618
32785,445,619
32786,445,620
32787,445,621
32788,445,622
32789,445,623
32790,445,624
32791,445,625
32792,445,626
32793,445,627
32794,445,628
32795,445,629
32796,445,630
32797,445,631
32798,445,632
32799,446,343
32800,446,344
32801,446,345
32802,446,346
32803,446,347
32804,446,348
32805,446,349
32806,446,350
32807,446,351
32808,446,352
32809,446,353
32810,446,354
32811,446,355
32812,446,356
32813,446,357
32814,446,358
32815,446,359
32816,446,360
32817,446,361
32818,446,362
32819,446,363
32820,446,364
32821,446,365
32822,446,366
32823,446,367
32824,446,368
32825,446,369
32826,446,370
32827,446,371
32828,446,372
32829,446,373
32830,446,374
32831,446,375
32832,446,376
32833,446,377
32834,446,378
32835,446,379
32836,446,380
32837,446,381
32838,446,382
32839,446,383
32840,446,384
32841,446,385
32842,446,386
32843,446,387
32844,446,388
32845,446,389
32846,446,390
32847,446,391
32848,446,392
32849,446,393
32850,446,394
32851,446,395
32852,446,396
32853,446,397
32854,446,398
32855,446,399
32856,446,400
32857,446,401
32858,446,402
32859,446,403
32860,446,404
32861,446,405
32862,446,406
32863,446,407
32864,446,408
32865,446,409
32866,446,410
32867,446,411
32868,446,412
32869,446,413
32870,446,414
32871,446,415
32872,446,416
32873,446,417
32874,446,418
32875,446,419
32876,446,420
32877,446,421
32878,446,422
32879,446,423
32880,446,424
32881,446,425
32882,446,426
32883,446,427
32884,446,428
32885,446,429
32886,446,430
32887,446,431
32888,446,432
32889,446,433
32890,446,434
32891,446,435
32892,446,436
32893,446,437
32894,446,438
32895,446,439
32896,446,440
32897,446,441
32898,446,442
32899,446,443
32900,446,444
32901,446,445
32902,446,446
32903,446,447
32904,446,448
32905,446,449
32906,446,450
32907,446,451
32908,446,452
32909,446,453
32910,446,454
32911,446,455
32912,446,456
32913,446,457
32914,446,458
32915,446,459
32916,446,460
32917,446,461
32918,446,462
32919,446,463
32920,446,464
32921,446,465
32922,446,466
32923,446,467
32924,446,468
32925,446,469
32926,446,470
32927,446,471
32928,446,472
32929,446,473
32930,446,474
32931,446,475
32932,446,476
32933,446,477
32934,446,478
32935,446,479
32936,446,480
32937,446,481
32938,446,482
32939,446,483
32940,446,484
32941,446,485
32942,446,486
32943,446,487
32944,446,592
32945,446,593
32946,446,594
32947,446,595
32948,446,596
32949,446,597
32950,446,598
32951,446,599
32952,446,600
32953,446,601
32954,446,602
32955,446,603
32956,446,604
32957,446,605
32958,446,606
32959,446,607
32960,446,608
32961,446,609
32962,446,610
32963,446,611
32964,446,612
32965,446,613
32966,446,614
32967,446,615
32968,446,616
32969,446,617
32970,446,618
32971,446,619
32972,446,620
32973,446,621
32974,446,622
32975,446,623
32976,446,624
32977,446,625
32978,446,626
32979,446,627
32980,446,628
32981,446,629
32982,446,630
32983,446,631
32984,446,632
32985,447,345
32986,447,346
32987,447,347
32988,447,348
32989,447,349
32990,447,350
32991,447,351
32992,447,352
32993,447,353
32994,447,354
32995,447,355
32996,447,356
32997,447,357
32998,447,358
32999,447,359
33000,447,360
33001,447,361
33002,447,362
33003,447,363
33004,447,364
33005,447,365
33006,447,366
33007,447,367
33008,447,368
33009,447,369
33010,447,370
33011,447,371
33012,447,372
33013,447,373
33014,447,374
33015,447,375
33016,447,376
33017,447,377
33018,447,378
33019,447,379
33020,447,380
33021,447,381
33022,447,382
33023,447,383
33024,447,384
33025,447,385
33026,447,386
33027,447,387
33028,447,388
33029,447,389
33030,447,390
33031,447,391
33032,447,392
33033,447,393
33034,447,394
33035,447,395
33036,447,396
33037,447,397
33038,447,398
33039,447,399
33040,447,400
33041,447,401
33042,447,402
33043,447,403
33044,447,404
33045,447,405
33046,447,406
33047,447,407
33048,447,408
33049,447,409
33050,447,410
33051,447,411
33052,447,412
33053,447,413
33054,447,414
33055,447,415
33056,447,416
33057,447,417
33058,447,418
33059,447,419
33060,447,420
33061,447,421
33062,447,422
33063,447,423
33064,447,424
33065,447,425
33066,447,426
33067,447,427
33068,447,428
33069,447,429
33070,447,430
33071,447,431
33072,447,432
33073,447,433
33074,447,434
33075,447,435
33076,447,436
33077,447,437
33078,447,438
33079,447,439
33080,447,440
33081,447,441
33082,447,442
33083,447,443
33084,447,444
33085,447,445
33086,447,446
33087,447,447
33088,447,448
33089,447,449
33090,447,450
33091,447,451
33092,447,452
33093,447,453
33094,447,454
33095,447,455
33096,447,456
33097,447,457
33098,447,458
33099,447,459
33100,447,460
33101,447,461
33102,447,462
33103,447,463
33104,447,464
33105,447,465
33106,447,466
33107,447,467
33108,447,468
33109,447,469
33110,447,470
33111,447,471
33112,447,472
33113,447,473
33114,447,474
33115,447,475
33116,447,476
33117,447,477
33118,447,478
33119,447,479
33120,447,480
33121,447,481
33122,447,482
33123,447,483
33124,447,484
33125,447,485
33126,447,486
33127,447,487
33128,447,592
33129,447,593
33130,447,594
33131,447,595
33132,447,598
33133,447,599
33134,447,600
33135,447,601
33136,447,602
33137,447,603
33138,447,604
33139,447,605
33140,447,606
33141,447,607
33142,447,608
33143,447,609
33144,447,610
33145,447,611
33146,447,612
33147,447,613
33148,447,614
33149,447,615
33150,447,616
33151,447,617
33152,447,618
33153,447,619
33154,447,620
33155,447,621
33156,447,622
33157,447,623
33158,447,624
33159,447,625
33160,447,626
33161,447,627
33162,447,628
33163,447,629
33164,447,630
33165,447,631
33166,447,632
33167,448,346
33168,448,347
33169,448,348
33170,448,349
33171,448,350
33172,448,351
33173,448,352
33174,448,353
33175,448,354
33176,448,355
33177,448,356
33178,448,357
33179,448,358
33180,448,359
33181,448,360
33182,448,361
33183,448,362
33184,448,363
33185,448,364
33186,448,365
33187,448,366
33188,448,367
33189,448,368
33190,448,369
33191,448,370
33192,448,371
33193,448,372
33194,448,373
33195,448,374
33196,448,375
33197,448,376
33198,448,377
33199,448,378
33200,448,379
33201,448,380
33202,448,381
33203,448,382
33204,448,383
33205,448,384
33206,448,385
33207,448,386
33208,448,387
33209,448,388
33210,448,389
33211,448,390
33212,448,391
33213,448,392
33214,448,393
33215,448,394
33216,448,395
33217,448,396
33218,448,397
33219,448,398
33220,448,399
33221,448,400
33222,448,401
33223,448,402
33224,448,403
33225,448,404
33226,448,405
33227,448,406
33228,448,407
33229,448,408
33230,448,409
33231,448,410
33232,448,411
33233,448,412
33234,448,413
33235,448,414
33236,448,415
33237,448,416
33238,448,417
33239,448,418
33240,448,419
33241,448,420
33242,448,421
33243,448,422
33244,448,423
33245,448,424
33246,448,425
33247,448,426
33248,448,427
33249,448,428
33250,448,429
33251,448,430
33252,448,431
33253,448,432
33254,448,433
33255,448,434
33256,448,435
33257,448,436
33258,448,437
33259,448,438
33260,448,439
33261,448,440
33262,448,441
33263,448,442
33264,448,443
33265,448,444
33266,448,445
33267,448,446
33268,448,447
33269,448,448
33270,448,449
33271,448,450
33272,448,451
33273,448,452
33274,448,453
33275,448,454
33276,448,455
33277,448,456
33278,448,457
33279,448,458
33280,448,459
33281,448,460
33282,448,461
33283,448,462
33284,448,463
33285,448,464
33286,448,465
33287,448,466
33288,448,467
33289,448,468
33290,448,469
33291,448,470
33292,448,471
33293,448,472
33294,448,473
33295,448,474
33296,448,475
33297,448,476
33298,448,477
33299,448,478
33300,448,479
33301,448,480
33302,448,481
33303,448,482
33304,448,483
33305,448,484
33306,448,485
33307,448,486
33308,448,487
33309,448,593
33310,448,599
33311,448,600
33312,448,601
33313,448,602
33314,448,603
33315,448,604
33316,448,607
33317,448,608
33318,448,609
33319,448,610
33320,448,611
33321,448,612
33322,448,613
33323,448,614
33324,448,615
33325,448,616
33326,448,617
33327,448,618
33328,448,619
33329,448,620
33330,448,621
33331,448,622
33332,448,623
33333,448,624
33334,448,625
33335,448,626
33336,448,627
33337,448,628
33338,448,629
33339,448,630
33340,448,631
33341,448,632
33342,449,348
33343,449,349
33344,449,350
33345,449,351
33346,449,352
33347,449,353
33348,449,354
33349,449,355
33350,449,356
33351,449,357
33352,449,358
33353,449,359
33354,449,360
33355,449,361
33356,449,362
33357,449,363
33358,449,364
33359,449,365
33360,449,366
33361,449,367
33362,449,368
33363,449,369
33364,449,370
33365,449,371
33366,449,372
33367,449,373
33368,449,374
33369,449,375
33370,449,376
33371,449,377
33372,449,378
33373,449,379
33374,449,380
33375,449,381
33376,449,382
33377,449,383
33378,449,384
33379,449,385
33380,449,386
33381,449,387
33382,449,388
33383,449,389
33384,449,390
33385,449,391
33386,449,392
33387,449,393
33388,449,394
33389,449,395
33390,449,396
33391,449,397
33392,449,398
33393,449,399
33394,449,400
33395,449,401
33396,449,402
33397,449,403
33398,449,404
33399,449,405
33400,449,406
33401,449,407
33402,449,408
33403,449,409
33404,449,410
33405,449,411
33406,449,412
33407,449,413
33408,449,414
33409,449,415
33410,449,416
33411,449,417
33412,449,418
33413,449,419
33414,449,420
33415,449,421
33416,449,422
33417,449,423
33418,449,424
33419,449,425
33420,449,426
33421,449,427
33422,449,428
33423,449,429
33424,449,430
33425,449,431
33426,449,432
33427,449,433
33428,449,434
33429,449,435
33430,449,436
33431,449,437
33432,449,438
33433,449,439
33434,449,440
33435,449,441
33436,449,442
33437,449,443
33438,449,444
33439,449,445
33440,449,446
33441,449,447
33442,449,448
33443,449,449
33444,449,450
33445,449,451
33446,449,452
33447,449,453
33448,449,454
33449,449,455
33450,449,456
33451,449,457
33452,449,458
33453,449,459
33454,449,460
33455,449,461
33456,449,462
33457,449,463
33458,449,464
33459,449,465
33460,449,466
33461,449,467
33462,449,468
33463,449,469
33464,449,470
33465,449,471
33466,449,472
33467,449,473
33468,449,474
33469,449,475
33470,449,476
33471,449,477
33472,449,478
33473,449,479
33474,449,480
33475,449,481
33476,449,482
33477,449,483
33478,449,484
33479,449,485
33480,449,486
33481,449,487
33482,449,593
33483,449,594
33484,449,595
33485,449,597
33486,449,598
33487,449,599
33488,449,600
33489,449,601
33490,449,602
33491,449,603
33492,449,604
33493,449,605
33494,449,606
33495,449,607
33496,449,608
33497,449,609
33498,449,610
33499,449,611
33500,449,612
33501,449,613
33502,449,614
33503,449,615
33504,449,616
33505,449,617
33506,449,618
33507,449,619
33508,449,620
33509,449,621
33510,449,622
33511,449,623
33512,449,624
33513,449,625
33514,449,626
33515,449,627
33516,449,628
33517,449,629
33518,449,630
33519,449,631
33520,449,632
33521,450,350
33522,450,351
33523,450,352
33524,450,353
33525,450,354
33526,450,355
33527,450,356
33528,450,357
33529,450,358
33530,450,359
33531,450,360
33532,450,361
33533,450,362
33534,450,363
33535,450,364
33536,450,365
33537,450,366
33538,450,367
33539,450,368
33540,450,369
33541,450,370
33542,450,371
33543,450,372
33544,450,373
33545,450,374
33546,450,375
33547,450,376
33548,450,377
33549,450,378
33550,450,379
33551,450,380
33552,450,381
33553,450,382
33554,450,383
33555,450,384
33556,450,385
33557,450,386
33558,450,387
33559,450,388
33560,450,389
33561,450,390
33562,450,391
33563,450,392
33564,450,393
33565,450,394
33566,450,395
33567,450,396
33568,450,397
33569,450,398
33570,450,399
33571,450,400
33572,450,401
33573,450,402
33574,450,403
33575,450,404
33576,450,405
33577,450,406
33578,450,407
33579,450,408
33580,450,409
33581,450,410
33582,450,411
33583,450,412
33584,450,413
33585,450,414
33586,450,415
33587,450,416
33588,450,417
33589,450,418
33590,450,419
33591,450,420
33592,450,421
33593,450,422
33594,450,423
33595,450,424
33596,450,425
33597,450,426
33598,450,427
33599,450,428
33600,450,429
33601,450,430
33602,450,431
33603,450,432
33604,450,433
33605,450,434
33606,450,435
33607,450,436
33608,450,437
33609,450,438
33610,450,439
33611,450,440
33612,450,441
33613,450,442
33614,450,443
33615,450,444
33616,450,445
33617,450,446
33618,450,447
33619,450,448
33620,450,449
33621,450,450
33622,450,451
33623,450,452
33624,450,453
33625,450,454
33626,450,455
33627,450,456
33628,450,457
33629,450,458
33630,450,459
33631,450,460
33632,450,461
33633,450,462
33634,450,463
33635,450,464
33636,450,465
33637,450,466
33638,450,467
33639,450,468
33640,450,469
33641,450,470
33642,450,471
33643,450,472
33644,450,473
33645,450,474
33646,450,475
33647,450,476
33648,450,477
33649,450,478
33650,450,479
33651,450,480
33652,450,481
33653,450,482
33654,450,483
33655,450,484
33656,450,485
33657,450,486
33658,450,487
33659,450,488
33660,450,594
33661,450,595
33662,450,596
33663,450,597
33664,450,598
33665,450,599
33666,450,600
33667,450,601
33668,450,602
33669,450,603
33670,450,604
33671,450,605
33672,450,606
33673,450,607
33674,450,608
33675,450,609
33676,450,610
33677,450,611
33678,450,612
33679,450,613
33680,450,614
33681,450,615
33682,450,616
33683,450,617
33684,450,618
33685,450,619
33686,450,620
33687,450,621
33688,450,622
33689,450,623
33690,450,624
33691,450,625
33692,450,626
33693,450,627
33694,450,628
33695,450,629
33696,450,630
33697,450,631
33698,450,632
33699,450,633
33700,451,352
33701,451,353
33702,451,354
33703,451,355
33704,451,356
33705,451,357
33706,451,358
33707,451,359
33708,451,360
33709,451,361
33710,451,362
33711,451,363
33712,451,364
33713,451,365
33714,451,366
33715,451,367
33716,451,368
33717,451,369
33718,451,370
33719,451,371
33720,451,372
33721,451,373
33722,451,374
33723,451,375
33724,451,376
33725,451,377
33726,451,378
33727,451,379
33728,451,380
33729,451,381
33730,451,382
33731,451,383
33732,451,384
33733,451,385
33734,451,386
33735,451,387
33736,451,388
33737,451,389
33738,451,390
33739,451,391
33740,451,392
33741,451,393
33742,451,394
33743,451,395
33744,451,396
33745,451,397
33746,451,398
33747,451,399
33748,451,400
33749,451,401
33750,451,402
33751,451,403
33752,451,404
33753,451,405
33754,451,406
33755,451,407
33756,451,408
33757,451,409
33758,451,410
33759,451,411
33760,451,412
33761,451,413
33762,451,414
33763,451,415
33764,451,416
33765,451,417
33766,451,418
33767,451,419
33768,451,420
33769,451,421
33770,451,422
33771,451,423
33772,451,424
33773,451,425
33774,451,426
33775,451,427
33776,451,428
33777,451,429
33778,451,430
33779,451,431
33780,451,432
33781,451,433
33782,451,434
33783,451,435
33784,451,436
33785,451,437
33786,451,438
33787,451,439
33788,451,440
33789,451,441
33790,451,442
33791,451,443
33792,451,444
33793,451,445
33794,451,446
33795,451,447
33796,451,448
33797,451,449
33798,451,450
33799,451,451
33800,451,452
33801,451,453
33802,451,454
33803,451,455
33804,451,456
33805,451,457
33806,451,458
33807,451,459
33808,451,460
33809,451,461
33810,451,462
33811,451,463
33812,451,464
33813,451,465
33814,451,466
33815,451,467
33816,451,468
33817,451,469
33818,451,470
33819,451,471
33820,451,472
33821,451,473
33822,451,474
33823,451,475
33824,451,476
33825,451,477
33826,451,478
33827,451,479
33828,451,480
33829,451,481
33830,451,482
33831,451,483
33832,451,484
33833,451,485
33834,451,486
33835,451,487
33836,451,488
33837,451,579
33838,451,580
33839,451,581
33840,451,582
33841,451,583
33842,451,584
33843,451,585
33844,451,586
33845,451,587
33846,451,588
33847,451,594
33848,451,595
33849,451,596
33850,451,597
33851,451,598
33852,451,599
33853,451,600
33854,451,601
33855,451,602
33856,451,603
33857,451,604
33858,451,605
33859,451,606
33860,451,607
33861,451,608
33862,451,609
33863,451,610
33864,451,611
33865,451,612
33866,451,613
33867,451,614
33868,451,615
33869,451,616
33870,451,617
33871,451,618
33872,451,619
33873,451,620
33874,451,621
33875,451,622
33876,451,623
33877,451,624
33878,451,625
33879,451,626
33880,451,627
33881,451,628
33882,451,629
33883,451,630
33884,451,631
33885,451,632
33886,451,633
33887,452,353
33888,452,354
33889,452,355
33890,452,356
33891,452,357
33892,452,358
33893,452,359
33894,452,360
33895,452,361
33896,452,362
33897,452,363
33898,452,364
33899,452,365
33900,452,366
33901,452,367
33902,452,368
33903,452,369
33904,452,370
33905,452,371
33906,452,372
33907,452,373
33908,452,374
33909,452,375
33910,452,376
33911,452,377
33912,452,378
33913,452,379
33914,452,380
33915,452,381
33916,452,382
33917,452,383
33918,452,384
33919,452,385
33920,452,386
33921,452,387
33922,452,388
33923,452,389
33924,452,390
33925,452,391
33926,452,392
33927,452,393
33928,452,394
33929,452,395
33930,452,396
33931,452,397
33932,452,398
33933,452,399
33934,452,400
33935,452,401
33936,452,402
33937,452,403
33938,452,404
33939,452,405
33940,452,406
33941,452,407
33942,452,408
33943,452,409
33944,452,410
33945,452,411
33946,452,412
33947,452,413
33948,452,414
33949,452,415
33950,452,416
33951,452,417
33952,452,418
33953,452,419
33954,452,420
33955,452,421
33956,452,422
33957,452,423
33958,452,424
33959,452,425
33960,452,426
33961,452,427
33962,452,428
33963,452,429
33964,452,430
33965,452,431
33966,452,432
33967,452,433
33968,452,434
33969,452,435
33970,452,436
33971,452,437
33972,452,438
33973,452,439
33974,452,440
33975,452,441
33976,452,442
33977,452,443
33978,452,444
33979,452,445
33980,452,446
33981,452,447
33982,452,448
33983,452,449
33984,452,450
33985,452,451
33986,452,452
33987,452,453
33988,452,454
33989,452,455
33990,452,456
33991,452,457
33992,452,458
33993,452,459
33994,452,460
33995,452,461
33996,452,462
33997,452,463
33998,452,464
33999,452,465
34000,452,466
34001,452,467
34002,452,468
34003,452,469
34004,452,470
34005,452,471
34006,452,472
34007,452,473
34008,452,474
34009,452,475
34010,452,476
34011,452,477
34012,452,478
34013,452,479
34014,452,480
34015,452,481
34016,452,482
34017,452,483
34018,452,484
34019,452,485
34020,452,486
34021,452,487
34022,452,488
34023,452,583
34024,452,584
34025,452,585
34026,452,586
34027,452,595
34028,452,596
34029,452,597
34030,452,598
34031,452,599
34032,452,600
34033,452,601
34034,452,602
34035,452,603
34036,452,604
34037,452,605
34038,452,606
34039,452,607
34040,452,608
34041,452,609
34042,452,610
34043,452,611
34044,452,612
34045,452,613
34046,452,614
34047,452,615
34048,452,616
34049,452,617
34050,452,618
34051,452,619
34052,452,620
34053,452,621
34054,452,622
34055,452,623
34056,452,624
34057,452,625
34058,452,626
34059,452,627
34060,452,628
34061,452,629
34062,452,630
34063,452,631
34064,452,632
34065,452,633
34066,453,353
34067,453,354
34068,453,355
34069,453,356
34070,453,357
34071,453,358
34072,453,359
34073,453,360
34074,453,361
34075,453,362
34076,453,363
34077,453,364
34078,453,365
34079,453,366
34080,453,367
34081,453,368
34082,453,369
34083,453,370
34084,453,371
34085,453,372
34086,453,373
34087,453,374
34088,453,375
34089,453,376
34090,453,377
34091,453,378
34092,453,379
34093,453,380
34094,453,381
34095,453,382
34096,453,383
34097,453,384
34098,453,385
34099,453,386
34100,453,387
34101,453,388
34102,453,389
34103,453,390
34104,453,391
34105,453,392
34106,453,393
34107,453,394
34108,453,395
34109,453,396
34110,453,397
34111,453,398
34112,453,399
34113,453,400
34114,453,401
34115,453,402
34116,453,403
34117,453,404
34118,453,405
34119,453,406
34120,453,407
34121,453,408
34122,453,409
34123,453,410
34124,453,411
34125,453,412
34126,453,413
34127,453,414
34128,453,415
34129,453,416
34130,453,417
34131,453,418
34132,453,419
34133,453,420
34134,453,421
34135,453,422
34136,453,423
34137,453,424
34138,453,425
34139,453,426
34140,453,427
34141,453,428
34142,453,429
34143,453,430
34144,453,431
34145,453,432
34146,453,433
34147,453,434
34148,453,435
34149,453,436
34150,453,437
34151,453,438
34152,453,439
34153,453,440
34154,453,441
34155,453,442
34156,453,443
34157,453,444
34158,453,445
34159,453,446
34160,453,447
34161,453,448
34162,453,449
34163,453,450
34164,453,451
34165,453,452
34166,453,453
34167,453,454
34168,453,455
34169,453,456
34170,453,457
34171,453,458
34172,453,459
34173,453,460
34174,453,461
34175,453,462
34176,453,463
34177,453,464
34178,453,465
34179,453,466
34180,453,467
34181,453,468
34182,453,469
34183,453,470
34184,453,471
34185,453,472
34186,453,473
34187,453,474
34188,453,475
34189,453,476
34190,453,477
34191,453,478
34192,453,479
34193,453,480
34194,453,481
34195,453,482
34196,453,483
34197,453,484
34198,453,485
34199,453,486
34200,453,487
34201,453,488
34202,453,597
34203,453,598
34204,453,599
34205,453,600
34206,453,601
34207,453,602
34208,453,603
34209,453,604
34210,453,605
34211,453,606
34212,453,607
34213,453,608
34214,453,609
34215,453,610
34216,453,611
34217,453,612
34218,453,613
34219,453,614
34220,453,615
34221,453,616
34222,453,617
34223,453,618
34224,453,619
34225,453,620
34226,453,621
34227,453,622
34228,453,623
34229,453,624
34230,453,625
34231,453,626
34232,453,627
34233,453,628
34234,453,629
34235,453,630
34236,453,631
34237,453,632
34238,453,633
34239,454,354
34240,454,355
34241,454,356
34242,454,357
34243,454,358
34244,454,359
34245,454,360
34246,454,361
34247,454,362
34248,454,363
34249,454,364
34250,454,365
34251,454,366
34252,454,367
34253,454,368
34254,454,369
34255,454,370
34256,454,371
34257,454,372
34258,454,373
34259,454,374
34260,454,375
34261,454,376
34262,454,377
34263,454,378
34264,454,379
34265,454,380
34266,454,381
34267,454,382
34268,454,383
34269,454,384
34270,454,385
34271,454,386
34272,454,387
34273,454,388
34274,454,389
34275,454,390
34276,454,391
34277,454,392
34278,454,393
34279,454,394
34280,454,395
34281,454,396
34282,454,397
34283,454,398
34284,454,399
34285,454,400
34286,454,401
34287,454,402
34288,454,403
34289,454,404
34290,454,405
34291,454,406
34292,454,407
34293,454,408
34294,454,409
34295,454,410
34296,454,411
34297,454,412
34298,454,413
34299,454,414
34300,454,415
34301,454,416
34302,454,417
34303,454,418
34304,454,419
34305,454,420
34306,454,421
34307,454,422
34308,454,423
34309,454,424
34310,454,425
34311,454,426
34312,454,427
34313,454,428
34314,454,429
34315,454,430
34316,454,431
34317,454,432
34318,454,433
34319,454,434
34320,454,435
34321,454,436
34322,454,437
34323,454,438
34324,454,439
34325,454,440
34326,454,441
34327,454,442
34328,454,443
34329,454,444
34330,454,445
34331,454,446
34332,454,447
34333,454,448
34334,454,449
34335,454,450
34336,454,451
34337,454,452
34338,454,453
34339,454,454
34340,454,455
34341,454,456
34342,454,457
34343,454,458
34344,454,459
34345,454,460
34346,454,461
34347,454,462
34348,454,463
34349,454,464
34350,454,465
34351,454,466
34352,454,467
34353,454,468
34354,454,469
34355,454,470
34356,454,471
34357,454,472
34358,454,473
34359,454,474
34360,454,475
34361,454,476
34362,454,477
34363,454,478
34364,454,479
34365,454,480
34366,454,481
34367,454,482
34368,454,483
34369,454,484
34370,454,485
34371,454,486
34372,454,487
34373,454,488
34374,454,601
34375,454,602
34376,454,603
34377,454,604
34378,454,605
34379,454,606
34380,454,607
34381,454,608
34382,454,609
34383,454,610
34384,454,611
34385,454,612
34386,454,613
34387,454,614
34388,454,615
34389,454,616
34390,454,617
34391,454,618
34392,454,619
34393,454,620
34394,454,621
34395,454,622
34396,454,623
34397,454,624
34398,454,625
34399,454,626
34400,454,627
34401,454,628
34402,454,629
34403,454,630
34404,454,631
34405,454,632
34406,454,633
34407,455,354
34408,455,355
34409,455,356
34410,455,357
34411,455,358
34412,455,359
34413,455,360
34414,455,361
34415,455,362
34416,455,363
34417,455,364
34418,455,365
34419,455,366
34420,455,367
34421,455,368
34422,455,369
34423,455,370
34424,455,371
34425,455,372
34426,455,373
34427,455,374
34428,455,375
34429,455,376
34430,455,377
34431,455,378
34432,455,379
34433,455,380
34434,455,381
34435,455,382
34436,455,383
34437,455,384
34438,455,385
34439,455,386
34440,455,387
34441,455,388
34442,455,389
34443,455,390
34444,455,391
34445,455,392
34446,455,393
34447,455,394
34448,455,395
34449,455,396
34450,455,397
34451,455,398
34452,455,399
34453,455,400
34454,455,401
34455,455,402
34456,455,403
34457,455,404
34458,455,405
34459,455,406
34460,455,407
34461,455,408
34462,455,409
34463,455,410
34464,455,411
34465,455,412
34466,455,413
34467,455,414
34468,455,415
34469,455,416
34470,455,417
34471,455,418
34472,455,419
34473,455,420
34474,455,421
34475,455,422
34476,455,423
34477,455,424
34478,455,425
34479,455,426
34480,455,427
34481,455,428
34482,455,429
34483,455,430
34484,455,431
34485,455,432
34486,455,433
34487,455,434
34488,455,435
34489,455,436
34490,455,437
34491,455,438
34492,455,439
34493,455,440
34494,455,441
34495,455,442
34496,455,443
34497,455,444
34498,455,445
34499,455,446
34500,455,447
34501,455,448
34502,455,449
34503,455,450
34504,455,451
34505,455,452
34506,455,453
34507,455,454
34508,455,455
34509,455,456
34510,455,457
34511,455,458
34512,455,459
34513,455,460
34514,455,461
34515,455,462
34516,455,463
34517,455,464
34518,455,465
34519,455,466
34520,455,467
34521,455,468
34522,455,469
34523,455,470
34524,455,471
34525,455,472
34526,455,473
34527,455,474
34528,455,475
34529,455,476
34530,455,477
34531,455,478
34532,455,479
34533,455,480
34534,455,481
34535,455,482
34536,455,483
34537,455,484
34538,455,485
34539,455,486
34540,455,487
34541,455,488
34542,455,602
34543,455,603
34544,455,604
34545,455,605
34546,455,606
34547,455,607
34548,455,608
34549,455,609
34550,455,610
34551,455,611
34552,455,612
34553,455,613
34554,455,615
34555,455,616
34556,455,617
34557,455,618
34558,455,619
34559,455,620
34560,455,621
34561,455,622
34562,455,623
34563,455,624
34564,455,625
34565,455,626
34566,455,627
34567,455,628
34568,455,629
34569,455,630
34570,455,631
34571,455,632
34572,455,633
34573,456,355
34574,456,356
34575,456,357
34576,456,358
34577,456,359
34578,456,360
34579,456,361
34580,456,362
34581,456,363
34582,456,364
34583,456,365
34584,456,366
34585,456,367
34586,456,368
34587,456,369
34588,456,370
34589,456,371
34590,456,372
34591,456,373
34592,456,374
34593,456,375
34594,456,376
34595,456,377
34596,456,378
34597,456,379
34598,456,380
34599,456,381
34600,456,382
34601,456,383
34602,456,384
34603,456,385
34604,456,386
34605,456,387
34606,456,388
34607,456,389
34608,456,390
34609,456,391
34610,456,392
34611,456,393
34612,456,394
34613,456,395
34614,456,396
34615,456,397
34616,456,398
34617,456,399
34618,456,400
34619,456,401
34620,456,402
34621,456,403
34622,456,404
34623,456,405
34624,456,406
34625,456,407
34626,456,408
34627,456,409
34628,456,410
34629,456,411
34630,456,412
34631,456,413
34632,456,414
34633,456,415
34634,456,416
34635,456,417
34636,456,418
34637,456,419
34638,456,420
34639,456,421
34640,456,422
34641,456,423
34642,456,424
34643,456,425
34644,456,426
34645,456,427
34646,456,428
34647,456,429
34648,456,430
34649,456,431
34650,456,432
34651,456,433
34652,456,434
34653,456,435
34654,456,436
34655,456,437
34656,456,438
34657,456,439
34658,456,440
34659,456,441
34660,456,442
34661,456,443
34662,456,444
34663,456,445
34664,456,446
34665,456,447
34666,456,448
34667,456,449
34668,456,450
34669,456,451
34670,456,452
34671,456,453
34672,456,454
34673,456,455
34674,456,456
34675,456,457
34676,456,458
34677,456,459
34678,456,460
34679,456,461
34680,456,462
34681,456,463
34682,456,464
34683,456,465
34684,456,466
34685,456,467
34686,456,468
34687,456,469
34688,456,470
34689,456,471
34690,456,472
34691,456,473
34692,456,474
34693,456,475
34694,456,476
34695,456,477
34696,456,478
34697,456,479
34698,456,480
34699,456,481
34700,456,482
34701,456,483
34702,456,484
34703,456,485
34704,456,486
34705,456,487
34706,456,488
34707,456,489
34708,456,595
34709,456,596
34710,456,597
34711,456,598
34712,456,599
34713,456,602
34714,456,603
34715,456,604
34716,456,605
34717,456,606
34718,456,607
34719,456,608
34720,456,609
34721,456,610
34722,456,611
34723,456,612
34724,456,613
34725,456,614
34726,456,615
34727,456,616
34728,456,617
34729,456,618
34730,456,619
34731,456,620
34732,456,621
34733,456,622
34734,456,623
34735,456,624
34736,456,625
34737,456,626
34738,456,627
34739,456,628
34740,456,629
34741,456,630
34742,456,631
34743,456,632
34744,456,633
34745,457,355
34746,457,356
34747,457,357
34748,457,358
34749,457,359
34750,457,360
34751,457,361
34752,457,362
34753,457,363
34754,457,364
34755,457,365
34756,457,366
34757,457,367
34758,457,368
34759,457,369
34760,457,370
34761,457,371
34762,457,372
34763,457,373
34764,457,374
34765,457,375
34766,457,376
34767,457,377
34768,457,378
34769,457,379
34770,457,380
34771,457,381
34772,457,382
34773,457,383
34774,457,384
34775,457,385
34776,457,386
34777,457,387
34778,457,388
34779,457,389
34780,457,390
34781,457,391
34782,457,392
34783,457,393
34784,457,394
34785,457,395
34786,457,396
34787,457,397
34788,457,398
34789,457,399
34790,457,400
34791,457,401
34792,457,402
34793,457,403
34794,457,404
34795,457,405
34796,457,406
34797,457,407
34798,457,408
34799,457,409
34800,457,410
34801,457,411
34802,457,412
34803,457,413
34804,457,414
34805,457,415
34806,457,416
34807,457,417
34808,457,418
34809,457,419
34810,457,420
34811,457,421
34812,457,422
34813,457,423
34814,457,424
34815,457,425
34816,457,426
34817,457,427
34818,457,428
34819,457,429
34820,457,430
34821,457,431
34822,457,432
34823,457,433
34824,457,434
34825,457,435
34826,457,436
34827,457,437
34828,457,438
34829,457,439
34830,457,440
34831,457,441
34832,457,442
34833,457,443
34834,457,444
34835,457,445
34836,457,446
34837,457,447
34838,457,448
34839,457,449
34840,457,450
34841,457,451
34842,457,452
34843,457,453
34844,457,454
34845,457,455
34846,457,456
34847,457,457
34848,457,458
34849,457,459
34850,457,460
34851,457,461
34852,457,462
34853,457,463
34854,457,464
34855,457,465
34856,457,466
34857,457,467
34858,457,468
34859,457,469
34860,457,470
34861,457,471
34862,457,472
34863,457,473
34864,457,474
34865,457,475
34866,457,476
34867,457,477
34868,457,478
34869,457,479
34870,457,480
34871,457,481
34872,457,482
34873,457,483
34874,457,484
34875,457,485
34876,457,486
34877,457,487
34878,457,488
34879,457,489
34880,457,593
34881,457,594
34882,457,595
34883,457,596
34884,457,597
34885,457,598
34886,457,599
34887,457,600
34888,457,602
34889,457,603
34890,457,604
34891,457,605
34892,457,606
34893,457,607
34894,457,608
34895,457,609
34896,457,610
34897,457,611
34898,457,612
34899,457,613
34900,457,614
34901,457,615
34902,457,616
34903,457,617
34904,457,618
34905,457,619
34906,457,620
34907,457,621
34908,457,622
34909,457,623
34910,457,624
34911,457,625
34912,457,626
34913,457,627
34914,457,628
34915,457,629
34916,457,630
34917,457,631
34918,457,632
34919,457,633
34920,458,355
34921,458,356
34922,458,357
34923,458,358
34924,458,359
34925,458,360
34926,458,361
34927,458,362
34928,458,363
34929,458,364
34930,458,365
34931,458,366
34932,458,367
34933,458,368
34934,458,369
34935,458,370
34936,458,371
34937,458,372
34938,458,373
34939,458,374
34940,458,375
34941,458,376
34942,458,377
34943,458,378
34944,458,379
34945,458,380
34946,458,381
34947,458,382
34948,458,383
34949,458,384
34950,458,385
34951,458,386
34952,458,387
34953,458,388
34954,458,389
34955,458,390
34956,458,391
34957,458,392
34958,458,393
34959,458,394
34960,458,395
34961,458,396
34962,458,397
34963,458,398
34964,458,399
34965,458,400
34966,458,401
34967,458,402
34968,458,403
34969,458,404
34970,458,405
34971,458,406
34972,458,407
34973,458,408
34974,458,409
34975,458,410
34976,458,411
34977,458,412
34978,458,413
34979,458,414
34980,458,415
34981,458,416
34982,458,417
34983,458,418
34984,458,419
34985,458,420
34986,458,421
34987,458,422
34988,458,423
34989,458,424
34990,458,425
34991,458,426
34992,458,427
34993,458,428
34994,458,429
34995,458,430
34996,458,431
34997,458,432
34998,458,433
34999,458,434
35000,458,435
35001,458,436
35002,458,437
35003,458,438
35004,458,439
35005,458,440
35006,458,441
35007,458,442
35008,458,443
35009,458,444
35010,458,445
35011,458,446
35012,458,447
35013,458,448
35014,458,449
35015,458,450
35016,458,451
35017,458,452
35018,458,453
35019,458,454
35020,458,455
35021,458,456
35022,458,457
35023,458,458
35024,458,459
35025,458,460
35026,458,461
35027,458,462
35028,458,463
35029,458,464
35030,458,465
35031,458,466
35032,458,467
35033,458,468
35034,458,469
35035,458,470
35036,458,471
35037,458,472
35038,458,473
35039,458,474
35040,458,475
35041,458,476
35042,458,477
35043,458,478
35044,458,479
35045,458,480
35046,458,481
35047,458,482
35048,458,483
35049,458,484
35050,458,485
35051,458,486
35052,458,487
35053,458,488
35054,458,489
35055,458,577
35056,458,578
35057,458,579
35058,458,580
35059,458,591
35060,458,592
35061,458,593
35062,458,594
35063,458,595
35064,458,596
35065,458,597
35066,458,598
35067,458,599
35068,458,600
35069,458,602
35070,458,603
35071,458,604
35072,458,605
35073,458,606
35074,458,607
35075,458,608
35076,458,609
35077,458,610
35078,458,611
35079,458,612
35080,458,613
35081,458,614
35082,458,615
35083,458,616
35084,458,617
35085,458,618
35086,458,619
35087,458,620
35088,458,621
35089,458,622
35090,458,623
35091,458,624
35092,458,625
35093,458,626
35094,458,627
35095,458,628
35096,458,629
35097,458,630
35098,458,631
35099,458,632
35100,458,633
35101,459,356
35102,459,357
35103,459,358
35104,459,359
35105,459,360
35106,459,361
35107,459,362
35108,459,363
35109,459,364
35110,459,365
35111,459,366
35112,459,367
35113,459,368
35114,459,369
35115,459,370
35116,459,371
35117,459,372
35118,459,373
35119,459,374
35120,459,375
35121,459,376
35122,459,377
35123,459,378
35124,459,379
35125,459,380
35126,459,381
35127,459,382
35128,459,383
35129,459,384
35130,459,385
35131,459,386
35132,459,387
35133,459,388
35134,459,389
35135,459,390
35136,459,391
35137,459,392
35138,459,393
35139,459,394
35140,459,395
35141,459,396
35142,459,397
35143,459,398
35144,459,399
35145,459,400
35146,459,401
35147,459,402
35148,459,403
35149,459,404
35150,459,405
35151,459,406
35152,459,407
35153,459,408
35154,459,409
35155,459,410
35156,459,411
35157,459,412
35158,459,413
35159,459,414
35160,459,415
35161,459,416
35162,459,417
35163,459,418
35164,459,419
35165,459,420
35166,459,421
35167,459,422
35168,459,423
35169,459,424
35170,459,425
35171,459,426
35172,459,427
35173,459,428
35174,459,429
35175,459,430
35176,459,431
35177,459,432
35178,459,433
35179,459,434
35180,459,435
35181,459,436
35182,459,437
35183,459,438
35184,459,439
35185,459,440
35186,459,441
35187,459,442
35188,459,443
35189,459,444
35190,459,445
35191,459,446
35192,459,447
35193,459,448
35194,459,449
35195,459,450
35196,459,451
35197,459,452
35198,459,453
35199,459,454
35200,459,455
35201,459,456
35202,459,457
35203,459,458
35204,459,459
35205,459,460
35206,459,461
35207,459,462
35208,459,463
35209,459,464
35210,459,465
35211,459,466
35212,459,467
35213,459,468
35214,459,469
35215,459,470
35216,459,471
35217,459,472
35218,459,473
35219,459,474
35220,459,475
35221,459,476
35222,459,477
35223,459,478
35224,459,479
35225,459,480
35226,459,481
35227,459,482
35228,459,483
35229,459,484
35230,459,485
35231,459,486
35232,459,487
35233,459,488
35234,459,489
35235,459,578
35236,459,579
35237,459,593
35238,459,594
35239,459,595
35240,459,596
35241,459,597
35242,459,598
35243,459,599
35244,459,600
35245,459,603
35246,459,604
35247,459,605
35248,459,606
35249,459,607
35250,459,608
35251,459,609
35252,459,610
35253,459,611
35254,459,612
35255,459,613
35256,459,614
35257,459,615
35258,459,616
35259,459,617
35260,459,618
35261,459,619
35262,459,620
35263,459,621
35264,459,622
35265,459,623
35266,459,624
35267,459,625
35268,459,626
35269,459,627
35270,459,628
35271,459,629
35272,459,630
35273,459,631
35274,459,632
35275,459,633
35276,460,357
35277,460,358
35278,460,359
35279,460,360
35280,460,361
35281,460,362
35282,460,363
35283,460,364
35284,460,365
35285,460,366
35286,460,367
35287,460,368
35288,460,369
35289,460,370
35290,460,371
35291,460,372
35292,460,373
35293,460,374
35294,460,375
35295,460,376
35296,460,377
35297,460,378
35298,460,379
35299,460,380
35300,460,381
35301,460,382
35302,460,383
35303,460,384
35304,460,385
35305,460,386
35306,460,387
35307,460,388
35308,460,389
35309,460,390
35310,460,391
35311,460,392
35312,460,393
35313,460,394
35314,460,395
35315,460,396
35316,460,397
35317,460,398
35318,460,399
35319,460,400
35320,460,401
35321,460,402
35322,460,403
35323,460,404
35324,460,405
35325,460,406
35326,460,407
35327,460,408
35328,460,409
35329,460,410
35330,460,411
35331,460,412
35332,460,413
35333,460,414
35334,460,415
35335,460,416
35336,460,417
35337,460,418
35338,460,419
35339,460,420
35340,460,421
35341,460,422
35342,460,423
35343,460,424
35344,460,425
35345,460,426
35346,460,427
35347,460,428
35348,460,429
35349,460,430
35350,460,431
35351,460,432
35352,460,433
35353,460,434
35354,460,435
35355,460,436
35356,460,437
35357,460,438
35358,460,439
35359,460,440
35360,460,441
35361,460,442
35362,460,443
35363,460,444
35364,460,445
35365,460,446
35366,460,447
35367,460,448
35368,460,449
35369,460,450
35370,460,451
35371,460,452
35372,460,453
35373,460,454
35374,460,455
35375,460,456
35376,460,457
35377,460,458
35378,460,459
35379,460,460
35380,460,461
35381,460,462
35382,460,463
35383,460,464
35384,460,465
35385,460,466
35386,460,467
35387,460,468
35388,460,469
35389,460,470
35390,460,471
35391,460,472
35392,460,473
35393,460,474
35394,460,475
35395,460,476
35396,460,477
35397,460,478
35398,460,479
35399,460,480
35400,460,481
35401,460,482
35402,460,483
35403,460,484
35404,460,485
35405,460,486
35406,460,487
35407,460,488
35408,460,489
35409,460,593
35410,460,594
35411,460,606
35412,460,607
35413,460,608
35414,460,609
35415,460,610
35416,460,611
35417,460,612
35418,460,613
35419,460,614
35420,460,615
35421,460,616
35422,460,617
35423,460,618
35424,460,619
35425,460,620
35426,460,621
35427,460,622
35428,460,623
35429,460,624
35430,460,625
35431,460,626
35432,460,627
35433,460,628
35434,460,629
35435,460,630
35436,460,631
35437,460,632
35438,461,358
35439,461,359
35440,461,360
35441,461,361
35442,461,362
35443,461,363
35444,461,364
35445,461,365
35446,461,366
35447,461,367
35448,461,368
35449,461,369
35450,461,370
35451,461,371
35452,461,372
35453,461,373
35454,461,374
35455,461,375
35456,461,376
35457,461,377
35458,461,378
35459,461,379
35460,461,380
35461,461,381
35462,461,382
35463,461,383
35464,461,384
35465,461,385
35466,461,386
35467,461,387
35468,461,388
35469,461,389
35470,461,390
35471,461,391
35472,461,392
35473,461,393
35474,461,394
35475,461,395
35476,461,396
35477,461,397
35478,461,398
35479,461,399
35480,461,400
35481,461,401
35482,461,402
35483,461,403
35484,461,404
35485,461,405
35486,461,406
35487,461,407
35488,461,408
35489,461,409
35490,461,410
35491,461,411
35492,461,412
35493,461,413
35494,461,414
35495,461,415
35496,461,416
35497,461,417
35498,461,418
35499,461,419
35500,461,420
35501,461,421
35502,461,422
35503,461,423
35504,461,424
35505,461,425
35506,461,426
35507,461,427
35508,461,428
35509,461,429
35510,461,430
35511,461,431
35512,461,432
35513,461,433
35514,461,434
35515,461,435
35516,461,436
35517,461,437
35518,461,438
35519,461,439
35520,461,440
35521,461,441
35522,461,442
35523,461,443
35524,461,444
35525,461,445
35526,461,446
35527,461,447
35528,461,448
35529,461,449
35530,461,450
35531,461,451
35532,461,452
35533,461,453
35534,461,454
35535,461,455
35536,461,456
35537,461,457
35538,461,458
35539,461,459
35540,461,460
35541,461,461
35542,461,462
35543,461,463
35544,461,464
35545,461,465
35546,461,466
35547,461,467
35548,461,468
35549,461,469
35550,461,470
35551,461,471
35552,461,472
35553,461,473
35554,461,474
35555,461,475
35556,461,476
35557,461,477
35558,461,478
35559,461,479
35560,461,480
35561,461,481
35562,461,482
35563,461,483
35564,461,484
35565,461,485
35566,461,486
35567,461,487
35568,461,488
35569,461,489
35570,461,608
35571,461,609
35572,461,610
35573,461,611
35574,461,612
35575,461,613
35576,461,615
35577,461,616
35578,461,617
35579,461,618
35580,461,619
35581,461,620
35582,461,621
35583,461,622
35584,461,623
35585,461,624
35586,461,625
35587,461,626
35588,461,627
35589,461,628
35590,461,629
35591,461,630
35592,461,631
35593,461,632
35594,462,358
35595,462,359
35596,462,360
35597,462,361
35598,462,362
35599,462,363
35600,462,364
35601,462,365
35602,462,366
35603,462,367
35604,462,368
35605,462,369
35606,462,370
35607,462,371
35608,462,372
35609,462,373
35610,462,374
35611,462,375
35612,462,376
35613,462,377
35614,462,378
35615,462,379
35616,462,380
35617,462,381
35618,462,382
35619,462,383
35620,462,384
35621,462,385
35622,462,386
35623,462,387
35624,462,388
35625,462,389
35626,462,390
35627,462,391
35628,462,392
35629,462,393
35630,462,394
35631,462,395
35632,462,396
35633,462,397
35634,462,398
35635,462,399
35636,462,400
35637,462,401
35638,462,402
35639,462,403
35640,462,404
35641,462,405
35642,462,406
35643,462,407
35644,462,408
35645,462,409
35646,462,410
35647,462,411
35648,462,412
35649,462,413
35650,462,414
35651,462,415
35652,462,416
35653,462,417
35654,462,418
35655,462,419
35656,462,420
35657,462,421
35658,462,422
35659,462,423
35660,462,424
35661,462,425
35662,462,426
35663,462,427
35664,462,428
35665,462,429
35666,462,430
35667,462,431
35668,462,432
35669,462,433
35670,462,434
35671,462,435
35672,462,436
35673,462,437
35674,462,438
35675,462,439
35676,462,440
35677,462,441
35678,462,442
35679,462,443
35680,462,444
35681,462,445
35682,462,446
35683,462,447
35684,462,448
35685,462,449
35686,462,450
35687,462,451
35688,462,452
35689,462,453
35690,462,454
35691,462,455
35692,462,456
35693,462,457
35694,462,458
35695,462,459
35696,462,460
35697,462,461
35698,462,462
35699,462,463
35700,462,464
35701,462,465
35702,462,466
35703,462,467
35704,462,468
35705,462,469
35706,462,470
35707,462,471
35708,462,472
35709,462,473
35710,462,474
35711,462,475
35712,462,476
35713,462,477
35714,462,478
35715,462,479
35716,462,480
35717,462,481
35718,462,482
35719,462,483
35720,462,484
35721,462,485
35722,462,486
35723,462,487
35724,462,488
35725,462,489
35726,462,490
35727,462,601
35728,462,608
35729,462,609
35730,462,610
35731,462,611
35732,462,612
35733,462,616
35734,462,617
35735,462,618
35736,462,619
35737,462,620
35738,462,621
35739,462,622
35740,462,623
35741,462,624
35742,462,625
35743,462,626
35744,462,627
35745,462,628
35746,462,629
35747,462,630
35748,462,631
35749,463,359
35750,463,360
35751,463,361
35752,463,362
35753,463,363
35754,463,364
35755,463,365
35756,463,366
35757,463,367
35758,463,368
35759,463,369
35760,463,370
35761,463,371
35762,463,372
35763,463,373
35764,463,374
35765,463,375
35766,463,376
35767,463,377
35768,463,378
35769,463,379
35770,463,380
35771,463,381
35772,463,382
35773,463,383
35774,463,384
35775,463,385
35776,463,386
35777,463,387
35778,463,388
35779,463,389
35780,463,390
35781,463,391
35782,463,392
35783,463,393
35784,463,394
35785,463,395
35786,463,396
35787,463,397
35788,463,398
35789,463,399
35790,463,400
35791,463,401
35792,463,402
35793,463,403
35794,463,404
35795,463,405
35796,463,406
35797,463,407
35798,463,408
35799,463,409
35800,463,410
35801,463,411
35802,463,412
35803,463,413
35804,463,414
35805,463,415
35806,463,416
35807,463,417
35808,463,418
35809,463,419
35810,463,420
35811,463,421
35812,463,422
35813,463,423
35814,463,424
35815,463,425
35816,463,426
35817,463,427
35818,463,428
35819,463,429
35820,463,430
35821,463,431
35822,463,432
35823,463,433
35824,463,434
35825,463,435
35826,463,436
35827,463,437
35828,463,438
35829,463,439
35830,463,440
35831,463,441
35832,463,442
35833,463,443
35834,463,444
35835,463,445
35836,463,446
35837,463,447
35838,463,448
35839,463,449
35840,463,450
35841,463,451
35842,463,452
35843,463,453
35844,463,454
35845,463,455
35846,463,456
35847,463,457
35848,463,458
35849,463,459
35850,463,460
35851,463,461
35852,463,462
35853,463,463
35854,463,464
35855,463,465
35856,463,466
35857,463,467
35858,463,468
35859,463,469
35860,463,470
35861,463,471
35862,463,472
35863,463,473
35864,463,474
35865,463,475
35866,463,476
35867,463,477
35868,463,478
35869,463,479
35870,463,480
35871,463,481
35872,463,482
35873,463,483
35874,463,484
35875,463,485
35876,463,486
35877,463,487
35878,463,488
35879,463,489
35880,463,490
35881,463,600
35882,463,601
35883,463,602
35884,463,603
35885,463,608
35886,463,609
35887,463,610
35888,463,611
35889,463,612
35890,463,613
35891,463,614
35892,463,615
35893,463,616
35894,463,617
35895,463,618
35896,463,619
35897,463,620
35898,463,621
35899,463,622
35900,463,623
35901,463,624
35902,464,359
35903,464,360
35904,464,361
35905,464,362
35906,464,363
35907,464,364
35908,464,365
35909,464,366
35910,464,367
35911,464,368
35912,464,369
35913,464,370
35914,464,371
35915,464,372
35916,464,373
35917,464,374
35918,464,375
35919,464,376
35920,464,377
35921,464,378
35922,464,379
35923,464,380
35924,464,381
35925,464,382
35926,464,383
35927,464,384
35928,464,385
35929,464,386
35930,464,387
35931,464,388
35932,464,389
35933,464,390
35934,464,391
35935,464,392
35936,464,393
35937,464,394
35938,464,395
35939,464,396
35940,464,397
35941,464,398
35942,464,399
35943,464,400
35944,464,401
35945,464,402
35946,464,403
35947,464,404
35948,464,405
35949,464,406
35950,464,407
35951,464,408
35952,464,409
35953,464,410
35954,464,411
35955,464,412
35956,464,413
35957,464,414
35958,464,415
35959,464,416
35960,464,417
35961,464,418
35962,464,419
35963,464,420
35964,464,421
35965,464,422
35966,464,423
35967,464,424
35968,464,425
35969,464,426
35970,464,427
35971,464,428
35972,464,429
35973,464,430
35974,464,431
35975,464,432
35976,464,433
35977,464,434
35978,464,435
35979,464,436
35980,464,437
35981,464,438
35982,464,439
35983,464,440
35984,464,441
35985,464,442
35986,464,443
35987,464,444
35988,464,445
35989,464,446
35990,464,447
35991,464,448
35992,464,449
35993,464,450
35994,464,451
35995,464,452
35996,464,453
35997,464,454
35998,464,455
35999,464,456
36000,464,457
36001,464,458
36002,464,459
36003,464,460
36004,464,461
36005,464,462
36006,464,463
36007,464,464
36008,464,465
36009,464,466
36010,464,467
36011,464,468
36012,464,469
36013,464,470
36014,464,471
36015,464,472
36016,464,473
36017,464,474
36018,464,475
36019,464,476
36020,464,477
36021,464,478
36022,464,479
36023,464,480
36024,464,481
36025,464,482
36026,464,483
36027,464,484
36028,464,485
36029,464,486
36030,464,487
36031,464,488
36032,464,489
36033,464,490
36034,464,596
36035,464,597
36036,464,598
36037,464,599
36038,464,600
36039,464,601
36040,464,602
36041,464,603
36042,464,604
36043,464,605
36044,464,606
36045,464,607
36046,464,608
36047,464,609
36048,464,610
36049,464,611
36050,464,612
36051,464,613
36052,464,614
36053,464,615
36054,464,616
36055,464,617
36056,464,618
36057,464,619
36058,464,620
36059,464,621
36060,464,622
36061,464,623
36062,465,360
36063,465,361
36064,465,362
36065,465,363
36066,465,364
36067,465,365
36068,465,366
36069,465,367
36070,465,368
36071,465,369
36072,465,370
36073,465,371
36074,465,372
36075,465,373
36076,465,374
36077,465,375
36078,465,376
36079,465,377
36080,465,378
36081,465,379
36082,465,380
36083,465,381
36084,465,382
36085,465,383
36086,465,384
36087,465,385
36088,465,386
36089,465,387
36090,465,388
36091,465,389
36092,465,390
36093,465,391
36094,465,392
36095,465,393
36096,465,394
36097,465,395
36098,465,396
36099,465,397
36100,465,398
36101,465,399
36102,465,400
36103,465,401
36104,465,402
36105,465,403
36106,465,404
36107,465,405
36108,465,406
36109,465,407
36110,465,408
36111,465,409
36112,465,410
36113,465,411
36114,465,412
36115,465,413
36116,465,414
36117,465,415
36118,465,416
36119,465,417
36120,465,418
36121,465,419
36122,465,420
36123,465,421
36124,465,422
36125,465,423
36126,465,424
36127,465,425
36128,465,426
36129,465,427
36130,465,428
36131,465,429
36132,465,430
36133,465,431
36134,465,432
36135,465,433
36136,465,434
36137,465,435
36138,465,436
36139,465,437
36140,465,438
36141,465,439
36142,465,440
36143,465,441
36144,465,442
36145,465,443
36146,465,444
36147,465,445
36148,465,446
36149,465,447
36150,465,448
36151,465,449
36152,465,450
36153,465,451
36154,465,452
36155,465,453
36156,465,454
36157,465,455
36158,465,456
36159,465,457
36160,465,458
36161,465,459
36162,465,460
36163,465,461
36164,465,462
36165,465,463
36166,465,464
36167,465,465
36168,465,466
36169,465,467
36170,465,468
36171,465,469
36172,465,470
36173,465,471
36174,465,472
36175,465,473
36176,465,474
36177,465,475
36178,465,476
36179,465,477
36180,465,478
36181,465,479
36182,465,480
36183,465,481
36184,465,482
36185,465,483
36186,465,484
36187,465,485
36188,465,486
36189,465,487
36190,465,488
36191,465,489
36192,465,490
36193,465,562
36194,465,588
36195,465,595
36196,465,596
36197,465,597
36198,465,598
36199,465,599
36200,465,600
36201,465,601
36202,465,602
36203,465,603
36204,465,604
36205,465,605
36206,465,606
36207,465,607
36208,465,608
36209,465,611
36210,465,612
36211,465,613
36212,465,614
36213,465,615
36214,465,616
36215,465,617
36216,465,618
36217,465,619
36218,465,620
36219,465,621
36220,465,622
36221,465,623
36222,466,361
36223,466,362
36224,466,363
36225,466,364
36226,466,365
36227,466,366
36228,466,367
36229,466,368
36230,466,369
36231,466,370
36232,466,371
36233,466,372
36234,466,373
36235,466,374
36236,466,375
36237,466,376
36238,466,377
36239,466,378
36240,466,379
36241,466,380
36242,466,381
36243,466,382
36244,466,383
36245,466,384
36246,466,385
36247,466,386
36248,466,387
36249,466,388
36250,466,389
36251,466,390
36252,466,391
36253,466,392
36254,466,393
36255,466,394
36256,466,395
36257,466,396
36258,466,397
36259,466,398
36260,466,399
36261,466,400
36262,466,401
36263,466,402
36264,466,403
36265,466,404
36266,466,405
36267,466,406
36268,466,407
36269,466,408
36270,466,409
36271,466,410
36272,466,411
36273,466,412
36274,466,413
36275,466,414
36276,466,415
36277,466,416
36278,466,417
36279,466,418
36280,466,419
36281,466,420
36282,466,421
36283,466,422
36284,466,423
36285,466,424
36286,466,425
36287,466,426
36288,466,427
36289,466,428
36290,466,429
36291,466,430
36292,466,431
36293,466,432
36294,466,433
36295,466,434
36296,466,435
36297,466,436
36298,466,437
36299,466,438
36300,466,439
36301,466,440
36302,466,441
36303,466,442
36304,466,443
36305,466,444
36306,466,445
36307,466,446
36308,466,447
36309,466,448
36310,466,449
36311,466,450
36312,466,451
36313,466,452
36314,466,453
36315,466,454
36316,466,455
36317,466,456
36318,466,457
36319,466,458
36320,466,459
36321,466,460
36322,466,461
36323,466,462
36324,466,463
36325,466,464
36326,466,465
36327,466,466
36328,466,467
36329,466,468
36330,466,469
36331,466,470
36332,466,471
36333,466,472
36334,466,473
36335,466,474
36336,466,475
36337,466,476
36338,466,477
36339,466,478
36340,466,479
36341,466,480
36342,466,481
36343,466,482
36344,466,483
36345,466,484
36346,466,485
36347,466,486
36348,466,487
36349,466,488
36350,466,489
36351,466,490
36352,466,491
36353,466,595
36354,466,596
36355,466,597
36356,466,598
36357,466,599
36358,466,600
36359,466,601
36360,466,602
36361,466,603
36362,466,604
36363,466,605
36364,466,606
36365,466,607
36366,466,608
36367,466,613
36368,466,614
36369,466,615
36370,466,616
36371,466,617
36372,466,618
36373,466,619
36374,466,620
36375,466,621
36376,467,361
36377,467,362
36378,467,363
36379,467,364
36380,467,365
36381,467,366
36382,467,367
36383,467,368
36384,467,369
36385,467,370
36386,467,371
36387,467,372
36388,467,373
36389,467,374
36390,467,375
36391,467,376
36392,467,377
36393,467,378
36394,467,379
36395,467,380
36396,467,381
36397,467,382
36398,467,383
36399,467,384
36400,467,385
36401,467,386
36402,467,387
36403,467,388
36404,467,389
36405,467,390
36406,467,391
36407,467,392
36408,467,393
36409,467,394
36410,467,395
36411,467,396
36412,467,397
36413,467,398
36414,467,399
36415,467,400
36416,467,401
36417,467,402
36418,467,403
36419,467,404
36420,467,405
36421,467,406
36422,467,407
36423,467,408
36424,467,409
36425,467,410
36426,467,411
36427,467,412
36428,467,413
36429,467,414
36430,467,415
36431,467,416
36432,467,417
36433,467,418
36434,467,419
36435,467,420
36436,467,421
36437,467,422
36438,467,423
36439,467,424
36440,467,425
36441,467,426
36442,467,427
36443,467,428
36444,467,429
36445,467,430
36446,467,431
36447,467,432
36448,467,433
36449,467,434
36450,467,435
36451,467,436
36452,467,437
36453,467,438
36454,467,439
36455,467,440
36456,467,441
36457,467,442
36458,467,443
36459,467,444
36460,467,445
36461,467,446
36462,467,447
36463,467,448
36464,467,449
36465,467,450
36466,467,451
36467,467,452
36468,467,453
36469,467,454
36470,467,455
36471,467,456
36472,467,457
36473,467,458
36474,467,459
36475,467,460
36476,467,461
36477,467,462
36478,467,463
36479,467,464
36480,467,465
36481,467,466
36482,467,467
36483,467,468
36484,467,469
36485,467,470
36486,467,471
36487,467,472
36488,467,473
36489,467,474
36490,467,475
36491,467,476
36492,467,477
36493,467,478
36494,467,479
36495,467,480
36496,467,481
36497,467,482
36498,467,483
36499,467,484
36500,467,485
36501,467,486
36502,467,487
36503,467,488
36504,467,489
36505,467,490
36506,467,491
36507,467,599
36508,467,600
36509,467,601
36510,467,602
36511,467,603
36512,467,604
36513,467,605
36514,467,606
36515,467,607
36516,467,616
36517,467,617
36518,467,618
36519,467,619
36520,468,362
36521,468,363
36522,468,364
36523,468,365
36524,468,366
36525,468,367
36526,468,368
36527,468,369
36528,468,370
36529,468,371
36530,468,372
36531,468,373
36532,468,374
36533,468,375
36534,468,376
36535,468,377
36536,468,378
36537,468,379
36538,468,380
36539,468,381
36540,468,382
36541,468,383
36542,468,384
36543,468,385
36544,468,386
36545,468,387
36546,468,388
36547,468,389
36548,468,390
36549,468,391
36550,468,392
36551,468,393
36552,468,394
36553,468,395
36554,468,396
36555,468,397
36556,468,398
36557,468,399
36558,468,400
36559,468,401
36560,468,402
36561,468,403
36562,468,404
36563,468,405
36564,468,406
36565,468,407
36566,468,408
36567,468,409
36568,468,410
36569,468,411
36570,468,412
36571,468,413
36572,468,414
36573,468,415
36574,468,416
36575,468,417
36576,468,418
36577,468,419
36578,468,420
36579,468,421
36580,468,422
36581,468,423
36582,468,424
36583,468,425
36584,468,426
36585,468,427
36586,468,428
36587,468,429
36588,468,430
36589,468,431
36590,468,432
36591,468,433
36592,468,434
36593,468,435
36594,468,436
36595,468,437
36596,468,438
36597,468,439
36598,468,440
36599,468,441
36600,468,442
36601,468,443
36602,468,444
36603,468,445
36604,468,446
36605,468,447
36606,468,448
36607,468,449
36608,468,450
36609,468,451
36610,468,452
36611,468,453
36612,468,454
36613,468,455
36614,468,456
36615,468,457
36616,468,458
36617,468,459
36618,468,460
36619,468,461
36620,468,462
36621,468,463
36622,468,464
36623,468,465
36624,468,466
36625,468,467
36626,468,468
36627,468,469
36628,468,470
36629,468,471
36630,468,472
36631,468,473
36632,468,474
36633,468,475
36634,468,476
36635,468,477
36636,468,478
36637,468,479
36638,468,480
36639,468,481
36640,468,482
36641,468,483
36642,468,484
36643,468,485
36644,468,486
36645,468,487
36646,468,488
36647,468,489
36648,468,490
36649,468,491
36650,468,601
36651,468,602
36652,468,603
36653,468,604
36654,468,605
36655,469,362
36656,469,363
36657,469,364
36658,469,365
36659,469,366
36660,469,367
36661,469,368
36662,469,369
36663,469,370
36664,469,371
36665,469,372
36666,469,373
36667,469,374
36668,469,375
36669,469,376
36670,469,377
36671,469,378
36672,469,379
36673,469,380
36674,469,381
36675,469,382
36676,469,383
36677,469,384
36678,469,385
36679,469,386
36680,469,387
36681,469,388
36682,469,389
36683,469,390
36684,469,391
36685,469,392
36686,469,393
36687,469,394
36688,469,395
36689,469,396
36690,469,397
36691,469,398
36692,469,399
36693,469,400
36694,469,401
36695,469,402
36696,469,403
36697,469,404
36698,469,405
36699,469,406
36700,469,407
36701,469,408
36702,469,409
36703,469,410
36704,469,411
36705,469,412
36706,469,413
36707,469,414
36708,469,415
36709,469,416
36710,469,417
36711,469,418
36712,469,419
36713,469,420
36714,469,421
36715,469,422
36716,469,423
36717,469,424
36718,469,425
36719,469,426
36720,469,427
36721,469,428
36722,469,429
36723,469,430
36724,469,431
36725,469,432
36726,469,433
36727,469,434
36728,469,435
36729,469,436
36730,469,437
36731,469,438
36732,469,439
36733,469,440
36734,469,441
36735,469,442
36736,469,443
36737,469,444
36738,469,445
36739,469,446
36740,469,447
36741,469,448
36742,469,449
36743,469,450
36744,469,451
36745,469,452
36746,469,453
36747,469,454
36748,469,455
36749,469,456
36750,469,457
36751,469,458
36752,469,459
36753,469,460
36754,469,461
36755,469,462
36756,469,463
36757,469,464
36758,469,465
36759,469,466
36760,469,467
36761,469,468
36762,469,469
36763,469,470
36764,469,471
36765,469,472
36766,469,473
36767,469,474
36768,469,475
36769,469,476
36770,469,477
36771,469,478
36772,469,479
36773,469,480
36774,469,481
36775,469,482
36776,469,483
36777,469,484
36778,469,485
36779,469,486
36780,469,487
36781,469,488
36782,469,489
36783,469,490
36784,469,491
36785,470,363
36786,470,364
36787,470,365
36788,470,366
36789,470,367
36790,470,368
36791,470,369
36792,470,370
36793,470,371
36794,470,372
36795,470,373
36796,470,374
36797,470,375
36798,470,376
36799,470,377
36800,470,378
36801,470,379
36802,470,380
36803,470,381
36804,470,382
36805,470,383
36806,470,384
36807,470,385
36808,470,386
36809,470,387
36810,470,388
36811,470,389
36812,470,390
36813,470,391
36814,470,392
36815,470,393
36816,470,394
36817,470,395
36818,470,396
36819,470,397
36820,470,398
36821,470,399
36822,470,400
36823,470,401
36824,470,402
36825,470,403
36826,470,404
36827,470,405
36828,470,406
36829,470,407
36830,470,408
36831,470,409
36832,470,410
36833,470,411
36834,470,412
36835,470,413
36836,470,414
36837,470,415
36838,470,416
36839,470,417
36840,470,418
36841,470,419
36842,470,420
36843,470,421
36844,470,422
36845,470,423
36846,470,424
36847,470,425
36848,470,426
36849,470,427
36850,470,428
36851,470,429
36852,470,430
36853,470,431
36854,470,432
36855,470,433
36856,470,434
36857,470,435
36858,470,436
36859,470,437
36860,470,438
36861,470,439
36862,470,440
36863,470,441
36864,470,442
36865,470,443
36866,470,444
36867,470,445
36868,470,446
36869,470,447
36870,470,448
36871,470,449
36872,470,450
36873,470,451
36874,470,452
36875,470,453
36876,470,454
36877,470,455
36878,470,456
36879,470,457
36880,470,458
36881,470,459
36882,470,460
36883,470,461
36884,470,462
36885,470,463
36886,470,464
36887,470,465
36888,470,466
36889,470,467
36890,470,468
36891,470,469
36892,470,470
36893,470,471
36894,470,472
36895,470,473
36896,470,474
36897,470,475
36898,470,476
36899,470,477
36900,470,478
36901,470,479
36902,470,480
36903,470,481
36904,470,482
36905,470,483
36906,470,484
36907,470,485
36908,470,486
36909,470,487
36910,470,488
36911,470,489
36912,470,490
36913,470,491
36914,471,363
36915,471,364
36916,471,365
36917,471,366
36918,471,367
36919,471,368
36920,471,369
36921,471,370
36922,471,371
36923,471,372
36924,471,373
36925,471,374
36926,471,375
36927,471,376
36928,471,377
36929,471,378
36930,471,379
36931,471,380
36932,471,381
36933,471,382
36934,471,383
36935,471,384
36936,471,385
36937,471,386
36938,471,387
36939,471,388
36940,471,389
36941,471,390
36942,471,391
36943,471,392
36944,471,393
36945,471,394
36946,471,395
36947,471,396
36948,471,397
36949,471,398
36950,471,399
36951,471,400
36952,471,401
36953,471,402
36954,471,403
36955,471,404
36956,471,405
36957,471,406
36958,471,407
36959,471,408
36960,471,409
36961,471,410
36962,471,411
36963,471,412
36964,471,413
36965,471,414
36966,471,415
36967,471,416
36968,471,417
36969,471,418
36970,471,419
36971,471,420
36972,471,421
36973,471,422
36974,471,423
36975,471,424
36976,471,425
36977,471,426
36978,471,427
36979,471,428
36980,471,429
36981,471,430
36982,471,431
36983,471,432
36984,471,433
36985,471,434
36986,471,435
36987,471,436
36988,471,437
36989,471,438
36990,471,439
36991,471,440
36992,471,441
36993,471,442
36994,471,443
36995,471,444
36996,471,445
36997,471,446
36998,471,447
36999,471,448
37000,471,449
37001,471,450
37002,471,451
37003,471,452
37004,471,453
37005,471,454
37006,471,455
37007,471,456
37008,471,457
37009,471,458
37010,471,459
37011,471,460
37012,471,461
37013,471,462
37014,471,463
37015,471,464
37016,471,465
37017,471,466
37018,471,467
37019,471,468
37020,471,469
37021,471,470
37022,471,471
37023,471,472
37024,471,473
37025,471,474
37026,471,475
37027,471,476
37028,471,477
37029,471,478
37030,471,479
37031,471,480
37032,471,481
37033,471,482
37034,471,483
37035,471,484
37036,471,485
37037,471,486
37038,471,487
37039,471,488
37040,471,489
37041,471,490
37042,471,491
37043,472,364
37044,472,365
37045,472,366
37046,472,367
37047,472,368
37048,472,369
37049,472,370
37050,472,371
37051,472,372
37052,472,373
37053,472,374
37054,472,375
37055,472,376
37056,472,377
37057,472,378
37058,472,379
37059,472,380
37060,472,381
37061,472,382
37062,472,383
37063,472,384
37064,472,385
37065,472,386
37066,472,387
37067,472,388
37068,472,389
37069,472,390
37070,472,391
37071,472,392
37072,472,393
37073,472,394
37074,472,395
37075,472,396
37076,472,397
37077,472,398
37078,472,399
37079,472,400
37080,472,401
37081,472,402
37082,472,403
37083,472,404
37084,472,405
37085,472,406
37086,472,407
37087,472,408
37088,472,409
37089,472,410
37090,472,411
37091,472,412
37092,472,413
37093,472,414
37094,472,415
37095,472,416
37096,472,417
37097,472,418
37098,472,419
37099,472,420
37100,472,421
37101,472,422
37102,472,423
37103,472,424
37104,472,425
37105,472,426
37106,472,427
37107,472,428
37108,472,429
37109,472,430
37110,472,431
37111,472,432
37112,472,433
37113,472,434
37114,472,435
37115,472,436
37116,472,437
37117,472,438
37118,472,439
37119,472,440
37120,472,441
37121,472,442
37122,472,443
37123,472,444
37124,472,445
37125,472,446
37126,472,447
37127,472,448
37128,472,449
37129,472,450
37130,472,451
37131,472,452
37132,472,453
37133,472,454
37134,472,455
37135,472,456
37136,472,457
37137,472,458
37138,472,459
37139,472,460
37140,472,461
37141,472,462
37142,472,463
37143,472,464
37144,472,465
37145,472,466
37146,472,467
37147,472,468
37148,472,469
37149,472,470
37150,472,471
37151,472,472
37152,472,473
37153,472,474
37154,472,475
37155,472,476
37156,472,477
37157,472,478
37158,472,479
37159,472,480
37160,472,481
37161,472,482
37162,472,483
37163,472,484
37164,472,485
37165,472,486
37166,472,487
37167,472,488
37168,472,489
37169,472,490
37170,472,491
37171,472,492
37172,473,364
37173,473,365
37174,473,366
37175,473,367
37176,473,368
37177,473,369
37178,473,370
37179,473,371
37180,473,372
37181,473,373
37182,473,374
37183,473,375
37184,473,376
37185,473,377
37186,473,378
37187,473,379
37188,473,380
37189,473,381
37190,473,382
37191,473,383
37192,473,384
37193,473,385
37194,473,386
37195,473,387
37196,473,388
37197,473,389
37198,473,390
37199,473,391
37200,473,392
37201,473,393
37202,473,394
37203,473,395
37204,473,396
37205,473,397
37206,473,398
37207,473,399
37208,473,400
37209,473,401
37210,473,402
37211,473,403
37212,473,404
37213,473,405
37214,473,406
37215,473,407
37216,473,408
37217,473,409
37218,473,410
37219,473,411
37220,473,412
37221,473,413
37222,473,414
37223,473,415
37224,473,416
37225,473,417
37226,473,418
37227,473,419
37228,473,420
37229,473,421
37230,473,422
37231,473,423
37232,473,424
37233,473,425
37234,473,426
37235,473,427
37236,473,428
37237,473,429
37238,473,430
37239,473,431
37240,473,432
37241,473,433
37242,473,434
37243,473,435
37244,473,436
37245,473,437
37246,473,438
37247,473,439
37248,473,440
37249,473,441
37250,473,442
37251,473,443
37252,473,444
37253,473,445
37254,473,446
37255,473,447
37256,473,448
37257,473,449
37258,473,450
37259,473,451
37260,473,452
37261,473,453
37262,473,454
37263,473,455
37264,473,456
37265,473,457
37266,473,458
37267,473,459
37268,473,460
37269,473,461
37270,473,462
37271,473,463
37272,473,464
37273,473,465
37274,473,466
37275,473,467
37276,473,468
37277,473,469
37278,473,470
37279,473,471
37280,473,472
37281,473,473
37282,473,474
37283,473,475
37284,473,476
37285,473,477
37286,473,478
37287,473,479
37288,473,480
37289,473,481
37290,473,482
37291,473,483
37292,473,484
37293,473,485
37294,473,486
37295,473,487
37296,473,488
37297,473,489
37298,473,490
37299,473,491
37300,473,492
37301,474,364
37302,474,365
37303,474,366
37304,474,367
37305,474,368
37306,474,369
37307,474,370
37308,474,371
37309,474,372
37310,474,373
37311,474,374
37312,474,375
37313,474,376
37314,474,377
37315,474,378
37316,474,379
37317,474,380
37318,474,381
37319,474,382
37320,474,383
37321,474,384
37322,474,385
37323,474,386
37324,474,387
37325,474,388
37326,474,389
37327,474,390
37328,474,391
37329,474,392
37330,474,393
37331,474,394
37332,474,395
37333,474,396
37334,474,397
37335,474,398
37336,474,399
37337,474,400
37338,474,401
37339,474,402
37340,474,403
37341,474,404
37342,474,405
37343,474,406
37344,474,407
37345,474,408
37346,474,409
37347,474,410
37348,474,411
37349,474,412
37350,474,413
37351,474,414
37352,474,415
37353,474,416
37354,474,417
37355,474,418
37356,474,419
37357,474,420
37358,474,421
37359,474,422
37360,474,423
37361,474,424
37362,474,425
37363,474,426
37364,474,427
37365,474,428
37366,474,429
37367,474,430
37368,474,431
37369,474,432
37370,474,433
37371,474,434
37372,474,435
37373,474,436
37374,474,437
37375,474,438
37376,474,439
37377,474,440
37378,474,441
37379,474,442
37380,474,443
37381,474,444
37382,474,445
37383,474,446
37384,474,447
37385,474,448
37386,474,449
37387,474,450
37388,474,451
37389,474,452
37390,474,453
37391,474,454
37392,474,455
37393,474,456
37394,474,457
37395,474,458
37396,474,459
37397,474,460
37398,474,461
37399,474,462
37400,474,463
37401,474,464
37402,474,465
37403,474,466
37404,474,467
37405,474,468
37406,474,469
37407,474,470
37408,474,471
37409,474,472
37410,474,473
37411,474,474
37412,474,475
37413,474,476
37414,474,477
37415,474,478
37416,474,479
37417,474,480
37418,474,481
37419,474,482
37420,474,483
37421,474,484
37422,474,485
37423,474,486
37424,474,487
37425,474,488
37426,474,489
37427,474,490
37428,474,491
37429,474,492
37430,475,364
37431,475,365
37432,475,366
37433,475,367
37434,475,368
37435,475,369
37436,475,370
37437,475,371
37438,475,372
37439,475,373
37440,475,374
37441,475,375
37442,475,376
37443,475,377
37444,475,378
37445,475,379
37446,475,380
37447,475,381
37448,475,382
37449,475,383
37450,475,384
37451,475,385
37452,475,386
37453,475,387
37454,475,388
37455,475,389
37456,475,390
37457,475,391
37458,475,392
37459,475,393
37460,475,394
37461,475,395
37462,475,396
37463,475,397
37464,475,398
37465,475,399
37466,475,400
37467,475,401
37468,475,402
37469,475,403
37470,475,404
37471,475,405
37472,475,406
37473,475,407
37474,475,408
37475,475,409
37476,475,410
37477,475,411
37478,475,412
37479,475,413
37480,475,414
37481,475,415
37482,475,416
37483,475,417
37484,475,418
37485,475,419
37486,475,420
37487,475,421
37488,475,422
37489,475,423
37490,475,424
37491,475,425
37492,475,426
37493,475,427
37494,475,428
37495,475,429
37496,475,430
37497,475,431
37498,475,432
37499,475,433
37500,475,434
37501,475,435
37502,475,436
37503,475,437
37504,475,438
37505,475,439
37506,475,440
37507,475,441
37508,475,442
37509,475,443
37510,475,444
37511,475,445
37512,475,446
37513,475,447
37514,475,448
37515,475,449
37516,475,450
37517,475,451
37518,475,452
37519,475,453
37520,475,454
37521,475,455
37522,475,456
37523,475,457
37524,475,458
37525,475,459
37526,475,460
37527,475,461
37528,475,462
37529,475,463
37530,475,464
37531,475,465
37532,475,466
37533,475,467
37534,475,468
37535,475,469
37536,475,470
37537,475,471
37538,475,472
37539,475,473
37540,475,474
37541,475,475
37542,475,476
37543,475,477
37544,475,478
37545,475,479
37546,475,480
37547,475,481
37548,475,482
37549,475,483
37550,475,484
37551,475,485
37552,475,486
37553,475,487
37554,475,488
37555,475,489
37556,475,490
37557,475,491
37558,475,492
37559,476,364
37560,476,365
37561,476,366
37562,476,367
37563,476,368
37564,476,369
37565,476,370
37566,476,371
37567,476,372
37568,476,373
37569,476,374
37570,476,375
37571,476,376
37572,476,377
37573,476,378
37574,476,379
37575,476,380
37576,476,381
37577,476,382
37578,476,383
37579,476,384
37580,476,385
37581,476,386
37582,476,387
37583,476,388
37584,476,389
37585,476,390
37586,476,391
37587,476,392
37588,476,393
37589,476,394
37590,476,395
37591,476,396
37592,476,397
37593,476,398
37594,476,399
37595,476,400
37596,476,401
37597,476,402
37598,476,403
37599,476,404
37600,476,405
37601,476,406
37602,476,407
37603,476,408
37604,476,409
37605,476,410
37606,476,411
37607,476,412
37608,476,413
37609,476,414
37610,476,415
37611,476,416
37612,476,417
37613,476,418
37614,476,419
37615,476,420
37616,476,421
37617,476,422
37618,476,423
37619,476,424
37620,476,425
37621,476,426
37622,476,427
37623,476,428
37624,476,429
37625,476,430
37626,476,431
37627,476,432
37628,476,433
37629,476,434
37630,476,435
37631,476,436
37632,476,437
37633,476,438
37634,476,439
37635,476,440
37636,476,441
37637,476,442
37638,476,443
37639,476,444
37640,476,445
37641,476,446
37642,476,447
37643,476,448
37644,476,449
37645,476,450
37646,476,451
37647,476,452
37648,476,453
37649,476,454
37650,476,455
37651,476,456
37652,476,457
37653,476,458
37654,476,459
37655,476,460
37656,476,461
37657,476,462
37658,476,463
37659,476,464
37660,476,465
37661,476,466
37662,476,467
37663,476,468
37664,476,469
37665,476,470
37666,476,471
37667,476,472
37668,476,473
37669,476,474
37670,476,475
37671,476,476
37672,476,477
37673,476,478
37674,476,479
37675,476,480
37676,476,481
37677,476,482
37678,476,483
37679,476,484
37680,476,485
37681,476,486
37682,476,487
37683,476,488
37684,476,489
37685,476,490
37686,476,491
37687,476,492
37688,477,364
37689,477,365
37690,477,366
37691,477,367
37692,477,368
37693,477,369
37694,477,370
37695,477,371
37696,477,372
37697,477,373
37698,477,374
37699,477,375
37700,477,376
37701,477,377
37702,477,378
37703,477,379
37704,477,380
37705,477,381
37706,477,382
37707,477,383
37708,477,384
37709,477,385
37710,477,386
37711,477,387
37712,477,388
37713,477,389
37714,477,390
37715,477,391
37716,477,392
37717,477,393
37718,477,394
37719,477,395
37720,477,396
37721,477,397
37722,477,398
37723,477,399
37724,477,400
37725,477,401
37726,477,402
37727,477,403
37728,477,404
37729,477,405
37730,477,406
37731,477,407
37732,477,408
37733,477,409
37734,477,410
37735,477,411
37736,477,412
37737,477,413
37738,477,414
37739,477,415
37740,477,416
37741,477,417
37742,477,418
37743,477,419
37744,477,420
37745,477,421
37746,477,422
37747,477,423
37748,477,424
37749,477,425
37750,477,426
37751,477,427
37752,477,428
37753,477,429
37754,477,430
37755,477,431
37756,477,432
37757,477,433
37758,477,434
37759,477,435
37760,477,436
37761,477,437
37762,477,438
37763,477,439
37764,477,440
37765,477,441
37766,477,442
37767,477,443
37768,477,444
37769,477,445
37770,477,446
37771,477,447
37772,477,448
37773,477,449
37774,477,450
37775,477,451
37776,477,452
37777,477,453
37778,477,454
37779,477,455
37780,477,456
37781,477,457
37782,477,458
37783,477,459
37784,477,460
37785,477,461
37786,477,462
37787,477,463
37788,477,464
37789,477,465
37790,477,466
37791,477,467
37792,477,468
37793,477,469
37794,477,470
37795,477,471
37796,477,472
37797,477,473
37798,477,474
37799,477,475
37800,477,476
37801,477,477
37802,477,478
37803,477,479
37804,477,480
37805,477,481
37806,477,482
37807,477,483
37808,477,484
37809,477,485
37810,477,486
37811,477,487
37812,477,488
37813,477,489
37814,477,490
37815,477,491
37816,477,492
37817,477,493
37818,478,364
37819,478,365
37820,478,366
37821,478,367
37822,478,368
37823,478,369
37824,478,370
37825,478,371
37826,478,372
37827,478,373
37828,478,374
37829,478,375
37830,478,376
37831,478,377
37832,478,378
37833,478,379
37834,478,380
37835,478,381
37836,478,382
37837,478,383
37838,478,384
37839,478,385
37840,478,386
37841,478,387
37842,478,388
37843,478,389
37844,478,390
37845,478,391
37846,478,392
37847,478,393
37848,478,394
37849,478,395
37850,478,396
37851,478,397
37852,478,398
37853,478,399
37854,478,400
37855,478,401
37856,478,402
37857,478,403
37858,478,404
37859,478,405
37860,478,406
37861,478,407
37862,478,408
37863,478,409
37864,478,410
37865,478,411
37866,478,412
37867,478,413
37868,478,414
37869,478,415
37870,478,416
37871,478,417
37872,478,418
37873,478,419
37874,478,420
37875,478,421
37876,478,422
37877,478,423
37878,478,424
37879,478,425
37880,478,426
37881,478,427
37882,478,428
37883,478,429
37884,478,430
37885,478,431
37886,478,432
37887,478,433
37888,478,434
37889,478,435
37890,478,436
37891,478,437
37892,478,438
37893,478,439
37894,478,440
37895,478,441
37896,478,442
37897,478,443
37898,478,444
37899,478,445
37900,478,446
37901,478,447
37902,478,448
37903,478,449
37904,478,450
37905,478,451
37906,478,452
37907,478,453
37908,478,454
37909,478,455
37910,478,456
37911,478,457
37912,478,458
37913,478,459
37914,478,460
37915,478,461
37916,478,462
37917,478,463
37918,478,464
37919,478,465
37920,478,466
37921,478,467
37922,478,468
37923,478,469
37924,478,470
37925,478,471
37926,478,472
37927,478,473
37928,478,474
37929,478,475
37930,478,476
37931,478,477
37932,478,478
37933,478,479
37934,478,480
37935,478,481
37936,478,482
37937,478,483
37938,478,484
37939,478,485
37940,478,486
37941,478,487
37942,478,488
37943,478,489
37944,478,490
37945,478,491
37946,478,492
37947,478,493
37948,478,575
37949,479,364
37950,479,365
37951,479,366
37952,479,367
37953,479,368
37954,479,369
37955,479,370
37956,479,371
37957,479,372
37958,479,373
37959,479,374
37960,479,375
37961,479,376
37962,479,377
37963,479,378
37964,479,379
37965,479,380
37966,479,381
37967,479,382
37968,479,383
37969,479,384
37970,479,385
37971,479,386
37972,479,387
37973,479,388
37974,479,389
37975,479,390
37976,479,391
37977,479,392
37978,479,393
37979,479,394
37980,479,395
37981,479,396
37982,479,397
37983,479,398
37984,479,399
37985,479,400
37986,479,401
37987,479,402
37988,479,403
37989,479,404
37990,479,405
37991,479,406
37992,479,407
37993,479,408
37994,479,409
37995,479,410
37996,479,411
37997,479,412
37998,479,413
37999,479,414
38000,479,415
38001,479,416
38002,479,417
38003,479,418
38004,479,419
38005,479,420
38006,479,421
38007,479,422
38008,479,423
38009,479,424
38010,479,425
38011,479,426
38012,479,427
38013,479,428
38014,479,429
38015,479,430
38016,479,431
38017,479,432
38018,479,433
38019,479,434
38020,479,435
38021,479,436
38022,479,437
38023,479,438
38024,479,439
38025,479,440
38026,479,441
38027,479,442
38028,479,443
38029,479,444
38030,479,445
38031,479,446
38032,479,447
38033,479,448
38034,479,449
38035,479,450
38036,479,451
38037,479,452
38038,479,453
38039,479,454
38040,479,455
38041,479,456
38042,479,457
38043,479,458
38044,479,459
38045,479,460
38046,479,461
38047,479,462
38048,479,463
38049,479,464
38050,479,465
38051,479,466
38052,479,467
38053,479,468
38054,479,469
38055,479,470
38056,479,471
38057,479,472
38058,479,473
38059,479,474
38060,479,475
38061,479,476
38062,479,477
38063,479,478
38064,479,479
38065,479,480
38066,479,481
38067,479,482
38068,479,483
38069,479,484
38070,479,485
38071,479,486
38072,479,487
38073,479,488
38074,479,489
38075,479,490
38076,479,491
38077,479,492
38078,479,493
38079,479,575
38080,480,363
38081,480,364
38082,480,365
38083,480,366
38084,480,367
38085,480,368
38086,480,369
38087,480,370
38088,480,371
38089,480,372
38090,480,373
38091,480,374
38092,480,375
38093,480,376
38094,480,377
38095,480,378
38096,480,379
38097,480,380
38098,480,381
38099,480,382
38100,480,383
38101,480,384
38102,480,385
38103,480,386
38104,480,387
38105,480,388
38106,480,389
38107,480,390
38108,480,391
38109,480,392
38110,480,393
38111,480,394
38112,480,395
38113,480,396
38114,480,397
38115,480,398
38116,480,399
38117,480,400
38118,480,401
38119,480,402
38120,480,403
38121,480,404
38122,480,405
38123,480,406
38124,480,407
38125,480,408
38126,480,409
38127,480,410
38128,480,411
38129,480,412
38130,480,413
38131,480,414
38132,480,415
38133,480,416
38134,480,417
38135,480,418
38136,480,419
38137,480,420
38138,480,421
38139,480,422
38140,480,423
38141,480,424
38142,480,425
38143,480,426
38144,480,427
38145,480,428
38146,480,429
38147,480,430
38148,480,431
38149,480,432
38150,480,433
38151,480,434
38152,480,435
38153,480,436
38154,480,437
38155,480,438
38156,480,439
38157,480,440
38158,480,441
38159,480,442
38160,480,443
38161,480,444
38162,480,445
38163,480,446
38164,480,447
38165,480,448
38166,480,449
38167,480,450
38168,480,451
38169,480,452
38170,480,453
38171,480,454
38172,480,455
38173,480,456
38174,480,457
38175,480,458
38176,480,459
38177,480,460
38178,480,461
38179,480,462
38180,480,463
38181,480,464
38182,480,465
38183,480,466
38184,480,467
38185,480,468
38186,480,469
38187,480,470
38188,480,471
38189,480,472
38190,480,473
38191,480,474
38192,480,475
38193,480,476
38194,480,477
38195,480,478
38196,480,479
38197,480,480
38198,480,481
38199,480,482
38200,480,483
38201,480,484
38202,480,485
38203,480,486
38204,480,487
38205,480,488
38206,480,489
38207,480,490
38208,480,491
38209,480,492
38210,480,493
38211,480,575
38212,481,362
38213,481,363
38214,481,364
38215,481,365
38216,481,366
38217,481,367
38218,481,368
38219,481,369
38220,481,370
38221,481,371
38222,481,372
38223,481,373
38224,481,374
38225,481,375
38226,481,376
38227,481,377
38228,481,378
38229,481,379
38230,481,380
38231,481,381
38232,481,382
38233,481,383
38234,481,384
38235,481,385
38236,481,386
38237,481,387
38238,481,388
38239,481,389
38240,481,390
38241,481,391
38242,481,392
38243,481,393
38244,481,394
38245,481,395
38246,481,396
38247,481,397
38248,481,398
38249,481,399
38250,481,400
38251,481,401
38252,481,402
38253,481,403
38254,481,404
38255,481,405
38256,481,406
38257,481,407
38258,481,408
38259,481,409
38260,481,410
38261,481,411
38262,481,412
38263,481,413
38264,481,414
38265,481,415
38266,481,416
38267,481,417
38268,481,418
38269,481,419
38270,481,420
38271,481,421
38272,481,422
38273,481,423
38274,481,424
38275,481,425
38276,481,426
38277,481,427
38278,481,428
38279,481,429
38280,481,430
38281,481,431
38282,481,432
38283,481,433
38284,481,434
38285,481,435
38286,481,436
38287,481,437
38288,481,438
38289,481,439
38290,481,440
38291,481,441
38292,481,442
38293,481,443
38294,481,444
38295,481,445
38296,481,446
38297,481,447
38298,481,448
38299,481,449
38300,481,450
38301,481,451
38302,481,452
38303,481,453
38304,481,454
38305,481,455
38306,481,456
38307,481,457
38308,481,458
38309,481,459
38310,481,460
38311,481,461
38312,481,462
38313,481,463
38314,481,464
38315,481,465
38316,481,466
38317,481,467
38318,481,468
38319,481,469
38320,481,470
38321,481,471
38322,481,472
38323,481,473
38324,481,474
38325,481,475
38326,481,476
38327,481,477
38328,481,478
38329,481,479
38330,481,480
38331,481,481
38332,481,482
38333,481,483
38334,481,484
38335,481,485
38336,481,486
38337,481,487
38338,481,488
38339,481,489
38340,481,490
38341,481,491
38342,481,492
38343,481,493
38344,481,575
38345,482,362
38346,482,363
38347,482,364
38348,482,365
38349,482,366
38350,482,367
38351,482,368
38352,482,369
38353,482,370
38354,482,371
38355,482,372
38356,482,373
38357,482,374
38358,482,375
38359,482,376
38360,482,377
38361,482,378
38362,482,379
38363,482,380
38364,482,381
38365,482,382
38366,482,383
38367,482,384
38368,482,385
38369,482,386
38370,482,387
38371,482,388
38372,482,389
38373,482,390
38374,482,391
38375,482,392
38376,482,393
38377,482,394
38378,482,395
38379,482,396
38380,482,397
38381,482,398
38382,482,399
38383,482,400
38384,482,401
38385,482,402
38386,482,403
38387,482,404
38388,482,405
38389,482,406
38390,482,407
38391,482,408
38392,482,409
38393,482,410
38394,482,411
38395,482,412
38396,482,413
38397,482,414
38398,482,415
38399,482,416
38400,482,417
38401,482,418
38402,482,419
38403,482,420
38404,482,421
38405,482,422
38406,482,423
38407,482,424
38408,482,425
38409,482,426
38410,482,427
38411,482,428
38412,482,429
38413,482,430
38414,482,431
38415,482,432
38416,482,433
38417,482,434
38418,482,435
38419,482,436
38420,482,437
38421,482,438
38422,482,439
38423,482,440
38424,482,441
38425,482,442
38426,482,443
38427,482,444
38428,482,445
38429,482,446
38430,482,447
38431,482,448
38432,482,449
38433,482,450
38434,482,451
38435,482,452
38436,482,453
38437,482,454
38438,482,455
38439,482,456
38440,482,457
38441,482,458
38442,482,459
38443,482,460
38444,482,461
38445,482,462
38446,482,463
38447,482,464
38448,482,465
38449,482,466
38450,482,467
38451,482,468
38452,482,469
38453,482,470
38454,482,471
38455,482,472
38456,482,473
38457,482,474
38458,482,475
38459,482,476
38460,482,477
38461,482,478
38462,482,479
38463,482,480
38464,482,481
38465,482,482
38466,482,483
38467,482,484
38468,482,485
38469,482,486
38470,482,487
38471,482,488
38472,482,489
38473,482,490
38474,482,491
38475,482,492
38476,482,493
38477,482,494
38478,482,575
38479,483,361
38480,483,362
38481,483,363
38482,483,364
38483,483,365
38484,483,366
38485,483,367
38486,483,368
38487,483,369
38488,483,370
38489,483,371
38490,483,372
38491,483,373
38492,483,374
38493,483,375
38494,483,376
38495,483,377
38496,483,378
38497,483,379
38498,483,380
38499,483,381
38500,483,382
38501,483,383
38502,483,384
38503,483,385
38504,483,386
38505,483,387
38506,483,388
38507,483,389
38508,483,390
38509,483,391
38510,483,392
38511,483,393
38512,483,394
38513,483,395
38514,483,396
38515,483,397
38516,483,398
38517,483,399
38518,483,400
38519,483,401
38520,483,402
38521,483,403
38522,483,404
38523,483,405
38524,483,406
38525,483,407
38526,483,408
38527,483,409
38528,483,410
38529,483,411
38530,483,412
38531,483,413
38532,483,414
38533,483,415
38534,483,416
38535,483,417
38536,483,418
38537,483,419
38538,483,420
38539,483,421
38540,483,422
38541,483,423
38542,483,424
38543,483,425
38544,483,426
38545,483,427
38546,483,428
38547,483,429
38548,483,430
38549,483,431
38550,483,432
38551,483,433
38552,483,434
38553,483,435
38554,483,436
38555,483,437
38556,483,438
38557,483,439
38558,483,440
38559,483,441
38560,483,442
38561,483,443
38562,483,444
38563,483,445
38564,483,446
38565,483,447
38566,483,448
38567,483,449
38568,483,450
38569,483,451
38570,483,452
38571,483,453
38572,483,454
38573,483,455
38574,483,456
38575,483,457
38576,483,458
38577,483,459
38578,483,460
38579,483,461
38580,483,462
38581,483,463
38582,483,464
38583,483,465
38584,483,466
38585,483,467
38586,483,468
38587,483,469
38588,483,470
38589,483,471
38590,483,472
38591,483,473
38592,483,474
38593,483,475
38594,483,476
38595,483,477
38596,483,478
38597,483,479
38598,483,480
38599,483,481
38600,483,482
38601,483,483
38602,483,484
38603,483,485
38604,483,486
38605,483,487
38606,483,488
38607,483,489
38608,483,490
38609,483,491
38610,483,492
38611,483,493
38612,483,494
38613,484,361
38614,484,362
38615,484,363
38616,484,364
38617,484,365
38618,484,366
38619,484,367
38620,484,368
38621,484,369
38622,484,370
38623,484,371
38624,484,372
38625,484,373
38626,484,374
38627,484,375
38628,484,376
38629,484,377
38630,484,378
38631,484,379
38632,484,380
38633,484,381
38634,484,382
38635,484,383
38636,484,384
38637,484,385
38638,484,386
38639,484,387
38640,484,388
38641,484,389
38642,484,390
38643,484,391
38644,484,392
38645,484,393
38646,484,394
38647,484,395
38648,484,396
38649,484,397
38650,484,398
38651,484,399
38652,484,400
38653,484,401
38654,484,402
38655,484,403
38656,484,404
38657,484,405
38658,484,406
38659,484,407
38660,484,408
38661,484,409
38662,484,410
38663,484,411
38664,484,412
38665,484,413
38666,484,414
38667,484,415
38668,484,416
38669,484,417
38670,484,418
38671,484,419
38672,484,420
38673,484,421
38674,484,422
38675,484,423
38676,484,424
38677,484,425
38678,484,426
38679,484,427
38680,484,428
38681,484,429
38682,484,430
38683,484,431
38684,484,432
38685,484,433
38686,484,434
38687,484,435
38688,484,436
38689,484,437
38690,484,438
38691,484,439
38692,484,440
38693,484,441
38694,484,442
38695,484,443
38696,484,444
38697,484,445
38698,484,446
38699,484,447
38700,484,448
38701,484,449
38702,484,450
38703,484,451
38704,484,452
38705,484,453
38706,484,454
38707,484,455
38708,484,456
38709,484,457
38710,484,458
38711,484,459
38712,484,460
38713,484,461
38714,484,462
38715,484,463
38716,484,464
38717,484,465
38718,484,466
38719,484,467
38720,484,468
38721,484,469
38722,484,470
38723,484,471
38724,484,472
38725,484,473
38726,484,474
38727,484,475
38728,484,476
38729,484,477
38730,484,478
38731,484,479
38732,484,480
38733,484,481
38734,484,482
38735,484,483
38736,484,484
38737,484,485
38738,484,486
38739,484,487
38740,484,488
38741,484,489
38742,484,490
38743,484,491
38744,484,492
38745,484,493
38746,484,494
38747,485,360
38748,485,361
38749,485,362
38750,485,363
38751,485,364
38752,485,365
38753,485,366
38754,485,367
38755,485,368
38756,485,369
38757,485,370
38758,485,371
38759,485,372
38760,485,373
38761,485,374
38762,485,375
38763,485,376
38764,485,377
38765,485,378
38766,485,379
38767,485,380
38768,485,381
38769,485,382
38770,485,383
38771,485,384
38772,485,385
38773,485,386
38774,485,387
38775,485,388
38776,485,389
38777,485,390
38778,485,391
38779,485,392
38780,485,393
38781,485,394
38782,485,395
38783,485,396
38784,485,397
38785,485,398
38786,485,399
38787,485,400
38788,485,401
38789,485,402
38790,485,403
38791,485,404
38792,485,405
38793,485,406
38794,485,407
38795,485,408
38796,485,409
38797,485,410
38798,485,411
38799,485,412
38800,485,413
38801,485,414
38802,485,415
38803,485,416
38804,485,417
38805,485,418
38806,485,419
38807,485,420
38808,485,421
38809,485,422
38810,485,423
38811,485,424
38812,485,425
38813,485,426
38814,485,427
38815,485,428
38816,485,429
38817,485,430
38818,485,431
38819,485,432
38820,485,433
38821,485,434
38822,485,435
38823,485,436
38824,485,437
38825,485,438
38826,485,439
38827,485,440
38828,485,441
38829,485,442
38830,485,443
38831,485,444
38832,485,445
38833,485,446
38834,485,447
38835,485,448
38836,485,449
38837,485,450
38838,485,451
38839,485,452
38840,485,453
38841,485,454
38842,485,455
38843,485,456
38844,485,457
38845,485,458
38846,485,459
38847,485,460
38848,485,461
38849,485,462
38850,485,463
38851,485,464
38852,485,465
38853,485,466
38854,485,467
38855,485,468
38856,485,469
38857,485,470
38858,485,471
38859,485,472
38860,485,473
38861,485,474
38862,485,475
38863,485,476
38864,485,477
38865,485,478
38866,485,479
38867,485,480
38868,485,481
38869,485,482
38870,485,483
38871,485,484
38872,485,485
38873,485,486
38874,485,487
38875,485,488
38876,485,489
38877,485,490
38878,485,491
38879,485,492
38880,485,493
38881,485,494
38882,486,360
38883,486,361
38884,486,362
38885,486,363
38886,486,364
38887,486,365
38888,486,366
38889,486,367
38890,486,368
38891,486,369
38892,486,370
38893,486,371
38894,486,372
38895,486,373
38896,486,374
38897,486,375
38898,486,376
38899,486,377
38900,486,378
38901,486,379
38902,486,380
38903,486,381
38904,486,382
38905,486,383
38906,486,384
38907,486,385
38908,486,386
38909,486,387
38910,486,388
38911,486,389
38912,486,390
38913,486,391
38914,486,392
38915,486,393
38916,486,394
38917,486,395
38918,486,396
38919,486,397
38920,486,398
38921,486,399
38922,486,400
38923,486,401
38924,486,402
38925,486,403
38926,486,404
38927,486,405
38928,486,406
38929,486,407
38930,486,408
38931,486,409
38932,486,410
38933,486,411
38934,486,412
38935,486,413
38936,486,414
38937,486,415
38938,486,416
38939,486,417
38940,486,418
38941,486,419
38942,486,420
38943,486,421
38944,486,422
38945,486,423
38946,486,424
38947,486,425
38948,486,426
38949,486,427
38950,486,428
38951,486,429
38952,486,430
38953,486,431
38954,486,432
38955,486,433
38956,486,434
38957,486,435
38958,486,436
38959,486,437
38960,486,438
38961,486,439
38962,486,440
38963,486,441
38964,486,442
38965,486,443
38966,486,444
38967,486,445
38968,486,446
38969,486,447
38970,486,448
38971,486,449
38972,486,450
38973,486,451
38974,486,452
38975,486,453
38976,486,454
38977,486,455
38978,486,456
38979,486,457
38980,486,458
38981,486,459
38982,486,460
38983,486,461
38984,486,462
38985,486,463
38986,486,464
38987,486,465
38988,486,466
38989,486,467
38990,486,468
38991,486,469
38992,486,470
38993,486,471
38994,486,472
38995,486,473
38996,486,474
38997,486,475
38998,486,476
38999,486,477
39000,486,478
39001,486,479
39002,486,480
39003,486,481
39004,486,482
39005,486,483
39006,486,484
39007,486,485
39008,486,486
39009,486,487
39010,486,488
39011,486,489
39012,486,490
39013,486,491
39014,486,492
39015,486,493
39016,486,494
39017,487,360
39018,487,361
39019,487,362
39020,487,363
39021,487,364
39022,487,365
39023,487,366
39024,487,367
39025,487,368
39026,487,369
39027,487,370
39028,487,371
39029,487,372
39030,487,373
39031,487,374
39032,487,375
39033,487,376
39034,487,377
39035,487,378
39036,487,379
39037,487,380
39038,487,381
39039,487,382
39040,487,383
39041,487,384
39042,487,385
39043,487,386
39044,487,387
39045,487,388
39046,487,389
39047,487,390
39048,487,391
39049,487,392
39050,487,393
39051,487,394
39052,487,395
39053,487,396
39054,487,397
39055,487,398
39056,487,399
39057,487,400
39058,487,401
39059,487,402
39060,487,403
39061,487,404
39062,487,405
39063,487,406
39064,487,407
39065,487,408
39066,487,409
39067,487,410
39068,487,411
39069,487,412
39070,487,413
39071,487,414
39072,487,415
39073,487,416
39074,487,417
39075,487,418
39076,487,419
39077,487,420
39078,487,421
39079,487,422
39080,487,423
39081,487,424
39082,487,425
39083,487,426
39084,487,427
39085,487,428
39086,487,429
39087,487,430
39088,487,431
39089,487,432
39090,487,433
39091,487,434
39092,487,435
39093,487,436
39094,487,437
39095,487,438
39096,487,439
39097,487,440
39098,487,441
39099,487,442
39100,487,443
39101,487,444
39102,487,445
39103,487,446
39104,487,447
39105,487,448
39106,487,449
39107,487,450
39108,487,451
39109,487,452
39110,487,453
39111,487,454
39112,487,455
39113,487,456
39114,487,457
39115,487,458
39116,487,459
39117,487,460
39118,487,461
39119,487,462
39120,487,463
39121,487,464
39122,487,465
39123,487,466
39124,487,467
39125,487,468
39126,487,469
39127,487,470
39128,487,471
39129,487,472
39130,487,473
39131,487,474
39132,487,475
39133,487,476
39134,487,477
39135,487,478
39136,487,479
39137,487,480
39138,487,481
39139,487,482
39140,487,483
39141,487,484
39142,487,485
39143,487,486
39144,487,487
39145,487,488
39146,487,489
39147,487,490
39148,487,491
39149,487,492
39150,487,493
39151,487,494
39152,487,495
39153,488,360
39154,488,361
39155,488,362
39156,488,363
39157,488,364
39158,488,365
39159,488,366
39160,488,367
39161,488,368
39162,488,369
39163,488,370
39164,488,371
39165,488,372
39166,488,373
39167,488,374
39168,488,375
39169,488,376
39170,488,377
39171,488,378
39172,488,379
39173,488,380
39174,488,381
39175,488,382
39176,488,383
39177,488,384
39178,488,385
39179,488,386
39180,488,387
39181,488,388
39182,488,389
39183,488,390
39184,488,391
39185,488,392
39186,488,393
39187,488,394
39188,488,395
39189,488,396
39190,488,397
39191,488,398
39192,488,399
39193,488,400
39194,488,401
39195,488,402
39196,488,403
39197,488,404
39198,488,405
39199,488,406
39200,488,407
39201,488,408
39202,488,409
39203,488,410
39204,488,411
39205,488,412
39206,488,413
39207,488,414
39208,488,415
39209,488,416
39210,488,417
39211,488,418
39212,488,419
39213,488,420
39214,488,421
39215,488,422
39216,488,423
39217,488,424
39218,488,425
39219,488,426
39220,488,427
39221,488,428
39222,488,429
39223,488,430
39224,488,431
39225,488,432
39226,488,433
39227,488,434
39228,488,435
39229,488,436
39230,488,437
39231,488,438
39232,488,439
39233,488,440
39234,488,441
39235,488,442
39236,488,443
39237,488,444
39238,488,445
39239,488,446
39240,488,447
39241,488,448
39242,488,449
39243,488,450
39244,488,451
39245,488,452
39246,488,453
39247,488,454
39248,488,455
39249,488,456
39250,488,457
39251,488,458
39252,488,459
39253,488,460
39254,488,461
39255,488,462
39256,488,463
39257,488,464
39258,488,465
39259,488,466
39260,488,467
39261,488,468
39262,488,469
39263,488,470
39264,488,471
39265,488,472
39266,488,473
39267,488,474
39268,488,475
39269,488,476
39270,488,477
39271,488,478
39272,488,479
39273,488,480
39274,488,481
39275,488,482
39276,488,483
39277,488,484
39278,488,485
39279,488,486
39280,488,487
39281,488,488
39282,488,489
39283,488,490
39284,488,491
39285,488,492
39286,488,493
39287,488,494
39288,488,495
39289,489,360
39290,489,361
39291,489,362
39292,489,363
39293,489,364
39294,489,365
39295,489,366
39296,489,367
39297,489,368
39298,489,369
39299,489,370
39300,489,371
39301,489,372
39302,489,373
39303,489,374
39304,489,375
39305,489,376
39306,489,377
39307,489,378
39308,489,379
39309,489,380
39310,489,381
39311,489,382
39312,489,383
39313,489,384
39314,489,385
39315,489,386
39316,489,387
39317,489,388
39318,489,389
39319,489,390
39320,489,391
39321,489,392
39322,489,393
39323,489,394
39324,489,395
39325,489,396
39326,489,397
39327,489,398
39328,489,399
39329,489,400
39330,489,401
39331,489,402
39332,489,403
39333,489,404
39334,489,405
39335,489,406
39336,489,407
39337,489,408
39338,489,409
39339,489,410
39340,489,411
39341,489,412
39342,489,413
39343,489,414
39344,489,415
39345,489,416
39346,489,417
39347,489,418
39348,489,419
39349,489,420
39350,489,421
39351,489,422
39352,489,423
39353,489,424
39354,489,425
39355,489,426
39356,489,427
39357,489,428
39358,489,429
39359,489,430
39360,489,431
39361,489,432
39362,489,433
39363,489,434
39364,489,435
39365,489,436
39366,489,437
39367,489,438
39368,489,439
39369,489,440
39370,489,441
39371,489,442
39372,489,443
39373,489,444
39374,489,445
39375,489,446
39376,489,447
39377,489,448
39378,489,449
39379,489,450
39380,489,451
39381,489,452
39382,489,453
39383,489,454
39384,489,455
39385,489,456
39386,489,457
39387,489,458
39388,489,459
39389,489,460
39390,489,461
39391,489,462
39392,489,463
39393,489,464
39394,489,465
39395,489,466
39396,489,467
39397,489,468
39398,489,469
39399,489,470
39400,489,471
39401,489,472
39402,489,473
39403,489,474
39404,489,475
39405,489,476
39406,489,477
39407,489,478
39408,489,479
39409,489,480
39410,489,481
39411,489,482
39412,489,483
39413,489,484
39414,489,485
39415,489,486
39416,489,487
39417,489,488
39418,489,489
39419,489,490
39420,489,491
39421,489,492
39422,489,493
39423,489,494
39424,489,495
39425,490,359
39426,490,360
39427,490,361
39428,490,362
39429,490,363
39430,490,364
39431,490,365
39432,490,366
39433,490,367
39434,490,368
39435,490,369
39436,490,370
39437,490,371
39438,490,372
39439,490,373
39440,490,374
39441,490,375
39442,490,376
39443,490,377
39444,490,378
39445,490,379
39446,490,380
39447,490,381
39448,490,382
39449,490,383
39450,490,384
39451,490,385
39452,490,386
39453,490,387
39454,490,388
39455,490,389
39456,490,390
39457,490,391
39458,490,392
39459,490,393
39460,490,394
39461,490,395
39462,490,396
39463,490,397
39464,490,398
39465,490,399
39466,490,400
39467,490,401
39468,490,402
39469,490,403
39470,490,404
39471,490,405
39472,490,406
39473,490,407
39474,490,408
39475,490,409
39476,490,410
39477,490,411
39478,490,412
39479,490,413
39480,490,414
39481,490,415
39482,490,416
39483,490,417
39484,490,418
39485,490,419
39486,490,420
39487,490,421
39488,490,422
39489,490,423
39490,490,424
39491,490,425
39492,490,426
39493,490,427
39494,490,428
39495,490,429
39496,490,430
39497,490,431
39498,490,432
39499,490,433
39500,490,434
39501,490,435
39502,490,436
39503,490,437
39504,490,438
39505,490,439
39506,490,440
39507,490,441
39508,490,442
39509,490,443
39510,490,444
39511,490,445
39512,490,446
39513,490,447
39514,490,448
39515,490,449
39516,490,450
39517,490,451
39518,490,452
39519,490,453
39520,490,454
39521,490,455
39522,490,456
39523,490,457
39524,490,458
39525,490,459
39526,490,460
39527,490,461
39528,490,462
39529,490,463
39530,490,464
39531,490,465
39532,490,466
39533,490,467
39534,490,468
39535,490,469
39536,490,470
39537,490,471
39538,490,472
39539,490,473
39540,490,474
39541,490,475
39542,490,476
39543,490,477
39544,490,478
39545,490,479
39546,490,480
39547,490,481
39548,490,482
39549,490,483
39550,490,484
39551,490,485
39552,490,486
39553,490,487
39554,490,488
39555,490,489
39556,490,490
39557,490,491
39558,490,492
39559,490,493
39560,490,494
39561,490,495
39562,491,358
39563,491,359
39564,491,360
39565,491,361
39566,491,362
39567,491,363
39568,491,364
39569,491,365
39570,491,366
39571,491,367
39572,491,368
39573,491,369
39574,491,370
39575,491,371
39576,491,372
39577,491,373
39578,491,374
39579,491,375
39580,491,376
39581,491,377
39582,491,378
39583,491,379
39584,491,380
39585,491,381
39586,491,382
39587,491,383
39588,491,384
39589,491,385
39590,491,386
39591,491,387
39592,491,388
39593,491,389
39594,491,390
39595,491,391
39596,491,392
39597,491,393
39598,491,394
39599,491,395
39600,491,396
39601,491,397
39602,491,398
39603,491,399
39604,491,400
39605,491,401
39606,491,402
39607,491,403
39608,491,404
39609,491,405
39610,491,406
39611,491,407
39612,491,408
39613,491,409
39614,491,410
39615,491,411
39616,491,412
39617,491,413
39618,491,414
39619,491,415
39620,491,416
39621,491,417
39622,491,418
39623,491,419
39624,491,420
39625,491,421
39626,491,422
39627,491,423
39628,491,424
39629,491,425
39630,491,426
39631,491,427
39632,491,428
39633,491,429
39634,491,430
39635,491,431
39636,491,432
39637,491,433
39638,491,434
39639,491,435
39640,491,436
39641,491,437
39642,491,438
39643,491,439
39644,491,440
39645,491,441
39646,491,442
39647,491,443
39648,491,444
39649,491,445
39650,491,446
39651,491,447
39652,491,448
39653,491,449
39654,491,450
39655,491,451
39656,491,452
39657,491,453
39658,491,454
39659,491,455
39660,491,456
39661,491,457
39662,491,458
39663,491,459
39664,491,460
39665,491,461
39666,491,462
39667,491,463
39668,491,464
39669,491,465
39670,491,466
39671,491,467
39672,491,468
39673,491,469
39674,491,470
39675,491,471
39676,491,472
39677,491,473
39678,491,474
39679,491,475
39680,491,476
39681,491,477
39682,491,478
39683,491,479
39684,491,480
39685,491,481
39686,491,482
39687,491,483
39688,491,484
39689,491,485
39690,491,486
39691,491,487
39692,491,488
39693,491,489
39694,491,490
39695,491,491
39696,491,492
39697,491,493
39698,491,494
39699,491,495
39700,492,357
39701,492,358
39702,492,359
39703,492,360
39704,492,361
39705,492,362
39706,492,363
39707,492,364
39708,492,365
39709,492,366
39710,492,367
39711,492,368
39712,492,369
39713,492,370
39714,492,371
39715,492,372
39716,492,373
39717,492,374
39718,492,375
39719,492,376
39720,492,377
39721,492,378
39722,492,379
39723,492,380
39724,492,381
39725,492,382
39726,492,383
39727,492,384
39728,492,385
39729,492,386
39730,492,387
39731,492,388
39732,492,389
39733,492,390
39734,492,391
39735,492,392
39736,492,393
39737,492,394
39738,492,395
39739,492,396
39740,492,397
39741,492,398
39742,492,399
39743,492,400
39744,492,401
39745,492,402
39746,492,403
39747,492,404
39748,492,405
39749,492,406
39750,492,407
39751,492,408
39752,492,409
39753,492,410
39754,492,411
39755,492,412
39756,492,413
39757,492,414
39758,492,415
39759,492,416
39760,492,417
39761,492,418
39762,492,419
39763,492,420
39764,492,421
39765,492,422
39766,492,423
39767,492,424
39768,492,425
39769,492,426
39770,492,427
39771,492,428
39772,492,429
39773,492,430
39774,492,431
39775,492,432
39776,492,433
39777,492,434
39778,492,435
39779,492,436
39780,492,437
39781,492,438
39782,492,439
39783,492,440
39784,492,441
39785,492,442
39786,492,443
39787,492,444
39788,492,445
39789,492,446
39790,492,447
39791,492,448
39792,492,449
39793,492,450
39794,492,451
39795,492,452
39796,492,453
39797,492,454
39798,492,455
39799,492,456
39800,492,457
39801,492,458
39802,492,459
39803,492,460
39804,492,461
39805,492,462
39806,492,463
39807,492,464
39808,492,465
39809,492,466
39810,492,467
39811,492,468
39812,492,469
39813,492,470
39814,492,471
39815,492,472
39816,492,473
39817,492,474
39818,492,475
39819,492,476
39820,492,477
39821,492,478
39822,492,479
39823,492,480
39824,492,481
39825,492,482
39826,492,483
39827,492,484
39828,492,485
39829,492,486
39830,492,487
39831,492,488
39832,492,489
39833,492,490
39834,492,491
39835,492,492
39836,492,493
39837,492,494
39838,492,495
39839,493,357
39840,493,358
39841,493,359
39842,493,360
39843,493,361
39844,493,362
39845,493,363
39846,493,364
39847,493,365
39848,493,366
39849,493,367
39850,493,368
39851,493,369
39852,493,370
39853,493,371
39854,493,372
39855,493,373
39856,493,374
39857,493,375
39858,493,376
39859,493,377
39860,493,378
39861,493,379
39862,493,380
39863,493,381
39864,493,382
39865,493,383
39866,493,384
39867,493,385
39868,493,386
39869,493,387
39870,493,388
39871,493,389
39872,493,390
39873,493,391
39874,493,392
39875,493,393
39876,493,394
39877,493,395
39878,493,396
39879,493,397
39880,493,398
39881,493,399
39882,493,400
39883,493,401
39884,493,402
39885,493,403
39886,493,404
39887,493,405
39888,493,406
39889,493,407
39890,493,408
39891,493,409
39892,493,410
39893,493,411
39894,493,412
39895,493,413
39896,493,414
39897,493,415
39898,493,416
39899,493,417
39900,493,418
39901,493,419
39902,493,420
39903,493,421
39904,493,422
39905,493,423
39906,493,424
39907,493,425
39908,493,426
39909,493,427
39910,493,428
39911,493,429
39912,493,430
39913,493,431
39914,493,432
39915,493,433
39916,493,434
39917,493,435
39918,493,436
39919,493,437
39920,493,438
39921,493,439
39922,493,440
39923,493,441
39924,493,442
39925,493,443
39926,493,444
39927,493,445
39928,493,446
39929,493,447
39930,493,448
39931,493,449
39932,493,450
39933,493,451
39934,493,452
39935,493,453
39936,493,454
39937,493,455
39938,493,456
39939,493,457
39940,493,458
39941,493,459
39942,493,460
39943,493,461
39944,493,462
39945,493,463
39946,493,464
39947,493,465
39948,493,466
39949,493,467
39950,493,468
39951,493,469
39952,493,470
39953,493,471
39954,493,472
39955,493,473
39956,493,474
39957,493,475
39958,493,476
39959,493,477
39960,493,478
39961,493,479
39962,493,480
39963,493,481
39964,493,482
39965,493,483
39966,493,484
39967,493,485
39968,493,486
39969,493,487
39970,493,488
39971,493,489
39972,493,490
39973,493,491
39974,493,492
39975,493,493
39976,493,494
39977,493,495
39978,494,357
39979,494,358
39980,494,359
39981,494,360
39982,494,361
39983,494,362
39984,494,363
39985,494,364
39986,494,365
39987,494,366
39988,494,367
39989,494,368
39990,494,369
39991,494,370
39992,494,371
39993,494,372
39994,494,373
39995,494,374
39996,494,375
39997,494,376
39998,494,377
39999,494,378
40000,494,379
40001,494,380
40002,494,381
40003,494,382
40004,494,383
40005,494,384
40006,494,385
40007,494,386
40008,494,387
40009,494,388
40010,494,389
40011,494,390
40012,494,391
40013,494,392
40014,494,393
40015,494,394
40016,494,395
40017,494,396
40018,494,397
40019,494,398
40020,494,399
40021,494,400
40022,494,401
40023,494,402
40024,494,403
40025,494,404
40026,494,405
40027,494,406
40028,494,407
40029,494,408
40030,494,409
40031,494,410
40032,494,411
40033,494,412
40034,494,413
40035,494,414
40036,494,415
40037,494,416
40038,494,417
40039,494,418
40040,494,419
40041,494,420
40042,494,421
40043,494,422
40044,494,423
40045,494,424
40046,494,425
40047,494,426
40048,494,427
40049,494,428
40050,494,429
40051,494,430
40052,494,431
40053,494,432
40054,494,433
40055,494,434
40056,494,435
40057,494,436
40058,494,437
40059,494,438
40060,494,439
40061,494,440
40062,494,441
40063,494,442
40064,494,443
40065,494,444
40066,494,445
40067,494,446
40068,494,447
40069,494,448
40070,494,449
40071,494,450
40072,494,451
40073,494,452
40074,494,453
40075,494,454
40076,494,455
40077,494,456
40078,494,457
40079,494,458
40080,494,459
40081,494,460
40082,494,461
40083,494,462
40084,494,463
40085,494,464
40086,494,465
40087,494,466
40088,494,467
40089,494,468
40090,494,469
40091,494,470
40092,494,471
40093,494,472
40094,494,473
40095,494,474
40096,494,475
40097,494,476
40098,494,477
40099,494,478
40100,494,479
40101,494,480
40102,494,481
40103,494,482
40104,494,483
40105,494,484
40106,494,485
40107,494,486
40108,494,487
40109,494,488
40110,494,489
40111,494,490
40112,494,491
40113,494,492
40114,494,493
40115,494,494
40116,494,495
40117,495,357
40118,495,358
40119,495,359
40120,495,360
40121,495,361
40122,495,362
40123,495,363
40124,495,364
40125,495,365
40126,495,366
40127,495,367
40128,495,368
40129,495,369
40130,495,370
40131,495,371
40132,495,372
40133,495,373
40134,495,374
40135,495,375
40136,495,376
40137,495,377
40138,495,378
40139,495,379
40140,495,380
40141,495,381
40142,495,382
40143,495,383
40144,495,384
40145,495,385
40146,495,386
40147,495,387
40148,495,388
40149,495,389
40150,495,390
40151,495,391
40152,495,392
40153,495,393
40154,495,394
40155,495,395
40156,495,396
40157,495,397
40158,495,398
40159,495,399
40160,495,400
40161,495,401
40162,495,402
40163,495,403
40164,495,404
40165,495,405
40166,495,406
40167,495,407
40168,495,408
40169,495,409
40170,495,410
40171,495,411
40172,495,412
40173,495,413
40174,495,414
40175,495,415
40176,495,416
40177,495,417
40178,495,418
40179,495,419
40180,495,420
40181,495,421
40182,495,422
40183,495,423
40184,495,424
40185,495,425
40186,495,426
40187,495,427
40188,495,428
40189,495,429
40190,495,430
40191,495,431
40192,495,432
40193,495,433
40194,495,434
40195,495,435
40196,495,436
40197,495,437
40198,495,438
40199,495,439
40200,495,440
40201,495,441
40202,495,442
40203,495,443
40204,495,444
40205,495,445
40206,495,446
40207,495,447
40208,495,448
40209,495,449
40210,495,450
40211,495,451
40212,495,452
40213,495,453
40214,495,454
40215,495,455
40216,495,456
40217,495,457
40218,495,458
40219,495,459
40220,495,460
40221,495,461
40222,495,462
40223,495,463
40224,495,464
40225,495,465
40226,495,466
40227,495,467
40228,495,468
40229,495,469
40230,495,470
40231,495,471
40232,495,472
40233,495,473
40234,495,474
40235,495,475
40236,495,476
40237,495,477
40238,495,478
40239,495,479
40240,495,480
40241,495,481
40242,495,482
40243,495,483
40244,495,484
40245,495,485
40246,495,486
40247,495,487
40248,495,488
40249,495,489
40250,495,490
40251,495,491
40252,495,492
40253,495,493
40254,495,494
40255,495,495
40256,496,358
40257,496,359
40258,496,360
40259,496,361
40260,496,362
40261,496,363
40262,496,364
40263,496,365
40264,496,366
40265,496,367
40266,496,368
40267,496,369
40268,496,370
40269,496,371
40270,496,372
40271,496,373
40272,496,374
40273,496,375
40274,496,376
40275,496,377
40276,496,378
40277,496,379
40278,496,380
40279,496,381
40280,496,382
40281,496,383
40282,496,384
40283,496,385
40284,496,386
40285,496,387
40286,496,388
40287,496,389
40288,496,390
40289,496,391
40290,496,392
40291,496,393
40292,496,394
40293,496,395
40294,496,396
40295,496,397
40296,496,398
40297,496,399
40298,496,400
40299,496,401
40300,496,402
40301,496,403
40302,496,404
40303,496,405
40304,496,406
40305,496,407
40306,496,408
40307,496,409
40308,496,410
40309,496,411
40310,496,412
40311,496,413
40312,496,414
40313,496,415
40314,496,416
40315,496,417
40316,496,418
40317,496,419
40318,496,420
40319,496,421
40320,496,422
40321,496,423
40322,496,424
40323,496,425
40324,496,426
40325,496,427
40326,496,428
40327,496,429
40328,496,430
40329,496,431
40330,496,432
40331,496,433
40332,496,434
40333,496,435
40334,496,436
40335,496,437
40336,496,438
40337,496,439
40338,496,440
40339,496,441
40340,496,442
40341,496,443
40342,496,444
40343,496,445
40344,496,446
40345,496,447
40346,496,448
40347,496,449
40348,496,450
40349,496,451
40350,496,452
40351,496,453
40352,496,454
40353,496,455
40354,496,456
40355,496,457
40356,496,458
40357,496,459
40358,496,460
40359,496,461
40360,496,462
40361,496,463
40362,496,464
40363,496,465
40364,496,466
40365,496,467
40366,496,468
40367,496,469
40368,496,470
40369,496,471
40370,496,472
40371,496,473
40372,496,474
40373,496,475
40374,496,476
40375,496,477
40376,496,478
40377,496,479
40378,496,480
40379,496,481
40380,496,482
40381,496,483
40382,496,484
40383,496,485
40384,496,486
40385,496,487
40386,496,488
40387,496,489
40388,496,490
40389,496,491
40390,496,492
40391,496,493
40392,496,494
40393,496,495
40394,497,357
40395,497,358
40396,497,359
40397,497,360
40398,497,361
40399,497,362
40400,497,363
40401,497,364
40402,497,365
40403,497,366
40404,497,367
40405,497,368
40406,497,369
40407,497,370
40408,497,371
40409,497,372
40410,497,373
40411,497,374
40412,497,375
40413,497,376
40414,497,377
40415,497,378
40416,497,379
40417,497,380
40418,497,381
40419,497,382
40420,497,383
40421,497,384
40422,497,385
40423,497,386
40424,497,387
40425,497,388
40426,497,389
40427,497,390
40428,497,391
40429,497,392
40430,497,393
40431,497,394
40432,497,395
40433,497,396
40434,497,397
40435,497,398
40436,497,399
40437,497,400
40438,497,401
40439,497,402
40440,497,403
40441,497,404
40442,497,405
40443,497,406
40444,497,407
40445,497,408
40446,497,409
40447,497,410
40448,497,411
40449,497,412
40450,497,413
40451,497,414
40452,497,415
40453,497,416
40454,497,417
40455,497,418
40456,497,419
40457,497,420
40458,497,421
40459,497,422
40460,497,423
40461,497,424
40462,497,425
40463,497,426
40464,497,427
40465,497,428
40466,497,429
40467,497,430
40468,497,431
40469,497,432
40470,497,433
40471,497,434
40472,497,435
40473,497,436
40474,497,437
40475,497,438
40476,497,439
40477,497,440
40478,497,441
40479,497,442
40480,497,443
40481,497,444
40482,497,445
40483,497,446
40484,497,447
40485,497,448
40486,497,449
40487,497,450
40488,497,451
40489,497,452
40490,497,453
40491,497,454
40492,497,455
40493,497,456
40494,497,457
40495,497,458
40496,497,459
40497,497,460
40498,497,461
40499,497,462
40500,497,463
40501,497,464
40502,497,465
40503,497,466
40504,497,467
40505,497,468
40506,497,469
40507,497,470
40508,497,471
40509,497,472
40510,497,473
40511,497,474
40512,497,475
40513,497,476
40514,497,477
40515,497,478
40516,497,479
40517,497,480
40518,497,481
40519,497,482
40520,497,483
40521,497,484
40522,497,485
40523,497,486
40524,497,487
40525,497,488
40526,497,489
40527,497,490
40528,497,491
40529,497,492
40530,497,493
40531,497,494
40532,497,495
40533,498,357
40534,498,358
40535,498,359
40536,498,360
40537,498,361
40538,498,362
40539,498,363
40540,498,364
40541,498,365
40542,498,366
40543,498,367
40544,498,368
40545,498,369
40546,498,370
40547,498,371
40548,498,372
40549,498,373
40550,498,374
40551,498,375
40552,498,376
40553,498,377
40554,498,378
40555,498,379
40556,498,380
40557,498,381
40558,498,382
40559,498,383
40560,498,384
40561,498,385
40562,498,386
40563,498,387
40564,498,388
40565,498,389
40566,498,390
40567,498,391
40568,498,392
40569,498,393
40570,498,394
40571,498,395
40572,498,396
40573,498,397
40574,498,398
40575,498,399
40576,498,400
40577,498,401
40578,498,402
40579,498,403
40580,498,404
40581,498,405
40582,498,406
40583,498,407
40584,498,408
40585,498,409
40586,498,410
40587,498,411
40588,498,412
40589,498,413
40590,498,414
40591,498,415
40592,498,416
40593,498,417
40594,498,418
40595,498,419
40596,498,420
40597,498,421
40598,498,422
40599,498,423
40600,498,424
40601,498,425
40602,498,426
40603,498,427
40604,498,428
40605,498,429
40606,498,430
40607,498,431
40608,498,432
40609,498,433
40610,498,434
40611,498,435
40612,498,436
40613,498,437
40614,498,438
40615,498,439
40616,498,440
40617,498,441
40618,498,442
40619,498,443
40620,498,444
40621,498,445
40622,498,446
40623,498,447
40624,498,448
40625,498,449
40626,498,450
40627,498,451
40628,498,452
40629,498,453
40630,498,454
40631,498,455
40632,498,456
40633,498,457
40634,498,458
40635,498,459
40636,498,460
40637,498,461
40638,498,462
40639,498,463
40640,498,464
40641,498,465
40642,498,466
40643,498,467
40644,498,468
40645,498,469
40646,498,470
40647,498,471
40648,498,472
40649,498,473
40650,498,474
40651,498,475
40652,498,476
40653,498,477
40654,498,478
40655,498,479
40656,498,480
40657,498,481
40658,498,482
40659,498,483
40660,498,484
40661,498,485
40662,498,486
40663,498,487
40664,498,488
40665,498,489
40666,498,490
40667,498,491
40668,498,492
40669,498,493
40670,498,494
40671,498,495
40672,498,496
40673,499,356
40674,499,357
40675,499,358
40676,499,359
40677,499,360
40678,499,361
40679,499,362
40680,499,363
40681,499,364
40682,499,365
40683,499,366
40684,499,367
40685,499,368
40686,499,369
40687,499,370
40688,499,371
40689,499,372
40690,499,373
40691,499,374
40692,499,375
40693,499,376
40694,499,377
40695,499,378
40696,499,379
40697,499,380
40698,499,381
40699,499,382
40700,499,383
40701,499,384
40702,499,385
40703,499,386
40704,499,387
40705,499,388
40706,499,389
40707,499,390
40708,499,391
40709,499,392
40710,499,393
40711,499,394
40712,499,395
40713,499,396
40714,499,397
40715,499,398
40716,499,399
40717,499,400
40718,499,401
40719,499,402
40720,499,403
40721,499,404
40722,499,405
40723,499,406
40724,499,407
40725,499,408
40726,499,409
40727,499,410
40728,499,411
40729,499,412
40730,499,413
40731,499,414
40732,499,415
40733,499,416
40734,499,417
40735,499,418
40736,499,419
40737,499,420
40738,499,421
40739,499,422
40740,499,423
40741,499,424
40742,499,425
40743,499,426
40744,499,427
40745,499,428
40746,499,429
40747,499,430
40748,499,431
40749,499,432
40750,499,433
40751,499,434
40752,499,435
40753,499,436
40754,499,437
40755,499,438
40756,499,439
40757,499,440
40758,499,441
40759,499,442
40760,499,443
40761,499,444
40762,499,445
40763,499,446
40764,499,447
40765,499,448
40766,499,449
40767,499,450
40768,499,451
40769,499,452
40770,499,453
40771,499,454
40772,499,455
40773,499,456
40774,499,457
40775,499,458
40776,499,459
40777,499,460
40778,499,461
40779,499,462
40780,499,463
40781,499,464
40782,499,465
40783,499,466
40784,499,467
40785,499,468
40786,499,469
40787,499,470
40788,499,471
40789,499,472
40790,499,473
40791,499,474
40792,499,475
40793,499,476
40794,499,477
40795,499,478
40796,499,479
40797,499,480
40798,499,481
40799,499,482
40800,499,483
40801,499,484
40802,499,485
40803,499,486
40804,499,487
40805,499,488
40806,499,489
40807,499,490
40808,499,491
40809,499,492
40810,499,493
40811,499,494
40812,499,495
40813,499,496
40814,500,356
40815,500,357
40816,500,358
40817,500,359
40818,500,360
40819,500,361
40820,500,362
40821,500,363
40822,500,364
40823,500,365
40824,500,366
40825,500,367
40826,500,368
40827,500,369
40828,500,370
40829,500,371
40830,500,372
40831,500,373
40832,500,374
40833,500,375
40834,500,376
40835,500,377
40836,500,378
40837,500,379
40838,500,380
40839,500,381
40840,500,382
40841,500,383
40842,500,384
40843,500,385
40844,500,386
40845,500,387
40846,500,388
40847,500,389
40848,500,390
40849,500,391
40850,500,392
40851,500,393
40852,500,394
40853,500,395
40854,500,396
40855,500,397
40856,500,398
40857,500,399
40858,500,400
40859,500,401
40860,500,402
40861,500,403
40862,500,404
40863,500,405
40864,500,406
40865,500,407
40866,500,408
40867,500,409
40868,500,410
40869,500,411
40870,500,412
40871,500,413
40872,500,414
40873,500,415
40874,500,416
40875,500,417
40876,500,418
40877,500,419
40878,500,420
40879,500,421
40880,500,422
40881,500,423
40882,500,424
40883,500,425
40884,500,426
40885,500,427
40886,500,428
40887,500,429
40888,500,430
40889,500,431
40890,500,432
40891,500,433
40892,500,434
40893,500,435
40894,500,436
40895,500,437
40896,500,438
40897,500,439
40898,500,440
40899,500,441
40900,500,442
40901,500,443
40902,500,444
40903,500,445
40904,500,446
40905,500,447
40906,500,448
40907,500,449
40908,500,450
40909,500,451
40910,500,452
40911,500,453
40912,500,454
40913,500,455
40914,500,456
40915,500,457
40916,500,458
40917,500,459
40918,500,460
40919,500,461
40920,500,462
40921,500,463
40922,500,464
40923,500,465
40924,500,466
40925,500,467
40926,500,468
40927,500,469
40928,500,470
40929,500,471
40930,500,472
40931,500,473
40932,500,474
40933,500,475
40934,500,476
40935,500,477
40936,500,478
40937,500,479
40938,500,480
40939,500,481
40940,500,482
40941,500,483
40942,500,484
40943,500,485
40944,500,486
40945,500,487
40946,500,488
40947,500,489
40948,500,490
40949,500,491
40950,500,492
40951,500,493
40952,500,494
40953,500,495
40954,500,496
40955,501,356
40956,501,357
40957,501,358
40958,501,359
40959,501,360
40960,501,361
40961,501,362
40962,501,363
40963,501,364
40964,501,365
40965,501,366
40966,501,367
40967,501,368
40968,501,369
40969,501,370
40970,501,371
40971,501,372
40972,501,373
40973,501,374
40974,501,375
40975,501,376
40976,501,377
40977,501,378
40978,501,379
40979,501,380
40980,501,381
40981,501,382
40982,501,383
40983,501,384
40984,501,385
40985,501,386
40986,501,387
40987,501,388
40988,501,389
40989,501,390
40990,501,391
40991,501,392
40992,501,393
40993,501,394
40994,501,395
40995,501,396
40996,501,397
40997,501,398
40998,501,399
40999,501,400
41000,501,401
41001,501,402
41002,501,403
41003,501,404
41004,501,405
41005,501,406
41006,501,407
41007,501,408
41008,501,409
41009,501,410
41010,501,411
41011,501,412
41012,501,413
41013,501,414
41014,501,415
41015,501,416
41016,501,417
41017,501,418
41018,501,419
41019,501,420
41020,501,421
41021,501,422
41022,501,423
41023,501,424
41024,501,425
41025,501,426
41026,501,427
41027,501,428
41028,501,429
41029,501,430
41030,501,431
41031,501,432
41032,501,433
41033,501,434
41034,501,435
41035,501,436
41036,501,437
41037,501,438
41038,501,439
41039,501,440
41040,501,441
41041,501,442
41042,501,443
41043,501,444
41044,501,445
41045,501,446
41046,501,447
41047,501,448
41048,501,449
41049,501,450
41050,501,451
41051,501,452
41052,501,453
41053,501,454
41054,501,455
41055,501,456
41056,501,457
41057,501,458
41058,501,459
41059,501,460
41060,501,461
41061,501,462
41062,501,463
41063,501,464
41064,501,465
41065,501,466
41066,501,467
41067,501,468
41068,501,469
41069,501,470
41070,501,471
41071,501,472
41072,501,473
41073,501,474
41074,501,475
41075,501,476
41076,501,477
41077,501,478
41078,501,479
41079,501,480
41080,501,481
41081,501,482
41082,501,483
41083,501,484
41084,501,485
41085,501,486
41086,501,487
41087,501,488
41088,501,489
41089,501,490
41090,501,491
41091,501,492
41092,501,493
41093,501,494
41094,501,495
41095,501,496
41096,502,356
41097,502,357
41098,502,358
41099,502,359
41100,502,360
41101,502,361
41102,502,362
41103,502,363
41104,502,364
41105,502,365
41106,502,366
41107,502,367
41108,502,368
41109,502,369
41110,502,370
41111,502,371
41112,502,372
41113,502,373
41114,502,374
41115,502,375
41116,502,376
41117,502,377
41118,502,378
41119,502,379
41120,502,380
41121,502,381
41122,502,382
41123,502,383
41124,502,384
41125,502,385
41126,502,386
41127,502,387
41128,502,388
41129,502,389
41130,502,390
41131,502,391
41132,502,392
41133,502,393
41134,502,394
41135,502,395
41136,502,396
41137,502,397
41138,502,398
41139,502,399
41140,502,400
41141,502,401
41142,502,402
41143,502,403
41144,502,404
41145,502,405
41146,502,406
41147,502,407
41148,502,408
41149,502,409
41150,502,410
41151,502,411
41152,502,412
41153,502,413
41154,502,414
41155,502,415
41156,502,416
41157,502,417
41158,502,418
41159,502,419
41160,502,420
41161,502,421
41162,502,422
41163,502,423
41164,502,424
41165,502,425
41166,502,426
41167,502,427
41168,502,428
41169,502,429
41170,502,430
41171,502,431
41172,502,432
41173,502,433
41174,502,434
41175,502,435
41176,502,436
41177,502,437
41178,502,438
41179,502,439
41180,502,440
41181,502,441
41182,502,442
41183,502,443
41184,502,444
41185,502,445
41186,502,446
41187,502,447
41188,502,448
41189,502,449
41190,502,450
41191,502,451
41192,502,452
41193,502,453
41194,502,454
41195,502,455
41196,502,456
41197,502,457
41198,502,458
41199,502,459
41200,502,460
41201,502,461
41202,502,462
41203,502,463
41204,502,464
41205,502,465
41206,502,466
41207,502,467
41208,502,468
41209,502,469
41210,502,470
41211,502,471
41212,502,472
41213,502,473
41214,502,474
41215,502,475
41216,502,476
41217,502,477
41218,502,478
41219,502,479
41220,502,480
41221,502,481
41222,502,482
41223,502,483
41224,502,484
41225,502,485
41226,502,486
41227,502,487
41228,502,488
41229,502,489
41230,502,490
41231,502,491
41232,502,492
41233,502,493
41234,502,494
41235,502,495
41236,502,496
41237,503,356
41238,503,357
41239,503,358
41240,503,359
41241,503,360
41242,503,361
41243,503,362
41244,503,363
41245,503,364
41246,503,365
41247,503,366
41248,503,367
41249,503,368
41250,503,369
41251,503,370
41252,503,371
41253,503,372
41254,503,373
41255,503,374
41256,503,375
41257,503,376
41258,503,377
41259,503,378
41260,503,379
41261,503,380
41262,503,381
41263,503,382
41264,503,383
41265,503,384
41266,503,385
41267,503,386
41268,503,387
41269,503,388
41270,503,389
41271,503,390
41272,503,391
41273,503,392
41274,503,393
41275,503,394
41276,503,395
41277,503,396
41278,503,397
41279,503,398
41280,503,399
41281,503,400
41282,503,401
41283,503,402
41284,503,403
41285,503,404
41286,503,405
41287,503,406
41288,503,407
41289,503,408
41290,503,409
41291,503,410
41292,503,411
41293,503,412
41294,503,413
41295,503,414
41296,503,415
41297,503,416
41298,503,417
41299,503,418
41300,503,419
41301,503,420
41302,503,421
41303,503,422
41304,503,423
41305,503,424
41306,503,425
41307,503,426
41308,503,427
41309,503,428
41310,503,429
41311,503,430
41312,503,431
41313,503,432
41314,503,433
41315,503,434
41316,503,435
41317,503,436
41318,503,437
41319,503,438
41320,503,439
41321,503,440
41322,503,441
41323,503,442
41324,503,443
41325,503,444
41326,503,445
41327,503,446
41328,503,447
41329,503,448
41330,503,449
41331,503,450
41332,503,451
41333,503,452
41334,503,453
41335,503,454
41336,503,455
41337,503,456
41338,503,457
41339,503,458
41340,503,459
41341,503,460
41342,503,461
41343,503,462
41344,503,463
41345,503,464
41346,503,465
41347,503,466
41348,503,467
41349,503,468
41350,503,469
41351,503,470
41352,503,471
41353,503,472
41354,503,473
41355,503,474
41356,503,475
41357,503,476
41358,503,477
41359,503,478
41360,503,479
41361,503,480
41362,503,481
41363,503,482
41364,503,483
41365,503,484
41366,503,485
41367,503,486
41368,503,487
41369,503,488
41370,503,489
41371,503,490
41372,503,491
41373,503,492
41374,503,493
41375,503,494
41376,503,495
41377,503,496
41378,504,355
41379,504,356
41380,504,357
41381,504,358
41382,504,359
41383,504,360
41384,504,361
41385,504,362
41386,504,363
41387,504,364
41388,504,365
41389,504,366
41390,504,367
41391,504,368
41392,504,369
41393,504,370
41394,504,371
41395,504,372
41396,504,373
41397,504,374
41398,504,375
41399,504,376
41400,504,377
41401,504,378
41402,504,379
41403,504,380
41404,504,381
41405,504,382
41406,504,383
41407,504,384
41408,504,385
41409,504,386
41410,504,387
41411,504,388
41412,504,389
41413,504,390
41414,504,391
41415,504,392
41416,504,393
41417,504,394
41418,504,395
41419,504,396
41420,504,397
41421,504,398
41422,504,399
41423,504,400
41424,504,401
41425,504,402
41426,504,403
41427,504,404
41428,504,405
41429,504,406
41430,504,407
41431,504,408
41432,504,409
41433,504,410
41434,504,411
41435,504,412
41436,504,413
41437,504,414
41438,504,415
41439,504,416
41440,504,417
41441,504,418
41442,504,419
41443,504,420
41444,504,421
41445,504,422
41446,504,423
41447,504,424
41448,504,425
41449,504,426
41450,504,427
41451,504,428
41452,504,429
41453,504,430
41454,504,431
41455,504,432
41456,504,433
41457,504,434
41458,504,435
41459,504,436
41460,504,437
41461,504,438
41462,504,439
41463,504,440
41464,504,441
41465,504,442
41466,504,443
41467,504,444
41468,504,445
41469,504,446
41470,504,447
41471,504,448
41472,504,449
41473,504,450
41474,504,451
41475,504,452
41476,504,453
41477,504,454
41478,504,455
41479,504,456
41480,504,457
41481,504,458
41482,504,459
41483,504,460
41484,504,461
41485,504,462
41486,504,463
41487,504,464
41488,504,465
41489,504,466
41490,504,467
41491,504,468
41492,504,469
41493,504,470
41494,504,471
41495,504,472
41496,504,473
41497,504,474
41498,504,475
41499,504,476
41500,504,477
41501,504,478
41502,504,479
41503,504,480
41504,504,481
41505,504,482
41506,504,483
41507,504,484
41508,504,485
41509,504,486
41510,504,487
41511,504,488
41512,504,489
41513,504,490
41514,504,491
41515,504,492
41516,504,493
41517,504,494
41518,504,495
41519,504,496
41520,505,355
41521,505,356
41522,505,357
41523,505,358
41524,505,359
41525,505,360
41526,505,361
41527,505,362
41528,505,363
41529,505,364
41530,505,365
41531,505,366
41532,505,367
41533,505,368
41534,505,369
41535,505,370
41536,505,371
41537,505,372
41538,505,373
41539,505,374
41540,505,375
41541,505,376
41542,505,377
41543,505,378
41544,505,379
41545,505,380
41546,505,381
41547,505,382
41548,505,383
41549,505,384
41550,505,385
41551,505,386
41552,505,387
41553,505,388
41554,505,389
41555,505,390
41556,505,391
41557,505,392
41558,505,393
41559,505,394
41560,505,395
41561,505,396
41562,505,397
41563,505,398
41564,505,399
41565,505,400
41566,505,401
41567,505,402
41568,505,403
41569,505,404
41570,505,405
41571,505,406
41572,505,407
41573,505,408
41574,505,409
41575,505,410
41576,505,411
41577,505,412
41578,505,413
41579,505,414
41580,505,415
41581,505,416
41582,505,417
41583,505,418
41584,505,419
41585,505,420
41586,505,421
41587,505,422
41588,505,423
41589,505,424
41590,505,425
41591,505,426
41592,505,427
41593,505,428
41594,505,429
41595,505,430
41596,505,431
41597,505,432
41598,505,433
41599,505,434
41600,505,435
41601,505,436
41602,505,437
41603,505,438
41604,505,439
41605,505,440
41606,505,441
41607,505,442
41608,505,443
41609,505,444
41610,505,445
41611,505,446
41612,505,447
41613,505,448
41614,505,449
41615,505,450
41616,505,451
41617,505,452
41618,505,453
41619,505,454
41620,505,455
41621,505,456
41622,505,457
41623,505,458
41624,505,459
41625,505,460
41626,505,461
41627,505,462
41628,505,463
41629,505,464
41630,505,465
41631,505,466
41632,505,467
41633,505,468
41634,505,469
41635,505,470
41636,505,471
41637,505,472
41638,505,473
41639,505,474
41640,505,475
41641,505,476
41642,505,477
41643,505,478
41644,505,479
41645,505,480
41646,505,481
41647,505,482
41648,505,483
41649,505,484
41650,505,485
41651,505,486
41652,505,487
41653,505,488
41654,505,489
41655,505,490
41656,505,491
41657,505,492
41658,505,493
41659,505,494
41660,505,495
41661,505,496
41662,506,355
41663,506,356
41664,506,357
41665,506,358
41666,506,359
41667,506,360
41668,506,361
41669,506,362
41670,506,363
41671,506,364
41672,506,365
41673,506,366
41674,506,367
41675,506,368
41676,506,369
41677,506,370
41678,506,371
41679,506,372
41680,506,373
41681,506,374
41682,506,375
41683,506,376
41684,506,377
41685,506,378
41686,506,379
41687,506,380
41688,506,381
41689,506,382
41690,506,383
41691,506,384
41692,506,385
41693,506,386
41694,506,387
41695,506,388
41696,506,389
41697,506,390
41698,506,391
41699,506,392
41700,506,393
41701,506,394
41702,506,395
41703,506,396
41704,506,397
41705,506,398
41706,506,399
41707,506,400
41708,506,401
41709,506,402
41710,506,403
41711,506,404
41712,506,405
41713,506,406
41714,506,407
41715,506,408
41716,506,409
41717,506,410
41718,506,411
41719,506,412
41720,506,413
41721,506,414
41722,506,415
41723,506,416
41724,506,417
41725,506,418
41726,506,419
41727,506,420
41728,506,421
41729,506,422
41730,506,423
41731,506,424
41732,506,425
41733,506,426
41734,506,427
41735,506,428
41736,506,429
41737,506,430
41738,506,431
41739,506,432
41740,506,433
41741,506,434
41742,506,435
41743,506,436
41744,506,437
41745,506,438
41746,506,439
41747,506,440
41748,506,441
41749,506,442
41750,506,443
41751,506,444
41752,506,445
41753,506,446
41754,506,447
41755,506,448
41756,506,449
41757,506,450
41758,506,451
41759,506,452
41760,506,453
41761,506,454
41762,506,455
41763,506,456
41764,506,457
41765,506,458
41766,506,459
41767,506,460
41768,506,461
41769,506,462
41770,506,463
41771,506,464
41772,506,465
41773,506,466
41774,506,467
41775,506,468
41776,506,469
41777,506,470
41778,506,471
41779,506,472
41780,506,473
41781,506,474
41782,506,475
41783,506,476
41784,506,477
41785,506,478
41786,506,479
41787,506,480
41788,506,481
41789,506,482
41790,506,483
41791,506,484
41792,506,485
41793,506,486
41794,506,487
41795,506,488
41796,506,489
41797,506,490
41798,506,491
41799,506,492
41800,506,493
41801,506,494
41802,506,495
41803,506,496
41804,507,354
41805,507,355
41806,507,356
41807,507,357
41808,507,358
41809,507,359
41810,507,360
41811,507,361
41812,507,362
41813,507,363
41814,507,364
41815,507,365
41816,507,366
41817,507,367
41818,507,368
41819,507,369
41820,507,370
41821,507,371
41822,507,372
41823,507,373
41824,507,374
41825,507,375
41826,507,376
41827,507,377
41828,507,378
41829,507,379
41830,507,380
41831,507,381
41832,507,382
41833,507,383
41834,507,384
41835,507,385
41836,507,386
41837,507,387
41838,507,388
41839,507,389
41840,507,390
41841,507,391
41842,507,392
41843,507,393
41844,507,394
41845,507,395
41846,507,396
41847,507,397
41848,507,398
41849,507,399
41850,507,400
41851,507,401
41852,507,402
41853,507,403
41854,507,404
41855,507,405
41856,507,406
41857,507,407
41858,507,408
41859,507,409
41860,507,410
41861,507,411
41862,507,412
41863,507,413
41864,507,414
41865,507,415
41866,507,416
41867,507,417
41868,507,418
41869,507,419
41870,507,420
41871,507,421
41872,507,422
41873,507,423
41874,507,424
41875,507,425
41876,507,426
41877,507,427
41878,507,428
41879,507,429
41880,507,430
41881,507,431
41882,507,432
41883,507,433
41884,507,434
41885,507,435
41886,507,436
41887,507,437
41888,507,438
41889,507,439
41890,507,440
41891,507,441
41892,507,442
41893,507,443
41894,507,444
41895,507,445
41896,507,446
41897,507,447
41898,507,448
41899,507,449
41900,507,450
41901,507,451
41902,507,452
41903,507,453
41904,507,454
41905,507,455
41906,507,456
41907,507,457
41908,507,458
41909,507,459
41910,507,460
41911,507,461
41912,507,462
41913,507,463
41914,507,464
41915,507,465
41916,507,466
41917,507,467
41918,507,468
41919,507,469
41920,507,470
41921,507,471
41922,507,472
41923,507,473
41924,507,474
41925,507,475
41926,507,476
41927,507,477
41928,507,478
41929,507,479
41930,507,480
41931,507,481
41932,507,482
41933,507,483
41934,507,484
41935,507,485
41936,507,486
41937,507,487
41938,507,488
41939,507,489
41940,507,490
41941,507,491
41942,507,492
41943,507,493
41944,507,494
41945,507,495
41946,507,496
41947,508,350
41948,508,351
41949,508,352
41950,508,353
41951,508,354
41952,508,355
41953,508,356
41954,508,357
41955,508,358
41956,508,359
41957,508,360
41958,508,361
41959,508,362
41960,508,363
41961,508,364
41962,508,365
41963,508,366
41964,508,367
41965,508,368
41966,508,369
41967,508,370
41968,508,371
41969,508,372
41970,508,373
41971,508,374
41972,508,375
41973,508,376
41974,508,377
41975,508,378
41976,508,379
41977,508,380
41978,508,381
41979,508,382
41980,508,383
41981,508,384
41982,508,385
41983,508,386
41984,508,387
41985,508,388
41986,508,389
41987,508,390
41988,508,391
41989,508,392
41990,508,393
41991,508,394
41992,508,395
41993,508,396
41994,508,397
41995,508,398
41996,508,399
41997,508,400
41998,508,401
41999,508,402
42000,508,403
42001,508,404
42002,508,405
42003,508,406
42004,508,407
42005,508,408
42006,508,409
42007,508,410
42008,508,411
42009,508,412
42010,508,413
42011,508,414
42012,508,415
42013,508,416
42014,508,417
42015,508,418
42016,508,419
42017,508,420
42018,508,421
42019,508,422
42020,508,423
42021,508,424
42022,508,425
42023,508,426
42024,508,427
42025,508,428
42026,508,429
42027,508,430
42028,508,431
42029,508,432
42030,508,433
42031,508,434
42032,508,435
42033,508,436
42034,508,437
42035,508,438
42036,508,439
42037,508,440
42038,508,441
42039,508,442
42040,508,443
42041,508,444
42042,508,445
42043,508,446
42044,508,447
42045,508,448
42046,508,449
42047,508,450
42048,508,451
42049,508,452
42050,508,453
42051,508,454
42052,508,455
42053,508,456
42054,508,457
42055,508,458
42056,508,459
42057,508,460
42058,508,461
42059,508,462
42060,508,463
42061,508,464
42062,508,465
42063,508,466
42064,508,467
42065,508,468
42066,508,469
42067,508,470
42068,508,471
42069,508,472
42070,508,473
42071,508,474
42072,508,475
42073,508,476
42074,508,477
42075,508,478
42076,508,479
42077,508,480
42078,508,481
42079,508,482
42080,508,483
42081,508,484
42082,508,485
42083,508,486
42084,508,487
42085,508,488
42086,508,489
42087,508,490
42088,508,491
42089,508,492
42090,508,493
42091,508,494
42092,508,495
42093,508,496
42094,509,348
42095,509,349
42096,509,350
42097,509,351
42098,509,352
42099,509,353
42100,509,354
42101,509,355
42102,509,356
42103,509,357
42104,509,358
42105,509,359
42106,509,360
42107,509,361
42108,509,362
42109,509,363
42110,509,364
42111,509,365
42112,509,366
42113,509,367
42114,509,368
42115,509,369
42116,509,370
42117,509,371
42118,509,372
42119,509,373
42120,509,374
42121,509,375
42122,509,376
42123,509,377
42124,509,378
42125,509,379
42126,509,380
42127,509,381
42128,509,382
42129,509,383
42130,509,384
42131,509,385
42132,509,386
42133,509,387
42134,509,388
42135,509,389
42136,509,390
42137,509,391
42138,509,392
42139,509,393
42140,509,394
42141,509,395
42142,509,396
42143,509,397
42144,509,398
42145,509,399
42146,509,400
42147,509,401
42148,509,402
42149,509,403
42150,509,404
42151,509,405
42152,509,406
42153,509,407
42154,509,408
42155,509,409
42156,509,410
42157,509,411
42158,509,412
42159,509,413
42160,509,414
42161,509,415
42162,509,416
42163,509,417
42164,509,418
42165,509,419
42166,509,420
42167,509,421
42168,509,422
42169,509,423
42170,509,424
42171,509,425
42172,509,426
42173,509,427
42174,509,428
42175,509,429
42176,509,430
42177,509,431
42178,509,432
42179,509,433
42180,509,434
42181,509,435
42182,509,436
42183,509,437
42184,509,438
42185,509,439
42186,509,440
42187,509,441
42188,509,442
42189,509,443
42190,509,444
42191,509,445
42192,509,446
42193,509,447
42194,509,448
42195,509,449
42196,509,450
42197,509,451
42198,509,452
42199,509,453
42200,509,454
42201,509,455
42202,509,456
42203,509,457
42204,509,458
42205,509,459
42206,509,460
42207,509,461
42208,509,462
42209,509,463
42210,509,464
42211,509,465
42212,509,466
42213,509,467
42214,509,468
42215,509,469
42216,509,470
42217,509,471
42218,509,472
42219,509,473
42220,509,474
42221,509,475
42222,509,476
42223,509,477
42224,509,478
42225,509,479
42226,509,480
42227,509,481
42228,509,482
42229,509,483
42230,509,484
42231,509,485
42232,509,486
42233,509,487
42234,509,488
42235,509,489
42236,509,490
42237,509,491
42238,509,492
42239,509,493
42240,509,494
42241,509,495
42242,509,496
42243,510,345
42244,510,346
42245,510,347
42246,510,348
42247,510,349
42248,510,350
42249,510,351
42250,510,352
42251,510,353
42252,510,354
42253,510,355
42254,510,356
42255,510,357
42256,510,358
42257,510,359
42258,510,360
42259,510,361
42260,510,362
42261,510,363
42262,510,364
42263,510,365
42264,510,366
42265,510,367
42266,510,368
42267,510,369
42268,510,370
42269,510,371
42270,510,372
42271,510,373
42272,510,374
42273,510,375
42274,510,376
42275,510,377
42276,510,378
42277,510,379
42278,510,380
42279,510,381
42280,510,382
42281,510,383
42282,510,384
42283,510,385
42284,510,386
42285,510,387
42286,510,388
42287,510,389
42288,510,390
42289,510,391
42290,510,392
42291,510,393
42292,510,394
42293,510,395
42294,510,396
42295,510,397
42296,510,398
42297,510,399
42298,510,400
42299,510,401
42300,510,402
42301,510,403
42302,510,404
42303,510,405
42304,510,406
42305,510,407
42306,510,408
42307,510,409
42308,510,410
42309,510,411
42310,510,412
42311,510,413
42312,510,414
42313,510,415
42314,510,416
42315,510,417
42316,510,418
42317,510,419
42318,510,420
42319,510,421
42320,510,422
42321,510,423
42322,510,424
42323,510,425
42324,510,426
42325,510,427
42326,510,428
42327,510,429
42328,510,430
42329,510,431
42330,510,432
42331,510,433
42332,510,434
42333,510,435
42334,510,436
42335,510,437
42336,510,438
42337,510,439
42338,510,440
42339,510,441
42340,510,442
42341,510,443
42342,510,444
42343,510,445
42344,510,446
42345,510,447
42346,510,448
42347,510,449
42348,510,450
42349,510,451
42350,510,452
42351,510,453
42352,510,454
42353,510,455
42354,510,456
42355,510,457
42356,510,458
42357,510,459
42358,510,460
42359,510,461
42360,510,462
42361,510,463
42362,510,464
42363,510,465
42364,510,466
42365,510,467
42366,510,468
42367,510,469
42368,510,470
42369,510,471
42370,510,472
42371,510,473
42372,510,474
42373,510,475
42374,510,476
42375,510,477
42376,510,478
42377,510,479
42378,510,480
42379,510,481
42380,510,482
42381,510,483
42382,510,484
42383,510,485
42384,510,486
42385,510,487
42386,510,488
42387,510,489
42388,510,490
42389,510,491
42390,510,492
42391,510,493
42392,510,494
42393,510,495
42394,510,496
42395,511,345
42396,511,346
42397,511,347
42398,511,348
42399,511,349
42400,511,350
42401,511,351
42402,511,352
42403,511,353
42404,511,354
42405,511,355
42406,511,356
42407,511,357
42408,511,358
42409,511,359
42410,511,360
42411,511,361
42412,511,362
42413,511,363
42414,511,364
42415,511,365
42416,511,366
42417,511,367
42418,511,368
42419,511,369
42420,511,370
42421,511,371
42422,511,372
42423,511,373
42424,511,374
42425,511,375
42426,511,376
42427,511,377
42428,511,378
42429,511,379
42430,511,380
42431,511,381
42432,511,382
42433,511,383
42434,511,384
42435,511,385
42436,511,386
42437,511,387
42438,511,388
42439,511,389
42440,511,390
42441,511,391
42442,511,392
42443,511,393
42444,511,394
42445,511,395
42446,511,396
42447,511,397
42448,511,398
42449,511,399
42450,511,400
42451,511,401
42452,511,402
42453,511,403
42454,511,404
42455,511,405
42456,511,406
42457,511,407
42458,511,408
42459,511,409
42460,511,410
42461,511,411
42462,511,412
42463,511,413
42464,511,414
42465,511,415
42466,511,416
42467,511,417
42468,511,418
42469,511,419
42470,511,420
42471,511,421
42472,511,422
42473,511,423
42474,511,424
42475,511,425
42476,511,426
42477,511,427
42478,511,428
42479,511,429
42480,511,430
42481,511,431
42482,511,432
42483,511,433
42484,511,434
42485,511,435
42486,511,436
42487,511,437
42488,511,438
42489,511,439
42490,511,440
42491,511,441
42492,511,442
42493,511,443
42494,511,444
42495,511,445
42496,511,446
42497,511,447
42498,511,448
42499,511,449
42500,511,450
42501,511,451
42502,511,452
42503,511,453
42504,511,454
42505,511,455
42506,511,456
42507,511,457
42508,511,458
42509,511,459
42510,511,460
42511,511,461
42512,511,462
42513,511,463
42514,511,464
42515,511,465
42516,511,466
42517,511,467
42518,511,468
42519,511,469
42520,511,470
42521,511,471
42522,511,472
42523,511,473
42524,511,474
42525,511,475
42526,511,476
42527,511,477
42528,511,478
42529,511,479
42530,511,480
42531,511,481
42532,511,482
42533,511,483
42534,511,484
42535,511,485
42536,511,486
42537,511,487
42538,511,488
42539,511,489
42540,511,490
42541,511,491
42542,511,492
42543,511,493
42544,511,494
42545,511,495
42546,511,496
42547,511,497
42548,512,345
42549,512,346
42550,512,347
42551,512,348
42552,512,349
42553,512,350
42554,512,351
42555,512,352
42556,512,353
42557,512,354
42558,512,355
42559,512,356
42560,512,357
42561,512,358
42562,512,359
42563,512,360
42564,512,361
42565,512,362
42566,512,363
42567,512,364
42568,512,365
42569,512,366
42570,512,367
42571,512,368
42572,512,369
42573,512,370
42574,512,371
42575,512,372
42576,512,373
42577,512,374
42578,512,375
42579,512,376
42580,512,377
42581,512,378
42582,512,379
42583,512,380
42584,512,381
42585,512,382
42586,512,383
42587,512,384
42588,512,385
42589,512,386
42590,512,387
42591,512,388
42592,512,389
42593,512,390
42594,512,391
42595,512,392
42596,512,393
42597,512,394
42598,512,395
42599,512,396
42600,512,397
42601,512,398
42602,512,399
42603,512,400
42604,512,401
42605,512,402
42606,512,403
42607,512,404
42608,512,405
42609,512,406
42610,512,407
42611,512,408
42612,512,409
42613,512,410
42614,512,411
42615,512,412
42616,512,413
42617,512,414
42618,512,415
42619,512,416
42620,512,417
42621,512,418
42622,512,419
42623,512,420
42624,512,421
42625,512,422
42626,512,423
42627,512,424
42628,512,425
42629,512,426
42630,512,427
42631,512,428
42632,512,429
42633,512,430
42634,512,431
42635,512,432
42636,512,433
42637,512,434
42638,512,435
42639,512,436
42640,512,437
42641,512,438
42642,512,439
42643,512,440
42644,512,441
42645,512,442
42646,512,443
42647,512,444
42648,512,445
42649,512,446
42650,512,447
42651,512,448
42652,512,449
42653,512,450
42654,512,451
42655,512,452
42656,512,453
42657,512,454
42658,512,455
42659,512,456
42660,512,457
42661,512,458
42662,512,459
42663,512,460
42664,512,461
42665,512,462
42666,512,463
42667,512,464
42668,512,465
42669,512,466
42670,512,467
42671,512,468
42672,512,469
42673,512,470
42674,512,471
42675,512,472
42676,512,473
42677,512,474
42678,512,475
42679,512,476
42680,512,477
42681,512,478
42682,512,479
42683,512,480
42684,512,481
42685,512,482
42686,512,483
42687,512,484
42688,512,485
42689,512,486
42690,512,487
42691,512,488
42692,512,489
42693,512,490
42694,512,491
42695,512,492
42696,512,493
42697,512,494
42698,512,495
42699,512,496
42700,512,497
42701,513,345
42702,513,346
42703,513,347
42704,513,348
42705,513,349
42706,513,350
42707,513,351
42708,513,352
42709,513,353
42710,513,354
42711,513,355
42712,513,356
42713,513,357
42714,513,358
42715,513,359
42716,513,360
42717,513,361
42718,513,362
42719,513,363
42720,513,364
42721,513,365
42722,513,366
42723,513,367
42724,513,368
42725,513,369
42726,513,370
42727,513,371
42728,513,372
42729,513,373
42730,513,374
42731,513,375
42732,513,376
42733,513,377
42734,513,378
42735,513,379
42736,513,380
42737,513,381
42738,513,382
42739,513,383
42740,513,384
42741,513,385
42742,513,386
42743,513,387
42744,513,388
42745,513,389
42746,513,390
42747,513,391
42748,513,392
42749,513,393
42750,513,394
42751,513,395
42752,513,396
42753,513,397
42754,513,398
42755,513,399
42756,513,400
42757,513,401
42758,513,402
42759,513,403
42760,513,404
42761,513,405
42762,513,406
42763,513,407
42764,513,408
42765,513,409
42766,513,410
42767,513,411
42768,513,412
42769,513,413
42770,513,414
42771,513,415
42772,513,416
42773,513,417
42774,513,418
42775,513,419
42776,513,420
42777,513,421
42778,513,422
42779,513,423
42780,513,424
42781,513,425
42782,513,426
42783,513,427
42784,513,428
42785,513,429
42786,513,430
42787,513,431
42788,513,432
42789,513,433
42790,513,434
42791,513,435
42792,513,436
42793,513,437
42794,513,438
42795,513,439
42796,513,440
42797,513,441
42798,513,442
42799,513,443
42800,513,444
42801,513,445
42802,513,446
42803,513,447
42804,513,448
42805,513,449
42806,513,450
42807,513,451
42808,513,452
42809,513,453
42810,513,454
42811,513,455
42812,513,456
42813,513,457
42814,513,458
42815,513,459
42816,513,460
42817,513,461
42818,513,462
42819,513,463
42820,513,464
42821,513,465
42822,513,466
42823,513,467
42824,513,468
42825,513,469
42826,513,470
42827,513,471
42828,513,472
42829,513,473
42830,513,474
42831,513,475
42832,513,476
42833,513,477
42834,513,478
42835,513,479
42836,513,480
42837,513,481
42838,513,482
42839,513,483
42840,513,484
42841,513,485
42842,513,486
42843,513,487
42844,513,488
42845,513,489
42846,513,490
42847,513,491
42848,513,492
42849,513,493
42850,513,494
42851,513,495
42852,513,496
42853,513,497
42854,514,344
42855,514,345
42856,514,346
42857,514,347
42858,514,348
42859,514,349
42860,514,350
42861,514,351
42862,514,352
42863,514,353
42864,514,354
42865,514,355
42866,514,356
42867,514,357
42868,514,358
42869,514,359
42870,514,360
42871,514,361
42872,514,362
42873,514,363
42874,514,364
42875,514,365
42876,514,366
42877,514,367
42878,514,368
42879,514,369
42880,514,370
42881,514,371
42882,514,372
42883,514,373
42884,514,374
42885,514,375
42886,514,376
42887,514,377
42888,514,378
42889,514,379
42890,514,380
42891,514,381
42892,514,382
42893,514,383
42894,514,384
42895,514,385
42896,514,386
42897,514,387
42898,514,388
42899,514,389
42900,514,390
42901,514,391
42902,514,392
42903,514,393
42904,514,394
42905,514,395
42906,514,396
42907,514,397
42908,514,398
42909,514,399
42910,514,400
42911,514,401
42912,514,402
42913,514,403
42914,514,404
42915,514,405
42916,514,406
42917,514,407
42918,514,408
42919,514,409
42920,514,410
42921,514,411
42922,514,412
42923,514,413
42924,514,414
42925,514,415
42926,514,416
42927,514,417
42928,514,418
42929,514,419
42930,514,420
42931,514,421
42932,514,422
42933,514,423
42934,514,424
42935,514,425
42936,514,426
42937,514,427
42938,514,428
42939,514,429
42940,514,430
42941,514,431
42942,514,432
42943,514,433
42944,514,434
42945,514,435
42946,514,436
42947,514,437
42948,514,438
42949,514,439
42950,514,440
42951,514,441
42952,514,442
42953,514,443
42954,514,444
42955,514,445
42956,514,446
42957,514,447
42958,514,448
42959,514,449
42960,514,450
42961,514,451
42962,514,452
42963,514,453
42964,514,454
42965,514,455
42966,514,456
42967,514,457
42968,514,458
42969,514,459
42970,514,460
42971,514,461
42972,514,462
42973,514,463
42974,514,464
42975,514,465
42976,514,466
42977,514,467
42978,514,468
42979,514,469
42980,514,470
42981,514,471
42982,514,472
42983,514,473
42984,514,474
42985,514,475
42986,514,476
42987,514,477
42988,514,478
42989,514,479
42990,514,480
42991,514,481
42992,514,482
42993,514,483
42994,514,484
42995,514,485
42996,514,486
42997,514,487
42998,514,488
42999,514,489
43000,514,490
43001,514,491
43002,514,492
43003,514,493
43004,514,494
43005,514,495
43006,514,496
43007,514,497
43008,515,342
43009,515,343
43010,515,344
43011,515,345
43012,515,346
43013,515,347
43014,515,348
43015,515,349
43016,515,350
43017,515,351
43018,515,352
43019,515,353
43020,515,354
43021,515,355
43022,515,356
43023,515,357
43024,515,358
43025,515,359
43026,515,360
43027,515,361
43028,515,362
43029,515,363
43030,515,364
43031,515,365
43032,515,366
43033,515,367
43034,515,368
43035,515,369
43036,515,370
43037,515,371
43038,515,372
43039,515,373
43040,515,374
43041,515,375
43042,515,376
43043,515,377
43044,515,378
43045,515,379
43046,515,380
43047,515,381
43048,515,382
43049,515,383
43050,515,384
43051,515,385
43052,515,386
43053,515,387
43054,515,388
43055,515,389
43056,515,390
43057,515,391
43058,515,392
43059,515,393
43060,515,394
43061,515,395
43062,515,396
43063,515,397
43064,515,398
43065,515,399
43066,515,400
43067,515,401
43068,515,402
43069,515,403
43070,515,404
43071,515,405
43072,515,406
43073,515,407
43074,515,408
43075,515,409
43076,515,410
43077,515,411
43078,515,412
43079,515,413
43080,515,414
43081,515,415
43082,515,416
43083,515,417
43084,515,418
43085,515,419
43086,515,420
43087,515,421
43088,515,422
43089,515,423
43090,515,424
43091,515,425
43092,515,426
43093,515,427
43094,515,428
43095,515,429
43096,515,430
43097,515,431
43098,515,432
43099,515,433
43100,515,434
43101,515,435
43102,515,436
43103,515,437
43104,515,438
43105,515,439
43106,515,440
43107,515,441
43108,515,442
43109,515,443
43110,515,444
43111,515,445
43112,515,446
43113,515,447
43114,515,448
43115,515,449
43116,515,450
43117,515,451
43118,515,452
43119,515,453
43120,515,454
43121,515,455
43122,515,456
43123,515,457
43124,515,458
43125,515,459
43126,515,460
43127,515,461
43128,515,462
43129,515,463
43130,515,464
43131,515,465
43132,515,466
43133,515,467
43134,515,468
43135,515,469
43136,515,470
43137,515,471
43138,515,472
43139,515,473
43140,515,474
43141,515,475
43142,515,476
43143,515,477
43144,515,478
43145,515,479
43146,515,480
43147,515,481
43148,515,482
43149,515,483
43150,515,484
43151,515,485
43152,515,486
43153,515,487
43154,515,488
43155,515,489
43156,515,490
43157,515,491
43158,515,492
43159,515,493
43160,515,494
43161,515,495
43162,515,496
43163,515,497
43164,515,498
43165,516,341
43166,516,342
43167,516,343
43168,516,344
43169,516,345
43170,516,346
43171,516,347
43172,516,348
43173,516,349
43174,516,350
43175,516,351
43176,516,352
43177,516,353
43178,516,354
43179,516,355
43180,516,356
43181,516,357
43182,516,358
43183,516,359
43184,516,360
43185,516,361
43186,516,362
43187,516,363
43188,516,364
43189,516,365
43190,516,366
43191,516,367
43192,516,368
43193,516,369
43194,516,370
43195,516,371
43196,516,372
43197,516,373
43198,516,374
43199,516,375
43200,516,376
43201,516,377
43202,516,378
43203,516,379
43204,516,380
43205,516,381
43206,516,382
43207,516,383
43208,516,384
43209,516,385
43210,516,386
43211,516,387
43212,516,388
43213,516,389
43214,516,390
43215,516,391
43216,516,392
43217,516,393
43218,516,394
43219,516,395
43220,516,396
43221,516,397
43222,516,398
43223,516,399
43224,516,400
43225,516,401
43226,516,402
43227,516,403
43228,516,404
43229,516,405
43230,516,406
43231,516,407
43232,516,408
43233,516,409
43234,516,410
43235,516,411
43236,516,412
43237,516,413
43238,516,414
43239,516,415
43240,516,416
43241,516,417
43242,516,418
43243,516,419
43244,516,420
43245,516,421
43246,516,422
43247,516,423
43248,516,424
43249,516,425
43250,516,426
43251,516,427
43252,516,428
43253,516,429
43254,516,430
43255,516,431
43256,516,432
43257,516,433
43258,516,434
43259,516,435
43260,516,436
43261,516,437
43262,516,438
43263,516,439
43264,516,440
43265,516,441
43266,516,442
43267,516,443
43268,516,444
43269,516,445
43270,516,446
43271,516,447
43272,516,448
43273,516,449
43274,516,450
43275,516,451
43276,516,452
43277,516,453
43278,516,454
43279,516,455
43280,516,456
43281,516,457
43282,516,458
43283,516,459
43284,516,460
43285,516,461
43286,516,462
43287,516,463
43288,516,464
43289,516,465
43290,516,466
43291,516,467
43292,516,468
43293,516,469
43294,516,470
43295,516,471
43296,516,472
43297,516,473
43298,516,474
43299,516,475
43300,516,476
43301,516,477
43302,516,478
43303,516,479
43304,516,480
43305,516,481
43306,516,482
43307,516,483
43308,516,484
43309,516,485
43310,516,486
43311,516,487
43312,516,488
43313,516,489
43314,516,490
43315,516,491
43316,516,492
43317,516,493
43318,516,494
43319,516,495
43320,516,496
43321,516,497
43322,516,498
43323,517,340
43324,517,341
43325,517,342
43326,517,343
43327,517,344
43328,517,345
43329,517,346
43330,517,347
43331,517,348
43332,517,349
43333,517,350
43334,517,351
43335,517,352
43336,517,353
43337,517,354
43338,517,355
43339,517,356
43340,517,357
43341,517,358
43342,517,359
43343,517,360
43344,517,361
43345,517,362
43346,517,363
43347,517,364
43348,517,365
43349,517,366
43350,517,367
43351,517,368
43352,517,369
43353,517,370
43354,517,371
43355,517,372
43356,517,373
43357,517,374
43358,517,375
43359,517,376
43360,517,377
43361,517,378
43362,517,379
43363,517,380
43364,517,381
43365,517,382
43366,517,383
43367,517,384
43368,517,385
43369,517,386
43370,517,387
43371,517,388
43372,517,389
43373,517,390
43374,517,391
43375,517,392
43376,517,393
43377,517,394
43378,517,395
43379,517,396
43380,517,397
43381,517,398
43382,517,399
43383,517,400
43384,517,401
43385,517,402
43386,517,403
43387,517,404
43388,517,405
43389,517,406
43390,517,407
43391,517,408
43392,517,409
43393,517,410
43394,517,411
43395,517,412
43396,517,413
43397,517,414
43398,517,415
43399,517,416
43400,517,417
43401,517,418
43402,517,419
43403,517,420
43404,517,421
43405,517,422
43406,517,423
43407,517,424
43408,517,425
43409,517,426
43410,517,427
43411,517,428
43412,517,429
43413,517,430
43414,517,431
43415,517,432
43416,517,433
43417,517,434
43418,517,435
43419,517,436
43420,517,437
43421,517,438
43422,517,439
43423,517,440
43424,517,441
43425,517,442
43426,517,443
43427,517,444
43428,517,445
43429,517,446
43430,517,447
43431,517,448
43432,517,449
43433,517,450
43434,517,451
43435,517,452
43436,517,453
43437,517,454
43438,517,455
43439,517,456
43440,517,457
43441,517,458
43442,517,459
43443,517,460
43444,517,461
43445,517,462
43446,517,463
43447,517,464
43448,517,465
43449,517,466
43450,517,467
43451,517,468
43452,517,469
43453,517,470
43454,517,471
43455,517,472
43456,517,473
43457,517,474
43458,517,475
43459,517,476
43460,517,477
43461,517,478
43462,517,479
43463,517,480
43464,517,481
43465,517,482
43466,517,483
43467,517,484
43468,517,485
43469,517,486
43470,517,487
43471,517,488
43472,517,489
43473,517,490
43474,517,491
43475,517,492
43476,517,493
43477,517,494
43478,517,495
43479,517,496
43480,517,497
43481,517,498
43482,518,339
43483,518,340
43484,518,341
43485,518,342
43486,518,343
43487,518,344
43488,518,345
43489,518,346
43490,518,347
43491,518,348
43492,518,349
43493,518,350
43494,518,351
43495,518,352
43496,518,353
43497,518,354
43498,518,355
43499,518,356
43500,518,357
43501,518,358
43502,518,359
43503,518,360
43504,518,361
43505,518,362
43506,518,363
43507,518,364
43508,518,365
43509,518,366
43510,518,367
43511,518,368
43512,518,369
43513,518,370
43514,518,371
43515,518,372
43516,518,373
43517,518,374
43518,518,375
43519,518,376
43520,518,377
43521,518,378
43522,518,379
43523,518,380
43524,518,381
43525,518,382
43526,518,383
43527,518,384
43528,518,385
43529,518,386
43530,518,387
43531,518,388
43532,518,389
43533,518,390
43534,518,391
43535,518,392
43536,518,393
43537,518,394
43538,518,395
43539,518,396
43540,518,397
43541,518,398
43542,518,399
43543,518,400
43544,518,401
43545,518,402
43546,518,403
43547,518,404
43548,518,405
43549,518,406
43550,518,407
43551,518,408
43552,518,409
43553,518,410
43554,518,411
43555,518,412
43556,518,413
43557,518,414
43558,518,415
43559,518,416
43560,518,417
43561,518,418
43562,518,419
43563,518,420
43564,518,421
43565,518,422
43566,518,423
43567,518,424
43568,518,425
43569,518,426
43570,518,427
43571,518,428
43572,518,429
43573,518,430
43574,518,431
43575,518,432
43576,518,433
43577,518,434
43578,518,435
43579,518,436
43580,518,437
43581,518,438
43582,518,439
43583,518,440
43584,518,441
43585,518,442
43586,518,443
43587,518,444
43588,518,445
43589,518,446
43590,518,447
43591,518,448
43592,518,449
43593,518,450
43594,518,451
43595,518,452
43596,518,453
43597,518,454
43598,518,455
43599,518,456
43600,518,457
43601,518,458
43602,518,459
43603,518,460
43604,518,461
43605,518,462
43606,518,463
43607,518,464
43608,518,465
43609,518,466
43610,518,467
43611,518,468
43612,518,469
43613,518,470
43614,518,471
43615,518,472
43616,518,473
43617,518,474
43618,518,475
43619,518,476
43620,518,477
43621,518,478
43622,518,479
43623,518,480
43624,518,481
43625,518,482
43626,518,483
43627,518,484
43628,518,485
43629,518,486
43630,518,487
43631,518,488
43632,518,489
43633,518,490
43634,518,491
43635,518,492
43636,518,493
43637,518,494
43638,518,495
43639,518,496
43640,518,497
43641,518,498
43642,519,339
43643,519,340
43644,519,341
43645,519,342
43646,519,343
43647,519,344
43648,519,345
43649,519,346
43650,519,347
43651,519,348
43652,519,349
43653,519,350
43654,519,351
43655,519,352
43656,519,353
43657,519,354
43658,519,355
43659,519,356
43660,519,357
43661,519,358
43662,519,359
43663,519,360
43664,519,361
43665,519,362
43666,519,363
43667,519,364
43668,519,365
43669,519,366
43670,519,367
43671,519,368
43672,519,369
43673,519,370
43674,519,371
43675,519,372
43676,519,373
43677,519,374
43678,519,375
43679,519,376
43680,519,377
43681,519,378
43682,519,379
43683,519,380
43684,519,381
43685,519,382
43686,519,383
43687,519,384
43688,519,385
43689,519,386
43690,519,387
43691,519,388
43692,519,389
43693,519,390
43694,519,391
43695,519,392
43696,519,393
43697,519,394
43698,519,395
43699,519,396
43700,519,397
43701,519,398
43702,519,399
43703,519,400
43704,519,401
43705,519,402
43706,519,403
43707,519,404
43708,519,405
43709,519,406
43710,519,407
43711,519,408
43712,519,409
43713,519,410
43714,519,411
43715,519,412
43716,519,413
43717,519,414
43718,519,415
43719,519,416
43720,519,417
43721,519,418
43722,519,419
43723,519,420
43724,519,421
43725,519,422
43726,519,423
43727,519,424
43728,519,425
43729,519,426
43730,519,427
43731,519,428
43732,519,429
43733,519,430
43734,519,431
43735,519,432
43736,519,433
43737,519,434
43738,519,435
43739,519,436
43740,519,437
43741,519,438
43742,519,439
43743,519,440
43744,519,441
43745,519,442
43746,519,443
43747,519,444
43748,519,445
43749,519,446
43750,519,447
43751,519,448
43752,519,449
43753,519,450
43754,519,451
43755,519,452
43756,519,453
43757,519,454
43758,519,455
43759,519,456
43760,519,457
43761,519,458
43762,519,459
43763,519,460
43764,519,461
43765,519,462
43766,519,463
43767,519,464
43768,519,465
43769,519,466
43770,519,467
43771,519,468
43772,519,469
43773,519,470
43774,519,471
43775,519,472
43776,519,473
43777,519,474
43778,519,475
43779,519,476
43780,519,477
43781,519,478
43782,519,479
43783,519,480
43784,519,481
43785,519,482
43786,519,483
43787,519,484
43788,519,485
43789,519,486
43790,519,487
43791,519,488
43792,519,489
43793,519,490
43794,519,491
43795,519,492
43796,519,493
43797,519,494
43798,519,495
43799,519,496
43800,519,497
43801,519,498
43802,520,338
43803,520,339
43804,520,340
43805,520,341
43806,520,342
43807,520,343
43808,520,344
43809,520,345
43810,520,346
43811,520,347
43812,520,348
43813,520,349
43814,520,350
43815,520,351
43816,520,352
43817,520,353
43818,520,354
43819,520,355
43820,520,356
43821,520,357
43822,520,358
43823,520,359
43824,520,360
43825,520,361
43826,520,362
43827,520,363
43828,520,364
43829,520,365
43830,520,366
43831,520,367
43832,520,368
43833,520,369
43834,520,370
43835,520,371
43836,520,372
43837,520,373
43838,520,374
43839,520,375
43840,520,376
43841,520,377
43842,520,378
43843,520,379
43844,520,380
43845,520,381
43846,520,382
43847,520,383
43848,520,384
43849,520,385
43850,520,386
43851,520,387
43852,520,388
43853,520,389
43854,520,390
43855,520,391
43856,520,392
43857,520,393
43858,520,394
43859,520,395
43860,520,396
43861,520,397
43862,520,398
43863,520,399
43864,520,400
43865,520,401
43866,520,402
43867,520,403
43868,520,404
43869,520,405
43870,520,406
43871,520,407
43872,520,408
43873,520,409
43874,520,410
43875,520,411
43876,520,412
43877,520,413
43878,520,414
43879,520,415
43880,520,416
43881,520,417
43882,520,418
43883,520,419
43884,520,420
43885,520,421
43886,520,422
43887,520,423
43888,520,424
43889,520,425
43890,520,426
43891,520,427
43892,520,428
43893,520,429
43894,520,430
43895,520,431
43896,520,432
43897,520,433
43898,520,434
43899,520,435
43900,520,436
43901,520,437
43902,520,438
43903,520,439
43904,520,440
43905,520,441
43906,520,442
43907,520,443
43908,520,444
43909,520,445
43910,520,446
43911,520,447
43912,520,448
43913,520,449
43914,520,450
43915,520,451
43916,520,452
43917,520,453
43918,520,454
43919,520,455
43920,520,456
43921,520,457
43922,520,458
43923,520,459
43924,520,460
43925,520,461
43926,520,462
43927,520,463
43928,520,464
43929,520,465
43930,520,466
43931,520,467
43932,520,468
43933,520,469
43934,520,470
43935,520,471
43936,520,472
43937,520,473
43938,520,474
43939,520,475
43940,520,476
43941,520,477
43942,520,478
43943,520,479
43944,520,480
43945,520,481
43946,520,482
43947,520,483
43948,520,484
43949,520,485
43950,520,486
43951,520,487
43952,520,488
43953,520,489
43954,520,490
43955,520,491
43956,520,492
43957,520,493
43958,520,494
43959,520,495
43960,520,496
43961,520,497
43962,520,498
43963,520,499
43964,521,338
43965,521,339
43966,521,340
43967,521,341
43968,521,342
43969,521,343
43970,521,344
43971,521,345
43972,521,346
43973,521,347
43974,521,348
43975,521,349
43976,521,350
43977,521,351
43978,521,352
43979,521,353
43980,521,354
43981,521,355
43982,521,356
43983,521,357
43984,521,358
43985,521,359
43986,521,360
43987,521,361
43988,521,362
43989,521,363
43990,521,364
43991,521,365
43992,521,366
43993,521,367
43994,521,368
43995,521,369
43996,521,370
43997,521,371
43998,521,372
43999,521,373
44000,521,374
44001,521,375
44002,521,376
44003,521,377
44004,521,378
44005,521,379
44006,521,380
44007,521,381
44008,521,382
44009,521,383
44010,521,384
44011,521,385
44012,521,386
44013,521,387
44014,521,388
44015,521,389
44016,521,390
44017,521,391
44018,521,392
44019,521,393
44020,521,394
44021,521,395
44022,521,396
44023,521,397
44024,521,398
44025,521,399
44026,521,400
44027,521,401
44028,521,402
44029,521,403
44030,521,404
44031,521,405
44032,521,406
44033,521,407
44034,521,408
44035,521,409
44036,521,410
44037,521,411
44038,521,412
44039,521,413
44040,521,414
44041,521,415
44042,521,416
44043,521,417
44044,521,418
44045,521,419
44046,521,420
44047,521,421
44048,521,422
44049,521,423
44050,521,424
44051,521,425
44052,521,426
44053,521,427
44054,521,428
44055,521,429
44056,521,430
44057,521,431
44058,521,432
44059,521,433
44060,521,434
44061,521,435
44062,521,436
44063,521,437
44064,521,438
44065,521,439
44066,521,440
44067,521,441
44068,521,442
44069,521,443
44070,521,444
44071,521,445
44072,521,446
44073,521,447
44074,521,448
44075,521,449
44076,521,450
44077,521,451
44078,521,452
44079,521,453
44080,521,454
44081,521,455
44082,521,456
44083,521,457
44084,521,458
44085,521,459
44086,521,460
44087,521,461
44088,521,462
44089,521,463
44090,521,464
44091,521,465
44092,521,466
44093,521,467
44094,521,468
44095,521,469
44096,521,470
44097,521,471
44098,521,472
44099,521,473
44100,521,474
44101,521,475
44102,521,476
44103,521,477
44104,521,478
44105,521,479
44106,521,480
44107,521,481
44108,521,482
44109,521,483
44110,521,484
44111,521,485
44112,521,486
44113,521,487
44114,521,488
44115,521,489
44116,521,490
44117,521,491
44118,521,492
44119,521,493
44120,521,494
44121,521,495
44122,521,496
44123,521,497
44124,521,498
44125,521,499
44126,522,337
44127,522,338
44128,522,339
44129,522,340
44130,522,341
44131,522,342
44132,522,343
44133,522,344
44134,522,345
44135,522,346
44136,522,347
44137,522,348
44138,522,349
44139,522,350
44140,522,351
44141,522,352
44142,522,353
44143,522,354
44144,522,355
44145,522,356
44146,522,357
44147,522,358
44148,522,359
44149,522,360
44150,522,361
44151,522,362
44152,522,363
44153,522,364
44154,522,365
44155,522,366
44156,522,367
44157,522,368
44158,522,369
44159,522,370
44160,522,371
44161,522,372
44162,522,373
44163,522,374
44164,522,375
44165,522,376
44166,522,377
44167,522,378
44168,522,379
44169,522,380
44170,522,381
44171,522,382
44172,522,383
44173,522,384
44174,522,385
44175,522,386
44176,522,387
44177,522,388
44178,522,389
44179,522,390
44180,522,391
44181,522,392
44182,522,393
44183,522,394
44184,522,395
44185,522,396
44186,522,397
44187,522,398
44188,522,399
44189,522,400
44190,522,401
44191,522,402
44192,522,403
44193,522,404
44194,522,405
44195,522,406
44196,522,407
44197,522,408
44198,522,409
44199,522,410
44200,522,411
44201,522,412
44202,522,413
44203,522,414
44204,522,415
44205,522,416
44206,522,417
44207,522,418
44208,522,419
44209,522,420
44210,522,421
44211,522,422
44212,522,423
44213,522,424
44214,522,425
44215,522,426
44216,522,427
44217,522,428
44218,522,429
44219,522,430
44220,522,431
44221,522,432
44222,522,433
44223,522,434
44224,522,435
44225,522,436
44226,522,437
44227,522,438
44228,522,439
44229,522,440
44230,522,441
44231,522,442
44232,522,443
44233,522,444
44234,522,445
44235,522,446
44236,522,447
44237,522,448
44238,522,449
44239,522,450
44240,522,451
44241,522,452
44242,522,453
44243,522,454
44244,522,455
44245,522,456
44246,522,457
44247,522,458
44248,522,459
44249,522,460
44250,522,461
44251,522,462
44252,522,463
44253,522,464
44254,522,465
44255,522,466
44256,522,467
44257,522,468
44258,522,469
44259,522,470
44260,522,471
44261,522,472
44262,522,473
44263,522,474
44264,522,475
44265,522,476
44266,522,477
44267,522,478
44268,522,479
44269,522,480
44270,522,481
44271,522,482
44272,522,483
44273,522,484
44274,522,485
44275,522,486
44276,522,487
44277,522,488
44278,522,489
44279,522,490
44280,522,491
44281,522,492
44282,522,493
44283,522,494
44284,522,495
44285,522,496
44286,522,497
44287,522,498
44288,522,499
44289,523,337
44290,523,338
44291,523,339
44292,523,340
44293,523,341
44294,523,342
44295,523,343
44296,523,344
44297,523,345
44298,523,346
44299,523,347
44300,523,348
44301,523,349
44302,523,350
44303,523,351
44304,523,352
44305,523,353
44306,523,354
44307,523,355
44308,523,356
44309,523,357
44310,523,358
44311,523,359
44312,523,360
44313,523,361
44314,523,362
44315,523,363
44316,523,364
44317,523,365
44318,523,366
44319,523,367
44320,523,368
44321,523,369
44322,523,370
44323,523,371
44324,523,372
44325,523,373
44326,523,374
44327,523,375
44328,523,376
44329,523,377
44330,523,378
44331,523,379
44332,523,380
44333,523,381
44334,523,382
44335,523,383
44336,523,384
44337,523,385
44338,523,386
44339,523,387
44340,523,388
44341,523,389
44342,523,390
44343,523,391
44344,523,392
44345,523,393
44346,523,394
44347,523,395
44348,523,396
44349,523,397
44350,523,398
44351,523,399
44352,523,400
44353,523,401
44354,523,402
44355,523,403
44356,523,404
44357,523,405
44358,523,406
44359,523,407
44360,523,408
44361,523,409
44362,523,410
44363,523,411
44364,523,412
44365,523,413
44366,523,414
44367,523,415
44368,523,416
44369,523,417
44370,523,418
44371,523,419
44372,523,420
44373,523,421
44374,523,422
44375,523,423
44376,523,424
44377,523,425
44378,523,426
44379,523,427
44380,523,428
44381,523,429
44382,523,430
44383,523,431
44384,523,432
44385,523,433
44386,523,434
44387,523,435
44388,523,436
44389,523,437
44390,523,438
44391,523,439
44392,523,440
44393,523,441
44394,523,442
44395,523,443
44396,523,444
44397,523,445
44398,523,446
44399,523,447
44400,523,448
44401,523,449
44402,523,450
44403,523,451
44404,523,452
44405,523,453
44406,523,454
44407,523,455
44408,523,456
44409,523,457
44410,523,458
44411,523,459
44412,523,460
44413,523,461
44414,523,462
44415,523,463
44416,523,464
44417,523,465
44418,523,466
44419,523,467
44420,523,468
44421,523,469
44422,523,470
44423,523,471
44424,523,472
44425,523,473
44426,523,474
44427,523,475
44428,523,476
44429,523,477
44430,523,478
44431,523,479
44432,523,480
44433,523,481
44434,523,482
44435,523,483
44436,523,484
44437,523,485
44438,523,486
44439,523,487
44440,523,488
44441,523,489
44442,523,490
44443,523,491
44444,523,492
44445,523,493
44446,523,494
44447,523,495
44448,523,496
44449,523,497
44450,523,498
44451,523,499
44452,524,336
44453,524,337
44454,524,338
44455,524,339
44456,524,340
44457,524,341
44458,524,342
44459,524,343
44460,524,344
44461,524,345
44462,524,346
44463,524,347
44464,524,348
44465,524,349
44466,524,350
44467,524,351
44468,524,352
44469,524,353
44470,524,354
44471,524,355
44472,524,356
44473,524,357
44474,524,358
44475,524,359
44476,524,360
44477,524,361
44478,524,362
44479,524,363
44480,524,364
44481,524,365
44482,524,366
44483,524,367
44484,524,368
44485,524,369
44486,524,370
44487,524,371
44488,524,372
44489,524,373
44490,524,374
44491,524,375
44492,524,376
44493,524,377
44494,524,378
44495,524,379
44496,524,380
44497,524,381
44498,524,382
44499,524,383
44500,524,384
44501,524,385
44502,524,386
44503,524,387
44504,524,388
44505,524,389
44506,524,390
44507,524,391
44508,524,392
44509,524,393
44510,524,394
44511,524,395
44512,524,396
44513,524,397
44514,524,398
44515,524,399
44516,524,400
44517,524,401
44518,524,402
44519,524,403
44520,524,404
44521,524,405
44522,524,406
44523,524,407
44524,524,408
44525,524,409
44526,524,410
44527,524,411
44528,524,412
44529,524,413
44530,524,414
44531,524,415
44532,524,416
44533,524,417
44534,524,418
44535,524,419
44536,524,420
44537,524,421
44538,524,422
44539,524,423
44540,524,424
44541,524,425
44542,524,426
44543,524,427
44544,524,428
44545,524,429
44546,524,430
44547,524,431
44548,524,432
44549,524,433
44550,524,434
44551,524,435
44552,524,436
44553,524,437
44554,524,438
44555,524,439
44556,524,440
44557,524,441
44558,524,442
44559,524,443
44560,524,444
44561,524,445
44562,524,446
44563,524,447
44564,524,448
44565,524,449
44566,524,450
44567,524,451
44568,524,452
44569,524,453
44570,524,454
44571,524,455
44572,524,456
44573,524,457
44574,524,458
44575,524,459
44576,524,460
44577,524,461
44578,524,462
44579,524,463
44580,524,464
44581,524,465
44582,524,466
44583,524,467
44584,524,468
44585,524,469
44586,524,470
44587,524,471
44588,524,472
44589,524,473
44590,524,474
44591,524,475
44592,524,476
44593,524,477
44594,524,478
44595,524,479
44596,524,480
44597,524,481
44598,524,482
44599,524,483
44600,524,484
44601,524,485
44602,524,486
44603,524,487
44604,524,488
44605,524,489
44606,524,490
44607,524,491
44608,524,492
44609,524,493
44610,524,494
44611,524,495
44612,524,496
44613,524,497
44614,524,498
44615,524,499
44616,525,335
44617,525,336
44618,525,337
44619,525,338
44620,525,339
44621,525,340
44622,525,341
44623,525,342
44624,525,343
44625,525,344
44626,525,345
44627,525,346
44628,525,347
44629,525,348
44630,525,349
44631,525,350
44632,525,351
44633,525,352
44634,525,353
44635,525,354
44636,525,355
44637,525,356
44638,525,357
44639,525,358
44640,525,359
44641,525,360
44642,525,361
44643,525,362
44644,525,363
44645,525,364
44646,525,365
44647,525,366
44648,525,367
44649,525,368
44650,525,369
44651,525,370
44652,525,371
44653,525,372
44654,525,373
44655,525,374
44656,525,375
44657,525,376
44658,525,377
44659,525,378
44660,525,379
44661,525,380
44662,525,381
44663,525,382
44664,525,383
44665,525,384
44666,525,385
44667,525,386
44668,525,387
44669,525,388
44670,525,389
44671,525,390
44672,525,391
44673,525,392
44674,525,393
44675,525,394
44676,525,395
44677,525,396
44678,525,397
44679,525,398
44680,525,399
44681,525,400
44682,525,401
44683,525,402
44684,525,403
44685,525,404
44686,525,405
44687,525,406
44688,525,407
44689,525,408
44690,525,409
44691,525,410
44692,525,411
44693,525,412
44694,525,413
44695,525,414
44696,525,415
44697,525,416
44698,525,417
44699,525,418
44700,525,419
44701,525,420
44702,525,421
44703,525,422
44704,525,423
44705,525,424
44706,525,425
44707,525,426
44708,525,427
44709,525,428
44710,525,429
44711,525,430
44712,525,431
44713,525,432
44714,525,433
44715,525,434
44716,525,435
44717,525,436
44718,525,437
44719,525,438
44720,525,439
44721,525,440
44722,525,441
44723,525,442
44724,525,443
44725,525,444
44726,525,445
44727,525,446
44728,525,447
44729,525,448
44730,525,449
44731,525,450
44732,525,451
44733,525,452
44734,525,453
44735,525,454
44736,525,455
44737,525,456
44738,525,457
44739,525,458
44740,525,459
44741,525,460
44742,525,461
44743,525,462
44744,525,463
44745,525,464
44746,525,465
44747,525,466
44748,525,467
44749,525,468
44750,525,469
44751,525,470
44752,525,471
44753,525,472
44754,525,473
44755,525,474
44756,525,475
44757,525,476
44758,525,477
44759,525,478
44760,525,479
44761,525,480
44762,525,481
44763,525,482
44764,525,483
44765,525,484
44766,525,485
44767,525,486
44768,525,487
44769,525,488
44770,525,489
44771,525,490
44772,525,491
44773,525,492
44774,525,493
44775,525,494
44776,525,495
44777,525,496
44778,525,497
44779,525,498
44780,525,499
44781,526,335
44782,526,336
44783,526,337
44784,526,338
44785,526,339
44786,526,340
44787,526,341
44788,526,342
44789,526,343
44790,526,344
44791,526,345
44792,526,346
44793,526,347
44794,526,348
44795,526,349
44796,526,350
44797,526,351
44798,526,352
44799,526,353
44800,526,354
44801,526,355
44802,526,356
44803,526,357
44804,526,358
44805,526,359
44806,526,360
44807,526,361
44808,526,362
44809,526,363
44810,526,364
44811,526,365
44812,526,366
44813,526,367
44814,526,368
44815,526,369
44816,526,370
44817,526,371
44818,526,372
44819,526,373
44820,526,374
44821,526,375
44822,526,376
44823,526,377
44824,526,378
44825,526,379
44826,526,380
44827,526,381
44828,526,382
44829,526,383
44830,526,384
44831,526,385
44832,526,386
44833,526,387
44834,526,388
44835,526,389
44836,526,390
44837,526,391
44838,526,392
44839,526,393
44840,526,394
44841,526,395
44842,526,396
44843,526,397
44844,526,398
44845,526,399
44846,526,400
44847,526,401
44848,526,402
44849,526,403
44850,526,404
44851,526,405
44852,526,406
44853,526,407
44854,526,408
44855,526,409
44856,526,410
44857,526,411
44858,526,412
44859,526,413
44860,526,414
44861,526,415
44862,526,416
44863,526,417
44864,526,418
44865,526,419
44866,526,420
44867,526,421
44868,526,422
44869,526,423
44870,526,424
44871,526,425
44872,526,426
44873,526,427
44874,526,428
44875,526,429
44876,526,430
44877,526,431
44878,526,432
44879,526,433
44880,526,434
44881,526,435
44882,526,436
44883,526,437
44884,526,438
44885,526,439
44886,526,440
44887,526,441
44888,526,442
44889,526,443
44890,526,444
44891,526,445
44892,526,446
44893,526,447
44894,526,448
44895,526,449
44896,526,450
44897,526,451
44898,526,452
44899,526,453
44900,526,454
44901,526,455
44902,526,456
44903,526,457
44904,526,458
44905,526,459
44906,526,460
44907,526,461
44908,526,462
44909,526,463
44910,526,464
44911,526,465
44912,526,466
44913,526,467
44914,526,468
44915,526,469
44916,526,470
44917,526,471
44918,526,472
44919,526,473
44920,526,474
44921,526,475
44922,526,476
44923,526,477
44924,526,478
44925,526,479
44926,526,480
44927,526,481
44928,526,482
44929,526,483
44930,526,484
44931,526,485
44932,526,486
44933,526,487
44934,526,488
44935,526,489
44936,526,490
44937,526,491
44938,526,492
44939,526,493
44940,526,494
44941,526,495
44942,526,496
44943,526,497
44944,526,498
44945,526,499
44946,527,334
44947,527,335
44948,527,336
44949,527,337
44950,527,338
44951,527,339
44952,527,340
44953,527,341
44954,527,342
44955,527,343
44956,527,344
44957,527,345
44958,527,346
44959,527,347
44960,527,348
44961,527,349
44962,527,350
44963,527,351
44964,527,352
44965,527,353
44966,527,354
44967,527,355
44968,527,356
44969,527,357
44970,527,358
44971,527,359
44972,527,360
44973,527,361
44974,527,362
44975,527,363
44976,527,364
44977,527,365
44978,527,366
44979,527,367
44980,527,368
44981,527,369
44982,527,370
44983,527,371
44984,527,372
44985,527,373
44986,527,374
44987,527,375
44988,527,376
44989,527,377
44990,527,378
44991,527,379
44992,527,380
44993,527,381
44994,527,382
44995,527,383
44996,527,384
44997,527,385
44998,527,386
44999,527,387
45000,527,388
45001,527,389
45002,527,390
45003,527,391
45004,527,392
45005,527,393
45006,527,394
45007,527,395
45008,527,396
45009,527,397
45010,527,398
45011,527,399
45012,527,400
45013,527,401
45014,527,402
45015,527,403
45016,527,404
45017,527,405
45018,527,406
45019,527,407
45020,527,408
45021,527,409
45022,527,410
45023,527,411
45024,527,412
45025,527,413
45026,527,414
45027,527,415
45028,527,416
45029,527,417
45030,527,418
45031,527,419
45032,527,420
45033,527,421
45034,527,422
45035,527,423
45036,527,424
45037,527,425
45038,527,426
45039,527,427
45040,527,428
45041,527,429
45042,527,430
45043,527,431
45044,527,432
45045,527,433
45046,527,434
45047,527,435
45048,527,436
45049,527,437
45050,527,438
45051,527,439
45052,527,440
45053,527,441
45054,527,442
45055,527,443
45056,527,444
45057,527,445
45058,527,446
45059,527,447
45060,527,448
45061,527,449
45062,527,450
45063,527,451
45064,527,452
45065,527,453
45066,527,454
45067,527,455
45068,527,456
45069,527,457
45070,527,458
45071,527,459
45072,527,460
45073,527,461
45074,527,462
45075,527,463
45076,527,464
45077,527,465
45078,527,466
45079,527,467
45080,527,468
45081,527,469
45082,527,470
45083,527,471
45084,527,472
45085,527,473
45086,527,474
45087,527,475
45088,527,476
45089,527,477
45090,527,478
45091,527,479
45092,527,480
45093,527,481
45094,527,482
45095,527,483
45096,527,484
45097,527,485
45098,527,486
45099,527,487
45100,527,488
45101,527,489
45102,527,490
45103,527,491
45104,527,492
45105,527,493
45106,527,494
45107,527,495
45108,527,496
45109,527,497
45110,527,498
45111,527,499
45112,527,500
45113,528,334
45114,528,335
45115,528,336
45116,528,337
45117,528,338
45118,528,339
45119,528,340
45120,528,341
45121,528,342
45122,528,343
45123,528,344
45124,528,345
45125,528,346
45126,528,347
45127,528,348
45128,528,349
45129,528,350
45130,528,351
45131,528,352
45132,528,353
45133,528,354
45134,528,355
45135,528,356
45136,528,357
45137,528,358
45138,528,359
45139,528,360
45140,528,361
45141,528,362
45142,528,363
45143,528,364
45144,528,365
45145,528,366
45146,528,367
45147,528,368
45148,528,369
45149,528,370
45150,528,371
45151,528,372
45152,528,373
45153,528,374
45154,528,375
45155,528,376
45156,528,377
45157,528,378
45158,528,379
45159,528,380
45160,528,381
45161,528,382
45162,528,383
45163,528,384
45164,528,385
45165,528,386
45166,528,387
45167,528,388
45168,528,389
45169,528,390
45170,528,391
45171,528,392
45172,528,393
45173,528,394
45174,528,395
45175,528,396
45176,528,397
45177,528,398
45178,528,399
45179,528,400
45180,528,401
45181,528,402
45182,528,403
45183,528,404
45184,528,405
45185,528,406
45186,528,407
45187,528,408
45188,528,409
45189,528,410
45190,528,411
45191,528,412
45192,528,413
45193,528,414
45194,528,415
45195,528,416
45196,528,417
45197,528,418
45198,528,419
45199,528,420
45200,528,421
45201,528,422
45202,528,423
45203,528,424
45204,528,425
45205,528,426
45206,528,427
45207,528,428
45208,528,429
45209,528,430
45210,528,431
45211,528,432
45212,528,433
45213,528,434
45214,528,435
45215,528,436
45216,528,437
45217,528,438
45218,528,439
45219,528,440
45220,528,441
45221,528,442
45222,528,443
45223,528,444
45224,528,445
45225,528,446
45226,528,447
45227,528,448
45228,528,449
45229,528,450
45230,528,451
45231,528,452
45232,528,453
45233,528,454
45234,528,455
45235,528,456
45236,528,457
45237,528,458
45238,528,459
45239,528,460
45240,528,461
45241,528,462
45242,528,463
45243,528,464
45244,528,465
45245,528,466
45246,528,467
45247,528,468
45248,528,469
45249,528,470
45250,528,471
45251,528,472
45252,528,473
45253,528,474
45254,528,475
45255,528,476
45256,528,477
45257,528,478
45258,528,479
45259,528,480
45260,528,481
45261,528,482
45262,528,483
45263,528,484
45264,528,485
45265,528,486
45266,528,487
45267,528,488
45268,528,489
45269,528,490
45270,528,491
45271,528,492
45272,528,493
45273,528,494
45274,528,495
45275,528,496
45276,528,497
45277,528,498
45278,528,499
45279,528,500
45280,529,335
45281,529,336
45282,529,337
45283,529,338
45284,529,339
45285,529,340
45286,529,341
45287,529,342
45288,529,343
45289,529,344
45290,529,345
45291,529,346
45292,529,347
45293,529,348
45294,529,349
45295,529,350
45296,529,351
45297,529,352
45298,529,353
45299,529,354
45300,529,355
45301,529,356
45302,529,357
45303,529,358
45304,529,359
45305,529,360
45306,529,361
45307,529,362
45308,529,363
45309,529,364
45310,529,365
45311,529,366
45312,529,367
45313,529,368
45314,529,369
45315,529,370
45316,529,371
45317,529,372
45318,529,373
45319,529,374
45320,529,375
45321,529,376
45322,529,377
45323,529,378
45324,529,379
45325,529,380
45326,529,381
45327,529,382
45328,529,383
45329,529,384
45330,529,385
45331,529,386
45332,529,387
45333,529,388
45334,529,389
45335,529,390
45336,529,391
45337,529,392
45338,529,393
45339,529,394
45340,529,395
45341,529,396
45342,529,397
45343,529,398
45344,529,399
45345,529,400
45346,529,401
45347,529,402
45348,529,403
45349,529,404
45350,529,405
45351,529,406
45352,529,407
45353,529,408
45354,529,409
45355,529,410
45356,529,411
45357,529,412
45358,529,413
45359,529,414
45360,529,415
45361,529,416
45362,529,417
45363,529,418
45364,529,419
45365,529,420
45366,529,421
45367,529,422
45368,529,423
45369,529,424
45370,529,425
45371,529,426
45372,529,427
45373,529,428
45374,529,429
45375,529,430
45376,529,431
45377,529,432
45378,529,433
45379,529,434
45380,529,435
45381,529,436
45382,529,437
45383,529,438
45384,529,439
45385,529,440
45386,529,441
45387,529,442
45388,529,443
45389,529,444
45390,529,445
45391,529,446
45392,529,447
45393,529,448
45394,529,449
45395,529,450
45396,529,451
45397,529,452
45398,529,453
45399,529,454
45400,529,455
45401,529,456
45402,529,457
45403,529,458
45404,529,459
45405,529,460
45406,529,461
45407,529,462
45408,529,463
45409,529,464
45410,529,465
45411,529,466
45412,529,467
45413,529,468
45414,529,469
45415,529,470
45416,529,471
45417,529,472
45418,529,473
45419,529,474
45420,529,475
45421,529,476
45422,529,477
45423,529,478
45424,529,479
45425,529,480
45426,529,481
45427,529,482
45428,529,483
45429,529,484
45430,529,485
45431,529,486
45432,529,487
45433,529,488
45434,529,489
45435,529,490
45436,529,491
45437,529,492
45438,529,493
45439,529,494
45440,529,495
45441,529,496
45442,529,497
45443,529,498
45444,529,499
45445,529,500
45446,530,335
45447,530,336
45448,530,337
45449,530,338
45450,530,339
45451,530,340
45452,530,341
45453,530,342
45454,530,343
45455,530,344
45456,530,345
45457,530,346
45458,530,347
45459,530,348
45460,530,349
45461,530,350
45462,530,351
45463,530,352
45464,530,353
45465,530,354
45466,530,355
45467,530,356
45468,530,357
45469,530,358
45470,530,359
45471,530,360
45472,530,361
45473,530,362
45474,530,363
45475,530,364
45476,530,365
45477,530,366
45478,530,367
45479,530,368
45480,530,369
45481,530,370
45482,530,371
45483,530,372
45484,530,373
45485,530,374
45486,530,375
45487,530,376
45488,530,377
45489,530,378
45490,530,379
45491,530,380
45492,530,381
45493,530,382
45494,530,383
45495,530,384
45496,530,385
45497,530,386
45498,530,387
45499,530,388
45500,530,389
45501,530,390
45502,530,391
45503,530,392
45504,530,393
45505,530,394
45506,530,395
45507,530,396
45508,530,397
45509,530,398
45510,530,399
45511,530,400
45512,530,401
45513,530,402
45514,530,403
45515,530,404
45516,530,405
45517,530,406
45518,530,407
45519,530,408
45520,530,409
45521,530,410
45522,530,411
45523,530,412
45524,530,413
45525,530,414
45526,530,415
45527,530,416
45528,530,417
45529,530,418
45530,530,419
45531,530,420
45532,530,421
45533,530,422
45534,530,423
45535,530,424
45536,530,425
45537,530,426
45538,530,427
45539,530,428
45540,530,429
45541,530,430
45542,530,431
45543,530,432
45544,530,433
45545,530,434
45546,530,435
45547,530,436
45548,530,437
45549,530,438
45550,530,439
45551,530,440
45552,530,441
45553,530,442
45554,530,443
45555,530,444
45556,530,445
45557,530,446
45558,530,447
45559,530,448
45560,530,449
45561,530,450
45562,530,451
45563,530,452
45564,530,453
45565,530,454
45566,530,455
45567,530,456
45568,530,457
45569,530,458
45570,530,459
45571,530,460
45572,530,461
45573,530,462
45574,530,463
45575,530,464
45576,530,465
45577,530,466
45578,530,467
45579,530,468
45580,530,469
45581,530,470
45582,530,471
45583,530,472
45584,530,473
45585,530,474
45586,530,475
45587,530,476
45588,530,477
45589,530,478
45590,530,479
45591,530,480
45592,530,481
45593,530,482
45594,530,483
45595,530,484
45596,530,485
45597,530,486
45598,530,487
45599,530,488
45600,530,489
45601,530,490
45602,530,491
45603,530,492
45604,530,493
45605,530,494
45606,530,495
45607,530,496
45608,530,497
45609,530,498
45610,530,499
45611,530,500
45612,531,335
45613,531,336
45614,531,337
45615,531,338
45616,531,339
45617,531,340
45618,531,341
45619,531,342
45620,531,343
45621,531,344
45622,531,345
45623,531,346
45624,531,347
45625,531,348
45626,531,349
45627,531,350
45628,531,351
45629,531,352
45630,531,353
45631,531,354
45632,531,355
45633,531,356
45634,531,357
45635,531,358
45636,531,359
45637,531,360
45638,531,361
45639,531,362
45640,531,363
45641,531,364
45642,531,365
45643,531,366
45644,531,367
45645,531,368
45646,531,369
45647,531,370
45648,531,371
45649,531,372
45650,531,373
45651,531,374
45652,531,375
45653,531,376
45654,531,377
45655,531,378
45656,531,379
45657,531,380
45658,531,381
45659,531,382
45660,531,383
45661,531,384
45662,531,385
45663,531,386
45664,531,387
45665,531,388
45666,531,389
45667,531,390
45668,531,391
45669,531,392
45670,531,393
45671,531,394
45672,531,395
45673,531,396
45674,531,397
45675,531,398
45676,531,399
45677,531,400
45678,531,401
45679,531,402
45680,531,403
45681,531,404
45682,531,405
45683,531,406
45684,531,407
45685,531,408
45686,531,409
45687,531,410
45688,531,411
45689,531,412
45690,531,413
45691,531,414
45692,531,415
45693,531,416
45694,531,417
45695,531,418
45696,531,419
45697,531,420
45698,531,421
45699,531,422
45700,531,423
45701,531,424
45702,531,425
45703,531,426
45704,531,427
45705,531,428
45706,531,429
45707,531,430
45708,531,431
45709,531,432
45710,531,433
45711,531,434
45712,531,435
45713,531,436
45714,531,437
45715,531,438
45716,531,439
45717,531,440
45718,531,441
45719,531,442
45720,531,443
45721,531,444
45722,531,445
45723,531,446
45724,531,447
45725,531,448
45726,531,449
45727,531,450
45728,531,451
45729,531,452
45730,531,453
45731,531,454
45732,531,455
45733,531,456
45734,531,457
45735,531,458
45736,531,459
45737,531,460
45738,531,461
45739,531,462
45740,531,463
45741,531,464
45742,531,465
45743,531,466
45744,531,467
45745,531,468
45746,531,469
45747,531,470
45748,531,471
45749,531,472
45750,531,473
45751,531,474
45752,531,475
45753,531,476
45754,531,477
45755,531,478
45756,531,479
45757,531,480
45758,531,481
45759,531,482
45760,531,483
45761,531,484
45762,531,485
45763,531,486
45764,531,487
45765,531,488
45766,531,489
45767,531,490
45768,531,491
45769,531,492
45770,531,493
45771,531,494
45772,531,495
45773,531,496
45774,531,497
45775,531,498
45776,531,499
45777,531,500
45778,532,335
45779,532,336
45780,532,337
45781,532,338
45782,532,339
45783,532,340
45784,532,341
45785,532,342
45786,532,343
45787,532,344
45788,532,345
45789,532,346
45790,532,347
45791,532,348
45792,532,349
45793,532,350
45794,532,351
45795,532,352
45796,532,353
45797,532,354
45798,532,355
45799,532,356
45800,532,357
45801,532,358
45802,532,359
45803,532,360
45804,532,361
45805,532,362
45806,532,363
45807,532,364
45808,532,365
45809,532,366
45810,532,367
45811,532,368
45812,532,369
45813,532,370
45814,532,371
45815,532,372
45816,532,373
45817,532,374
45818,532,375
45819,532,376
45820,532,377
45821,532,378
45822,532,379
45823,532,380
45824,532,381
45825,532,382
45826,532,383
45827,532,384
45828,532,385
45829,532,386
45830,532,387
45831,532,388
45832,532,389
45833,532,390
45834,532,391
45835,532,392
45836,532,393
45837,532,394
45838,532,395
45839,532,396
45840,532,397
45841,532,398
45842,532,399
45843,532,400
45844,532,401
45845,532,402
45846,532,403
45847,532,404
45848,532,405
45849,532,406
45850,532,407
45851,532,408
45852,532,409
45853,532,410
45854,532,411
45855,532,412
45856,532,413
45857,532,414
45858,532,415
45859,532,416
45860,532,417
45861,532,418
45862,532,419
45863,532,420
45864,532,421
45865,532,422
45866,532,423
45867,532,424
45868,532,425
45869,532,426
45870,532,427
45871,532,428
45872,532,429
45873,532,430
45874,532,431
45875,532,432
45876,532,433
45877,532,434
45878,532,435
45879,532,436
45880,532,437
45881,532,438
45882,532,439
45883,532,440
45884,532,441
45885,532,442
45886,532,443
45887,532,444
45888,532,445
45889,532,446
45890,532,447
45891,532,448
45892,532,449
45893,532,450
45894,532,451
45895,532,452
45896,532,453
45897,532,454
45898,532,455
45899,532,456
45900,532,457
45901,532,458
45902,532,459
45903,532,460
45904,532,461
45905,532,462
45906,532,463
45907,532,464
45908,532,465
45909,532,466
45910,532,467
45911,532,468
45912,532,469
45913,532,470
45914,532,471
45915,532,472
45916,532,473
45917,532,474
45918,532,475
45919,532,476
45920,532,477
45921,532,478
45922,532,479
45923,532,480
45924,532,481
45925,532,482
45926,532,483
45927,532,484
45928,532,485
45929,532,486
45930,532,487
45931,532,488
45932,532,489
45933,532,490
45934,532,491
45935,532,492
45936,532,493
45937,532,494
45938,532,495
45939,532,496
45940,532,497
45941,532,498
45942,532,499
45943,532,500
45944,533,335
45945,533,336
45946,533,337
45947,533,338
45948,533,339
45949,533,340
45950,533,341
45951,533,342
45952,533,343
45953,533,344
45954,533,345
45955,533,346
45956,533,347
45957,533,348
45958,533,349
45959,533,350
45960,533,351
45961,533,352
45962,533,353
45963,533,354
45964,533,355
45965,533,356
45966,533,357
45967,533,358
45968,533,359
45969,533,360
45970,533,361
45971,533,362
45972,533,363
45973,533,364
45974,533,365
45975,533,366
45976,533,367
45977,533,368
45978,533,369
45979,533,370
45980,533,371
45981,533,372
45982,533,373
45983,533,374
45984,533,375
45985,533,376
45986,533,377
45987,533,378
45988,533,379
45989,533,380
45990,533,381
45991,533,382
45992,533,383
45993,533,384
45994,533,385
45995,533,386
45996,533,387
45997,533,388
45998,533,389
45999,533,390
46000,533,391
46001,533,392
46002,533,393
46003,533,394
46004,533,395
46005,533,396
46006,533,397
46007,533,398
46008,533,399
46009,533,400
46010,533,401
46011,533,402
46012,533,403
46013,533,404
46014,533,405
46015,533,406
46016,533,407
46017,533,408
46018,533,409
46019,533,410
46020,533,411
46021,533,412
46022,533,413
46023,533,414
46024,533,415
46025,533,416
46026,533,417
46027,533,418
46028,533,419
46029,533,420
46030,533,421
46031,533,422
46032,533,423
46033,533,424
46034,533,425
46035,533,426
46036,533,427
46037,533,428
46038,533,429
46039,533,430
46040,533,431
46041,533,432
46042,533,433
46043,533,434
46044,533,435
46045,533,436
46046,533,437
46047,533,438
46048,533,439
46049,533,440
46050,533,441
46051,533,442
46052,533,443
46053,533,444
46054,533,445
46055,533,446
46056,533,447
46057,533,448
46058,533,449
46059,533,450
46060,533,451
46061,533,452
46062,533,453
46063,533,454
46064,533,455
46065,533,456
46066,533,457
46067,533,458
46068,533,459
46069,533,460
46070,533,461
46071,533,462
46072,533,463
46073,533,464
46074,533,465
46075,533,466
46076,533,467
46077,533,468
46078,533,469
46079,533,470
46080,533,471
46081,533,472
46082,533,473
46083,533,474
46084,533,475
46085,533,476
46086,533,477
46087,533,478
46088,533,479
46089,533,480
46090,533,481
46091,533,482
46092,533,483
46093,533,484
46094,533,485
46095,533,486
46096,533,487
46097,533,488
46098,533,489
46099,533,490
46100,533,491
46101,533,492
46102,533,493
46103,533,494
46104,533,495
46105,533,496
46106,533,497
46107,533,498
46108,533,499
46109,533,500
46110,534,336
46111,534,337
46112,534,338
46113,534,339
46114,534,340
46115,534,341
46116,534,342
46117,534,343
46118,534,344
46119,534,345
46120,534,346
46121,534,347
46122,534,348
46123,534,349
46124,534,350
46125,534,351
46126,534,352
46127,534,353
46128,534,354
46129,534,355
46130,534,356
46131,534,357
46132,534,358
46133,534,359
46134,534,360
46135,534,361
46136,534,362
46137,534,363
46138,534,364
46139,534,365
46140,534,366
46141,534,367
46142,534,368
46143,534,369
46144,534,370
46145,534,371
46146,534,372
46147,534,373
46148,534,374
46149,534,375
46150,534,376
46151,534,377
46152,534,378
46153,534,379
46154,534,380
46155,534,381
46156,534,382
46157,534,383
46158,534,384
46159,534,385
46160,534,386
46161,534,387
46162,534,388
46163,534,389
46164,534,390
46165,534,391
46166,534,392
46167,534,393
46168,534,394
46169,534,395
46170,534,396
46171,534,397
46172,534,398
46173,534,399
46174,534,400
46175,534,401
46176,534,402
46177,534,403
46178,534,404
46179,534,405
46180,534,406
46181,534,407
46182,534,408
46183,534,409
46184,534,410
46185,534,411
46186,534,412
46187,534,413
46188,534,414
46189,534,415
46190,534,416
46191,534,417
46192,534,418
46193,534,419
46194,534,420
46195,534,421
46196,534,422
46197,534,423
46198,534,424
46199,534,425
46200,534,426
46201,534,427
46202,534,428
46203,534,429
46204,534,430
46205,534,431
46206,534,432
46207,534,433
46208,534,434
46209,534,435
46210,534,436
46211,534,437
46212,534,438
46213,534,439
46214,534,440
46215,534,441
46216,534,442
46217,534,443
46218,534,444
46219,534,445
46220,534,446
46221,534,447
46222,534,448
46223,534,449
46224,534,450
46225,534,451
46226,534,452
46227,534,453
46228,534,454
46229,534,455
46230,534,456
46231,534,457
46232,534,458
46233,534,459
46234,534,460
46235,534,461
46236,534,462
46237,534,463
46238,534,464
46239,534,465
46240,534,466
46241,534,467
46242,534,468
46243,534,469
46244,534,470
46245,534,471
46246,534,472
46247,534,473
46248,534,474
46249,534,475
46250,534,476
46251,534,477
46252,534,478
46253,534,479
46254,534,480
46255,534,481
46256,534,482
46257,534,483
46258,534,484
46259,534,485
46260,534,486
46261,534,487
46262,534,488
46263,534,489
46264,534,490
46265,534,491
46266,534,492
46267,534,493
46268,534,494
46269,534,495
46270,534,496
46271,534,497
46272,534,498
46273,534,499
46274,534,500
46275,535,336
46276,535,337
46277,535,338
46278,535,339
46279,535,340
46280,535,341
46281,535,342
46282,535,343
46283,535,344
46284,535,345
46285,535,346
46286,535,347
46287,535,348
46288,535,349
46289,535,350
46290,535,351
46291,535,352
46292,535,353
46293,535,354
46294,535,355
46295,535,356
46296,535,357
46297,535,358
46298,535,359
46299,535,360
46300,535,361
46301,535,362
46302,535,363
46303,535,364
46304,535,365
46305,535,366
46306,535,367
46307,535,368
46308,535,369
46309,535,370
46310,535,371
46311,535,372
46312,535,373
46313,535,374
46314,535,375
46315,535,376
46316,535,377
46317,535,378
46318,535,379
46319,535,380
46320,535,381
46321,535,382
46322,535,383
46323,535,384
46324,535,385
46325,535,386
46326,535,387
46327,535,388
46328,535,389
46329,535,390
46330,535,391
46331,535,392
46332,535,393
46333,535,394
46334,535,395
46335,535,396
46336,535,397
46337,535,398
46338,535,399
46339,535,400
46340,535,401
46341,535,402
46342,535,403
46343,535,404
46344,535,405
46345,535,406
46346,535,407
46347,535,408
46348,535,409
46349,535,410
46350,535,411
46351,535,412
46352,535,413
46353,535,414
46354,535,415
46355,535,416
46356,535,417
46357,535,418
46358,535,419
46359,535,420
46360,535,421
46361,535,422
46362,535,423
46363,535,424
46364,535,425
46365,535,426
46366,535,427
46367,535,428
46368,535,429
46369,535,430
46370,535,431
46371,535,432
46372,535,433
46373,535,434
46374,535,435
46375,535,436
46376,535,437
46377,535,438
46378,535,439
46379,535,440
46380,535,441
46381,535,442
46382,535,443
46383,535,444
46384,535,445
46385,535,446
46386,535,447
46387,535,448
46388,535,449
46389,535,450
46390,535,451
46391,535,452
46392,535,453
46393,535,454
46394,535,455
46395,535,456
46396,535,457
46397,535,458
46398,535,459
46399,535,460
46400,535,461
46401,535,462
46402,535,463
46403,535,464
46404,535,465
46405,535,466
46406,535,467
46407,535,468
46408,535,469
46409,535,470
46410,535,471
46411,535,472
46412,535,473
46413,535,474
46414,535,475
46415,535,476
46416,535,477
46417,535,478
46418,535,479
46419,535,480
46420,535,481
46421,535,482
46422,535,483
46423,535,484
46424,535,485
46425,535,486
46426,535,487
46427,535,488
46428,535,489
46429,535,490
46430,535,491
46431,535,492
46432,535,493
46433,535,494
46434,535,495
46435,535,496
46436,535,497
46437,535,498
46438,535,499
46439,535,500
46440,535,501
46441,536,336
46442,536,337
46443,536,338
46444,536,339
46445,536,340
46446,536,341
46447,536,342
46448,536,343
46449,536,344
46450,536,345
46451,536,346
46452,536,347
46453,536,348
46454,536,349
46455,536,350
46456,536,351
46457,536,352
46458,536,353
46459,536,354
46460,536,355
46461,536,356
46462,536,357
46463,536,358
46464,536,359
46465,536,360
46466,536,361
46467,536,362
46468,536,363
46469,536,364
46470,536,365
46471,536,366
46472,536,367
46473,536,368
46474,536,369
46475,536,370
46476,536,371
46477,536,372
46478,536,373
46479,536,374
46480,536,375
46481,536,376
46482,536,377
46483,536,378
46484,536,379
46485,536,380
46486,536,381
46487,536,382
46488,536,383
46489,536,384
46490,536,385
46491,536,386
46492,536,387
46493,536,388
46494,536,389
46495,536,390
46496,536,391
46497,536,392
46498,536,393
46499,536,394
46500,536,395
46501,536,396
46502,536,397
46503,536,398
46504,536,399
46505,536,400
46506,536,401
46507,536,402
46508,536,403
46509,536,404
46510,536,405
46511,536,406
46512,536,407
46513,536,408
46514,536,409
46515,536,410
46516,536,411
46517,536,412
46518,536,413
46519,536,414
46520,536,415
46521,536,416
46522,536,417
46523,536,418
46524,536,419
46525,536,420
46526,536,421
46527,536,422
46528,536,423
46529,536,424
46530,536,425
46531,536,426
46532,536,427
46533,536,428
46534,536,429
46535,536,430
46536,536,431
46537,536,432
46538,536,433
46539,536,434
46540,536,435
46541,536,436
46542,536,437
46543,536,438
46544,536,439
46545,536,440
46546,536,441
46547,536,442
46548,536,443
46549,536,444
46550,536,445
46551,536,446
46552,536,447
46553,536,448
46554,536,449
46555,536,450
46556,536,451
46557,536,452
46558,536,453
46559,536,454
46560,536,455
46561,536,456
46562,536,457
46563,536,458
46564,536,459
46565,536,460
46566,536,461
46567,536,462
46568,536,463
46569,536,464
46570,536,465
46571,536,466
46572,536,467
46573,536,468
46574,536,469
46575,536,470
46576,536,471
46577,536,472
46578,536,473
46579,536,474
46580,536,475
46581,536,476
46582,536,477
46583,536,478
46584,536,479
46585,536,480
46586,536,481
46587,536,482
46588,536,483
46589,536,484
46590,536,485
46591,536,486
46592,536,487
46593,536,488
46594,536,489
46595,536,490
46596,536,491
46597,536,492
46598,536,493
46599,536,494
46600,536,495
46601,536,496
46602,536,497
46603,536,498
46604,536,499
46605,536,500
46606,536,501
46607,537,336
46608,537,337
46609,537,338
46610,537,339
46611,537,340
46612,537,341
46613,537,342
46614,537,343
46615,537,344
46616,537,345
46617,537,346
46618,537,347
46619,537,348
46620,537,349
46621,537,350
46622,537,351
46623,537,352
46624,537,353
46625,537,354
46626,537,355
46627,537,356
46628,537,357
46629,537,358
46630,537,359
46631,537,360
46632,537,361
46633,537,362
46634,537,363
46635,537,364
46636,537,365
46637,537,366
46638,537,367
46639,537,368
46640,537,369
46641,537,370
46642,537,371
46643,537,372
46644,537,373
46645,537,374
46646,537,375
46647,537,376
46648,537,377
46649,537,378
46650,537,379
46651,537,380
46652,537,381
46653,537,382
46654,537,383
46655,537,384
46656,537,385
46657,537,386
46658,537,387
46659,537,388
46660,537,389
46661,537,390
46662,537,391
46663,537,392
46664,537,393
46665,537,394
46666,537,395
46667,537,396
46668,537,397
46669,537,398
46670,537,399
46671,537,400
46672,537,401
46673,537,402
46674,537,403
46675,537,404
46676,537,405
46677,537,406
46678,537,407
46679,537,408
46680,537,409
46681,537,410
46682,537,411
46683,537,412
46684,537,413
46685,537,414
46686,537,415
46687,537,416
46688,537,417
46689,537,418
46690,537,419
46691,537,420
46692,537,421
46693,537,422
46694,537,423
46695,537,424
46696,537,425
46697,537,426
46698,537,427
46699,537,428
46700,537,429
46701,537,430
46702,537,431
46703,537,432
46704,537,433
46705,537,434
46706,537,435
46707,537,436
46708,537,437
46709,537,438
46710,537,439
46711,537,440
46712,537,441
46713,537,442
46714,537,443
46715,537,444
46716,537,445
46717,537,446
46718,537,447
46719,537,448
46720,537,449
46721,537,450
46722,537,451
46723,537,452
46724,537,453
46725,537,454
46726,537,455
46727,537,456
46728,537,457
46729,537,458
46730,537,459
46731,537,460
46732,537,461
46733,537,462
46734,537,463
46735,537,464
46736,537,465
46737,537,466
46738,537,467
46739,537,468
46740,537,469
46741,537,470
46742,537,471
46743,537,472
46744,537,473
46745,537,474
46746,537,475
46747,537,476
46748,537,477
46749,537,478
46750,537,479
46751,537,480
46752,537,481
46753,537,482
46754,537,483
46755,537,484
46756,537,485
46757,537,486
46758,537,487
46759,537,488
46760,537,489
46761,537,490
46762,537,491
46763,537,492
46764,537,493
46765,537,494
46766,537,495
46767,537,496
46768,537,497
46769,537,498
46770,537,499
46771,537,500
46772,537,501
46773,538,337
46774,538,338
46775,538,339
46776,538,340
46777,538,341
46778,538,342
46779,538,343
46780,538,344
46781,538,345
46782,538,346
46783,538,347
46784,538,348
46785,538,349
46786,538,350
46787,538,351
46788,538,352
46789,538,353
46790,538,354
46791,538,355
46792,538,356
46793,538,357
46794,538,358
46795,538,359
46796,538,360
46797,538,361
46798,538,362
46799,538,363
46800,538,364
46801,538,365
46802,538,366
46803,538,367
46804,538,368
46805,538,369
46806,538,370
46807,538,371
46808,538,372
46809,538,373
46810,538,374
46811,538,375
46812,538,376
46813,538,377
46814,538,378
46815,538,379
46816,538,380
46817,538,381
46818,538,382
46819,538,383
46820,538,384
46821,538,385
46822,538,386
46823,538,387
46824,538,388
46825,538,389
46826,538,390
46827,538,391
46828,538,392
46829,538,393
46830,538,394
46831,538,395
46832,538,396
46833,538,397
46834,538,398
46835,538,399
46836,538,400
46837,538,401
46838,538,402
46839,538,403
46840,538,404
46841,538,405
46842,538,406
46843,538,407
46844,538,408
46845,538,409
46846,538,410
46847,538,411
46848,538,412
46849,538,413
46850,538,414
46851,538,415
46852,538,416
46853,538,417
46854,538,418
46855,538,419
46856,538,420
46857,538,421
46858,538,422
46859,538,423
46860,538,424
46861,538,425
46862,538,426
46863,538,427
46864,538,428
46865,538,429
46866,538,430
46867,538,431
46868,538,432
46869,538,433
46870,538,434
46871,538,435
46872,538,436
46873,538,437
46874,538,438
46875,538,439
46876,538,440
46877,538,441
46878,538,442
46879,538,443
46880,538,444
46881,538,445
46882,538,446
46883,538,447
46884,538,448
46885,538,449
46886,538,450
46887,538,451
46888,538,452
46889,538,453
46890,538,454
46891,538,455
46892,538,456
46893,538,457
46894,538,458
46895,538,459
46896,538,460
46897,538,461
46898,538,462
46899,538,463
46900,538,464
46901,538,465
46902,538,466
46903,538,467
46904,538,468
46905,538,469
46906,538,470
46907,538,471
46908,538,472
46909,538,473
46910,538,474
46911,538,475
46912,538,476
46913,538,477
46914,538,478
46915,538,479
46916,538,480
46917,538,481
46918,538,482
46919,538,483
46920,538,484
46921,538,485
46922,538,486
46923,538,487
46924,538,488
46925,538,489
46926,538,490
46927,538,491
46928,538,492
46929,538,493
46930,538,494
46931,538,495
46932,538,496
46933,538,497
46934,538,498
46935,538,499
46936,538,500
46937,538,501
46938,539,337
46939,539,338
46940,539,339
46941,539,340
46942,539,341
46943,539,342
46944,539,343
46945,539,344
46946,539,345
46947,539,346
46948,539,347
46949,539,348
46950,539,349
46951,539,350
46952,539,351
46953,539,352
46954,539,353
46955,539,354
46956,539,355
46957,539,356
46958,539,357
46959,539,358
46960,539,359
46961,539,360
46962,539,361
46963,539,362
46964,539,363
46965,539,364
46966,539,365
46967,539,366
46968,539,367
46969,539,368
46970,539,369
46971,539,370
46972,539,371
46973,539,372
46974,539,373
46975,539,374
46976,539,375
46977,539,376
46978,539,377
46979,539,378
46980,539,379
46981,539,380
46982,539,381
46983,539,382
46984,539,383
46985,539,384
46986,539,385
46987,539,386
46988,539,387
46989,539,388
46990,539,389
46991,539,390
46992,539,391
46993,539,392
46994,539,393
46995,539,394
46996,539,395
46997,539,396
46998,539,397
46999,539,398
47000,539,399
47001,539,400
47002,539,401
47003,539,402
47004,539,403
47005,539,404
47006,539,405
47007,539,406
47008,539,407
47009,539,408
47010,539,409
47011,539,410
47012,539,411
47013,539,412
47014,539,413
47015,539,414
47016,539,415
47017,539,416
47018,539,417
47019,539,418
47020,539,419
47021,539,420
47022,539,421
47023,539,422
47024,539,423
47025,539,424
47026,539,425
47027,539,426
47028,539,427
47029,539,428
47030,539,429
47031,539,430
47032,539,431
47033,539,432
47034,539,433
47035,539,434
47036,539,435
47037,539,436
47038,539,437
47039,539,438
47040,539,439
47041,539,440
47042,539,441
47043,539,442
47044,539,443
47045,539,444
47046,539,445
47047,539,446
47048,539,447
47049,539,448
47050,539,449
47051,539,450
47052,539,451
47053,539,452
47054,539,453
47055,539,454
47056,539,455
47057,539,456
47058,539,457
47059,539,458
47060,539,459
47061,539,460
47062,539,461
47063,539,462
47064,539,463
47065,539,464
47066,539,465
47067,539,466
47068,539,467
47069,539,468
47070,539,469
47071,539,470
47072,539,471
47073,539,472
47074,539,473
47075,539,474
47076,539,475
47077,539,476
47078,539,477
47079,539,478
47080,539,479
47081,539,480
47082,539,481
47083,539,482
47084,539,483
47085,539,484
47086,539,485
47087,539,486
47088,539,487
47089,539,488
47090,539,489
47091,539,490
47092,539,491
47093,539,492
47094,539,493
47095,539,494
47096,539,495
47097,539,496
47098,539,497
47099,539,498
47100,539,499
47101,539,500
47102,539,501
47103,540,336
47104,540,337
47105,540,338
47106,540,339
47107,540,340
47108,540,341
47109,540,342
47110,540,343
47111,540,344
47112,540,345
47113,540,346
47114,540,347
47115,540,348
47116,540,349
47117,540,350
47118,540,351
47119,540,352
47120,540,353
47121,540,354
47122,540,355
47123,540,356
47124,540,357
47125,540,358
47126,540,359
47127,540,360
47128,540,361
47129,540,362
47130,540,363
47131,540,364
47132,540,365
47133,540,366
47134,540,367
47135,540,368
47136,540,369
47137,540,370
47138,540,371
47139,540,372
47140,540,373
47141,540,374
47142,540,375
47143,540,376
47144,540,377
47145,540,378
47146,540,379
47147,540,380
47148,540,381
47149,540,382
47150,540,383
47151,540,384
47152,540,385
47153,540,386
47154,540,387
47155,540,388
47156,540,389
47157,540,390
47158,540,391
47159,540,392
47160,540,393
47161,540,394
47162,540,395
47163,540,396
47164,540,397
47165,540,398
47166,540,399
47167,540,400
47168,540,401
47169,540,402
47170,540,403
47171,540,404
47172,540,405
47173,540,406
47174,540,407
47175,540,408
47176,540,409
47177,540,410
47178,540,411
47179,540,412
47180,540,413
47181,540,414
47182,540,415
47183,540,416
47184,540,417
47185,540,418
47186,540,419
47187,540,420
47188,540,421
47189,540,422
47190,540,423
47191,540,424
47192,540,425
47193,540,426
47194,540,427
47195,540,428
47196,540,429
47197,540,430
47198,540,431
47199,540,432
47200,540,433
47201,540,434
47202,540,435
47203,540,436
47204,540,437
47205,540,438
47206,540,439
47207,540,440
47208,540,441
47209,540,442
47210,540,443
47211,540,444
47212,540,445
47213,540,446
47214,540,447
47215,540,448
47216,540,449
47217,540,450
47218,540,451
47219,540,452
47220,540,453
47221,540,454
47222,540,455
47223,540,456
47224,540,457
47225,540,458
47226,540,459
47227,540,460
47228,540,461
47229,540,462
47230,540,463
47231,540,464
47232,540,465
47233,540,466
47234,540,467
47235,540,468
47236,540,469
47237,540,470
47238,540,471
47239,540,472
47240,540,473
47241,540,474
47242,540,475
47243,540,476
47244,540,477
47245,540,478
47246,540,479
47247,540,480
47248,540,481
47249,540,482
47250,540,483
47251,540,484
47252,540,485
47253,540,486
47254,540,487
47255,540,488
47256,540,489
47257,540,490
47258,540,491
47259,540,492
47260,540,493
47261,540,494
47262,540,495
47263,540,496
47264,540,497
47265,540,498
47266,540,499
47267,540,500
47268,540,501
47269,541,336
47270,541,337
47271,541,338
47272,541,339
47273,541,340
47274,541,341
47275,541,342
47276,541,343
47277,541,344
47278,541,345
47279,541,346
47280,541,347
47281,541,348
47282,541,349
47283,541,350
47284,541,351
47285,541,352
47286,541,353
47287,541,354
47288,541,355
47289,541,356
47290,541,357
47291,541,358
47292,541,359
47293,541,360
47294,541,361
47295,541,362
47296,541,363
47297,541,364
47298,541,365
47299,541,366
47300,541,367
47301,541,368
47302,541,369
47303,541,370
47304,541,371
47305,541,372
47306,541,373
47307,541,374
47308,541,375
47309,541,376
47310,541,377
47311,541,378
47312,541,379
47313,541,380
47314,541,381
47315,541,382
47316,541,383
47317,541,384
47318,541,385
47319,541,386
47320,541,387
47321,541,388
47322,541,389
47323,541,390
47324,541,391
47325,541,392
47326,541,393
47327,541,394
47328,541,395
47329,541,396
47330,541,397
47331,541,398
47332,541,399
47333,541,400
47334,541,401
47335,541,402
47336,541,403
47337,541,404
47338,541,405
47339,541,406
47340,541,407
47341,541,408
47342,541,409
47343,541,410
47344,541,411
47345,541,412
47346,541,413
47347,541,414
47348,541,415
47349,541,416
47350,541,417
47351,541,418
47352,541,419
47353,541,420
47354,541,421
47355,541,422
47356,541,423
47357,541,424
47358,541,425
47359,541,426
47360,541,427
47361,541,428
47362,541,429
47363,541,430
47364,541,431
47365,541,432
47366,541,433
47367,541,434
47368,541,435
47369,541,436
47370,541,437
47371,541,438
47372,541,439
47373,541,440
47374,541,441
47375,541,442
47376,541,443
47377,541,444
47378,541,445
47379,541,446
47380,541,447
47381,541,448
47382,541,449
47383,541,450
47384,541,451
47385,541,452
47386,541,453
47387,541,454
47388,541,455
47389,541,456
47390,541,457
47391,541,458
47392,541,459
47393,541,460
47394,541,461
47395,541,462
47396,541,463
47397,541,464
47398,541,465
47399,541,466
47400,541,467
47401,541,468
47402,541,469
47403,541,470
47404,541,471
47405,541,472
47406,541,473
47407,541,474
47408,541,475
47409,541,476
47410,541,477
47411,541,478
47412,541,479
47413,541,480
47414,541,481
47415,541,482
47416,541,483
47417,541,484
47418,541,485
47419,541,486
47420,541,487
47421,541,488
47422,541,489
47423,541,490
47424,541,491
47425,541,492
47426,541,493
47427,541,494
47428,541,495
47429,541,496
47430,541,497
47431,541,498
47432,541,499
47433,541,500
47434,541,501
47435,542,337
47436,542,338
47437,542,339
47438,542,340
47439,542,341
47440,542,342
47441,542,343
47442,542,344
47443,542,345
47444,542,346
47445,542,347
47446,542,348
47447,542,349
47448,542,350
47449,542,351
47450,542,352
47451,542,353
47452,542,354
47453,542,355
47454,542,356
47455,542,357
47456,542,358
47457,542,359
47458,542,360
47459,542,361
47460,542,362
47461,542,363
47462,542,364
47463,542,365
47464,542,366
47465,542,367
47466,542,368
47467,542,369
47468,542,370
47469,542,371
47470,542,372
47471,542,373
47472,542,374
47473,542,375
47474,542,376
47475,542,377
47476,542,378
47477,542,379
47478,542,380
47479,542,381
47480,542,382
47481,542,383
47482,542,384
47483,542,385
47484,542,386
47485,542,387
47486,542,388
47487,542,389
47488,542,390
47489,542,391
47490,542,392
47491,542,393
47492,542,394
47493,542,395
47494,542,396
47495,542,397
47496,542,398
47497,542,399
47498,542,400
47499,542,401
47500,542,402
47501,542,403
47502,542,404
47503,542,405
47504,542,406
47505,542,407
47506,542,408
47507,542,409
47508,542,410
47509,542,411
47510,542,412
47511,542,413
47512,542,414
47513,542,415
47514,542,416
47515,542,417
47516,542,418
47517,542,419
47518,542,420
47519,542,421
47520,542,422
47521,542,423
47522,542,424
47523,542,425
47524,542,426
47525,542,427
47526,542,428
47527,542,429
47528,542,430
47529,542,431
47530,542,432
47531,542,433
47532,542,434
47533,542,435
47534,542,436
47535,542,437
47536,542,438
47537,542,439
47538,542,440
47539,542,441
47540,542,442
47541,542,443
47542,542,444
47543,542,445
47544,542,446
47545,542,447
47546,542,448
47547,542,449
47548,542,450
47549,542,451
47550,542,452
47551,542,453
47552,542,454
47553,542,455
47554,542,456
47555,542,457
47556,542,458
47557,542,459
47558,542,460
47559,542,461
47560,542,462
47561,542,463
47562,542,464
47563,542,465
47564,542,466
47565,542,467
47566,542,468
47567,542,469
47568,542,470
47569,542,471
47570,542,472
47571,542,473
47572,542,474
47573,542,475
47574,542,476
47575,542,477
47576,542,478
47577,542,479
47578,542,480
47579,542,481
47580,542,482
47581,542,483
47582,542,484
47583,542,485
47584,542,486
47585,542,487
47586,542,488
47587,542,489
47588,542,490
47589,542,491
47590,542,492
47591,542,493
47592,542,494
47593,542,495
47594,542,496
47595,542,497
47596,542,498
47597,542,499
47598,542,500
47599,542,501
47600,543,338
47601,543,339
47602,543,340
47603,543,341
47604,543,342
47605,543,343
47606,543,344
47607,543,345
47608,543,346
47609,543,347
47610,543,348
47611,543,349
47612,543,350
47613,543,351
47614,543,352
47615,543,353
47616,543,354
47617,543,355
47618,543,356
47619,543,357
47620,543,358
47621,543,359
47622,543,360
47623,543,361
47624,543,362
47625,543,363
47626,543,364
47627,543,365
47628,543,366
47629,543,367
47630,543,368
47631,543,369
47632,543,370
47633,543,371
47634,543,372
47635,543,373
47636,543,374
47637,543,375
47638,543,376
47639,543,377
47640,543,378
47641,543,379
47642,543,380
47643,543,381
47644,543,382
47645,543,383
47646,543,384
47647,543,385
47648,543,386
47649,543,387
47650,543,388
47651,543,389
47652,543,390
47653,543,391
47654,543,392
47655,543,393
47656,543,394
47657,543,395
47658,543,396
47659,543,397
47660,543,398
47661,543,399
47662,543,400
47663,543,401
47664,543,402
47665,543,403
47666,543,404
47667,543,405
47668,543,406
47669,543,407
47670,543,408
47671,543,409
47672,543,410
47673,543,411
47674,543,412
47675,543,413
47676,543,414
47677,543,415
47678,543,416
47679,543,417
47680,543,418
47681,543,419
47682,543,420
47683,543,421
47684,543,422
47685,543,423
47686,543,424
47687,543,425
47688,543,426
47689,543,427
47690,543,428
47691,543,429
47692,543,430
47693,543,431
47694,543,432
47695,543,433
47696,543,434
47697,543,435
47698,543,436
47699,543,437
47700,543,438
47701,543,439
47702,543,440
47703,543,441
47704,543,442
47705,543,443
47706,543,444
47707,543,445
47708,543,446
47709,543,447
47710,543,448
47711,543,449
47712,543,450
47713,543,451
47714,543,452
47715,543,453
47716,543,454
47717,543,455
47718,543,456
47719,543,457
47720,543,458
47721,543,459
47722,543,460
47723,543,461
47724,543,462
47725,543,463
47726,543,464
47727,543,465
47728,543,466
47729,543,467
47730,543,468
47731,543,469
47732,543,470
47733,543,471
47734,543,472
47735,543,473
47736,543,474
47737,543,475
47738,543,476
47739,543,477
47740,543,478
47741,543,479
47742,543,480
47743,543,481
47744,543,482
47745,543,483
47746,543,484
47747,543,485
47748,543,486
47749,543,487
47750,543,488
47751,543,489
47752,543,490
47753,543,491
47754,543,492
47755,543,493
47756,543,494
47757,543,495
47758,543,496
47759,543,497
47760,543,498
47761,543,499
47762,543,500
47763,543,501
47764,543,502
47765,544,338
47766,544,339
47767,544,340
47768,544,341
47769,544,342
47770,544,343
47771,544,344
47772,544,345
47773,544,346
47774,544,347
47775,544,348
47776,544,349
47777,544,350
47778,544,351
47779,544,352
47780,544,353
47781,544,354
47782,544,355
47783,544,356
47784,544,357
47785,544,358
47786,544,359
47787,544,360
47788,544,361
47789,544,362
47790,544,363
47791,544,364
47792,544,365
47793,544,366
47794,544,367
47795,544,368
47796,544,369
47797,544,370
47798,544,371
47799,544,372
47800,544,373
47801,544,374
47802,544,375
47803,544,376
47804,544,377
47805,544,378
47806,544,379
47807,544,380
47808,544,381
47809,544,382
47810,544,383
47811,544,384
47812,544,385
47813,544,386
47814,544,387
47815,544,388
47816,544,389
47817,544,390
47818,544,391
47819,544,392
47820,544,393
47821,544,394
47822,544,395
47823,544,396
47824,544,397
47825,544,398
47826,544,399
47827,544,400
47828,544,401
47829,544,402
47830,544,403
47831,544,404
47832,544,405
47833,544,406
47834,544,407
47835,544,408
47836,544,409
47837,544,410
47838,544,411
47839,544,412
47840,544,413
47841,544,414
47842,544,415
47843,544,416
47844,544,417
47845,544,418
47846,544,419
47847,544,420
47848,544,421
47849,544,422
47850,544,423
47851,544,424
47852,544,425
47853,544,426
47854,544,427
47855,544,428
47856,544,429
47857,544,430
47858,544,431
47859,544,432
47860,544,433
47861,544,434
47862,544,435
47863,544,436
47864,544,437
47865,544,438
47866,544,439
47867,544,440
47868,544,441
47869,544,442
47870,544,443
47871,544,444
47872,544,445
47873,544,446
47874,544,447
47875,544,448
47876,544,449
47877,544,450
47878,544,451
47879,544,452
47880,544,453
47881,544,454
47882,544,455
47883,544,456
47884,544,457
47885,544,458
47886,544,459
47887,544,460
47888,544,461
47889,544,462
47890,544,463
47891,544,464
47892,544,465
47893,544,466
47894,544,467
47895,544,468
47896,544,469
47897,544,470
47898,544,471
47899,544,472
47900,544,473
47901,544,474
47902,544,475
47903,544,476
47904,544,477
47905,544,478
47906,544,479
47907,544,480
47908,544,481
47909,544,482
47910,544,483
47911,544,484
47912,544,485
47913,544,486
47914,544,487
47915,544,488
47916,544,489
47917,544,490
47918,544,491
47919,544,492
47920,544,493
47921,544,494
47922,544,495
47923,544,496
47924,544,497
47925,544,498
47926,544,499
47927,544,500
47928,544,501
47929,544,502
47930,545,339
47931,545,340
47932,545,341
47933,545,342
47934,545,343
47935,545,344
47936,545,345
47937,545,346
47938,545,347
47939,545,348
47940,545,349
47941,545,350
47942,545,351
47943,545,352
47944,545,353
47945,545,354
47946,545,355
47947,545,356
47948,545,357
47949,545,358
47950,545,359
47951,545,360
47952,545,361
47953,545,362
47954,545,363
47955,545,364
47956,545,365
47957,545,366
47958,545,367
47959,545,368
47960,545,369
47961,545,370
47962,545,371
47963,545,372
47964,545,373
47965,545,374
47966,545,375
47967,545,376
47968,545,377
47969,545,378
47970,545,379
47971,545,380
47972,545,381
47973,545,382
47974,545,383
47975,545,384
47976,545,385
47977,545,386
47978,545,387
47979,545,388
47980,545,389
47981,545,390
47982,545,391
47983,545,392
47984,545,393
47985,545,394
47986,545,395
47987,545,396
47988,545,397
47989,545,398
47990,545,399
47991,545,400
47992,545,401
47993,545,402
47994,545,403
47995,545,404
47996,545,405
47997,545,406
47998,545,407
47999,545,408
48000,545,409
48001,545,410
48002,545,411
48003,545,412
48004,545,413
48005,545,414
48006,545,415
48007,545,416
48008,545,417
48009,545,418
48010,545,419
48011,545,420
48012,545,421
48013,545,422
48014,545,423
48015,545,424
48016,545,425
48017,545,426
48018,545,427
48019,545,428
48020,545,429
48021,545,430
48022,545,431
48023,545,432
48024,545,433
48025,545,434
48026,545,435
48027,545,436
48028,545,437
48029,545,438
48030,545,439
48031,545,440
48032,545,441
48033,545,442
48034,545,443
48035,545,444
48036,545,445
48037,545,446
48038,545,447
48039,545,448
48040,545,449
48041,545,450
48042,545,451
48043,545,452
48044,545,453
48045,545,454
48046,545,455
48047,545,456
48048,545,457
48049,545,458
48050,545,459
48051,545,460
48052,545,461
48053,545,462
48054,545,463
48055,545,464
48056,545,465
48057,545,466
48058,545,467
48059,545,468
48060,545,469
48061,545,470
48062,545,471
48063,545,472
48064,545,473
48065,545,474
48066,545,475
48067,545,476
48068,545,477
48069,545,478
48070,545,479
48071,545,480
48072,545,481
48073,545,482
48074,545,483
48075,545,484
48076,545,485
48077,545,486
48078,545,487
48079,545,488
48080,545,489
48081,545,490
48082,545,491
48083,545,492
48084,545,493
48085,545,494
48086,545,495
48087,545,496
48088,545,497
48089,545,498
48090,545,499
48091,545,500
48092,545,501
48093,545,502
48094,546,339
48095,546,340
48096,546,341
48097,546,342
48098,546,343
48099,546,344
48100,546,345
48101,546,346
48102,546,347
48103,546,348
48104,546,349
48105,546,350
48106,546,351
48107,546,352
48108,546,353
48109,546,354
48110,546,355
48111,546,356
48112,546,357
48113,546,358
48114,546,359
48115,546,360
48116,546,361
48117,546,362
48118,546,363
48119,546,364
48120,546,365
48121,546,366
48122,546,367
48123,546,368
48124,546,369
48125,546,370
48126,546,371
48127,546,372
48128,546,373
48129,546,374
48130,546,375
48131,546,376
48132,546,377
48133,546,378
48134,546,379
48135,546,380
48136,546,381
48137,546,382
48138,546,383
48139,546,384
48140,546,385
48141,546,386
48142,546,387
48143,546,388
48144,546,389
48145,546,390
48146,546,391
48147,546,392
48148,546,393
48149,546,394
48150,546,395
48151,546,396
48152,546,397
48153,546,398
48154,546,399
48155,546,400
48156,546,401
48157,546,402
48158,546,403
48159,546,404
48160,546,405
48161,546,406
48162,546,407
48163,546,408
48164,546,409
48165,546,410
48166,546,411
48167,546,412
48168,546,413
48169,546,414
48170,546,415
48171,546,416
48172,546,417
48173,546,418
48174,546,419
48175,546,420
48176,546,421
48177,546,422
48178,546,423
48179,546,424
48180,546,425
48181,546,426
48182,546,427
48183,546,428
48184,546,429
48185,546,430
48186,546,431
48187,546,432
48188,546,433
48189,546,434
48190,546,435
48191,546,436
48192,546,437
48193,546,438
48194,546,439
48195,546,440
48196,546,441
48197,546,442
48198,546,443
48199,546,444
48200,546,445
48201,546,446
48202,546,447
48203,546,448
48204,546,449
48205,546,450
48206,546,451
48207,546,452
48208,546,453
48209,546,454
48210,546,455
48211,546,456
48212,546,457
48213,546,458
48214,546,459
48215,546,460
48216,546,461
48217,546,462
48218,546,463
48219,546,464
48220,546,465
48221,546,466
48222,546,467
48223,546,468
48224,546,469
48225,546,470
48226,546,471
48227,546,472
48228,546,473
48229,546,474
48230,546,475
48231,546,476
48232,546,477
48233,546,478
48234,546,479
48235,546,480
48236,546,481
48237,546,482
48238,546,483
48239,546,484
48240,546,485
48241,546,486
48242,546,487
48243,546,488
48244,546,489
48245,546,490
48246,546,491
48247,546,492
48248,546,493
48249,546,494
48250,546,495
48251,546,496
48252,546,497
48253,546,498
48254,546,499
48255,546,500
48256,546,501
48257,546,502
48258,547,339
48259,547,340
48260,547,341
48261,547,342
48262,547,343
48263,547,344
48264,547,345
48265,547,346
48266,547,347
48267,547,348
48268,547,349
48269,547,350
48270,547,351
48271,547,352
48272,547,353
48273,547,354
48274,547,355
48275,547,356
48276,547,357
48277,547,358
48278,547,359
48279,547,360
48280,547,361
48281,547,362
48282,547,363
48283,547,364
48284,547,365
48285,547,366
48286,547,367
48287,547,368
48288,547,369
48289,547,370
48290,547,371
48291,547,372
48292,547,373
48293,547,374
48294,547,375
48295,547,376
48296,547,377
48297,547,378
48298,547,379
48299,547,380
48300,547,381
48301,547,382
48302,547,383
48303,547,384
48304,547,385
48305,547,386
48306,547,387
48307,547,388
48308,547,389
48309,547,390
48310,547,391
48311,547,392
48312,547,393
48313,547,394
48314,547,395
48315,547,396
48316,547,397
48317,547,398
48318,547,399
48319,547,400
48320,547,401
48321,547,402
48322,547,403
48323,547,404
48324,547,405
48325,547,406
48326,547,407
48327,547,408
48328,547,409
48329,547,410
48330,547,411
48331,547,412
48332,547,413
48333,547,414
48334,547,415
48335,547,416
48336,547,417
48337,547,418
48338,547,419
48339,547,420
48340,547,421
48341,547,422
48342,547,423
48343,547,424
48344,547,425
48345,547,426
48346,547,427
48347,547,428
48348,547,429
48349,547,430
48350,547,431
48351,547,432
48352,547,433
48353,547,434
48354,547,435
48355,547,436
48356,547,437
48357,547,438
48358,547,439
48359,547,440
48360,547,441
48361,547,442
48362,547,443
48363,547,444
48364,547,445
48365,547,446
48366,547,447
48367,547,448
48368,547,449
48369,547,450
48370,547,451
48371,547,452
48372,547,453
48373,547,454
48374,547,455
48375,547,456
48376,547,457
48377,547,458
48378,547,459
48379,547,460
48380,547,461
48381,547,462
48382,547,463
48383,547,464
48384,547,465
48385,547,466
48386,547,467
48387,547,468
48388,547,469
48389,547,470
48390,547,471
48391,547,472
48392,547,473
48393,547,474
48394,547,475
48395,547,476
48396,547,477
48397,547,478
48398,547,479
48399,547,480
48400,547,481
48401,547,482
48402,547,483
48403,547,484
48404,547,485
48405,547,486
48406,547,487
48407,547,488
48408,547,489
48409,547,490
48410,547,491
48411,547,492
48412,547,493
48413,547,494
48414,547,495
48415,547,496
48416,547,497
48417,547,498
48418,547,499
48419,547,500
48420,547,501
48421,547,502
48422,548,339
48423,548,340
48424,548,341
48425,548,342
48426,548,343
48427,548,344
48428,548,345
48429,548,346
48430,548,347
48431,548,348
48432,548,349
48433,548,350
48434,548,351
48435,548,352
48436,548,353
48437,548,354
48438,548,355
48439,548,356
48440,548,357
48441,548,358
48442,548,359
48443,548,360
48444,548,361
48445,548,362
48446,548,363
48447,548,364
48448,548,365
48449,548,366
48450,548,367
48451,548,368
48452,548,369
48453,548,370
48454,548,371
48455,548,372
48456,548,373
48457,548,374
48458,548,375
48459,548,376
48460,548,377
48461,548,378
48462,548,379
48463,548,380
48464,548,381
48465,548,382
48466,548,383
48467,548,384
48468,548,385
48469,548,386
48470,548,387
48471,548,388
48472,548,389
48473,548,390
48474,548,391
48475,548,392
48476,548,393
48477,548,394
48478,548,395
48479,548,396
48480,548,397
48481,548,398
48482,548,399
48483,548,400
48484,548,401
48485,548,402
48486,548,403
48487,548,404
48488,548,405
48489,548,406
48490,548,407
48491,548,408
48492,548,409
48493,548,410
48494,548,411
48495,548,412
48496,548,413
48497,548,414
48498,548,415
48499,548,416
48500,548,417
48501,548,418
48502,548,419
48503,548,420
48504,548,421
48505,548,422
48506,548,423
48507,548,424
48508,548,425
48509,548,426
48510,548,427
48511,548,428
48512,548,429
48513,548,430
48514,548,431
48515,548,432
48516,548,433
48517,548,434
48518,548,435
48519,548,436
48520,548,437
48521,548,438
48522,548,439
48523,548,440
48524,548,441
48525,548,442
48526,548,443
48527,548,444
48528,548,445
48529,548,446
48530,548,447
48531,548,448
48532,548,449
48533,548,450
48534,548,451
48535,548,452
48536,548,453
48537,548,454
48538,548,455
48539,548,456
48540,548,457
48541,548,458
48542,548,459
48543,548,460
48544,548,461
48545,548,462
48546,548,463
48547,548,464
48548,548,465
48549,548,466
48550,548,467
48551,548,468
48552,548,469
48553,548,470
48554,548,471
48555,548,472
48556,548,473
48557,548,474
48558,548,475
48559,548,476
48560,548,477
48561,548,478
48562,548,479
48563,548,480
48564,548,481
48565,548,482
48566,548,483
48567,548,484
48568,548,485
48569,548,486
48570,548,487
48571,548,488
48572,548,489
48573,548,490
48574,548,491
48575,548,492
48576,548,493
48577,548,494
48578,548,495
48579,548,496
48580,548,497
48581,548,498
48582,548,499
48583,548,500
48584,548,501
48585,549,340
48586,549,341
48587,549,342
48588,549,343
48589,549,344
48590,549,345
48591,549,346
48592,549,347
48593,549,348
48594,549,349
48595,549,350
48596,549,351
48597,549,352
48598,549,353
48599,549,354
48600,549,355
48601,549,356
48602,549,357
48603,549,358
48604,549,359
48605,549,360
48606,549,361
48607,549,362
48608,549,363
48609,549,364
48610,549,365
48611,549,366
48612,549,367
48613,549,368
48614,549,369
48615,549,370
48616,549,371
48617,549,372
48618,549,373
48619,549,374
48620,549,375
48621,549,376
48622,549,377
48623,549,378
48624,549,379
48625,549,380
48626,549,381
48627,549,382
48628,549,383
48629,549,384
48630,549,385
48631,549,386
48632,549,387
48633,549,388
48634,549,389
48635,549,390
48636,549,391
48637,549,392
48638,549,393
48639,549,394
48640,549,395
48641,549,396
48642,549,397
48643,549,398
48644,549,399
48645,549,400
48646,549,401
48647,549,402
48648,549,403
48649,549,404
48650,549,405
48651,549,406
48652,549,407
48653,549,408
48654,549,409
48655,549,410
48656,549,411
48657,549,412
48658,549,413
48659,549,414
48660,549,415
48661,549,416
48662,549,417
48663,549,418
48664,549,419
48665,549,420
48666,549,421
48667,549,422
48668,549,423
48669,549,424
48670,549,425
48671,549,426
48672,549,427
48673,549,428
48674,549,429
48675,549,430
48676,549,431
48677,549,432
48678,549,433
48679,549,434
48680,549,435
48681,549,436
48682,549,437
48683,549,438
48684,549,439
48685,549,440
48686,549,441
48687,549,442
48688,549,443
48689,549,444
48690,549,445
48691,549,446
48692,549,447
48693,549,448
48694,549,449
48695,549,450
48696,549,451
48697,549,452
48698,549,453
48699,549,454
48700,549,455
48701,549,456
48702,549,457
48703,549,458
48704,549,459
48705,549,460
48706,549,461
48707,549,462
48708,549,463
48709,549,464
48710,549,465
48711,549,466
48712,549,467
48713,549,468
48714,549,469
48715,549,470
48716,549,471
48717,549,472
48718,549,473
48719,549,474
48720,549,475
48721,549,476
48722,549,477
48723,549,478
48724,549,479
48725,549,480
48726,549,481
48727,549,482
48728,549,483
48729,549,484
48730,549,485
48731,549,486
48732,549,487
48733,549,488
48734,549,489
48735,549,490
48736,549,491
48737,549,492
48738,549,493
48739,549,494
48740,549,495
48741,549,496
48742,549,497
48743,549,498
48744,549,499
48745,549,500
48746,549,501
48747,550,340
48748,550,341
48749,550,342
48750,550,343
48751,550,344
48752,550,345
48753,550,346
48754,550,347
48755,550,348
48756,550,349
48757,550,350
48758,550,351
48759,550,352
48760,550,353
48761,550,354
48762,550,355
48763,550,356
48764,550,357
48765,550,358
48766,550,359
48767,550,360
48768,550,361
48769,550,362
48770,550,363
48771,550,364
48772,550,365
48773,550,366
48774,550,367
48775,550,368
48776,550,369
48777,550,370
48778,550,371
48779,550,372
48780,550,373
48781,550,374
48782,550,375
48783,550,376
48784,550,377
48785,550,378
48786,550,379
48787,550,380
48788,550,381
48789,550,382
48790,550,383
48791,550,384
48792,550,385
48793,550,386
48794,550,387
48795,550,388
48796,550,389
48797,550,390
48798,550,391
48799,550,392
48800,550,393
48801,550,394
48802,550,395
48803,550,396
48804,550,397
48805,550,398
48806,550,399
48807,550,400
48808,550,401
48809,550,402
48810,550,403
48811,550,404
48812,550,405
48813,550,406
48814,550,407
48815,550,408
48816,550,409
48817,550,410
48818,550,411
48819,550,412
48820,550,413
48821,550,414
48822,550,415
48823,550,416
48824,550,417
48825,550,418
48826,550,419
48827,550,420
48828,550,421
48829,550,422
48830,550,423
48831,550,424
48832,550,425
48833,550,426
48834,550,427
48835,550,428
48836,550,429
48837,550,430
48838,550,431
48839,550,432
48840,550,433
48841,550,434
48842,550,435
48843,550,436
48844,550,437
48845,550,438
48846,550,439
48847,550,440
48848,550,441
48849,550,442
48850,550,443
48851,550,444
48852,550,445
48853,550,446
48854,550,447
48855,550,448
48856,550,449
48857,550,450
48858,550,451
48859,550,452
48860,550,453
48861,550,454
48862,550,455
48863,550,456
48864,550,457
48865,550,458
48866,550,459
48867,550,460
48868,550,461
48869,550,462
48870,550,463
48871,550,464
48872,550,465
48873,550,466
48874,550,467
48875,550,468
48876,550,469
48877,550,470
48878,550,471
48879,550,472
48880,550,473
48881,550,474
48882,550,475
48883,550,476
48884,550,477
48885,550,478
48886,550,479
48887,550,480
48888,550,481
48889,550,482
48890,550,483
48891,550,484
48892,550,485
48893,550,486
48894,550,487
48895,550,488
48896,550,489
48897,550,490
48898,550,491
48899,550,492
48900,550,493
48901,550,494
48902,550,495
48903,550,496
48904,550,497
48905,550,498
48906,550,499
48907,550,500
48908,550,501
48909,551,340
48910,551,341
48911,551,342
48912,551,343
48913,551,344
48914,551,345
48915,551,346
48916,551,347
48917,551,348
48918,551,349
48919,551,350
48920,551,351
48921,551,352
48922,551,353
48923,551,354
48924,551,355
48925,551,356
48926,551,357
48927,551,358
48928,551,359
48929,551,360
48930,551,361
48931,551,362
48932,551,363
48933,551,364
48934,551,365
48935,551,366
48936,551,367
48937,551,368
48938,551,369
48939,551,370
48940,551,371
48941,551,372
48942,551,373
48943,551,374
48944,551,375
48945,551,376
48946,551,377
48947,551,378
48948,551,379
48949,551,380
48950,551,381
48951,551,382
48952,551,383
48953,551,384
48954,551,385
48955,551,386
48956,551,387
48957,551,388
48958,551,389
48959,551,390
48960,551,391
48961,551,392
48962,551,393
48963,551,394
48964,551,395
48965,551,396
48966,551,397
48967,551,398
48968,551,399
48969,551,400
48970,551,401
48971,551,402
48972,551,403
48973,551,404
48974,551,405
48975,551,406
48976,551,407
48977,551,408
48978,551,409
48979,551,410
48980,551,411
48981,551,412
48982,551,413
48983,551,414
48984,551,415
48985,551,416
48986,551,417
48987,551,418
48988,551,419
48989,551,420
48990,551,421
48991,551,422
48992,551,423
48993,551,424
48994,551,425
48995,551,426
48996,551,427
48997,551,428
48998,551,429
48999,551,430
49000,551,431
49001,551,432
49002,551,433
49003,551,434
49004,551,435
49005,551,436
49006,551,437
49007,551,438
49008,551,439
49009,551,440
49010,551,441
49011,551,442
49012,551,443
49013,551,444
49014,551,445
49015,551,446
49016,551,447
49017,551,448
49018,551,449
49019,551,450
49020,551,451
49021,551,452
49022,551,453
49023,551,454
49024,551,455
49025,551,456
49026,551,457
49027,551,458
49028,551,459
49029,551,460
49030,551,461
49031,551,462
49032,551,463
49033,551,464
49034,551,465
49035,551,466
49036,551,467
49037,551,468
49038,551,469
49039,551,470
49040,551,471
49041,551,472
49042,551,473
49043,551,474
49044,551,475
49045,551,476
49046,551,477
49047,551,478
49048,551,479
49049,551,480
49050,551,481
49051,551,482
49052,551,483
49053,551,484
49054,551,485
49055,551,486
49056,551,487
49057,551,488
49058,551,489
49059,551,490
49060,551,491
49061,551,492
49062,551,493
49063,551,494
49064,551,495
49065,551,496
49066,551,497
49067,551,498
49068,551,499
49069,551,500
49070,551,501
49071,552,341
49072,552,342
49073,552,343
49074,552,344
49075,552,345
49076,552,346
49077,552,347
49078,552,348
49079,552,349
49080,552,350
49081,552,351
49082,552,352
49083,552,353
49084,552,354
49085,552,355
49086,552,356
49087,552,357
49088,552,358
49089,552,359
49090,552,360
49091,552,361
49092,552,362
49093,552,363
49094,552,364
49095,552,365
49096,552,366
49097,552,367
49098,552,368
49099,552,369
49100,552,370
49101,552,371
49102,552,372
49103,552,373
49104,552,374
49105,552,375
49106,552,376
49107,552,377
49108,552,378
49109,552,379
49110,552,380
49111,552,381
49112,552,382
49113,552,383
49114,552,384
49115,552,385
49116,552,386
49117,552,387
49118,552,388
49119,552,389
49120,552,390
49121,552,391
49122,552,392
49123,552,393
49124,552,394
49125,552,395
49126,552,396
49127,552,397
49128,552,398
49129,552,399
49130,552,400
49131,552,401
49132,552,402
49133,552,403
49134,552,404
49135,552,405
49136,552,406
49137,552,407
49138,552,408
49139,552,409
49140,552,410
49141,552,411
49142,552,412
49143,552,413
49144,552,414
49145,552,415
49146,552,416
49147,552,417
49148,552,418
49149,552,419
49150,552,420
49151,552,421
49152,552,422
49153,552,423
49154,552,424
49155,552,425
49156,552,426
49157,552,427
49158,552,428
49159,552,429
49160,552,430
49161,552,431
49162,552,432
49163,552,433
49164,552,434
49165,552,435
49166,552,436
49167,552,437
49168,552,438
49169,552,439
49170,552,440
49171,552,441
49172,552,442
49173,552,443
49174,552,444
49175,552,445
49176,552,446
49177,552,447
49178,552,448
49179,552,449
49180,552,450
49181,552,451
49182,552,452
49183,552,453
49184,552,454
49185,552,455
49186,552,456
49187,552,457
49188,552,458
49189,552,459
49190,552,460
49191,552,461
49192,552,462
49193,552,463
49194,552,464
49195,552,465
49196,552,466
49197,552,467
49198,552,468
49199,552,469
49200,552,470
49201,552,471
49202,552,472
49203,552,473
49204,552,474
49205,552,475
49206,552,476
49207,552,477
49208,552,478
49209,552,479
49210,552,480
49211,552,481
49212,552,482
49213,552,483
49214,552,484
49215,552,485
49216,552,486
49217,552,487
49218,552,488
49219,552,489
49220,552,490
49221,552,491
49222,552,492
49223,552,493
49224,552,494
49225,552,495
49226,552,496
49227,552,497
49228,552,498
49229,552,499
49230,552,500
49231,552,501
49232,553,341
49233,553,342
49234,553,343
49235,553,344
49236,553,345
49237,553,346
49238,553,347
49239,553,348
49240,553,349
49241,553,350
49242,553,351
49243,553,352
49244,553,353
49245,553,354
49246,553,355
49247,553,356
49248,553,357
49249,553,358
49250,553,359
49251,553,360
49252,553,361
49253,553,362
49254,553,363
49255,553,364
49256,553,365
49257,553,366
49258,553,367
49259,553,368
49260,553,369
49261,553,370
49262,553,371
49263,553,372
49264,553,373
49265,553,374
49266,553,375
49267,553,376
49268,553,377
49269,553,378
49270,553,379
49271,553,380
49272,553,381
49273,553,382
49274,553,383
49275,553,384
49276,553,385
49277,553,386
49278,553,387
49279,553,388
49280,553,389
49281,553,390
49282,553,391
49283,553,392
49284,553,393
49285,553,394
49286,553,395
49287,553,396
49288,553,397
49289,553,398
49290,553,399
49291,553,400
49292,553,401
49293,553,402
49294,553,403
49295,553,404
49296,553,405
49297,553,406
49298,553,407
49299,553,408
49300,553,409
49301,553,410
49302,553,411
49303,553,412
49304,553,413
49305,553,414
49306,553,415
49307,553,416
49308,553,417
49309,553,418
49310,553,419
49311,553,420
49312,553,421
49313,553,422
49314,553,423
49315,553,424
49316,553,425
49317,553,426
49318,553,427
49319,553,428
49320,553,429
49321,553,430
49322,553,431
49323,553,432
49324,553,433
49325,553,434
49326,553,435
49327,553,436
49328,553,437
49329,553,438
49330,553,439
49331,553,440
49332,553,441
49333,553,442
49334,553,443
49335,553,444
49336,553,445
49337,553,446
49338,553,447
49339,553,448
49340,553,449
49341,553,450
49342,553,451
49343,553,452
49344,553,453
49345,553,454
49346,553,455
49347,553,456
49348,553,457
49349,553,458
49350,553,459
49351,553,460
49352,553,461
49353,553,462
49354,553,463
49355,553,464
49356,553,465
49357,553,466
49358,553,467
49359,553,468
49360,553,469
49361,553,470
49362,553,471
49363,553,472
49364,553,473
49365,553,474
49366,553,475
49367,553,476
49368,553,477
49369,553,478
49370,553,479
49371,553,480
49372,553,481
49373,553,482
49374,553,483
49375,553,484
49376,553,485
49377,553,486
49378,553,487
49379,553,488
49380,553,489
49381,553,490
49382,553,491
49383,553,492
49384,553,493
49385,553,494
49386,553,495
49387,553,496
49388,553,497
49389,553,498
49390,553,499
49391,553,500
49392,553,501
49393,554,341
49394,554,342
49395,554,343
49396,554,344
49397,554,345
49398,554,346
49399,554,347
49400,554,348
49401,554,349
49402,554,350
49403,554,351
49404,554,352
49405,554,353
49406,554,354
49407,554,355
49408,554,356
49409,554,357
49410,554,358
49411,554,359
49412,554,360
49413,554,361
49414,554,362
49415,554,363
49416,554,364
49417,554,365
49418,554,366
49419,554,367
49420,554,368
49421,554,369
49422,554,370
49423,554,371
49424,554,372
49425,554,373
49426,554,374
49427,554,375
49428,554,376
49429,554,377
49430,554,378
49431,554,379
49432,554,380
49433,554,381
49434,554,382
49435,554,383
49436,554,384
49437,554,385
49438,554,386
49439,554,387
49440,554,388
49441,554,389
49442,554,390
49443,554,391
49444,554,392
49445,554,393
49446,554,394
49447,554,395
49448,554,396
49449,554,397
49450,554,398
49451,554,399
49452,554,400
49453,554,401
49454,554,402
49455,554,403
49456,554,404
49457,554,405
49458,554,406
49459,554,407
49460,554,408
49461,554,409
49462,554,410
49463,554,411
49464,554,412
49465,554,413
49466,554,414
49467,554,415
49468,554,416
49469,554,417
49470,554,418
49471,554,419
49472,554,420
49473,554,421
49474,554,422
49475,554,423
49476,554,424
49477,554,425
49478,554,426
49479,554,427
49480,554,428
49481,554,429
49482,554,430
49483,554,431
49484,554,432
49485,554,433
49486,554,434
49487,554,435
49488,554,436
49489,554,437
49490,554,438
49491,554,439
49492,554,440
49493,554,441
49494,554,442
49495,554,443
49496,554,444
49497,554,445
49498,554,446
49499,554,447
49500,554,448
49501,554,449
49502,554,450
49503,554,451
49504,554,452
49505,554,453
49506,554,454
49507,554,455
49508,554,456
49509,554,457
49510,554,458
49511,554,459
49512,554,460
49513,554,461
49514,554,462
49515,554,463
49516,554,464
49517,554,465
49518,554,466
49519,554,467
49520,554,468
49521,554,469
49522,554,470
49523,554,471
49524,554,472
49525,554,473
49526,554,474
49527,554,475
49528,554,476
49529,554,477
49530,554,478
49531,554,479
49532,554,480
49533,554,481
49534,554,482
49535,554,483
49536,554,484
49537,554,485
49538,554,486
49539,554,487
49540,554,488
49541,554,489
49542,554,490
49543,554,491
49544,554,492
49545,554,493
49546,554,494
49547,554,495
49548,554,496
49549,554,497
49550,554,498
49551,554,499
49552,554,500
49553,555,341
49554,555,342
49555,555,343
49556,555,344
49557,555,345
49558,555,346
49559,555,347
49560,555,348
49561,555,349
49562,555,350
49563,555,351
49564,555,352
49565,555,353
49566,555,354
49567,555,355
49568,555,356
49569,555,357
49570,555,358
49571,555,359
49572,555,360
49573,555,361
49574,555,362
49575,555,363
49576,555,364
49577,555,365
49578,555,366
49579,555,367
49580,555,368
49581,555,369
49582,555,370
49583,555,371
49584,555,372
49585,555,373
49586,555,374
49587,555,375
49588,555,376
49589,555,377
49590,555,378
49591,555,379
49592,555,380
49593,555,381
49594,555,382
49595,555,383
49596,555,384
49597,555,385
49598,555,386
49599,555,387
49600,555,388
49601,555,389
49602,555,390
49603,555,391
49604,555,392
49605,555,393
49606,555,394
49607,555,395
49608,555,396
49609,555,397
49610,555,398
49611,555,399
49612,555,400
49613,555,401
49614,555,402
49615,555,403
49616,555,404
49617,555,405
49618,555,406
49619,555,407
49620,555,408
49621,555,409
49622,555,410
49623,555,411
49624,555,412
49625,555,413
49626,555,414
49627,555,415
49628,555,416
49629,555,417
49630,555,418
49631,555,419
49632,555,420
49633,555,421
49634,555,422
49635,555,423
49636,555,424
49637,555,425
49638,555,426
49639,555,427
49640,555,428
49641,555,429
49642,555,430
49643,555,431
49644,555,432
49645,555,433
49646,555,434
49647,555,435
49648,555,436
49649,555,437
49650,555,438
49651,555,439
49652,555,440
49653,555,441
49654,555,442
49655,555,443
49656,555,444
49657,555,445
49658,555,446
49659,555,447
49660,555,448
49661,555,449
49662,555,450
49663,555,451
49664,555,452
49665,555,453
49666,555,454
49667,555,455
49668,555,456
49669,555,457
49670,555,458
49671,555,459
49672,555,460
49673,555,461
49674,555,462
49675,555,463
49676,555,464
49677,555,465
49678,555,466
49679,555,467
49680,555,468
49681,555,469
49682,555,470
49683,555,471
49684,555,472
49685,555,473
49686,555,474
49687,555,475
49688,555,476
49689,555,477
49690,555,478
49691,555,479
49692,555,480
49693,555,481
49694,555,482
49695,555,483
49696,555,484
49697,555,485
49698,555,486
49699,555,487
49700,555,488
49701,555,489
49702,555,490
49703,555,491
49704,555,492
49705,555,493
49706,555,494
49707,555,495
49708,555,496
49709,555,497
49710,555,498
49711,555,499
49712,555,500
49713,556,342
49714,556,343
49715,556,344
49716,556,345
49717,556,346
49718,556,347
49719,556,348
49720,556,349
49721,556,350
49722,556,351
49723,556,352
49724,556,353
49725,556,354
49726,556,355
49727,556,356
49728,556,357
49729,556,358
49730,556,359
49731,556,360
49732,556,361
49733,556,362
49734,556,363
49735,556,364
49736,556,365
49737,556,366
49738,556,367
49739,556,368
49740,556,369
49741,556,370
49742,556,371
49743,556,372
49744,556,373
49745,556,374
49746,556,375
49747,556,376
49748,556,377
49749,556,378
49750,556,379
49751,556,380
49752,556,381
49753,556,382
49754,556,383
49755,556,384
49756,556,385
49757,556,386
49758,556,387
49759,556,388
49760,556,389
49761,556,390
49762,556,391
49763,556,392
49764,556,393
49765,556,394
49766,556,395
49767,556,396
49768,556,397
49769,556,398
49770,556,399
49771,556,400
49772,556,401
49773,556,402
49774,556,403
49775,556,404
49776,556,405
49777,556,406
49778,556,407
49779,556,408
49780,556,409
49781,556,410
49782,556,411
49783,556,412
49784,556,413
49785,556,414
49786,556,415
49787,556,416
49788,556,417
49789,556,418
49790,556,419
49791,556,420
49792,556,421
49793,556,422
49794,556,423
49795,556,424
49796,556,425
49797,556,426
49798,556,427
49799,556,428
49800,556,429
49801,556,430
49802,556,431
49803,556,432
49804,556,433
49805,556,434
49806,556,435
49807,556,436
49808,556,437
49809,556,438
49810,556,439
49811,556,440
49812,556,441
49813,556,442
49814,556,443
49815,556,444
49816,556,445
49817,556,446
49818,556,447
49819,556,448
49820,556,449
49821,556,450
49822,556,451
49823,556,452
49824,556,453
49825,556,454
49826,556,455
49827,556,456
49828,556,457
49829,556,458
49830,556,459
49831,556,460
49832,556,461
49833,556,462
49834,556,463
49835,556,464
49836,556,465
49837,556,466
49838,556,467
49839,556,468
49840,556,469
49841,556,470
49842,556,471
49843,556,472
49844,556,473
49845,556,474
49846,556,475
49847,556,476
49848,556,477
49849,556,478
49850,556,479
49851,556,480
49852,556,481
49853,556,482
49854,556,483
49855,556,484
49856,556,485
49857,556,486
49858,556,487
49859,556,488
49860,556,489
49861,556,490
49862,556,491
49863,556,492
49864,556,493
49865,556,494
49866,556,495
49867,556,496
49868,556,497
49869,556,498
49870,556,499
49871,556,500
49872,557,345
49873,557,346
49874,557,347
49875,557,348
49876,557,349
49877,557,350
49878,557,351
49879,557,352
49880,557,353
49881,557,354
49882,557,355
49883,557,356
49884,557,357
49885,557,358
49886,557,359
49887,557,360
49888,557,361
49889,557,362
49890,557,363
49891,557,364
49892,557,365
49893,557,366
49894,557,367
49895,557,368
49896,557,369
49897,557,370
49898,557,371
49899,557,372
49900,557,373
49901,557,374
49902,557,375
49903,557,376
49904,557,377
49905,557,378
49906,557,379
49907,557,380
49908,557,381
49909,557,382
49910,557,383
49911,557,384
49912,557,385
49913,557,386
49914,557,387
49915,557,388
49916,557,389
49917,557,390
49918,557,391
49919,557,392
49920,557,393
49921,557,394
49922,557,395
49923,557,396
49924,557,397
49925,557,398
49926,557,399
49927,557,400
49928,557,401
49929,557,402
49930,557,403
49931,557,404
49932,557,405
49933,557,406
49934,557,407
49935,557,408
49936,557,409
49937,557,410
49938,557,411
49939,557,412
49940,557,413
49941,557,414
49942,557,415
49943,557,416
49944,557,417
49945,557,418
49946,557,419
49947,557,420
49948,557,421
49949,557,422
49950,557,423
49951,557,424
49952,557,425
49953,557,426
49954,557,427
49955,557,428
49956,557,429
49957,557,430
49958,557,431
49959,557,432
49960,557,433
49961,557,434
49962,557,435
49963,557,436
49964,557,437
49965,557,438
49966,557,439
49967,557,440
49968,557,441
49969,557,442
49970,557,443
49971,557,444
49972,557,445
49973,557,446
49974,557,447
49975,557,448
49976,557,449
49977,557,450
49978,557,451
49979,557,452
49980,557,453
49981,557,454
49982,557,455
49983,557,456
49984,557,457
49985,557,458
49986,557,459
49987,557,460
49988,557,461
49989,557,462
49990,557,463
49991,557,464
49992,557,465
49993,557,466
49994,557,467
49995,557,468
49996,557,469
49997,557,470
49998,557,471
49999,557,472
50000,557,473
50001,557,474
50002,557,475
50003,557,476
50004,557,477
50005,557,478
50006,557,479
50007,557,480
50008,557,481
50009,557,482
50010,557,483
50011,557,484
50012,557,485
50013,557,486
50014,557,487
50015,557,488
50016,557,489
50017,557,490
50018,557,491
50019,557,492
50020,557,493
50021,557,494
50022,557,495
50023,557,496
50024,557,497
50025,557,498
50026,557,499
50027,557,500
50028,557,501
50029,558,350
50030,558,351
50031,558,352
50032,558,353
50033,558,354
50034,558,355
50035,558,356
50036,558,357
50037,558,358
50038,558,359
50039,558,360
50040,558,361
50041,558,362
50042,558,363
50043,558,364
50044,558,365
50045,558,366
50046,558,367
50047,558,368
50048,558,369
50049,558,370
50050,558,371
50051,558,372
50052,558,373
50053,558,374
50054,558,375
50055,558,376
50056,558,377
50057,558,378
50058,558,379
50059,558,380
50060,558,381
50061,558,382
50062,558,383
50063,558,384
50064,558,385
50065,558,386
50066,558,387
50067,558,388
50068,558,389
50069,558,390
50070,558,391
50071,558,392
50072,558,393
50073,558,394
50074,558,395
50075,558,396
50076,558,397
50077,558,398
50078,558,399
50079,558,400
50080,558,401
50081,558,402
50082,558,403
50083,558,404
50084,558,405
50085,558,406
50086,558,407
50087,558,408
50088,558,409
50089,558,410
50090,558,411
50091,558,412
50092,558,413
50093,558,414
50094,558,415
50095,558,416
50096,558,417
50097,558,418
50098,558,419
50099,558,420
50100,558,421
50101,558,422
50102,558,423
50103,558,424
50104,558,425
50105,558,426
50106,558,427
50107,558,428
50108,558,429
50109,558,430
50110,558,431
50111,558,432
50112,558,433
50113,558,434
50114,558,435
50115,558,436
50116,558,437
50117,558,438
50118,558,439
50119,558,440
50120,558,441
50121,558,442
50122,558,443
50123,558,444
50124,558,445
50125,558,446
50126,558,447
50127,558,448
50128,558,449
50129,558,450
50130,558,451
50131,558,452
50132,558,453
50133,558,454
50134,558,455
50135,558,456
50136,558,457
50137,558,458
50138,558,459
50139,558,460
50140,558,461
50141,558,462
50142,558,463
50143,558,464
50144,558,465
50145,558,466
50146,558,467
50147,558,468
50148,558,469
50149,558,470
50150,558,471
50151,558,472
50152,558,473
50153,558,474
50154,558,475
50155,558,476
50156,558,477
50157,558,478
50158,558,479
50159,558,480
50160,558,481
50161,558,482
50162,558,483
50163,558,484
50164,558,485
50165,558,486
50166,558,487
50167,558,488
50168,558,489
50169,558,490
50170,558,491
50171,558,492
50172,558,493
50173,558,494
50174,558,495
50175,558,496
50176,558,497
50177,558,498
50178,558,499
50179,558,500
50180,558,501
50181,559,352
50182,559,353
50183,559,354
50184,559,355
50185,559,356
50186,559,357
50187,559,358
50188,559,359
50189,559,360
50190,559,361
50191,559,362
50192,559,363
50193,559,364
50194,559,365
50195,559,366
50196,559,367
50197,559,368
50198,559,369
50199,559,370
50200,559,371
50201,559,372
50202,559,373
50203,559,374
50204,559,375
50205,559,376
50206,559,377
50207,559,378
50208,559,379
50209,559,380
50210,559,381
50211,559,382
50212,559,383
50213,559,384
50214,559,385
50215,559,386
50216,559,387
50217,559,388
50218,559,389
50219,559,390
50220,559,391
50221,559,392
50222,559,393
50223,559,394
50224,559,395
50225,559,396
50226,559,397
50227,559,398
50228,559,399
50229,559,400
50230,559,401
50231,559,402
50232,559,403
50233,559,404
50234,559,405
50235,559,406
50236,559,407
50237,559,408
50238,559,409
50239,559,410
50240,559,411
50241,559,412
50242,559,413
50243,559,414
50244,559,415
50245,559,416
50246,559,417
50247,559,418
50248,559,419
50249,559,420
50250,559,421
50251,559,422
50252,559,423
50253,559,424
50254,559,425
50255,559,426
50256,559,427
50257,559,428
50258,559,429
50259,559,430
50260,559,431
50261,559,432
50262,559,433
50263,559,434
50264,559,435
50265,559,436
50266,559,437
50267,559,438
50268,559,439
50269,559,440
50270,559,441
50271,559,442
50272,559,443
50273,559,444
50274,559,445
50275,559,446
50276,559,447
50277,559,448
50278,559,449
50279,559,450
50280,559,451
50281,559,452
50282,559,453
50283,559,454
50284,559,455
50285,559,456
50286,559,457
50287,559,458
50288,559,459
50289,559,460
50290,559,461
50291,559,462
50292,559,463
50293,559,464
50294,559,465
50295,559,466
50296,559,467
50297,559,468
50298,559,469
50299,559,470
50300,559,471
50301,559,472
50302,559,473
50303,559,474
50304,559,475
50305,559,476
50306,559,477
50307,559,478
50308,559,479
50309,559,480
50310,559,481
50311,559,482
50312,559,483
50313,559,484
50314,559,485
50315,559,486
50316,559,487
50317,559,488
50318,559,489
50319,559,490
50320,559,491
50321,559,492
50322,559,493
50323,559,494
50324,559,495
50325,559,496
50326,559,497
50327,559,498
50328,559,499
50329,559,500
50330,559,501
50331,559,502
50332,560,360
50333,560,361
50334,560,362
50335,560,363
50336,560,364
50337,560,365
50338,560,366
50339,560,367
50340,560,368
50341,560,369
50342,560,370
50343,560,371
50344,560,372
50345,560,373
50346,560,374
50347,560,375
50348,560,376
50349,560,377
50350,560,378
50351,560,379
50352,560,380
50353,560,381
50354,560,382
50355,560,383
50356,560,384
50357,560,385
50358,560,386
50359,560,387
50360,560,388
50361,560,389
50362,560,390
50363,560,391
50364,560,392
50365,560,393
50366,560,394
50367,560,395
50368,560,396
50369,560,397
50370,560,398
50371,560,399
50372,560,400
50373,560,401
50374,560,402
50375,560,403
50376,560,404
50377,560,405
50378,560,406
50379,560,407
50380,560,408
50381,560,409
50382,560,410
50383,560,411
50384,560,412
50385,560,413
50386,560,414
50387,560,415
50388,560,416
50389,560,417
50390,560,418
50391,560,419
50392,560,420
50393,560,421
50394,560,422
50395,560,423
50396,560,424
50397,560,425
50398,560,426
50399,560,427
50400,560,428
50401,560,429
50402,560,430
50403,560,431
50404,560,432
50405,560,433
50406,560,434
50407,560,435
50408,560,436
50409,560,437
50410,560,438
50411,560,439
50412,560,440
50413,560,441
50414,560,442
50415,560,443
50416,560,444
50417,560,445
50418,560,446
50419,560,447
50420,560,448
50421,560,449
50422,560,450
50423,560,451
50424,560,452
50425,560,453
50426,560,454
50427,560,455
50428,560,456
50429,560,457
50430,560,458
50431,560,459
50432,560,460
50433,560,461
50434,560,462
50435,560,463
50436,560,464
50437,560,465
50438,560,466
50439,560,467
50440,560,468
50441,560,469
50442,560,470
50443,560,471
50444,560,472
50445,560,473
50446,560,474
50447,560,475
50448,560,476
50449,560,477
50450,560,478
50451,560,479
50452,560,480
50453,560,481
50454,560,482
50455,560,483
50456,560,484
50457,560,485
50458,560,486
50459,560,487
50460,560,488
50461,560,489
50462,560,490
50463,560,491
50464,560,492
50465,560,493
50466,560,494
50467,560,495
50468,560,496
50469,560,497
50470,560,498
50471,560,499
50472,560,500
50473,560,501
50474,560,502
50475,561,362
50476,561,363
50477,561,364
50478,561,365
50479,561,366
50480,561,367
50481,561,368
50482,561,369
50483,561,370
50484,561,371
50485,561,372
50486,561,373
50487,561,374
50488,561,375
50489,561,376
50490,561,377
50491,561,378
50492,561,379
50493,561,380
50494,561,381
50495,561,382
50496,561,383
50497,561,384
50498,561,385
50499,561,386
50500,561,387
50501,561,388
50502,561,389
50503,561,390
50504,561,391
50505,561,392
50506,561,393
50507,561,394
50508,561,395
50509,561,396
50510,561,397
50511,561,398
50512,561,399
50513,561,400
50514,561,401
50515,561,402
50516,561,403
50517,561,404
50518,561,405
50519,561,406
50520,561,407
50521,561,408
50522,561,409
50523,561,410
50524,561,411
50525,561,412
50526,561,413
50527,561,414
50528,561,415
50529,561,416
50530,561,417
50531,561,418
50532,561,419
50533,561,420
50534,561,421
50535,561,422
50536,561,423
50537,561,424
50538,561,425
50539,561,426
50540,561,427
50541,561,428
50542,561,429
50543,561,430
50544,561,431
50545,561,432
50546,561,433
50547,561,434
50548,561,435
50549,561,436
50550,561,437
50551,561,438
50552,561,439
50553,561,440
50554,561,441
50555,561,442
50556,561,443
50557,561,444
50558,561,445
50559,561,446
50560,561,447
50561,561,448
50562,561,449
50563,561,450
50564,561,451
50565,561,452
50566,561,453
50567,561,454
50568,561,455
50569,561,456
50570,561,457
50571,561,458
50572,561,459
50573,561,460
50574,561,461
50575,561,462
50576,561,463
50577,561,464
50578,561,465
50579,561,466
50580,561,467
50581,561,468
50582,561,469
50583,561,470
50584,561,471
50585,561,472
50586,561,473
50587,561,474
50588,561,475
50589,561,476
50590,561,477
50591,561,478
50592,561,479
50593,561,480
50594,561,481
50595,561,482
50596,561,483
50597,561,484
50598,561,485
50599,561,486
50600,561,487
50601,561,488
50602,561,489
50603,561,490
50604,561,491
50605,561,492
50606,561,493
50607,561,494
50608,561,495
50609,561,496
50610,561,497
50611,561,498
50612,561,499
50613,561,500
50614,561,501
50615,561,502
50616,562,365
50617,562,366
50618,562,367
50619,562,368
50620,562,369
50621,562,370
50622,562,371
50623,562,372
50624,562,373
50625,562,374
50626,562,375
50627,562,376
50628,562,377
50629,562,378
50630,562,379
50631,562,380
50632,562,381
50633,562,382
50634,562,383
50635,562,384
50636,562,385
50637,562,386
50638,562,387
50639,562,388
50640,562,389
50641,562,390
50642,562,391
50643,562,392
50644,562,393
50645,562,394
50646,562,395
50647,562,396
50648,562,397
50649,562,398
50650,562,399
50651,562,400
50652,562,401
50653,562,402
50654,562,403
50655,562,404
50656,562,405
50657,562,406
50658,562,407
50659,562,408
50660,562,409
50661,562,410
50662,562,411
50663,562,412
50664,562,413
50665,562,414
50666,562,415
50667,562,416
50668,562,417
50669,562,418
50670,562,419
50671,562,420
50672,562,421
50673,562,422
50674,562,423
50675,562,424
50676,562,425
50677,562,426
50678,562,427
50679,562,428
50680,562,429
50681,562,430
50682,562,431
50683,562,432
50684,562,433
50685,562,434
50686,562,435
50687,562,436
50688,562,437
50689,562,438
50690,562,439
50691,562,440
50692,562,441
50693,562,442
50694,562,443
50695,562,444
50696,562,445
50697,562,446
50698,562,447
50699,562,448
50700,562,449
50701,562,450
50702,562,451
50703,562,452
50704,562,453
50705,562,454
50706,562,455
50707,562,456
50708,562,457
50709,562,458
50710,562,459
50711,562,460
50712,562,461
50713,562,462
50714,562,463
50715,562,464
50716,562,465
50717,562,466
50718,562,467
50719,562,468
50720,562,469
50721,562,470
50722,562,471
50723,562,472
50724,562,473
50725,562,474
50726,562,475
50727,562,476
50728,562,477
50729,562,478
50730,562,479
50731,562,480
50732,562,481
50733,562,482
50734,562,483
50735,562,484
50736,562,485
50737,562,486
50738,562,487
50739,562,488
50740,562,489
50741,562,490
50742,562,491
50743,562,492
50744,562,493
50745,562,494
50746,562,495
50747,562,496
50748,562,497
50749,562,498
50750,562,499
50751,562,500
50752,562,501
50753,562,502
50754,563,368
50755,563,369
50756,563,370
50757,563,371
50758,563,372
50759,563,373
50760,563,374
50761,563,375
50762,563,376
50763,563,377
50764,563,378
50765,563,379
50766,563,380
50767,563,381
50768,563,382
50769,563,383
50770,563,384
50771,563,385
50772,563,386
50773,563,387
50774,563,388
50775,563,389
50776,563,390
50777,563,391
50778,563,392
50779,563,393
50780,563,394
50781,563,395
50782,563,396
50783,563,397
50784,563,398
50785,563,399
50786,563,400
50787,563,401
50788,563,402
50789,563,403
50790,563,404
50791,563,405
50792,563,406
50793,563,407
50794,563,408
50795,563,409
50796,563,410
50797,563,411
50798,563,412
50799,563,413
50800,563,414
50801,563,415
50802,563,416
50803,563,417
50804,563,418
50805,563,419
50806,563,420
50807,563,421
50808,563,422
50809,563,423
50810,563,424
50811,563,425
50812,563,426
50813,563,427
50814,563,428
50815,563,429
50816,563,430
50817,563,431
50818,563,432
50819,563,433
50820,563,434
50821,563,435
50822,563,436
50823,563,437
50824,563,438
50825,563,439
50826,563,440
50827,563,441
50828,563,442
50829,563,443
50830,563,444
50831,563,445
50832,563,446
50833,563,447
50834,563,448
50835,563,449
50836,563,450
50837,563,451
50838,563,452
50839,563,453
50840,563,454
50841,563,455
50842,563,456
50843,563,457
50844,563,458
50845,563,459
50846,563,460
50847,563,461
50848,563,462
50849,563,463
50850,563,464
50851,563,465
50852,563,466
50853,563,467
50854,563,468
50855,563,469
50856,563,470
50857,563,471
50858,563,472
50859,563,473
50860,563,474
50861,563,475
50862,563,476
50863,563,477
50864,563,478
50865,563,479
50866,563,480
50867,563,481
50868,563,482
50869,563,483
50870,563,484
50871,563,485
50872,563,486
50873,563,487
50874,563,488
50875,563,489
50876,563,490
50877,563,491
50878,563,492
50879,563,493
50880,563,494
50881,563,495
50882,563,496
50883,563,497
50884,563,498
50885,563,499
50886,563,500
50887,563,501
50888,563,502
50889,564,370
50890,564,371
50891,564,372
50892,564,373
50893,564,374
50894,564,375
50895,564,376
50896,564,377
50897,564,378
50898,564,379
50899,564,380
50900,564,381
50901,564,382
50902,564,383
50903,564,384
50904,564,385
50905,564,386
50906,564,387
50907,564,388
50908,564,389
50909,564,390
50910,564,391
50911,564,392
50912,564,393
50913,564,394
50914,564,395
50915,564,396
50916,564,397
50917,564,398
50918,564,399
50919,564,400
50920,564,401
50921,564,402
50922,564,403
50923,564,404
50924,564,405
50925,564,406
50926,564,407
50927,564,408
50928,564,409
50929,564,410
50930,564,411
50931,564,412
50932,564,413
50933,564,414
50934,564,415
50935,564,416
50936,564,417
50937,564,418
50938,564,419
50939,564,420
50940,564,421
50941,564,422
50942,564,423
50943,564,424
50944,564,425
50945,564,426
50946,564,427
50947,564,428
50948,564,429
50949,564,430
50950,564,431
50951,564,432
50952,564,433
50953,564,434
50954,564,435
50955,564,436
50956,564,437
50957,564,438
50958,564,439
50959,564,440
50960,564,441
50961,564,442
50962,564,443
50963,564,444
50964,564,445
50965,564,446
50966,564,447
50967,564,448
50968,564,449
50969,564,450
50970,564,451
50971,564,452
50972,564,453
50973,564,454
50974,564,455
50975,564,456
50976,564,457
50977,564,458
50978,564,459
50979,564,460
50980,564,461
50981,564,462
50982,564,463
50983,564,464
50984,564,465
50985,564,466
50986,564,467
50987,564,468
50988,564,469
50989,564,470
50990,564,471
50991,564,472
50992,564,473
50993,564,474
50994,564,475
50995,564,476
50996,564,477
50997,564,478
50998,564,479
50999,564,480
51000,564,481
51001,564,482
51002,564,483
51003,564,484
51004,564,485
51005,564,486
51006,564,487
51007,564,488
51008,564,489
51009,564,490
51010,564,491
51011,564,492
51012,564,493
51013,564,494
51014,564,495
51015,564,496
51016,564,497
51017,564,498
51018,564,499
51019,564,500
51020,564,501
51021,564,502
51022,564,503
51023,565,372
51024,565,373
51025,565,374
51026,565,375
51027,565,376
51028,565,377
51029,565,378
51030,565,379
51031,565,380
51032,565,381
51033,565,382
51034,565,383
51035,565,384
51036,565,385
51037,565,386
51038,565,387
51039,565,388
51040,565,389
51041,565,390
51042,565,391
51043,565,392
51044,565,393
51045,565,394
51046,565,395
51047,565,396
51048,565,397
51049,565,398
51050,565,399
51051,565,400
51052,565,401
51053,565,402
51054,565,403
51055,565,404
51056,565,405
51057,565,406
51058,565,407
51059,565,408
51060,565,409
51061,565,410
51062,565,411
51063,565,412
51064,565,413
51065,565,414
51066,565,415
51067,565,416
51068,565,417
51069,565,418
51070,565,419
51071,565,420
51072,565,421
51073,565,422
51074,565,423
51075,565,424
51076,565,425
51077,565,426
51078,565,427
51079,565,428
51080,565,429
51081,565,430
51082,565,431
51083,565,432
51084,565,433
51085,565,434
51086,565,435
51087,565,436
51088,565,437
51089,565,438
51090,565,439
51091,565,440
51092,565,441
51093,565,442
51094,565,443
51095,565,444
51096,565,445
51097,565,446
51098,565,447
51099,565,448
51100,565,449
51101,565,450
51102,565,451
51103,565,452
51104,565,453
51105,565,454
51106,565,455
51107,565,456
51108,565,457
51109,565,458
51110,565,459
51111,565,460
51112,565,461
51113,565,462
51114,565,463
51115,565,464
51116,565,465
51117,565,466
51118,565,467
51119,565,468
51120,565,469
51121,565,470
51122,565,471
51123,565,472
51124,565,473
51125,565,474
51126,565,475
51127,565,476
51128,565,477
51129,565,478
51130,565,479
51131,565,480
51132,565,481
51133,565,482
51134,565,483
51135,565,484
51136,565,485
51137,565,486
51138,565,487
51139,565,488
51140,565,489
51141,565,490
51142,565,491
51143,565,492
51144,565,493
51145,565,494
51146,565,495
51147,565,496
51148,565,497
51149,565,498
51150,565,499
51151,565,500
51152,565,501
51153,565,502
51154,565,503
51155,566,373
51156,566,374
51157,566,375
51158,566,376
51159,566,377
51160,566,378
51161,566,379
51162,566,380
51163,566,381
51164,566,382
51165,566,383
51166,566,384
51167,566,385
51168,566,386
51169,566,387
51170,566,388
51171,566,389
51172,566,390
51173,566,391
51174,566,392
51175,566,393
51176,566,394
51177,566,395
51178,566,396
51179,566,397
51180,566,398
51181,566,399
51182,566,400
51183,566,401
51184,566,402
51185,566,403
51186,566,404
51187,566,405
51188,566,406
51189,566,407
51190,566,408
51191,566,409
51192,566,410
51193,566,411
51194,566,412
51195,566,413
51196,566,414
51197,566,415
51198,566,416
51199,566,417
51200,566,418
51201,566,419
51202,566,420
51203,566,421
51204,566,422
51205,566,423
51206,566,424
51207,566,425
51208,566,426
51209,566,427
51210,566,428
51211,566,429
51212,566,430
51213,566,431
51214,566,432
51215,566,433
51216,566,434
51217,566,435
51218,566,436
51219,566,437
51220,566,438
51221,566,439
51222,566,440
51223,566,441
51224,566,442
51225,566,443
51226,566,444
51227,566,445
51228,566,446
51229,566,447
51230,566,448
51231,566,449
51232,566,450
51233,566,451
51234,566,452
51235,566,453
51236,566,454
51237,566,455
51238,566,456
51239,566,457
51240,566,458
51241,566,459
51242,566,460
51243,566,461
51244,566,462
51245,566,463
51246,566,464
51247,566,465
51248,566,466
51249,566,467
51250,566,468
51251,566,469
51252,566,470
51253,566,471
51254,566,472
51255,566,473
51256,566,474
51257,566,475
51258,566,476
51259,566,477
51260,566,478
51261,566,479
51262,566,480
51263,566,481
51264,566,482
51265,566,483
51266,566,484
51267,566,485
51268,566,486
51269,566,487
51270,566,488
51271,566,489
51272,566,490
51273,566,491
51274,566,492
51275,566,493
51276,566,494
51277,566,495
51278,566,496
51279,566,497
51280,566,498
51281,566,499
51282,566,500
51283,566,501
51284,566,502
51285,566,503
51286,567,375
51287,567,376
51288,567,377
51289,567,378
51290,567,379
51291,567,380
51292,567,381
51293,567,382
51294,567,383
51295,567,384
51296,567,385
51297,567,386
51298,567,387
51299,567,388
51300,567,389
51301,567,390
51302,567,391
51303,567,392
51304,567,393
51305,567,394
51306,567,395
51307,567,396
51308,567,397
51309,567,398
51310,567,399
51311,567,400
51312,567,401
51313,567,402
51314,567,403
51315,567,404
51316,567,405
51317,567,406
51318,567,407
51319,567,408
51320,567,409
51321,567,410
51322,567,411
51323,567,412
51324,567,413
51325,567,414
51326,567,415
51327,567,416
51328,567,417
51329,567,418
51330,567,419
51331,567,420
51332,567,421
51333,567,422
51334,567,423
51335,567,424
51336,567,425
51337,567,426
51338,567,427
51339,567,428
51340,567,429
51341,567,430
51342,567,431
51343,567,432
51344,567,433
51345,567,434
51346,567,435
51347,567,436
51348,567,437
51349,567,438
51350,567,439
51351,567,440
51352,567,441
51353,567,442
51354,567,443
51355,567,444
51356,567,445
51357,567,446
51358,567,447
51359,567,448
51360,567,449
51361,567,450
51362,567,451
51363,567,452
51364,567,453
51365,567,454
51366,567,455
51367,567,456
51368,567,457
51369,567,458
51370,567,459
51371,567,460
51372,567,461
51373,567,462
51374,567,463
51375,567,464
51376,567,465
51377,567,466
51378,567,467
51379,567,468
51380,567,469
51381,567,470
51382,567,471
51383,567,472
51384,567,473
51385,567,474
51386,567,475
51387,567,476
51388,567,477
51389,567,478
51390,567,479
51391,567,480
51392,567,481
51393,567,482
51394,567,483
51395,567,484
51396,567,485
51397,567,486
51398,567,487
51399,567,488
51400,567,489
51401,567,490
51402,567,491
51403,567,492
51404,567,493
51405,567,494
51406,567,495
51407,567,496
51408,567,497
51409,567,498
51410,567,499
51411,567,500
51412,567,501
51413,567,502
51414,567,503
51415,568,379
51416,568,380
51417,568,381
51418,568,382
51419,568,383
51420,568,384
51421,568,385
51422,568,386
51423,568,387
51424,568,388
51425,568,389
51426,568,390
51427,568,391
51428,568,392
51429,568,393
51430,568,394
51431,568,395
51432,568,396
51433,568,397
51434,568,398
51435,568,399
51436,568,400
51437,568,401
51438,568,402
51439,568,403
51440,568,404
51441,568,405
51442,568,406
51443,568,407
51444,568,408
51445,568,409
51446,568,410
51447,568,411
51448,568,412
51449,568,413
51450,568,414
51451,568,415
51452,568,416
51453,568,417
51454,568,418
51455,568,419
51456,568,420
51457,568,421
51458,568,422
51459,568,423
51460,568,424
51461,568,425
51462,568,426
51463,568,427
51464,568,428
51465,568,429
51466,568,430
51467,568,431
51468,568,432
51469,568,433
51470,568,434
51471,568,435
51472,568,436
51473,568,437
51474,568,438
51475,568,439
51476,568,440
51477,568,441
51478,568,442
51479,568,443
51480,568,444
51481,568,445
51482,568,446
51483,568,447
51484,568,448
51485,568,449
51486,568,450
51487,568,451
51488,568,452
51489,568,453
51490,568,454
51491,568,455
51492,568,456
51493,568,457
51494,568,458
51495,568,459
51496,568,460
51497,568,461
51498,568,462
51499,568,463
51500,568,464
51501,568,465
51502,568,466
51503,568,467
51504,568,468
51505,568,469
51506,568,470
51507,568,471
51508,568,472
51509,568,473
51510,568,474
51511,568,475
51512,568,476
51513,568,477
51514,568,478
51515,568,479
51516,568,480
51517,568,481
51518,568,482
51519,568,483
51520,568,484
51521,568,485
51522,568,486
51523,568,487
51524,568,488
51525,568,489
51526,568,490
51527,568,491
51528,568,492
51529,568,493
51530,568,494
51531,568,495
51532,568,496
51533,568,497
51534,568,498
51535,568,499
51536,568,500
51537,568,501
51538,568,502
51539,568,503
51540,569,382
51541,569,383
51542,569,384
51543,569,385
51544,569,386
51545,569,387
51546,569,388
51547,569,389
51548,569,390
51549,569,391
51550,569,392
51551,569,393
51552,569,394
51553,569,395
51554,569,396
51555,569,397
51556,569,398
51557,569,399
51558,569,400
51559,569,401
51560,569,402
51561,569,403
51562,569,404
51563,569,405
51564,569,406
51565,569,407
51566,569,408
51567,569,409
51568,569,410
51569,569,411
51570,569,412
51571,569,413
51572,569,414
51573,569,415
51574,569,416
51575,569,417
51576,569,418
51577,569,419
51578,569,420
51579,569,421
51580,569,422
51581,569,423
51582,569,424
51583,569,425
51584,569,426
51585,569,427
51586,569,428
51587,569,429
51588,569,430
51589,569,431
51590,569,432
51591,569,433
51592,569,434
51593,569,435
51594,569,436
51595,569,437
51596,569,438
51597,569,439
51598,569,440
51599,569,441
51600,569,442
51601,569,443
51602,569,444
51603,569,445
51604,569,446
51605,569,447
51606,569,448
51607,569,449
51608,569,450
51609,569,451
51610,569,452
51611,569,453
51612,569,454
51613,569,455
51614,569,456
51615,569,457
51616,569,458
51617,569,459
51618,569,460
51619,569,461
51620,569,462
51621,569,463
51622,569,464
51623,569,465
51624,569,466
51625,569,467
51626,569,468
51627,569,469
51628,569,470
51629,569,471
51630,569,472
51631,569,473
51632,569,474
51633,569,475
51634,569,476
51635,569,477
51636,569,478
51637,569,479
51638,569,480
51639,569,481
51640,569,482
51641,569,483
51642,569,484
51643,569,485
51644,569,486
51645,569,487
51646,569,488
51647,569,489
51648,569,490
51649,569,491
51650,569,492
51651,569,493
51652,569,494
51653,569,495
51654,569,496
51655,569,497
51656,569,498
51657,569,499
51658,569,500
51659,569,501
51660,569,502
51661,569,503
51662,570,384
51663,570,385
51664,570,386
51665,570,387
51666,570,388
51667,570,389
51668,570,390
51669,570,391
51670,570,392
51671,570,393
51672,570,394
51673,570,395
51674,570,396
51675,570,397
51676,570,398
51677,570,399
51678,570,400
51679,570,401
51680,570,402
51681,570,403
51682,570,404
51683,570,405
51684,570,406
51685,570,407
51686,570,408
51687,570,409
51688,570,410
51689,570,411
51690,570,412
51691,570,413
51692,570,414
51693,570,415
51694,570,416
51695,570,417
51696,570,418
51697,570,419
51698,570,420
51699,570,421
51700,570,422
51701,570,423
51702,570,424
51703,570,425
51704,570,426
51705,570,427
51706,570,428
51707,570,429
51708,570,430
51709,570,431
51710,570,432
51711,570,433
51712,570,434
51713,570,435
51714,570,436
51715,570,437
51716,570,438
51717,570,439
51718,570,440
51719,570,441
51720,570,442
51721,570,443
51722,570,444
51723,570,445
51724,570,446
51725,570,447
51726,570,448
51727,570,449
51728,570,450
51729,570,451
51730,570,452
51731,570,453
51732,570,454
51733,570,455
51734,570,456
51735,570,457
51736,570,458
51737,570,459
51738,570,460
51739,570,461
51740,570,462
51741,570,463
51742,570,464
51743,570,465
51744,570,466
51745,570,467
51746,570,468
51747,570,469
51748,570,470
51749,570,471
51750,570,472
51751,570,473
51752,570,474
51753,570,475
51754,570,476
51755,570,477
51756,570,478
51757,570,479
51758,570,480
51759,570,481
51760,570,482
51761,570,483
51762,570,484
51763,570,485
51764,570,486
51765,570,487
51766,570,488
51767,570,489
51768,570,490
51769,570,491
51770,570,492
51771,570,493
51772,570,494
51773,570,495
51774,570,496
51775,570,497
51776,570,498
51777,570,499
51778,570,500
51779,570,501
51780,570,502
51781,570,503
51782,571,387
51783,571,388
51784,571,389
51785,571,390
51786,571,391
51787,571,392
51788,571,393
51789,571,394
51790,571,395
51791,571,396
51792,571,397
51793,571,398
51794,571,399
51795,571,400
51796,571,401
51797,571,402
51798,571,403
51799,571,404
51800,571,405
51801,571,406
51802,571,407
51803,571,408
51804,571,409
51805,571,410
51806,571,411
51807,571,412
51808,571,413
51809,571,414
51810,571,415
51811,571,416
51812,571,417
51813,571,418
51814,571,419
51815,571,420
51816,571,421
51817,571,422
51818,571,423
51819,571,424
51820,571,425
51821,571,426
51822,571,427
51823,571,428
51824,571,429
51825,571,430
51826,571,431
51827,571,432
51828,571,433
51829,571,434
51830,571,435
51831,571,436
51832,571,437
51833,571,438
51834,571,439
51835,571,440
51836,571,441
51837,571,442
51838,571,443
51839,571,444
51840,571,445
51841,571,446
51842,571,447
51843,571,448
51844,571,449
51845,571,450
51846,571,451
51847,571,452
51848,571,453
51849,571,454
51850,571,455
51851,571,456
51852,571,457
51853,571,458
51854,571,459
51855,571,460
51856,571,461
51857,571,462
51858,571,463
51859,571,464
51860,571,465
51861,571,466
51862,571,467
51863,571,468
51864,571,469
51865,571,470
51866,571,471
51867,571,472
51868,571,473
51869,571,474
51870,571,475
51871,571,476
51872,571,477
51873,571,478
51874,571,479
51875,571,480
51876,571,481
51877,571,482
51878,571,483
51879,571,484
51880,571,485
51881,571,486
51882,571,487
51883,571,488
51884,571,489
51885,571,490
51886,571,491
51887,571,492
51888,571,493
51889,571,494
51890,571,495
51891,571,496
51892,571,497
51893,571,498
51894,571,499
51895,571,500
51896,571,501
51897,571,502
51898,571,503
51899,572,388
51900,572,389
51901,572,390
51902,572,391
51903,572,392
51904,572,393
51905,572,394
51906,572,395
51907,572,396
51908,572,397
51909,572,398
51910,572,399
51911,572,400
51912,572,401
51913,572,402
51914,572,403
51915,572,404
51916,572,405
51917,572,406
51918,572,407
51919,572,408
51920,572,409
51921,572,410
51922,572,411
51923,572,412
51924,572,413
51925,572,414
51926,572,415
51927,572,416
51928,572,417
51929,572,418
51930,572,419
51931,572,420
51932,572,421
51933,572,422
51934,572,423
51935,572,424
51936,572,425
51937,572,426
51938,572,427
51939,572,428
51940,572,429
51941,572,430
51942,572,431
51943,572,432
51944,572,433
51945,572,434
51946,572,435
51947,572,436
51948,572,437
51949,572,438
51950,572,439
51951,572,440
51952,572,441
51953,572,442
51954,572,443
51955,572,444
51956,572,445
51957,572,446
51958,572,447
51959,572,448
51960,572,449
51961,572,450
51962,572,451
51963,572,452
51964,572,453
51965,572,454
51966,572,455
51967,572,456
51968,572,457
51969,572,458
51970,572,459
51971,572,460
51972,572,461
51973,572,462
51974,572,463
51975,572,464
51976,572,465
51977,572,466
51978,572,467
51979,572,468
51980,572,469
51981,572,470
51982,572,471
51983,572,472
51984,572,473
51985,572,474
51986,572,475
51987,572,476
51988,572,477
51989,572,478
51990,572,479
51991,572,480
51992,572,481
51993,572,482
51994,572,483
51995,572,484
51996,572,485
51997,572,486
51998,572,487
51999,572,488
52000,572,489
52001,572,490
52002,572,491
52003,572,492
52004,572,493
52005,572,494
52006,572,495
52007,572,496
52008,572,497
52009,572,498
52010,572,499
52011,572,500
52012,572,501
52013,572,502
52014,572,503
52015,573,391
52016,573,392
52017,573,393
52018,573,394
52019,573,395
52020,573,396
52021,573,397
52022,573,398
52023,573,399
52024,573,400
52025,573,401
52026,573,402
52027,573,403
52028,573,404
52029,573,405
52030,573,406
52031,573,407
52032,573,408
52033,573,409
52034,573,410
52035,573,411
52036,573,412
52037,573,413
52038,573,414
52039,573,415
52040,573,416
52041,573,417
52042,573,418
52043,573,419
52044,573,420
52045,573,421
52046,573,422
52047,573,423
52048,573,424
52049,573,425
52050,573,426
52051,573,427
52052,573,428
52053,573,429
52054,573,430
52055,573,431
52056,573,432
52057,573,433
52058,573,434
52059,573,435
52060,573,436
52061,573,437
52062,573,438
52063,573,439
52064,573,440
52065,573,441
52066,573,442
52067,573,443
52068,573,444
52069,573,445
52070,573,446
52071,573,447
52072,573,448
52073,573,449
52074,573,450
52075,573,451
52076,573,452
52077,573,453
52078,573,454
52079,573,455
52080,573,456
52081,573,457
52082,573,458
52083,573,459
52084,573,460
52085,573,461
52086,573,462
52087,573,463
52088,573,464
52089,573,465
52090,573,466
52091,573,467
52092,573,468
52093,573,469
52094,573,470
52095,573,471
52096,573,472
52097,573,473
52098,573,474
52099,573,475
52100,573,476
52101,573,477
52102,573,478
52103,573,479
52104,573,480
52105,573,481
52106,573,482
52107,573,483
52108,573,484
52109,573,485
52110,573,486
52111,573,487
52112,573,488
52113,573,489
52114,573,490
52115,573,491
52116,573,492
52117,573,493
52118,573,494
52119,573,495
52120,573,496
52121,573,497
52122,573,498
52123,573,499
52124,573,500
52125,573,501
52126,573,502
52127,573,503
52128,574,393
52129,574,394
52130,574,395
52131,574,396
52132,574,397
52133,574,398
52134,574,399
52135,574,400
52136,574,401
52137,574,402
52138,574,403
52139,574,404
52140,574,405
52141,574,406
52142,574,407
52143,574,408
52144,574,409
52145,574,410
52146,574,411
52147,574,412
52148,574,413
52149,574,414
52150,574,415
52151,574,416
52152,574,417
52153,574,418
52154,574,419
52155,574,420
52156,574,421
52157,574,422
52158,574,423
52159,574,424
52160,574,425
52161,574,426
52162,574,427
52163,574,428
52164,574,429
52165,574,430
52166,574,431
52167,574,432
52168,574,433
52169,574,434
52170,574,435
52171,574,436
52172,574,437
52173,574,438
52174,574,439
52175,574,440
52176,574,441
52177,574,442
52178,574,443
52179,574,444
52180,574,445
52181,574,446
52182,574,447
52183,574,448
52184,574,449
52185,574,450
52186,574,451
52187,574,452
52188,574,453
52189,574,454
52190,574,455
52191,574,456
52192,574,457
52193,574,458
52194,574,459
52195,574,460
52196,574,461
52197,574,462
52198,574,463
52199,574,464
52200,574,465
52201,574,466
52202,574,467
52203,574,468
52204,574,469
52205,574,470
52206,574,471
52207,574,472
52208,574,473
52209,574,474
52210,574,475
52211,574,476
52212,574,477
52213,574,478
52214,574,479
52215,574,480
52216,574,481
52217,574,482
52218,574,483
52219,574,484
52220,574,485
52221,574,486
52222,574,487
52223,574,488
52224,574,489
52225,574,490
52226,574,491
52227,574,492
52228,574,493
52229,574,494
52230,574,495
52231,574,496
52232,574,497
52233,574,498
52234,574,499
52235,574,500
52236,574,501
52237,574,502
52238,574,503
52239,575,399
52240,575,400
52241,575,401
52242,575,402
52243,575,403
52244,575,404
52245,575,405
52246,575,406
52247,575,407
52248,575,408
52249,575,409
52250,575,410
52251,575,411
52252,575,412
52253,575,413
52254,575,414
52255,575,415
52256,575,416
52257,575,417
52258,575,418
52259,575,419
52260,575,420
52261,575,421
52262,575,422
52263,575,423
52264,575,424
52265,575,425
52266,575,426
52267,575,427
52268,575,428
52269,575,429
52270,575,430
52271,575,431
52272,575,432
52273,575,433
52274,575,434
52275,575,435
52276,575,436
52277,575,437
52278,575,438
52279,575,439
52280,575,440
52281,575,441
52282,575,442
52283,575,443
52284,575,444
52285,575,445
52286,575,446
52287,575,447
52288,575,448
52289,575,449
52290,575,450
52291,575,451
52292,575,452
52293,575,453
52294,575,454
52295,575,455
52296,575,456
52297,575,457
52298,575,458
52299,575,459
52300,575,460
52301,575,461
52302,575,462
52303,575,463
52304,575,464
52305,575,465
52306,575,466
52307,575,467
52308,575,468
52309,575,469
52310,575,470
52311,575,471
52312,575,472
52313,575,473
52314,575,474
52315,575,475
52316,575,476
52317,575,477
52318,575,478
52319,575,479
52320,575,480
52321,575,481
52322,575,482
52323,575,483
52324,575,484
52325,575,485
52326,575,486
52327,575,487
52328,575,488
52329,575,489
52330,575,490
52331,575,491
52332,575,492
52333,575,493
52334,575,494
52335,575,495
52336,575,496
52337,575,497
52338,575,498
52339,575,499
52340,575,500
52341,575,501
52342,575,502
52343,575,503
52344,576,402
52345,576,403
52346,576,404
52347,576,405
52348,576,406
52349,576,407
52350,576,408
52351,576,409
52352,576,410
52353,576,411
52354,576,412
52355,576,413
52356,576,414
52357,576,415
52358,576,416
52359,576,417
52360,576,418
52361,576,419
52362,576,420
52363,576,421
52364,576,422
52365,576,423
52366,576,424
52367,576,425
52368,576,426
52369,576,427
52370,576,428
52371,576,429
52372,576,430
52373,576,431
52374,576,432
52375,576,433
52376,576,434
52377,576,435
52378,576,436
52379,576,437
52380,576,438
52381,576,439
52382,576,440
52383,576,441
52384,576,442
52385,576,443
52386,576,444
52387,576,445
52388,576,446
52389,576,447
52390,576,448
52391,576,449
52392,576,450
52393,576,451
52394,576,452
52395,576,453
52396,576,454
52397,576,455
52398,576,456
52399,576,457
52400,576,458
52401,576,459
52402,576,460
52403,576,461
52404,576,462
52405,576,463
52406,576,464
52407,576,465
52408,576,466
52409,576,467
52410,576,468
52411,576,469
52412,576,470
52413,576,471
52414,576,472
52415,576,473
52416,576,474
52417,576,475
52418,576,476
52419,576,477
52420,576,478
52421,576,479
52422,576,480
52423,576,481
52424,576,482
52425,576,483
52426,576,484
52427,576,485
52428,576,486
52429,576,487
52430,576,488
52431,576,489
52432,576,490
52433,576,491
52434,576,492
52435,576,493
52436,576,494
52437,576,495
52438,576,496
52439,576,497
52440,576,498
52441,576,499
52442,576,500
52443,576,501
52444,576,502
52445,576,503
52446,576,504
52447,577,405
52448,577,406
52449,577,407
52450,577,408
52451,577,409
52452,577,410
52453,577,411
52454,577,412
52455,577,413
52456,577,414
52457,577,415
52458,577,416
52459,577,417
52460,577,418
52461,577,419
52462,577,420
52463,577,421
52464,577,422
52465,577,423
52466,577,424
52467,577,425
52468,577,426
52469,577,427
52470,577,428
52471,577,429
52472,577,430
52473,577,431
52474,577,432
52475,577,433
52476,577,434
52477,577,435
52478,577,436
52479,577,437
52480,577,438
52481,577,439
52482,577,440
52483,577,441
52484,577,442
52485,577,443
52486,577,444
52487,577,445
52488,577,446
52489,577,447
52490,577,448
52491,577,449
52492,577,450
52493,577,451
52494,577,452
52495,577,453
52496,577,454
52497,577,455
52498,577,456
52499,577,457
52500,577,458
52501,577,459
52502,577,460
52503,577,461
52504,577,462
52505,577,463
52506,577,464
52507,577,465
52508,577,466
52509,577,467
52510,577,468
52511,577,469
52512,577,470
52513,577,471
52514,577,472
52515,577,473
52516,577,474
52517,577,475
52518,577,476
52519,577,477
52520,577,478
52521,577,479
52522,577,480
52523,577,481
52524,577,482
52525,577,483
52526,577,484
52527,577,485
52528,577,486
52529,577,487
52530,577,488
52531,577,489
52532,577,490
52533,577,491
52534,577,492
52535,577,493
52536,577,494
52537,577,495
52538,577,496
52539,577,497
52540,577,498
52541,577,499
52542,577,500
52543,577,501
52544,577,502
52545,577,503
52546,577,504
52547,578,407
52548,578,408
52549,578,409
52550,578,410
52551,578,411
52552,578,412
52553,578,413
52554,578,414
52555,578,415
52556,578,416
52557,578,417
52558,578,418
52559,578,419
52560,578,420
52561,578,421
52562,578,422
52563,578,423
52564,578,424
52565,578,425
52566,578,426
52567,578,427
52568,578,428
52569,578,429
52570,578,430
52571,578,431
52572,578,432
52573,578,433
52574,578,434
52575,578,435
52576,578,436
52577,578,437
52578,578,438
52579,578,439
52580,578,440
52581,578,441
52582,578,442
52583,578,443
52584,578,444
52585,578,445
52586,578,446
52587,578,447
52588,578,448
52589,578,449
52590,578,450
52591,578,451
52592,578,452
52593,578,453
52594,578,454
52595,578,455
52596,578,456
52597,578,457
52598,578,458
52599,578,459
52600,578,460
52601,578,461
52602,578,462
52603,578,463
52604,578,464
52605,578,465
52606,578,466
52607,578,467
52608,578,468
52609,578,469
52610,578,470
52611,578,471
52612,578,472
52613,578,473
52614,578,474
52615,578,475
52616,578,476
52617,578,477
52618,578,478
52619,578,479
52620,578,480
52621,578,481
52622,578,482
52623,578,483
52624,578,484
52625,578,485
52626,578,486
52627,578,487
52628,578,488
52629,578,489
52630,578,490
52631,578,491
52632,578,492
52633,578,493
52634,578,494
52635,578,495
52636,578,496
52637,578,497
52638,578,498
52639,578,499
52640,578,500
52641,578,501
52642,578,502
52643,578,503
52644,578,504
52645,578,505
52646,579,409
52647,579,410
52648,579,411
52649,579,412
52650,579,413
52651,579,414
52652,579,415
52653,579,416
52654,579,417
52655,579,418
52656,579,419
52657,579,420
52658,579,421
52659,579,422
52660,579,423
52661,579,424
52662,579,425
52663,579,426
52664,579,427
52665,579,428
52666,579,429
52667,579,430
52668,579,431
52669,579,432
52670,579,433
52671,579,434
52672,579,435
52673,579,436
52674,579,437
52675,579,438
52676,579,439
52677,579,440
52678,579,441
52679,579,442
52680,579,443
52681,579,444
52682,579,445
52683,579,446
52684,579,447
52685,579,448
52686,579,449
52687,579,450
52688,579,451
52689,579,452
52690,579,453
52691,579,454
52692,579,455
52693,579,456
52694,579,457
52695,579,458
52696,579,459
52697,579,460
52698,579,461
52699,579,462
52700,579,463
52701,579,464
52702,579,465
52703,579,466
52704,579,467
52705,579,468
52706,579,469
52707,579,470
52708,579,471
52709,579,472
52710,579,473
52711,579,474
52712,579,475
52713,579,476
52714,579,477
52715,579,478
52716,579,479
52717,579,480
52718,579,481
52719,579,482
52720,579,483
52721,579,484
52722,579,485
52723,579,486
52724,579,487
52725,579,488
52726,579,489
52727,579,490
52728,579,491
52729,579,492
52730,579,493
52731,579,494
52732,579,495
52733,579,496
52734,579,497
52735,579,498
52736,579,499
52737,579,500
52738,579,501
52739,579,502
52740,579,503
52741,579,504
52742,579,505
52743,579,506
52744,580,410
52745,580,411
52746,580,412
52747,580,413
52748,580,414
52749,580,415
52750,580,416
52751,580,417
52752,580,418
52753,580,419
52754,580,420
52755,580,421
52756,580,422
52757,580,423
52758,580,424
52759,580,425
52760,580,426
52761,580,427
52762,580,428
52763,580,429
52764,580,430
52765,580,431
52766,580,432
52767,580,433
52768,580,434
52769,580,435
52770,580,436
52771,580,437
52772,580,438
52773,580,439
52774,580,440
52775,580,441
52776,580,442
52777,580,443
52778,580,444
52779,580,445
52780,580,446
52781,580,447
52782,580,448
52783,580,449
52784,580,450
52785,580,451
52786,580,452
52787,580,453
52788,580,454
52789,580,455
52790,580,456
52791,580,457
52792,580,458
52793,580,459
52794,580,460
52795,580,461
52796,580,462
52797,580,463
52798,580,464
52799,580,465
52800,580,466
52801,580,467
52802,580,468
52803,580,469
52804,580,470
52805,580,471
52806,580,472
52807,580,473
52808,580,474
52809,580,475
52810,580,476
52811,580,477
52812,580,478
52813,580,479
52814,580,480
52815,580,481
52816,580,482
52817,580,483
52818,580,484
52819,580,485
52820,580,486
52821,580,487
52822,580,488
52823,580,489
52824,580,490
52825,580,491
52826,580,492
52827,580,493
52828,580,494
52829,580,495
52830,580,496
52831,580,497
52832,580,498
52833,580,499
52834,580,500
52835,580,501
52836,580,502
52837,580,503
52838,580,504
52839,580,505
52840,580,506
52841,581,410
52842,581,411
52843,581,412
52844,581,413
52845,581,414
52846,581,415
52847,581,416
52848,581,417
52849,581,418
52850,581,419
52851,581,420
52852,581,421
52853,581,422
52854,581,423
52855,581,424
52856,581,425
52857,581,426
52858,581,427
52859,581,428
52860,581,429
52861,581,430
52862,581,431
52863,581,432
52864,581,433
52865,581,434
52866,581,435
52867,581,436
52868,581,437
52869,581,438
52870,581,439
52871,581,440
52872,581,441
52873,581,442
52874,581,443
52875,581,444
52876,581,445
52877,581,446
52878,581,447
52879,581,448
52880,581,449
52881,581,450
52882,581,451
52883,581,452
52884,581,453
52885,581,454
52886,581,455
52887,581,456
52888,581,457
52889,581,458
52890,581,459
52891,581,460
52892,581,461
52893,581,462
52894,581,463
52895,581,464
52896,581,465
52897,581,466
52898,581,467
52899,581,468
52900,581,469
52901,581,470
52902,581,471
52903,581,472
52904,581,473
52905,581,474
52906,581,475
52907,581,476
52908,581,477
52909,581,478
52910,581,479
52911,581,480
52912,581,481
52913,581,482
52914,581,483
52915,581,484
52916,581,485
52917,581,486
52918,581,487
52919,581,488
52920,581,489
52921,581,490
52922,581,491
52923,581,492
52924,581,493
52925,581,494
52926,581,495
52927,581,496
52928,581,497
52929,581,498
52930,581,499
52931,581,500
52932,581,501
52933,581,502
52934,581,503
52935,581,504
52936,581,505
52937,581,506
52938,581,507
52939,582,412
52940,582,413
52941,582,414
52942,582,415
52943,582,416
52944,582,417
52945,582,418
52946,582,419
52947,582,420
52948,582,421
52949,582,422
52950,582,423
52951,582,424
52952,582,425
52953,582,426
52954,582,427
52955,582,428
52956,582,429
52957,582,430
52958,582,431
52959,582,432
52960,582,433
52961,582,434
52962,582,435
52963,582,436
52964,582,437
52965,582,438
52966,582,439
52967,582,440
52968,582,441
52969,582,442
52970,582,443
52971,582,444
52972,582,445
52973,582,446
52974,582,447
52975,582,448
52976,582,449
52977,582,450
52978,582,451
52979,582,452
52980,582,453
52981,582,454
52982,582,455
52983,582,456
52984,582,457
52985,582,458
52986,582,459
52987,582,460
52988,582,461
52989,582,462
52990,582,463
52991,582,464
52992,582,465
52993,582,466
52994,582,467
52995,582,468
52996,582,469
52997,582,470
52998,582,471
52999,582,472
53000,582,473
53001,582,474
53002,582,475
53003,582,476
53004,582,477
53005,582,478
53006,582,479
53007,582,480
53008,582,481
53009,582,482
53010,582,483
53011,582,484
53012,582,485
53013,582,486
53014,582,487
53015,582,488
53016,582,489
53017,582,490
53018,582,491
53019,582,492
53020,582,493
53021,582,494
53022,582,495
53023,582,496
53024,582,497
53025,582,498
53026,582,499
53027,582,500
53028,582,501
53029,582,502
53030,582,503
53031,582,504
53032,582,505
53033,582,506
53034,582,507
53035,583,422
53036,583,423
53037,583,424
53038,583,425
53039,583,426
53040,583,427
53041,583,428
53042,583,429
53043,583,430
53044,583,431
53045,583,432
53046,583,433
53047,583,434
53048,583,435
53049,583,436
53050,583,437
53051,583,438
53052,583,439
53053,583,440
53054,583,441
53055,583,442
53056,583,443
53057,583,444
53058,583,445
53059,583,446
53060,583,447
53061,583,448
53062,583,449
53063,583,450
53064,583,451
53065,583,452
53066,583,453
53067,583,454
53068,583,455
53069,583,456
53070,583,457
53071,583,458
53072,583,459
53073,583,460
53074,583,461
53075,583,462
53076,583,463
53077,583,464
53078,583,465
53079,583,466
53080,583,467
53081,583,468
53082,583,469
53083,583,470
53084,583,471
53085,583,472
53086,583,473
53087,583,474
53088,583,475
53089,583,476
53090,583,477
53091,583,478
53092,583,479
53093,583,480
53094,583,481
53095,583,482
53096,583,483
53097,583,484
53098,583,485
53099,583,486
53100,583,487
53101,583,488
53102,583,489
53103,583,490
53104,583,491
53105,583,492
53106,583,493
53107,583,494
53108,583,495
53109,583,496
53110,583,497
53111,583,498
53112,583,499
53113,583,500
53114,583,501
53115,583,502
53116,583,503
53117,583,504
53118,583,505
53119,583,506
53120,583,507
53121,583,508
53122,584,425
53123,584,426
53124,584,427
53125,584,428
53126,584,429
53127,584,430
53128,584,431
53129,584,432
53130,584,433
53131,584,434
53132,584,435
53133,584,436
53134,584,437
53135,584,438
53136,584,439
53137,584,440
53138,584,441
53139,584,442
53140,584,443
53141,584,444
53142,584,445
53143,584,446
53144,584,447
53145,584,448
53146,584,449
53147,584,450
53148,584,451
53149,584,452
53150,584,453
53151,584,454
53152,584,455
53153,584,456
53154,584,457
53155,584,458
53156,584,459
53157,584,460
53158,584,461
53159,584,462
53160,584,463
53161,584,464
53162,584,465
53163,584,466
53164,584,467
53165,584,468
53166,584,469
53167,584,470
53168,584,471
53169,584,472
53170,584,473
53171,584,474
53172,584,475
53173,584,476
53174,584,477
53175,584,478
53176,584,479
53177,584,480
53178,584,481
53179,584,482
53180,584,483
53181,584,484
53182,584,485
53183,584,486
53184,584,487
53185,584,488
53186,584,489
53187,584,490
53188,584,491
53189,584,492
53190,584,493
53191,584,494
53192,584,495
53193,584,496
53194,584,497
53195,584,498
53196,584,499
53197,584,500
53198,584,501
53199,584,502
53200,584,503
53201,584,504
53202,584,505
53203,584,506
53204,584,507
53205,584,508
53206,585,426
53207,585,427
53208,585,428
53209,585,429
53210,585,430
53211,585,431
53212,585,432
53213,585,433
53214,585,434
53215,585,435
53216,585,436
53217,585,437
53218,585,438
53219,585,439
53220,585,440
53221,585,441
53222,585,442
53223,585,443
53224,585,444
53225,585,445
53226,585,446
53227,585,447
53228,585,448
53229,585,449
53230,585,450
53231,585,451
53232,585,452
53233,585,453
53234,585,454
53235,585,455
53236,585,456
53237,585,457
53238,585,458
53239,585,459
53240,585,460
53241,585,461
53242,585,462
53243,585,463
53244,585,464
53245,585,465
53246,585,466
53247,585,467
53248,585,468
53249,585,469
53250,585,470
53251,585,471
53252,585,472
53253,585,473
53254,585,474
53255,585,475
53256,585,476
53257,585,477
53258,585,478
53259,585,479
53260,585,480
53261,585,481
53262,585,482
53263,585,483
53264,585,484
53265,585,485
53266,585,486
53267,585,487
53268,585,488
53269,585,489
53270,585,490
53271,585,491
53272,585,492
53273,585,493
53274,585,494
53275,585,495
53276,585,496
53277,585,497
53278,585,498
53279,585,499
53280,585,500
53281,585,501
53282,585,502
53283,585,503
53284,585,504
53285,585,505
53286,585,506
53287,585,507
53288,585,508
53289,586,429
53290,586,430
53291,586,431
53292,586,432
53293,586,433
53294,586,434
53295,586,435
53296,586,436
53297,586,437
53298,586,438
53299,586,439
53300,586,440
53301,586,441
53302,586,442
53303,586,443
53304,586,444
53305,586,445
53306,586,446
53307,586,447
53308,586,448
53309,586,449
53310,586,450
53311,586,451
53312,586,452
53313,586,453
53314,586,454
53315,586,455
53316,586,456
53317,586,457
53318,586,458
53319,586,459
53320,586,460
53321,586,461
53322,586,462
53323,586,463
53324,586,464
53325,586,465
53326,586,466
53327,586,467
53328,586,468
53329,586,469
53330,586,470
53331,586,471
53332,586,472
53333,586,473
53334,586,474
53335,586,475
53336,586,476
53337,586,477
53338,586,478
53339,586,479
53340,586,480
53341,586,481
53342,586,482
53343,586,483
53344,586,484
53345,586,485
53346,586,486
53347,586,487
53348,586,488
53349,586,489
53350,586,490
53351,586,491
53352,586,492
53353,586,493
53354,586,494
53355,586,495
53356,586,496
53357,586,497
53358,586,498
53359,586,499
53360,586,500
53361,586,501
53362,586,502
53363,586,503
53364,586,504
53365,586,505
53366,586,506
53367,586,507
53368,586,508
53369,586,509
53370,587,432
53371,587,433
53372,587,434
53373,587,435
53374,587,436
53375,587,437
53376,587,438
53377,587,439
53378,587,440
53379,587,441
53380,587,442
53381,587,443
53382,587,444
53383,587,445
53384,587,446
53385,587,447
53386,587,448
53387,587,449
53388,587,450
53389,587,451
53390,587,452
53391,587,453
53392,587,454
53393,587,455
53394,587,456
53395,587,457
53396,587,458
53397,587,459
53398,587,460
53399,587,461
53400,587,462
53401,587,463
53402,587,464
53403,587,465
53404,587,466
53405,587,467
53406,587,468
53407,587,469
53408,587,470
53409,587,471
53410,587,472
53411,587,473
53412,587,474
53413,587,475
53414,587,476
53415,587,477
53416,587,478
53417,587,479
53418,587,480
53419,587,481
53420,587,482
53421,587,483
53422,587,484
53423,587,485
53424,587,486
53425,587,487
53426,587,488
53427,587,489
53428,587,490
53429,587,491
53430,587,492
53431,587,493
53432,587,494
53433,587,495
53434,587,496
53435,587,497
53436,587,498
53437,587,499
53438,587,500
53439,587,501
53440,587,502
53441,587,503
53442,587,504
53443,587,505
53444,587,506
53445,587,507
53446,587,508
53447,587,509
53448,588,436
53449,588,437
53450,588,438
53451,588,439
53452,588,440
53453,588,441
53454,588,442
53455,588,443
53456,588,444
53457,588,445
53458,588,446
53459,588,447
53460,588,448
53461,588,449
53462,588,450
53463,588,451
53464,588,452
53465,588,453
53466,588,454
53467,588,455
53468,588,456
53469,588,457
53470,588,458
53471,588,459
53472,588,460
53473,588,461
53474,588,462
53475,588,463
53476,588,464
53477,588,465
53478,588,466
53479,588,467
53480,588,468
53481,588,469
53482,588,470
53483,588,471
53484,588,472
53485,588,473
53486,588,474
53487,588,475
53488,588,476
53489,588,477
53490,588,478
53491,588,479
53492,588,480
53493,588,481
53494,588,482
53495,588,483
53496,588,484
53497,588,485
53498,588,486
53499,588,487
53500,588,488
53501,588,489
53502,588,490
53503,588,491
53504,588,492
53505,588,493
53506,588,494
53507,588,495
53508,588,496
53509,588,497
53510,588,498
53511,588,499
53512,588,500
53513,588,501
53514,588,502
53515,588,503
53516,588,504
53517,588,505
53518,588,506
53519,588,507
53520,588,508
53521,588,509
53522,589,439
53523,589,440
53524,589,441
53525,589,442
53526,589,443
53527,589,444
53528,589,445
53529,589,446
53530,589,447
53531,589,448
53532,589,449
53533,589,450
53534,589,451
53535,589,452
53536,589,453
53537,589,454
53538,589,455
53539,589,456
53540,589,457
53541,589,458
53542,589,459
53543,589,460
53544,589,461
53545,589,462
53546,589,463
53547,589,464
53548,589,465
53549,589,466
53550,589,467
53551,589,468
53552,589,469
53553,589,470
53554,589,471
53555,589,472
53556,589,473
53557,589,474
53558,589,475
53559,589,476
53560,589,477
53561,589,478
53562,589,479
53563,589,480
53564,589,481
53565,589,482
53566,589,483
53567,589,484
53568,589,485
53569,589,486
53570,589,487
53571,589,488
53572,589,489
53573,589,490
53574,589,491
53575,589,492
53576,589,493
53577,589,494
53578,589,495
53579,589,496
53580,589,497
53581,589,498
53582,589,499
53583,589,500
53584,589,501
53585,589,502
53586,589,503
53587,589,504
53588,589,505
53589,589,506
53590,589,507
53591,589,508
53592,589,509
53593,590,442
53594,590,443
53595,590,444
53596,590,445
53597,590,446
53598,590,447
53599,590,448
53600,590,449
53601,590,450
53602,590,451
53603,590,452
53604,590,453
53605,590,454
53606,590,455
53607,590,456
53608,590,457
53609,590,458
53610,590,459
53611,590,460
53612,590,461
53613,590,462
53614,590,463
53615,590,464
53616,590,465
53617,590,466
53618,590,467
53619,590,468
53620,590,469
53621,590,470
53622,590,471
53623,590,472
53624,590,473
53625,590,474
53626,590,475
53627,590,476
53628,590,477
53629,590,478
53630,590,479
53631,590,480
53632,590,481
53633,590,482
53634,590,483
53635,590,484
53636,590,485
53637,590,486
53638,590,487
53639,590,488
53640,590,489
53641,590,490
53642,590,491
53643,590,492
53644,590,493
53645,590,494
53646,590,495
53647,590,496
53648,590,497
53649,590,498
53650,590,499
53651,590,500
53652,590,501
53653,590,502
53654,590,503
53655,590,504
53656,590,505
53657,590,506
53658,590,507
53659,590,508
53660,590,509
53661,591,444
53662,591,445
53663,591,446
53664,591,447
53665,591,448
53666,591,449
53667,591,450
53668,591,451
53669,591,452
53670,591,453
53671,591,454
53672,591,455
53673,591,456
53674,591,457
53675,591,458
53676,591,459
53677,591,460
53678,591,461
53679,591,462
53680,591,463
53681,591,464
53682,591,465
53683,591,466
53684,591,467
53685,591,468
53686,591,469
53687,591,470
53688,591,471
53689,591,472
53690,591,473
53691,591,474
53692,591,475
53693,591,476
53694,591,477
53695,591,478
53696,591,479
53697,591,480
53698,591,481
53699,591,482
53700,591,483
53701,591,484
53702,591,485
53703,591,486
53704,591,487
53705,591,488
53706,591,489
53707,591,490
53708,591,491
53709,591,492
53710,591,493
53711,591,494
53712,591,495
53713,591,496
53714,591,497
53715,591,498
53716,591,499
53717,591,500
53718,591,501
53719,591,502
53720,591,503
53721,591,504
53722,591,505
53723,591,506
53724,591,507
53725,591,508
53726,591,509
53727,592,447
53728,592,448
53729,592,449
53730,592,450
53731,592,451
53732,592,452
53733,592,453
53734,592,454
53735,592,455
53736,592,456
53737,592,457
53738,592,458
53739,592,459
53740,592,460
53741,592,461
53742,592,462
53743,592,463
53744,592,464
53745,592,465
53746,592,466
53747,592,467
53748,592,468
53749,592,469
53750,592,470
53751,592,471
53752,592,472
53753,592,473
53754,592,474
53755,592,475
53756,592,476
53757,592,477
53758,592,478
53759,592,479
53760,592,480
53761,592,481
53762,592,482
53763,592,483
53764,592,484
53765,592,485
53766,592,486
53767,592,487
53768,592,488
53769,592,489
53770,592,490
53771,592,491
53772,592,492
53773,592,493
53774,592,494
53775,592,495
53776,592,496
53777,592,497
53778,592,498
53779,592,499
53780,592,500
53781,592,501
53782,592,502
53783,592,503
53784,592,504
53785,592,505
53786,592,506
53787,592,507
53788,592,508
53789,592,509
53790,593,449
53791,593,450
53792,593,451
53793,593,452
53794,593,453
53795,593,454
53796,593,455
53797,593,456
53798,593,457
53799,593,458
53800,593,459
53801,593,460
53802,593,461
53803,593,462
53804,593,463
53805,593,464
53806,593,465
53807,593,466
53808,593,467
53809,593,468
53810,593,469
53811,593,470
53812,593,471
53813,593,472
53814,593,473
53815,593,474
53816,593,475
53817,593,476
53818,593,477
53819,593,478
53820,593,479
53821,593,480
53822,593,481
53823,593,482
53824,593,483
53825,593,484
53826,593,485
53827,593,486
53828,593,487
53829,593,488
53830,593,489
53831,593,490
53832,593,491
53833,593,492
53834,593,493
53835,593,494
53836,593,495
53837,593,496
53838,593,497
53839,593,498
53840,593,499
53841,593,500
53842,593,501
53843,593,502
53844,593,503
53845,593,504
53846,593,505
53847,593,506
53848,593,507
53849,593,508
53850,593,509
53851,593,510
53852,594,454
53853,594,455
53854,594,456
53855,594,457
53856,594,458
53857,594,459
53858,594,460
53859,594,461
53860,594,462
53861,594,463
53862,594,464
53863,594,465
53864,594,466
53865,594,467
53866,594,468
53867,594,469
53868,594,470
53869,594,471
53870,594,472
53871,594,473
53872,594,474
53873,594,475
53874,594,476
53875,594,477
53876,594,478
53877,594,479
53878,594,480
53879,594,481
53880,594,482
53881,594,483
53882,594,484
53883,594,485
53884,594,486
53885,594,487
53886,594,488
53887,594,489
53888,594,490
53889,594,491
53890,594,492
53891,594,493
53892,594,494
53893,594,495
53894,594,496
53895,594,497
53896,594,498
53897,594,499
53898,594,500
53899,594,501
53900,594,502
53901,594,503
53902,594,504
53903,594,505
53904,594,506
53905,594,507
53906,594,508
53907,594,509
53908,594,510
53909,595,456
53910,595,457
53911,595,458
53912,595,459
53913,595,460
53914,595,461
53915,595,462
53916,595,463
53917,595,464
53918,595,465
53919,595,466
53920,595,467
53921,595,468
53922,595,469
53923,595,470
53924,595,471
53925,595,472
53926,595,473
53927,595,474
53928,595,475
53929,595,476
53930,595,477
53931,595,478
53932,595,479
53933,595,480
53934,595,481
53935,595,482
53936,595,483
53937,595,484
53938,595,485
53939,595,486
53940,595,487
53941,595,488
53942,595,489
53943,595,490
53944,595,491
53945,595,492
53946,595,493
53947,595,494
53948,595,495
53949,595,496
53950,595,497
53951,595,498
53952,595,499
53953,595,500
53954,595,501
53955,595,502
53956,595,503
53957,595,504
53958,595,505
53959,595,506
53960,595,507
53961,595,508
53962,595,509
53963,595,510
53964,596,459
53965,596,460
53966,596,461
53967,596,462
53968,596,463
53969,596,464
53970,596,465
53971,596,466
53972,596,467
53973,596,468
53974,596,469
53975,596,470
53976,596,471
53977,596,472
53978,596,473
53979,596,474
53980,596,475
53981,596,476
53982,596,477
53983,596,478
53984,596,479
53985,596,480
53986,596,481
53987,596,482
53988,596,483
53989,596,484
53990,596,485
53991,596,486
53992,596,487
53993,596,488
53994,596,489
53995,596,490
53996,596,491
53997,596,492
53998,596,493
53999,596,494
54000,596,495
54001,596,496
54002,596,497
54003,596,498
54004,596,499
54005,596,500
54006,596,501
54007,596,502
54008,596,503
54009,596,504
54010,596,505
54011,596,506
54012,596,507
54013,596,508
54014,596,509
54015,596,510
54016,597,461
54017,597,462
54018,597,463
54019,597,464
54020,597,465
54021,597,466
54022,597,467
54023,597,468
54024,597,469
54025,597,470
54026,597,471
54027,597,472
54028,597,473
54029,597,474
54030,597,475
54031,597,476
54032,597,477
54033,597,478
54034,597,479
54035,597,480
54036,597,481
54037,597,482
54038,597,483
54039,597,484
54040,597,485
54041,597,486
54042,597,487
54043,597,488
54044,597,489
54045,597,490
54046,597,491
54047,597,492
54048,597,493
54049,597,494
54050,597,495
54051,597,496
54052,597,497
54053,597,498
54054,597,499
54055,597,500
54056,597,501
54057,597,502
54058,597,503
54059,597,504
54060,597,505
54061,597,506
54062,597,507
54063,597,508
54064,597,509
54065,597,510
54066,598,465
54067,598,466
54068,598,467
54069,598,468
54070,598,469
54071,598,470
54072,598,471
54073,598,472
54074,598,473
54075,598,474
54076,598,475
54077,598,476
54078,598,477
54079,598,478
54080,598,479
54081,598,480
54082,598,481
54083,598,482
54084,598,483
54085,598,484
54086,598,485
54087,598,486
54088,598,487
54089,598,488
54090,598,489
54091,598,490
54092,598,491
54093,598,492
54094,598,493
54095,598,494
54096,598,495
54097,598,496
54098,598,497
54099,598,498
54100,598,499
54101,598,500
54102,598,501
54103,598,502
54104,598,503
54105,598,504
54106,598,505
54107,598,506
54108,598,507
54109,598,508
54110,598,509
54111,598,510
54112,598,511
54113,599,468
54114,599,469
54115,599,470
54116,599,471
54117,599,472
54118,599,473
54119,599,474
54120,599,475
54121,599,476
54122,599,477
54123,599,478
54124,599,479
54125,599,480
54126,599,481
54127,599,482
54128,599,483
54129,599,484
54130,599,485
54131,599,486
54132,599,487
54133,599,488
54134,599,489
54135,599,490
54136,599,491
54137,599,492
54138,599,493
54139,599,494
54140,599,495
54141,599,496
54142,599,497
54143,599,498
54144,599,499
54145,599,500
54146,599,501
54147,599,502
54148,599,503
54149,599,504
54150,599,505
54151,599,506
54152,599,507
54153,599,508
54154,599,509
54155,599,510
54156,599,511
54157,600,472
54158,600,473
54159,600,474
54160,600,475
54161,600,476
54162,600,477
54163,600,478
54164,600,479
54165,600,480
54166,600,481
54167,600,482
54168,600,483
54169,600,484
54170,600,485
54171,600,486
54172,600,487
54173,600,488
54174,600,489
54175,600,490
54176,600,491
54177,600,492
54178,600,493
54179,600,494
54180,600,495
54181,600,496
54182,600,497
54183,600,498
54184,600,499
54185,600,500
54186,600,501
54187,600,502
54188,600,503
54189,600,504
54190,600,505
54191,600,506
54192,600,507
54193,600,508
54194,600,509
54195,600,510
54196,600,511
54197,601,474
54198,601,475
54199,601,476
54200,601,477
54201,601,478
54202,601,479
54203,601,480
54204,601,481
54205,601,482
54206,601,483
54207,601,484
54208,601,485
54209,601,486
54210,601,487
54211,601,488
54212,601,489
54213,601,490
54214,601,491
54215,601,492
54216,601,493
54217,601,494
54218,601,495
54219,601,496
54220,601,497
54221,601,498
54222,601,499
54223,601,500
54224,601,501
54225,601,502
54226,601,503
54227,601,504
54228,601,505
54229,601,506
54230,601,507
54231,601,508
54232,601,509
54233,601,510
54234,601,511
54235,602,477
54236,602,478
54237,602,479
54238,602,480
54239,602,481
54240,602,482
54241,602,483
54242,602,484
54243,602,485
54244,602,486
54245,602,487
54246,602,488
54247,602,489
54248,602,490
54249,602,491
54250,602,492
54251,602,493
54252,602,494
54253,602,495
54254,602,496
54255,602,497
54256,602,498
54257,602,499
54258,602,500
54259,602,501
54260,602,502
54261,602,503
54262,602,504
54263,602,505
54264,602,506
54265,602,507
54266,602,508
54267,602,509
54268,602,510
54269,602,511
54270,603,479
54271,603,480
54272,603,481
54273,603,482
54274,603,483
54275,603,484
54276,603,485
54277,603,486
54278,603,487
54279,603,488
54280,603,489
54281,603,490
54282,603,491
54283,603,492
54284,603,493
54285,603,494
54286,603,495
54287,603,496
54288,603,497
54289,603,498
54290,603,499
54291,603,500
54292,603,501
54293,603,502
54294,603,503
54295,603,504
54296,603,505
54297,603,506
54298,603,507
54299,603,508
54300,603,509
54301,603,510
54302,603,511
54303,604,485
54304,604,486
54305,604,487
54306,604,488
54307,604,489
54308,604,490
54309,604,491
54310,604,492
54311,604,493
54312,604,494
54313,604,495
54314,604,496
54315,604,497
54316,604,498
54317,604,499
54318,604,500
54319,604,501
54320,604,502
54321,604,503
54322,604,504
54323,604,505
54324,604,506
54325,604,507
54326,604,508
54327,604,509
54328,604,510
54329,605,486
54330,605,487
54331,605,488
54332,605,489
54333,605,490
54334,605,491
54335,605,492
54336,605,493
54337,605,494
54338,605,495
54339,605,496
54340,605,497
54341,605,498
54342,605,499
54343,605,500
54344,605,501
54345,605,502
54346,605,503
54347,605,504
54348,605,505
54349,605,506
54350,605,507
54351,605,508
54352,605,509
54353,606,488
54354,606,489
54355,606,490
54356,606,491
54357,606,492
54358,606,493
54359,606,494
54360,606,495
54361,606,496
54362,606,497
54363,606,498
54364,606,499
54365,606,500
54366,606,501
54367,606,502
54368,606,503
54369,606,504
54370,606,505
54371,606,506
54372,606,507
54373,606,508
54374,607,491
54375,607,492
54376,607,493
54377,607,494
54378,607,495
54379,607,496
54380,607,497
54381,607,498
54382,607,499
54383,607,500
54384,607,501
54385,607,502
54386,607,503
54387,607,504
54388,607,505
54389,607,506
54390,607,507
54391,608,494
54392,608,495
54393,608,496
54394,608,497
54395,608,498
54396,608,499
54397,608,500
54398,608,501
54399,608,502
54400,608,503
54401,608,504
54402,608,505
54403,608,506
54404,608,507
54405,609,497
54406,609,498
54407,609,499
54408,609,500
54409,609,501
54410,609,502
54411,609,503
54412,609,504
54413,609,505
54414,609,506
54415,609,507
54416,610,504
54417,610,505
54418,610,506
54419,610,507
