index,y,x
0,371,523
1,371,524
2,371,525
3,371,526
4,371,527
5,371,528
6,371,529
7,371,530
8,371,531
9,372,522
10,372,523
11,372,524
12,372,525
13,372,526
14,372,527
15,372,528
16,372,529
17,372,530
18,372,531
19,372,532
20,372,533
21,372,534
22,372,535
23,372,536
24,372,537
25,372,538
26,373,521
27,373,522
28,373,523
29,373,524
30,373,525
31,373,526
32,373,527
33,373,528
34,373,529
35,373,530
36,373,531
37,373,532
38,373,533
39,373,534
40,373,535
41,373,536
42,373,537
43,373,538
44,373,539
45,373,540
46,373,541
47,374,521
48,374,522
49,374,523
50,374,524
51,374,525
52,374,526
53,374,527
54,374,528
55,374,529
56,374,530
57,374,531
58,374,532
59,374,533
60,374,534
61,374,535
62,374,536
63,374,537
64,374,538
65,374,539
66,374,540
67,374,541
68,374,542
69,374,543
70,375,521
71,375,522
72,375,523
73,375,524
74,375,525
75,375,526
76,375,527
77,375,528
78,375,529
79,375,530
80,375,531
81,375,532
82,375,533
83,375,534
84,375,535
85,375,536
86,375,537
87,375,538
88,375,539
89,375,540
90,375,541
91,375,542
92,375,543
93,375,544
94,375,545
95,376,521
96,376,522
97,376,523
98,376,524
99,376,525
100,376,526
101,376,527
102,376,528
103,376,529
104,376,530
105,376,531
106,376,532
107,376,533
108,376,534
109,376,535
110,376,536
111,376,537
112,376,538
113,376,539
114,376,540
115,376,541
116,376,542
117,376,543
118,376,544
119,376,545
120,376,546
121,376,547
122,377,500
123,377,501
124,377,502
125,377,503
126,377,508
127,377,509
128,377,510
129,377,511
130,377,512
131,377,513
132,377,516
133,377,517
134,377,518
135,377,519
136,377,520
137,377,521
138,377,522
139,377,523
140,377,524
141,377,525
142,377,526
143,377,527
144,377,528
145,377,529
146,377,530
147,377,531
148,377,532
149,377,533
150,377,534
151,377,535
152,377,536
153,377,537
154,377,538
155,377,539
156,377,540
157,377,541
158,377,542
159,377,543
160,377,544
161,377,545
162,377,546
163,377,547
164,377,548
165,377,549
166,377,550
167,378,498
168,378,499
169,378,500
170,378,501
171,378,502
172,378,503
173,378,504
174,378,505
175,378,506
176,378,507
177,378,508
178,378,509
179,378,510
180,378,511
181,378,512
182,378,513
183,378,514
184,378,515
185,378,516
186,378,517
187,378,518
188,378,519
189,378,520
190,378,521
191,378,522
192,378,523
193,378,524
194,378,525
195,378,526
196,378,527
197,378,528
198,378,529
199,378,530
200,378,531
201,378,532
202,378,533
203,378,534
204,378,535
205,378,536
206,378,537
207,378,538
208,378,539
209,378,540
210,378,541
211,378,542
212,378,543
213,378,544
214,378,545
215,378,546
216,378,547
217,378,548
218,378,549
219,378,550
220,378,551
221,378,552
222,379,497
223,379,498
224,379,499
225,379,500
226,379,501
227,379,502
228,379,503
229,379,504
230,379,505
231,379,506
232,379,507
233,379,508
234,379,509
235,379,510
236,379,511
237,379,512
238,379,513
239,379,514
240,379,515
241,379,516
242,379,517
243,379,518
244,379,519
245,379,520
246,379,521
247,379,522
248,379,523
249,379,524
250,379,525
251,379,526
252,379,527
253,379,528
254,379,529
255,379,530
256,379,531
257,379,532
258,379,533
259,379,534
260,379,535
261,379,536
262,379,537
263,379,538
264,379,539
265,379,540
266,379,541
267,379,542
268,379,543
269,379,544
270,379,545
271,379,546
272,379,547
273,379,548
274,379,549
275,379,550
276,379,551
277,379,552
278,379,553
279,379,554
280,380,496
281,380,497
282,380,498
283,380,499
284,380,500
285,380,501
286,380,502
287,380,503
288,380,504
289,380,505
290,380,506
291,380,507
292,380,508
293,380,509
294,380,510
295,380,511
296,380,512
297,380,513
298,380,514
299,380,515
300,380,516
301,380,517
302,380,518
303,380,519
304,380,520
305,380,521
306,380,522
307,380,524
308,380,525
309,380,526
310,380,527
311,380,528
312,380,529
313,380,530
314,380,531
315,380,532
316,380,533
317,380,534
318,380,535
319,380,536
320,380,537
321,380,538
322,380,539
323,380,540
324,380,541
325,380,542
326,380,543
327,380,544
328,380,545
329,380,546
330,380,547
331,380,548
332,380,549
333,380,550
334,380,551
335,380,552
336,380,553
337,380,554
338,380,555
339,380,556
340,381,496
341,381,497
342,381,498
343,381,499
344,381,500
345,381,501
346,381,502
347,381,503
348,381,504
349,381,505
350,381,506
351,381,507
352,381,508
353,381,509
354,381,510
355,381,511
356,381,512
357,381,513
358,381,514
359,381,515
360,381,516
361,381,517
362,381,518
363,381,519
364,381,520
365,381,521
366,381,524
367,381,525
368,381,526
369,381,527
370,381,528
371,381,529
372,381,530
373,381,531
374,381,532
375,381,533
376,381,534
377,381,535
378,381,536
379,381,537
380,381,538
381,381,539
382,381,540
383,381,541
384,381,542
385,381,543
386,381,544
387,381,545
388,381,546
389,381,547
390,381,548
391,381,549
392,381,550
393,381,551
394,381,552
395,381,553
396,381,554
397,381,555
398,381,556
399,381,557
400,382,495
401,382,496
402,382,497
403,382,498
404,382,499
405,382,500
406,382,501
407,382,502
408,382,503
409,382,504
410,382,505
411,382,506
412,382,507
413,382,508
414,382,509
415,382,510
416,382,511
417,382,512
418,382,513
419,382,514
420,382,515
421,382,516
422,382,517
423,382,518
424,382,519
425,382,520
426,382,521
427,382,525
428,382,526
429,382,527
430,382,528
431,382,529
432,382,530
433,382,531
434,382,532
435,382,533
436,382,534
437,382,535
438,382,536
439,382,537
440,382,538
441,382,539
442,382,540
443,382,541
444,382,542
445,382,543
446,382,544
447,382,545
448,382,546
449,382,547
450,382,548
451,382,549
452,382,550
453,382,551
454,382,552
455,382,553
456,382,554
457,382,555
458,382,556
459,382,557
460,382,558
461,382,559
462,383,494
463,383,495
464,383,496
465,383,497
466,383,498
467,383,499
468,383,500
469,383,501
470,383,502
471,383,503
472,383,504
473,383,505
474,383,506
475,383,507
476,383,508
477,383,509
478,383,510
479,383,511
480,383,512
481,383,513
482,383,514
483,383,515
484,383,516
485,383,517
486,383,518
487,383,519
488,383,520
489,383,521
490,383,525
491,383,526
492,383,527
493,383,528
494,383,529
495,383,530
496,383,531
497,383,532
498,383,533
499,383,534
500,383,535
501,383,536
502,383,537
503,383,538
504,383,539
505,383,540
506,383,541
507,383,542
508,383,543
509,383,544
510,383,545
511,383,546
512,383,547
513,383,548
514,383,549
515,383,550
516,383,551
517,383,552
518,383,553
519,383,554
520,383,555
521,383,556
522,383,557
523,383,558
524,383,559
525,383,560
526,384,493
527,384,494
528,384,495
529,384,496
530,384,497
531,384,498
532,384,499
533,384,500
534,384,501
535,384,502
536,384,503
537,384,504
538,384,505
539,384,506
540,384,507
541,384,508
542,384,509
543,384,510
544,384,511
545,384,512
546,384,513
547,384,514
548,384,515
549,384,516
550,384,517
551,384,518
552,384,519
553,384,520
554,384,521
555,384,526
556,384,527
557,384,528
558,384,529
559,384,530
560,384,531
561,384,532
562,384,533
563,384,534
564,384,535
565,384,536
566,384,537
567,384,538
568,384,539
569,384,540
570,384,541
571,384,542
572,384,543
573,384,544
574,384,545
575,384,546
576,384,547
577,384,548
578,384,549
579,384,550
580,384,551
581,384,552
582,384,553
583,384,554
584,384,555
585,384,556
586,384,557
587,384,558
588,384,559
589,384,560
590,384,561
591,385,492
592,385,493
593,385,494
594,385,495
595,385,496
596,385,497
597,385,498
598,385,499
599,385,500
600,385,501
601,385,502
602,385,503
603,385,504
604,385,505
605,385,506
606,385,507
607,385,508
608,385,509
609,385,510
610,385,511
611,385,512
612,385,513
613,385,514
614,385,515
615,385,516
616,385,517
617,385,518
618,385,519
619,385,520
620,385,521
621,385,527
622,385,528
623,385,529
624,385,530
625,385,531
626,385,532
627,385,533
628,385,534
629,385,535
630,385,536
631,385,537
632,385,538
633,385,539
634,385,540
635,385,541
636,385,542
637,385,543
638,385,544
639,385,545
640,385,546
641,385,547
642,385,548
643,385,549
644,385,550
645,385,551
646,385,552
647,385,553
648,385,554
649,385,555
650,385,556
651,385,557
652,385,558
653,385,559
654,385,560
655,385,561
656,385,562
657,386,492
658,386,493
659,386,494
660,386,495
661,386,496
662,386,497
663,386,498
664,386,499
665,386,500
666,386,501
667,386,502
668,386,503
669,386,504
670,386,505
671,386,506
672,386,507
673,386,508
674,386,509
675,386,510
676,386,511
677,386,512
678,386,513
679,386,514
680,386,515
681,386,516
682,386,517
683,386,518
684,386,519
685,386,520
686,386,527
687,386,528
688,386,529
689,386,530
690,386,531
691,386,532
692,386,533
693,386,534
694,386,535
695,386,536
696,386,537
697,386,538
698,386,539
699,386,540
700,386,541
701,386,542
702,386,543
703,386,544
704,386,545
705,386,546
706,386,547
707,386,548
708,386,549
709,386,550
710,386,551
711,386,552
712,386,553
713,386,554
714,386,555
715,386,556
716,386,557
717,386,558
718,386,559
719,386,560
720,386,561
721,386,562
722,386,563
723,387,494
724,387,495
725,387,496
726,387,497
727,387,498
728,387,499
729,387,500
730,387,501
731,387,502
732,387,503
733,387,504
734,387,505
735,387,506
736,387,507
737,387,508
738,387,509
739,387,510
740,387,511
741,387,512
742,387,513
743,387,514
744,387,515
745,387,516
746,387,517
747,387,518
748,387,519
749,387,528
750,387,529
751,387,530
752,387,531
753,387,532
754,387,533
755,387,534
756,387,535
757,387,536
758,387,537
759,387,538
760,387,539
761,387,540
762,387,541
763,387,542
764,387,543
765,387,544
766,387,545
767,387,546
768,387,547
769,387,548
770,387,549
771,387,550
772,387,551
773,387,552
774,387,553
775,387,554
776,387,555
777,387,556
778,387,557
779,387,558
780,387,559
781,387,560
782,387,561
783,387,562
784,387,563
785,387,564
786,388,508
787,388,509
788,388,510
789,388,511
790,388,518
791,388,530
792,388,531
793,388,532
794,388,533
795,388,534
796,388,535
797,388,536
798,388,537
799,388,538
800,388,539
801,388,540
802,388,541
803,388,542
804,388,543
805,388,544
806,388,545
807,388,546
808,388,547
809,388,548
810,388,549
811,388,550
812,388,551
813,388,552
814,388,553
815,388,554
816,388,555
817,388,556
818,388,557
819,388,558
820,388,559
821,388,560
822,388,561
823,388,562
824,388,563
825,388,564
826,389,537
827,389,538
828,389,539
829,389,540
830,389,541
831,389,542
832,389,543
833,389,544
834,389,545
835,389,546
836,389,547
837,389,548
838,389,549
839,389,550
840,389,551
841,389,552
842,389,553
843,389,554
844,389,555
845,389,556
846,389,557
847,389,558
848,389,559
849,389,560
850,389,561
851,389,562
852,389,563
853,389,564
854,389,565
855,390,537
856,390,538
857,390,539
858,390,540
859,390,541
860,390,542
861,390,543
862,390,544
863,390,545
864,390,546
865,390,547
866,390,548
867,390,549
868,390,550
869,390,551
870,390,552
871,390,553
872,390,554
873,390,555
874,390,556
875,390,557
876,390,558
877,390,559
878,390,560
879,390,561
880,390,562
881,390,563
882,390,564
883,390,565
884,390,566
885,391,537
886,391,538
887,391,539
888,391,540
889,391,541
890,391,542
891,391,543
892,391,544
893,391,545
894,391,546
895,391,547
896,391,548
897,391,549
898,391,550
899,391,551
900,391,552
901,391,553
902,391,554
903,391,555
904,391,556
905,391,557
906,391,558
907,391,559
908,391,560
909,391,561
910,391,562
911,391,563
912,391,564
913,391,565
914,391,566
915,391,567
916,392,535
917,392,536
918,392,537
919,392,538
920,392,539
921,392,540
922,392,541
923,392,542
924,392,543
925,392,544
926,392,545
927,392,546
928,392,547
929,392,548
930,392,549
931,392,550
932,392,551
933,392,552
934,392,553
935,392,554
936,392,555
937,392,556
938,392,557
939,392,558
940,392,559
941,392,560
942,392,561
943,392,562
944,392,563
945,392,564
946,392,565
947,392,566
948,392,567
949,392,568
950,393,534
951,393,535
952,393,536
953,393,537
954,393,538
955,393,539
956,393,540
957,393,541
958,393,542
959,393,543
960,393,544
961,393,545
962,393,546
963,393,547
964,393,548
965,393,549
966,393,550
967,393,551
968,393,552
969,393,553
970,393,554
971,393,555
972,393,556
973,393,557
974,393,558
975,393,559
976,393,560
977,393,561
978,393,562
979,393,563
980,393,564
981,393,565
982,393,566
983,393,567
984,393,568
985,394,509
986,394,510
987,394,534
988,394,535
989,394,536
990,394,537
991,394,538
992,394,539
993,394,540
994,394,541
995,394,542
996,394,543
997,394,544
998,394,545
999,394,546
1000,394,547
1001,394,548
1002,394,549
1003,394,550
1004,394,551
1005,394,552
1006,394,553
1007,394,554
1008,394,555
1009,394,556
1010,394,557
1011,394,558
1012,394,559
1013,394,560
1014,394,561
1015,394,562
1016,394,563
1017,394,564
1018,394,565
1019,394,566
1020,394,567
1021,394,568
1022,394,569
1023,395,509
1024,395,510
1025,395,511
1026,395,533
1027,395,534
1028,395,535
1029,395,536
1030,395,537
1031,395,538
1032,395,539
1033,395,540
1034,395,541
1035,395,542
1036,395,543
1037,395,544
1038,395,545
1039,395,546
1040,395,547
1041,395,548
1042,395,549
1043,395,550
1044,395,551
1045,395,552
1046,395,553
1047,395,554
1048,395,555
1049,395,556
1050,395,557
1051,395,558
1052,395,559
1053,395,560
1054,395,561
1055,395,562
1056,395,563
1057,395,564
1058,395,565
1059,395,566
1060,395,567
1061,395,568
1062,395,569
1063,395,570
1064,395,571
1065,396,501
1066,396,502
1067,396,509
1068,396,510
1069,396,511
1070,396,518
1071,396,519
1072,396,520
1073,396,533
1074,396,534
1075,396,535
1076,396,536
1077,396,537
1078,396,538
1079,396,539
1080,396,540
1081,396,541
1082,396,542
1083,396,543
1084,396,544
1085,396,545
1086,396,546
1087,396,547
1088,396,548
1089,396,549
1090,396,550
1091,396,551
1092,396,552
1093,396,553
1094,396,554
1095,396,555
1096,396,556
1097,396,557
1098,396,558
1099,396,559
1100,396,560
1101,396,561
1102,396,562
1103,396,563
1104,396,564
1105,396,565
1106,396,566
1107,396,567
1108,396,568
1109,396,569
1110,396,570
1111,396,571
1112,396,572
1113,397,501
1114,397,502
1115,397,508
1116,397,509
1117,397,510
1118,397,511
1119,397,516
1120,397,517
1121,397,518
1122,397,519
1123,397,520
1124,397,521
1125,397,522
1126,397,528
1127,397,529
1128,397,530
1129,397,531
1130,397,532
1131,397,533
1132,397,534
1133,397,535
1134,397,536
1135,397,537
1136,397,538
1137,397,539
1138,397,540
1139,397,541
1140,397,542
1141,397,543
1142,397,544
1143,397,545
1144,397,546
1145,397,547
1146,397,548
1147,397,549
1148,397,550
1149,397,551
1150,397,552
1151,397,553
1152,397,554
1153,397,555
1154,397,556
1155,397,557
1156,397,558
1157,397,559
1158,397,560
1159,397,561
1160,397,562
1161,397,563
1162,397,564
1163,397,565
1164,397,566
1165,397,567
1166,397,568
1167,397,569
1168,397,570
1169,397,571
1170,397,572
1171,398,500
1172,398,501
1173,398,502
1174,398,503
1175,398,504
1176,398,505
1177,398,506
1178,398,507
1179,398,508
1180,398,509
1181,398,510
1182,398,515
1183,398,516
1184,398,517
1185,398,518
1186,398,519
1187,398,520
1188,398,521
1189,398,522
1190,398,523
1191,398,524
1192,398,525
1193,398,526
1194,398,527
1195,398,528
1196,398,529
1197,398,530
1198,398,531
1199,398,532
1200,398,533
1201,398,534
1202,398,535
1203,398,536
1204,398,537
1205,398,538
1206,398,539
1207,398,540
1208,398,541
1209,398,542
1210,398,543
1211,398,544
1212,398,545
1213,398,546
1214,398,547
1215,398,548
1216,398,549
1217,398,550
1218,398,551
1219,398,552
1220,398,553
1221,398,554
1222,398,555
1223,398,556
1224,398,557
1225,398,558
1226,398,559
1227,398,560
1228,398,561
1229,398,562
1230,398,563
1231,398,564
1232,398,565
1233,398,566
1234,398,567
1235,398,568
1236,398,569
1237,398,570
1238,398,571
1239,398,572
1240,398,573
1241,399,497
1242,399,498
1243,399,499
1244,399,500
1245,399,501
1246,399,502
1247,399,503
1248,399,504
1249,399,505
1250,399,506
1251,399,507
1252,399,508
1253,399,512
1254,399,513
1255,399,514
1256,399,515
1257,399,516
1258,399,517
1259,399,518
1260,399,519
1261,399,520
1262,399,521
1263,399,522
1264,399,523
1265,399,524
1266,399,525
1267,399,526
1268,399,527
1269,399,528
1270,399,529
1271,399,530
1272,399,531
1273,399,532
1274,399,533
1275,399,534
1276,399,535
1277,399,536
1278,399,537
1279,399,538
1280,399,539
1281,399,540
1282,399,541
1283,399,542
1284,399,543
1285,399,544
1286,399,545
1287,399,546
1288,399,547
1289,399,548
1290,399,549
1291,399,550
1292,399,551
1293,399,552
1294,399,553
1295,399,554
1296,399,555
1297,399,556
1298,399,557
1299,399,558
1300,399,559
1301,399,560
1302,399,561
1303,399,562
1304,399,563
1305,399,564
1306,399,565
1307,399,566
1308,399,567
1309,399,568
1310,399,569
1311,399,570
1312,399,571
1313,399,572
1314,399,573
1315,399,574
1316,400,517
1317,400,518
1318,400,519
1319,400,520
1320,400,521
1321,400,522
1322,400,523
1323,400,524
1324,400,525
1325,400,526
1326,400,527
1327,400,528
1328,400,529
1329,400,530
1330,400,531
1331,400,532
1332,400,533
1333,400,534
1334,400,535
1335,400,536
1336,400,537
1337,400,538
1338,400,539
1339,400,540
1340,400,541
1341,400,542
1342,400,543
1343,400,544
1344,400,545
1345,400,546
1346,400,547
1347,400,548
1348,400,549
1349,400,550
1350,400,551
1351,400,552
1352,400,553
1353,400,554
1354,400,555
1355,400,556
1356,400,557
1357,400,558
1358,400,559
1359,400,560
1360,400,561
1361,400,562
1362,400,563
1363,400,564
1364,400,565
1365,400,566
1366,400,567
1367,400,568
1368,400,569
1369,400,570
1370,400,571
1371,400,572
1372,400,573
1373,400,574
1374,400,575
1375,401,523
1376,401,524
1377,401,525
1378,401,526
1379,401,527
1380,401,528
1381,401,529
1382,401,530
1383,401,531
1384,401,532
1385,401,533
1386,401,534
1387,401,535
1388,401,536
1389,401,537
1390,401,538
1391,401,539
1392,401,540
1393,401,541
1394,401,542
1395,401,543
1396,401,544
1397,401,545
1398,401,546
1399,401,547
1400,401,548
1401,401,549
1402,401,550
1403,401,551
1404,401,552
1405,401,553
1406,401,554
1407,401,555
1408,401,556
1409,401,557
1410,401,558
1411,401,559
1412,401,560
1413,401,561
1414,401,562
1415,401,563
1416,401,564
1417,401,565
1418,401,566
1419,401,567
1420,401,568
1421,401,569
1422,401,570
1423,401,571
1424,401,572
1425,401,573
1426,401,574
1427,401,575
1428,402,527
1429,402,528
1430,402,529
1431,402,530
1432,402,531
1433,402,532
1434,402,533
1435,402,534
1436,402,535
1437,402,536
1438,402,537
1439,402,538
1440,402,539
1441,402,540
1442,402,541
1443,402,542
1444,402,543
1445,402,544
1446,402,545
1447,402,546
1448,402,547
1449,402,548
1450,402,549
1451,402,550
1452,402,551
1453,402,552
1454,402,553
1455,402,554
1456,402,555
1457,402,556
1458,402,557
1459,402,558
1460,402,559
1461,402,560
1462,402,561
1463,402,562
1464,402,563
1465,402,564
1466,402,565
1467,402,566
1468,402,567
1469,402,568
1470,402,569
1471,402,570
1472,402,571
1473,402,572
1474,402,573
1475,402,574
1476,402,575
1477,402,576
1478,403,527
1479,403,528
1480,403,529
1481,403,530
1482,403,531
1483,403,532
1484,403,533
1485,403,534
1486,403,535
1487,403,536
1488,403,537
1489,403,538
1490,403,539
1491,403,540
1492,403,541
1493,403,542
1494,403,543
1495,403,544
1496,403,545
1497,403,546
1498,403,547
1499,403,548
1500,403,549
1501,403,550
1502,403,551
1503,403,552
1504,403,553
1505,403,554
1506,403,555
1507,403,556
1508,403,557
1509,403,558
1510,403,559
1511,403,560
1512,403,561
1513,403,562
1514,403,563
1515,403,564
1516,403,565
1517,403,566
1518,403,567
1519,403,568
1520,403,569
1521,403,570
1522,403,571
1523,403,572
1524,403,573
1525,403,574
1526,403,575
1527,403,576
1528,404,524
1529,404,525
1530,404,526
1531,404,527
1532,404,528
1533,404,529
1534,404,530
1535,404,531
1536,404,532
1537,404,533
1538,404,534
1539,404,535
1540,404,536
1541,404,537
1542,404,538
1543,404,539
1544,404,540
1545,404,541
1546,404,542
1547,404,543
1548,404,544
1549,404,545
1550,404,546
1551,404,547
1552,404,548
1553,404,549
1554,404,550
1555,404,551
1556,404,552
1557,404,553
1558,404,554
1559,404,555
1560,404,556
1561,404,557
1562,404,558
1563,404,559
1564,404,560
1565,404,561
1566,404,562
1567,404,563
1568,404,564
1569,404,565
1570,404,566
1571,404,567
1572,404,568
1573,404,569
1574,404,570
1575,404,571
1576,404,572
1577,404,573
1578,404,574
1579,404,575
1580,404,576
1581,404,577
1582,405,521
1583,405,522
1584,405,523
1585,405,524
1586,405,525
1587,405,526
1588,405,527
1589,405,528
1590,405,529
1591,405,530
1592,405,531
1593,405,532
1594,405,533
1595,405,534
1596,405,535
1597,405,536
1598,405,537
1599,405,538
1600,405,539
1601,405,541
1602,405,542
1603,405,543
1604,405,544
1605,405,545
1606,405,546
1607,405,547
1608,405,548
1609,405,549
1610,405,550
1611,405,551
1612,405,552
1613,405,553
1614,405,554
1615,405,555
1616,405,556
1617,405,557
1618,405,558
1619,405,559
1620,405,560
1621,405,561
1622,405,562
1623,405,563
1624,405,564
1625,405,565
1626,405,566
1627,405,567
1628,405,568
1629,405,569
1630,405,570
1631,405,571
1632,405,572
1633,405,573
1634,405,574
1635,405,575
1636,405,576
1637,405,577
1638,406,519
1639,406,520
1640,406,521
1641,406,522
1642,406,523
1643,406,524
1644,406,525
1645,406,526
1646,406,527
1647,406,528
1648,406,529
1649,406,530
1650,406,531
1651,406,532
1652,406,533
1653,406,534
1654,406,535
1655,406,536
1656,406,537
1657,406,538
1658,406,542
1659,406,543
1660,406,544
1661,406,545
1662,406,546
1663,406,547
1664,406,548
1665,406,549
1666,406,550
1667,406,551
1668,406,552
1669,406,553
1670,406,554
1671,406,555
1672,406,556
1673,406,557
1674,406,558
1675,406,559
1676,406,560
1677,406,561
1678,406,562
1679,406,563
1680,406,564
1681,406,565
1682,406,566
1683,406,567
1684,406,568
1685,406,569
1686,406,570
1687,406,571
1688,406,572
1689,406,573
1690,406,574
1691,406,575
1692,406,576
1693,406,577
1694,406,578
1695,407,518
1696,407,519
1697,407,520
1698,407,521
1699,407,522
1700,407,523
1701,407,524
1702,407,525
1703,407,526
1704,407,527
1705,407,528
1706,407,529
1707,407,530
1708,407,531
1709,407,532
1710,407,533
1711,407,534
1712,407,535
1713,407,536
1714,407,537
1715,407,538
1716,407,542
1717,407,543
1718,407,544
1719,407,545
1720,407,546
1721,407,547
1722,407,548
1723,407,549
1724,407,550
1725,407,551
1726,407,552
1727,407,553
1728,407,554
1729,407,555
1730,407,556
1731,407,557
1732,407,558
1733,407,559
1734,407,560
1735,407,561
1736,407,562
1737,407,563
1738,407,564
1739,407,565
1740,407,566
1741,407,567
1742,407,568
1743,407,569
1744,407,570
1745,407,571
1746,407,572
1747,407,573
1748,407,574
1749,407,575
1750,407,576
1751,407,577
1752,407,578
1753,407,579
1754,408,514
1755,408,515
1756,408,516
1757,408,517
1758,408,518
1759,408,519
1760,408,520
1761,408,521
1762,408,522
1763,408,523
1764,408,524
1765,408,525
1766,408,526
1767,408,527
1768,408,528
1769,408,529
1770,408,530
1771,408,531
1772,408,532
1773,408,533
1774,408,534
1775,408,535
1776,408,536
1777,408,537
1778,408,538
1779,408,539
1780,408,542
1781,408,543
1782,408,544
1783,408,545
1784,408,546
1785,408,547
1786,408,548
1787,408,549
1788,408,550
1789,408,551
1790,408,552
1791,408,553
1792,408,554
1793,408,555
1794,408,556
1795,408,557
1796,408,558
1797,408,559
1798,408,560
1799,408,561
1800,408,562
1801,408,563
1802,408,564
1803,408,565
1804,408,566
1805,408,567
1806,408,568
1807,408,569
1808,408,570
1809,408,571
1810,408,572
1811,408,573
1812,408,574
1813,408,575
1814,408,576
1815,408,577
1816,408,578
1817,408,579
1818,409,511
1819,409,512
1820,409,513
1821,409,514
1822,409,515
1823,409,516
1824,409,517
1825,409,518
1826,409,519
1827,409,520
1828,409,521
1829,409,522
1830,409,523
1831,409,524
1832,409,525
1833,409,526
1834,409,527
1835,409,528
1836,409,529
1837,409,530
1838,409,531
1839,409,532
1840,409,533
1841,409,534
1842,409,535
1843,409,536
1844,409,537
1845,409,538
1846,409,539
1847,409,542
1848,409,543
1849,409,544
1850,409,545
1851,409,546
1852,409,547
1853,409,548
1854,409,549
1855,409,550
1856,409,551
1857,409,552
1858,409,553
1859,409,554
1860,409,555
1861,409,556
1862,409,557
1863,409,558
1864,409,559
1865,409,560
1866,409,561
1867,409,562
1868,409,563
1869,409,564
1870,409,565
1871,409,566
1872,409,567
1873,409,568
1874,409,569
1875,409,570
1876,409,571
1877,409,572
1878,409,573
1879,409,574
1880,409,575
1881,409,576
1882,409,577
1883,409,578
1884,409,579
1885,410,484
1886,410,501
1887,410,510
1888,410,511
1889,410,512
1890,410,513
1891,410,514
1892,410,515
1893,410,516
1894,410,517
1895,410,518
1896,410,519
1897,410,520
1898,410,521
1899,410,522
1900,410,523
1901,410,524
1902,410,525
1903,410,526
1904,410,527
1905,410,528
1906,410,529
1907,410,530
1908,410,531
1909,410,532
1910,410,533
1911,410,534
1912,410,535
1913,410,536
1914,410,537
1915,410,538
1916,410,539
1917,410,542
1918,410,543
1919,410,544
1920,410,545
1921,410,546
1922,410,547
1923,410,548
1924,410,549
1925,410,550
1926,410,551
1927,410,552
1928,410,553
1929,410,554
1930,410,555
1931,410,556
1932,410,557
1933,410,558
1934,410,559
1935,410,560
1936,410,561
1937,410,562
1938,410,563
1939,410,564
1940,410,565
1941,410,566
1942,410,567
1943,410,568
1944,410,569
1945,410,570
1946,410,571
1947,410,572
1948,410,573
1949,410,574
1950,410,575
1951,410,576
1952,410,577
1953,410,578
1954,410,579
1955,410,580
1956,411,483
1957,411,484
1958,411,485
1959,411,486
1960,411,508
1961,411,509
1962,411,510
1963,411,511
1964,411,512
1965,411,513
1966,411,514
1967,411,515
1968,411,516
1969,411,517
1970,411,519
1971,411,520
1972,411,521
1973,411,522
1974,411,523
1975,411,524
1976,411,525
1977,411,526
1978,411,527
1979,411,528
1980,411,529
1981,411,530
1982,411,531
1983,411,532
1984,411,533
1985,411,534
1986,411,535
1987,411,536
1988,411,537
1989,411,538
1990,411,543
1991,411,544
1992,411,545
1993,411,546
1994,411,547
1995,411,548
1996,411,549
1997,411,550
1998,411,551
1999,411,552
2000,411,553
2001,411,554
2002,411,555
2003,411,556
2004,411,557
2005,411,558
2006,411,559
2007,411,560
2008,411,561
2009,411,562
2010,411,563
2011,411,564
2012,411,565
2013,411,566
2014,411,567
2015,411,568
2016,411,569
2017,411,570
2018,411,571
2019,411,572
2020,411,573
2021,411,574
2022,411,575
2023,411,576
2024,411,577
2025,411,578
2026,411,579
2027,411,580
2028,412,483
2029,412,484
2030,412,485
2031,412,486
2032,412,487
2033,412,488
2034,412,502
2035,412,503
2036,412,504
2037,412,505
2038,412,506
2039,412,507
2040,412,508
2041,412,509
2042,412,510
2043,412,511
2044,412,512
2045,412,513
2046,412,514
2047,412,515
2048,412,520
2049,412,521
2050,412,522
2051,412,523
2052,412,524
2053,412,525
2054,412,526
2055,412,527
2056,412,528
2057,412,529
2058,412,530
2059,412,531
2060,412,532
2061,412,533
2062,412,534
2063,412,535
2064,412,536
2065,412,537
2066,412,538
2067,412,544
2068,412,545
2069,412,546
2070,412,547
2071,412,548
2072,412,549
2073,412,550
2074,412,551
2075,412,552
2076,412,553
2077,412,554
2078,412,555
2079,412,556
2080,412,557
2081,412,558
2082,412,559
2083,412,560
2084,412,561
2085,412,562
2086,412,563
2087,412,564
2088,412,565
2089,412,566
2090,412,567
2091,412,568
2092,412,569
2093,412,570
2094,412,571
2095,412,572
2096,412,573
2097,412,574
2098,412,575
2099,412,576
2100,412,577
2101,412,578
2102,412,579
2103,412,580
2104,413,482
2105,413,483
2106,413,484
2107,413,485
2108,413,486
2109,413,487
2110,413,488
2111,413,489
2112,413,502
2113,413,503
2114,413,504
2115,413,505
2116,413,506
2117,413,507
2118,413,508
2119,413,509
2120,413,510
2121,413,511
2122,413,512
2123,413,513
2124,413,520
2125,413,521
2126,413,522
2127,413,523
2128,413,524
2129,413,525
2130,413,526
2131,413,527
2132,413,528
2133,413,529
2134,413,530
2135,413,531
2136,413,532
2137,413,533
2138,413,534
2139,413,535
2140,413,536
2141,413,545
2142,413,546
2143,413,547
2144,413,548
2145,413,549
2146,413,550
2147,413,551
2148,413,552
2149,413,553
2150,413,554
2151,413,555
2152,413,556
2153,413,557
2154,413,558
2155,413,559
2156,413,560
2157,413,561
2158,413,562
2159,413,563
2160,413,564
2161,413,565
2162,413,566
2163,413,567
2164,413,568
2165,413,569
2166,413,570
2167,413,571
2168,413,572
2169,413,573
2170,413,574
2171,413,575
2172,413,576
2173,413,577
2174,413,578
2175,413,579
2176,413,580
2177,414,482
2178,414,483
2179,414,484
2180,414,485
2181,414,486
2182,414,487
2183,414,504
2184,414,505
2185,414,506
2186,414,507
2187,414,508
2188,414,509
2189,414,510
2190,414,511
2191,414,512
2192,414,513
2193,414,514
2194,414,515
2195,414,516
2196,414,517
2197,414,518
2198,414,519
2199,414,520
2200,414,521
2201,414,522
2202,414,523
2203,414,524
2204,414,525
2205,414,526
2206,414,527
2207,414,528
2208,414,529
2209,414,530
2210,414,531
2211,414,532
2212,414,533
2213,414,534
2214,414,535
2215,414,536
2216,414,537
2217,414,538
2218,414,539
2219,414,543
2220,414,544
2221,414,545
2222,414,546
2223,414,547
2224,414,548
2225,414,549
2226,414,550
2227,414,551
2228,414,552
2229,414,553
2230,414,554
2231,414,555
2232,414,556
2233,414,557
2234,414,558
2235,414,559
2236,414,560
2237,414,561
2238,414,562
2239,414,563
2240,414,564
2241,414,565
2242,414,566
2243,414,567
2244,414,568
2245,414,569
2246,414,570
2247,414,571
2248,414,572
2249,414,573
2250,414,574
2251,414,575
2252,414,576
2253,414,577
2254,414,578
2255,414,579
2256,414,580
2257,415,483
2258,415,484
2259,415,485
2260,415,505
2261,415,506
2262,415,507
2263,415,508
2264,415,509
2265,415,510
2266,415,511
2267,415,512
2268,415,513
2269,415,514
2270,415,515
2271,415,516
2272,415,517
2273,415,518
2274,415,519
2275,415,520
2276,415,521
2277,415,522
2278,415,523
2279,415,524
2280,415,525
2281,415,526
2282,415,527
2283,415,528
2284,415,529
2285,415,530
2286,415,531
2287,415,532
2288,415,533
2289,415,534
2290,415,535
2291,415,536
2292,415,537
2293,415,538
2294,415,539
2295,415,540
2296,415,541
2297,415,542
2298,415,543
2299,415,544
2300,415,545
2301,415,546
2302,415,547
2303,415,548
2304,415,549
2305,415,550
2306,415,551
2307,415,552
2308,415,553
2309,415,554
2310,415,555
2311,415,556
2312,415,557
2313,415,558
2314,415,559
2315,415,560
2316,415,561
2317,415,562
2318,415,563
2319,415,564
2320,415,565
2321,415,566
2322,415,567
2323,415,568
2324,415,569
2325,415,570
2326,415,571
2327,415,572
2328,415,573
2329,415,574
2330,415,575
2331,415,576
2332,415,577
2333,415,578
2334,415,579
2335,415,580
2336,416,483
2337,416,484
2338,416,506
2339,416,507
2340,416,508
2341,416,509
2342,416,510
2343,416,511
2344,416,512
2345,416,513
2346,416,514
2347,416,515
2348,416,516
2349,416,517
2350,416,518
2351,416,519
2352,416,520
2353,416,521
2354,416,522
2355,416,523
2356,416,524
2357,416,525
2358,416,526
2359,416,527
2360,416,528
2361,416,529
2362,416,530
2363,416,531
2364,416,532
2365,416,533
2366,416,534
2367,416,535
2368,416,536
2369,416,537
2370,416,538
2371,416,539
2372,416,540
2373,416,541
2374,416,542
2375,416,543
2376,416,544
2377,416,545
2378,416,546
2379,416,547
2380,416,548
2381,416,549
2382,416,550
2383,416,551
2384,416,552
2385,416,553
2386,416,554
2387,416,555
2388,416,556
2389,416,557
2390,416,558
2391,416,559
2392,416,560
2393,416,561
2394,416,562
2395,416,563
2396,416,564
2397,416,565
2398,416,566
2399,416,567
2400,416,568
2401,416,569
2402,416,570
2403,416,571
2404,416,572
2405,416,573
2406,416,574
2407,416,575
2408,416,576
2409,416,577
2410,416,578
2411,416,579
2412,416,580
2413,416,581
2414,417,480
2415,417,481
2416,417,482
2417,417,483
2418,417,484
2419,417,506
2420,417,507
2421,417,508
2422,417,509
2423,417,510
2424,417,511
2425,417,512
2426,417,513
2427,417,514
2428,417,515
2429,417,516
2430,417,517
2431,417,518
2432,417,519
2433,417,520
2434,417,521
2435,417,522
2436,417,523
2437,417,524
2438,417,525
2439,417,526
2440,417,527
2441,417,528
2442,417,529
2443,417,530
2444,417,531
2445,417,532
2446,417,533
2447,417,534
2448,417,535
2449,417,536
2450,417,537
2451,417,538
2452,417,539
2453,417,540
2454,417,541
2455,417,542
2456,417,543
2457,417,544
2458,417,545
2459,417,546
2460,417,547
2461,417,548
2462,417,549
2463,417,550
2464,417,551
2465,417,552
2466,417,553
2467,417,554
2468,417,555
2469,417,556
2470,417,557
2471,417,558
2472,417,559
2473,417,560
2474,417,561
2475,417,562
2476,417,563
2477,417,564
2478,417,565
2479,417,566
2480,417,567
2481,417,568
2482,417,569
2483,417,570
2484,417,571
2485,417,572
2486,417,573
2487,417,574
2488,417,575
2489,417,576
2490,417,577
2491,417,578
2492,417,579
2493,417,580
2494,417,581
2495,418,478
2496,418,479
2497,418,480
2498,418,481
2499,418,482
2500,418,483
2501,418,484
2502,418,485
2503,418,503
2504,418,504
2505,418,505
2506,418,506
2507,418,507
2508,418,508
2509,418,509
2510,418,510
2511,418,511
2512,418,512
2513,418,513
2514,418,514
2515,418,515
2516,418,516
2517,418,517
2518,418,518
2519,418,519
2520,418,520
2521,418,521
2522,418,522
2523,418,523
2524,418,524
2525,418,525
2526,418,526
2527,418,527
2528,418,528
2529,418,529
2530,418,530
2531,418,531
2532,418,532
2533,418,533
2534,418,534
2535,418,535
2536,418,536
2537,418,537
2538,418,538
2539,418,539
2540,418,540
2541,418,541
2542,418,542
2543,418,543
2544,418,544
2545,418,545
2546,418,546
2547,418,547
2548,418,548
2549,418,549
2550,418,550
2551,418,551
2552,418,552
2553,418,553
2554,418,554
2555,418,555
2556,418,556
2557,418,557
2558,418,558
2559,418,559
2560,418,560
2561,418,561
2562,418,562
2563,418,563
2564,418,564
2565,418,565
2566,418,566
2567,418,567
2568,418,568
2569,418,569
2570,418,570
2571,418,571
2572,418,572
2573,418,573
2574,418,574
2575,418,575
2576,418,576
2577,418,577
2578,418,578
2579,418,579
2580,418,580
2581,418,581
2582,419,475
2583,419,476
2584,419,477
2585,419,478
2586,419,479
2587,419,480
2588,419,481
2589,419,482
2590,419,483
2591,419,484
2592,419,485
2593,419,486
2594,419,501
2595,419,502
2596,419,503
2597,419,504
2598,419,505
2599,419,506
2600,419,507
2601,419,508
2602,419,509
2603,419,510
2604,419,511
2605,419,512
2606,419,513
2607,419,514
2608,419,515
2609,419,516
2610,419,517
2611,419,518
2612,419,519
2613,419,520
2614,419,521
2615,419,522
2616,419,523
2617,419,524
2618,419,525
2619,419,526
2620,419,527
2621,419,528
2622,419,529
2623,419,530
2624,419,531
2625,419,532
2626,419,533
2627,419,534
2628,419,535
2629,419,536
2630,419,537
2631,419,538
2632,419,539
2633,419,540
2634,419,541
2635,419,542
2636,419,543
2637,419,544
2638,419,545
2639,419,546
2640,419,547
2641,419,548
2642,419,549
2643,419,550
2644,419,551
2645,419,552
2646,419,553
2647,419,554
2648,419,555
2649,419,556
2650,419,557
2651,419,558
2652,419,559
2653,419,560
2654,419,561
2655,419,562
2656,419,563
2657,419,564
2658,419,565
2659,419,566
2660,419,567
2661,419,568
2662,419,569
2663,419,570
2664,419,571
2665,419,572
2666,419,573
2667,419,574
2668,419,575
2669,419,576
2670,419,577
2671,419,578
2672,419,579
2673,419,580
2674,419,581
2675,420,475
2676,420,476
2677,420,477
2678,420,478
2679,420,479
2680,420,480
2681,420,481
2682,420,482
2683,420,483
2684,420,484
2685,420,485
2686,420,486
2687,420,500
2688,420,501
2689,420,502
2690,420,503
2691,420,504
2692,420,505
2693,420,506
2694,420,507
2695,420,508
2696,420,509
2697,420,510
2698,420,511
2699,420,512
2700,420,513
2701,420,514
2702,420,515
2703,420,516
2704,420,517
2705,420,518
2706,420,519
2707,420,520
2708,420,521
2709,420,522
2710,420,523
2711,420,524
2712,420,525
2713,420,526
2714,420,527
2715,420,528
2716,420,529
2717,420,530
2718,420,531
2719,420,532
2720,420,533
2721,420,534
2722,420,535
2723,420,536
2724,420,537
2725,420,538
2726,420,539
2727,420,540
2728,420,541
2729,420,542
2730,420,543
2731,420,544
2732,420,545
2733,420,546
2734,420,547
2735,420,548
2736,420,549
2737,420,550
2738,420,551
2739,420,552
2740,420,553
2741,420,554
2742,420,555
2743,420,556
2744,420,557
2745,420,558
2746,420,559
2747,420,560
2748,420,561
2749,420,562
2750,420,563
2751,420,564
2752,420,565
2753,420,566
2754,420,567
2755,420,568
2756,420,569
2757,420,570
2758,420,571
2759,420,572
2760,420,573
2761,420,574
2762,420,575
2763,420,576
2764,420,577
2765,420,578
2766,420,579
2767,420,580
2768,420,581
2769,421,474
2770,421,475
2771,421,476
2772,421,477
2773,421,478
2774,421,479
2775,421,480
2776,421,481
2777,421,482
2778,421,483
2779,421,484
2780,421,485
2781,421,486
2782,421,499
2783,421,500
2784,421,501
2785,421,502
2786,421,503
2787,421,504
2788,421,505
2789,421,506
2790,421,507
2791,421,508
2792,421,509
2793,421,510
2794,421,511
2795,421,512
2796,421,513
2797,421,514
2798,421,515
2799,421,516
2800,421,517
2801,421,518
2802,421,519
2803,421,520
2804,421,521
2805,421,522
2806,421,523
2807,421,524
2808,421,525
2809,421,526
2810,421,527
2811,421,528
2812,421,529
2813,421,530
2814,421,531
2815,421,532
2816,421,533
2817,421,534
2818,421,535
2819,421,536
2820,421,537
2821,421,538
2822,421,539
2823,421,540
2824,421,541
2825,421,542
2826,421,543
2827,421,544
2828,421,545
2829,421,546
2830,421,547
2831,421,548
2832,421,549
2833,421,550
2834,421,551
2835,421,552
2836,421,553
2837,421,554
2838,421,555
2839,421,556
2840,421,557
2841,421,558
2842,421,559
2843,421,560
2844,421,561
2845,421,562
2846,421,563
2847,421,564
2848,421,565
2849,421,566
2850,421,567
2851,421,568
2852,421,569
2853,421,570
2854,421,571
2855,421,572
2856,421,573
2857,421,574
2858,421,575
2859,421,576
2860,421,577
2861,421,578
2862,421,579
2863,421,580
2864,421,581
2865,422,474
2866,422,475
2867,422,476
2868,422,477
2869,422,478
2870,422,479
2871,422,480
2872,422,481
2873,422,482
2874,422,483
2875,422,484
2876,422,485
2877,422,486
2878,422,498
2879,422,499
2880,422,500
2881,422,501
2882,422,502
2883,422,503
2884,422,504
2885,422,505
2886,422,506
2887,422,507
2888,422,508
2889,422,509
2890,422,510
2891,422,511
2892,422,512
2893,422,513
2894,422,514
2895,422,515
2896,422,516
2897,422,517
2898,422,518
2899,422,519
2900,422,520
2901,422,521
2902,422,522
2903,422,523
2904,422,524
2905,422,525
2906,422,526
2907,422,527
2908,422,528
2909,422,529
2910,422,530
2911,422,531
2912,422,532
2913,422,533
2914,422,534
2915,422,535
2916,422,536
2917,422,537
2918,422,538
2919,422,539
2920,422,540
2921,422,541
2922,422,542
2923,422,543
2924,422,544
2925,422,545
2926,422,546
2927,422,547
2928,422,548
2929,422,549
2930,422,550
2931,422,551
2932,422,552
2933,422,553
2934,422,554
2935,422,555
2936,422,556
2937,422,557
2938,422,558
2939,422,559
2940,422,560
2941,422,561
2942,422,562
2943,422,563
2944,422,564
2945,422,565
2946,422,566
2947,422,567
2948,422,568
2949,422,569
2950,422,570
2951,422,571
2952,422,572
2953,422,573
2954,422,574
2955,422,575
2956,422,576
2957,422,577
2958,422,578
2959,422,579
2960,422,580
2961,422,581
2962,423,473
2963,423,474
2964,423,475
2965,423,476
2966,423,477
2967,423,478
2968,423,479
2969,423,480
2970,423,481
2971,423,482
2972,423,483
2973,423,484
2974,423,485
2975,423,486
2976,423,487
2977,423,495
2978,423,496
2979,423,497
2980,423,498
2981,423,499
2982,423,500
2983,423,501
2984,423,502
2985,423,503
2986,423,504
2987,423,505
2988,423,506
2989,423,507
2990,423,508
2991,423,509
2992,423,510
2993,423,511
2994,423,512
2995,423,513
2996,423,514
2997,423,515
2998,423,516
2999,423,517
3000,423,518
3001,423,519
3002,423,520
3003,423,521
3004,423,522
3005,423,523
3006,423,524
3007,423,525
3008,423,526
3009,423,527
3010,423,528
3011,423,529
3012,423,530
3013,423,531
3014,423,532
3015,423,533
3016,423,534
3017,423,535
3018,423,536
3019,423,537
3020,423,538
3021,423,539
3022,423,540
3023,423,541
3024,423,542
3025,423,543
3026,423,544
3027,423,545
3028,423,546
3029,423,547
3030,423,548
3031,423,549
3032,423,550
3033,423,551
3034,423,552
3035,423,553
3036,423,554
3037,423,555
3038,423,556
3039,423,557
3040,423,558
3041,423,559
3042,423,560
3043,423,561
3044,423,562
3045,423,563
3046,423,564
3047,423,565
3048,423,566
3049,423,567
3050,423,568
3051,423,569
3052,423,570
3053,423,571
3054,423,572
3055,423,573
3056,423,574
3057,423,575
3058,423,576
3059,423,577
3060,423,578
3061,423,579
3062,423,580
3063,423,581
3064,424,473
3065,424,474
3066,424,475
3067,424,476
3068,424,477
3069,424,478
3070,424,479
3071,424,480
3072,424,481
3073,424,482
3074,424,483
3075,424,484
3076,424,485
3077,424,486
3078,424,487
3079,424,494
3080,424,495
3081,424,496
3082,424,497
3083,424,498
3084,424,499
3085,424,500
3086,424,501
3087,424,502
3088,424,503
3089,424,504
3090,424,505
3091,424,506
3092,424,507
3093,424,508
3094,424,509
3095,424,510
3096,424,511
3097,424,512
3098,424,513
3099,424,514
3100,424,515
3101,424,516
3102,424,517
3103,424,518
3104,424,519
3105,424,520
3106,424,521
3107,424,522
3108,424,523
3109,424,524
3110,424,525
3111,424,526
3112,424,527
3113,424,528
3114,424,529
3115,424,530
3116,424,531
3117,424,532
3118,424,533
3119,424,534
3120,424,535
3121,424,536
3122,424,537
3123,424,538
3124,424,539
3125,424,540
3126,424,541
3127,424,542
3128,424,543
3129,424,544
3130,424,545
3131,424,546
3132,424,547
3133,424,548
3134,424,549
3135,424,550
3136,424,551
3137,424,552
3138,424,553
3139,424,554
3140,424,555
3141,424,556
3142,424,557
3143,424,558
3144,424,559
3145,424,560
3146,424,561
3147,424,562
3148,424,563
3149,424,564
3150,424,565
3151,424,566
3152,424,567
3153,424,568
3154,424,569
3155,424,570
3156,424,571
3157,424,572
3158,424,573
3159,424,574
3160,424,575
3161,424,576
3162,424,577
3163,424,578
3164,424,579
3165,424,580
3166,424,581
3167,425,472
3168,425,473
3169,425,474
3170,425,475
3171,425,476
3172,425,477
3173,425,478
3174,425,479
3175,425,480
3176,425,481
3177,425,482
3178,425,483
3179,425,484
3180,425,485
3181,425,486
3182,425,487
3183,425,494
3184,425,495
3185,425,496
3186,425,497
3187,425,498
3188,425,499
3189,425,500
3190,425,501
3191,425,502
3192,425,503
3193,425,504
3194,425,505
3195,425,506
3196,425,507
3197,425,508
3198,425,509
3199,425,510
3200,425,511
3201,425,512
3202,425,513
3203,425,514
3204,425,515
3205,425,516
3206,425,517
3207,425,518
3208,425,519
3209,425,520
3210,425,521
3211,425,522
3212,425,523
3213,425,524
3214,425,525
3215,425,526
3216,425,527
3217,425,528
3218,425,529
3219,425,530
3220,425,531
3221,425,532
3222,425,533
3223,425,534
3224,425,535
3225,425,536
3226,425,537
3227,425,538
3228,425,539
3229,425,540
3230,425,541
3231,425,542
3232,425,543
3233,425,544
3234,425,545
3235,425,546
3236,425,547
3237,425,548
3238,425,549
3239,425,550
3240,425,551
3241,425,552
3242,425,553
3243,425,554
3244,425,555
3245,425,556
3246,425,557
3247,425,558
3248,425,559
3249,425,560
3250,425,561
3251,425,562
3252,425,563
3253,425,564
3254,425,565
3255,425,566
3256,425,567
3257,425,568
3258,425,569
3259,425,570
3260,425,571
3261,425,572
3262,425,573
3263,425,574
3264,425,575
3265,425,576
3266,425,577
3267,425,578
3268,425,579
3269,425,580
3270,425,581
3271,425,582
3272,426,471
3273,426,472
3274,426,473
3275,426,474
3276,426,475
3277,426,476
3278,426,477
3279,426,478
3280,426,479
3281,426,480
3282,426,481
3283,426,482
3284,426,483
3285,426,484
3286,426,485
3287,426,486
3288,426,487
3289,426,495
3290,426,496
3291,426,497
3292,426,498
3293,426,499
3294,426,500
3295,426,501
3296,426,502
3297,426,503
3298,426,504
3299,426,505
3300,426,506
3301,426,507
3302,426,508
3303,426,509
3304,426,510
3305,426,511
3306,426,512
3307,426,513
3308,426,514
3309,426,515
3310,426,516
3311,426,517
3312,426,518
3313,426,519
3314,426,520
3315,426,521
3316,426,522
3317,426,523
3318,426,524
3319,426,525
3320,426,526
3321,426,527
3322,426,528
3323,426,529
3324,426,530
3325,426,531
3326,426,532
3327,426,533
3328,426,534
3329,426,535
3330,426,536
3331,426,537
3332,426,538
3333,426,539
3334,426,540
3335,426,541
3336,426,542
3337,426,543
3338,426,544
3339,426,545
3340,426,546
3341,426,547
3342,426,548
3343,426,549
3344,426,550
3345,426,551
3346,426,552
3347,426,553
3348,426,554
3349,426,555
3350,426,556
3351,426,557
3352,426,558
3353,426,559
3354,426,560
3355,426,561
3356,426,562
3357,426,563
3358,426,564
3359,426,565
3360,426,566
3361,426,567
3362,426,568
3363,426,569
3364,426,570
3365,426,571
3366,426,572
3367,426,573
3368,426,574
3369,426,575
3370,426,576
3371,426,577
3372,426,578
3373,426,579
3374,426,580
3375,426,581
3376,426,582
3377,427,470
3378,427,471
3379,427,472
3380,427,473
3381,427,474
3382,427,475
3383,427,476
3384,427,477
3385,427,478
3386,427,479
3387,427,480
3388,427,481
3389,427,482
3390,427,483
3391,427,484
3392,427,485
3393,427,486
3394,427,487
3395,427,495
3396,427,496
3397,427,497
3398,427,498
3399,427,499
3400,427,500
3401,427,501
3402,427,502
3403,427,503
3404,427,504
3405,427,505
3406,427,506
3407,427,507
3408,427,508
3409,427,509
3410,427,510
3411,427,511
3412,427,512
3413,427,513
3414,427,514
3415,427,515
3416,427,516
3417,427,517
3418,427,518
3419,427,519
3420,427,520
3421,427,521
3422,427,522
3423,427,523
3424,427,524
3425,427,525
3426,427,526
3427,427,527
3428,427,528
3429,427,529
3430,427,530
3431,427,531
3432,427,532
3433,427,533
3434,427,534
3435,427,535
3436,427,536
3437,427,537
3438,427,538
3439,427,539
3440,427,540
3441,427,541
3442,427,542
3443,427,543
3444,427,544
3445,427,545
3446,427,546
3447,427,547
3448,427,548
3449,427,549
3450,427,550
3451,427,551
3452,427,552
3453,427,553
3454,427,554
3455,427,555
3456,427,556
3457,427,557
3458,427,558
3459,427,559
3460,427,560
3461,427,561
3462,427,562
3463,427,563
3464,427,564
3465,427,565
3466,427,566
3467,427,567
3468,427,568
3469,427,569
3470,427,570
3471,427,571
3472,427,572
3473,427,573
3474,427,574
3475,427,575
3476,427,576
3477,427,577
3478,427,578
3479,427,579
3480,427,580
3481,427,581
3482,427,582
3483,428,470
3484,428,471
3485,428,472
3486,428,473
3487,428,474
3488,428,475
3489,428,476
3490,428,477
3491,428,478
3492,428,479
3493,428,480
3494,428,481
3495,428,482
3496,428,483
3497,428,484
3498,428,485
3499,428,486
3500,428,487
3501,428,494
3502,428,495
3503,428,496
3504,428,497
3505,428,498
3506,428,499
3507,428,500
3508,428,501
3509,428,502
3510,428,503
3511,428,504
3512,428,505
3513,428,506
3514,428,507
3515,428,508
3516,428,509
3517,428,510
3518,428,511
3519,428,512
3520,428,513
3521,428,514
3522,428,515
3523,428,516
3524,428,517
3525,428,518
3526,428,519
3527,428,520
3528,428,521
3529,428,522
3530,428,523
3531,428,524
3532,428,525
3533,428,526
3534,428,527
3535,428,528
3536,428,529
3537,428,530
3538,428,531
3539,428,532
3540,428,533
3541,428,534
3542,428,535
3543,428,536
3544,428,537
3545,428,538
3546,428,539
3547,428,540
3548,428,541
3549,428,542
3550,428,543
3551,428,544
3552,428,545
3553,428,546
3554,428,547
3555,428,548
3556,428,549
3557,428,550
3558,428,551
3559,428,552
3560,428,553
3561,428,554
3562,428,555
3563,428,556
3564,428,557
3565,428,558
3566,428,559
3567,428,560
3568,428,561
3569,428,562
3570,428,563
3571,428,564
3572,428,565
3573,428,566
3574,428,567
3575,428,568
3576,428,569
3577,428,570
3578,428,571
3579,428,572
3580,428,573
3581,428,574
3582,428,575
3583,428,576
3584,428,577
3585,428,578
3586,428,579
3587,428,580
3588,428,581
3589,428,582
3590,429,471
3591,429,472
3592,429,473
3593,429,474
3594,429,475
3595,429,476
3596,429,477
3597,429,478
3598,429,479
3599,429,480
3600,429,481
3601,429,482
3602,429,483
3603,429,484
3604,429,485
3605,429,486
3606,429,487
3607,429,488
3608,429,489
3609,429,490
3610,429,491
3611,429,492
3612,429,493
3613,429,494
3614,429,495
3615,429,496
3616,429,497
3617,429,498
3618,429,499
3619,429,500
3620,429,501
3621,429,502
3622,429,503
3623,429,504
3624,429,505
3625,429,506
3626,429,507
3627,429,508
3628,429,509
3629,429,510
3630,429,511
3631,429,512
3632,429,513
3633,429,514
3634,429,515
3635,429,516
3636,429,517
3637,429,518
3638,429,519
3639,429,520
3640,429,521
3641,429,522
3642,429,523
3643,429,524
3644,429,525
3645,429,526
3646,429,527
3647,429,528
3648,429,529
3649,429,530
3650,429,531
3651,429,532
3652,429,533
3653,429,534
3654,429,535
3655,429,536
3656,429,537
3657,429,538
3658,429,539
3659,429,540
3660,429,541
3661,429,542
3662,429,543
3663,429,544
3664,429,545
3665,429,546
3666,429,547
3667,429,548
3668,429,549
3669,429,550
3670,429,551
3671,429,552
3672,429,553
3673,429,554
3674,429,555
3675,429,556
3676,429,557
3677,429,558
3678,429,559
3679,429,560
3680,429,561
3681,429,562
3682,429,563
3683,429,564
3684,429,565
3685,429,566
3686,429,567
3687,429,568
3688,429,569
3689,429,570
3690,429,571
3691,429,572
3692,429,573
3693,429,574
3694,429,575
3695,429,576
3696,429,577
3697,429,578
3698,429,579
3699,429,580
3700,429,581
3701,429,582
3702,430,471
3703,430,472
3704,430,473
3705,430,474
3706,430,475
3707,430,476
3708,430,477
3709,430,478
3710,430,479
3711,430,480
3712,430,481
3713,430,482
3714,430,483
3715,430,484
3716,430,485
3717,430,486
3718,430,487
3719,430,488
3720,430,489
3721,430,490
3722,430,491
3723,430,492
3724,430,493
3725,430,494
3726,430,495
3727,430,500
3728,430,501
3729,430,502
3730,430,503
3731,430,504
3732,430,505
3733,430,506
3734,430,507
3735,430,508
3736,430,509
3737,430,510
3738,430,511
3739,430,512
3740,430,513
3741,430,514
3742,430,515
3743,430,516
3744,430,517
3745,430,518
3746,430,519
3747,430,520
3748,430,521
3749,430,522
3750,430,523
3751,430,524
3752,430,525
3753,430,526
3754,430,527
3755,430,528
3756,430,529
3757,430,530
3758,430,531
3759,430,532
3760,430,533
3761,430,534
3762,430,535
3763,430,536
3764,430,537
3765,430,538
3766,430,539
3767,430,540
3768,430,541
3769,430,542
3770,430,543
3771,430,544
3772,430,545
3773,430,546
3774,430,547
3775,430,548
3776,430,549
3777,430,550
3778,430,551
3779,430,552
3780,430,553
3781,430,554
3782,430,555
3783,430,556
3784,430,557
3785,430,558
3786,430,559
3787,430,560
3788,430,561
3789,430,562
3790,430,563
3791,430,564
3792,430,565
3793,430,566
3794,430,567
3795,430,568
3796,430,569
3797,430,570
3798,430,571
3799,430,572
3800,430,573
3801,430,574
3802,430,575
3803,430,576
3804,430,577
3805,430,578
3806,430,579
3807,430,580
3808,430,581
3809,431,470
3810,431,471
3811,431,472
3812,431,473
3813,431,474
3814,431,475
3815,431,476
3816,431,477
3817,431,478
3818,431,479
3819,431,480
3820,431,481
3821,431,482
3822,431,483
3823,431,484
3824,431,485
3825,431,486
3826,431,487
3827,431,488
3828,431,489
3829,431,490
3830,431,491
3831,431,492
3832,431,493
3833,431,494
3834,431,495
3835,431,501
3836,431,502
3837,431,503
3838,431,504
3839,431,505
3840,431,506
3841,431,507
3842,431,508
3843,431,509
3844,431,510
3845,431,511
3846,431,512
3847,431,513
3848,431,514
3849,431,515
3850,431,516
3851,431,517
3852,431,518
3853,431,519
3854,431,520
3855,431,521
3856,431,522
3857,431,523
3858,431,524
3859,431,525
3860,431,526
3861,431,527
3862,431,528
3863,431,529
3864,431,530
3865,431,531
3866,431,532
3867,431,533
3868,431,534
3869,431,535
3870,431,536
3871,431,537
3872,431,538
3873,431,539
3874,431,540
3875,431,541
3876,431,542
3877,431,543
3878,431,544
3879,431,545
3880,431,546
3881,431,547
3882,431,548
3883,431,549
3884,431,550
3885,431,551
3886,431,552
3887,431,553
3888,431,554
3889,431,555
3890,431,556
3891,431,557
3892,431,558
3893,431,559
3894,431,560
3895,431,561
3896,431,562
3897,431,563
3898,431,564
3899,431,565
3900,431,566
3901,431,567
3902,431,568
3903,431,569
3904,431,570
3905,431,571
3906,431,572
3907,431,573
3908,431,574
3909,431,575
3910,431,576
3911,431,577
3912,431,578
3913,431,579
3914,431,580
3915,431,581
3916,432,469
3917,432,470
3918,432,471
3919,432,472
3920,432,473
3921,432,474
3922,432,475
3923,432,476
3924,432,477
3925,432,478
3926,432,479
3927,432,480
3928,432,481
3929,432,482
3930,432,483
3931,432,484
3932,432,485
3933,432,486
3934,432,487
3935,432,488
3936,432,489
3937,432,490
3938,432,491
3939,432,492
3940,432,493
3941,432,494
3942,432,495
3943,432,502
3944,432,503
3945,432,504
3946,432,505
3947,432,506
3948,432,507
3949,432,508
3950,432,509
3951,432,510
3952,432,511
3953,432,512
3954,432,513
3955,432,514
3956,432,515
3957,432,516
3958,432,517
3959,432,518
3960,432,519
3961,432,520
3962,432,521
3963,432,522
3964,432,523
3965,432,524
3966,432,525
3967,432,526
3968,432,527
3969,432,528
3970,432,529
3971,432,530
3972,432,531
3973,432,532
3974,432,533
3975,432,534
3976,432,535
3977,432,536
3978,432,537
3979,432,538
3980,432,539
3981,432,540
3982,432,541
3983,432,542
3984,432,543
3985,432,544
3986,432,545
3987,432,546
3988,432,547
3989,432,548
3990,432,549
3991,432,550
3992,432,551
3993,432,552
3994,432,553
3995,432,554
3996,432,555
3997,432,556
3998,432,557
3999,432,558
4000,432,559
4001,432,560
4002,432,561
4003,432,562
4004,432,563
4005,432,564
4006,432,565
4007,432,566
4008,432,567
4009,432,568
4010,432,569
4011,432,570
4012,432,571
4013,432,572
4014,432,573
4015,432,574
4016,432,575
4017,432,576
4018,432,577
4019,432,578
4020,432,579
4021,432,580
4022,432,581
4023,433,469
4024,433,470
4025,433,471
4026,433,472
4027,433,473
4028,433,474
4029,433,475
4030,433,476
4031,433,477
4032,433,478
4033,433,479
4034,433,480
4035,433,481
4036,433,482
4037,433,483
4038,433,484
4039,433,485
4040,433,486
4041,433,487
4042,433,488
4043,433,489
4044,433,490
4045,433,491
4046,433,492
4047,433,493
4048,433,494
4049,433,495
4050,433,502
4051,433,503
4052,433,504
4053,433,505
4054,433,506
4055,433,507
4056,433,508
4057,433,509
4058,433,510
4059,433,511
4060,433,512
4061,433,513
4062,433,514
4063,433,515
4064,433,516
4065,433,517
4066,433,518
4067,433,519
4068,433,520
4069,433,521
4070,433,522
4071,433,523
4072,433,524
4073,433,525
4074,433,526
4075,433,527
4076,433,528
4077,433,529
4078,433,530
4079,433,531
4080,433,532
4081,433,533
4082,433,534
4083,433,535
4084,433,536
4085,433,537
4086,433,538
4087,433,539
4088,433,540
4089,433,541
4090,433,542
4091,433,543
4092,433,544
4093,433,545
4094,433,546
4095,433,547
4096,433,548
4097,433,549
4098,433,550
4099,433,551
4100,433,552
4101,433,553
4102,433,554
4103,433,555
4104,433,556
4105,433,557
4106,433,558
4107,433,559
4108,433,560
4109,433,561
4110,433,562
4111,433,563
4112,433,564
4113,433,565
4114,433,566
4115,433,567
4116,433,568
4117,433,569
4118,433,570
4119,433,571
4120,433,572
4121,433,573
4122,433,574
4123,433,575
4124,433,576
4125,433,577
4126,433,578
4127,433,579
4128,433,580
4129,433,581
4130,434,468
4131,434,469
4132,434,470
4133,434,471
4134,434,472
4135,434,473
4136,434,474
4137,434,475
4138,434,476
4139,434,477
4140,434,478
4141,434,479
4142,434,480
4143,434,481
4144,434,482
4145,434,483
4146,434,484
4147,434,485
4148,434,486
4149,434,487
4150,434,488
4151,434,489
4152,434,490
4153,434,491
4154,434,492
4155,434,493
4156,434,494
4157,434,495
4158,434,502
4159,434,503
4160,434,504
4161,434,505
4162,434,506
4163,434,507
4164,434,508
4165,434,509
4166,434,510
4167,434,511
4168,434,512
4169,434,513
4170,434,514
4171,434,515
4172,434,516
4173,434,517
4174,434,518
4175,434,519
4176,434,520
4177,434,521
4178,434,522
4179,434,523
4180,434,524
4181,434,525
4182,434,526
4183,434,527
4184,434,528
4185,434,529
4186,434,530
4187,434,531
4188,434,532
4189,434,533
4190,434,534
4191,434,535
4192,434,536
4193,434,537
4194,434,538
4195,434,539
4196,434,540
4197,434,541
4198,434,542
4199,434,543
4200,434,544
4201,434,545
4202,434,546
4203,434,547
4204,434,548
4205,434,549
4206,434,550
4207,434,551
4208,434,552
4209,434,553
4210,434,554
4211,434,555
4212,434,556
4213,434,557
4214,434,558
4215,434,559
4216,434,560
4217,434,561
4218,434,562
4219,434,563
4220,434,564
4221,434,565
4222,434,566
4223,434,567
4224,434,568
4225,434,569
4226,434,570
4227,434,571
4228,434,572
4229,434,573
4230,434,574
4231,434,575
4232,434,576
4233,434,577
4234,434,578
4235,434,579
4236,434,580
4237,434,581
4238,435,468
4239,435,469
4240,435,470
4241,435,471
4242,435,472
4243,435,473
4244,435,474
4245,435,475
4246,435,476
4247,435,477
4248,435,478
4249,435,479
4250,435,480
4251,435,481
4252,435,482
4253,435,483
4254,435,484
4255,435,485
4256,435,486
4257,435,487
4258,435,488
4259,435,489
4260,435,490
4261,435,491
4262,435,492
4263,435,493
4264,435,494
4265,435,495
4266,435,496
4267,435,498
4268,435,499
4269,435,500
4270,435,501
4271,435,502
4272,435,503
4273,435,504
4274,435,505
4275,435,506
4276,435,507
4277,435,508
4278,435,509
4279,435,510
4280,435,511
4281,435,512
4282,435,513
4283,435,514
4284,435,515
4285,435,516
4286,435,517
4287,435,518
4288,435,519
4289,435,520
4290,435,521
4291,435,522
4292,435,523
4293,435,524
4294,435,525
4295,435,526
4296,435,527
4297,435,528
4298,435,529
4299,435,530
4300,435,531
4301,435,532
4302,435,533
4303,435,534
4304,435,535
4305,435,536
4306,435,537
4307,435,538
4308,435,539
4309,435,540
4310,435,541
4311,435,542
4312,435,543
4313,435,544
4314,435,545
4315,435,546
4316,435,547
4317,435,548
4318,435,549
4319,435,550
4320,435,551
4321,435,552
4322,435,553
4323,435,554
4324,435,555
4325,435,556
4326,435,557
4327,435,558
4328,435,559
4329,435,560
4330,435,561
4331,435,562
4332,435,563
4333,435,564
4334,435,565
4335,435,566
4336,435,567
4337,435,568
4338,435,569
4339,435,570
4340,435,571
4341,435,572
4342,435,573
4343,435,574
4344,435,575
4345,435,576
4346,435,577
4347,435,578
4348,435,579
4349,435,580
4350,435,581
4351,436,467
4352,436,468
4353,436,469
4354,436,470
4355,436,471
4356,436,472
4357,436,473
4358,436,474
4359,436,475
4360,436,476
4361,436,477
4362,436,478
4363,436,479
4364,436,480
4365,436,481
4366,436,482
4367,436,483
4368,436,484
4369,436,485
4370,436,486
4371,436,487
4372,436,488
4373,436,489
4374,436,490
4375,436,491
4376,436,492
4377,436,493
4378,436,494
4379,436,495
4380,436,496
4381,436,497
4382,436,498
4383,436,499
4384,436,500
4385,436,501
4386,436,502
4387,436,503
4388,436,504
4389,436,505
4390,436,506
4391,436,507
4392,436,508
4393,436,509
4394,436,510
4395,436,511
4396,436,512
4397,436,513
4398,436,514
4399,436,515
4400,436,516
4401,436,517
4402,436,518
4403,436,519
4404,436,520
4405,436,521
4406,436,522
4407,436,523
4408,436,524
4409,436,525
4410,436,526
4411,436,527
4412,436,528
4413,436,529
4414,436,530
4415,436,531
4416,436,532
4417,436,533
4418,436,534
4419,436,535
4420,436,536
4421,436,537
4422,436,538
4423,436,539
4424,436,540
4425,436,541
4426,436,542
4427,436,543
4428,436,544
4429,436,545
4430,436,546
4431,436,547
4432,436,548
4433,436,549
4434,436,550
4435,436,551
4436,436,552
4437,436,553
4438,436,554
4439,436,555
4440,436,556
4441,436,557
4442,436,558
4443,436,559
4444,436,560
4445,436,561
4446,436,562
4447,436,563
4448,436,564
4449,436,565
4450,436,566
4451,436,567
4452,436,568
4453,436,569
4454,436,570
4455,436,571
4456,436,572
4457,436,573
4458,436,574
4459,436,575
4460,436,576
4461,436,577
4462,436,578
4463,436,579
4464,436,580
4465,436,581
4466,437,467
4467,437,468
4468,437,469
4469,437,470
4470,437,471
4471,437,472
4472,437,473
4473,437,474
4474,437,475
4475,437,476
4476,437,477
4477,437,478
4478,437,479
4479,437,480
4480,437,481
4481,437,482
4482,437,483
4483,437,484
4484,437,485
4485,437,486
4486,437,487
4487,437,488
4488,437,489
4489,437,490
4490,437,491
4491,437,492
4492,437,493
4493,437,494
4494,437,495
4495,437,496
4496,437,497
4497,437,498
4498,437,499
4499,437,500
4500,437,501
4501,437,502
4502,437,503
4503,437,504
4504,437,505
4505,437,506
4506,437,507
4507,437,508
4508,437,509
4509,437,510
4510,437,511
4511,437,512
4512,437,513
4513,437,514
4514,437,515
4515,437,516
4516,437,517
4517,437,518
4518,437,519
4519,437,520
4520,437,521
4521,437,522
4522,437,523
4523,437,524
4524,437,525
4525,437,526
4526,437,527
4527,437,528
4528,437,529
4529,437,530
4530,437,531
4531,437,532
4532,437,533
4533,437,534
4534,437,535
4535,437,536
4536,437,537
4537,437,538
4538,437,539
4539,437,540
4540,437,541
4541,437,542
4542,437,543
4543,437,544
4544,437,545
4545,437,546
4546,437,547
4547,437,548
4548,437,549
4549,437,550
4550,437,551
4551,437,552
4552,437,553
4553,437,554
4554,437,555
4555,437,556
4556,437,557
4557,437,558
4558,437,559
4559,437,560
4560,437,561
4561,437,562
4562,437,563
4563,437,564
4564,437,565
4565,437,566
4566,437,567
4567,437,568
4568,437,569
4569,437,570
4570,437,571
4571,437,572
4572,437,573
4573,437,574
4574,437,575
4575,437,576
4576,437,577
4577,437,578
4578,437,579
4579,437,580
4580,437,581
4581,438,467
4582,438,468
4583,438,469
4584,438,470
4585,438,471
4586,438,472
4587,438,473
4588,438,474
4589,438,475
4590,438,476
4591,438,477
4592,438,478
4593,438,479
4594,438,480
4595,438,481
4596,438,482
4597,438,483
4598,438,484
4599,438,485
4600,438,486
4601,438,487
4602,438,488
4603,438,489
4604,438,490
4605,438,491
4606,438,492
4607,438,493
4608,438,494
4609,438,495
4610,438,496
4611,438,497
4612,438,498
4613,438,499
4614,438,500
4615,438,501
4616,438,502
4617,438,503
4618,438,504
4619,438,505
4620,438,506
4621,438,507
4622,438,508
4623,438,509
4624,438,510
4625,438,511
4626,438,512
4627,438,513
4628,438,514
4629,438,515
4630,438,516
4631,438,517
4632,438,518
4633,438,519
4634,438,520
4635,438,521
4636,438,522
4637,438,523
4638,438,524
4639,438,525
4640,438,526
4641,438,527
4642,438,528
4643,438,529
4644,438,530
4645,438,531
4646,438,532
4647,438,533
4648,438,534
4649,438,535
4650,438,536
4651,438,537
4652,438,538
4653,438,539
4654,438,540
4655,438,541
4656,438,542
4657,438,543
4658,438,544
4659,438,545
4660,438,546
4661,438,547
4662,438,548
4663,438,549
4664,438,550
4665,438,551
4666,438,552
4667,438,553
4668,438,554
4669,438,555
4670,438,556
4671,438,557
4672,438,558
4673,438,559
4674,438,560
4675,438,561
4676,438,562
4677,438,563
4678,438,564
4679,438,565
4680,438,566
4681,438,567
4682,438,568
4683,438,569
4684,438,570
4685,438,571
4686,438,572
4687,438,573
4688,438,574
4689,438,575
4690,438,576
4691,438,577
4692,438,578
4693,438,579
4694,438,580
4695,438,581
4696,439,467
4697,439,468
4698,439,469
4699,439,470
4700,439,471
4701,439,472
4702,439,473
4703,439,474
4704,439,475
4705,439,476
4706,439,477
4707,439,478
4708,439,479
4709,439,480
4710,439,481
4711,439,482
4712,439,483
4713,439,484
4714,439,485
4715,439,486
4716,439,487
4717,439,488
4718,439,489
4719,439,490
4720,439,491
4721,439,492
4722,439,493
4723,439,494
4724,439,495
4725,439,496
4726,439,497
4727,439,498
4728,439,499
4729,439,500
4730,439,501
4731,439,502
4732,439,503
4733,439,504
4734,439,505
4735,439,506
4736,439,507
4737,439,508
4738,439,509
4739,439,510
4740,439,511
4741,439,512
4742,439,513
4743,439,514
4744,439,515
4745,439,516
4746,439,517
4747,439,518
4748,439,519
4749,439,520
4750,439,521
4751,439,522
4752,439,523
4753,439,524
4754,439,525
4755,439,526
4756,439,527
4757,439,528
4758,439,529
4759,439,530
4760,439,531
4761,439,532
4762,439,533
4763,439,534
4764,439,535
4765,439,536
4766,439,537
4767,439,538
4768,439,539
4769,439,540
4770,439,541
4771,439,542
4772,439,543
4773,439,544
4774,439,545
4775,439,546
4776,439,547
4777,439,548
4778,439,549
4779,439,550
4780,439,551
4781,439,552
4782,439,553
4783,439,554
4784,439,555
4785,439,556
4786,439,557
4787,439,558
4788,439,559
4789,439,560
4790,439,561
4791,439,562
4792,439,563
4793,439,564
4794,439,565
4795,439,566
4796,439,567
4797,439,568
4798,439,569
4799,439,570
4800,439,571
4801,439,572
4802,439,573
4803,439,574
4804,439,575
4805,439,576
4806,439,577
4807,439,578
4808,439,579
4809,439,580
4810,439,581
4811,440,467
4812,440,468
4813,440,469
4814,440,470
4815,440,471
4816,440,472
4817,440,473
4818,440,474
4819,440,475
4820,440,476
4821,440,477
4822,440,478
4823,440,479
4824,440,480
4825,440,481
4826,440,482
4827,440,483
4828,440,484
4829,440,485
4830,440,486
4831,440,487
4832,440,488
4833,440,489
4834,440,490
4835,440,491
4836,440,492
4837,440,493
4838,440,494
4839,440,495
4840,440,496
4841,440,497
4842,440,498
4843,440,499
4844,440,500
4845,440,501
4846,440,502
4847,440,503
4848,440,504
4849,440,505
4850,440,506
4851,440,507
4852,440,508
4853,440,509
4854,440,510
4855,440,511
4856,440,512
4857,440,513
4858,440,514
4859,440,515
4860,440,516
4861,440,517
4862,440,518
4863,440,519
4864,440,520
4865,440,521
4866,440,522
4867,440,523
4868,440,524
4869,440,525
4870,440,526
4871,440,527
4872,440,528
4873,440,529
4874,440,530
4875,440,531
4876,440,532
4877,440,533
4878,440,534
4879,440,535
4880,440,536
4881,440,537
4882,440,538
4883,440,539
4884,440,540
4885,440,541
4886,440,542
4887,440,543
4888,440,544
4889,440,545
4890,440,546
4891,440,547
4892,440,548
4893,440,549
4894,440,550
4895,440,551
4896,440,552
4897,440,553
4898,440,554
4899,440,555
4900,440,556
4901,440,557
4902,440,558
4903,440,559
4904,440,560
4905,440,561
4906,440,562
4907,440,563
4908,440,564
4909,440,565
4910,440,566
4911,440,567
4912,440,568
4913,440,569
4914,440,570
4915,440,571
4916,440,572
4917,440,573
4918,440,574
4919,440,575
4920,440,576
4921,440,577
4922,440,578
4923,440,579
4924,440,580
4925,440,581
4926,441,467
4927,441,468
4928,441,469
4929,441,470
4930,441,471
4931,441,472
4932,441,473
4933,441,474
4934,441,475
4935,441,476
4936,441,477
4937,441,478
4938,441,479
4939,441,480
4940,441,481
4941,441,482
4942,441,483
4943,441,484
4944,441,485
4945,441,486
4946,441,487
4947,441,488
4948,441,489
4949,441,490
4950,441,491
4951,441,492
4952,441,493
4953,441,494
4954,441,495
4955,441,496
4956,441,497
4957,441,498
4958,441,499
4959,441,500
4960,441,501
4961,441,502
4962,441,503
4963,441,504
4964,441,505
4965,441,506
4966,441,507
4967,441,508
4968,441,509
4969,441,510
4970,441,511
4971,441,512
4972,441,513
4973,441,514
4974,441,515
4975,441,516
4976,441,517
4977,441,518
4978,441,519
4979,441,520
4980,441,521
4981,441,522
4982,441,523
4983,441,524
4984,441,525
4985,441,526
4986,441,527
4987,441,528
4988,441,529
4989,441,530
4990,441,531
4991,441,532
4992,441,533
4993,441,534
4994,441,535
4995,441,536
4996,441,537
4997,441,538
4998,441,539
4999,441,540
5000,441,541
5001,441,542
5002,441,543
5003,441,544
5004,441,545
5005,441,546
5006,441,547
5007,441,548
5008,441,549
5009,441,550
5010,441,551
5011,441,552
5012,441,553
5013,441,554
5014,441,555
5015,441,556
5016,441,557
5017,441,558
5018,441,559
5019,441,560
5020,441,561
5021,441,562
5022,441,563
5023,441,564
5024,441,565
5025,441,566
5026,441,567
5027,441,568
5028,441,569
5029,441,570
5030,441,571
5031,441,572
5032,441,573
5033,441,574
5034,441,575
5035,441,576
5036,441,577
5037,441,578
5038,441,579
5039,441,580
5040,441,581
5041,442,468
5042,442,469
5043,442,470
5044,442,471
5045,442,472
5046,442,473
5047,442,474
5048,442,475
5049,442,476
5050,442,477
5051,442,478
5052,442,479
5053,442,480
5054,442,481
5055,442,482
5056,442,483
5057,442,484
5058,442,485
5059,442,486
5060,442,487
5061,442,488
5062,442,489
5063,442,490
5064,442,491
5065,442,492
5066,442,493
5067,442,494
5068,442,495
5069,442,496
5070,442,497
5071,442,498
5072,442,499
5073,442,500
5074,442,501
5075,442,502
5076,442,503
5077,442,504
5078,442,505
5079,442,506
5080,442,507
5081,442,508
5082,442,509
5083,442,510
5084,442,511
5085,442,512
5086,442,513
5087,442,514
5088,442,515
5089,442,516
5090,442,517
5091,442,518
5092,442,519
5093,442,520
5094,442,521
5095,442,522
5096,442,523
5097,442,524
5098,442,525
5099,442,526
5100,442,527
5101,442,528
5102,442,529
5103,442,530
5104,442,531
5105,442,532
5106,442,533
5107,442,534
5108,442,535
5109,442,536
5110,442,537
5111,442,538
5112,442,539
5113,442,540
5114,442,541
5115,442,542
5116,442,543
5117,442,544
5118,442,545
5119,442,546
5120,442,547
5121,442,548
5122,442,549
5123,442,550
5124,442,551
5125,442,552
5126,442,553
5127,442,554
5128,442,555
5129,442,556
5130,442,557
5131,442,558
5132,442,559
5133,442,560
5134,442,561
5135,442,562
5136,442,563
5137,442,564
5138,442,565
5139,442,566
5140,442,567
5141,442,568
5142,442,569
5143,442,570
5144,442,571
5145,442,572
5146,442,573
5147,442,574
5148,442,575
5149,442,576
5150,442,577
5151,442,578
5152,442,579
5153,442,580
5154,442,581
5155,443,468
5156,443,469
5157,443,470
5158,443,471
5159,443,472
5160,443,473
5161,443,474
5162,443,475
5163,443,476
5164,443,477
5165,443,478
5166,443,479
5167,443,480
5168,443,481
5169,443,482
5170,443,483
5171,443,484
5172,443,485
5173,443,486
5174,443,487
5175,443,488
5176,443,489
5177,443,490
5178,443,491
5179,443,492
5180,443,493
5181,443,494
5182,443,495
5183,443,496
5184,443,497
5185,443,498
5186,443,499
5187,443,500
5188,443,501
5189,443,502
5190,443,503
5191,443,504
5192,443,505
5193,443,506
5194,443,507
5195,443,508
5196,443,509
5197,443,510
5198,443,511
5199,443,512
5200,443,513
5201,443,514
5202,443,515
5203,443,516
5204,443,517
5205,443,518
5206,443,519
5207,443,520
5208,443,521
5209,443,522
5210,443,523
5211,443,524
5212,443,525
5213,443,526
5214,443,527
5215,443,528
5216,443,529
5217,443,530
5218,443,531
5219,443,532
5220,443,533
5221,443,534
5222,443,535
5223,443,536
5224,443,537
5225,443,538
5226,443,545
5227,443,546
5228,443,547
5229,443,548
5230,443,549
5231,443,550
5232,443,551
5233,443,552
5234,443,553
5235,443,554
5236,443,555
5237,443,556
5238,443,557
5239,443,558
5240,443,559
5241,443,560
5242,443,561
5243,443,562
5244,443,563
5245,443,564
5246,443,565
5247,443,566
5248,443,567
5249,443,568
5250,443,569
5251,443,570
5252,443,571
5253,443,572
5254,443,573
5255,443,574
5256,443,575
5257,443,576
5258,443,577
5259,443,578
5260,443,579
5261,443,580
5262,444,469
5263,444,470
5264,444,471
5265,444,472
5266,444,473
5267,444,474
5268,444,475
5269,444,476
5270,444,477
5271,444,478
5272,444,479
5273,444,480
5274,444,481
5275,444,482
5276,444,483
5277,444,484
5278,444,485
5279,444,486
5280,444,487
5281,444,488
5282,444,489
5283,444,490
5284,444,491
5285,444,492
5286,444,493
5287,444,494
5288,444,495
5289,444,496
5290,444,497
5291,444,498
5292,444,499
5293,444,500
5294,444,501
5295,444,502
5296,444,503
5297,444,504
5298,444,505
5299,444,506
5300,444,507
5301,444,508
5302,444,509
5303,444,510
5304,444,511
5305,444,512
5306,444,513
5307,444,514
5308,444,515
5309,444,516
5310,444,517
5311,444,518
5312,444,519
5313,444,520
5314,444,521
5315,444,522
5316,444,523
5317,444,524
5318,444,525
5319,444,526
5320,444,527
5321,444,528
5322,444,529
5323,444,530
5324,444,531
5325,444,532
5326,444,533
5327,444,534
5328,444,535
5329,444,536
5330,444,537
5331,444,546
5332,444,547
5333,444,548
5334,444,549
5335,444,550
5336,444,551
5337,444,552
5338,444,553
5339,444,554
5340,444,555
5341,444,556
5342,444,557
5343,444,558
5344,444,559
5345,444,560
5346,444,561
5347,444,562
5348,444,563
5349,444,564
5350,444,565
5351,444,566
5352,444,567
5353,444,568
5354,444,569
5355,444,570
5356,444,571
5357,444,572
5358,444,573
5359,444,574
5360,444,575
5361,444,576
5362,444,577
5363,444,578
5364,444,579
5365,444,580
5366,445,469
5367,445,470
5368,445,471
5369,445,472
5370,445,473
5371,445,474
5372,445,475
5373,445,476
5374,445,477
5375,445,478
5376,445,479
5377,445,480
5378,445,481
5379,445,482
5380,445,483
5381,445,484
5382,445,485
5383,445,486
5384,445,487
5385,445,488
5386,445,489
5387,445,490
5388,445,491
5389,445,492
5390,445,493
5391,445,494
5392,445,495
5393,445,496
5394,445,497
5395,445,498
5396,445,499
5397,445,500
5398,445,501
5399,445,502
5400,445,503
5401,445,504
5402,445,505
5403,445,506
5404,445,507
5405,445,508
5406,445,509
5407,445,510
5408,445,511
5409,445,512
5410,445,513
5411,445,514
5412,445,515
5413,445,516
5414,445,517
5415,445,518
5416,445,519
5417,445,520
5418,445,521
5419,445,522
5420,445,523
5421,445,524
5422,445,525
5423,445,526
5424,445,527
5425,445,528
5426,445,529
5427,445,530
5428,445,531
5429,445,532
5430,445,533
5431,445,534
5432,445,535
5433,445,536
5434,445,537
5435,445,544
5436,445,545
5437,445,546
5438,445,547
5439,445,548
5440,445,549
5441,445,550
5442,445,551
5443,445,552
5444,445,553
5445,445,554
5446,445,555
5447,445,556
5448,445,557
5449,445,558
5450,445,559
5451,445,560
5452,445,561
5453,445,562
5454,445,563
5455,445,564
5456,445,565
5457,445,566
5458,445,567
5459,445,568
5460,445,569
5461,445,570
5462,445,571
5463,445,572
5464,445,573
5465,445,574
5466,445,575
5467,445,576
5468,445,577
5469,445,578
5470,445,579
5471,445,580
5472,446,469
5473,446,470
5474,446,471
5475,446,472
5476,446,473
5477,446,474
5478,446,475
5479,446,476
5480,446,477
5481,446,478
5482,446,479
5483,446,480
5484,446,481
5485,446,482
5486,446,483
5487,446,484
5488,446,485
5489,446,486
5490,446,487
5491,446,488
5492,446,489
5493,446,490
5494,446,491
5495,446,492
5496,446,493
5497,446,494
5498,446,495
5499,446,496
5500,446,497
5501,446,498
5502,446,499
5503,446,500
5504,446,501
5505,446,502
5506,446,503
5507,446,504
5508,446,505
5509,446,506
5510,446,507
5511,446,508
5512,446,509
5513,446,510
5514,446,511
5515,446,512
5516,446,513
5517,446,514
5518,446,515
5519,446,516
5520,446,517
5521,446,518
5522,446,519
5523,446,520
5524,446,521
5525,446,522
5526,446,523
5527,446,524
5528,446,525
5529,446,526
5530,446,527
5531,446,528
5532,446,529
5533,446,530
5534,446,531
5535,446,532
5536,446,533
5537,446,534
5538,446,535
5539,446,536
5540,446,537
5541,446,538
5542,446,543
5543,446,544
5544,446,545
5545,446,546
5546,446,547
5547,446,548
5548,446,549
5549,446,550
5550,446,551
5551,446,552
5552,446,553
5553,446,554
5554,446,555
5555,446,556
5556,446,557
5557,446,558
5558,446,559
5559,446,560
5560,446,561
5561,446,562
5562,446,563
5563,446,564
5564,446,565
5565,446,566
5566,446,567
5567,446,568
5568,446,569
5569,446,570
5570,446,571
5571,446,572
5572,446,573
5573,446,574
5574,446,575
5575,446,576
5576,446,577
5577,446,578
5578,446,579
5579,446,580
5580,447,469
5581,447,470
5582,447,471
5583,447,472
5584,447,473
5585,447,474
5586,447,475
5587,447,476
5588,447,477
5589,447,478
5590,447,479
5591,447,480
5592,447,481
5593,447,482
5594,447,483
5595,447,484
5596,447,485
5597,447,486
5598,447,487
5599,447,488
5600,447,489
5601,447,490
5602,447,491
5603,447,492
5604,447,493
5605,447,494
5606,447,495
5607,447,496
5608,447,497
5609,447,498
5610,447,499
5611,447,500
5612,447,501
5613,447,502
5614,447,503
5615,447,504
5616,447,505
5617,447,506
5618,447,507
5619,447,508
5620,447,509
5621,447,510
5622,447,511
5623,447,512
5624,447,513
5625,447,514
5626,447,515
5627,447,516
5628,447,517
5629,447,518
5630,447,519
5631,447,520
5632,447,521
5633,447,522
5634,447,523
5635,447,524
5636,447,525
5637,447,526
5638,447,527
5639,447,528
5640,447,529
5641,447,530
5642,447,531
5643,447,532
5644,447,533
5645,447,534
5646,447,535
5647,447,536
5648,447,537
5649,447,538
5650,447,542
5651,447,543
5652,447,544
5653,447,545
5654,447,546
5655,447,547
5656,447,548
5657,447,549
5658,447,550
5659,447,551
5660,447,552
5661,447,553
5662,447,554
5663,447,555
5664,447,556
5665,447,557
5666,447,558
5667,447,559
5668,447,560
5669,447,561
5670,447,562
5671,447,563
5672,447,564
5673,447,565
5674,447,566
5675,447,567
5676,447,568
5677,447,569
5678,447,570
5679,447,571
5680,447,572
5681,447,573
5682,447,574
5683,447,575
5684,447,576
5685,447,577
5686,447,578
5687,447,579
5688,447,580
5689,448,470
5690,448,471
5691,448,472
5692,448,473
5693,448,474
5694,448,475
5695,448,476
5696,448,477
5697,448,478
5698,448,479
5699,448,480
5700,448,481
5701,448,482
5702,448,483
5703,448,484
5704,448,485
5705,448,486
5706,448,487
5707,448,488
5708,448,489
5709,448,490
5710,448,491
5711,448,492
5712,448,493
5713,448,494
5714,448,495
5715,448,496
5716,448,497
5717,448,498
5718,448,499
5719,448,500
5720,448,501
5721,448,502
5722,448,503
5723,448,504
5724,448,505
5725,448,506
5726,448,507
5727,448,508
5728,448,509
5729,448,510
5730,448,511
5731,448,512
5732,448,513
5733,448,514
5734,448,515
5735,448,516
5736,448,517
5737,448,518
5738,448,519
5739,448,520
5740,448,521
5741,448,522
5742,448,523
5743,448,524
5744,448,525
5745,448,526
5746,448,527
5747,448,528
5748,448,529
5749,448,530
5750,448,531
5751,448,532
5752,448,533
5753,448,534
5754,448,535
5755,448,536
5756,448,537
5757,448,538
5758,448,539
5759,448,540
5760,448,541
5761,448,542
5762,448,543
5763,448,544
5764,448,545
5765,448,546
5766,448,547
5767,448,548
5768,448,549
5769,448,550
5770,448,551
5771,448,552
5772,448,553
5773,448,554
5774,448,555
5775,448,556
5776,448,557
5777,448,558
5778,448,559
5779,448,560
5780,448,561
5781,448,562
5782,448,563
5783,448,564
5784,448,565
5785,448,566
5786,448,567
5787,448,568
5788,448,569
5789,448,570
5790,448,571
5791,448,572
5792,448,573
5793,448,574
5794,448,575
5795,448,576
5796,448,577
5797,448,578
5798,448,579
5799,449,470
5800,449,471
5801,449,472
5802,449,473
5803,449,474
5804,449,475
5805,449,476
5806,449,477
5807,449,478
5808,449,479
5809,449,480
5810,449,481
5811,449,482
5812,449,483
5813,449,484
5814,449,485
5815,449,486
5816,449,487
5817,449,488
5818,449,489
5819,449,490
5820,449,491
5821,449,492
5822,449,493
5823,449,494
5824,449,495
5825,449,496
5826,449,497
5827,449,498
5828,449,499
5829,449,500
5830,449,501
5831,449,502
5832,449,503
5833,449,504
5834,449,505
5835,449,506
5836,449,507
5837,449,508
5838,449,509
5839,449,510
5840,449,511
5841,449,512
5842,449,513
5843,449,514
5844,449,515
5845,449,516
5846,449,517
5847,449,518
5848,449,519
5849,449,520
5850,449,521
5851,449,522
5852,449,523
5853,449,524
5854,449,525
5855,449,526
5856,449,527
5857,449,528
5858,449,529
5859,449,530
5860,449,531
5861,449,532
5862,449,533
5863,449,534
5864,449,535
5865,449,536
5866,449,537
5867,449,538
5868,449,539
5869,449,540
5870,449,541
5871,449,542
5872,449,543
5873,449,544
5874,449,545
5875,449,546
5876,449,547
5877,449,548
5878,449,549
5879,449,550
5880,449,551
5881,449,552
5882,449,553
5883,449,554
5884,449,555
5885,449,556
5886,449,557
5887,449,558
5888,449,559
5889,449,560
5890,449,561
5891,449,562
5892,449,563
5893,449,564
5894,449,565
5895,449,566
5896,449,567
5897,449,568
5898,449,569
5899,449,570
5900,449,571
5901,449,572
5902,449,573
5903,449,574
5904,449,575
5905,449,576
5906,449,577
5907,449,578
5908,449,579
5909,450,471
5910,450,472
5911,450,473
5912,450,474
5913,450,475
5914,450,476
5915,450,477
5916,450,478
5917,450,479
5918,450,480
5919,450,481
5920,450,482
5921,450,483
5922,450,484
5923,450,485
5924,450,486
5925,450,487
5926,450,488
5927,450,489
5928,450,490
5929,450,491
5930,450,492
5931,450,493
5932,450,494
5933,450,495
5934,450,496
5935,450,497
5936,450,498
5937,450,499
5938,450,500
5939,450,501
5940,450,502
5941,450,503
5942,450,504
5943,450,505
5944,450,506
5945,450,507
5946,450,508
5947,450,509
5948,450,510
5949,450,511
5950,450,512
5951,450,513
5952,450,514
5953,450,515
5954,450,516
5955,450,517
5956,450,518
5957,450,519
5958,450,520
5959,450,521
5960,450,522
5961,450,523
5962,450,524
5963,450,525
5964,450,526
5965,450,527
5966,450,528
5967,450,529
5968,450,530
5969,450,531
5970,450,532
5971,450,533
5972,450,534
5973,450,535
5974,450,536
5975,450,537
5976,450,538
5977,450,539
5978,450,540
5979,450,541
5980,450,542
5981,450,543
5982,450,544
5983,450,545
5984,450,546
5985,450,547
5986,450,548
5987,450,549
5988,450,550
5989,450,551
5990,450,552
5991,450,553
5992,450,554
5993,450,555
5994,450,556
5995,450,557
5996,450,558
5997,450,559
5998,450,560
5999,450,561
6000,450,562
6001,450,563
6002,450,564
6003,450,565
6004,450,566
6005,450,567
6006,450,568
6007,450,569
6008,450,570
6009,450,571
6010,450,572
6011,450,573
6012,450,574
6013,450,575
6014,450,576
6015,450,577
6016,450,578
6017,450,579
6018,451,471
6019,451,472
6020,451,473
6021,451,474
6022,451,475
6023,451,476
6024,451,477
6025,451,478
6026,451,479
6027,451,480
6028,451,481
6029,451,482
6030,451,483
6031,451,484
6032,451,485
6033,451,486
6034,451,487
6035,451,488
6036,451,489
6037,451,490
6038,451,491
6039,451,492
6040,451,493
6041,451,494
6042,451,495
6043,451,496
6044,451,497
6045,451,498
6046,451,499
6047,451,500
6048,451,501
6049,451,502
6050,451,503
6051,451,504
6052,451,505
6053,451,506
6054,451,507
6055,451,508
6056,451,509
6057,451,510
6058,451,511
6059,451,512
6060,451,513
6061,451,514
6062,451,515
6063,451,516
6064,451,517
6065,451,518
6066,451,519
6067,451,520
6068,451,521
6069,451,522
6070,451,523
6071,451,524
6072,451,525
6073,451,526
6074,451,527
6075,451,528
6076,451,529
6077,451,530
6078,451,531
6079,451,532
6080,451,533
6081,451,534
6082,451,535
6083,451,536
6084,451,537
6085,451,538
6086,451,539
6087,451,540
6088,451,541
6089,451,542
6090,451,543
6091,451,544
6092,451,545
6093,451,546
6094,451,547
6095,451,548
6096,451,549
6097,451,550
6098,451,551
6099,451,552
6100,451,553
6101,451,554
6102,451,555
6103,451,556
6104,451,557
6105,451,558
6106,451,559
6107,451,560
6108,451,561
6109,451,562
6110,451,563
6111,451,564
6112,451,565
6113,451,566
6114,451,567
6115,451,568
6116,451,569
6117,451,570
6118,451,571
6119,451,572
6120,451,573
6121,451,574
6122,451,575
6123,451,576
6124,451,577
6125,451,578
6126,452,471
6127,452,472
6128,452,473
6129,452,474
6130,452,475
6131,452,476
6132,452,477
6133,452,478
6134,452,479
6135,452,480
6136,452,481
6137,452,482
6138,452,483
6139,452,484
6140,452,485
6141,452,486
6142,452,487
6143,452,488
6144,452,489
6145,452,490
6146,452,491
6147,452,492
6148,452,493
6149,452,494
6150,452,495
6151,452,496
6152,452,497
6153,452,498
6154,452,499
6155,452,500
6156,452,501
6157,452,502
6158,452,503
6159,452,504
6160,452,505
6161,452,506
6162,452,507
6163,452,508
6164,452,509
6165,452,510
6166,452,511
6167,452,512
6168,452,513
6169,452,514
6170,452,515
6171,452,516
6172,452,517
6173,452,518
6174,452,519
6175,452,520
6176,452,521
6177,452,522
6178,452,523
6179,452,524
6180,452,525
6181,452,526
6182,452,527
6183,452,528
6184,452,529
6185,452,530
6186,452,531
6187,452,532
6188,452,533
6189,452,534
6190,452,535
6191,452,536
6192,452,537
6193,452,538
6194,452,539
6195,452,540
6196,452,541
6197,452,542
6198,452,543
6199,452,544
6200,452,545
6201,452,546
6202,452,547
6203,452,548
6204,452,549
6205,452,550
6206,452,551
6207,452,552
6208,452,553
6209,452,554
6210,452,555
6211,452,556
6212,452,557
6213,452,558
6214,452,559
6215,452,560
6216,452,561
6217,452,562
6218,452,563
6219,452,564
6220,452,565
6221,452,566
6222,452,567
6223,452,568
6224,452,569
6225,452,570
6226,452,571
6227,452,572
6228,452,573
6229,452,574
6230,452,575
6231,452,576
6232,452,577
6233,452,578
6234,453,472
6235,453,473
6236,453,474
6237,453,475
6238,453,476
6239,453,477
6240,453,478
6241,453,479
6242,453,480
6243,453,481
6244,453,482
6245,453,483
6246,453,484
6247,453,485
6248,453,486
6249,453,487
6250,453,488
6251,453,489
6252,453,490
6253,453,491
6254,453,492
6255,453,493
6256,453,494
6257,453,495
6258,453,496
6259,453,497
6260,453,498
6261,453,499
6262,453,500
6263,453,501
6264,453,502
6265,453,503
6266,453,504
6267,453,505
6268,453,506
6269,453,507
6270,453,508
6271,453,509
6272,453,510
6273,453,511
6274,453,512
6275,453,513
6276,453,514
6277,453,515
6278,453,516
6279,453,517
6280,453,518
6281,453,519
6282,453,520
6283,453,521
6284,453,522
6285,453,523
6286,453,524
6287,453,525
6288,453,526
6289,453,527
6290,453,528
6291,453,529
6292,453,530
6293,453,531
6294,453,532
6295,453,533
6296,453,534
6297,453,535
6298,453,536
6299,453,537
6300,453,538
6301,453,539
6302,453,540
6303,453,541
6304,453,542
6305,453,543
6306,453,544
6307,453,545
6308,453,546
6309,453,547
6310,453,548
6311,453,549
6312,453,550
6313,453,551
6314,453,552
6315,453,553
6316,453,554
6317,453,555
6318,453,556
6319,453,557
6320,453,558
6321,453,559
6322,453,560
6323,453,561
6324,453,562
6325,453,563
6326,453,564
6327,453,565
6328,453,566
6329,453,567
6330,453,568
6331,453,569
6332,453,570
6333,453,571
6334,453,572
6335,453,573
6336,453,574
6337,453,575
6338,453,576
6339,453,577
6340,454,472
6341,454,473
6342,454,474
6343,454,475
6344,454,476
6345,454,477
6346,454,478
6347,454,479
6348,454,480
6349,454,481
6350,454,482
6351,454,483
6352,454,484
6353,454,485
6354,454,486
6355,454,487
6356,454,488
6357,454,489
6358,454,490
6359,454,491
6360,454,492
6361,454,493
6362,454,494
6363,454,495
6364,454,496
6365,454,497
6366,454,498
6367,454,499
6368,454,500
6369,454,501
6370,454,502
6371,454,503
6372,454,504
6373,454,505
6374,454,506
6375,454,507
6376,454,508
6377,454,509
6378,454,510
6379,454,511
6380,454,512
6381,454,513
6382,454,514
6383,454,515
6384,454,516
6385,454,517
6386,454,518
6387,454,519
6388,454,520
6389,454,521
6390,454,522
6391,454,523
6392,454,524
6393,454,525
6394,454,526
6395,454,527
6396,454,528
6397,454,529
6398,454,530
6399,454,531
6400,454,532
6401,454,533
6402,454,534
6403,454,535
6404,454,536
6405,454,537
6406,454,538
6407,454,539
6408,454,540
6409,454,541
6410,454,542
6411,454,543
6412,454,544
6413,454,545
6414,454,546
6415,454,547
6416,454,548
6417,454,549
6418,454,550
6419,454,551
6420,454,552
6421,454,553
6422,454,554
6423,454,555
6424,454,556
6425,454,557
6426,454,558
6427,454,559
6428,454,560
6429,454,561
6430,454,562
6431,454,563
6432,454,564
6433,454,565
6434,454,566
6435,454,567
6436,454,568
6437,454,569
6438,454,570
6439,454,571
6440,454,572
6441,454,573
6442,454,574
6443,454,575
6444,454,576
6445,454,577
6446,455,473
6447,455,474
6448,455,475
6449,455,476
6450,455,477
6451,455,478
6452,455,479
6453,455,480
6454,455,481
6455,455,482
6456,455,483
6457,455,484
6458,455,485
6459,455,486
6460,455,487
6461,455,488
6462,455,489
6463,455,490
6464,455,491
6465,455,492
6466,455,493
6467,455,494
6468,455,495
6469,455,496
6470,455,497
6471,455,498
6472,455,499
6473,455,500
6474,455,501
6475,455,502
6476,455,503
6477,455,504
6478,455,505
6479,455,506
6480,455,507
6481,455,508
6482,455,509
6483,455,510
6484,455,511
6485,455,512
6486,455,513
6487,455,514
6488,455,515
6489,455,516
6490,455,517
6491,455,518
6492,455,519
6493,455,520
6494,455,521
6495,455,522
6496,455,523
6497,455,524
6498,455,525
6499,455,526
6500,455,527
6501,455,528
6502,455,529
6503,455,530
6504,455,531
6505,455,532
6506,455,533
6507,455,534
6508,455,535
6509,455,536
6510,455,537
6511,455,538
6512,455,539
6513,455,540
6514,455,541
6515,455,542
6516,455,543
6517,455,544
6518,455,545
6519,455,546
6520,455,547
6521,455,548
6522,455,549
6523,455,550
6524,455,551
6525,455,552
6526,455,553
6527,455,554
6528,455,555
6529,455,556
6530,455,557
6531,455,558
6532,455,559
6533,455,560
6534,455,561
6535,455,562
6536,455,563
6537,455,564
6538,455,565
6539,455,566
6540,455,567
6541,455,568
6542,455,569
6543,455,570
6544,455,571
6545,455,572
6546,455,573
6547,455,574
6548,455,575
6549,455,576
6550,456,473
6551,456,474
6552,456,475
6553,456,476
6554,456,477
6555,456,478
6556,456,479
6557,456,480
6558,456,481
6559,456,482
6560,456,483
6561,456,484
6562,456,485
6563,456,486
6564,456,487
6565,456,488
6566,456,489
6567,456,490
6568,456,491
6569,456,492
6570,456,493
6571,456,494
6572,456,495
6573,456,496
6574,456,497
6575,456,498
6576,456,499
6577,456,500
6578,456,501
6579,456,502
6580,456,503
6581,456,504
6582,456,505
6583,456,506
6584,456,507
6585,456,508
6586,456,509
6587,456,510
6588,456,511
6589,456,512
6590,456,513
6591,456,514
6592,456,515
6593,456,516
6594,456,517
6595,456,518
6596,456,519
6597,456,520
6598,456,521
6599,456,522
6600,456,523
6601,456,524
6602,456,525
6603,456,526
6604,456,527
6605,456,528
6606,456,529
6607,456,530
6608,456,531
6609,456,532
6610,456,533
6611,456,534
6612,456,535
6613,456,536
6614,456,537
6615,456,538
6616,456,539
6617,456,540
6618,456,541
6619,456,542
6620,456,543
6621,456,544
6622,456,545
6623,456,546
6624,456,547
6625,456,548
6626,456,549
6627,456,550
6628,456,551
6629,456,552
6630,456,553
6631,456,554
6632,456,555
6633,456,556
6634,456,557
6635,456,558
6636,456,559
6637,456,560
6638,456,561
6639,456,562
6640,456,563
6641,456,564
6642,456,565
6643,456,566
6644,456,567
6645,456,568
6646,456,569
6647,456,570
6648,456,571
6649,456,572
6650,456,573
6651,456,574
6652,456,575
6653,456,576
6654,457,474
6655,457,475
6656,457,476
6657,457,477
6658,457,478
6659,457,479
6660,457,480
6661,457,481
6662,457,482
6663,457,483
6664,457,484
6665,457,485
6666,457,486
6667,457,487
6668,457,488
6669,457,489
6670,457,490
6671,457,491
6672,457,492
6673,457,493
6674,457,494
6675,457,495
6676,457,496
6677,457,497
6678,457,498
6679,457,499
6680,457,500
6681,457,501
6682,457,502
6683,457,503
6684,457,504
6685,457,505
6686,457,506
6687,457,507
6688,457,508
6689,457,509
6690,457,510
6691,457,511
6692,457,512
6693,457,513
6694,457,514
6695,457,515
6696,457,516
6697,457,517
6698,457,518
6699,457,526
6700,457,527
6701,457,528
6702,457,529
6703,457,530
6704,457,531
6705,457,532
6706,457,533
6707,457,534
6708,457,535
6709,457,536
6710,457,537
6711,457,538
6712,457,539
6713,457,540
6714,457,541
6715,457,542
6716,457,543
6717,457,544
6718,457,545
6719,457,546
6720,457,547
6721,457,548
6722,457,549
6723,457,550
6724,457,551
6725,457,552
6726,457,553
6727,457,554
6728,457,555
6729,457,556
6730,457,557
6731,457,558
6732,457,559
6733,457,560
6734,457,561
6735,457,562
6736,457,563
6737,457,564
6738,457,565
6739,457,566
6740,457,567
6741,457,568
6742,457,569
6743,457,570
6744,457,571
6745,457,572
6746,457,573
6747,457,574
6748,457,575
6749,458,474
6750,458,475
6751,458,476
6752,458,477
6753,458,478
6754,458,479
6755,458,480
6756,458,481
6757,458,482
6758,458,483
6759,458,484
6760,458,485
6761,458,486
6762,458,487
6763,458,488
6764,458,489
6765,458,490
6766,458,491
6767,458,492
6768,458,493
6769,458,494
6770,458,495
6771,458,496
6772,458,497
6773,458,498
6774,458,499
6775,458,500
6776,458,501
6777,458,502
6778,458,503
6779,458,504
6780,458,505
6781,458,506
6782,458,507
6783,458,508
6784,458,509
6785,458,510
6786,458,511
6787,458,512
6788,458,513
6789,458,514
6790,458,515
6791,458,516
6792,458,517
6793,458,518
6794,458,528
6795,458,529
6796,458,530
6797,458,531
6798,458,532
6799,458,533
6800,458,534
6801,458,535
6802,458,536
6803,458,537
6804,458,538
6805,458,539
6806,458,540
6807,458,541
6808,458,542
6809,458,543
6810,458,544
6811,458,545
6812,458,546
6813,458,547
6814,458,548
6815,458,549
6816,458,550
6817,458,551
6818,458,552
6819,458,553
6820,458,554
6821,458,555
6822,458,556
6823,458,557
6824,458,558
6825,458,559
6826,458,560
6827,458,561
6828,458,562
6829,458,563
6830,458,564
6831,458,565
6832,458,566
6833,458,567
6834,458,568
6835,458,569
6836,458,570
6837,458,571
6838,458,572
6839,458,573
6840,458,574
6841,458,575
6842,459,475
6843,459,476
6844,459,477
6845,459,478
6846,459,479
6847,459,480
6848,459,481
6849,459,482
6850,459,483
6851,459,484
6852,459,485
6853,459,486
6854,459,487
6855,459,488
6856,459,489
6857,459,490
6858,459,491
6859,459,492
6860,459,493
6861,459,494
6862,459,495
6863,459,496
6864,459,497
6865,459,498
6866,459,499
6867,459,500
6868,459,501
6869,459,502
6870,459,503
6871,459,504
6872,459,505
6873,459,506
6874,459,507
6875,459,508
6876,459,509
6877,459,510
6878,459,511
6879,459,512
6880,459,513
6881,459,514
6882,459,515
6883,459,516
6884,459,517
6885,459,518
6886,459,519
6887,459,526
6888,459,527
6889,459,528
6890,459,529
6891,459,530
6892,459,531
6893,459,532
6894,459,533
6895,459,534
6896,459,535
6897,459,536
6898,459,537
6899,459,538
6900,459,539
6901,459,540
6902,459,541
6903,459,542
6904,459,543
6905,459,544
6906,459,545
6907,459,546
6908,459,547
6909,459,548
6910,459,549
6911,459,550
6912,459,551
6913,459,552
6914,459,553
6915,459,554
6916,459,555
6917,459,556
6918,459,557
6919,459,558
6920,459,559
6921,459,560
6922,459,561
6923,459,562
6924,459,563
6925,459,564
6926,459,565
6927,459,566
6928,459,567
6929,459,568
6930,459,569
6931,459,570
6932,459,571
6933,459,572
6934,459,573
6935,459,574
6936,460,475
6937,460,476
6938,460,477
6939,460,478
6940,460,479
6941,460,480
6942,460,481
6943,460,482
6944,460,483
6945,460,484
6946,460,485
6947,460,486
6948,460,487
6949,460,488
6950,460,489
6951,460,490
6952,460,491
6953,460,492
6954,460,493
6955,460,494
6956,460,495
6957,460,496
6958,460,497
6959,460,498
6960,460,499
6961,460,500
6962,460,501
6963,460,502
6964,460,503
6965,460,504
6966,460,505
6967,460,506
6968,460,507
6969,460,508
6970,460,509
6971,460,510
6972,460,511
6973,460,512
6974,460,513
6975,460,514
6976,460,515
6977,460,516
6978,460,517
6979,460,518
6980,460,519
6981,460,520
6982,460,521
6983,460,524
6984,460,525
6985,460,526
6986,460,527
6987,460,528
6988,460,529
6989,460,530
6990,460,531
6991,460,532
6992,460,533
6993,460,534
6994,460,535
6995,460,536
6996,460,537
6997,460,538
6998,460,539
6999,460,540
7000,460,541
7001,460,542
7002,460,543
7003,460,544
7004,460,545
7005,460,546
7006,460,547
7007,460,548
7008,460,549
7009,460,550
7010,460,551
7011,460,552
7012,460,553
7013,460,554
7014,460,555
7015,460,556
7016,460,557
7017,460,558
7018,460,559
7019,460,560
7020,460,561
7021,460,562
7022,460,563
7023,460,564
7024,460,565
7025,460,566
7026,460,567
7027,460,568
7028,460,569
7029,460,570
7030,460,571
7031,460,572
7032,460,573
7033,461,476
7034,461,477
7035,461,478
7036,461,479
7037,461,480
7038,461,481
7039,461,482
7040,461,483
7041,461,484
7042,461,485
7043,461,486
7044,461,487
7045,461,488
7046,461,489
7047,461,490
7048,461,491
7049,461,492
7050,461,493
7051,461,494
7052,461,495
7053,461,496
7054,461,497
7055,461,498
7056,461,499
7057,461,500
7058,461,501
7059,461,502
7060,461,503
7061,461,504
7062,461,505
7063,461,506
7064,461,507
7065,461,508
7066,461,509
7067,461,510
7068,461,511
7069,461,512
7070,461,513
7071,461,514
7072,461,515
7073,461,516
7074,461,517
7075,461,518
7076,461,519
7077,461,520
7078,461,521
7079,461,522
7080,461,523
7081,461,524
7082,461,525
7083,461,526
7084,461,527
7085,461,528
7086,461,529
7087,461,530
7088,461,531
7089,461,532
7090,461,533
7091,461,534
7092,461,535
7093,461,536
7094,461,537
7095,461,538
7096,461,539
7097,461,540
7098,461,541
7099,461,542
7100,461,543
7101,461,544
7102,461,545
7103,461,546
7104,461,547
7105,461,548
7106,461,549
7107,461,550
7108,461,551
7109,461,552
7110,461,553
7111,461,554
7112,461,555
7113,461,556
7114,461,557
7115,461,558
7116,461,559
7117,461,560
7118,461,561
7119,461,562
7120,461,563
7121,461,564
7122,461,565
7123,461,566
7124,461,567
7125,461,568
7126,461,569
7127,461,570
7128,461,571
7129,461,572
7130,461,573
7131,462,476
7132,462,477
7133,462,478
7134,462,479
7135,462,480
7136,462,481
7137,462,482
7138,462,483
7139,462,484
7140,462,485
7141,462,486
7142,462,487
7143,462,488
7144,462,489
7145,462,490
7146,462,491
7147,462,492
7148,462,493
7149,462,494
7150,462,495
7151,462,496
7152,462,497
7153,462,498
7154,462,499
7155,462,500
7156,462,501
7157,462,502
7158,462,503
7159,462,504
7160,462,505
7161,462,506
7162,462,507
7163,462,508
7164,462,509
7165,462,510
7166,462,511
7167,462,512
7168,462,513
7169,462,514
7170,462,515
7171,462,516
7172,462,517
7173,462,518
7174,462,519
7175,462,520
7176,462,521
7177,462,522
7178,462,523
7179,462,524
7180,462,525
7181,462,526
7182,462,527
7183,462,528
7184,462,529
7185,462,530
7186,462,531
7187,462,532
7188,462,533
7189,462,534
7190,462,535
7191,462,536
7192,462,537
7193,462,538
7194,462,539
7195,462,540
7196,462,541
7197,462,542
7198,462,543
7199,462,544
7200,462,545
7201,462,546
7202,462,547
7203,462,548
7204,462,549
7205,462,550
7206,462,551
7207,462,552
7208,462,553
7209,462,554
7210,462,555
7211,462,556
7212,462,557
7213,462,558
7214,462,559
7215,462,560
7216,462,561
7217,462,562
7218,462,563
7219,462,564
7220,462,565
7221,462,566
7222,462,567
7223,462,568
7224,462,569
7225,462,570
7226,462,571
7227,462,572
7228,463,478
7229,463,479
7230,463,480
7231,463,481
7232,463,482
7233,463,483
7234,463,484
7235,463,485
7236,463,486
7237,463,487
7238,463,488
7239,463,489
7240,463,490
7241,463,491
7242,463,492
7243,463,493
7244,463,494
7245,463,495
7246,463,496
7247,463,497
7248,463,498
7249,463,499
7250,463,500
7251,463,501
7252,463,502
7253,463,503
7254,463,504
7255,463,505
7256,463,506
7257,463,507
7258,463,508
7259,463,509
7260,463,510
7261,463,511
7262,463,512
7263,463,513
7264,463,514
7265,463,515
7266,463,516
7267,463,517
7268,463,518
7269,463,519
7270,463,520
7271,463,521
7272,463,522
7273,463,523
7274,463,524
7275,463,525
7276,463,526
7277,463,527
7278,463,528
7279,463,529
7280,463,530
7281,463,531
7282,463,532
7283,463,533
7284,463,534
7285,463,535
7286,463,536
7287,463,537
7288,463,538
7289,463,539
7290,463,540
7291,463,541
7292,463,542
7293,463,543
7294,463,544
7295,463,545
7296,463,546
7297,463,547
7298,463,548
7299,463,549
7300,463,550
7301,463,551
7302,463,552
7303,463,553
7304,463,554
7305,463,555
7306,463,556
7307,463,557
7308,463,558
7309,463,559
7310,463,560
7311,463,561
7312,463,562
7313,463,563
7314,463,564
7315,463,565
7316,463,566
7317,463,567
7318,463,568
7319,463,569
7320,463,570
7321,463,571
7322,464,478
7323,464,479
7324,464,480
7325,464,481
7326,464,482
7327,464,483
7328,464,484
7329,464,485
7330,464,486
7331,464,487
7332,464,488
7333,464,489
7334,464,490
7335,464,491
7336,464,492
7337,464,493
7338,464,494
7339,464,495
7340,464,496
7341,464,497
7342,464,498
7343,464,499
7344,464,500
7345,464,501
7346,464,502
7347,464,503
7348,464,504
7349,464,505
7350,464,506
7351,464,507
7352,464,508
7353,464,509
7354,464,510
7355,464,511
7356,464,512
7357,464,513
7358,464,514
7359,464,515
7360,464,516
7361,464,517
7362,464,518
7363,464,519
7364,464,520
7365,464,521
7366,464,522
7367,464,523
7368,464,524
7369,464,525
7370,464,526
7371,464,527
7372,464,528
7373,464,529
7374,464,530
7375,464,531
7376,464,532
7377,464,533
7378,464,534
7379,464,535
7380,464,536
7381,464,537
7382,464,538
7383,464,539
7384,464,540
7385,464,541
7386,464,542
7387,464,543
7388,464,544
7389,464,545
7390,464,546
7391,464,547
7392,464,548
7393,464,549
7394,464,550
7395,464,551
7396,464,552
7397,464,553
7398,464,554
7399,464,555
7400,464,556
7401,464,557
7402,464,558
7403,464,559
7404,464,560
7405,464,561
7406,464,562
7407,464,563
7408,464,564
7409,464,565
7410,464,566
7411,464,567
7412,464,568
7413,464,569
7414,464,570
7415,465,479
7416,465,480
7417,465,481
7418,465,482
7419,465,483
7420,465,484
7421,465,485
7422,465,486
7423,465,487
7424,465,488
7425,465,489
7426,465,490
7427,465,491
7428,465,492
7429,465,493
7430,465,494
7431,465,495
7432,465,496
7433,465,497
7434,465,498
7435,465,499
7436,465,500
7437,465,501
7438,465,502
7439,465,503
7440,465,504
7441,465,505
7442,465,506
7443,465,507
7444,465,508
7445,465,509
7446,465,510
7447,465,511
7448,465,512
7449,465,513
7450,465,514
7451,465,515
7452,465,516
7453,465,517
7454,465,518
7455,465,519
7456,465,520
7457,465,521
7458,465,522
7459,465,523
7460,465,524
7461,465,525
7462,465,526
7463,465,527
7464,465,528
7465,465,529
7466,465,530
7467,465,531
7468,465,532
7469,465,533
7470,465,534
7471,465,535
7472,465,536
7473,465,537
7474,465,538
7475,465,539
7476,465,540
7477,465,541
7478,465,542
7479,465,543
7480,465,544
7481,465,545
7482,465,546
7483,465,547
7484,465,548
7485,465,549
7486,465,550
7487,465,551
7488,465,552
7489,465,553
7490,465,554
7491,465,555
7492,465,556
7493,465,557
7494,465,558
7495,465,559
7496,465,560
7497,465,561
7498,465,562
7499,465,563
7500,465,564
7501,465,565
7502,465,566
7503,465,567
7504,465,568
7505,465,569
7506,466,480
7507,466,481
7508,466,482
7509,466,483
7510,466,484
7511,466,485
7512,466,486
7513,466,487
7514,466,488
7515,466,489
7516,466,490
7517,466,491
7518,466,492
7519,466,493
7520,466,494
7521,466,495
7522,466,496
7523,466,497
7524,466,498
7525,466,499
7526,466,500
7527,466,501
7528,466,502
7529,466,503
7530,466,504
7531,466,505
7532,466,506
7533,466,507
7534,466,508
7535,466,509
7536,466,510
7537,466,511
7538,466,512
7539,466,513
7540,466,514
7541,466,515
7542,466,516
7543,466,517
7544,466,518
7545,466,519
7546,466,520
7547,466,521
7548,466,522
7549,466,523
7550,466,524
7551,466,525
7552,466,526
7553,466,527
7554,466,528
7555,466,529
7556,466,530
7557,466,531
7558,466,532
7559,466,533
7560,466,534
7561,466,535
7562,466,536
7563,466,537
7564,466,538
7565,466,539
7566,466,540
7567,466,541
7568,466,542
7569,466,543
7570,466,544
7571,466,545
7572,466,546
7573,466,547
7574,466,548
7575,466,549
7576,466,550
7577,466,551
7578,466,552
7579,466,553
7580,466,554
7581,466,555
7582,466,556
7583,466,557
7584,466,558
7585,466,559
7586,466,560
7587,466,561
7588,466,562
7589,466,563
7590,466,564
7591,466,565
7592,466,566
7593,466,567
7594,466,568
7595,467,481
7596,467,482
7597,467,483
7598,467,484
7599,467,485
7600,467,486
7601,467,487
7602,467,488
7603,467,489
7604,467,490
7605,467,491
7606,467,492
7607,467,493
7608,467,494
7609,467,495
7610,467,496
7611,467,497
7612,467,498
7613,467,499
7614,467,500
7615,467,501
7616,467,502
7617,467,503
7618,467,504
7619,467,505
7620,467,506
7621,467,507
7622,467,508
7623,467,509
7624,467,510
7625,467,511
7626,467,512
7627,467,513
7628,467,514
7629,467,515
7630,467,516
7631,467,517
7632,467,518
7633,467,519
7634,467,520
7635,467,521
7636,467,522
7637,467,523
7638,467,524
7639,467,525
7640,467,526
7641,467,527
7642,467,528
7643,467,529
7644,467,530
7645,467,531
7646,467,532
7647,467,533
7648,467,534
7649,467,535
7650,467,536
7651,467,537
7652,467,538
7653,467,539
7654,467,540
7655,467,541
7656,467,542
7657,467,543
7658,467,544
7659,467,545
7660,467,546
7661,467,547
7662,467,548
7663,467,549
7664,467,550
7665,467,551
7666,467,552
7667,467,553
7668,467,554
7669,467,555
7670,467,556
7671,467,557
7672,467,558
7673,467,559
7674,467,560
7675,467,561
7676,467,562
7677,467,563
7678,467,564
7679,467,565
7680,467,566
7681,467,567
7682,468,481
7683,468,482
7684,468,483
7685,468,484
7686,468,485
7687,468,486
7688,468,487
7689,468,488
7690,468,489
7691,468,490
7692,468,491
7693,468,492
7694,468,493
7695,468,494
7696,468,495
7697,468,496
7698,468,497
7699,468,498
7700,468,499
7701,468,500
7702,468,501
7703,468,502
7704,468,503
7705,468,504
7706,468,505
7707,468,506
7708,468,507
7709,468,508
7710,468,509
7711,468,510
7712,468,511
7713,468,512
7714,468,513
7715,468,514
7716,468,515
7717,468,516
7718,468,517
7719,468,518
7720,468,519
7721,468,520
7722,468,521
7723,468,522
7724,468,523
7725,468,524
7726,468,525
7727,468,526
7728,468,527
7729,468,528
7730,468,529
7731,468,530
7732,468,531
7733,468,532
7734,468,533
7735,468,534
7736,468,535
7737,468,536
7738,468,537
7739,468,538
7740,468,539
7741,468,540
7742,468,541
7743,468,542
7744,468,543
7745,468,544
7746,468,545
7747,468,546
7748,468,547
7749,468,548
7750,468,549
7751,468,550
7752,468,551
7753,468,552
7754,468,553
7755,468,554
7756,468,555
7757,468,556
7758,468,557
7759,468,558
7760,468,559
7761,468,560
7762,468,561
7763,468,562
7764,468,563
7765,468,564
7766,468,565
7767,468,566
7768,468,567
7769,469,482
7770,469,483
7771,469,484
7772,469,485
7773,469,486
7774,469,487
7775,469,488
7776,469,489
7777,469,490
7778,469,491
7779,469,492
7780,469,493
7781,469,494
7782,469,495
7783,469,496
7784,469,497
7785,469,498
7786,469,499
7787,469,500
7788,469,501
7789,469,502
7790,469,503
7791,469,504
7792,469,505
7793,469,506
7794,469,507
7795,469,508
7796,469,509
7797,469,510
7798,469,511
7799,469,512
7800,469,513
7801,469,514
7802,469,515
7803,469,516
7804,469,517
7805,469,518
7806,469,519
7807,469,520
7808,469,521
7809,469,522
7810,469,523
7811,469,524
7812,469,525
7813,469,526
7814,469,527
7815,469,528
7816,469,529
7817,469,530
7818,469,531
7819,469,532
7820,469,533
7821,469,534
7822,469,535
7823,469,536
7824,469,537
7825,469,538
7826,469,539
7827,469,540
7828,469,541
7829,469,542
7830,469,543
7831,469,544
7832,469,545
7833,469,546
7834,469,547
7835,469,548
7836,469,549
7837,469,550
7838,469,551
7839,469,552
7840,469,553
7841,469,554
7842,469,555
7843,469,556
7844,469,557
7845,469,558
7846,469,559
7847,469,560
7848,469,561
7849,469,562
7850,469,563
7851,469,564
7852,469,565
7853,469,566
7854,470,483
7855,470,484
7856,470,485
7857,470,486
7858,470,487
7859,470,488
7860,470,489
7861,470,490
7862,470,491
7863,470,492
7864,470,493
7865,470,494
7866,470,495
7867,470,496
7868,470,497
7869,470,498
7870,470,499
7871,470,500
7872,470,501
7873,470,502
7874,470,503
7875,470,504
7876,470,505
7877,470,506
7878,470,507
7879,470,508
7880,470,509
7881,470,510
7882,470,511
7883,470,512
7884,470,513
7885,470,514
7886,470,515
7887,470,516
7888,470,517
7889,470,518
7890,470,519
7891,470,520
7892,470,521
7893,470,522
7894,470,523
7895,470,524
7896,470,525
7897,470,526
7898,470,527
7899,470,528
7900,470,529
7901,470,530
7902,470,531
7903,470,532
7904,470,533
7905,470,534
7906,470,535
7907,470,536
7908,470,537
7909,470,538
7910,470,539
7911,470,540
7912,470,541
7913,470,542
7914,470,543
7915,470,544
7916,470,545
7917,470,546
7918,470,547
7919,470,548
7920,470,549
7921,470,550
7922,470,551
7923,470,552
7924,470,553
7925,470,554
7926,470,555
7927,470,556
7928,470,557
7929,470,558
7930,470,559
7931,470,560
7932,470,561
7933,470,562
7934,470,563
7935,470,564
7936,470,565
7937,471,484
7938,471,485
7939,471,486
7940,471,487
7941,471,488
7942,471,489
7943,471,490
7944,471,491
7945,471,492
7946,471,493
7947,471,494
7948,471,495
7949,471,496
7950,471,497
7951,471,498
7952,471,499
7953,471,500
7954,471,501
7955,471,502
7956,471,503
7957,471,504
7958,471,505
7959,471,506
7960,471,507
7961,471,508
7962,471,509
7963,471,510
7964,471,511
7965,471,512
7966,471,513
7967,471,514
7968,471,515
7969,471,516
7970,471,517
7971,471,518
7972,471,519
7973,471,520
7974,471,521
7975,471,522
7976,471,523
7977,471,524
7978,471,525
7979,471,526
7980,471,527
7981,471,528
7982,471,529
7983,471,530
7984,471,531
7985,471,532
7986,471,533
7987,471,534
7988,471,535
7989,471,536
7990,471,537
7991,471,538
7992,471,539
7993,471,540
7994,471,541
7995,471,542
7996,471,543
7997,471,544
7998,471,545
7999,471,546
8000,471,547
8001,471,548
8002,471,549
8003,471,550
8004,471,551
8005,471,552
8006,471,553
8007,471,554
8008,471,555
8009,471,556
8010,471,557
8011,471,558
8012,471,559
8013,471,560
8014,471,561
8015,471,562
8016,471,563
8017,471,564
8018,472,484
8019,472,485
8020,472,486
8021,472,487
8022,472,488
8023,472,489
8024,472,490
8025,472,491
8026,472,492
8027,472,493
8028,472,494
8029,472,495
8030,472,496
8031,472,497
8032,472,498
8033,472,499
8034,472,500
8035,472,501
8036,472,502
8037,472,503
8038,472,504
8039,472,505
8040,472,506
8041,472,507
8042,472,508
8043,472,509
8044,472,510
8045,472,511
8046,472,512
8047,472,513
8048,472,514
8049,472,515
8050,472,516
8051,472,517
8052,472,518
8053,472,519
8054,472,520
8055,472,521
8056,472,522
8057,472,523
8058,472,524
8059,472,525
8060,472,526
8061,472,527
8062,472,528
8063,472,529
8064,472,530
8065,472,531
8066,472,532
8067,472,533
8068,472,534
8069,472,535
8070,472,536
8071,472,537
8072,472,538
8073,472,539
8074,472,540
8075,472,541
8076,472,542
8077,472,543
8078,472,544
8079,472,545
8080,472,546
8081,472,547
8082,472,548
8083,472,549
8084,472,550
8085,472,551
8086,472,552
8087,472,553
8088,472,554
8089,472,555
8090,472,556
8091,472,557
8092,472,558
8093,472,559
8094,472,560
8095,472,561
8096,472,562
8097,472,563
8098,473,486
8099,473,487
8100,473,488
8101,473,489
8102,473,490
8103,473,491
8104,473,492
8105,473,493
8106,473,494
8107,473,495
8108,473,496
8109,473,497
8110,473,498
8111,473,499
8112,473,500
8113,473,501
8114,473,502
8115,473,503
8116,473,504
8117,473,505
8118,473,506
8119,473,507
8120,473,508
8121,473,509
8122,473,510
8123,473,511
8124,473,512
8125,473,513
8126,473,514
8127,473,515
8128,473,516
8129,473,517
8130,473,518
8131,473,519
8132,473,520
8133,473,521
8134,473,522
8135,473,523
8136,473,524
8137,473,525
8138,473,526
8139,473,527
8140,473,528
8141,473,529
8142,473,530
8143,473,531
8144,473,532
8145,473,533
8146,473,534
8147,473,535
8148,473,536
8149,473,537
8150,473,538
8151,473,539
8152,473,540
8153,473,541
8154,473,542
8155,473,543
8156,473,544
8157,473,545
8158,473,546
8159,473,547
8160,473,548
8161,473,549
8162,473,550
8163,473,551
8164,473,552
8165,473,553
8166,473,554
8167,473,555
8168,473,556
8169,473,557
8170,473,558
8171,473,559
8172,473,560
8173,473,561
8174,473,562
8175,474,487
8176,474,488
8177,474,489
8178,474,490
8179,474,491
8180,474,492
8181,474,493
8182,474,494
8183,474,495
8184,474,496
8185,474,497
8186,474,498
8187,474,499
8188,474,500
8189,474,501
8190,474,502
8191,474,503
8192,474,504
8193,474,505
8194,474,506
8195,474,507
8196,474,508
8197,474,509
8198,474,510
8199,474,511
8200,474,512
8201,474,513
8202,474,514
8203,474,515
8204,474,516
8205,474,517
8206,474,518
8207,474,519
8208,474,520
8209,474,521
8210,474,522
8211,474,523
8212,474,524
8213,474,525
8214,474,526
8215,474,527
8216,474,528
8217,474,529
8218,474,530
8219,474,531
8220,474,532
8221,474,533
8222,474,534
8223,474,535
8224,474,536
8225,474,537
8226,474,538
8227,474,539
8228,474,540
8229,474,541
8230,474,542
8231,474,543
8232,474,544
8233,474,545
8234,474,546
8235,474,547
8236,474,548
8237,474,549
8238,474,550
8239,474,551
8240,474,552
8241,474,553
8242,474,554
8243,474,555
8244,474,556
8245,474,557
8246,474,558
8247,474,559
8248,474,560
8249,474,561
8250,475,489
8251,475,490
8252,475,491
8253,475,492
8254,475,493
8255,475,494
8256,475,495
8257,475,496
8258,475,497
8259,475,498
8260,475,499
8261,475,500
8262,475,501
8263,475,502
8264,475,503
8265,475,504
8266,475,505
8267,475,506
8268,475,507
8269,475,508
8270,475,509
8271,475,510
8272,475,511
8273,475,512
8274,475,513
8275,475,514
8276,475,515
8277,475,516
8278,475,517
8279,475,518
8280,475,519
8281,475,520
8282,475,521
8283,475,522
8284,475,523
8285,475,524
8286,475,525
8287,475,526
8288,475,527
8289,475,528
8290,475,529
8291,475,530
8292,475,531
8293,475,532
8294,475,533
8295,475,534
8296,475,535
8297,475,536
8298,475,537
8299,475,538
8300,475,539
8301,475,540
8302,475,541
8303,475,542
8304,475,543
8305,475,544
8306,475,545
8307,475,546
8308,475,547
8309,475,548
8310,475,549
8311,475,550
8312,475,551
8313,475,552
8314,475,553
8315,475,554
8316,475,555
8317,475,556
8318,475,557
8319,475,558
8320,475,559
8321,475,560
8322,476,490
8323,476,491
8324,476,492
8325,476,493
8326,476,494
8327,476,495
8328,476,496
8329,476,497
8330,476,498
8331,476,499
8332,476,500
8333,476,501
8334,476,502
8335,476,503
8336,476,504
8337,476,505
8338,476,506
8339,476,507
8340,476,508
8341,476,509
8342,476,510
8343,476,511
8344,476,512
8345,476,513
8346,476,514
8347,476,515
8348,476,516
8349,476,517
8350,476,518
8351,476,519
8352,476,520
8353,476,521
8354,476,522
8355,476,523
8356,476,524
8357,476,525
8358,476,526
8359,476,527
8360,476,528
8361,476,529
8362,476,530
8363,476,531
8364,476,532
8365,476,533
8366,476,534
8367,476,535
8368,476,536
8369,476,537
8370,476,538
8371,476,539
8372,476,540
8373,476,541
8374,476,542
8375,476,543
8376,476,544
8377,476,545
8378,476,546
8379,476,547
8380,476,548
8381,476,549
8382,476,550
8383,476,551
8384,476,552
8385,476,553
8386,476,554
8387,476,555
8388,476,556
8389,476,557
8390,476,558
8391,476,559
8392,477,492
8393,477,493
8394,477,494
8395,477,495
8396,477,496
8397,477,497
8398,477,498
8399,477,499
8400,477,500
8401,477,501
8402,477,502
8403,477,503
8404,477,504
8405,477,505
8406,477,506
8407,477,507
8408,477,508
8409,477,509
8410,477,510
8411,477,511
8412,477,512
8413,477,513
8414,477,514
8415,477,515
8416,477,516
8417,477,517
8418,477,518
8419,477,519
8420,477,520
8421,477,521
8422,477,522
8423,477,523
8424,477,524
8425,477,525
8426,477,526
8427,477,527
8428,477,528
8429,477,529
8430,477,530
8431,477,531
8432,477,532
8433,477,533
8434,477,534
8435,477,535
8436,477,536
8437,477,537
8438,477,538
8439,477,539
8440,477,540
8441,477,541
8442,477,542
8443,477,543
8444,477,544
8445,477,545
8446,477,546
8447,477,547
8448,477,548
8449,477,549
8450,477,550
8451,477,551
8452,477,552
8453,477,553
8454,477,554
8455,477,555
8456,477,556
8457,477,557
8458,478,494
8459,478,495
8460,478,496
8461,478,497
8462,478,498
8463,478,499
8464,478,500
8465,478,501
8466,478,502
8467,478,503
8468,478,504
8469,478,505
8470,478,506
8471,478,507
8472,478,508
8473,478,509
8474,478,510
8475,478,511
8476,478,512
8477,478,513
8478,478,514
8479,478,515
8480,478,516
8481,478,517
8482,478,518
8483,478,519
8484,478,520
8485,478,521
8486,478,522
8487,478,523
8488,478,524
8489,478,525
8490,478,526
8491,478,527
8492,478,528
8493,478,529
8494,478,530
8495,478,531
8496,478,532
8497,478,533
8498,478,534
8499,478,535
8500,478,536
8501,478,537
8502,478,538
8503,478,539
8504,478,540
8505,478,541
8506,478,542
8507,478,543
8508,478,544
8509,478,545
8510,478,546
8511,478,547
8512,478,548
8513,478,549
8514,478,550
8515,478,551
8516,478,552
8517,478,553
8518,478,554
8519,478,555
8520,479,495
8521,479,496
8522,479,497
8523,479,498
8524,479,499
8525,479,500
8526,479,501
8527,479,502
8528,479,503
8529,479,504
8530,479,505
8531,479,506
8532,479,507
8533,479,508
8534,479,509
8535,479,510
8536,479,511
8537,479,512
8538,479,513
8539,479,514
8540,479,515
8541,479,516
8542,479,517
8543,479,518
8544,479,519
8545,479,520
8546,479,521
8547,479,522
8548,479,523
8549,479,524
8550,479,525
8551,479,526
8552,479,527
8553,479,528
8554,479,529
8555,479,530
8556,479,531
8557,479,532
8558,479,533
8559,479,534
8560,479,535
8561,479,536
8562,479,537
8563,479,538
8564,479,539
8565,479,540
8566,479,541
8567,479,542
8568,479,543
8569,479,544
8570,479,545
8571,479,546
8572,479,547
8573,479,548
8574,479,549
8575,479,550
8576,479,551
8577,479,552
8578,479,553
8579,480,497
8580,480,498
8581,480,499
8582,480,500
8583,480,501
8584,480,502
8585,480,503
8586,480,504
8587,480,505
8588,480,506
8589,480,507
8590,480,508
8591,480,509
8592,480,510
8593,480,511
8594,480,512
8595,480,513
8596,480,514
8597,480,515
8598,480,516
8599,480,517
8600,480,518
8601,480,519
8602,480,520
8603,480,521
8604,480,522
8605,480,523
8606,480,524
8607,480,525
8608,480,526
8609,480,527
8610,480,528
8611,480,529
8612,480,530
8613,480,531
8614,480,532
8615,480,533
8616,480,534
8617,480,535
8618,480,536
8619,480,537
8620,480,538
8621,480,539
8622,480,540
8623,480,541
8624,480,542
8625,480,543
8626,480,544
8627,480,545
8628,480,546
8629,480,547
8630,480,548
8631,480,549
8632,480,550
8633,480,551
8634,481,499
8635,481,500
8636,481,501
8637,481,502
8638,481,503
8639,481,504
8640,481,505
8641,481,506
8642,481,507
8643,481,508
8644,481,509
8645,481,510
8646,481,511
8647,481,512
8648,481,513
8649,481,514
8650,481,515
8651,481,516
8652,481,517
8653,481,518
8654,481,519
8655,481,520
8656,481,521
8657,481,522
8658,481,523
8659,481,524
8660,481,525
8661,481,526
8662,481,527
8663,481,528
8664,481,529
8665,481,530
8666,481,531
8667,481,532
8668,481,533
8669,481,534
8670,481,535
8671,481,536
8672,481,537
8673,481,538
8674,481,539
8675,481,540
8676,481,541
8677,481,542
8678,481,543
8679,481,544
8680,481,545
8681,481,546
8682,481,547
8683,481,548
8684,481,549
8685,482,501
8686,482,502
8687,482,503
8688,482,504
8689,482,505
8690,482,506
8691,482,507
8692,482,508
8693,482,509
8694,482,510
8695,482,511
8696,482,512
8697,482,513
8698,482,514
8699,482,515
8700,482,516
8701,482,517
8702,482,518
8703,482,519
8704,482,520
8705,482,521
8706,482,522
8707,482,523
8708,482,524
8709,482,525
8710,482,526
8711,482,527
8712,482,528
8713,482,529
8714,482,530
8715,482,531
8716,482,532
8717,482,533
8718,482,534
8719,482,535
8720,482,536
8721,482,537
8722,482,538
8723,482,539
8724,482,540
8725,482,541
8726,482,542
8727,482,543
8728,482,544
8729,482,545
8730,482,546
8731,482,547
8732,483,503
8733,483,504
8734,483,505
8735,483,506
8736,483,507
8737,483,508
8738,483,509
8739,483,510
8740,483,511
8741,483,512
8742,483,513
8743,483,514
8744,483,515
8745,483,516
8746,483,517
8747,483,518
8748,483,519
8749,483,520
8750,483,521
8751,483,522
8752,483,523
8753,483,524
8754,483,525
8755,483,526
8756,483,527
8757,483,528
8758,483,529
8759,483,530
8760,483,531
8761,483,532
8762,483,533
8763,483,534
8764,483,535
8765,483,536
8766,483,537
8767,483,538
8768,483,539
8769,483,540
8770,483,541
8771,483,542
8772,483,543
8773,483,544
8774,483,545
8775,483,546
8776,484,505
8777,484,506
8778,484,507
8779,484,508
8780,484,509
8781,484,510
8782,484,511
8783,484,512
8784,484,513
8785,484,514
8786,484,515
8787,484,516
8788,484,517
8789,484,518
8790,484,519
8791,484,520
8792,484,521
8793,484,522
8794,484,523
8795,484,524
8796,484,525
8797,484,526
8798,484,527
8799,484,528
8800,484,529
8801,484,530
8802,484,531
8803,484,532
8804,484,533
8805,484,534
8806,484,535
8807,484,536
8808,484,537
8809,484,538
8810,484,539
8811,484,540
8812,484,541
8813,484,542
8814,484,543
8815,484,544
8816,485,507
8817,485,508
8818,485,509
8819,485,510
8820,485,511
8821,485,512
8822,485,513
8823,485,514
8824,485,515
8825,485,516
8826,485,517
8827,485,518
8828,485,519
8829,485,520
8830,485,521
8831,485,522
8832,485,523
8833,485,524
8834,485,525
8835,485,526
8836,485,527
8837,485,528
8838,485,529
8839,485,530
8840,485,531
8841,485,532
8842,485,533
8843,485,534
8844,485,535
8845,485,536
8846,485,537
8847,485,538
8848,485,539
8849,485,540
8850,486,510
8851,486,511
8852,486,512
8853,486,513
8854,486,514
8855,486,515
8856,486,516
8857,486,517
8858,486,518
8859,486,519
8860,486,520
8861,486,521
8862,486,522
8863,486,523
8864,486,524
8865,486,525
8866,486,526
8867,486,527
8868,486,528
8869,486,529
8870,486,530
8871,486,531
8872,486,532
8873,486,533
8874,486,534
8875,486,535
8876,486,536
8877,487,516
8878,487,517
8879,487,518
8880,487,519
8881,487,520
8882,487,521
8883,487,522
8884,487,523
8885,487,524
8886,487,525
8887,487,526
8888,487,527
8889,487,528
8890,487,529
8891,487,530
8892,487,531
