index,y,x
0,189,454
1,190,452
2,190,453
3,190,454
4,190,455
5,190,456
6,190,457
7,190,458
8,191,450
9,191,451
10,191,452
11,191,453
12,191,454
13,191,455
14,191,456
15,191,457
16,191,458
17,191,459
18,191,460
19,192,449
20,192,450
21,192,451
22,192,452
23,192,453
24,192,454
25,192,455
26,192,456
27,192,457
28,192,458
29,192,459
30,192,460
31,193,448
32,193,449
33,193,450
34,193,451
35,193,452
36,193,453
37,193,454
38,193,455
39,193,456
40,193,457
41,193,458
42,193,459
43,193,460
44,194,447
45,194,448
46,194,449
47,194,450
48,194,451
49,194,452
50,194,453
51,194,454
52,194,455
53,194,456
54,194,457
55,194,458
56,194,459
57,194,460
58,195,446
59,195,447
60,195,448
61,195,449
62,195,450
63,195,451
64,195,452
65,195,453
66,195,454
67,195,455
68,195,456
69,195,457
70,195,458
71,195,459
72,195,460
73,196,445
74,196,446
75,196,447
76,196,448
77,196,449
78,196,450
79,196,451
80,196,452
81,196,453
82,196,454
83,196,455
84,196,456
85,196,457
86,196,458
87,196,459
88,196,460
89,196,461
90,197,443
91,197,444
92,197,445
93,197,446
94,197,447
95,197,448
96,197,449
97,197,450
98,197,451
99,197,452
100,197,453
101,197,454
102,197,455
103,197,456
104,197,457
105,197,458
106,197,459
107,197,460
108,197,461
109,198,442
110,198,443
111,198,444
112,198,445
113,198,446
114,198,447
115,198,448
116,198,449
117,198,450
118,198,451
119,198,452
120,198,453
121,198,454
122,198,455
123,198,456
124,198,457
125,198,458
126,198,459
127,198,460
128,198,461
129,198,462
130,199,441
131,199,442
132,199,443
133,199,444
134,199,445
135,199,446
136,199,447
137,199,448
138,199,449
139,199,450
140,199,451
141,199,452
142,199,453
143,199,454
144,199,455
145,199,456
146,199,457
147,199,458
148,199,459
149,199,460
150,199,461
151,199,462
152,200,440
153,200,441
154,200,442
155,200,443
156,200,444
157,200,445
158,200,446
159,200,447
160,200,448
161,200,449
162,200,450
163,200,451
164,200,452
165,200,453
166,200,454
167,200,455
168,200,456
169,200,457
170,200,458
171,200,459
172,200,460
173,200,461
174,200,462
175,201,440
176,201,441
177,201,442
178,201,443
179,201,444
180,201,445
181,201,446
182,201,447
183,201,448
184,201,449
185,201,450
186,201,451
187,201,452
188,201,453
189,201,454
190,201,455
191,201,456
192,201,457
193,201,458
194,201,459
195,201,460
196,201,461
197,201,462
198,202,440
199,202,441
200,202,442
201,202,443
202,202,444
203,202,445
204,202,446
205,202,447
206,202,448
207,202,449
208,202,450
209,202,451
210,202,452
211,202,453
212,202,454
213,202,455
214,202,456
215,202,457
216,202,458
217,202,459
218,202,460
219,202,461
220,202,462
221,203,439
222,203,440
223,203,441
224,203,442
225,203,443
226,203,444
227,203,445
228,203,446
229,203,447
230,203,448
231,203,449
232,203,450
233,203,451
234,203,452
235,203,453
236,203,454
237,203,455
238,203,456
239,203,457
240,203,458
241,203,459
242,203,460
243,203,461
244,203,462
245,204,439
246,204,440
247,204,441
248,204,442
249,204,443
250,204,444
251,204,445
252,204,446
253,204,447
254,204,448
255,204,449
256,204,450
257,204,451
258,204,452
259,204,453
260,204,454
261,204,455
262,204,456
263,204,457
264,204,458
265,204,459
266,204,460
267,204,461
268,204,462
269,204,463
270,205,439
271,205,440
272,205,441
273,205,442
274,205,443
275,205,444
276,205,445
277,205,446
278,205,447
279,205,448
280,205,449
281,205,450
282,205,451
283,205,452
284,205,453
285,205,454
286,205,455
287,205,456
288,205,457
289,205,458
290,205,459
291,205,460
292,205,461
293,205,462
294,205,463
295,206,439
296,206,440
297,206,441
298,206,442
299,206,443
300,206,444
301,206,445
302,206,446
303,206,447
304,206,448
305,206,449
306,206,450
307,206,451
308,206,452
309,206,453
310,206,454
311,206,455
312,206,456
313,206,457
314,206,458
315,206,459
316,206,460
317,206,461
318,206,462
319,206,463
320,207,439
321,207,440
322,207,441
323,207,442
324,207,443
325,207,444
326,207,445
327,207,446
328,207,447
329,207,448
330,207,449
331,207,450
332,207,451
333,207,452
334,207,453
335,207,454
336,207,455
337,207,456
338,207,457
339,207,458
340,207,459
341,207,460
342,207,461
343,207,462
344,207,463
345,208,438
346,208,439
347,208,440
348,208,441
349,208,442
350,208,443
351,208,444
352,208,445
353,208,446
354,208,447
355,208,448
356,208,449
357,208,450
358,208,451
359,208,452
360,208,453
361,208,454
362,208,455
363,208,456
364,208,457
365,208,458
366,208,459
367,208,460
368,208,461
369,208,462
370,208,463
371,208,464
372,209,438
373,209,439
374,209,440
375,209,441
376,209,442
377,209,443
378,209,444
379,209,445
380,209,446
381,209,447
382,209,448
383,209,449
384,209,450
385,209,451
386,209,452
387,209,453
388,209,454
389,209,455
390,209,456
391,209,457
392,209,458
393,209,459
394,209,460
395,209,461
396,209,462
397,209,463
398,209,464
399,210,438
400,210,439
401,210,440
402,210,441
403,210,442
404,210,443
405,210,444
406,210,445
407,210,446
408,210,447
409,210,448
410,210,449
411,210,450
412,210,451
413,210,452
414,210,453
415,210,454
416,210,455
417,210,456
418,210,457
419,210,458
420,210,459
421,210,460
422,210,461
423,210,462
424,210,463
425,210,464
426,211,438
427,211,439
428,211,440
429,211,441
430,211,442
431,211,443
432,211,444
433,211,445
434,211,446
435,211,447
436,211,448
437,211,449
438,211,450
439,211,451
440,211,452
441,211,453
442,211,454
443,211,455
444,211,456
445,211,457
446,211,458
447,211,459
448,211,460
449,211,461
450,211,462
451,211,463
452,211,464
453,212,438
454,212,439
455,212,440
456,212,441
457,212,442
458,212,443
459,212,444
460,212,445
461,212,446
462,212,447
463,212,448
464,212,449
465,212,450
466,212,451
467,212,452
468,212,453
469,212,454
470,212,455
471,212,456
472,212,457
473,212,458
474,212,459
475,212,460
476,212,461
477,212,462
478,212,463
479,212,464
480,213,438
481,213,439
482,213,440
483,213,441
484,213,442
485,213,443
486,213,444
487,213,445
488,213,446
489,213,447
490,213,448
491,213,449
492,213,450
493,213,451
494,213,452
495,213,453
496,213,454
497,213,455
498,213,456
499,213,457
500,213,458
501,213,459
502,213,460
503,213,461
504,213,462
505,213,463
506,213,464
507,214,438
508,214,439
509,214,440
510,214,441
511,214,442
512,214,443
513,214,444
514,214,445
515,214,446
516,214,447
517,214,448
518,214,449
519,214,450
520,214,451
521,214,452
522,214,453
523,214,454
524,214,455
525,214,456
526,214,457
527,214,458
528,214,459
529,214,460
530,214,461
531,214,462
532,214,463
533,214,464
534,215,438
535,215,439
536,215,440
537,215,441
538,215,442
539,215,443
540,215,444
541,215,445
542,215,446
543,215,447
544,215,448
545,215,449
546,215,450
547,215,451
548,215,452
549,215,453
550,215,454
551,215,455
552,215,456
553,215,457
554,215,458
555,215,459
556,215,460
557,215,461
558,215,462
559,215,463
560,215,464
561,216,438
562,216,439
563,216,440
564,216,441
565,216,442
566,216,443
567,216,444
568,216,445
569,216,446
570,216,447
571,216,448
572,216,449
573,216,450
574,216,451
575,216,452
576,216,453
577,216,454
578,216,455
579,216,456
580,216,457
581,216,458
582,216,459
583,216,460
584,216,461
585,216,462
586,216,463
587,216,464
588,217,437
589,217,438
590,217,439
591,217,440
592,217,441
593,217,442
594,217,443
595,217,444
596,217,445
597,217,446
598,217,447
599,217,448
600,217,449
601,217,450
602,217,451
603,217,452
604,217,453
605,217,454
606,217,455
607,217,456
608,217,457
609,217,458
610,217,459
611,217,460
612,217,461
613,217,462
614,217,463
615,217,464
616,217,465
617,218,437
618,218,438
619,218,439
620,218,440
621,218,441
622,218,442
623,218,443
624,218,444
625,218,445
626,218,446
627,218,447
628,218,448
629,218,449
630,218,450
631,218,451
632,218,452
633,218,453
634,218,454
635,218,455
636,218,456
637,218,457
638,218,458
639,218,459
640,218,460
641,218,461
642,218,462
643,218,463
644,218,464
645,218,465
646,219,434
647,219,435
648,219,436
649,219,437
650,219,438
651,219,439
652,219,440
653,219,441
654,219,442
655,219,443
656,219,444
657,219,445
658,219,446
659,219,447
660,219,448
661,219,449
662,219,450
663,219,451
664,219,452
665,219,453
666,219,454
667,219,455
668,219,456
669,219,457
670,219,458
671,219,459
672,219,460
673,219,461
674,219,462
675,219,463
676,219,464
677,219,465
678,220,434
679,220,435
680,220,436
681,220,437
682,220,438
683,220,439
684,220,440
685,220,441
686,220,442
687,220,443
688,220,444
689,220,445
690,220,446
691,220,447
692,220,448
693,220,449
694,220,450
695,220,451
696,220,452
697,220,453
698,220,454
699,220,455
700,220,456
701,220,457
702,220,458
703,220,459
704,220,460
705,220,461
706,220,462
707,220,463
708,220,464
709,220,465
710,221,434
711,221,435
712,221,436
713,221,437
714,221,438
715,221,439
716,221,440
717,221,441
718,221,442
719,221,443
720,221,444
721,221,445
722,221,446
723,221,447
724,221,448
725,221,449
726,221,450
727,221,451
728,221,452
729,221,453
730,221,454
731,221,455
732,221,456
733,221,457
734,221,458
735,221,459
736,221,460
737,221,461
738,221,462
739,221,463
740,221,464
741,221,465
742,222,434
743,222,435
744,222,436
745,222,437
746,222,438
747,222,439
748,222,440
749,222,441
750,222,442
751,222,443
752,222,444
753,222,445
754,222,446
755,222,447
756,222,448
757,222,449
758,222,450
759,222,451
760,222,452
761,222,453
762,222,454
763,222,455
764,222,456
765,222,457
766,222,458
767,222,459
768,222,460
769,222,461
770,222,462
771,222,463
772,222,464
773,222,465
774,223,434
775,223,435
776,223,436
777,223,437
778,223,438
779,223,439
780,223,440
781,223,441
782,223,442
783,223,443
784,223,444
785,223,445
786,223,446
787,223,447
788,223,448
789,223,449
790,223,450
791,223,451
792,223,452
793,223,453
794,223,454
795,223,455
796,223,456
797,223,457
798,223,458
799,223,459
800,223,460
801,223,461
802,223,462
803,223,463
804,223,464
805,223,465
806,224,433
807,224,434
808,224,435
809,224,436
810,224,437
811,224,438
812,224,439
813,224,440
814,224,441
815,224,442
816,224,443
817,224,444
818,224,445
819,224,446
820,224,447
821,224,448
822,224,449
823,224,450
824,224,451
825,224,452
826,224,453
827,224,454
828,224,455
829,224,456
830,224,457
831,224,458
832,224,459
833,224,460
834,224,461
835,224,462
836,224,463
837,224,464
838,224,465
839,225,433
840,225,434
841,225,435
842,225,436
843,225,437
844,225,438
845,225,439
846,225,440
847,225,441
848,225,442
849,225,443
850,225,444
851,225,445
852,225,446
853,225,447
854,225,448
855,225,449
856,225,450
857,225,451
858,225,452
859,225,453
860,225,454
861,225,455
862,225,456
863,225,457
864,225,458
865,225,459
866,225,460
867,225,461
868,225,462
869,225,463
870,225,464
871,225,465
872,225,466
873,225,513
874,225,514
875,225,515
876,226,433
877,226,434
878,226,435
879,226,436
880,226,437
881,226,438
882,226,439
883,226,440
884,226,441
885,226,442
886,226,443
887,226,444
888,226,445
889,226,446
890,226,447
891,226,448
892,226,449
893,226,450
894,226,451
895,226,452
896,226,453
897,226,454
898,226,455
899,226,456
900,226,457
901,226,458
902,226,459
903,226,460
904,226,461
905,226,462
906,226,463
907,226,464
908,226,465
909,226,466
910,226,495
911,226,496
912,226,497
913,226,498
914,226,499
915,226,500
916,226,501
917,226,502
918,226,503
919,226,504
920,226,505
921,226,506
922,226,507
923,226,508
924,226,509
925,226,510
926,226,511
927,226,512
928,226,513
929,226,514
930,226,515
931,226,516
932,226,517
933,226,518
934,226,519
935,226,520
936,226,521
937,226,522
938,226,529
939,226,530
940,226,531
941,226,532
942,226,533
943,226,557
944,226,558
945,226,559
946,226,565
947,226,566
948,227,432
949,227,433
950,227,434
951,227,435
952,227,436
953,227,437
954,227,438
955,227,439
956,227,440
957,227,441
958,227,442
959,227,443
960,227,444
961,227,445
962,227,446
963,227,447
964,227,448
965,227,449
966,227,450
967,227,451
968,227,452
969,227,453
970,227,454
971,227,455
972,227,456
973,227,457
974,227,458
975,227,459
976,227,460
977,227,461
978,227,462
979,227,463
980,227,464
981,227,465
982,227,466
983,227,490
984,227,491
985,227,492
986,227,493
987,227,494
988,227,495
989,227,496
990,227,497
991,227,498
992,227,499
993,227,500
994,227,501
995,227,502
996,227,503
997,227,504
998,227,505
999,227,506
1000,227,507
1001,227,508
1002,227,509
1003,227,510
1004,227,511
1005,227,512
1006,227,513
1007,227,514
1008,227,515
1009,227,516
1010,227,517
1011,227,518
1012,227,519
1013,227,520
1014,227,521
1015,227,522
1016,227,523
1017,227,524
1018,227,525
1019,227,526
1020,227,527
1021,227,528
1022,227,529
1023,227,530
1024,227,531
1025,227,532
1026,227,533
1027,227,534
1028,227,535
1029,227,536
1030,227,537
1031,227,538
1032,227,539
1033,227,540
1034,227,541
1035,227,542
1036,227,543
1037,227,544
1038,227,545
1039,227,546
1040,227,547
1041,227,548
1042,227,549
1043,227,550
1044,227,551
1045,227,555
1046,227,556
1047,227,557
1048,227,558
1049,227,559
1050,227,560
1051,227,561
1052,227,562
1053,227,563
1054,227,564
1055,227,565
1056,227,566
1057,227,567
1058,227,568
1059,227,569
1060,227,570
1061,228,431
1062,228,432
1063,228,433
1064,228,434
1065,228,435
1066,228,436
1067,228,437
1068,228,438
1069,228,439
1070,228,440
1071,228,441
1072,228,442
1073,228,443
1074,228,444
1075,228,445
1076,228,446
1077,228,447
1078,228,448
1079,228,449
1080,228,450
1081,228,451
1082,228,452
1083,228,453
1084,228,454
1085,228,455
1086,228,456
1087,228,457
1088,228,458
1089,228,459
1090,228,460
1091,228,461
1092,228,462
1093,228,463
1094,228,464
1095,228,465
1096,228,466
1097,228,488
1098,228,489
1099,228,490
1100,228,491
1101,228,492
1102,228,493
1103,228,494
1104,228,495
1105,228,496
1106,228,497
1107,228,498
1108,228,499
1109,228,500
1110,228,501
1111,228,502
1112,228,503
1113,228,504
1114,228,505
1115,228,506
1116,228,507
1117,228,508
1118,228,509
1119,228,510
1120,228,511
1121,228,512
1122,228,513
1123,228,514
1124,228,515
1125,228,516
1126,228,517
1127,228,518
1128,228,519
1129,228,520
1130,228,521
1131,228,522
1132,228,523
1133,228,524
1134,228,525
1135,228,526
1136,228,527
1137,228,528
1138,228,529
1139,228,530
1140,228,531
1141,228,532
1142,228,533
1143,228,534
1144,228,535
1145,228,536
1146,228,537
1147,228,538
1148,228,539
1149,228,540
1150,228,541
1151,228,542
1152,228,543
1153,228,544
1154,228,545
1155,228,546
1156,228,547
1157,228,548
1158,228,549
1159,228,550
1160,228,551
1161,228,552
1162,228,553
1163,228,554
1164,228,555
1165,228,556
1166,228,557
1167,228,558
1168,228,559
1169,228,560
1170,228,561
1171,228,562
1172,228,563
1173,228,564
1174,228,565
1175,228,566
1176,228,567
1177,228,568
1178,228,569
1179,228,570
1180,228,571
1181,228,572
1182,228,573
1183,229,431
1184,229,432
1185,229,433
1186,229,434
1187,229,435
1188,229,436
1189,229,437
1190,229,438
1191,229,439
1192,229,440
1193,229,441
1194,229,442
1195,229,443
1196,229,444
1197,229,445
1198,229,446
1199,229,447
1200,229,448
1201,229,449
1202,229,450
1203,229,451
1204,229,452
1205,229,453
1206,229,454
1207,229,455
1208,229,456
1209,229,457
1210,229,458
1211,229,459
1212,229,460
1213,229,461
1214,229,462
1215,229,463
1216,229,464
1217,229,465
1218,229,466
1219,229,487
1220,229,488
1221,229,489
1222,229,490
1223,229,491
1224,229,492
1225,229,493
1226,229,494
1227,229,495
1228,229,496
1229,229,497
1230,229,498
1231,229,499
1232,229,500
1233,229,501
1234,229,502
1235,229,503
1236,229,504
1237,229,505
1238,229,506
1239,229,507
1240,229,508
1241,229,509
1242,229,510
1243,229,511
1244,229,512
1245,229,513
1246,229,514
1247,229,515
1248,229,516
1249,229,517
1250,229,518
1251,229,519
1252,229,520
1253,229,521
1254,229,522
1255,229,523
1256,229,524
1257,229,525
1258,229,526
1259,229,527
1260,229,528
1261,229,529
1262,229,530
1263,229,531
1264,229,532
1265,229,533
1266,229,534
1267,229,535
1268,229,536
1269,229,537
1270,229,538
1271,229,539
1272,229,540
1273,229,541
1274,229,542
1275,229,543
1276,229,544
1277,229,545
1278,229,546
1279,229,547
1280,229,548
1281,229,549
1282,229,550
1283,229,551
1284,229,552
1285,229,553
1286,229,554
1287,229,555
1288,229,556
1289,229,557
1290,229,558
1291,229,559
1292,229,560
1293,229,561
1294,229,562
1295,229,563
1296,229,564
1297,229,565
1298,229,566
1299,229,567
1300,229,568
1301,229,569
1302,229,570
1303,229,571
1304,229,572
1305,229,573
1306,229,574
1307,229,575
1308,230,430
1309,230,431
1310,230,432
1311,230,433
1312,230,434
1313,230,435
1314,230,436
1315,230,437
1316,230,438
1317,230,439
1318,230,440
1319,230,441
1320,230,442
1321,230,443
1322,230,444
1323,230,445
1324,230,446
1325,230,447
1326,230,448
1327,230,449
1328,230,450
1329,230,451
1330,230,452
1331,230,453
1332,230,454
1333,230,455
1334,230,456
1335,230,457
1336,230,458
1337,230,459
1338,230,460
1339,230,461
1340,230,462
1341,230,463
1342,230,464
1343,230,465
1344,230,466
1345,230,467
1346,230,487
1347,230,488
1348,230,489
1349,230,490
1350,230,491
1351,230,492
1352,230,493
1353,230,494
1354,230,495
1355,230,496
1356,230,497
1357,230,498
1358,230,499
1359,230,500
1360,230,501
1361,230,502
1362,230,503
1363,230,504
1364,230,505
1365,230,506
1366,230,507
1367,230,508
1368,230,509
1369,230,510
1370,230,511
1371,230,512
1372,230,513
1373,230,514
1374,230,515
1375,230,516
1376,230,517
1377,230,518
1378,230,519
1379,230,520
1380,230,521
1381,230,522
1382,230,523
1383,230,524
1384,230,525
1385,230,526
1386,230,527
1387,230,528
1388,230,529
1389,230,530
1390,230,531
1391,230,532
1392,230,533
1393,230,534
1394,230,535
1395,230,536
1396,230,537
1397,230,538
1398,230,539
1399,230,540
1400,230,541
1401,230,542
1402,230,543
1403,230,544
1404,230,545
1405,230,546
1406,230,547
1407,230,548
1408,230,549
1409,230,550
1410,230,551
1411,230,552
1412,230,553
1413,230,554
1414,230,555
1415,230,556
1416,230,557
1417,230,558
1418,230,559
1419,230,560
1420,230,561
1421,230,562
1422,230,563
1423,230,564
1424,230,565
1425,230,566
1426,230,567
1427,230,568
1428,230,569
1429,230,570
1430,230,571
1431,230,572
1432,230,573
1433,230,574
1434,230,575
1435,230,576
1436,231,430
1437,231,431
1438,231,432
1439,231,433
1440,231,434
1441,231,435
1442,231,436
1443,231,437
1444,231,438
1445,231,439
1446,231,440
1447,231,441
1448,231,442
1449,231,443
1450,231,444
1451,231,445
1452,231,446
1453,231,447
1454,231,448
1455,231,449
1456,231,450
1457,231,451
1458,231,452
1459,231,453
1460,231,454
1461,231,455
1462,231,456
1463,231,457
1464,231,458
1465,231,459
1466,231,460
1467,231,461
1468,231,462
1469,231,463
1470,231,464
1471,231,465
1472,231,466
1473,231,467
1474,231,468
1475,231,487
1476,231,488
1477,231,489
1478,231,490
1479,231,491
1480,231,492
1481,231,493
1482,231,494
1483,231,495
1484,231,496
1485,231,497
1486,231,498
1487,231,499
1488,231,500
1489,231,501
1490,231,502
1491,231,503
1492,231,504
1493,231,505
1494,231,506
1495,231,507
1496,231,508
1497,231,509
1498,231,510
1499,231,511
1500,231,512
1501,231,513
1502,231,514
1503,231,515
1504,231,516
1505,231,517
1506,231,518
1507,231,519
1508,231,520
1509,231,521
1510,231,522
1511,231,523
1512,231,524
1513,231,525
1514,231,526
1515,231,527
1516,231,528
1517,231,529
1518,231,530
1519,231,531
1520,231,532
1521,231,533
1522,231,534
1523,231,535
1524,231,536
1525,231,537
1526,231,538
1527,231,539
1528,231,540
1529,231,541
1530,231,542
1531,231,543
1532,231,544
1533,231,545
1534,231,546
1535,231,547
1536,231,548
1537,231,549
1538,231,550
1539,231,551
1540,231,552
1541,231,553
1542,231,554
1543,231,555
1544,231,556
1545,231,557
1546,231,558
1547,231,559
1548,231,560
1549,231,561
1550,231,562
1551,231,563
1552,231,564
1553,231,565
1554,231,566
1555,231,567
1556,231,568
1557,231,569
1558,231,570
1559,231,571
1560,231,572
1561,231,573
1562,231,574
1563,231,575
1564,231,576
1565,232,429
1566,232,430
1567,232,431
1568,232,432
1569,232,433
1570,232,434
1571,232,435
1572,232,436
1573,232,437
1574,232,438
1575,232,439
1576,232,440
1577,232,441
1578,232,442
1579,232,443
1580,232,444
1581,232,445
1582,232,446
1583,232,447
1584,232,448
1585,232,449
1586,232,450
1587,232,451
1588,232,452
1589,232,453
1590,232,454
1591,232,455
1592,232,456
1593,232,457
1594,232,458
1595,232,459
1596,232,460
1597,232,461
1598,232,462
1599,232,463
1600,232,464
1601,232,465
1602,232,466
1603,232,467
1604,232,468
1605,232,487
1606,232,488
1607,232,489
1608,232,490
1609,232,491
1610,232,492
1611,232,493
1612,232,494
1613,232,495
1614,232,496
1615,232,497
1616,232,498
1617,232,499
1618,232,500
1619,232,501
1620,232,502
1621,232,503
1622,232,504
1623,232,505
1624,232,506
1625,232,507
1626,232,508
1627,232,509
1628,232,510
1629,232,511
1630,232,512
1631,232,513
1632,232,514
1633,232,515
1634,232,516
1635,232,517
1636,232,518
1637,232,519
1638,232,520
1639,232,521
1640,232,522
1641,232,523
1642,232,524
1643,232,525
1644,232,526
1645,232,527
1646,232,528
1647,232,529
1648,232,530
1649,232,531
1650,232,532
1651,232,533
1652,232,534
1653,232,535
1654,232,536
1655,232,537
1656,232,538
1657,232,539
1658,232,540
1659,232,541
1660,232,542
1661,232,543
1662,232,544
1663,232,545
1664,232,546
1665,232,547
1666,232,548
1667,232,549
1668,232,550
1669,232,551
1670,232,552
1671,232,553
1672,232,554
1673,232,555
1674,232,556
1675,232,557
1676,232,558
1677,232,559
1678,232,560
1679,232,561
1680,232,562
1681,232,563
1682,232,564
1683,232,565
1684,232,566
1685,232,567
1686,232,568
1687,232,569
1688,232,570
1689,232,571
1690,232,572
1691,232,573
1692,232,574
1693,232,575
1694,232,576
1695,232,577
1696,233,429
1697,233,430
1698,233,431
1699,233,432
1700,233,433
1701,233,434
1702,233,435
1703,233,436
1704,233,437
1705,233,438
1706,233,439
1707,233,440
1708,233,441
1709,233,442
1710,233,443
1711,233,444
1712,233,445
1713,233,446
1714,233,447
1715,233,448
1716,233,449
1717,233,450
1718,233,451
1719,233,452
1720,233,453
1721,233,454
1722,233,455
1723,233,456
1724,233,457
1725,233,458
1726,233,459
1727,233,460
1728,233,461
1729,233,462
1730,233,463
1731,233,464
1732,233,465
1733,233,466
1734,233,467
1735,233,468
1736,233,488
1737,233,489
1738,233,490
1739,233,491
1740,233,492
1741,233,493
1742,233,494
1743,233,495
1744,233,496
1745,233,497
1746,233,498
1747,233,499
1748,233,500
1749,233,501
1750,233,502
1751,233,503
1752,233,504
1753,233,505
1754,233,506
1755,233,507
1756,233,508
1757,233,509
1758,233,510
1759,233,511
1760,233,512
1761,233,513
1762,233,514
1763,233,515
1764,233,516
1765,233,517
1766,233,518
1767,233,519
1768,233,520
1769,233,521
1770,233,522
1771,233,523
1772,233,524
1773,233,525
1774,233,526
1775,233,527
1776,233,528
1777,233,529
1778,233,530
1779,233,531
1780,233,532
1781,233,533
1782,233,534
1783,233,535
1784,233,536
1785,233,537
1786,233,538
1787,233,539
1788,233,540
1789,233,541
1790,233,542
1791,233,543
1792,233,544
1793,233,545
1794,233,546
1795,233,547
1796,233,548
1797,233,549
1798,233,550
1799,233,551
1800,233,552
1801,233,553
1802,233,554
1803,233,555
1804,233,556
1805,233,557
1806,233,558
1807,233,559
1808,233,560
1809,233,561
1810,233,562
1811,233,563
1812,233,564
1813,233,565
1814,233,566
1815,233,567
1816,233,568
1817,233,569
1818,233,570
1819,233,571
1820,233,572
1821,233,573
1822,233,574
1823,233,575
1824,233,576
1825,233,577
1826,234,429
1827,234,430
1828,234,431
1829,234,432
1830,234,433
1831,234,434
1832,234,435
1833,234,436
1834,234,437
1835,234,438
1836,234,439
1837,234,440
1838,234,441
1839,234,442
1840,234,443
1841,234,444
1842,234,445
1843,234,446
1844,234,447
1845,234,448
1846,234,449
1847,234,450
1848,234,451
1849,234,452
1850,234,453
1851,234,454
1852,234,455
1853,234,456
1854,234,457
1855,234,458
1856,234,459
1857,234,460
1858,234,461
1859,234,462
1860,234,463
1861,234,464
1862,234,465
1863,234,466
1864,234,467
1865,234,468
1866,234,487
1867,234,488
1868,234,489
1869,234,490
1870,234,491
1871,234,492
1872,234,493
1873,234,494
1874,234,495
1875,234,496
1876,234,497
1877,234,498
1878,234,499
1879,234,500
1880,234,501
1881,234,502
1882,234,503
1883,234,504
1884,234,505
1885,234,506
1886,234,507
1887,234,508
1888,234,509
1889,234,510
1890,234,511
1891,234,512
1892,234,513
1893,234,514
1894,234,515
1895,234,516
1896,234,517
1897,234,518
1898,234,519
1899,234,520
1900,234,521
1901,234,522
1902,234,523
1903,234,524
1904,234,525
1905,234,526
1906,234,527
1907,234,528
1908,234,529
1909,234,530
1910,234,531
1911,234,532
1912,234,533
1913,234,534
1914,234,535
1915,234,536
1916,234,537
1917,234,538
1918,234,539
1919,234,540
1920,234,541
1921,234,542
1922,234,543
1923,234,544
1924,234,545
1925,234,546
1926,234,547
1927,234,548
1928,234,549
1929,234,550
1930,234,551
1931,234,552
1932,234,553
1933,234,554
1934,234,555
1935,234,556
1936,234,557
1937,234,558
1938,234,559
1939,234,560
1940,234,561
1941,234,562
1942,234,563
1943,234,564
1944,234,565
1945,234,566
1946,234,567
1947,234,568
1948,234,569
1949,234,570
1950,234,571
1951,234,572
1952,234,573
1953,234,574
1954,234,575
1955,234,576
1956,234,577
1957,234,578
1958,235,429
1959,235,430
1960,235,431
1961,235,432
1962,235,433
1963,235,434
1964,235,435
1965,235,436
1966,235,437
1967,235,438
1968,235,439
1969,235,440
1970,235,441
1971,235,442
1972,235,443
1973,235,444
1974,235,445
1975,235,446
1976,235,447
1977,235,448
1978,235,449
1979,235,450
1980,235,451
1981,235,452
1982,235,453
1983,235,454
1984,235,455
1985,235,456
1986,235,457
1987,235,458
1988,235,459
1989,235,460
1990,235,461
1991,235,462
1992,235,463
1993,235,464
1994,235,465
1995,235,466
1996,235,467
1997,235,468
1998,235,486
1999,235,487
2000,235,488
2001,235,489
2002,235,490
2003,235,491
2004,235,492
2005,235,493
2006,235,494
2007,235,495
2008,235,496
2009,235,497
2010,235,498
2011,235,499
2012,235,500
2013,235,501
2014,235,502
2015,235,503
2016,235,504
2017,235,505
2018,235,506
2019,235,507
2020,235,508
2021,235,509
2022,235,510
2023,235,511
2024,235,512
2025,235,513
2026,235,514
2027,235,515
2028,235,516
2029,235,517
2030,235,518
2031,235,519
2032,235,520
2033,235,521
2034,235,522
2035,235,523
2036,235,524
2037,235,525
2038,235,526
2039,235,527
2040,235,528
2041,235,529
2042,235,530
2043,235,531
2044,235,532
2045,235,533
2046,235,534
2047,235,535
2048,235,536
2049,235,537
2050,235,538
2051,235,539
2052,235,540
2053,235,541
2054,235,542
2055,235,543
2056,235,544
2057,235,545
2058,235,546
2059,235,547
2060,235,548
2061,235,549
2062,235,550
2063,235,551
2064,235,552
2065,235,553
2066,235,554
2067,235,555
2068,235,556
2069,235,557
2070,235,558
2071,235,559
2072,235,560
2073,235,561
2074,235,562
2075,235,563
2076,235,564
2077,235,565
2078,235,566
2079,235,567
2080,235,568
2081,235,569
2082,235,570
2083,235,571
2084,235,572
2085,235,573
2086,235,574
2087,235,575
2088,235,576
2089,235,577
2090,235,578
2091,235,579
2092,236,429
2093,236,430
2094,236,431
2095,236,432
2096,236,433
2097,236,434
2098,236,435
2099,236,436
2100,236,437
2101,236,438
2102,236,439
2103,236,440
2104,236,441
2105,236,442
2106,236,443
2107,236,444
2108,236,445
2109,236,446
2110,236,447
2111,236,448
2112,236,449
2113,236,450
2114,236,451
2115,236,452
2116,236,453
2117,236,454
2118,236,455
2119,236,456
2120,236,457
2121,236,458
2122,236,459
2123,236,460
2124,236,461
2125,236,462
2126,236,463
2127,236,464
2128,236,465
2129,236,466
2130,236,467
2131,236,468
2132,236,486
2133,236,487
2134,236,488
2135,236,489
2136,236,490
2137,236,491
2138,236,492
2139,236,493
2140,236,494
2141,236,495
2142,236,496
2143,236,497
2144,236,498
2145,236,499
2146,236,500
2147,236,501
2148,236,502
2149,236,503
2150,236,504
2151,236,505
2152,236,506
2153,236,507
2154,236,508
2155,236,509
2156,236,510
2157,236,511
2158,236,512
2159,236,513
2160,236,514
2161,236,515
2162,236,516
2163,236,517
2164,236,518
2165,236,519
2166,236,520
2167,236,521
2168,236,522
2169,236,523
2170,236,524
2171,236,525
2172,236,526
2173,236,527
2174,236,528
2175,236,529
2176,236,530
2177,236,531
2178,236,532
2179,236,533
2180,236,534
2181,236,535
2182,236,536
2183,236,537
2184,236,538
2185,236,539
2186,236,540
2187,236,541
2188,236,542
2189,236,543
2190,236,544
2191,236,545
2192,236,546
2193,236,547
2194,236,548
2195,236,549
2196,236,550
2197,236,551
2198,236,552
2199,236,553
2200,236,554
2201,236,555
2202,236,556
2203,236,557
2204,236,558
2205,236,559
2206,236,560
2207,236,561
2208,236,562
2209,236,563
2210,236,564
2211,236,565
2212,236,566
2213,236,567
2214,236,568
2215,236,569
2216,236,570
2217,236,571
2218,236,572
2219,236,573
2220,236,574
2221,236,575
2222,236,576
2223,236,577
2224,236,578
2225,236,579
2226,237,429
2227,237,430
2228,237,431
2229,237,432
2230,237,433
2231,237,434
2232,237,435
2233,237,436
2234,237,437
2235,237,438
2236,237,439
2237,237,440
2238,237,441
2239,237,442
2240,237,443
2241,237,444
2242,237,445
2243,237,446
2244,237,447
2245,237,448
2246,237,449
2247,237,450
2248,237,451
2249,237,452
2250,237,453
2251,237,454
2252,237,455
2253,237,456
2254,237,457
2255,237,458
2256,237,459
2257,237,460
2258,237,461
2259,237,462
2260,237,463
2261,237,464
2262,237,465
2263,237,466
2264,237,467
2265,237,468
2266,237,486
2267,237,487
2268,237,488
2269,237,489
2270,237,490
2271,237,491
2272,237,492
2273,237,493
2274,237,494
2275,237,495
2276,237,496
2277,237,497
2278,237,498
2279,237,499
2280,237,500
2281,237,501
2282,237,502
2283,237,503
2284,237,504
2285,237,505
2286,237,506
2287,237,507
2288,237,508
2289,237,509
2290,237,510
2291,237,511
2292,237,512
2293,237,513
2294,237,514
2295,237,515
2296,237,516
2297,237,517
2298,237,518
2299,237,519
2300,237,520
2301,237,521
2302,237,522
2303,237,523
2304,237,524
2305,237,525
2306,237,526
2307,237,527
2308,237,528
2309,237,529
2310,237,530
2311,237,531
2312,237,532
2313,237,533
2314,237,534
2315,237,535
2316,237,536
2317,237,537
2318,237,538
2319,237,539
2320,237,540
2321,237,541
2322,237,542
2323,237,543
2324,237,544
2325,237,545
2326,237,546
2327,237,547
2328,237,548
2329,237,549
2330,237,550
2331,237,551
2332,237,552
2333,237,553
2334,237,554
2335,237,555
2336,237,556
2337,237,557
2338,237,558
2339,237,559
2340,237,560
2341,237,561
2342,237,562
2343,237,563
2344,237,564
2345,237,565
2346,237,566
2347,237,567
2348,237,568
2349,237,569
2350,237,570
2351,237,571
2352,237,572
2353,237,573
2354,237,574
2355,237,575
2356,237,576
2357,237,577
2358,237,578
2359,237,579
2360,238,428
2361,238,429
2362,238,430
2363,238,431
2364,238,432
2365,238,433
2366,238,434
2367,238,435
2368,238,436
2369,238,437
2370,238,438
2371,238,439
2372,238,440
2373,238,441
2374,238,442
2375,238,443
2376,238,444
2377,238,445
2378,238,446
2379,238,447
2380,238,448
2381,238,449
2382,238,450
2383,238,451
2384,238,452
2385,238,453
2386,238,454
2387,238,455
2388,238,456
2389,238,457
2390,238,458
2391,238,459
2392,238,460
2393,238,461
2394,238,462
2395,238,463
2396,238,464
2397,238,465
2398,238,466
2399,238,467
2400,238,468
2401,238,486
2402,238,487
2403,238,488
2404,238,489
2405,238,490
2406,238,491
2407,238,492
2408,238,493
2409,238,494
2410,238,495
2411,238,496
2412,238,497
2413,238,498
2414,238,499
2415,238,500
2416,238,501
2417,238,502
2418,238,503
2419,238,504
2420,238,505
2421,238,506
2422,238,507
2423,238,508
2424,238,509
2425,238,510
2426,238,511
2427,238,512
2428,238,513
2429,238,514
2430,238,515
2431,238,516
2432,238,517
2433,238,518
2434,238,519
2435,238,520
2436,238,521
2437,238,522
2438,238,523
2439,238,524
2440,238,525
2441,238,526
2442,238,527
2443,238,528
2444,238,529
2445,238,530
2446,238,531
2447,238,532
2448,238,533
2449,238,534
2450,238,535
2451,238,536
2452,238,537
2453,238,538
2454,238,539
2455,238,540
2456,238,541
2457,238,542
2458,238,543
2459,238,544
2460,238,545
2461,238,546
2462,238,547
2463,238,548
2464,238,549
2465,238,550
2466,238,551
2467,238,552
2468,238,553
2469,238,554
2470,238,555
2471,238,556
2472,238,557
2473,238,558
2474,238,559
2475,238,560
2476,238,561
2477,238,562
2478,238,563
2479,238,564
2480,238,565
2481,238,566
2482,238,567
2483,238,568
2484,238,569
2485,238,570
2486,238,571
2487,238,572
2488,238,573
2489,238,574
2490,238,575
2491,238,576
2492,238,577
2493,238,578
2494,238,579
2495,238,580
2496,239,428
2497,239,429
2498,239,430
2499,239,431
2500,239,432
2501,239,433
2502,239,434
2503,239,435
2504,239,436
2505,239,437
2506,239,438
2507,239,439
2508,239,440
2509,239,441
2510,239,442
2511,239,443
2512,239,444
2513,239,445
2514,239,446
2515,239,447
2516,239,448
2517,239,449
2518,239,450
2519,239,451
2520,239,452
2521,239,453
2522,239,454
2523,239,455
2524,239,456
2525,239,457
2526,239,458
2527,239,459
2528,239,460
2529,239,461
2530,239,462
2531,239,463
2532,239,464
2533,239,465
2534,239,466
2535,239,467
2536,239,468
2537,239,469
2538,239,486
2539,239,487
2540,239,488
2541,239,489
2542,239,490
2543,239,491
2544,239,492
2545,239,493
2546,239,494
2547,239,495
2548,239,496
2549,239,497
2550,239,498
2551,239,499
2552,239,500
2553,239,501
2554,239,502
2555,239,503
2556,239,504
2557,239,505
2558,239,506
2559,239,507
2560,239,508
2561,239,509
2562,239,510
2563,239,511
2564,239,512
2565,239,513
2566,239,514
2567,239,515
2568,239,516
2569,239,517
2570,239,518
2571,239,519
2572,239,520
2573,239,521
2574,239,522
2575,239,523
2576,239,524
2577,239,525
2578,239,526
2579,239,527
2580,239,528
2581,239,529
2582,239,530
2583,239,531
2584,239,532
2585,239,533
2586,239,534
2587,239,535
2588,239,536
2589,239,537
2590,239,538
2591,239,539
2592,239,540
2593,239,541
2594,239,542
2595,239,543
2596,239,544
2597,239,545
2598,239,546
2599,239,547
2600,239,548
2601,239,549
2602,239,550
2603,239,551
2604,239,552
2605,239,553
2606,239,554
2607,239,555
2608,239,556
2609,239,557
2610,239,558
2611,239,559
2612,239,560
2613,239,561
2614,239,562
2615,239,563
2616,239,564
2617,239,565
2618,239,566
2619,239,567
2620,239,568
2621,239,569
2622,239,570
2623,239,571
2624,239,572
2625,239,573
2626,239,574
2627,239,575
2628,239,576
2629,239,577
2630,239,578
2631,239,579
2632,239,580
2633,240,428
2634,240,429
2635,240,430
2636,240,431
2637,240,432
2638,240,433
2639,240,434
2640,240,435
2641,240,436
2642,240,437
2643,240,438
2644,240,439
2645,240,440
2646,240,441
2647,240,442
2648,240,443
2649,240,444
2650,240,445
2651,240,446
2652,240,447
2653,240,448
2654,240,449
2655,240,450
2656,240,451
2657,240,452
2658,240,453
2659,240,454
2660,240,455
2661,240,456
2662,240,457
2663,240,458
2664,240,459
2665,240,460
2666,240,461
2667,240,462
2668,240,463
2669,240,464
2670,240,465
2671,240,466
2672,240,467
2673,240,468
2674,240,469
2675,240,487
2676,240,488
2677,240,489
2678,240,490
2679,240,491
2680,240,492
2681,240,493
2682,240,494
2683,240,495
2684,240,496
2685,240,497
2686,240,498
2687,240,499
2688,240,500
2689,240,501
2690,240,502
2691,240,503
2692,240,504
2693,240,505
2694,240,506
2695,240,507
2696,240,508
2697,240,509
2698,240,510
2699,240,511
2700,240,512
2701,240,513
2702,240,514
2703,240,515
2704,240,516
2705,240,517
2706,240,518
2707,240,519
2708,240,520
2709,240,521
2710,240,522
2711,240,523
2712,240,524
2713,240,525
2714,240,526
2715,240,527
2716,240,528
2717,240,529
2718,240,530
2719,240,531
2720,240,532
2721,240,533
2722,240,534
2723,240,535
2724,240,536
2725,240,537
2726,240,538
2727,240,539
2728,240,540
2729,240,541
2730,240,542
2731,240,543
2732,240,544
2733,240,545
2734,240,546
2735,240,547
2736,240,548
2737,240,549
2738,240,550
2739,240,551
2740,240,552
2741,240,553
2742,240,554
2743,240,555
2744,240,556
2745,240,557
2746,240,558
2747,240,559
2748,240,560
2749,240,561
2750,240,562
2751,240,563
2752,240,564
2753,240,565
2754,240,566
2755,240,567
2756,240,568
2757,240,569
2758,240,570
2759,240,571
2760,240,572
2761,240,573
2762,240,574
2763,240,575
2764,240,576
2765,240,577
2766,240,578
2767,240,579
2768,240,580
2769,241,427
2770,241,428
2771,241,429
2772,241,430
2773,241,431
2774,241,432
2775,241,433
2776,241,434
2777,241,435
2778,241,436
2779,241,437
2780,241,438
2781,241,439
2782,241,440
2783,241,441
2784,241,442
2785,241,443
2786,241,444
2787,241,445
2788,241,446
2789,241,447
2790,241,448
2791,241,449
2792,241,450
2793,241,451
2794,241,452
2795,241,453
2796,241,454
2797,241,455
2798,241,456
2799,241,457
2800,241,458
2801,241,459
2802,241,460
2803,241,461
2804,241,462
2805,241,463
2806,241,464
2807,241,465
2808,241,466
2809,241,467
2810,241,468
2811,241,469
2812,241,470
2813,241,487
2814,241,488
2815,241,489
2816,241,490
2817,241,491
2818,241,492
2819,241,493
2820,241,494
2821,241,495
2822,241,496
2823,241,497
2824,241,498
2825,241,499
2826,241,500
2827,241,501
2828,241,502
2829,241,503
2830,241,504
2831,241,505
2832,241,506
2833,241,507
2834,241,508
2835,241,509
2836,241,510
2837,241,511
2838,241,512
2839,241,513
2840,241,514
2841,241,515
2842,241,516
2843,241,517
2844,241,518
2845,241,519
2846,241,520
2847,241,521
2848,241,522
2849,241,523
2850,241,524
2851,241,525
2852,241,526
2853,241,527
2854,241,528
2855,241,529
2856,241,530
2857,241,531
2858,241,532
2859,241,533
2860,241,534
2861,241,535
2862,241,536
2863,241,537
2864,241,538
2865,241,539
2866,241,540
2867,241,541
2868,241,542
2869,241,543
2870,241,544
2871,241,545
2872,241,546
2873,241,547
2874,241,548
2875,241,549
2876,241,550
2877,241,551
2878,241,552
2879,241,553
2880,241,554
2881,241,555
2882,241,556
2883,241,557
2884,241,558
2885,241,559
2886,241,560
2887,241,561
2888,241,562
2889,241,563
2890,241,564
2891,241,565
2892,241,566
2893,241,567
2894,241,568
2895,241,569
2896,241,570
2897,241,571
2898,241,572
2899,241,573
2900,241,574
2901,241,575
2902,241,576
2903,241,577
2904,241,578
2905,241,579
2906,241,580
2907,242,427
2908,242,428
2909,242,429
2910,242,430
2911,242,431
2912,242,432
2913,242,433
2914,242,434
2915,242,435
2916,242,436
2917,242,437
2918,242,438
2919,242,439
2920,242,440
2921,242,441
2922,242,442
2923,242,443
2924,242,444
2925,242,445
2926,242,446
2927,242,447
2928,242,448
2929,242,449
2930,242,450
2931,242,451
2932,242,452
2933,242,453
2934,242,454
2935,242,455
2936,242,456
2937,242,457
2938,242,458
2939,242,459
2940,242,460
2941,242,461
2942,242,462
2943,242,463
2944,242,464
2945,242,465
2946,242,466
2947,242,467
2948,242,468
2949,242,469
2950,242,470
2951,242,487
2952,242,488
2953,242,489
2954,242,490
2955,242,491
2956,242,492
2957,242,493
2958,242,494
2959,242,495
2960,242,496
2961,242,497
2962,242,498
2963,242,499
2964,242,500
2965,242,501
2966,242,502
2967,242,503
2968,242,504
2969,242,505
2970,242,506
2971,242,507
2972,242,508
2973,242,509
2974,242,510
2975,242,511
2976,242,512
2977,242,513
2978,242,514
2979,242,515
2980,242,516
2981,242,517
2982,242,518
2983,242,519
2984,242,520
2985,242,521
2986,242,522
2987,242,523
2988,242,524
2989,242,525
2990,242,526
2991,242,527
2992,242,528
2993,242,529
2994,242,530
2995,242,531
2996,242,532
2997,242,533
2998,242,534
2999,242,535
3000,242,536
3001,242,537
3002,242,538
3003,242,539
3004,242,540
3005,242,541
3006,242,542
3007,242,543
3008,242,544
3009,242,545
3010,242,546
3011,242,547
3012,242,548
3013,242,549
3014,242,550
3015,242,551
3016,242,552
3017,242,553
3018,242,554
3019,242,555
3020,242,556
3021,242,557
3022,242,558
3023,242,559
3024,242,560
3025,242,561
3026,242,562
3027,242,563
3028,242,564
3029,242,565
3030,242,566
3031,242,567
3032,242,568
3033,242,569
3034,242,570
3035,242,571
3036,242,572
3037,242,573
3038,242,574
3039,242,575
3040,242,576
3041,242,577
3042,242,578
3043,242,579
3044,242,580
3045,243,426
3046,243,427
3047,243,428
3048,243,429
3049,243,430
3050,243,431
3051,243,432
3052,243,433
3053,243,434
3054,243,435
3055,243,436
3056,243,437
3057,243,438
3058,243,439
3059,243,440
3060,243,441
3061,243,442
3062,243,443
3063,243,444
3064,243,445
3065,243,446
3066,243,447
3067,243,448
3068,243,449
3069,243,450
3070,243,451
3071,243,452
3072,243,453
3073,243,454
3074,243,455
3075,243,456
3076,243,457
3077,243,458
3078,243,459
3079,243,460
3080,243,461
3081,243,462
3082,243,463
3083,243,464
3084,243,465
3085,243,466
3086,243,467
3087,243,468
3088,243,469
3089,243,470
3090,243,471
3091,243,487
3092,243,488
3093,243,489
3094,243,490
3095,243,491
3096,243,492
3097,243,493
3098,243,494
3099,243,495
3100,243,496
3101,243,497
3102,243,498
3103,243,499
3104,243,500
3105,243,501
3106,243,502
3107,243,503
3108,243,504
3109,243,505
3110,243,506
3111,243,507
3112,243,508
3113,243,509
3114,243,510
3115,243,511
3116,243,512
3117,243,513
3118,243,514
3119,243,515
3120,243,516
3121,243,517
3122,243,518
3123,243,519
3124,243,520
3125,243,521
3126,243,522
3127,243,523
3128,243,524
3129,243,525
3130,243,526
3131,243,527
3132,243,528
3133,243,529
3134,243,530
3135,243,531
3136,243,532
3137,243,533
3138,243,534
3139,243,535
3140,243,536
3141,243,537
3142,243,538
3143,243,539
3144,243,540
3145,243,541
3146,243,542
3147,243,543
3148,243,544
3149,243,545
3150,243,546
3151,243,547
3152,243,548
3153,243,549
3154,243,550
3155,243,551
3156,243,552
3157,243,553
3158,243,554
3159,243,555
3160,243,556
3161,243,557
3162,243,558
3163,243,559
3164,243,560
3165,243,561
3166,243,562
3167,243,563
3168,243,564
3169,243,565
3170,243,566
3171,243,567
3172,243,568
3173,243,569
3174,243,570
3175,243,571
3176,243,572
3177,243,573
3178,243,574
3179,243,575
3180,243,576
3181,243,577
3182,243,578
3183,243,579
3184,243,580
3185,244,426
3186,244,427
3187,244,428
3188,244,429
3189,244,430
3190,244,431
3191,244,432
3192,244,433
3193,244,434
3194,244,435
3195,244,436
3196,244,437
3197,244,438
3198,244,439
3199,244,440
3200,244,441
3201,244,442
3202,244,443
3203,244,444
3204,244,445
3205,244,446
3206,244,447
3207,244,448
3208,244,449
3209,244,450
3210,244,451
3211,244,452
3212,244,453
3213,244,454
3214,244,455
3215,244,456
3216,244,457
3217,244,458
3218,244,459
3219,244,460
3220,244,461
3221,244,462
3222,244,463
3223,244,464
3224,244,465
3225,244,466
3226,244,467
3227,244,468
3228,244,469
3229,244,470
3230,244,471
3231,244,472
3232,244,487
3233,244,488
3234,244,489
3235,244,490
3236,244,491
3237,244,492
3238,244,493
3239,244,494
3240,244,495
3241,244,496
3242,244,497
3243,244,498
3244,244,499
3245,244,500
3246,244,501
3247,244,502
3248,244,503
3249,244,504
3250,244,505
3251,244,506
3252,244,507
3253,244,508
3254,244,509
3255,244,510
3256,244,511
3257,244,512
3258,244,513
3259,244,514
3260,244,515
3261,244,516
3262,244,517
3263,244,518
3264,244,519
3265,244,520
3266,244,521
3267,244,522
3268,244,523
3269,244,524
3270,244,525
3271,244,526
3272,244,527
3273,244,528
3274,244,529
3275,244,530
3276,244,531
3277,244,532
3278,244,533
3279,244,534
3280,244,535
3281,244,536
3282,244,537
3283,244,538
3284,244,539
3285,244,540
3286,244,541
3287,244,542
3288,244,543
3289,244,544
3290,244,545
3291,244,546
3292,244,547
3293,244,548
3294,244,549
3295,244,550
3296,244,551
3297,244,552
3298,244,553
3299,244,554
3300,244,555
3301,244,556
3302,244,557
3303,244,558
3304,244,559
3305,244,560
3306,244,561
3307,244,562
3308,244,563
3309,244,564
3310,244,565
3311,244,566
3312,244,567
3313,244,568
3314,244,569
3315,244,570
3316,244,571
3317,244,572
3318,244,573
3319,244,574
3320,244,575
3321,244,576
3322,244,577
3323,244,578
3324,244,579
3325,244,580
3326,245,426
3327,245,427
3328,245,428
3329,245,429
3330,245,430
3331,245,431
3332,245,432
3333,245,433
3334,245,434
3335,245,435
3336,245,436
3337,245,437
3338,245,438
3339,245,439
3340,245,440
3341,245,441
3342,245,442
3343,245,443
3344,245,444
3345,245,445
3346,245,446
3347,245,447
3348,245,448
3349,245,449
3350,245,450
3351,245,451
3352,245,452
3353,245,453
3354,245,454
3355,245,455
3356,245,456
3357,245,457
3358,245,458
3359,245,459
3360,245,460
3361,245,461
3362,245,462
3363,245,463
3364,245,464
3365,245,465
3366,245,466
3367,245,467
3368,245,468
3369,245,469
3370,245,470
3371,245,471
3372,245,472
3373,245,486
3374,245,487
3375,245,488
3376,245,489
3377,245,490
3378,245,491
3379,245,492
3380,245,493
3381,245,494
3382,245,495
3383,245,496
3384,245,497
3385,245,498
3386,245,499
3387,245,500
3388,245,501
3389,245,502
3390,245,503
3391,245,504
3392,245,505
3393,245,506
3394,245,507
3395,245,508
3396,245,509
3397,245,510
3398,245,511
3399,245,512
3400,245,513
3401,245,514
3402,245,515
3403,245,516
3404,245,517
3405,245,518
3406,245,519
3407,245,520
3408,245,521
3409,245,522
3410,245,523
3411,245,524
3412,245,525
3413,245,526
3414,245,527
3415,245,528
3416,245,529
3417,245,530
3418,245,531
3419,245,532
3420,245,533
3421,245,534
3422,245,535
3423,245,536
3424,245,537
3425,245,538
3426,245,539
3427,245,540
3428,245,541
3429,245,542
3430,245,543
3431,245,544
3432,245,545
3433,245,546
3434,245,547
3435,245,548
3436,245,549
3437,245,550
3438,245,551
3439,245,552
3440,245,553
3441,245,554
3442,245,555
3443,245,556
3444,245,557
3445,245,558
3446,245,559
3447,245,560
3448,245,561
3449,245,562
3450,245,563
3451,245,564
3452,245,565
3453,245,566
3454,245,567
3455,245,568
3456,245,569
3457,245,570
3458,245,571
3459,245,572
3460,245,573
3461,245,574
3462,245,575
3463,245,576
3464,245,577
3465,245,578
3466,245,579
3467,245,580
3468,246,426
3469,246,427
3470,246,428
3471,246,429
3472,246,430
3473,246,431
3474,246,432
3475,246,433
3476,246,434
3477,246,435
3478,246,436
3479,246,437
3480,246,438
3481,246,439
3482,246,440
3483,246,441
3484,246,442
3485,246,443
3486,246,444
3487,246,445
3488,246,446
3489,246,447
3490,246,448
3491,246,449
3492,246,450
3493,246,451
3494,246,452
3495,246,453
3496,246,454
3497,246,455
3498,246,456
3499,246,457
3500,246,458
3501,246,459
3502,246,460
3503,246,461
3504,246,462
3505,246,463
3506,246,464
3507,246,465
3508,246,466
3509,246,467
3510,246,468
3511,246,469
3512,246,470
3513,246,471
3514,246,472
3515,246,486
3516,246,487
3517,246,488
3518,246,489
3519,246,490
3520,246,491
3521,246,492
3522,246,493
3523,246,494
3524,246,495
3525,246,496
3526,246,497
3527,246,498
3528,246,499
3529,246,500
3530,246,501
3531,246,502
3532,246,503
3533,246,504
3534,246,505
3535,246,506
3536,246,507
3537,246,508
3538,246,509
3539,246,510
3540,246,511
3541,246,512
3542,246,513
3543,246,514
3544,246,515
3545,246,516
3546,246,517
3547,246,518
3548,246,519
3549,246,520
3550,246,521
3551,246,522
3552,246,523
3553,246,524
3554,246,525
3555,246,526
3556,246,527
3557,246,528
3558,246,529
3559,246,530
3560,246,531
3561,246,532
3562,246,533
3563,246,534
3564,246,535
3565,246,536
3566,246,537
3567,246,538
3568,246,539
3569,246,540
3570,246,541
3571,246,542
3572,246,543
3573,246,544
3574,246,545
3575,246,546
3576,246,547
3577,246,548
3578,246,549
3579,246,550
3580,246,551
3581,246,552
3582,246,553
3583,246,554
3584,246,555
3585,246,556
3586,246,557
3587,246,558
3588,246,559
3589,246,560
3590,246,561
3591,246,562
3592,246,563
3593,246,564
3594,246,565
3595,246,566
3596,246,567
3597,246,568
3598,246,569
3599,246,570
3600,246,571
3601,246,572
3602,246,573
3603,246,574
3604,246,575
3605,246,576
3606,246,577
3607,246,578
3608,246,579
3609,247,426
3610,247,427
3611,247,428
3612,247,429
3613,247,430
3614,247,431
3615,247,432
3616,247,433
3617,247,434
3618,247,435
3619,247,436
3620,247,437
3621,247,438
3622,247,439
3623,247,440
3624,247,441
3625,247,442
3626,247,443
3627,247,444
3628,247,445
3629,247,446
3630,247,447
3631,247,448
3632,247,449
3633,247,450
3634,247,451
3635,247,452
3636,247,453
3637,247,454
3638,247,455
3639,247,456
3640,247,457
3641,247,458
3642,247,459
3643,247,460
3644,247,461
3645,247,462
3646,247,463
3647,247,464
3648,247,465
3649,247,466
3650,247,467
3651,247,468
3652,247,469
3653,247,470
3654,247,471
3655,247,472
3656,247,473
3657,247,486
3658,247,487
3659,247,488
3660,247,489
3661,247,490
3662,247,491
3663,247,492
3664,247,493
3665,247,494
3666,247,495
3667,247,496
3668,247,497
3669,247,498
3670,247,499
3671,247,500
3672,247,501
3673,247,502
3674,247,503
3675,247,504
3676,247,505
3677,247,506
3678,247,507
3679,247,508
3680,247,509
3681,247,510
3682,247,511
3683,247,512
3684,247,513
3685,247,514
3686,247,515
3687,247,516
3688,247,517
3689,247,518
3690,247,519
3691,247,520
3692,247,521
3693,247,522
3694,247,523
3695,247,524
3696,247,525
3697,247,526
3698,247,527
3699,247,528
3700,247,529
3701,247,530
3702,247,531
3703,247,532
3704,247,533
3705,247,534
3706,247,535
3707,247,536
3708,247,537
3709,247,538
3710,247,539
3711,247,540
3712,247,541
3713,247,542
3714,247,543
3715,247,544
3716,247,545
3717,247,546
3718,247,547
3719,247,548
3720,247,549
3721,247,550
3722,247,551
3723,247,552
3724,247,553
3725,247,554
3726,247,555
3727,247,556
3728,247,557
3729,247,558
3730,247,559
3731,247,560
3732,247,561
3733,247,562
3734,247,563
3735,247,564
3736,247,565
3737,247,566
3738,247,567
3739,247,568
3740,247,569
3741,247,570
3742,247,571
3743,247,572
3744,247,573
3745,247,574
3746,247,575
3747,247,576
3748,247,577
3749,247,578
3750,247,579
3751,248,426
3752,248,427
3753,248,428
3754,248,429
3755,248,430
3756,248,431
3757,248,432
3758,248,433
3759,248,434
3760,248,435
3761,248,436
3762,248,437
3763,248,438
3764,248,439
3765,248,440
3766,248,441
3767,248,442
3768,248,443
3769,248,444
3770,248,445
3771,248,446
3772,248,447
3773,248,448
3774,248,449
3775,248,450
3776,248,451
3777,248,452
3778,248,453
3779,248,454
3780,248,455
3781,248,456
3782,248,457
3783,248,458
3784,248,459
3785,248,460
3786,248,461
3787,248,462
3788,248,463
3789,248,464
3790,248,465
3791,248,466
3792,248,467
3793,248,468
3794,248,469
3795,248,470
3796,248,471
3797,248,472
3798,248,486
3799,248,487
3800,248,488
3801,248,489
3802,248,490
3803,248,491
3804,248,492
3805,248,493
3806,248,494
3807,248,495
3808,248,496
3809,248,497
3810,248,498
3811,248,499
3812,248,500
3813,248,501
3814,248,502
3815,248,503
3816,248,504
3817,248,505
3818,248,506
3819,248,507
3820,248,508
3821,248,509
3822,248,510
3823,248,511
3824,248,512
3825,248,513
3826,248,514
3827,248,515
3828,248,516
3829,248,517
3830,248,518
3831,248,519
3832,248,520
3833,248,521
3834,248,522
3835,248,523
3836,248,524
3837,248,525
3838,248,526
3839,248,527
3840,248,528
3841,248,529
3842,248,530
3843,248,531
3844,248,532
3845,248,533
3846,248,534
3847,248,535
3848,248,536
3849,248,537
3850,248,538
3851,248,539
3852,248,540
3853,248,541
3854,248,542
3855,248,543
3856,248,544
3857,248,545
3858,248,546
3859,248,547
3860,248,548
3861,248,549
3862,248,550
3863,248,551
3864,248,552
3865,248,553
3866,248,554
3867,248,555
3868,248,556
3869,248,557
3870,248,558
3871,248,559
3872,248,560
3873,248,561
3874,248,562
3875,248,563
3876,248,564
3877,248,565
3878,248,566
3879,248,567
3880,248,568
3881,248,569
3882,248,570
3883,248,571
3884,248,572
3885,248,573
3886,248,574
3887,248,575
3888,248,576
3889,248,577
3890,248,578
3891,248,579
3892,249,426
3893,249,427
3894,249,428
3895,249,429
3896,249,430
3897,249,431
3898,249,432
3899,249,433
3900,249,434
3901,249,435
3902,249,436
3903,249,437
3904,249,438
3905,249,439
3906,249,440
3907,249,441
3908,249,442
3909,249,443
3910,249,444
3911,249,445
3912,249,446
3913,249,447
3914,249,448
3915,249,449
3916,249,450
3917,249,451
3918,249,452
3919,249,453
3920,249,454
3921,249,455
3922,249,456
3923,249,457
3924,249,458
3925,249,459
3926,249,460
3927,249,461
3928,249,462
3929,249,463
3930,249,464
3931,249,465
3932,249,466
3933,249,467
3934,249,468
3935,249,469
3936,249,470
3937,249,471
3938,249,486
3939,249,487
3940,249,488
3941,249,489
3942,249,490
3943,249,491
3944,249,492
3945,249,493
3946,249,494
3947,249,495
3948,249,496
3949,249,497
3950,249,498
3951,249,499
3952,249,500
3953,249,501
3954,249,502
3955,249,503
3956,249,504
3957,249,505
3958,249,506
3959,249,507
3960,249,508
3961,249,509
3962,249,510
3963,249,511
3964,249,512
3965,249,513
3966,249,514
3967,249,515
3968,249,516
3969,249,517
3970,249,518
3971,249,519
3972,249,520
3973,249,521
3974,249,522
3975,249,523
3976,249,524
3977,249,525
3978,249,526
3979,249,527
3980,249,528
3981,249,529
3982,249,530
3983,249,531
3984,249,532
3985,249,533
3986,249,534
3987,249,535
3988,249,536
3989,249,537
3990,249,538
3991,249,539
3992,249,540
3993,249,541
3994,249,542
3995,249,543
3996,249,544
3997,249,545
3998,249,546
3999,249,547
4000,249,548
4001,249,549
4002,249,550
4003,249,551
4004,249,552
4005,249,553
4006,249,554
4007,249,555
4008,249,556
4009,249,557
4010,249,558
4011,249,559
4012,249,560
4013,249,561
4014,249,562
4015,249,563
4016,249,564
4017,249,565
4018,249,566
4019,249,567
4020,249,568
4021,249,569
4022,249,570
4023,249,571
4024,249,572
4025,249,573
4026,249,574
4027,249,575
4028,249,576
4029,249,577
4030,249,578
4031,250,426
4032,250,427
4033,250,428
4034,250,429
4035,250,430
4036,250,431
4037,250,432
4038,250,433
4039,250,434
4040,250,435
4041,250,436
4042,250,437
4043,250,438
4044,250,439
4045,250,440
4046,250,441
4047,250,442
4048,250,443
4049,250,444
4050,250,445
4051,250,446
4052,250,447
4053,250,448
4054,250,449
4055,250,450
4056,250,451
4057,250,452
4058,250,453
4059,250,454
4060,250,455
4061,250,456
4062,250,457
4063,250,458
4064,250,459
4065,250,460
4066,250,461
4067,250,462
4068,250,463
4069,250,464
4070,250,465
4071,250,466
4072,250,467
4073,250,468
4074,250,469
4075,250,470
4076,250,487
4077,250,488
4078,250,489
4079,250,490
4080,250,491
4081,250,492
4082,250,493
4083,250,494
4084,250,495
4085,250,496
4086,250,497
4087,250,498
4088,250,499
4089,250,500
4090,250,501
4091,250,502
4092,250,503
4093,250,504
4094,250,505
4095,250,506
4096,250,507
4097,250,508
4098,250,509
4099,250,510
4100,250,511
4101,250,512
4102,250,513
4103,250,514
4104,250,515
4105,250,516
4106,250,517
4107,250,518
4108,250,519
4109,250,520
4110,250,521
4111,250,522
4112,250,523
4113,250,524
4114,250,525
4115,250,526
4116,250,527
4117,250,528
4118,250,529
4119,250,530
4120,250,531
4121,250,532
4122,250,533
4123,250,534
4124,250,535
4125,250,536
4126,250,537
4127,250,538
4128,250,539
4129,250,540
4130,250,541
4131,250,542
4132,250,543
4133,250,544
4134,250,545
4135,250,546
4136,250,547
4137,250,548
4138,250,549
4139,250,550
4140,250,551
4141,250,552
4142,250,553
4143,250,554
4144,250,555
4145,250,556
4146,250,557
4147,250,558
4148,250,559
4149,250,560
4150,250,561
4151,250,562
4152,250,563
4153,250,564
4154,250,565
4155,250,566
4156,250,567
4157,250,568
4158,250,569
4159,250,570
4160,250,571
4161,250,572
4162,250,573
4163,250,574
4164,250,575
4165,250,576
4166,250,577
4167,250,578
4168,251,425
4169,251,426
4170,251,427
4171,251,428
4172,251,429
4173,251,430
4174,251,431
4175,251,432
4176,251,433
4177,251,434
4178,251,435
4179,251,436
4180,251,437
4181,251,438
4182,251,439
4183,251,440
4184,251,441
4185,251,442
4186,251,443
4187,251,444
4188,251,445
4189,251,446
4190,251,447
4191,251,448
4192,251,449
4193,251,450
4194,251,451
4195,251,452
4196,251,453
4197,251,454
4198,251,455
4199,251,456
4200,251,457
4201,251,458
4202,251,459
4203,251,460
4204,251,461
4205,251,462
4206,251,463
4207,251,464
4208,251,465
4209,251,466
4210,251,467
4211,251,468
4212,251,469
4213,251,470
4214,251,487
4215,251,488
4216,251,489
4217,251,490
4218,251,491
4219,251,492
4220,251,493
4221,251,494
4222,251,495
4223,251,496
4224,251,497
4225,251,498
4226,251,499
4227,251,500
4228,251,501
4229,251,502
4230,251,503
4231,251,504
4232,251,505
4233,251,506
4234,251,507
4235,251,508
4236,251,509
4237,251,510
4238,251,511
4239,251,512
4240,251,513
4241,251,514
4242,251,515
4243,251,516
4244,251,517
4245,251,518
4246,251,519
4247,251,520
4248,251,521
4249,251,522
4250,251,523
4251,251,524
4252,251,525
4253,251,526
4254,251,527
4255,251,528
4256,251,529
4257,251,530
4258,251,531
4259,251,532
4260,251,533
4261,251,534
4262,251,535
4263,251,536
4264,251,537
4265,251,538
4266,251,539
4267,251,540
4268,251,541
4269,251,542
4270,251,543
4271,251,544
4272,251,545
4273,251,546
4274,251,547
4275,251,548
4276,251,549
4277,251,550
4278,251,551
4279,251,552
4280,251,553
4281,251,554
4282,251,555
4283,251,556
4284,251,557
4285,251,558
4286,251,559
4287,251,560
4288,251,561
4289,251,562
4290,251,563
4291,251,564
4292,251,565
4293,251,566
4294,251,567
4295,251,568
4296,251,569
4297,251,570
4298,251,571
4299,251,572
4300,251,573
4301,251,574
4302,251,575
4303,251,576
4304,251,577
4305,251,578
4306,252,425
4307,252,426
4308,252,427
4309,252,428
4310,252,429
4311,252,430
4312,252,431
4313,252,432
4314,252,433
4315,252,434
4316,252,435
4317,252,436
4318,252,437
4319,252,438
4320,252,439
4321,252,440
4322,252,441
4323,252,442
4324,252,443
4325,252,444
4326,252,445
4327,252,446
4328,252,447
4329,252,448
4330,252,449
4331,252,450
4332,252,451
4333,252,452
4334,252,453
4335,252,454
4336,252,455
4337,252,456
4338,252,457
4339,252,458
4340,252,459
4341,252,460
4342,252,461
4343,252,462
4344,252,463
4345,252,464
4346,252,465
4347,252,466
4348,252,467
4349,252,468
4350,252,469
4351,252,470
4352,252,471
4353,252,487
4354,252,488
4355,252,489
4356,252,490
4357,252,491
4358,252,492
4359,252,493
4360,252,494
4361,252,495
4362,252,496
4363,252,497
4364,252,498
4365,252,499
4366,252,500
4367,252,501
4368,252,502
4369,252,503
4370,252,504
4371,252,505
4372,252,506
4373,252,507
4374,252,508
4375,252,509
4376,252,510
4377,252,511
4378,252,512
4379,252,513
4380,252,514
4381,252,515
4382,252,516
4383,252,517
4384,252,518
4385,252,519
4386,252,520
4387,252,521
4388,252,522
4389,252,523
4390,252,524
4391,252,525
4392,252,526
4393,252,527
4394,252,528
4395,252,529
4396,252,530
4397,252,531
4398,252,532
4399,252,533
4400,252,534
4401,252,535
4402,252,536
4403,252,537
4404,252,538
4405,252,539
4406,252,540
4407,252,541
4408,252,542
4409,252,543
4410,252,544
4411,252,545
4412,252,546
4413,252,547
4414,252,548
4415,252,549
4416,252,550
4417,252,551
4418,252,552
4419,252,553
4420,252,554
4421,252,555
4422,252,556
4423,252,557
4424,252,558
4425,252,559
4426,252,560
4427,252,561
4428,252,562
4429,252,563
4430,252,564
4431,252,565
4432,252,566
4433,252,567
4434,252,568
4435,252,569
4436,252,570
4437,252,571
4438,252,572
4439,252,573
4440,252,574
4441,252,575
4442,252,576
4443,252,577
4444,252,578
4445,253,425
4446,253,426
4447,253,427
4448,253,428
4449,253,429
4450,253,430
4451,253,431
4452,253,432
4453,253,433
4454,253,434
4455,253,435
4456,253,436
4457,253,437
4458,253,438
4459,253,439
4460,253,440
4461,253,441
4462,253,442
4463,253,443
4464,253,444
4465,253,445
4466,253,446
4467,253,447
4468,253,448
4469,253,449
4470,253,450
4471,253,451
4472,253,452
4473,253,453
4474,253,454
4475,253,455
4476,253,456
4477,253,457
4478,253,458
4479,253,459
4480,253,460
4481,253,461
4482,253,462
4483,253,463
4484,253,464
4485,253,465
4486,253,466
4487,253,467
4488,253,468
4489,253,469
4490,253,470
4491,253,471
4492,253,487
4493,253,488
4494,253,489
4495,253,490
4496,253,491
4497,253,492
4498,253,493
4499,253,494
4500,253,495
4501,253,496
4502,253,497
4503,253,498
4504,253,499
4505,253,500
4506,253,501
4507,253,502
4508,253,503
4509,253,504
4510,253,505
4511,253,506
4512,253,507
4513,253,508
4514,253,509
4515,253,510
4516,253,511
4517,253,512
4518,253,513
4519,253,514
4520,253,515
4521,253,516
4522,253,517
4523,253,518
4524,253,519
4525,253,520
4526,253,521
4527,253,522
4528,253,523
4529,253,524
4530,253,525
4531,253,526
4532,253,527
4533,253,528
4534,253,529
4535,253,530
4536,253,531
4537,253,532
4538,253,533
4539,253,534
4540,253,535
4541,253,536
4542,253,537
4543,253,538
4544,253,539
4545,253,540
4546,253,541
4547,253,542
4548,253,543
4549,253,544
4550,253,545
4551,253,546
4552,253,547
4553,253,548
4554,253,549
4555,253,550
4556,253,551
4557,253,552
4558,253,553
4559,253,554
4560,253,555
4561,253,556
4562,253,557
4563,253,558
4564,253,559
4565,253,560
4566,253,561
4567,253,562
4568,253,563
4569,253,564
4570,253,565
4571,253,566
4572,253,567
4573,253,568
4574,253,569
4575,253,570
4576,253,571
4577,253,572
4578,253,573
4579,253,574
4580,253,575
4581,253,576
4582,253,577
4583,253,578
4584,254,424
4585,254,425
4586,254,426
4587,254,427
4588,254,428
4589,254,429
4590,254,430
4591,254,431
4592,254,432
4593,254,433
4594,254,434
4595,254,435
4596,254,436
4597,254,437
4598,254,438
4599,254,439
4600,254,440
4601,254,441
4602,254,442
4603,254,443
4604,254,444
4605,254,445
4606,254,446
4607,254,447
4608,254,448
4609,254,449
4610,254,450
4611,254,451
4612,254,452
4613,254,453
4614,254,454
4615,254,455
4616,254,456
4617,254,457
4618,254,458
4619,254,459
4620,254,460
4621,254,461
4622,254,462
4623,254,463
4624,254,464
4625,254,465
4626,254,466
4627,254,467
4628,254,468
4629,254,469
4630,254,470
4631,254,471
4632,254,472
4633,254,487
4634,254,488
4635,254,489
4636,254,490
4637,254,491
4638,254,492
4639,254,493
4640,254,494
4641,254,495
4642,254,496
4643,254,497
4644,254,498
4645,254,499
4646,254,500
4647,254,501
4648,254,502
4649,254,503
4650,254,504
4651,254,505
4652,254,506
4653,254,507
4654,254,508
4655,254,509
4656,254,510
4657,254,511
4658,254,512
4659,254,513
4660,254,514
4661,254,515
4662,254,516
4663,254,517
4664,254,518
4665,254,519
4666,254,520
4667,254,521
4668,254,522
4669,254,523
4670,254,524
4671,254,525
4672,254,526
4673,254,527
4674,254,528
4675,254,529
4676,254,530
4677,254,531
4678,254,532
4679,254,533
4680,254,534
4681,254,535
4682,254,536
4683,254,537
4684,254,538
4685,254,539
4686,254,540
4687,254,541
4688,254,542
4689,254,543
4690,254,544
4691,254,545
4692,254,546
4693,254,547
4694,254,548
4695,254,549
4696,254,550
4697,254,551
4698,254,552
4699,254,553
4700,254,554
4701,254,555
4702,254,556
4703,254,557
4704,254,558
4705,254,559
4706,254,560
4707,254,561
4708,254,562
4709,254,563
4710,254,564
4711,254,565
4712,254,566
4713,254,567
4714,254,568
4715,254,569
4716,254,570
4717,254,571
4718,254,572
4719,254,573
4720,254,574
4721,254,575
4722,254,576
4723,254,577
4724,254,578
4725,255,424
4726,255,425
4727,255,426
4728,255,427
4729,255,428
4730,255,429
4731,255,430
4732,255,431
4733,255,432
4734,255,433
4735,255,434
4736,255,435
4737,255,436
4738,255,437
4739,255,438
4740,255,439
4741,255,440
4742,255,441
4743,255,442
4744,255,443
4745,255,444
4746,255,445
4747,255,446
4748,255,447
4749,255,448
4750,255,449
4751,255,450
4752,255,451
4753,255,452
4754,255,453
4755,255,454
4756,255,455
4757,255,456
4758,255,457
4759,255,458
4760,255,459
4761,255,460
4762,255,461
4763,255,462
4764,255,463
4765,255,464
4766,255,465
4767,255,466
4768,255,467
4769,255,468
4770,255,469
4771,255,470
4772,255,471
4773,255,472
4774,255,487
4775,255,488
4776,255,489
4777,255,490
4778,255,491
4779,255,492
4780,255,493
4781,255,494
4782,255,495
4783,255,496
4784,255,497
4785,255,498
4786,255,499
4787,255,500
4788,255,501
4789,255,502
4790,255,503
4791,255,504
4792,255,505
4793,255,506
4794,255,507
4795,255,508
4796,255,509
4797,255,510
4798,255,511
4799,255,512
4800,255,513
4801,255,514
4802,255,515
4803,255,516
4804,255,517
4805,255,518
4806,255,519
4807,255,520
4808,255,521
4809,255,522
4810,255,523
4811,255,524
4812,255,525
4813,255,526
4814,255,527
4815,255,528
4816,255,529
4817,255,530
4818,255,531
4819,255,532
4820,255,533
4821,255,534
4822,255,535
4823,255,536
4824,255,537
4825,255,538
4826,255,539
4827,255,540
4828,255,541
4829,255,542
4830,255,543
4831,255,544
4832,255,545
4833,255,546
4834,255,547
4835,255,548
4836,255,549
4837,255,550
4838,255,551
4839,255,552
4840,255,553
4841,255,554
4842,255,555
4843,255,556
4844,255,557
4845,255,558
4846,255,559
4847,255,560
4848,255,561
4849,255,562
4850,255,563
4851,255,564
4852,255,565
4853,255,566
4854,255,567
4855,255,568
4856,255,569
4857,255,570
4858,255,571
4859,255,572
4860,255,573
4861,255,574
4862,255,575
4863,255,576
4864,255,577
4865,255,578
4866,256,424
4867,256,425
4868,256,426
4869,256,427
4870,256,428
4871,256,429
4872,256,430
4873,256,431
4874,256,432
4875,256,433
4876,256,434
4877,256,435
4878,256,436
4879,256,437
4880,256,438
4881,256,439
4882,256,440
4883,256,441
4884,256,442
4885,256,443
4886,256,444
4887,256,445
4888,256,446
4889,256,447
4890,256,448
4891,256,449
4892,256,450
4893,256,451
4894,256,452
4895,256,453
4896,256,454
4897,256,455
4898,256,456
4899,256,457
4900,256,458
4901,256,459
4902,256,460
4903,256,461
4904,256,462
4905,256,463
4906,256,464
4907,256,465
4908,256,466
4909,256,467
4910,256,468
4911,256,469
4912,256,470
4913,256,471
4914,256,472
4915,256,487
4916,256,488
4917,256,489
4918,256,490
4919,256,491
4920,256,492
4921,256,493
4922,256,494
4923,256,495
4924,256,496
4925,256,497
4926,256,498
4927,256,499
4928,256,500
4929,256,501
4930,256,502
4931,256,503
4932,256,504
4933,256,505
4934,256,506
4935,256,507
4936,256,508
4937,256,509
4938,256,510
4939,256,511
4940,256,512
4941,256,513
4942,256,514
4943,256,515
4944,256,516
4945,256,517
4946,256,518
4947,256,519
4948,256,520
4949,256,521
4950,256,522
4951,256,523
4952,256,524
4953,256,525
4954,256,526
4955,256,527
4956,256,528
4957,256,529
4958,256,530
4959,256,531
4960,256,532
4961,256,533
4962,256,534
4963,256,535
4964,256,536
4965,256,537
4966,256,538
4967,256,539
4968,256,540
4969,256,541
4970,256,542
4971,256,543
4972,256,544
4973,256,545
4974,256,546
4975,256,547
4976,256,548
4977,256,549
4978,256,550
4979,256,551
4980,256,552
4981,256,553
4982,256,554
4983,256,555
4984,256,556
4985,256,557
4986,256,558
4987,256,559
4988,256,560
4989,256,561
4990,256,562
4991,256,563
4992,256,564
4993,256,565
4994,256,566
4995,256,567
4996,256,568
4997,256,569
4998,256,570
4999,256,571
5000,256,572
5001,256,573
5002,256,574
5003,256,575
5004,256,576
5005,256,577
5006,256,578
5007,257,423
5008,257,424
5009,257,425
5010,257,426
5011,257,427
5012,257,428
5013,257,429
5014,257,430
5015,257,431
5016,257,432
5017,257,433
5018,257,434
5019,257,435
5020,257,436
5021,257,437
5022,257,438
5023,257,439
5024,257,440
5025,257,441
5026,257,442
5027,257,443
5028,257,444
5029,257,445
5030,257,446
5031,257,447
5032,257,448
5033,257,449
5034,257,450
5035,257,451
5036,257,452
5037,257,453
5038,257,454
5039,257,455
5040,257,456
5041,257,457
5042,257,458
5043,257,459
5044,257,460
5045,257,461
5046,257,462
5047,257,463
5048,257,464
5049,257,465
5050,257,466
5051,257,467
5052,257,468
5053,257,469
5054,257,470
5055,257,471
5056,257,472
5057,257,487
5058,257,488
5059,257,489
5060,257,490
5061,257,491
5062,257,492
5063,257,493
5064,257,494
5065,257,495
5066,257,496
5067,257,497
5068,257,498
5069,257,499
5070,257,500
5071,257,501
5072,257,502
5073,257,503
5074,257,504
5075,257,505
5076,257,506
5077,257,507
5078,257,508
5079,257,509
5080,257,510
5081,257,511
5082,257,512
5083,257,513
5084,257,514
5085,257,515
5086,257,516
5087,257,517
5088,257,518
5089,257,519
5090,257,520
5091,257,521
5092,257,522
5093,257,523
5094,257,524
5095,257,525
5096,257,526
5097,257,527
5098,257,528
5099,257,529
5100,257,530
5101,257,531
5102,257,532
5103,257,533
5104,257,534
5105,257,535
5106,257,536
5107,257,537
5108,257,538
5109,257,539
5110,257,540
5111,257,541
5112,257,542
5113,257,543
5114,257,544
5115,257,545
5116,257,546
5117,257,547
5118,257,548
5119,257,549
5120,257,550
5121,257,551
5122,257,552
5123,257,553
5124,257,554
5125,257,555
5126,257,556
5127,257,557
5128,257,558
5129,257,559
5130,257,560
5131,257,561
5132,257,562
5133,257,563
5134,257,564
5135,257,565
5136,257,566
5137,257,567
5138,257,568
5139,257,569
5140,257,570
5141,257,571
5142,257,572
5143,257,573
5144,257,574
5145,257,575
5146,257,576
5147,257,577
5148,257,578
5149,258,423
5150,258,424
5151,258,425
5152,258,426
5153,258,427
5154,258,428
5155,258,429
5156,258,430
5157,258,431
5158,258,432
5159,258,433
5160,258,434
5161,258,435
5162,258,436
5163,258,437
5164,258,438
5165,258,439
5166,258,440
5167,258,441
5168,258,442
5169,258,443
5170,258,444
5171,258,445
5172,258,446
5173,258,447
5174,258,448
5175,258,449
5176,258,450
5177,258,451
5178,258,452
5179,258,453
5180,258,454
5181,258,455
5182,258,456
5183,258,457
5184,258,458
5185,258,459
5186,258,460
5187,258,461
5188,258,462
5189,258,463
5190,258,464
5191,258,465
5192,258,466
5193,258,467
5194,258,468
5195,258,469
5196,258,470
5197,258,471
5198,258,472
5199,258,487
5200,258,488
5201,258,489
5202,258,490
5203,258,491
5204,258,492
5205,258,493
5206,258,494
5207,258,495
5208,258,496
5209,258,497
5210,258,498
5211,258,499
5212,258,500
5213,258,501
5214,258,502
5215,258,503
5216,258,504
5217,258,505
5218,258,506
5219,258,507
5220,258,508
5221,258,509
5222,258,510
5223,258,511
5224,258,512
5225,258,513
5226,258,514
5227,258,515
5228,258,516
5229,258,517
5230,258,518
5231,258,519
5232,258,520
5233,258,521
5234,258,522
5235,258,523
5236,258,524
5237,258,525
5238,258,526
5239,258,527
5240,258,528
5241,258,529
5242,258,530
5243,258,531
5244,258,532
5245,258,533
5246,258,534
5247,258,535
5248,258,536
5249,258,537
5250,258,538
5251,258,539
5252,258,540
5253,258,541
5254,258,542
5255,258,543
5256,258,544
5257,258,545
5258,258,546
5259,258,547
5260,258,548
5261,258,549
5262,258,550
5263,258,551
5264,258,552
5265,258,553
5266,258,554
5267,258,555
5268,258,556
5269,258,557
5270,258,558
5271,258,559
5272,258,560
5273,258,561
5274,258,562
5275,258,563
5276,258,564
5277,258,565
5278,258,566
5279,258,567
5280,258,568
5281,258,569
5282,258,570
5283,258,571
5284,258,572
5285,258,573
5286,258,574
5287,258,575
5288,258,576
5289,258,577
5290,258,578
5291,259,423
5292,259,424
5293,259,425
5294,259,426
5295,259,427
5296,259,428
5297,259,429
5298,259,430
5299,259,431
5300,259,432
5301,259,433
5302,259,434
5303,259,435
5304,259,436
5305,259,437
5306,259,438
5307,259,439
5308,259,440
5309,259,441
5310,259,442
5311,259,443
5312,259,444
5313,259,445
5314,259,446
5315,259,447
5316,259,448
5317,259,449
5318,259,450
5319,259,451
5320,259,452
5321,259,453
5322,259,454
5323,259,455
5324,259,456
5325,259,457
5326,259,458
5327,259,459
5328,259,460
5329,259,461
5330,259,462
5331,259,463
5332,259,464
5333,259,465
5334,259,466
5335,259,467
5336,259,468
5337,259,469
5338,259,470
5339,259,471
5340,259,472
5341,259,473
5342,259,486
5343,259,487
5344,259,488
5345,259,489
5346,259,490
5347,259,491
5348,259,492
5349,259,493
5350,259,494
5351,259,495
5352,259,496
5353,259,497
5354,259,498
5355,259,499
5356,259,500
5357,259,501
5358,259,502
5359,259,503
5360,259,504
5361,259,505
5362,259,506
5363,259,507
5364,259,508
5365,259,509
5366,259,510
5367,259,511
5368,259,512
5369,259,513
5370,259,514
5371,259,515
5372,259,516
5373,259,517
5374,259,518
5375,259,519
5376,259,520
5377,259,521
5378,259,522
5379,259,523
5380,259,524
5381,259,525
5382,259,526
5383,259,527
5384,259,528
5385,259,529
5386,259,530
5387,259,531
5388,259,532
5389,259,533
5390,259,534
5391,259,535
5392,259,536
5393,259,537
5394,259,538
5395,259,539
5396,259,540
5397,259,541
5398,259,542
5399,259,543
5400,259,544
5401,259,545
5402,259,546
5403,259,547
5404,259,548
5405,259,549
5406,259,550
5407,259,551
5408,259,552
5409,259,553
5410,259,554
5411,259,555
5412,259,556
5413,259,557
5414,259,558
5415,259,559
5416,259,560
5417,259,561
5418,259,562
5419,259,563
5420,259,564
5421,259,565
5422,259,566
5423,259,567
5424,259,568
5425,259,569
5426,259,570
5427,259,571
5428,259,572
5429,259,573
5430,259,574
5431,259,575
5432,259,576
5433,259,577
5434,259,578
5435,260,423
5436,260,424
5437,260,425
5438,260,426
5439,260,427
5440,260,428
5441,260,429
5442,260,430
5443,260,431
5444,260,432
5445,260,433
5446,260,434
5447,260,435
5448,260,436
5449,260,437
5450,260,438
5451,260,439
5452,260,440
5453,260,441
5454,260,442
5455,260,443
5456,260,444
5457,260,445
5458,260,446
5459,260,447
5460,260,448
5461,260,449
5462,260,450
5463,260,451
5464,260,452
5465,260,453
5466,260,454
5467,260,455
5468,260,456
5469,260,457
5470,260,458
5471,260,459
5472,260,460
5473,260,461
5474,260,462
5475,260,463
5476,260,464
5477,260,465
5478,260,466
5479,260,467
5480,260,468
5481,260,469
5482,260,470
5483,260,471
5484,260,472
5485,260,473
5486,260,486
5487,260,487
5488,260,488
5489,260,489
5490,260,490
5491,260,491
5492,260,492
5493,260,493
5494,260,494
5495,260,495
5496,260,496
5497,260,497
5498,260,498
5499,260,499
5500,260,500
5501,260,501
5502,260,502
5503,260,503
5504,260,504
5505,260,505
5506,260,506
5507,260,507
5508,260,508
5509,260,509
5510,260,510
5511,260,511
5512,260,512
5513,260,513
5514,260,514
5515,260,515
5516,260,516
5517,260,517
5518,260,518
5519,260,519
5520,260,520
5521,260,521
5522,260,522
5523,260,523
5524,260,524
5525,260,525
5526,260,526
5527,260,527
5528,260,528
5529,260,529
5530,260,530
5531,260,531
5532,260,532
5533,260,533
5534,260,534
5535,260,535
5536,260,536
5537,260,537
5538,260,538
5539,260,539
5540,260,540
5541,260,541
5542,260,542
5543,260,543
5544,260,544
5545,260,545
5546,260,546
5547,260,547
5548,260,548
5549,260,549
5550,260,550
5551,260,551
5552,260,552
5553,260,553
5554,260,554
5555,260,555
5556,260,556
5557,260,557
5558,260,558
5559,260,559
5560,260,560
5561,260,561
5562,260,562
5563,260,563
5564,260,564
5565,260,565
5566,260,566
5567,260,567
5568,260,568
5569,260,569
5570,260,570
5571,260,571
5572,260,572
5573,260,573
5574,260,574
5575,260,575
5576,260,576
5577,260,577
5578,260,578
5579,261,423
5580,261,424
5581,261,425
5582,261,426
5583,261,427
5584,261,428
5585,261,429
5586,261,430
5587,261,431
5588,261,432
5589,261,433
5590,261,434
5591,261,435
5592,261,436
5593,261,437
5594,261,438
5595,261,439
5596,261,440
5597,261,441
5598,261,442
5599,261,443
5600,261,444
5601,261,445
5602,261,446
5603,261,447
5604,261,448
5605,261,449
5606,261,450
5607,261,451
5608,261,452
5609,261,453
5610,261,454
5611,261,455
5612,261,456
5613,261,457
5614,261,458
5615,261,459
5616,261,460
5617,261,461
5618,261,462
5619,261,463
5620,261,464
5621,261,465
5622,261,466
5623,261,467
5624,261,468
5625,261,469
5626,261,470
5627,261,471
5628,261,472
5629,261,473
5630,261,486
5631,261,487
5632,261,488
5633,261,489
5634,261,490
5635,261,491
5636,261,492
5637,261,493
5638,261,494
5639,261,495
5640,261,496
5641,261,497
5642,261,498
5643,261,499
5644,261,500
5645,261,501
5646,261,502
5647,261,503
5648,261,504
5649,261,505
5650,261,506
5651,261,507
5652,261,508
5653,261,509
5654,261,510
5655,261,511
5656,261,512
5657,261,513
5658,261,514
5659,261,515
5660,261,516
5661,261,517
5662,261,518
5663,261,519
5664,261,520
5665,261,521
5666,261,522
5667,261,523
5668,261,524
5669,261,525
5670,261,526
5671,261,527
5672,261,528
5673,261,529
5674,261,530
5675,261,531
5676,261,532
5677,261,533
5678,261,534
5679,261,535
5680,261,536
5681,261,537
5682,261,538
5683,261,539
5684,261,540
5685,261,541
5686,261,542
5687,261,543
5688,261,544
5689,261,545
5690,261,546
5691,261,547
5692,261,548
5693,261,549
5694,261,550
5695,261,551
5696,261,552
5697,261,553
5698,261,554
5699,261,555
5700,261,556
5701,261,557
5702,261,558
5703,261,559
5704,261,560
5705,261,561
5706,261,562
5707,261,563
5708,261,564
5709,261,565
5710,261,566
5711,261,567
5712,261,568
5713,261,569
5714,261,570
5715,261,571
5716,261,572
5717,261,573
5718,261,574
5719,261,575
5720,261,576
5721,261,577
5722,261,578
5723,262,422
5724,262,423
5725,262,424
5726,262,425
5727,262,426
5728,262,427
5729,262,428
5730,262,429
5731,262,430
5732,262,431
5733,262,432
5734,262,433
5735,262,434
5736,262,435
5737,262,436
5738,262,437
5739,262,438
5740,262,439
5741,262,440
5742,262,441
5743,262,442
5744,262,443
5745,262,444
5746,262,445
5747,262,446
5748,262,447
5749,262,448
5750,262,449
5751,262,450
5752,262,451
5753,262,452
5754,262,453
5755,262,454
5756,262,455
5757,262,456
5758,262,457
5759,262,458
5760,262,459
5761,262,460
5762,262,461
5763,262,462
5764,262,463
5765,262,464
5766,262,465
5767,262,466
5768,262,467
5769,262,468
5770,262,469
5771,262,470
5772,262,471
5773,262,472
5774,262,473
5775,262,486
5776,262,487
5777,262,488
5778,262,489
5779,262,490
5780,262,491
5781,262,492
5782,262,493
5783,262,494
5784,262,495
5785,262,496
5786,262,497
5787,262,498
5788,262,499
5789,262,500
5790,262,501
5791,262,502
5792,262,503
5793,262,504
5794,262,505
5795,262,506
5796,262,507
5797,262,508
5798,262,509
5799,262,510
5800,262,511
5801,262,512
5802,262,513
5803,262,514
5804,262,515
5805,262,516
5806,262,517
5807,262,518
5808,262,519
5809,262,520
5810,262,521
5811,262,522
5812,262,523
5813,262,524
5814,262,525
5815,262,526
5816,262,527
5817,262,528
5818,262,529
5819,262,530
5820,262,531
5821,262,532
5822,262,533
5823,262,534
5824,262,535
5825,262,536
5826,262,537
5827,262,538
5828,262,539
5829,262,540
5830,262,541
5831,262,542
5832,262,543
5833,262,544
5834,262,545
5835,262,546
5836,262,547
5837,262,548
5838,262,549
5839,262,550
5840,262,551
5841,262,552
5842,262,553
5843,262,554
5844,262,555
5845,262,556
5846,262,557
5847,262,558
5848,262,559
5849,262,560
5850,262,561
5851,262,562
5852,262,563
5853,262,564
5854,262,565
5855,262,566
5856,262,567
5857,262,568
5858,262,569
5859,262,570
5860,262,571
5861,262,572
5862,262,573
5863,262,574
5864,262,575
5865,262,576
5866,262,577
5867,262,578
5868,263,422
5869,263,423
5870,263,424
5871,263,425
5872,263,426
5873,263,427
5874,263,428
5875,263,429
5876,263,430
5877,263,431
5878,263,432
5879,263,433
5880,263,434
5881,263,435
5882,263,436
5883,263,437
5884,263,438
5885,263,439
5886,263,440
5887,263,441
5888,263,442
5889,263,443
5890,263,444
5891,263,445
5892,263,446
5893,263,447
5894,263,448
5895,263,449
5896,263,450
5897,263,451
5898,263,452
5899,263,453
5900,263,454
5901,263,455
5902,263,456
5903,263,457
5904,263,458
5905,263,459
5906,263,460
5907,263,461
5908,263,462
5909,263,463
5910,263,464
5911,263,465
5912,263,466
5913,263,467
5914,263,468
5915,263,469
5916,263,470
5917,263,471
5918,263,472
5919,263,485
5920,263,486
5921,263,487
5922,263,488
5923,263,489
5924,263,490
5925,263,491
5926,263,492
5927,263,493
5928,263,494
5929,263,495
5930,263,496
5931,263,497
5932,263,498
5933,263,499
5934,263,500
5935,263,501
5936,263,502
5937,263,503
5938,263,504
5939,263,505
5940,263,506
5941,263,507
5942,263,508
5943,263,509
5944,263,510
5945,263,511
5946,263,512
5947,263,513
5948,263,514
5949,263,515
5950,263,516
5951,263,517
5952,263,518
5953,263,519
5954,263,520
5955,263,521
5956,263,522
5957,263,523
5958,263,524
5959,263,525
5960,263,526
5961,263,527
5962,263,528
5963,263,529
5964,263,530
5965,263,531
5966,263,532
5967,263,533
5968,263,534
5969,263,535
5970,263,536
5971,263,537
5972,263,538
5973,263,539
5974,263,540
5975,263,541
5976,263,542
5977,263,543
5978,263,544
5979,263,545
5980,263,546
5981,263,547
5982,263,548
5983,263,549
5984,263,550
5985,263,551
5986,263,552
5987,263,553
5988,263,554
5989,263,555
5990,263,556
5991,263,557
5992,263,558
5993,263,559
5994,263,560
5995,263,561
5996,263,562
5997,263,563
5998,263,564
5999,263,565
6000,263,566
6001,263,567
6002,263,568
6003,263,569
6004,263,570
6005,263,571
6006,263,572
6007,263,573
6008,263,574
6009,263,575
6010,263,576
6011,263,577
6012,263,578
6013,264,422
6014,264,423
6015,264,424
6016,264,425
6017,264,426
6018,264,427
6019,264,428
6020,264,429
6021,264,430
6022,264,431
6023,264,432
6024,264,433
6025,264,434
6026,264,435
6027,264,436
6028,264,437
6029,264,438
6030,264,439
6031,264,440
6032,264,441
6033,264,442
6034,264,443
6035,264,444
6036,264,445
6037,264,446
6038,264,447
6039,264,448
6040,264,449
6041,264,450
6042,264,451
6043,264,452
6044,264,453
6045,264,454
6046,264,455
6047,264,456
6048,264,457
6049,264,458
6050,264,459
6051,264,460
6052,264,461
6053,264,462
6054,264,463
6055,264,464
6056,264,465
6057,264,466
6058,264,467
6059,264,468
6060,264,469
6061,264,470
6062,264,471
6063,264,472
6064,264,484
6065,264,485
6066,264,486
6067,264,487
6068,264,488
6069,264,489
6070,264,490
6071,264,491
6072,264,492
6073,264,493
6074,264,494
6075,264,495
6076,264,496
6077,264,497
6078,264,498
6079,264,499
6080,264,500
6081,264,501
6082,264,502
6083,264,503
6084,264,504
6085,264,505
6086,264,506
6087,264,507
6088,264,508
6089,264,509
6090,264,510
6091,264,511
6092,264,512
6093,264,513
6094,264,514
6095,264,515
6096,264,516
6097,264,517
6098,264,518
6099,264,519
6100,264,520
6101,264,521
6102,264,522
6103,264,523
6104,264,524
6105,264,525
6106,264,526
6107,264,527
6108,264,528
6109,264,529
6110,264,530
6111,264,531
6112,264,532
6113,264,533
6114,264,534
6115,264,535
6116,264,536
6117,264,537
6118,264,538
6119,264,539
6120,264,540
6121,264,541
6122,264,542
6123,264,543
6124,264,544
6125,264,545
6126,264,546
6127,264,547
6128,264,548
6129,264,549
6130,264,550
6131,264,551
6132,264,552
6133,264,553
6134,264,554
6135,264,555
6136,264,556
6137,264,557
6138,264,558
6139,264,559
6140,264,560
6141,264,561
6142,264,562
6143,264,563
6144,264,564
6145,264,565
6146,264,566
6147,264,567
6148,264,568
6149,264,569
6150,264,570
6151,264,571
6152,264,572
6153,264,573
6154,264,574
6155,264,575
6156,264,576
6157,264,577
6158,264,578
6159,264,579
6160,265,422
6161,265,423
6162,265,424
6163,265,425
6164,265,426
6165,265,427
6166,265,428
6167,265,429
6168,265,430
6169,265,431
6170,265,432
6171,265,433
6172,265,434
6173,265,435
6174,265,436
6175,265,437
6176,265,438
6177,265,439
6178,265,440
6179,265,441
6180,265,442
6181,265,443
6182,265,444
6183,265,445
6184,265,446
6185,265,447
6186,265,448
6187,265,449
6188,265,450
6189,265,451
6190,265,452
6191,265,453
6192,265,454
6193,265,455
6194,265,456
6195,265,457
6196,265,458
6197,265,459
6198,265,460
6199,265,461
6200,265,462
6201,265,463
6202,265,464
6203,265,465
6204,265,466
6205,265,467
6206,265,468
6207,265,469
6208,265,470
6209,265,471
6210,265,472
6211,265,473
6212,265,484
6213,265,485
6214,265,486
6215,265,487
6216,265,488
6217,265,489
6218,265,490
6219,265,491
6220,265,492
6221,265,493
6222,265,494
6223,265,495
6224,265,496
6225,265,497
6226,265,498
6227,265,499
6228,265,500
6229,265,501
6230,265,502
6231,265,503
6232,265,504
6233,265,505
6234,265,506
6235,265,507
6236,265,508
6237,265,509
6238,265,510
6239,265,511
6240,265,512
6241,265,513
6242,265,514
6243,265,515
6244,265,516
6245,265,517
6246,265,518
6247,265,519
6248,265,520
6249,265,521
6250,265,522
6251,265,523
6252,265,524
6253,265,525
6254,265,526
6255,265,527
6256,265,528
6257,265,529
6258,265,530
6259,265,531
6260,265,532
6261,265,533
6262,265,534
6263,265,535
6264,265,536
6265,265,537
6266,265,538
6267,265,539
6268,265,540
6269,265,541
6270,265,542
6271,265,543
6272,265,544
6273,265,545
6274,265,546
6275,265,547
6276,265,548
6277,265,549
6278,265,550
6279,265,551
6280,265,552
6281,265,553
6282,265,554
6283,265,555
6284,265,556
6285,265,557
6286,265,558
6287,265,559
6288,265,560
6289,265,561
6290,265,562
6291,265,563
6292,265,564
6293,265,565
6294,265,566
6295,265,567
6296,265,568
6297,265,569
6298,265,570
6299,265,571
6300,265,572
6301,265,573
6302,265,574
6303,265,575
6304,265,576
6305,265,577
6306,265,578
6307,265,579
6308,266,421
6309,266,422
6310,266,423
6311,266,424
6312,266,425
6313,266,426
6314,266,427
6315,266,428
6316,266,429
6317,266,430
6318,266,431
6319,266,432
6320,266,433
6321,266,434
6322,266,435
6323,266,436
6324,266,437
6325,266,438
6326,266,439
6327,266,440
6328,266,441
6329,266,442
6330,266,443
6331,266,444
6332,266,445
6333,266,446
6334,266,447
6335,266,448
6336,266,449
6337,266,450
6338,266,451
6339,266,452
6340,266,453
6341,266,454
6342,266,455
6343,266,456
6344,266,457
6345,266,458
6346,266,459
6347,266,460
6348,266,461
6349,266,462
6350,266,463
6351,266,464
6352,266,465
6353,266,466
6354,266,467
6355,266,468
6356,266,469
6357,266,470
6358,266,471
6359,266,472
6360,266,473
6361,266,484
6362,266,485
6363,266,486
6364,266,487
6365,266,488
6366,266,489
6367,266,490
6368,266,491
6369,266,492
6370,266,493
6371,266,494
6372,266,495
6373,266,496
6374,266,497
6375,266,498
6376,266,499
6377,266,500
6378,266,501
6379,266,502
6380,266,503
6381,266,504
6382,266,505
6383,266,506
6384,266,507
6385,266,508
6386,266,509
6387,266,510
6388,266,511
6389,266,512
6390,266,513
6391,266,514
6392,266,515
6393,266,516
6394,266,517
6395,266,518
6396,266,519
6397,266,520
6398,266,521
6399,266,522
6400,266,523
6401,266,524
6402,266,525
6403,266,526
6404,266,527
6405,266,528
6406,266,529
6407,266,530
6408,266,531
6409,266,532
6410,266,533
6411,266,534
6412,266,535
6413,266,536
6414,266,537
6415,266,538
6416,266,539
6417,266,540
6418,266,541
6419,266,542
6420,266,543
6421,266,544
6422,266,545
6423,266,546
6424,266,547
6425,266,548
6426,266,549
6427,266,550
6428,266,551
6429,266,552
6430,266,553
6431,266,554
6432,266,555
6433,266,556
6434,266,557
6435,266,558
6436,266,559
6437,266,560
6438,266,561
6439,266,562
6440,266,563
6441,266,564
6442,266,565
6443,266,566
6444,266,567
6445,266,568
6446,266,569
6447,266,570
6448,266,571
6449,266,572
6450,266,573
6451,266,574
6452,266,575
6453,266,576
6454,266,577
6455,266,578
6456,266,579
6457,267,421
6458,267,422
6459,267,423
6460,267,424
6461,267,425
6462,267,426
6463,267,427
6464,267,428
6465,267,429
6466,267,430
6467,267,431
6468,267,432
6469,267,433
6470,267,434
6471,267,435
6472,267,436
6473,267,437
6474,267,438
6475,267,439
6476,267,440
6477,267,441
6478,267,442
6479,267,443
6480,267,444
6481,267,445
6482,267,446
6483,267,447
6484,267,448
6485,267,449
6486,267,450
6487,267,451
6488,267,452
6489,267,453
6490,267,454
6491,267,455
6492,267,456
6493,267,457
6494,267,458
6495,267,459
6496,267,460
6497,267,461
6498,267,462
6499,267,463
6500,267,464
6501,267,465
6502,267,466
6503,267,467
6504,267,468
6505,267,469
6506,267,470
6507,267,471
6508,267,472
6509,267,473
6510,267,484
6511,267,485
6512,267,486
6513,267,487
6514,267,488
6515,267,489
6516,267,490
6517,267,491
6518,267,492
6519,267,493
6520,267,494
6521,267,495
6522,267,496
6523,267,497
6524,267,498
6525,267,499
6526,267,500
6527,267,501
6528,267,502
6529,267,503
6530,267,504
6531,267,505
6532,267,506
6533,267,507
6534,267,508
6535,267,509
6536,267,510
6537,267,511
6538,267,512
6539,267,513
6540,267,514
6541,267,515
6542,267,516
6543,267,517
6544,267,518
6545,267,519
6546,267,520
6547,267,521
6548,267,522
6549,267,523
6550,267,524
6551,267,525
6552,267,526
6553,267,527
6554,267,528
6555,267,529
6556,267,530
6557,267,531
6558,267,532
6559,267,533
6560,267,534
6561,267,535
6562,267,536
6563,267,537
6564,267,538
6565,267,539
6566,267,540
6567,267,541
6568,267,542
6569,267,543
6570,267,544
6571,267,545
6572,267,546
6573,267,547
6574,267,548
6575,267,549
6576,267,550
6577,267,551
6578,267,552
6579,267,553
6580,267,554
6581,267,555
6582,267,556
6583,267,557
6584,267,558
6585,267,559
6586,267,560
6587,267,561
6588,267,562
6589,267,563
6590,267,564
6591,267,565
6592,267,566
6593,267,567
6594,267,568
6595,267,569
6596,267,570
6597,267,571
6598,267,572
6599,267,573
6600,267,574
6601,267,575
6602,267,576
6603,267,577
6604,267,578
6605,267,579
6606,268,421
6607,268,422
6608,268,423
6609,268,424
6610,268,425
6611,268,426
6612,268,427
6613,268,428
6614,268,429
6615,268,430
6616,268,431
6617,268,432
6618,268,433
6619,268,434
6620,268,435
6621,268,436
6622,268,437
6623,268,438
6624,268,439
6625,268,440
6626,268,441
6627,268,442
6628,268,443
6629,268,444
6630,268,445
6631,268,446
6632,268,447
6633,268,448
6634,268,449
6635,268,450
6636,268,451
6637,268,452
6638,268,453
6639,268,454
6640,268,455
6641,268,456
6642,268,457
6643,268,458
6644,268,459
6645,268,460
6646,268,461
6647,268,462
6648,268,463
6649,268,464
6650,268,465
6651,268,466
6652,268,467
6653,268,468
6654,268,469
6655,268,470
6656,268,471
6657,268,472
6658,268,473
6659,268,474
6660,268,485
6661,268,486
6662,268,487
6663,268,488
6664,268,489
6665,268,490
6666,268,491
6667,268,492
6668,268,493
6669,268,494
6670,268,495
6671,268,496
6672,268,497
6673,268,498
6674,268,499
6675,268,500
6676,268,501
6677,268,502
6678,268,503
6679,268,504
6680,268,505
6681,268,506
6682,268,507
6683,268,508
6684,268,509
6685,268,510
6686,268,511
6687,268,512
6688,268,513
6689,268,514
6690,268,515
6691,268,516
6692,268,517
6693,268,518
6694,268,519
6695,268,520
6696,268,521
6697,268,522
6698,268,523
6699,268,524
6700,268,525
6701,268,526
6702,268,527
6703,268,528
6704,268,529
6705,268,530
6706,268,531
6707,268,532
6708,268,533
6709,268,534
6710,268,535
6711,268,536
6712,268,537
6713,268,538
6714,268,539
6715,268,540
6716,268,541
6717,268,542
6718,268,543
6719,268,544
6720,268,545
6721,268,546
6722,268,547
6723,268,548
6724,268,549
6725,268,550
6726,268,551
6727,268,552
6728,268,553
6729,268,554
6730,268,555
6731,268,556
6732,268,557
6733,268,558
6734,268,559
6735,268,560
6736,268,561
6737,268,562
6738,268,563
6739,268,564
6740,268,565
6741,268,566
6742,268,567
6743,268,568
6744,268,569
6745,268,570
6746,268,571
6747,268,572
6748,268,573
6749,268,574
6750,268,575
6751,268,576
6752,268,577
6753,268,578
6754,268,579
6755,269,421
6756,269,422
6757,269,423
6758,269,424
6759,269,425
6760,269,426
6761,269,427
6762,269,428
6763,269,429
6764,269,430
6765,269,431
6766,269,432
6767,269,433
6768,269,434
6769,269,435
6770,269,436
6771,269,437
6772,269,438
6773,269,439
6774,269,440
6775,269,441
6776,269,442
6777,269,443
6778,269,444
6779,269,445
6780,269,446
6781,269,447
6782,269,448
6783,269,449
6784,269,450
6785,269,451
6786,269,452
6787,269,453
6788,269,454
6789,269,455
6790,269,456
6791,269,457
6792,269,458
6793,269,459
6794,269,460
6795,269,461
6796,269,462
6797,269,463
6798,269,464
6799,269,465
6800,269,466
6801,269,467
6802,269,468
6803,269,469
6804,269,470
6805,269,471
6806,269,472
6807,269,473
6808,269,474
6809,269,485
6810,269,486
6811,269,487
6812,269,488
6813,269,489
6814,269,490
6815,269,491
6816,269,492
6817,269,493
6818,269,494
6819,269,495
6820,269,496
6821,269,497
6822,269,498
6823,269,499
6824,269,500
6825,269,501
6826,269,502
6827,269,503
6828,269,504
6829,269,505
6830,269,506
6831,269,507
6832,269,508
6833,269,509
6834,269,510
6835,269,511
6836,269,512
6837,269,513
6838,269,514
6839,269,515
6840,269,516
6841,269,517
6842,269,518
6843,269,519
6844,269,520
6845,269,521
6846,269,522
6847,269,523
6848,269,524
6849,269,525
6850,269,526
6851,269,527
6852,269,528
6853,269,529
6854,269,530
6855,269,531
6856,269,532
6857,269,533
6858,269,534
6859,269,535
6860,269,536
6861,269,537
6862,269,538
6863,269,539
6864,269,540
6865,269,541
6866,269,542
6867,269,543
6868,269,544
6869,269,545
6870,269,546
6871,269,547
6872,269,548
6873,269,549
6874,269,550
6875,269,551
6876,269,552
6877,269,553
6878,269,554
6879,269,555
6880,269,556
6881,269,557
6882,269,558
6883,269,559
6884,269,560
6885,269,561
6886,269,562
6887,269,563
6888,269,564
6889,269,565
6890,269,566
6891,269,567
6892,269,568
6893,269,569
6894,269,570
6895,269,571
6896,269,572
6897,269,573
6898,269,574
6899,269,575
6900,269,576
6901,269,577
6902,269,578
6903,269,579
6904,270,421
6905,270,422
6906,270,423
6907,270,424
6908,270,425
6909,270,426
6910,270,427
6911,270,428
6912,270,429
6913,270,430
6914,270,431
6915,270,432
6916,270,433
6917,270,434
6918,270,435
6919,270,436
6920,270,437
6921,270,438
6922,270,439
6923,270,440
6924,270,441
6925,270,442
6926,270,443
6927,270,444
6928,270,445
6929,270,446
6930,270,447
6931,270,448
6932,270,449
6933,270,450
6934,270,451
6935,270,452
6936,270,453
6937,270,454
6938,270,455
6939,270,456
6940,270,457
6941,270,458
6942,270,459
6943,270,460
6944,270,461
6945,270,462
6946,270,463
6947,270,464
6948,270,465
6949,270,466
6950,270,467
6951,270,468
6952,270,469
6953,270,470
6954,270,471
6955,270,472
6956,270,473
6957,270,474
6958,270,475
6959,270,485
6960,270,486
6961,270,487
6962,270,488
6963,270,489
6964,270,490
6965,270,491
6966,270,492
6967,270,493
6968,270,494
6969,270,495
6970,270,496
6971,270,497
6972,270,498
6973,270,499
6974,270,500
6975,270,501
6976,270,502
6977,270,503
6978,270,504
6979,270,505
6980,270,506
6981,270,507
6982,270,508
6983,270,509
6984,270,510
6985,270,511
6986,270,512
6987,270,513
6988,270,514
6989,270,515
6990,270,516
6991,270,517
6992,270,518
6993,270,519
6994,270,520
6995,270,521
6996,270,522
6997,270,523
6998,270,524
6999,270,525
7000,270,526
7001,270,527
7002,270,528
7003,270,529
7004,270,530
7005,270,531
7006,270,532
7007,270,533
7008,270,534
7009,270,535
7010,270,536
7011,270,537
7012,270,538
7013,270,539
7014,270,540
7015,270,541
7016,270,542
7017,270,543
7018,270,544
7019,270,545
7020,270,546
7021,270,547
7022,270,548
7023,270,549
7024,270,550
7025,270,551
7026,270,552
7027,270,553
7028,270,554
7029,270,555
7030,270,556
7031,270,557
7032,270,558
7033,270,559
7034,270,560
7035,270,561
7036,270,562
7037,270,563
7038,270,564
7039,270,565
7040,270,566
7041,270,567
7042,270,568
7043,270,569
7044,270,570
7045,270,571
7046,270,572
7047,270,573
7048,270,574
7049,270,575
7050,270,576
7051,270,577
7052,270,578
7053,270,579
7054,271,421
7055,271,422
7056,271,423
7057,271,424
7058,271,425
7059,271,426
7060,271,427
7061,271,428
7062,271,429
7063,271,430
7064,271,431
7065,271,432
7066,271,433
7067,271,434
7068,271,435
7069,271,436
7070,271,437
7071,271,438
7072,271,439
7073,271,440
7074,271,441
7075,271,442
7076,271,443
7077,271,444
7078,271,445
7079,271,446
7080,271,447
7081,271,448
7082,271,449
7083,271,450
7084,271,451
7085,271,452
7086,271,453
7087,271,454
7088,271,455
7089,271,456
7090,271,457
7091,271,458
7092,271,459
7093,271,460
7094,271,461
7095,271,462
7096,271,463
7097,271,464
7098,271,465
7099,271,466
7100,271,467
7101,271,468
7102,271,469
7103,271,470
7104,271,471
7105,271,472
7106,271,473
7107,271,474
7108,271,475
7109,271,476
7110,271,477
7111,271,478
7112,271,479
7113,271,480
7114,271,485
7115,271,486
7116,271,487
7117,271,488
7118,271,489
7119,271,490
7120,271,491
7121,271,492
7122,271,493
7123,271,494
7124,271,495
7125,271,496
7126,271,497
7127,271,498
7128,271,499
7129,271,500
7130,271,501
7131,271,502
7132,271,503
7133,271,504
7134,271,505
7135,271,506
7136,271,507
7137,271,508
7138,271,509
7139,271,510
7140,271,511
7141,271,512
7142,271,513
7143,271,514
7144,271,515
7145,271,516
7146,271,517
7147,271,518
7148,271,519
7149,271,520
7150,271,521
7151,271,522
7152,271,523
7153,271,524
7154,271,525
7155,271,526
7156,271,527
7157,271,528
7158,271,529
7159,271,530
7160,271,531
7161,271,532
7162,271,533
7163,271,534
7164,271,535
7165,271,536
7166,271,537
7167,271,538
7168,271,539
7169,271,540
7170,271,541
7171,271,542
7172,271,543
7173,271,544
7174,271,545
7175,271,546
7176,271,547
7177,271,548
7178,271,549
7179,271,550
7180,271,551
7181,271,552
7182,271,553
7183,271,554
7184,271,555
7185,271,556
7186,271,557
7187,271,558
7188,271,559
7189,271,560
7190,271,561
7191,271,562
7192,271,563
7193,271,564
7194,271,565
7195,271,566
7196,271,567
7197,271,568
7198,271,569
7199,271,570
7200,271,571
7201,271,572
7202,271,573
7203,271,574
7204,271,575
7205,271,576
7206,271,577
7207,271,578
7208,271,579
7209,272,421
7210,272,422
7211,272,423
7212,272,424
7213,272,425
7214,272,426
7215,272,427
7216,272,428
7217,272,429
7218,272,430
7219,272,431
7220,272,432
7221,272,433
7222,272,434
7223,272,435
7224,272,436
7225,272,437
7226,272,438
7227,272,439
7228,272,440
7229,272,441
7230,272,442
7231,272,443
7232,272,444
7233,272,445
7234,272,446
7235,272,447
7236,272,448
7237,272,449
7238,272,450
7239,272,451
7240,272,452
7241,272,453
7242,272,454
7243,272,455
7244,272,456
7245,272,457
7246,272,458
7247,272,459
7248,272,460
7249,272,461
7250,272,462
7251,272,463
7252,272,464
7253,272,465
7254,272,466
7255,272,467
7256,272,468
7257,272,469
7258,272,470
7259,272,471
7260,272,472
7261,272,473
7262,272,474
7263,272,475
7264,272,476
7265,272,477
7266,272,478
7267,272,479
7268,272,485
7269,272,486
7270,272,487
7271,272,488
7272,272,489
7273,272,490
7274,272,491
7275,272,492
7276,272,493
7277,272,494
7278,272,495
7279,272,496
7280,272,497
7281,272,498
7282,272,499
7283,272,500
7284,272,501
7285,272,502
7286,272,503
7287,272,504
7288,272,505
7289,272,506
7290,272,507
7291,272,508
7292,272,509
7293,272,510
7294,272,511
7295,272,512
7296,272,513
7297,272,514
7298,272,515
7299,272,516
7300,272,517
7301,272,518
7302,272,519
7303,272,520
7304,272,521
7305,272,522
7306,272,523
7307,272,524
7308,272,525
7309,272,526
7310,272,527
7311,272,528
7312,272,529
7313,272,530
7314,272,531
7315,272,532
7316,272,533
7317,272,534
7318,272,535
7319,272,536
7320,272,537
7321,272,538
7322,272,539
7323,272,540
7324,272,541
7325,272,542
7326,272,543
7327,272,544
7328,272,545
7329,272,546
7330,272,547
7331,272,548
7332,272,549
7333,272,550
7334,272,551
7335,272,552
7336,272,553
7337,272,554
7338,272,555
7339,272,556
7340,272,557
7341,272,558
7342,272,559
7343,272,560
7344,272,561
7345,272,562
7346,272,563
7347,272,564
7348,272,565
7349,272,566
7350,272,567
7351,272,568
7352,272,569
7353,272,570
7354,272,571
7355,272,572
7356,272,573
7357,272,574
7358,272,575
7359,272,576
7360,272,577
7361,272,578
7362,272,579
7363,273,421
7364,273,422
7365,273,423
7366,273,424
7367,273,425
7368,273,426
7369,273,427
7370,273,428
7371,273,429
7372,273,430
7373,273,431
7374,273,432
7375,273,433
7376,273,434
7377,273,435
7378,273,436
7379,273,437
7380,273,438
7381,273,439
7382,273,440
7383,273,441
7384,273,442
7385,273,443
7386,273,444
7387,273,445
7388,273,446
7389,273,447
7390,273,448
7391,273,449
7392,273,450
7393,273,451
7394,273,452
7395,273,453
7396,273,454
7397,273,455
7398,273,456
7399,273,457
7400,273,458
7401,273,459
7402,273,460
7403,273,461
7404,273,462
7405,273,463
7406,273,464
7407,273,465
7408,273,466
7409,273,467
7410,273,468
7411,273,469
7412,273,470
7413,273,471
7414,273,472
7415,273,473
7416,273,474
7417,273,475
7418,273,476
7419,273,477
7420,273,478
7421,273,485
7422,273,486
7423,273,487
7424,273,488
7425,273,489
7426,273,490
7427,273,491
7428,273,492
7429,273,493
7430,273,494
7431,273,495
7432,273,496
7433,273,497
7434,273,498
7435,273,499
7436,273,500
7437,273,501
7438,273,502
7439,273,503
7440,273,504
7441,273,505
7442,273,506
7443,273,507
7444,273,508
7445,273,509
7446,273,510
7447,273,511
7448,273,512
7449,273,513
7450,273,514
7451,273,515
7452,273,516
7453,273,517
7454,273,518
7455,273,519
7456,273,520
7457,273,521
7458,273,522
7459,273,523
7460,273,524
7461,273,525
7462,273,526
7463,273,527
7464,273,528
7465,273,529
7466,273,530
7467,273,531
7468,273,532
7469,273,533
7470,273,534
7471,273,535
7472,273,536
7473,273,537
7474,273,538
7475,273,539
7476,273,540
7477,273,541
7478,273,542
7479,273,543
7480,273,544
7481,273,545
7482,273,546
7483,273,547
7484,273,548
7485,273,549
7486,273,550
7487,273,551
7488,273,552
7489,273,553
7490,273,554
7491,273,555
7492,273,556
7493,273,557
7494,273,558
7495,273,559
7496,273,560
7497,273,561
7498,273,562
7499,273,563
7500,273,564
7501,273,565
7502,273,566
7503,273,567
7504,273,568
7505,273,569
7506,273,570
7507,273,571
7508,273,572
7509,273,573
7510,273,574
7511,273,575
7512,273,576
7513,273,577
7514,273,578
7515,273,579
7516,274,421
7517,274,422
7518,274,423
7519,274,424
7520,274,425
7521,274,426
7522,274,427
7523,274,428
7524,274,429
7525,274,430
7526,274,431
7527,274,432
7528,274,433
7529,274,434
7530,274,435
7531,274,436
7532,274,437
7533,274,438
7534,274,439
7535,274,440
7536,274,441
7537,274,442
7538,274,443
7539,274,444
7540,274,445
7541,274,446
7542,274,447
7543,274,448
7544,274,449
7545,274,450
7546,274,451
7547,274,452
7548,274,453
7549,274,454
7550,274,455
7551,274,456
7552,274,457
7553,274,458
7554,274,459
7555,274,460
7556,274,461
7557,274,462
7558,274,463
7559,274,464
7560,274,465
7561,274,466
7562,274,467
7563,274,468
7564,274,469
7565,274,470
7566,274,471
7567,274,472
7568,274,473
7569,274,474
7570,274,475
7571,274,476
7572,274,477
7573,274,478
7574,274,486
7575,274,487
7576,274,488
7577,274,489
7578,274,490
7579,274,491
7580,274,492
7581,274,493
7582,274,494
7583,274,495
7584,274,496
7585,274,497
7586,274,498
7587,274,499
7588,274,500
7589,274,501
7590,274,502
7591,274,503
7592,274,504
7593,274,505
7594,274,506
7595,274,507
7596,274,508
7597,274,509
7598,274,510
7599,274,511
7600,274,512
7601,274,513
7602,274,514
7603,274,515
7604,274,516
7605,274,517
7606,274,518
7607,274,519
7608,274,520
7609,274,521
7610,274,522
7611,274,523
7612,274,524
7613,274,525
7614,274,526
7615,274,527
7616,274,528
7617,274,529
7618,274,530
7619,274,531
7620,274,532
7621,274,533
7622,274,534
7623,274,535
7624,274,536
7625,274,537
7626,274,538
7627,274,539
7628,274,540
7629,274,541
7630,274,542
7631,274,543
7632,274,544
7633,274,545
7634,274,546
7635,274,547
7636,274,548
7637,274,549
7638,274,550
7639,274,551
7640,274,552
7641,274,553
7642,274,554
7643,274,555
7644,274,556
7645,274,557
7646,274,558
7647,274,559
7648,274,560
7649,274,561
7650,274,562
7651,274,563
7652,274,564
7653,274,565
7654,274,566
7655,274,567
7656,274,568
7657,274,569
7658,274,570
7659,274,571
7660,274,572
7661,274,573
7662,274,574
7663,274,575
7664,274,576
7665,274,577
7666,274,578
7667,274,579
7668,275,421
7669,275,422
7670,275,423
7671,275,424
7672,275,425
7673,275,426
7674,275,427
7675,275,428
7676,275,429
7677,275,430
7678,275,431
7679,275,432
7680,275,433
7681,275,434
7682,275,435
7683,275,436
7684,275,437
7685,275,438
7686,275,439
7687,275,440
7688,275,441
7689,275,442
7690,275,443
7691,275,444
7692,275,445
7693,275,446
7694,275,447
7695,275,448
7696,275,449
7697,275,450
7698,275,451
7699,275,452
7700,275,453
7701,275,454
7702,275,455
7703,275,456
7704,275,457
7705,275,458
7706,275,459
7707,275,460
7708,275,461
7709,275,462
7710,275,463
7711,275,464
7712,275,465
7713,275,466
7714,275,467
7715,275,468
7716,275,469
7717,275,470
7718,275,471
7719,275,472
7720,275,473
7721,275,474
7722,275,475
7723,275,476
7724,275,477
7725,275,485
7726,275,486
7727,275,487
7728,275,488
7729,275,489
7730,275,490
7731,275,491
7732,275,492
7733,275,493
7734,275,494
7735,275,495
7736,275,496
7737,275,497
7738,275,498
7739,275,499
7740,275,500
7741,275,501
7742,275,502
7743,275,503
7744,275,504
7745,275,505
7746,275,506
7747,275,507
7748,275,508
7749,275,509
7750,275,510
7751,275,511
7752,275,512
7753,275,513
7754,275,514
7755,275,515
7756,275,516
7757,275,517
7758,275,518
7759,275,519
7760,275,520
7761,275,521
7762,275,522
7763,275,523
7764,275,524
7765,275,525
7766,275,526
7767,275,527
7768,275,528
7769,275,529
7770,275,530
7771,275,531
7772,275,532
7773,275,533
7774,275,534
7775,275,535
7776,275,536
7777,275,537
7778,275,538
7779,275,539
7780,275,540
7781,275,541
7782,275,542
7783,275,543
7784,275,544
7785,275,545
7786,275,546
7787,275,547
7788,275,548
7789,275,549
7790,275,550
7791,275,551
7792,275,552
7793,275,553
7794,275,554
7795,275,555
7796,275,556
7797,275,557
7798,275,558
7799,275,559
7800,275,560
7801,275,561
7802,275,562
7803,275,563
7804,275,564
7805,275,565
7806,275,566
7807,275,567
7808,275,568
7809,275,569
7810,275,570
7811,275,571
7812,275,572
7813,275,573
7814,275,574
7815,275,575
7816,275,576
7817,275,577
7818,275,578
7819,276,421
7820,276,422
7821,276,423
7822,276,424
7823,276,425
7824,276,426
7825,276,427
7826,276,428
7827,276,429
7828,276,430
7829,276,431
7830,276,432
7831,276,433
7832,276,434
7833,276,435
7834,276,436
7835,276,437
7836,276,438
7837,276,439
7838,276,440
7839,276,441
7840,276,442
7841,276,443
7842,276,444
7843,276,445
7844,276,446
7845,276,447
7846,276,448
7847,276,449
7848,276,450
7849,276,451
7850,276,452
7851,276,453
7852,276,454
7853,276,455
7854,276,456
7855,276,457
7856,276,458
7857,276,459
7858,276,460
7859,276,461
7860,276,462
7861,276,463
7862,276,464
7863,276,465
7864,276,466
7865,276,467
7866,276,468
7867,276,469
7868,276,470
7869,276,471
7870,276,472
7871,276,473
7872,276,474
7873,276,475
7874,276,476
7875,276,477
7876,276,483
7877,276,484
7878,276,485
7879,276,486
7880,276,487
7881,276,488
7882,276,489
7883,276,490
7884,276,491
7885,276,492
7886,276,493
7887,276,494
7888,276,495
7889,276,496
7890,276,497
7891,276,498
7892,276,499
7893,276,500
7894,276,501
7895,276,502
7896,276,503
7897,276,504
7898,276,505
7899,276,506
7900,276,507
7901,276,508
7902,276,509
7903,276,510
7904,276,511
7905,276,512
7906,276,513
7907,276,514
7908,276,515
7909,276,516
7910,276,517
7911,276,518
7912,276,519
7913,276,520
7914,276,521
7915,276,522
7916,276,523
7917,276,524
7918,276,525
7919,276,526
7920,276,527
7921,276,528
7922,276,529
7923,276,530
7924,276,531
7925,276,532
7926,276,533
7927,276,534
7928,276,535
7929,276,536
7930,276,537
7931,276,538
7932,276,539
7933,276,540
7934,276,541
7935,276,542
7936,276,543
7937,276,544
7938,276,545
7939,276,546
7940,276,547
7941,276,548
7942,276,549
7943,276,550
7944,276,551
7945,276,552
7946,276,553
7947,276,554
7948,276,555
7949,276,556
7950,276,557
7951,276,558
7952,276,559
7953,276,560
7954,276,561
7955,276,562
7956,276,563
7957,276,564
7958,276,565
7959,276,566
7960,276,567
7961,276,568
7962,276,569
7963,276,570
7964,276,571
7965,276,572
7966,276,573
7967,276,574
7968,276,575
7969,276,576
7970,276,577
7971,276,578
7972,277,421
7973,277,422
7974,277,423
7975,277,424
7976,277,425
7977,277,426
7978,277,427
7979,277,428
7980,277,429
7981,277,430
7982,277,431
7983,277,432
7984,277,433
7985,277,434
7986,277,435
7987,277,436
7988,277,437
7989,277,438
7990,277,439
7991,277,440
7992,277,441
7993,277,442
7994,277,443
7995,277,444
7996,277,445
7997,277,446
7998,277,447
7999,277,448
8000,277,449
8001,277,450
8002,277,451
8003,277,452
8004,277,453
8005,277,454
8006,277,455
8007,277,456
8008,277,457
8009,277,458
8010,277,459
8011,277,460
8012,277,461
8013,277,462
8014,277,463
8015,277,464
8016,277,465
8017,277,466
8018,277,467
8019,277,468
8020,277,469
8021,277,470
8022,277,471
8023,277,472
8024,277,473
8025,277,474
8026,277,475
8027,277,476
8028,277,482
8029,277,483
8030,277,484
8031,277,485
8032,277,486
8033,277,487
8034,277,488
8035,277,489
8036,277,490
8037,277,491
8038,277,492
8039,277,493
8040,277,494
8041,277,495
8042,277,496
8043,277,497
8044,277,498
8045,277,499
8046,277,500
8047,277,501
8048,277,502
8049,277,503
8050,277,504
8051,277,505
8052,277,506
8053,277,507
8054,277,508
8055,277,509
8056,277,510
8057,277,511
8058,277,512
8059,277,513
8060,277,514
8061,277,515
8062,277,516
8063,277,517
8064,277,518
8065,277,519
8066,277,520
8067,277,521
8068,277,522
8069,277,523
8070,277,524
8071,277,525
8072,277,526
8073,277,527
8074,277,528
8075,277,529
8076,277,530
8077,277,531
8078,277,532
8079,277,533
8080,277,534
8081,277,535
8082,277,536
8083,277,537
8084,277,538
8085,277,539
8086,277,540
8087,277,541
8088,277,542
8089,277,543
8090,277,544
8091,277,545
8092,277,546
8093,277,547
8094,277,548
8095,277,549
8096,277,550
8097,277,551
8098,277,552
8099,277,553
8100,277,554
8101,277,555
8102,277,556
8103,277,557
8104,277,558
8105,277,559
8106,277,560
8107,277,561
8108,277,562
8109,277,563
8110,277,564
8111,277,565
8112,277,566
8113,277,567
8114,277,568
8115,277,569
8116,277,570
8117,277,571
8118,277,572
8119,277,573
8120,277,574
8121,277,575
8122,277,576
8123,277,577
8124,277,578
8125,278,421
8126,278,422
8127,278,423
8128,278,424
8129,278,425
8130,278,426
8131,278,427
8132,278,428
8133,278,429
8134,278,430
8135,278,431
8136,278,432
8137,278,433
8138,278,434
8139,278,435
8140,278,436
8141,278,437
8142,278,438
8143,278,439
8144,278,440
8145,278,441
8146,278,442
8147,278,443
8148,278,444
8149,278,445
8150,278,446
8151,278,447
8152,278,448
8153,278,449
8154,278,450
8155,278,451
8156,278,452
8157,278,453
8158,278,454
8159,278,455
8160,278,456
8161,278,457
8162,278,458
8163,278,459
8164,278,460
8165,278,461
8166,278,462
8167,278,463
8168,278,464
8169,278,465
8170,278,466
8171,278,467
8172,278,468
8173,278,469
8174,278,470
8175,278,471
8176,278,472
8177,278,473
8178,278,474
8179,278,475
8180,278,482
8181,278,483
8182,278,484
8183,278,485
8184,278,486
8185,278,487
8186,278,488
8187,278,489
8188,278,490
8189,278,491
8190,278,492
8191,278,493
8192,278,494
8193,278,495
8194,278,496
8195,278,497
8196,278,498
8197,278,499
8198,278,500
8199,278,501
8200,278,502
8201,278,503
8202,278,504
8203,278,505
8204,278,506
8205,278,507
8206,278,508
8207,278,509
8208,278,510
8209,278,511
8210,278,512
8211,278,513
8212,278,514
8213,278,515
8214,278,516
8215,278,517
8216,278,518
8217,278,519
8218,278,520
8219,278,521
8220,278,522
8221,278,523
8222,278,524
8223,278,525
8224,278,526
8225,278,527
8226,278,528
8227,278,529
8228,278,530
8229,278,531
8230,278,532
8231,278,533
8232,278,534
8233,278,535
8234,278,536
8235,278,537
8236,278,538
8237,278,539
8238,278,540
8239,278,541
8240,278,542
8241,278,543
8242,278,544
8243,278,545
8244,278,546
8245,278,547
8246,278,548
8247,278,549
8248,278,550
8249,278,551
8250,278,552
8251,278,553
8252,278,554
8253,278,555
8254,278,556
8255,278,557
8256,278,558
8257,278,559
8258,278,560
8259,278,561
8260,278,562
8261,278,563
8262,278,564
8263,278,565
8264,278,566
8265,278,567
8266,278,568
8267,278,569
8268,278,570
8269,278,571
8270,278,572
8271,278,573
8272,278,574
8273,278,575
8274,278,576
8275,278,577
8276,278,578
8277,279,421
8278,279,422
8279,279,423
8280,279,424
8281,279,425
8282,279,426
8283,279,427
8284,279,428
8285,279,429
8286,279,430
8287,279,431
8288,279,432
8289,279,433
8290,279,434
8291,279,435
8292,279,436
8293,279,437
8294,279,438
8295,279,439
8296,279,440
8297,279,441
8298,279,442
8299,279,443
8300,279,444
8301,279,445
8302,279,446
8303,279,447
8304,279,448
8305,279,449
8306,279,450
8307,279,451
8308,279,452
8309,279,453
8310,279,454
8311,279,455
8312,279,456
8313,279,457
8314,279,458
8315,279,459
8316,279,460
8317,279,461
8318,279,462
8319,279,463
8320,279,464
8321,279,465
8322,279,466
8323,279,467
8324,279,468
8325,279,469
8326,279,470
8327,279,471
8328,279,472
8329,279,473
8330,279,474
8331,279,475
8332,279,476
8333,279,477
8334,279,481
8335,279,482
8336,279,483
8337,279,484
8338,279,485
8339,279,486
8340,279,487
8341,279,488
8342,279,489
8343,279,490
8344,279,491
8345,279,492
8346,279,493
8347,279,494
8348,279,495
8349,279,496
8350,279,497
8351,279,498
8352,279,499
8353,279,500
8354,279,501
8355,279,502
8356,279,503
8357,279,504
8358,279,505
8359,279,506
8360,279,507
8361,279,508
8362,279,509
8363,279,510
8364,279,511
8365,279,512
8366,279,513
8367,279,514
8368,279,515
8369,279,516
8370,279,517
8371,279,518
8372,279,519
8373,279,520
8374,279,521
8375,279,522
8376,279,523
8377,279,524
8378,279,525
8379,279,526
8380,279,527
8381,279,528
8382,279,529
8383,279,530
8384,279,531
8385,279,532
8386,279,533
8387,279,534
8388,279,535
8389,279,536
8390,279,537
8391,279,538
8392,279,539
8393,279,540
8394,279,541
8395,279,542
8396,279,543
8397,279,544
8398,279,545
8399,279,546
8400,279,547
8401,279,548
8402,279,549
8403,279,550
8404,279,551
8405,279,552
8406,279,553
8407,279,554
8408,279,555
8409,279,556
8410,279,557
8411,279,558
8412,279,559
8413,279,560
8414,279,561
8415,279,562
8416,279,563
8417,279,564
8418,279,565
8419,279,566
8420,279,567
8421,279,568
8422,279,569
8423,279,570
8424,279,571
8425,279,572
8426,279,573
8427,279,574
8428,279,575
8429,279,576
8430,279,577
8431,279,578
8432,280,421
8433,280,422
8434,280,423
8435,280,424
8436,280,425
8437,280,426
8438,280,427
8439,280,428
8440,280,429
8441,280,430
8442,280,431
8443,280,432
8444,280,433
8445,280,434
8446,280,435
8447,280,436
8448,280,437
8449,280,438
8450,280,439
8451,280,440
8452,280,441
8453,280,442
8454,280,443
8455,280,444
8456,280,445
8457,280,446
8458,280,447
8459,280,448
8460,280,449
8461,280,450
8462,280,451
8463,280,452
8464,280,453
8465,280,454
8466,280,455
8467,280,456
8468,280,457
8469,280,458
8470,280,459
8471,280,460
8472,280,461
8473,280,462
8474,280,463
8475,280,464
8476,280,465
8477,280,466
8478,280,467
8479,280,468
8480,280,469
8481,280,470
8482,280,471
8483,280,472
8484,280,473
8485,280,474
8486,280,475
8487,280,476
8488,280,477
8489,280,478
8490,280,479
8491,280,480
8492,280,481
8493,280,482
8494,280,483
8495,280,484
8496,280,485
8497,280,486
8498,280,487
8499,280,488
8500,280,489
8501,280,490
8502,280,491
8503,280,492
8504,280,493
8505,280,494
8506,280,495
8507,280,496
8508,280,497
8509,280,498
8510,280,499
8511,280,500
8512,280,501
8513,280,502
8514,280,503
8515,280,504
8516,280,505
8517,280,506
8518,280,507
8519,280,508
8520,280,509
8521,280,510
8522,280,511
8523,280,512
8524,280,513
8525,280,514
8526,280,515
8527,280,516
8528,280,517
8529,280,518
8530,280,519
8531,280,520
8532,280,521
8533,280,522
8534,280,523
8535,280,524
8536,280,525
8537,280,526
8538,280,527
8539,280,528
8540,280,529
8541,280,530
8542,280,531
8543,280,532
8544,280,533
8545,280,534
8546,280,535
8547,280,536
8548,280,537
8549,280,538
8550,280,539
8551,280,540
8552,280,541
8553,280,542
8554,280,543
8555,280,544
8556,280,545
8557,280,546
8558,280,547
8559,280,548
8560,280,549
8561,280,550
8562,280,551
8563,280,552
8564,280,553
8565,280,554
8566,280,555
8567,280,556
8568,280,557
8569,280,558
8570,280,559
8571,280,560
8572,280,561
8573,280,562
8574,280,563
8575,280,564
8576,280,565
8577,280,566
8578,280,567
8579,280,568
8580,280,569
8581,280,570
8582,280,571
8583,280,572
8584,280,573
8585,280,574
8586,280,575
8587,280,576
8588,280,577
8589,280,578
8590,281,422
8591,281,423
8592,281,424
8593,281,425
8594,281,426
8595,281,427
8596,281,428
8597,281,429
8598,281,430
8599,281,431
8600,281,432
8601,281,433
8602,281,434
8603,281,435
8604,281,436
8605,281,437
8606,281,438
8607,281,439
8608,281,440
8609,281,441
8610,281,442
8611,281,443
8612,281,444
8613,281,445
8614,281,446
8615,281,447
8616,281,448
8617,281,449
8618,281,450
8619,281,451
8620,281,452
8621,281,453
8622,281,454
8623,281,455
8624,281,456
8625,281,457
8626,281,458
8627,281,459
8628,281,460
8629,281,461
8630,281,462
8631,281,463
8632,281,464
8633,281,465
8634,281,466
8635,281,467
8636,281,468
8637,281,469
8638,281,470
8639,281,471
8640,281,472
8641,281,473
8642,281,474
8643,281,475
8644,281,476
8645,281,477
8646,281,478
8647,281,479
8648,281,480
8649,281,481
8650,281,482
8651,281,483
8652,281,484
8653,281,485
8654,281,486
8655,281,487
8656,281,488
8657,281,489
8658,281,490
8659,281,491
8660,281,492
8661,281,493
8662,281,494
8663,281,495
8664,281,496
8665,281,497
8666,281,498
8667,281,499
8668,281,500
8669,281,501
8670,281,502
8671,281,503
8672,281,504
8673,281,505
8674,281,506
8675,281,507
8676,281,508
8677,281,509
8678,281,510
8679,281,511
8680,281,512
8681,281,513
8682,281,514
8683,281,515
8684,281,516
8685,281,517
8686,281,518
8687,281,519
8688,281,520
8689,281,521
8690,281,522
8691,281,523
8692,281,524
8693,281,525
8694,281,526
8695,281,527
8696,281,528
8697,281,529
8698,281,530
8699,281,531
8700,281,532
8701,281,533
8702,281,534
8703,281,535
8704,281,536
8705,281,537
8706,281,538
8707,281,539
8708,281,540
8709,281,541
8710,281,542
8711,281,543
8712,281,544
8713,281,545
8714,281,546
8715,281,547
8716,281,548
8717,281,549
8718,281,550
8719,281,551
8720,281,552
8721,281,553
8722,281,554
8723,281,555
8724,281,556
8725,281,557
8726,281,558
8727,281,559
8728,281,560
8729,281,561
8730,281,562
8731,281,563
8732,281,564
8733,281,565
8734,281,566
8735,281,567
8736,281,568
8737,281,569
8738,281,570
8739,281,571
8740,281,572
8741,281,573
8742,281,574
8743,281,575
8744,281,576
8745,281,577
8746,281,578
8747,282,422
8748,282,423
8749,282,424
8750,282,425
8751,282,426
8752,282,427
8753,282,428
8754,282,429
8755,282,430
8756,282,431
8757,282,432
8758,282,433
8759,282,434
8760,282,435
8761,282,436
8762,282,437
8763,282,438
8764,282,439
8765,282,440
8766,282,441
8767,282,442
8768,282,443
8769,282,444
8770,282,445
8771,282,446
8772,282,447
8773,282,448
8774,282,449
8775,282,450
8776,282,451
8777,282,452
8778,282,453
8779,282,454
8780,282,455
8781,282,456
8782,282,457
8783,282,458
8784,282,459
8785,282,460
8786,282,461
8787,282,462
8788,282,463
8789,282,464
8790,282,465
8791,282,466
8792,282,467
8793,282,468
8794,282,469
8795,282,470
8796,282,471
8797,282,472
8798,282,473
8799,282,474
8800,282,475
8801,282,476
8802,282,477
8803,282,478
8804,282,479
8805,282,480
8806,282,481
8807,282,482
8808,282,483
8809,282,484
8810,282,485
8811,282,486
8812,282,487
8813,282,488
8814,282,489
8815,282,490
8816,282,491
8817,282,492
8818,282,493
8819,282,494
8820,282,495
8821,282,496
8822,282,497
8823,282,498
8824,282,499
8825,282,500
8826,282,501
8827,282,502
8828,282,503
8829,282,504
8830,282,505
8831,282,506
8832,282,507
8833,282,508
8834,282,509
8835,282,510
8836,282,511
8837,282,512
8838,282,513
8839,282,514
8840,282,515
8841,282,516
8842,282,517
8843,282,518
8844,282,519
8845,282,520
8846,282,521
8847,282,522
8848,282,523
8849,282,524
8850,282,525
8851,282,526
8852,282,527
8853,282,528
8854,282,529
8855,282,530
8856,282,531
8857,282,532
8858,282,533
8859,282,534
8860,282,535
8861,282,536
8862,282,537
8863,282,538
8864,282,539
8865,282,540
8866,282,541
8867,282,542
8868,282,543
8869,282,544
8870,282,545
8871,282,546
8872,282,547
8873,282,548
8874,282,549
8875,282,550
8876,282,551
8877,282,552
8878,282,553
8879,282,554
8880,282,555
8881,282,556
8882,282,557
8883,282,558
8884,282,559
8885,282,560
8886,282,561
8887,282,562
8888,282,563
8889,282,564
8890,282,565
8891,282,566
8892,282,567
8893,282,568
8894,282,569
8895,282,570
8896,282,571
8897,282,572
8898,282,573
8899,282,574
8900,282,575
8901,282,576
8902,282,577
8903,283,422
8904,283,423
8905,283,424
8906,283,425
8907,283,426
8908,283,427
8909,283,428
8910,283,429
8911,283,430
8912,283,431
8913,283,432
8914,283,433
8915,283,434
8916,283,435
8917,283,436
8918,283,437
8919,283,438
8920,283,439
8921,283,440
8922,283,441
8923,283,442
8924,283,443
8925,283,444
8926,283,445
8927,283,446
8928,283,447
8929,283,448
8930,283,449
8931,283,450
8932,283,451
8933,283,452
8934,283,453
8935,283,454
8936,283,455
8937,283,456
8938,283,457
8939,283,458
8940,283,459
8941,283,460
8942,283,461
8943,283,462
8944,283,463
8945,283,464
8946,283,465
8947,283,466
8948,283,467
8949,283,468
8950,283,469
8951,283,470
8952,283,471
8953,283,472
8954,283,473
8955,283,474
8956,283,475
8957,283,476
8958,283,477
8959,283,478
8960,283,479
8961,283,480
8962,283,481
8963,283,482
8964,283,483
8965,283,484
8966,283,485
8967,283,486
8968,283,487
8969,283,488
8970,283,489
8971,283,490
8972,283,491
8973,283,492
8974,283,493
8975,283,494
8976,283,495
8977,283,496
8978,283,497
8979,283,498
8980,283,499
8981,283,500
8982,283,501
8983,283,502
8984,283,503
8985,283,504
8986,283,505
8987,283,506
8988,283,507
8989,283,508
8990,283,509
8991,283,510
8992,283,511
8993,283,512
8994,283,513
8995,283,514
8996,283,515
8997,283,516
8998,283,517
8999,283,518
9000,283,519
9001,283,520
9002,283,521
9003,283,522
9004,283,523
9005,283,524
9006,283,525
9007,283,526
9008,283,527
9009,283,528
9010,283,529
9011,283,530
9012,283,531
9013,283,532
9014,283,533
9015,283,534
9016,283,535
9017,283,536
9018,283,537
9019,283,538
9020,283,539
9021,283,540
9022,283,541
9023,283,542
9024,283,543
9025,283,544
9026,283,545
9027,283,546
9028,283,547
9029,283,548
9030,283,549
9031,283,550
9032,283,551
9033,283,552
9034,283,553
9035,283,554
9036,283,555
9037,283,556
9038,283,557
9039,283,558
9040,283,559
9041,283,560
9042,283,561
9043,283,562
9044,283,563
9045,283,564
9046,283,565
9047,283,566
9048,283,567
9049,283,568
9050,283,569
9051,283,570
9052,283,571
9053,283,572
9054,283,573
9055,283,574
9056,283,575
9057,283,576
9058,283,577
9059,284,422
9060,284,423
9061,284,424
9062,284,425
9063,284,426
9064,284,427
9065,284,428
9066,284,429
9067,284,430
9068,284,431
9069,284,432
9070,284,433
9071,284,434
9072,284,435
9073,284,436
9074,284,437
9075,284,438
9076,284,439
9077,284,440
9078,284,441
9079,284,442
9080,284,443
9081,284,444
9082,284,445
9083,284,446
9084,284,447
9085,284,448
9086,284,449
9087,284,450
9088,284,451
9089,284,452
9090,284,453
9091,284,454
9092,284,455
9093,284,456
9094,284,457
9095,284,458
9096,284,459
9097,284,460
9098,284,461
9099,284,462
9100,284,463
9101,284,464
9102,284,465
9103,284,466
9104,284,467
9105,284,468
9106,284,469
9107,284,470
9108,284,471
9109,284,472
9110,284,473
9111,284,474
9112,284,475
9113,284,476
9114,284,477
9115,284,478
9116,284,479
9117,284,480
9118,284,481
9119,284,482
9120,284,483
9121,284,484
9122,284,485
9123,284,486
9124,284,487
9125,284,488
9126,284,489
9127,284,490
9128,284,491
9129,284,492
9130,284,493
9131,284,494
9132,284,495
9133,284,496
9134,284,497
9135,284,498
9136,284,499
9137,284,500
9138,284,501
9139,284,502
9140,284,503
9141,284,504
9142,284,505
9143,284,506
9144,284,507
9145,284,508
9146,284,509
9147,284,510
9148,284,511
9149,284,512
9150,284,513
9151,284,514
9152,284,515
9153,284,516
9154,284,517
9155,284,518
9156,284,519
9157,284,520
9158,284,521
9159,284,522
9160,284,523
9161,284,524
9162,284,525
9163,284,526
9164,284,527
9165,284,528
9166,284,529
9167,284,530
9168,284,531
9169,284,532
9170,284,533
9171,284,534
9172,284,535
9173,284,536
9174,284,537
9175,284,538
9176,284,539
9177,284,540
9178,284,541
9179,284,542
9180,284,543
9181,284,544
9182,284,545
9183,284,546
9184,284,547
9185,284,548
9186,284,549
9187,284,550
9188,284,551
9189,284,552
9190,284,553
9191,284,554
9192,284,555
9193,284,556
9194,284,557
9195,284,558
9196,284,559
9197,284,560
9198,284,561
9199,284,562
9200,284,563
9201,284,564
9202,284,565
9203,284,566
9204,284,567
9205,284,568
9206,284,569
9207,284,570
9208,284,571
9209,284,572
9210,284,573
9211,284,574
9212,284,575
9213,284,576
9214,285,422
9215,285,423
9216,285,424
9217,285,425
9218,285,426
9219,285,427
9220,285,428
9221,285,429
9222,285,430
9223,285,431
9224,285,432
9225,285,433
9226,285,434
9227,285,435
9228,285,436
9229,285,437
9230,285,438
9231,285,439
9232,285,440
9233,285,441
9234,285,442
9235,285,443
9236,285,444
9237,285,445
9238,285,446
9239,285,447
9240,285,448
9241,285,449
9242,285,450
9243,285,451
9244,285,452
9245,285,453
9246,285,454
9247,285,455
9248,285,456
9249,285,457
9250,285,458
9251,285,459
9252,285,460
9253,285,461
9254,285,462
9255,285,463
9256,285,464
9257,285,465
9258,285,466
9259,285,467
9260,285,468
9261,285,469
9262,285,470
9263,285,471
9264,285,472
9265,285,473
9266,285,474
9267,285,475
9268,285,476
9269,285,477
9270,285,478
9271,285,479
9272,285,480
9273,285,481
9274,285,482
9275,285,483
9276,285,484
9277,285,485
9278,285,486
9279,285,487
9280,285,488
9281,285,489
9282,285,490
9283,285,491
9284,285,492
9285,285,493
9286,285,494
9287,285,495
9288,285,496
9289,285,497
9290,285,498
9291,285,499
9292,285,500
9293,285,501
9294,285,502
9295,285,503
9296,285,504
9297,285,505
9298,285,506
9299,285,507
9300,285,508
9301,285,509
9302,285,510
9303,285,511
9304,285,512
9305,285,513
9306,285,514
9307,285,515
9308,285,516
9309,285,517
9310,285,518
9311,285,519
9312,285,520
9313,285,521
9314,285,522
9315,285,523
9316,285,524
9317,285,525
9318,285,526
9319,285,527
9320,285,528
9321,285,529
9322,285,530
9323,285,531
9324,285,532
9325,285,533
9326,285,534
9327,285,535
9328,285,536
9329,285,537
9330,285,538
9331,285,539
9332,285,540
9333,285,541
9334,285,542
9335,285,543
9336,285,544
9337,285,545
9338,285,546
9339,285,547
9340,285,548
9341,285,549
9342,285,550
9343,285,551
9344,285,552
9345,285,553
9346,285,554
9347,285,555
9348,285,556
9349,285,557
9350,285,558
9351,285,559
9352,285,560
9353,285,561
9354,285,562
9355,285,563
9356,285,564
9357,285,565
9358,285,566
9359,285,567
9360,285,568
9361,285,569
9362,285,570
9363,285,571
9364,285,572
9365,285,573
9366,285,574
9367,285,575
9368,285,576
9369,286,422
9370,286,423
9371,286,424
9372,286,425
9373,286,426
9374,286,427
9375,286,428
9376,286,429
9377,286,430
9378,286,431
9379,286,432
9380,286,433
9381,286,434
9382,286,435
9383,286,436
9384,286,437
9385,286,438
9386,286,439
9387,286,440
9388,286,441
9389,286,442
9390,286,443
9391,286,444
9392,286,445
9393,286,446
9394,286,447
9395,286,448
9396,286,449
9397,286,450
9398,286,451
9399,286,452
9400,286,453
9401,286,454
9402,286,455
9403,286,456
9404,286,457
9405,286,458
9406,286,459
9407,286,460
9408,286,461
9409,286,462
9410,286,463
9411,286,464
9412,286,465
9413,286,466
9414,286,467
9415,286,468
9416,286,469
9417,286,470
9418,286,471
9419,286,472
9420,286,473
9421,286,474
9422,286,475
9423,286,476
9424,286,477
9425,286,478
9426,286,479
9427,286,480
9428,286,481
9429,286,482
9430,286,483
9431,286,484
9432,286,485
9433,286,486
9434,286,487
9435,286,488
9436,286,489
9437,286,490
9438,286,491
9439,286,492
9440,286,493
9441,286,494
9442,286,495
9443,286,496
9444,286,497
9445,286,498
9446,286,499
9447,286,500
9448,286,501
9449,286,502
9450,286,503
9451,286,504
9452,286,505
9453,286,506
9454,286,507
9455,286,508
9456,286,509
9457,286,510
9458,286,511
9459,286,512
9460,286,513
9461,286,514
9462,286,515
9463,286,516
9464,286,517
9465,286,518
9466,286,519
9467,286,520
9468,286,521
9469,286,522
9470,286,523
9471,286,524
9472,286,525
9473,286,526
9474,286,527
9475,286,528
9476,286,529
9477,286,530
9478,286,531
9479,286,532
9480,286,533
9481,286,534
9482,286,535
9483,286,536
9484,286,537
9485,286,538
9486,286,539
9487,286,540
9488,286,541
9489,286,542
9490,286,543
9491,286,544
9492,286,545
9493,286,546
9494,286,547
9495,286,548
9496,286,549
9497,286,550
9498,286,551
9499,286,552
9500,286,553
9501,286,554
9502,286,555
9503,286,556
9504,286,557
9505,286,558
9506,286,559
9507,286,560
9508,286,561
9509,286,562
9510,286,563
9511,286,564
9512,286,565
9513,286,566
9514,286,567
9515,286,568
9516,286,569
9517,286,570
9518,286,571
9519,286,572
9520,286,573
9521,286,574
9522,286,575
9523,286,576
9524,287,423
9525,287,424
9526,287,425
9527,287,426
9528,287,427
9529,287,428
9530,287,429
9531,287,430
9532,287,431
9533,287,432
9534,287,433
9535,287,434
9536,287,435
9537,287,436
9538,287,437
9539,287,438
9540,287,439
9541,287,440
9542,287,441
9543,287,442
9544,287,443
9545,287,444
9546,287,445
9547,287,446
9548,287,447
9549,287,448
9550,287,449
9551,287,450
9552,287,451
9553,287,452
9554,287,453
9555,287,454
9556,287,455
9557,287,456
9558,287,457
9559,287,458
9560,287,459
9561,287,460
9562,287,461
9563,287,462
9564,287,463
9565,287,464
9566,287,465
9567,287,466
9568,287,467
9569,287,468
9570,287,469
9571,287,470
9572,287,471
9573,287,472
9574,287,473
9575,287,474
9576,287,475
9577,287,476
9578,287,477
9579,287,478
9580,287,479
9581,287,480
9582,287,481
9583,287,482
9584,287,483
9585,287,484
9586,287,485
9587,287,486
9588,287,487
9589,287,488
9590,287,489
9591,287,490
9592,287,491
9593,287,492
9594,287,493
9595,287,494
9596,287,495
9597,287,496
9598,287,497
9599,287,498
9600,287,499
9601,287,500
9602,287,501
9603,287,502
9604,287,503
9605,287,504
9606,287,505
9607,287,506
9608,287,507
9609,287,508
9610,287,509
9611,287,510
9612,287,511
9613,287,512
9614,287,513
9615,287,514
9616,287,515
9617,287,516
9618,287,517
9619,287,518
9620,287,519
9621,287,520
9622,287,521
9623,287,522
9624,287,523
9625,287,524
9626,287,525
9627,287,526
9628,287,527
9629,287,528
9630,287,529
9631,287,530
9632,287,531
9633,287,532
9634,287,533
9635,287,534
9636,287,535
9637,287,536
9638,287,537
9639,287,538
9640,287,539
9641,287,540
9642,287,541
9643,287,542
9644,287,543
9645,287,544
9646,287,545
9647,287,546
9648,287,547
9649,287,548
9650,287,549
9651,287,550
9652,287,551
9653,287,552
9654,287,553
9655,287,554
9656,287,555
9657,287,556
9658,287,557
9659,287,558
9660,287,559
9661,287,560
9662,287,561
9663,287,562
9664,287,563
9665,287,564
9666,287,565
9667,287,566
9668,287,567
9669,287,568
9670,287,569
9671,287,570
9672,287,571
9673,287,572
9674,287,573
9675,287,574
9676,287,575
9677,288,423
9678,288,424
9679,288,425
9680,288,426
9681,288,427
9682,288,428
9683,288,429
9684,288,430
9685,288,431
9686,288,432
9687,288,433
9688,288,434
9689,288,435
9690,288,436
9691,288,437
9692,288,438
9693,288,439
9694,288,440
9695,288,441
9696,288,442
9697,288,443
9698,288,444
9699,288,445
9700,288,446
9701,288,447
9702,288,448
9703,288,449
9704,288,450
9705,288,451
9706,288,452
9707,288,453
9708,288,454
9709,288,455
9710,288,456
9711,288,457
9712,288,458
9713,288,459
9714,288,460
9715,288,461
9716,288,462
9717,288,463
9718,288,464
9719,288,465
9720,288,466
9721,288,467
9722,288,468
9723,288,469
9724,288,470
9725,288,471
9726,288,472
9727,288,473
9728,288,474
9729,288,475
9730,288,476
9731,288,477
9732,288,478
9733,288,479
9734,288,480
9735,288,481
9736,288,482
9737,288,483
9738,288,484
9739,288,485
9740,288,486
9741,288,487
9742,288,488
9743,288,489
9744,288,490
9745,288,491
9746,288,492
9747,288,493
9748,288,494
9749,288,495
9750,288,496
9751,288,497
9752,288,498
9753,288,499
9754,288,500
9755,288,501
9756,288,502
9757,288,503
9758,288,504
9759,288,505
9760,288,506
9761,288,507
9762,288,508
9763,288,509
9764,288,510
9765,288,511
9766,288,512
9767,288,513
9768,288,514
9769,288,515
9770,288,516
9771,288,517
9772,288,518
9773,288,519
9774,288,520
9775,288,521
9776,288,522
9777,288,523
9778,288,524
9779,288,525
9780,288,526
9781,288,527
9782,288,528
9783,288,529
9784,288,530
9785,288,531
9786,288,532
9787,288,533
9788,288,534
9789,288,535
9790,288,536
9791,288,537
9792,288,538
9793,288,539
9794,288,540
9795,288,541
9796,288,542
9797,288,543
9798,288,544
9799,288,545
9800,288,546
9801,288,547
9802,288,548
9803,288,549
9804,288,550
9805,288,551
9806,288,552
9807,288,553
9808,288,554
9809,288,555
9810,288,556
9811,288,557
9812,288,558
9813,288,559
9814,288,560
9815,288,561
9816,288,562
9817,288,563
9818,288,564
9819,288,565
9820,288,566
9821,288,567
9822,288,568
9823,288,569
9824,288,570
9825,288,571
9826,288,572
9827,288,573
9828,288,574
9829,288,575
9830,289,423
9831,289,424
9832,289,425
9833,289,426
9834,289,427
9835,289,428
9836,289,429
9837,289,430
9838,289,431
9839,289,432
9840,289,433
9841,289,434
9842,289,435
9843,289,436
9844,289,437
9845,289,438
9846,289,439
9847,289,440
9848,289,441
9849,289,442
9850,289,443
9851,289,444
9852,289,445
9853,289,446
9854,289,447
9855,289,448
9856,289,449
9857,289,450
9858,289,451
9859,289,452
9860,289,453
9861,289,454
9862,289,455
9863,289,456
9864,289,457
9865,289,458
9866,289,459
9867,289,460
9868,289,461
9869,289,462
9870,289,463
9871,289,464
9872,289,465
9873,289,466
9874,289,467
9875,289,468
9876,289,469
9877,289,470
9878,289,471
9879,289,472
9880,289,473
9881,289,474
9882,289,475
9883,289,476
9884,289,477
9885,289,478
9886,289,479
9887,289,480
9888,289,481
9889,289,482
9890,289,483
9891,289,484
9892,289,485
9893,289,486
9894,289,487
9895,289,488
9896,289,489
9897,289,490
9898,289,491
9899,289,492
9900,289,493
9901,289,494
9902,289,495
9903,289,496
9904,289,497
9905,289,498
9906,289,499
9907,289,500
9908,289,501
9909,289,502
9910,289,503
9911,289,504
9912,289,505
9913,289,506
9914,289,507
9915,289,508
9916,289,509
9917,289,510
9918,289,511
9919,289,512
9920,289,513
9921,289,514
9922,289,515
9923,289,516
9924,289,517
9925,289,518
9926,289,519
9927,289,520
9928,289,521
9929,289,522
9930,289,523
9931,289,524
9932,289,525
9933,289,526
9934,289,527
9935,289,528
9936,289,529
9937,289,530
9938,289,531
9939,289,532
9940,289,533
9941,289,534
9942,289,535
9943,289,536
9944,289,537
9945,289,538
9946,289,539
9947,289,540
9948,289,541
9949,289,542
9950,289,543
9951,289,544
9952,289,545
9953,289,546
9954,289,547
9955,289,548
9956,289,549
9957,289,550
9958,289,551
9959,289,552
9960,289,553
9961,289,554
9962,289,555
9963,289,556
9964,289,557
9965,289,558
9966,289,559
9967,289,560
9968,289,561
9969,289,562
9970,289,563
9971,289,564
9972,289,565
9973,289,566
9974,289,567
9975,289,568
9976,289,569
9977,289,570
9978,289,571
9979,289,572
9980,289,573
9981,289,574
9982,289,575
9983,290,423
9984,290,424
9985,290,425
9986,290,426
9987,290,427
9988,290,428
9989,290,429
9990,290,430
9991,290,431
9992,290,432
9993,290,433
9994,290,434
9995,290,435
9996,290,436
9997,290,437
9998,290,438
9999,290,439
10000,290,440
10001,290,441
10002,290,442
10003,290,443
10004,290,444
10005,290,445
10006,290,446
10007,290,447
10008,290,448
10009,290,449
10010,290,450
10011,290,451
10012,290,452
10013,290,453
10014,290,454
10015,290,455
10016,290,456
10017,290,457
10018,290,458
10019,290,459
10020,290,460
10021,290,461
10022,290,462
10023,290,463
10024,290,464
10025,290,465
10026,290,466
10027,290,467
10028,290,468
10029,290,469
10030,290,470
10031,290,471
10032,290,472
10033,290,473
10034,290,474
10035,290,475
10036,290,476
10037,290,477
10038,290,478
10039,290,479
10040,290,480
10041,290,481
10042,290,482
10043,290,483
10044,290,484
10045,290,485
10046,290,486
10047,290,487
10048,290,488
10049,290,489
10050,290,490
10051,290,491
10052,290,492
10053,290,493
10054,290,494
10055,290,495
10056,290,496
10057,290,497
10058,290,498
10059,290,499
10060,290,500
10061,290,501
10062,290,502
10063,290,503
10064,290,504
10065,290,505
10066,290,506
10067,290,507
10068,290,508
10069,290,509
10070,290,510
10071,290,511
10072,290,512
10073,290,513
10074,290,514
10075,290,515
10076,290,516
10077,290,517
10078,290,518
10079,290,519
10080,290,520
10081,290,521
10082,290,522
10083,290,523
10084,290,524
10085,290,525
10086,290,526
10087,290,527
10088,290,528
10089,290,529
10090,290,530
10091,290,531
10092,290,532
10093,290,533
10094,290,534
10095,290,535
10096,290,536
10097,290,537
10098,290,538
10099,290,539
10100,290,540
10101,290,541
10102,290,542
10103,290,543
10104,290,544
10105,290,545
10106,290,546
10107,290,547
10108,290,548
10109,290,549
10110,290,550
10111,290,551
10112,290,552
10113,290,553
10114,290,554
10115,290,555
10116,290,556
10117,290,557
10118,290,558
10119,290,559
10120,290,560
10121,290,561
10122,290,562
10123,290,563
10124,290,564
10125,290,565
10126,290,566
10127,290,567
10128,290,568
10129,290,569
10130,290,570
10131,290,571
10132,290,572
10133,290,573
10134,290,574
10135,290,575
10136,291,424
10137,291,425
10138,291,426
10139,291,427
10140,291,428
10141,291,429
10142,291,430
10143,291,431
10144,291,432
10145,291,433
10146,291,434
10147,291,435
10148,291,436
10149,291,437
10150,291,438
10151,291,439
10152,291,440
10153,291,441
10154,291,442
10155,291,443
10156,291,444
10157,291,445
10158,291,446
10159,291,447
10160,291,448
10161,291,449
10162,291,450
10163,291,451
10164,291,452
10165,291,453
10166,291,454
10167,291,455
10168,291,456
10169,291,457
10170,291,458
10171,291,459
10172,291,460
10173,291,461
10174,291,462
10175,291,463
10176,291,464
10177,291,465
10178,291,466
10179,291,467
10180,291,468
10181,291,469
10182,291,470
10183,291,471
10184,291,472
10185,291,473
10186,291,474
10187,291,475
10188,291,476
10189,291,477
10190,291,478
10191,291,479
10192,291,480
10193,291,481
10194,291,488
10195,291,489
10196,291,490
10197,291,491
10198,291,492
10199,291,493
10200,291,494
10201,291,495
10202,291,496
10203,291,497
10204,291,498
10205,291,499
10206,291,500
10207,291,501
10208,291,502
10209,291,503
10210,291,504
10211,291,505
10212,291,506
10213,291,507
10214,291,508
10215,291,509
10216,291,510
10217,291,511
10218,291,512
10219,291,513
10220,291,514
10221,291,515
10222,291,516
10223,291,517
10224,291,518
10225,291,519
10226,291,520
10227,291,521
10228,291,522
10229,291,523
10230,291,524
10231,291,525
10232,291,526
10233,291,527
10234,291,528
10235,291,529
10236,291,530
10237,291,531
10238,291,532
10239,291,533
10240,291,534
10241,291,535
10242,291,536
10243,291,537
10244,291,538
10245,291,539
10246,291,540
10247,291,541
10248,291,542
10249,291,543
10250,291,544
10251,291,545
10252,291,546
10253,291,547
10254,291,548
10255,291,549
10256,291,550
10257,291,551
10258,291,552
10259,291,553
10260,291,554
10261,291,555
10262,291,556
10263,291,557
10264,291,558
10265,291,559
10266,291,560
10267,291,561
10268,291,562
10269,291,563
10270,291,564
10271,291,565
10272,291,566
10273,291,567
10274,291,568
10275,291,569
10276,291,570
10277,291,571
10278,291,572
10279,291,573
10280,291,574
10281,291,575
10282,292,424
10283,292,425
10284,292,426
10285,292,427
10286,292,428
10287,292,429
10288,292,430
10289,292,431
10290,292,432
10291,292,433
10292,292,434
10293,292,435
10294,292,436
10295,292,437
10296,292,438
10297,292,439
10298,292,440
10299,292,441
10300,292,442
10301,292,443
10302,292,444
10303,292,445
10304,292,446
10305,292,447
10306,292,448
10307,292,449
10308,292,450
10309,292,451
10310,292,452
10311,292,453
10312,292,454
10313,292,455
10314,292,456
10315,292,457
10316,292,458
10317,292,459
10318,292,460
10319,292,461
10320,292,462
10321,292,463
10322,292,464
10323,292,465
10324,292,466
10325,292,467
10326,292,468
10327,292,469
10328,292,470
10329,292,471
10330,292,472
10331,292,473
10332,292,474
10333,292,475
10334,292,476
10335,292,477
10336,292,478
10337,292,479
10338,292,480
10339,292,489
10340,292,490
10341,292,491
10342,292,492
10343,292,493
10344,292,494
10345,292,495
10346,292,496
10347,292,497
10348,292,498
10349,292,499
10350,292,500
10351,292,501
10352,292,502
10353,292,503
10354,292,504
10355,292,505
10356,292,506
10357,292,507
10358,292,508
10359,292,509
10360,292,510
10361,292,511
10362,292,512
10363,292,513
10364,292,514
10365,292,515
10366,292,516
10367,292,517
10368,292,518
10369,292,519
10370,292,520
10371,292,521
10372,292,522
10373,292,523
10374,292,524
10375,292,525
10376,292,526
10377,292,527
10378,292,528
10379,292,529
10380,292,530
10381,292,531
10382,292,532
10383,292,533
10384,292,534
10385,292,535
10386,292,536
10387,292,537
10388,292,538
10389,292,539
10390,292,540
10391,292,541
10392,292,542
10393,292,543
10394,292,544
10395,292,545
10396,292,546
10397,292,547
10398,292,548
10399,292,549
10400,292,550
10401,292,551
10402,292,552
10403,292,553
10404,292,554
10405,292,555
10406,292,556
10407,292,557
10408,292,558
10409,292,559
10410,292,560
10411,292,561
10412,292,562
10413,292,563
10414,292,564
10415,292,565
10416,292,566
10417,292,567
10418,292,568
10419,292,569
10420,292,570
10421,292,571
10422,292,572
10423,292,573
10424,292,574
10425,292,575
10426,293,424
10427,293,425
10428,293,426
10429,293,427
10430,293,428
10431,293,429
10432,293,430
10433,293,431
10434,293,432
10435,293,433
10436,293,434
10437,293,435
10438,293,436
10439,293,437
10440,293,438
10441,293,439
10442,293,440
10443,293,441
10444,293,442
10445,293,443
10446,293,444
10447,293,445
10448,293,446
10449,293,447
10450,293,448
10451,293,449
10452,293,450
10453,293,451
10454,293,452
10455,293,453
10456,293,454
10457,293,455
10458,293,456
10459,293,457
10460,293,458
10461,293,459
10462,293,460
10463,293,461
10464,293,462
10465,293,463
10466,293,464
10467,293,465
10468,293,466
10469,293,467
10470,293,468
10471,293,469
10472,293,470
10473,293,471
10474,293,472
10475,293,473
10476,293,474
10477,293,475
10478,293,476
10479,293,477
10480,293,478
10481,293,479
10482,293,480
10483,293,489
10484,293,490
10485,293,491
10486,293,492
10487,293,493
10488,293,494
10489,293,495
10490,293,496
10491,293,497
10492,293,498
10493,293,499
10494,293,500
10495,293,501
10496,293,502
10497,293,503
10498,293,504
10499,293,505
10500,293,506
10501,293,507
10502,293,508
10503,293,509
10504,293,510
10505,293,511
10506,293,512
10507,293,513
10508,293,514
10509,293,515
10510,293,516
10511,293,517
10512,293,518
10513,293,519
10514,293,520
10515,293,521
10516,293,522
10517,293,523
10518,293,524
10519,293,525
10520,293,526
10521,293,527
10522,293,528
10523,293,529
10524,293,530
10525,293,531
10526,293,532
10527,293,533
10528,293,534
10529,293,535
10530,293,536
10531,293,537
10532,293,538
10533,293,539
10534,293,540
10535,293,541
10536,293,542
10537,293,543
10538,293,544
10539,293,545
10540,293,546
10541,293,547
10542,293,548
10543,293,549
10544,293,550
10545,293,551
10546,293,552
10547,293,553
10548,293,554
10549,293,555
10550,293,556
10551,293,557
10552,293,558
10553,293,559
10554,293,560
10555,293,561
10556,293,562
10557,293,563
10558,293,564
10559,293,565
10560,293,566
10561,293,567
10562,293,568
10563,293,569
10564,293,570
10565,293,571
10566,293,572
10567,293,573
10568,293,574
10569,293,575
10570,294,424
10571,294,425
10572,294,426
10573,294,427
10574,294,428
10575,294,429
10576,294,430
10577,294,431
10578,294,432
10579,294,433
10580,294,434
10581,294,435
10582,294,436
10583,294,437
10584,294,438
10585,294,439
10586,294,440
10587,294,441
10588,294,442
10589,294,443
10590,294,444
10591,294,445
10592,294,446
10593,294,447
10594,294,448
10595,294,449
10596,294,450
10597,294,451
10598,294,452
10599,294,453
10600,294,454
10601,294,455
10602,294,456
10603,294,457
10604,294,458
10605,294,459
10606,294,460
10607,294,461
10608,294,462
10609,294,463
10610,294,464
10611,294,465
10612,294,466
10613,294,467
10614,294,468
10615,294,469
10616,294,470
10617,294,471
10618,294,472
10619,294,473
10620,294,474
10621,294,475
10622,294,476
10623,294,477
10624,294,478
10625,294,479
10626,294,480
10627,294,481
10628,294,489
10629,294,490
10630,294,491
10631,294,492
10632,294,493
10633,294,494
10634,294,495
10635,294,496
10636,294,497
10637,294,498
10638,294,499
10639,294,500
10640,294,501
10641,294,502
10642,294,503
10643,294,504
10644,294,505
10645,294,506
10646,294,507
10647,294,508
10648,294,509
10649,294,510
10650,294,511
10651,294,512
10652,294,513
10653,294,514
10654,294,515
10655,294,516
10656,294,517
10657,294,518
10658,294,519
10659,294,520
10660,294,521
10661,294,522
10662,294,523
10663,294,524
10664,294,525
10665,294,526
10666,294,527
10667,294,528
10668,294,529
10669,294,530
10670,294,531
10671,294,532
10672,294,533
10673,294,534
10674,294,535
10675,294,536
10676,294,537
10677,294,538
10678,294,539
10679,294,540
10680,294,541
10681,294,542
10682,294,543
10683,294,544
10684,294,545
10685,294,546
10686,294,547
10687,294,548
10688,294,549
10689,294,550
10690,294,551
10691,294,552
10692,294,553
10693,294,554
10694,294,555
10695,294,556
10696,294,557
10697,294,558
10698,294,559
10699,294,560
10700,294,561
10701,294,562
10702,294,563
10703,294,564
10704,294,565
10705,294,566
10706,294,567
10707,294,568
10708,294,569
10709,294,570
10710,294,571
10711,294,572
10712,294,573
10713,294,574
10714,294,575
10715,295,424
10716,295,425
10717,295,426
10718,295,427
10719,295,428
10720,295,429
10721,295,430
10722,295,431
10723,295,432
10724,295,433
10725,295,434
10726,295,435
10727,295,436
10728,295,437
10729,295,438
10730,295,439
10731,295,440
10732,295,441
10733,295,442
10734,295,443
10735,295,444
10736,295,445
10737,295,446
10738,295,447
10739,295,448
10740,295,449
10741,295,450
10742,295,451
10743,295,452
10744,295,453
10745,295,454
10746,295,455
10747,295,456
10748,295,457
10749,295,458
10750,295,459
10751,295,460
10752,295,461
10753,295,462
10754,295,463
10755,295,464
10756,295,465
10757,295,466
10758,295,467
10759,295,468
10760,295,469
10761,295,470
10762,295,471
10763,295,472
10764,295,473
10765,295,474
10766,295,475
10767,295,476
10768,295,477
10769,295,478
10770,295,479
10771,295,480
10772,295,481
10773,295,489
10774,295,490
10775,295,491
10776,295,492
10777,295,493
10778,295,494
10779,295,495
10780,295,496
10781,295,497
10782,295,498
10783,295,499
10784,295,500
10785,295,501
10786,295,502
10787,295,503
10788,295,504
10789,295,505
10790,295,506
10791,295,507
10792,295,508
10793,295,509
10794,295,510
10795,295,511
10796,295,512
10797,295,513
10798,295,514
10799,295,515
10800,295,516
10801,295,517
10802,295,518
10803,295,519
10804,295,520
10805,295,521
10806,295,522
10807,295,523
10808,295,524
10809,295,525
10810,295,526
10811,295,527
10812,295,528
10813,295,529
10814,295,530
10815,295,531
10816,295,532
10817,295,533
10818,295,534
10819,295,535
10820,295,536
10821,295,537
10822,295,538
10823,295,539
10824,295,540
10825,295,541
10826,295,542
10827,295,543
10828,295,544
10829,295,545
10830,295,546
10831,295,547
10832,295,548
10833,295,549
10834,295,550
10835,295,551
10836,295,552
10837,295,553
10838,295,554
10839,295,555
10840,295,556
10841,295,557
10842,295,558
10843,295,559
10844,295,560
10845,295,561
10846,295,562
10847,295,563
10848,295,564
10849,295,565
10850,295,566
10851,295,567
10852,295,568
10853,295,569
10854,295,570
10855,295,571
10856,295,572
10857,295,573
10858,295,574
10859,295,575
10860,296,424
10861,296,425
10862,296,426
10863,296,427
10864,296,428
10865,296,429
10866,296,430
10867,296,431
10868,296,432
10869,296,433
10870,296,434
10871,296,435
10872,296,436
10873,296,437
10874,296,438
10875,296,439
10876,296,440
10877,296,441
10878,296,442
10879,296,443
10880,296,444
10881,296,445
10882,296,446
10883,296,447
10884,296,448
10885,296,449
10886,296,450
10887,296,451
10888,296,452
10889,296,453
10890,296,454
10891,296,455
10892,296,456
10893,296,457
10894,296,458
10895,296,459
10896,296,460
10897,296,461
10898,296,462
10899,296,463
10900,296,464
10901,296,465
10902,296,466
10903,296,467
10904,296,468
10905,296,469
10906,296,470
10907,296,471
10908,296,472
10909,296,473
10910,296,474
10911,296,475
10912,296,476
10913,296,477
10914,296,478
10915,296,479
10916,296,480
10917,296,481
10918,296,489
10919,296,490
10920,296,491
10921,296,492
10922,296,493
10923,296,494
10924,296,495
10925,296,496
10926,296,497
10927,296,498
10928,296,499
10929,296,500
10930,296,501
10931,296,502
10932,296,503
10933,296,504
10934,296,505
10935,296,506
10936,296,507
10937,296,508
10938,296,509
10939,296,510
10940,296,511
10941,296,512
10942,296,513
10943,296,514
10944,296,515
10945,296,516
10946,296,517
10947,296,518
10948,296,519
10949,296,520
10950,296,521
10951,296,522
10952,296,523
10953,296,524
10954,296,525
10955,296,526
10956,296,527
10957,296,528
10958,296,529
10959,296,530
10960,296,531
10961,296,532
10962,296,533
10963,296,534
10964,296,535
10965,296,536
10966,296,537
10967,296,538
10968,296,539
10969,296,540
10970,296,541
10971,296,542
10972,296,543
10973,296,544
10974,296,545
10975,296,546
10976,296,547
10977,296,548
10978,296,549
10979,296,550
10980,296,551
10981,296,552
10982,296,553
10983,296,554
10984,296,555
10985,296,556
10986,296,557
10987,296,558
10988,296,559
10989,296,560
10990,296,561
10991,296,562
10992,296,563
10993,296,564
10994,296,565
10995,296,566
10996,296,567
10997,296,568
10998,296,569
10999,296,570
11000,296,571
11001,296,572
11002,296,573
11003,296,574
11004,296,575
11005,297,424
11006,297,425
11007,297,426
11008,297,427
11009,297,428
11010,297,429
11011,297,430
11012,297,431
11013,297,432
11014,297,433
11015,297,434
11016,297,435
11017,297,436
11018,297,437
11019,297,438
11020,297,439
11021,297,440
11022,297,441
11023,297,442
11024,297,443
11025,297,444
11026,297,445
11027,297,446
11028,297,447
11029,297,448
11030,297,449
11031,297,450
11032,297,451
11033,297,452
11034,297,453
11035,297,454
11036,297,455
11037,297,456
11038,297,457
11039,297,458
11040,297,459
11041,297,460
11042,297,461
11043,297,462
11044,297,463
11045,297,464
11046,297,465
11047,297,466
11048,297,467
11049,297,468
11050,297,469
11051,297,470
11052,297,471
11053,297,472
11054,297,473
11055,297,474
11056,297,475
11057,297,476
11058,297,477
11059,297,478
11060,297,479
11061,297,480
11062,297,481
11063,297,489
11064,297,490
11065,297,491
11066,297,492
11067,297,493
11068,297,494
11069,297,495
11070,297,496
11071,297,497
11072,297,498
11073,297,499
11074,297,500
11075,297,501
11076,297,502
11077,297,503
11078,297,504
11079,297,505
11080,297,506
11081,297,507
11082,297,508
11083,297,509
11084,297,510
11085,297,511
11086,297,512
11087,297,513
11088,297,514
11089,297,515
11090,297,516
11091,297,517
11092,297,518
11093,297,519
11094,297,520
11095,297,521
11096,297,522
11097,297,523
11098,297,524
11099,297,525
11100,297,526
11101,297,527
11102,297,528
11103,297,529
11104,297,530
11105,297,531
11106,297,532
11107,297,533
11108,297,534
11109,297,535
11110,297,536
11111,297,537
11112,297,538
11113,297,539
11114,297,540
11115,297,541
11116,297,542
11117,297,543
11118,297,544
11119,297,545
11120,297,546
11121,297,547
11122,297,548
11123,297,549
11124,297,550
11125,297,551
11126,297,552
11127,297,553
11128,297,554
11129,297,555
11130,297,556
11131,297,557
11132,297,558
11133,297,559
11134,297,560
11135,297,561
11136,297,562
11137,297,563
11138,297,564
11139,297,565
11140,297,566
11141,297,567
11142,297,568
11143,297,569
11144,297,570
11145,297,571
11146,297,572
11147,297,573
11148,297,574
11149,298,424
11150,298,425
11151,298,426
11152,298,427
11153,298,428
11154,298,429
11155,298,430
11156,298,431
11157,298,432
11158,298,433
11159,298,434
11160,298,435
11161,298,436
11162,298,437
11163,298,438
11164,298,439
11165,298,440
11166,298,441
11167,298,442
11168,298,443
11169,298,444
11170,298,445
11171,298,446
11172,298,447
11173,298,448
11174,298,449
11175,298,450
11176,298,451
11177,298,452
11178,298,453
11179,298,454
11180,298,455
11181,298,456
11182,298,457
11183,298,458
11184,298,459
11185,298,460
11186,298,461
11187,298,462
11188,298,463
11189,298,464
11190,298,465
11191,298,466
11192,298,467
11193,298,468
11194,298,469
11195,298,470
11196,298,471
11197,298,472
11198,298,473
11199,298,474
11200,298,475
11201,298,476
11202,298,477
11203,298,478
11204,298,479
11205,298,480
11206,298,481
11207,298,489
11208,298,490
11209,298,491
11210,298,492
11211,298,493
11212,298,494
11213,298,495
11214,298,496
11215,298,497
11216,298,498
11217,298,499
11218,298,500
11219,298,501
11220,298,502
11221,298,503
11222,298,504
11223,298,505
11224,298,506
11225,298,507
11226,298,508
11227,298,509
11228,298,510
11229,298,511
11230,298,512
11231,298,513
11232,298,514
11233,298,515
11234,298,516
11235,298,517
11236,298,518
11237,298,519
11238,298,520
11239,298,521
11240,298,522
11241,298,523
11242,298,524
11243,298,525
11244,298,526
11245,298,527
11246,298,528
11247,298,529
11248,298,530
11249,298,531
11250,298,532
11251,298,533
11252,298,534
11253,298,535
11254,298,536
11255,298,537
11256,298,538
11257,298,539
11258,298,540
11259,298,541
11260,298,542
11261,298,543
11262,298,544
11263,298,545
11264,298,546
11265,298,547
11266,298,548
11267,298,549
11268,298,550
11269,298,551
11270,298,552
11271,298,553
11272,298,554
11273,298,555
11274,298,556
11275,298,557
11276,298,558
11277,298,559
11278,298,560
11279,298,561
11280,298,562
11281,298,563
11282,298,564
11283,298,565
11284,298,566
11285,298,567
11286,298,568
11287,298,569
11288,298,570
11289,298,571
11290,298,572
11291,298,573
11292,298,574
11293,299,425
11294,299,426
11295,299,427
11296,299,428
11297,299,429
11298,299,430
11299,299,431
11300,299,432
11301,299,433
11302,299,434
11303,299,435
11304,299,436
11305,299,437
11306,299,438
11307,299,439
11308,299,440
11309,299,441
11310,299,442
11311,299,443
11312,299,444
11313,299,445
11314,299,446
11315,299,447
11316,299,448
11317,299,449
11318,299,450
11319,299,451
11320,299,452
11321,299,453
11322,299,454
11323,299,455
11324,299,456
11325,299,457
11326,299,458
11327,299,459
11328,299,460
11329,299,461
11330,299,462
11331,299,463
11332,299,464
11333,299,465
11334,299,466
11335,299,467
11336,299,468
11337,299,469
11338,299,470
11339,299,471
11340,299,472
11341,299,473
11342,299,474
11343,299,475
11344,299,476
11345,299,477
11346,299,478
11347,299,479
11348,299,480
11349,299,481
11350,299,489
11351,299,490
11352,299,491
11353,299,492
11354,299,493
11355,299,494
11356,299,495
11357,299,496
11358,299,497
11359,299,498
11360,299,499
11361,299,500
11362,299,501
11363,299,502
11364,299,503
11365,299,504
11366,299,505
11367,299,506
11368,299,507
11369,299,508
11370,299,509
11371,299,510
11372,299,511
11373,299,512
11374,299,513
11375,299,514
11376,299,515
11377,299,516
11378,299,517
11379,299,518
11380,299,519
11381,299,520
11382,299,521
11383,299,522
11384,299,523
11385,299,524
11386,299,525
11387,299,526
11388,299,527
11389,299,528
11390,299,529
11391,299,530
11392,299,531
11393,299,532
11394,299,533
11395,299,534
11396,299,535
11397,299,536
11398,299,537
11399,299,538
11400,299,539
11401,299,540
11402,299,541
11403,299,542
11404,299,543
11405,299,544
11406,299,545
11407,299,546
11408,299,547
11409,299,548
11410,299,549
11411,299,550
11412,299,551
11413,299,552
11414,299,553
11415,299,554
11416,299,555
11417,299,556
11418,299,557
11419,299,558
11420,299,559
11421,299,560
11422,299,561
11423,299,562
11424,299,563
11425,299,564
11426,299,565
11427,299,566
11428,299,567
11429,299,568
11430,299,569
11431,299,570
11432,299,571
11433,299,572
11434,299,573
11435,299,574
11436,300,425
11437,300,426
11438,300,427
11439,300,428
11440,300,429
11441,300,430
11442,300,431
11443,300,432
11444,300,433
11445,300,434
11446,300,435
11447,300,436
11448,300,437
11449,300,438
11450,300,439
11451,300,440
11452,300,441
11453,300,442
11454,300,443
11455,300,444
11456,300,445
11457,300,446
11458,300,447
11459,300,448
11460,300,449
11461,300,450
11462,300,451
11463,300,452
11464,300,453
11465,300,454
11466,300,455
11467,300,456
11468,300,457
11469,300,458
11470,300,459
11471,300,460
11472,300,461
11473,300,462
11474,300,463
11475,300,464
11476,300,465
11477,300,466
11478,300,467
11479,300,468
11480,300,469
11481,300,470
11482,300,471
11483,300,472
11484,300,473
11485,300,474
11486,300,475
11487,300,476
11488,300,477
11489,300,478
11490,300,479
11491,300,480
11492,300,481
11493,300,489
11494,300,490
11495,300,491
11496,300,492
11497,300,493
11498,300,494
11499,300,495
11500,300,496
11501,300,497
11502,300,498
11503,300,499
11504,300,500
11505,300,501
11506,300,502
11507,300,503
11508,300,504
11509,300,505
11510,300,506
11511,300,507
11512,300,508
11513,300,509
11514,300,510
11515,300,511
11516,300,512
11517,300,513
11518,300,514
11519,300,515
11520,300,516
11521,300,517
11522,300,518
11523,300,519
11524,300,520
11525,300,521
11526,300,522
11527,300,523
11528,300,524
11529,300,525
11530,300,526
11531,300,527
11532,300,528
11533,300,529
11534,300,530
11535,300,531
11536,300,532
11537,300,533
11538,300,534
11539,300,535
11540,300,536
11541,300,537
11542,300,538
11543,300,539
11544,300,540
11545,300,541
11546,300,542
11547,300,543
11548,300,544
11549,300,545
11550,300,546
11551,300,547
11552,300,548
11553,300,549
11554,300,550
11555,300,551
11556,300,552
11557,300,553
11558,300,554
11559,300,555
11560,300,556
11561,300,557
11562,300,558
11563,300,559
11564,300,560
11565,300,561
11566,300,562
11567,300,563
11568,300,564
11569,300,565
11570,300,566
11571,300,567
11572,300,568
11573,300,569
11574,300,570
11575,300,571
11576,300,572
11577,300,573
11578,300,574
11579,301,425
11580,301,426
11581,301,427
11582,301,428
11583,301,429
11584,301,430
11585,301,431
11586,301,432
11587,301,433
11588,301,434
11589,301,435
11590,301,436
11591,301,437
11592,301,438
11593,301,439
11594,301,440
11595,301,441
11596,301,442
11597,301,443
11598,301,444
11599,301,445
11600,301,446
11601,301,447
11602,301,448
11603,301,449
11604,301,450
11605,301,451
11606,301,452
11607,301,453
11608,301,454
11609,301,455
11610,301,456
11611,301,457
11612,301,458
11613,301,459
11614,301,460
11615,301,461
11616,301,462
11617,301,463
11618,301,464
11619,301,465
11620,301,466
11621,301,467
11622,301,468
11623,301,469
11624,301,470
11625,301,471
11626,301,472
11627,301,473
11628,301,474
11629,301,475
11630,301,476
11631,301,477
11632,301,478
11633,301,479
11634,301,480
11635,301,481
11636,301,490
11637,301,491
11638,301,492
11639,301,493
11640,301,494
11641,301,495
11642,301,496
11643,301,497
11644,301,498
11645,301,499
11646,301,500
11647,301,501
11648,301,502
11649,301,503
11650,301,504
11651,301,505
11652,301,506
11653,301,507
11654,301,508
11655,301,509
11656,301,510
11657,301,511
11658,301,512
11659,301,513
11660,301,514
11661,301,515
11662,301,516
11663,301,517
11664,301,518
11665,301,519
11666,301,520
11667,301,521
11668,301,522
11669,301,523
11670,301,524
11671,301,525
11672,301,526
11673,301,527
11674,301,528
11675,301,529
11676,301,530
11677,301,531
11678,301,532
11679,301,533
11680,301,534
11681,301,535
11682,301,536
11683,301,537
11684,301,538
11685,301,539
11686,301,540
11687,301,541
11688,301,542
11689,301,543
11690,301,544
11691,301,545
11692,301,546
11693,301,547
11694,301,548
11695,301,549
11696,301,550
11697,301,551
11698,301,552
11699,301,553
11700,301,554
11701,301,555
11702,301,556
11703,301,557
11704,301,558
11705,301,559
11706,301,560
11707,301,561
11708,301,562
11709,301,563
11710,301,564
11711,301,565
11712,301,566
11713,301,567
11714,301,568
11715,301,569
11716,301,570
11717,301,571
11718,301,572
11719,301,573
11720,301,574
11721,302,425
11722,302,426
11723,302,427
11724,302,428
11725,302,429
11726,302,430
11727,302,431
11728,302,432
11729,302,433
11730,302,434
11731,302,435
11732,302,436
11733,302,437
11734,302,438
11735,302,439
11736,302,440
11737,302,441
11738,302,442
11739,302,443
11740,302,444
11741,302,445
11742,302,446
11743,302,447
11744,302,448
11745,302,449
11746,302,450
11747,302,451
11748,302,452
11749,302,453
11750,302,454
11751,302,455
11752,302,456
11753,302,457
11754,302,458
11755,302,459
11756,302,460
11757,302,461
11758,302,462
11759,302,463
11760,302,464
11761,302,465
11762,302,466
11763,302,467
11764,302,468
11765,302,469
11766,302,470
11767,302,471
11768,302,472
11769,302,473
11770,302,474
11771,302,475
11772,302,476
11773,302,477
11774,302,478
11775,302,479
11776,302,480
11777,302,481
11778,302,490
11779,302,491
11780,302,492
11781,302,493
11782,302,494
11783,302,495
11784,302,496
11785,302,497
11786,302,498
11787,302,499
11788,302,500
11789,302,501
11790,302,502
11791,302,503
11792,302,504
11793,302,505
11794,302,506
11795,302,507
11796,302,508
11797,302,509
11798,302,510
11799,302,511
11800,302,512
11801,302,513
11802,302,514
11803,302,515
11804,302,516
11805,302,517
11806,302,518
11807,302,519
11808,302,520
11809,302,521
11810,302,522
11811,302,523
11812,302,524
11813,302,525
11814,302,526
11815,302,527
11816,302,528
11817,302,529
11818,302,530
11819,302,531
11820,302,532
11821,302,533
11822,302,534
11823,302,535
11824,302,536
11825,302,537
11826,302,538
11827,302,539
11828,302,540
11829,302,541
11830,302,542
11831,302,543
11832,302,544
11833,302,545
11834,302,546
11835,302,547
11836,302,548
11837,302,549
11838,302,550
11839,302,551
11840,302,552
11841,302,553
11842,302,554
11843,302,555
11844,302,556
11845,302,557
11846,302,558
11847,302,559
11848,302,560
11849,302,561
11850,302,562
11851,302,563
11852,302,564
11853,302,565
11854,302,566
11855,302,567
11856,302,568
11857,302,569
11858,302,570
11859,302,571
11860,302,572
11861,302,573
11862,303,425
11863,303,426
11864,303,427
11865,303,428
11866,303,429
11867,303,430
11868,303,431
11869,303,432
11870,303,433
11871,303,434
11872,303,435
11873,303,436
11874,303,437
11875,303,438
11876,303,439
11877,303,440
11878,303,441
11879,303,442
11880,303,443
11881,303,444
11882,303,445
11883,303,446
11884,303,447
11885,303,448
11886,303,449
11887,303,450
11888,303,451
11889,303,452
11890,303,453
11891,303,454
11892,303,455
11893,303,456
11894,303,457
11895,303,458
11896,303,459
11897,303,460
11898,303,461
11899,303,462
11900,303,463
11901,303,464
11902,303,465
11903,303,466
11904,303,467
11905,303,468
11906,303,469
11907,303,470
11908,303,471
11909,303,472
11910,303,473
11911,303,474
11912,303,475
11913,303,476
11914,303,477
11915,303,478
11916,303,479
11917,303,480
11918,303,481
11919,303,490
11920,303,491
11921,303,492
11922,303,493
11923,303,494
11924,303,495
11925,303,496
11926,303,497
11927,303,498
11928,303,499
11929,303,500
11930,303,501
11931,303,502
11932,303,503
11933,303,504
11934,303,505
11935,303,506
11936,303,507
11937,303,508
11938,303,509
11939,303,510
11940,303,511
11941,303,512
11942,303,513
11943,303,514
11944,303,515
11945,303,516
11946,303,517
11947,303,518
11948,303,519
11949,303,520
11950,303,521
11951,303,522
11952,303,523
11953,303,524
11954,303,525
11955,303,526
11956,303,527
11957,303,528
11958,303,529
11959,303,530
11960,303,531
11961,303,532
11962,303,533
11963,303,534
11964,303,535
11965,303,536
11966,303,537
11967,303,538
11968,303,539
11969,303,540
11970,303,541
11971,303,542
11972,303,543
11973,303,544
11974,303,545
11975,303,546
11976,303,547
11977,303,548
11978,303,549
11979,303,550
11980,303,551
11981,303,552
11982,303,553
11983,303,554
11984,303,555
11985,303,556
11986,303,557
11987,303,558
11988,303,559
11989,303,560
11990,303,561
11991,303,562
11992,303,563
11993,303,564
11994,303,565
11995,303,566
11996,303,567
11997,303,568
11998,303,569
11999,303,570
12000,303,571
12001,303,572
12002,303,573
12003,303,574
12004,304,424
12005,304,425
12006,304,426
12007,304,427
12008,304,428
12009,304,429
12010,304,430
12011,304,431
12012,304,432
12013,304,433
12014,304,434
12015,304,435
12016,304,436
12017,304,437
12018,304,438
12019,304,439
12020,304,440
12021,304,441
12022,304,442
12023,304,443
12024,304,444
12025,304,445
12026,304,446
12027,304,447
12028,304,448
12029,304,449
12030,304,450
12031,304,451
12032,304,452
12033,304,453
12034,304,454
12035,304,455
12036,304,456
12037,304,457
12038,304,458
12039,304,459
12040,304,460
12041,304,461
12042,304,462
12043,304,463
12044,304,464
12045,304,465
12046,304,466
12047,304,467
12048,304,468
12049,304,469
12050,304,470
12051,304,471
12052,304,472
12053,304,473
12054,304,474
12055,304,475
12056,304,476
12057,304,477
12058,304,478
12059,304,479
12060,304,480
12061,304,490
12062,304,491
12063,304,492
12064,304,493
12065,304,494
12066,304,495
12067,304,496
12068,304,497
12069,304,498
12070,304,499
12071,304,500
12072,304,501
12073,304,502
12074,304,503
12075,304,504
12076,304,505
12077,304,506
12078,304,507
12079,304,508
12080,304,509
12081,304,510
12082,304,511
12083,304,512
12084,304,513
12085,304,514
12086,304,515
12087,304,516
12088,304,517
12089,304,518
12090,304,519
12091,304,520
12092,304,521
12093,304,522
12094,304,523
12095,304,524
12096,304,525
12097,304,526
12098,304,527
12099,304,528
12100,304,529
12101,304,530
12102,304,531
12103,304,532
12104,304,533
12105,304,534
12106,304,535
12107,304,536
12108,304,537
12109,304,538
12110,304,539
12111,304,540
12112,304,541
12113,304,542
12114,304,543
12115,304,544
12116,304,545
12117,304,546
12118,304,547
12119,304,548
12120,304,549
12121,304,550
12122,304,551
12123,304,552
12124,304,553
12125,304,554
12126,304,555
12127,304,556
12128,304,557
12129,304,558
12130,304,559
12131,304,560
12132,304,561
12133,304,562
12134,304,563
12135,304,564
12136,304,565
12137,304,566
12138,304,567
12139,304,568
12140,304,569
12141,304,570
12142,304,571
12143,304,572
12144,304,573
12145,304,574
12146,305,424
12147,305,425
12148,305,426
12149,305,427
12150,305,428
12151,305,429
12152,305,430
12153,305,431
12154,305,432
12155,305,433
12156,305,434
12157,305,435
12158,305,436
12159,305,437
12160,305,438
12161,305,439
12162,305,440
12163,305,441
12164,305,442
12165,305,443
12166,305,444
12167,305,445
12168,305,446
12169,305,447
12170,305,448
12171,305,449
12172,305,450
12173,305,451
12174,305,452
12175,305,453
12176,305,454
12177,305,455
12178,305,456
12179,305,457
12180,305,458
12181,305,459
12182,305,460
12183,305,461
12184,305,462
12185,305,463
12186,305,464
12187,305,465
12188,305,466
12189,305,467
12190,305,468
12191,305,469
12192,305,470
12193,305,471
12194,305,472
12195,305,473
12196,305,474
12197,305,475
12198,305,476
12199,305,477
12200,305,478
12201,305,479
12202,305,480
12203,305,489
12204,305,490
12205,305,491
12206,305,492
12207,305,493
12208,305,494
12209,305,495
12210,305,496
12211,305,497
12212,305,498
12213,305,499
12214,305,500
12215,305,501
12216,305,502
12217,305,503
12218,305,504
12219,305,505
12220,305,506
12221,305,507
12222,305,508
12223,305,509
12224,305,510
12225,305,511
12226,305,512
12227,305,513
12228,305,514
12229,305,515
12230,305,516
12231,305,517
12232,305,518
12233,305,519
12234,305,520
12235,305,521
12236,305,522
12237,305,523
12238,305,524
12239,305,525
12240,305,526
12241,305,527
12242,305,528
12243,305,529
12244,305,530
12245,305,531
12246,305,532
12247,305,533
12248,305,534
12249,305,535
12250,305,536
12251,305,537
12252,305,538
12253,305,539
12254,305,540
12255,305,541
12256,305,542
12257,305,543
12258,305,544
12259,305,545
12260,305,546
12261,305,547
12262,305,548
12263,305,549
12264,305,550
12265,305,551
12266,305,552
12267,305,553
12268,305,554
12269,305,555
12270,305,556
12271,305,557
12272,305,558
12273,305,559
12274,305,560
12275,305,561
12276,305,562
12277,305,563
12278,305,564
12279,305,565
12280,305,566
12281,305,567
12282,305,568
12283,305,569
12284,305,570
12285,305,571
12286,305,572
12287,305,573
12288,305,574
12289,306,424
12290,306,425
12291,306,426
12292,306,427
12293,306,428
12294,306,429
12295,306,430
12296,306,431
12297,306,432
12298,306,433
12299,306,434
12300,306,435
12301,306,436
12302,306,437
12303,306,438
12304,306,439
12305,306,440
12306,306,441
12307,306,442
12308,306,443
12309,306,444
12310,306,445
12311,306,446
12312,306,447
12313,306,448
12314,306,449
12315,306,450
12316,306,451
12317,306,452
12318,306,453
12319,306,454
12320,306,455
12321,306,456
12322,306,457
12323,306,458
12324,306,459
12325,306,460
12326,306,461
12327,306,462
12328,306,463
12329,306,464
12330,306,465
12331,306,466
12332,306,467
12333,306,468
12334,306,469
12335,306,470
12336,306,471
12337,306,472
12338,306,473
12339,306,474
12340,306,475
12341,306,476
12342,306,477
12343,306,478
12344,306,479
12345,306,480
12346,306,489
12347,306,490
12348,306,491
12349,306,492
12350,306,493
12351,306,494
12352,306,495
12353,306,496
12354,306,497
12355,306,498
12356,306,499
12357,306,500
12358,306,501
12359,306,502
12360,306,503
12361,306,504
12362,306,505
12363,306,506
12364,306,507
12365,306,508
12366,306,509
12367,306,510
12368,306,511
12369,306,512
12370,306,513
12371,306,514
12372,306,515
12373,306,516
12374,306,517
12375,306,518
12376,306,519
12377,306,520
12378,306,521
12379,306,522
12380,306,523
12381,306,524
12382,306,525
12383,306,526
12384,306,527
12385,306,528
12386,306,529
12387,306,530
12388,306,531
12389,306,532
12390,306,533
12391,306,534
12392,306,535
12393,306,536
12394,306,537
12395,306,538
12396,306,539
12397,306,540
12398,306,541
12399,306,542
12400,306,543
12401,306,544
12402,306,545
12403,306,546
12404,306,547
12405,306,548
12406,306,549
12407,306,550
12408,306,551
12409,306,552
12410,306,553
12411,306,554
12412,306,555
12413,306,556
12414,306,557
12415,306,558
12416,306,559
12417,306,560
12418,306,561
12419,306,562
12420,306,563
12421,306,564
12422,306,565
12423,306,566
12424,306,567
12425,306,568
12426,306,569
12427,306,570
12428,306,571
12429,306,572
12430,306,573
12431,306,574
12432,307,424
12433,307,425
12434,307,426
12435,307,427
12436,307,428
12437,307,429
12438,307,430
12439,307,431
12440,307,432
12441,307,433
12442,307,434
12443,307,435
12444,307,436
12445,307,437
12446,307,438
12447,307,439
12448,307,440
12449,307,441
12450,307,442
12451,307,443
12452,307,444
12453,307,445
12454,307,446
12455,307,447
12456,307,448
12457,307,449
12458,307,450
12459,307,451
12460,307,452
12461,307,453
12462,307,454
12463,307,455
12464,307,456
12465,307,457
12466,307,458
12467,307,459
12468,307,460
12469,307,461
12470,307,462
12471,307,463
12472,307,464
12473,307,465
12474,307,466
12475,307,467
12476,307,468
12477,307,469
12478,307,470
12479,307,471
12480,307,472
12481,307,473
12482,307,474
12483,307,475
12484,307,476
12485,307,477
12486,307,478
12487,307,479
12488,307,480
12489,307,489
12490,307,490
12491,307,491
12492,307,492
12493,307,493
12494,307,494
12495,307,495
12496,307,496
12497,307,497
12498,307,498
12499,307,499
12500,307,500
12501,307,501
12502,307,502
12503,307,503
12504,307,504
12505,307,505
12506,307,506
12507,307,507
12508,307,508
12509,307,509
12510,307,510
12511,307,511
12512,307,512
12513,307,513
12514,307,514
12515,307,515
12516,307,516
12517,307,517
12518,307,518
12519,307,519
12520,307,520
12521,307,521
12522,307,522
12523,307,523
12524,307,524
12525,307,525
12526,307,526
12527,307,527
12528,307,528
12529,307,529
12530,307,530
12531,307,531
12532,307,532
12533,307,533
12534,307,534
12535,307,535
12536,307,536
12537,307,537
12538,307,538
12539,307,539
12540,307,540
12541,307,541
12542,307,542
12543,307,543
12544,307,544
12545,307,545
12546,307,546
12547,307,547
12548,307,548
12549,307,549
12550,307,550
12551,307,551
12552,307,552
12553,307,553
12554,307,554
12555,307,555
12556,307,556
12557,307,557
12558,307,558
12559,307,559
12560,307,560
12561,307,561
12562,307,562
12563,307,563
12564,307,564
12565,307,565
12566,307,566
12567,307,567
12568,307,568
12569,307,569
12570,307,570
12571,307,571
12572,307,572
12573,307,573
12574,307,574
12575,307,575
12576,308,424
12577,308,425
12578,308,426
12579,308,427
12580,308,428
12581,308,429
12582,308,430
12583,308,431
12584,308,432
12585,308,433
12586,308,434
12587,308,435
12588,308,436
12589,308,437
12590,308,438
12591,308,439
12592,308,440
12593,308,441
12594,308,442
12595,308,443
12596,308,444
12597,308,445
12598,308,446
12599,308,447
12600,308,448
12601,308,449
12602,308,450
12603,308,451
12604,308,452
12605,308,453
12606,308,454
12607,308,455
12608,308,456
12609,308,457
12610,308,458
12611,308,459
12612,308,460
12613,308,461
12614,308,462
12615,308,463
12616,308,464
12617,308,465
12618,308,466
12619,308,467
12620,308,468
12621,308,469
12622,308,470
12623,308,471
12624,308,472
12625,308,473
12626,308,474
12627,308,475
12628,308,476
12629,308,477
12630,308,478
12631,308,479
12632,308,480
12633,308,481
12634,308,489
12635,308,490
12636,308,491
12637,308,492
12638,308,493
12639,308,494
12640,308,495
12641,308,496
12642,308,497
12643,308,498
12644,308,499
12645,308,500
12646,308,501
12647,308,502
12648,308,503
12649,308,504
12650,308,505
12651,308,506
12652,308,507
12653,308,508
12654,308,509
12655,308,510
12656,308,511
12657,308,512
12658,308,513
12659,308,514
12660,308,515
12661,308,516
12662,308,517
12663,308,518
12664,308,519
12665,308,520
12666,308,521
12667,308,522
12668,308,523
12669,308,524
12670,308,525
12671,308,526
12672,308,527
12673,308,528
12674,308,529
12675,308,530
12676,308,531
12677,308,532
12678,308,533
12679,308,534
12680,308,535
12681,308,536
12682,308,537
12683,308,538
12684,308,539
12685,308,540
12686,308,541
12687,308,542
12688,308,543
12689,308,544
12690,308,545
12691,308,546
12692,308,547
12693,308,548
12694,308,549
12695,308,550
12696,308,551
12697,308,552
12698,308,553
12699,308,554
12700,308,555
12701,308,556
12702,308,557
12703,308,558
12704,308,559
12705,308,560
12706,308,561
12707,308,562
12708,308,563
12709,308,564
12710,308,565
12711,308,566
12712,308,567
12713,308,568
12714,308,569
12715,308,570
12716,308,571
12717,308,572
12718,308,573
12719,308,574
12720,308,575
12721,309,424
12722,309,425
12723,309,426
12724,309,427
12725,309,428
12726,309,429
12727,309,430
12728,309,431
12729,309,432
12730,309,433
12731,309,434
12732,309,435
12733,309,436
12734,309,437
12735,309,438
12736,309,439
12737,309,440
12738,309,441
12739,309,442
12740,309,443
12741,309,444
12742,309,445
12743,309,446
12744,309,447
12745,309,448
12746,309,449
12747,309,450
12748,309,451
12749,309,452
12750,309,453
12751,309,454
12752,309,455
12753,309,456
12754,309,457
12755,309,458
12756,309,459
12757,309,460
12758,309,461
12759,309,462
12760,309,463
12761,309,464
12762,309,465
12763,309,466
12764,309,467
12765,309,468
12766,309,469
12767,309,470
12768,309,471
12769,309,472
12770,309,473
12771,309,474
12772,309,475
12773,309,476
12774,309,477
12775,309,478
12776,309,479
12777,309,480
12778,309,481
12779,309,489
12780,309,490
12781,309,491
12782,309,492
12783,309,493
12784,309,494
12785,309,495
12786,309,496
12787,309,497
12788,309,498
12789,309,499
12790,309,500
12791,309,501
12792,309,502
12793,309,503
12794,309,504
12795,309,505
12796,309,506
12797,309,507
12798,309,508
12799,309,509
12800,309,510
12801,309,511
12802,309,512
12803,309,513
12804,309,514
12805,309,515
12806,309,516
12807,309,517
12808,309,518
12809,309,519
12810,309,520
12811,309,521
12812,309,522
12813,309,523
12814,309,524
12815,309,525
12816,309,526
12817,309,527
12818,309,528
12819,309,529
12820,309,530
12821,309,531
12822,309,532
12823,309,533
12824,309,534
12825,309,535
12826,309,536
12827,309,537
12828,309,538
12829,309,539
12830,309,540
12831,309,541
12832,309,542
12833,309,543
12834,309,544
12835,309,545
12836,309,546
12837,309,547
12838,309,548
12839,309,549
12840,309,550
12841,309,551
12842,309,552
12843,309,553
12844,309,554
12845,309,555
12846,309,556
12847,309,557
12848,309,558
12849,309,559
12850,309,560
12851,309,561
12852,309,562
12853,309,563
12854,309,564
12855,309,565
12856,309,566
12857,309,567
12858,309,568
12859,309,569
12860,309,570
12861,309,571
12862,309,572
12863,309,573
12864,309,574
12865,309,575
12866,310,424
12867,310,425
12868,310,426
12869,310,427
12870,310,428
12871,310,429
12872,310,430
12873,310,431
12874,310,432
12875,310,433
12876,310,434
12877,310,435
12878,310,436
12879,310,437
12880,310,438
12881,310,439
12882,310,440
12883,310,441
12884,310,442
12885,310,443
12886,310,444
12887,310,445
12888,310,446
12889,310,447
12890,310,448
12891,310,449
12892,310,450
12893,310,451
12894,310,452
12895,310,453
12896,310,454
12897,310,455
12898,310,456
12899,310,457
12900,310,458
12901,310,459
12902,310,460
12903,310,461
12904,310,462
12905,310,463
12906,310,464
12907,310,465
12908,310,466
12909,310,467
12910,310,468
12911,310,469
12912,310,470
12913,310,471
12914,310,472
12915,310,473
12916,310,474
12917,310,475
12918,310,476
12919,310,477
12920,310,478
12921,310,479
12922,310,480
12923,310,481
12924,310,489
12925,310,490
12926,310,491
12927,310,492
12928,310,493
12929,310,494
12930,310,495
12931,310,496
12932,310,497
12933,310,498
12934,310,499
12935,310,500
12936,310,501
12937,310,502
12938,310,503
12939,310,504
12940,310,505
12941,310,506
12942,310,507
12943,310,508
12944,310,509
12945,310,510
12946,310,511
12947,310,512
12948,310,513
12949,310,514
12950,310,515
12951,310,516
12952,310,517
12953,310,518
12954,310,519
12955,310,520
12956,310,521
12957,310,522
12958,310,523
12959,310,524
12960,310,525
12961,310,526
12962,310,527
12963,310,528
12964,310,529
12965,310,530
12966,310,531
12967,310,532
12968,310,533
12969,310,534
12970,310,535
12971,310,536
12972,310,537
12973,310,538
12974,310,539
12975,310,540
12976,310,541
12977,310,542
12978,310,543
12979,310,544
12980,310,545
12981,310,546
12982,310,547
12983,310,548
12984,310,549
12985,310,550
12986,310,551
12987,310,552
12988,310,553
12989,310,554
12990,310,555
12991,310,556
12992,310,557
12993,310,558
12994,310,559
12995,310,560
12996,310,561
12997,310,562
12998,310,563
12999,310,564
13000,310,565
13001,310,566
13002,310,567
13003,310,568
13004,310,569
13005,310,570
13006,310,571
13007,310,572
13008,310,573
13009,310,574
13010,310,575
13011,311,424
13012,311,425
13013,311,426
13014,311,427
13015,311,428
13016,311,429
13017,311,430
13018,311,431
13019,311,432
13020,311,433
13021,311,434
13022,311,435
13023,311,436
13024,311,437
13025,311,438
13026,311,439
13027,311,440
13028,311,441
13029,311,442
13030,311,443
13031,311,444
13032,311,445
13033,311,446
13034,311,447
13035,311,448
13036,311,449
13037,311,450
13038,311,451
13039,311,452
13040,311,453
13041,311,454
13042,311,455
13043,311,456
13044,311,457
13045,311,458
13046,311,459
13047,311,460
13048,311,461
13049,311,462
13050,311,463
13051,311,464
13052,311,465
13053,311,466
13054,311,467
13055,311,468
13056,311,469
13057,311,470
13058,311,471
13059,311,472
13060,311,473
13061,311,474
13062,311,475
13063,311,476
13064,311,477
13065,311,478
13066,311,479
13067,311,480
13068,311,481
13069,311,489
13070,311,490
13071,311,491
13072,311,492
13073,311,493
13074,311,494
13075,311,495
13076,311,496
13077,311,497
13078,311,498
13079,311,499
13080,311,500
13081,311,501
13082,311,502
13083,311,503
13084,311,504
13085,311,505
13086,311,506
13087,311,507
13088,311,508
13089,311,509
13090,311,510
13091,311,511
13092,311,512
13093,311,513
13094,311,514
13095,311,515
13096,311,516
13097,311,517
13098,311,518
13099,311,519
13100,311,520
13101,311,521
13102,311,522
13103,311,523
13104,311,524
13105,311,525
13106,311,526
13107,311,527
13108,311,528
13109,311,529
13110,311,530
13111,311,531
13112,311,532
13113,311,533
13114,311,534
13115,311,535
13116,311,536
13117,311,537
13118,311,538
13119,311,539
13120,311,540
13121,311,541
13122,311,542
13123,311,543
13124,311,544
13125,311,545
13126,311,546
13127,311,547
13128,311,548
13129,311,549
13130,311,550
13131,311,551
13132,311,552
13133,311,553
13134,311,554
13135,311,555
13136,311,556
13137,311,557
13138,311,558
13139,311,559
13140,311,560
13141,311,561
13142,311,562
13143,311,563
13144,311,564
13145,311,565
13146,311,566
13147,311,567
13148,311,568
13149,311,569
13150,311,570
13151,311,571
13152,311,572
13153,311,573
13154,311,574
13155,311,575
13156,312,424
13157,312,425
13158,312,426
13159,312,427
13160,312,428
13161,312,429
13162,312,430
13163,312,431
13164,312,432
13165,312,433
13166,312,434
13167,312,435
13168,312,436
13169,312,437
13170,312,438
13171,312,439
13172,312,440
13173,312,441
13174,312,442
13175,312,443
13176,312,444
13177,312,445
13178,312,446
13179,312,447
13180,312,448
13181,312,449
13182,312,450
13183,312,451
13184,312,452
13185,312,453
13186,312,454
13187,312,455
13188,312,456
13189,312,457
13190,312,458
13191,312,459
13192,312,460
13193,312,461
13194,312,462
13195,312,463
13196,312,464
13197,312,465
13198,312,466
13199,312,467
13200,312,468
13201,312,469
13202,312,470
13203,312,471
13204,312,472
13205,312,473
13206,312,474
13207,312,475
13208,312,476
13209,312,477
13210,312,478
13211,312,479
13212,312,480
13213,312,481
13214,312,489
13215,312,490
13216,312,491
13217,312,492
13218,312,493
13219,312,494
13220,312,495
13221,312,496
13222,312,497
13223,312,498
13224,312,499
13225,312,500
13226,312,501
13227,312,502
13228,312,503
13229,312,504
13230,312,505
13231,312,506
13232,312,507
13233,312,508
13234,312,509
13235,312,510
13236,312,511
13237,312,512
13238,312,513
13239,312,514
13240,312,515
13241,312,516
13242,312,517
13243,312,518
13244,312,519
13245,312,520
13246,312,521
13247,312,522
13248,312,523
13249,312,524
13250,312,525
13251,312,526
13252,312,527
13253,312,528
13254,312,529
13255,312,530
13256,312,531
13257,312,532
13258,312,533
13259,312,534
13260,312,535
13261,312,536
13262,312,537
13263,312,538
13264,312,539
13265,312,540
13266,312,541
13267,312,542
13268,312,543
13269,312,544
13270,312,545
13271,312,546
13272,312,547
13273,312,548
13274,312,549
13275,312,550
13276,312,551
13277,312,552
13278,312,553
13279,312,554
13280,312,555
13281,312,556
13282,312,557
13283,312,558
13284,312,559
13285,312,560
13286,312,561
13287,312,562
13288,312,563
13289,312,564
13290,312,565
13291,312,566
13292,312,567
13293,312,568
13294,312,569
13295,312,570
13296,312,571
13297,312,572
13298,312,573
13299,312,574
13300,312,575
13301,313,424
13302,313,425
13303,313,426
13304,313,427
13305,313,428
13306,313,429
13307,313,430
13308,313,431
13309,313,432
13310,313,433
13311,313,434
13312,313,435
13313,313,436
13314,313,437
13315,313,438
13316,313,439
13317,313,440
13318,313,441
13319,313,442
13320,313,443
13321,313,444
13322,313,445
13323,313,446
13324,313,447
13325,313,448
13326,313,449
13327,313,450
13328,313,451
13329,313,452
13330,313,453
13331,313,454
13332,313,455
13333,313,456
13334,313,457
13335,313,458
13336,313,459
13337,313,460
13338,313,461
13339,313,462
13340,313,463
13341,313,464
13342,313,465
13343,313,466
13344,313,467
13345,313,468
13346,313,469
13347,313,470
13348,313,471
13349,313,472
13350,313,473
13351,313,474
13352,313,475
13353,313,476
13354,313,477
13355,313,478
13356,313,479
13357,313,480
13358,313,481
13359,313,489
13360,313,490
13361,313,491
13362,313,492
13363,313,493
13364,313,494
13365,313,495
13366,313,496
13367,313,497
13368,313,498
13369,313,499
13370,313,500
13371,313,501
13372,313,502
13373,313,503
13374,313,504
13375,313,505
13376,313,506
13377,313,507
13378,313,508
13379,313,509
13380,313,510
13381,313,511
13382,313,512
13383,313,513
13384,313,514
13385,313,515
13386,313,516
13387,313,517
13388,313,518
13389,313,519
13390,313,520
13391,313,521
13392,313,522
13393,313,523
13394,313,524
13395,313,525
13396,313,526
13397,313,527
13398,313,528
13399,313,529
13400,313,530
13401,313,531
13402,313,532
13403,313,533
13404,313,534
13405,313,535
13406,313,536
13407,313,537
13408,313,538
13409,313,539
13410,313,540
13411,313,541
13412,313,542
13413,313,543
13414,313,544
13415,313,545
13416,313,546
13417,313,547
13418,313,548
13419,313,549
13420,313,550
13421,313,551
13422,313,552
13423,313,553
13424,313,554
13425,313,555
13426,313,556
13427,313,557
13428,313,558
13429,313,559
13430,313,560
13431,313,561
13432,313,562
13433,313,563
13434,313,564
13435,313,565
13436,313,566
13437,313,567
13438,313,568
13439,313,569
13440,313,570
13441,313,571
13442,313,572
13443,313,573
13444,313,574
13445,313,575
13446,314,425
13447,314,426
13448,314,427
13449,314,428
13450,314,429
13451,314,430
13452,314,431
13453,314,432
13454,314,433
13455,314,434
13456,314,435
13457,314,436
13458,314,437
13459,314,438
13460,314,439
13461,314,440
13462,314,441
13463,314,442
13464,314,443
13465,314,444
13466,314,445
13467,314,446
13468,314,447
13469,314,448
13470,314,449
13471,314,450
13472,314,451
13473,314,452
13474,314,453
13475,314,454
13476,314,455
13477,314,456
13478,314,457
13479,314,458
13480,314,459
13481,314,460
13482,314,461
13483,314,462
13484,314,463
13485,314,464
13486,314,465
13487,314,466
13488,314,467
13489,314,468
13490,314,469
13491,314,470
13492,314,471
13493,314,472
13494,314,473
13495,314,474
13496,314,475
13497,314,476
13498,314,477
13499,314,478
13500,314,479
13501,314,480
13502,314,481
13503,314,489
13504,314,490
13505,314,491
13506,314,492
13507,314,493
13508,314,494
13509,314,495
13510,314,496
13511,314,497
13512,314,498
13513,314,499
13514,314,500
13515,314,501
13516,314,502
13517,314,503
13518,314,504
13519,314,505
13520,314,506
13521,314,507
13522,314,508
13523,314,509
13524,314,510
13525,314,511
13526,314,512
13527,314,513
13528,314,514
13529,314,515
13530,314,516
13531,314,517
13532,314,518
13533,314,519
13534,314,520
13535,314,521
13536,314,522
13537,314,523
13538,314,524
13539,314,525
13540,314,526
13541,314,527
13542,314,528
13543,314,529
13544,314,530
13545,314,531
13546,314,532
13547,314,533
13548,314,534
13549,314,535
13550,314,536
13551,314,537
13552,314,538
13553,314,539
13554,314,540
13555,314,541
13556,314,542
13557,314,543
13558,314,544
13559,314,545
13560,314,546
13561,314,547
13562,314,548
13563,314,549
13564,314,550
13565,314,551
13566,314,552
13567,314,553
13568,314,554
13569,314,555
13570,314,556
13571,314,557
13572,314,558
13573,314,559
13574,314,560
13575,314,561
13576,314,562
13577,314,563
13578,314,564
13579,314,565
13580,314,566
13581,314,567
13582,314,568
13583,314,569
13584,314,570
13585,314,571
13586,314,572
13587,314,573
13588,314,574
13589,314,575
13590,315,425
13591,315,426
13592,315,427
13593,315,428
13594,315,429
13595,315,430
13596,315,431
13597,315,432
13598,315,433
13599,315,434
13600,315,435
13601,315,436
13602,315,437
13603,315,438
13604,315,439
13605,315,440
13606,315,441
13607,315,442
13608,315,443
13609,315,444
13610,315,445
13611,315,446
13612,315,447
13613,315,448
13614,315,449
13615,315,450
13616,315,451
13617,315,452
13618,315,453
13619,315,454
13620,315,455
13621,315,456
13622,315,457
13623,315,458
13624,315,459
13625,315,460
13626,315,461
13627,315,462
13628,315,463
13629,315,464
13630,315,465
13631,315,466
13632,315,467
13633,315,468
13634,315,469
13635,315,470
13636,315,471
13637,315,472
13638,315,473
13639,315,474
13640,315,475
13641,315,476
13642,315,477
13643,315,478
13644,315,479
13645,315,480
13646,315,481
13647,315,489
13648,315,490
13649,315,491
13650,315,492
13651,315,493
13652,315,494
13653,315,495
13654,315,496
13655,315,497
13656,315,498
13657,315,499
13658,315,500
13659,315,501
13660,315,502
13661,315,503
13662,315,504
13663,315,505
13664,315,506
13665,315,507
13666,315,508
13667,315,509
13668,315,510
13669,315,511
13670,315,512
13671,315,513
13672,315,514
13673,315,515
13674,315,516
13675,315,517
13676,315,518
13677,315,519
13678,315,520
13679,315,521
13680,315,522
13681,315,523
13682,315,524
13683,315,525
13684,315,526
13685,315,527
13686,315,528
13687,315,529
13688,315,530
13689,315,531
13690,315,532
13691,315,533
13692,315,534
13693,315,535
13694,315,536
13695,315,537
13696,315,538
13697,315,539
13698,315,540
13699,315,541
13700,315,542
13701,315,543
13702,315,544
13703,315,545
13704,315,546
13705,315,547
13706,315,548
13707,315,549
13708,315,550
13709,315,551
13710,315,552
13711,315,553
13712,315,554
13713,315,555
13714,315,556
13715,315,557
13716,315,558
13717,315,559
13718,315,560
13719,315,561
13720,315,562
13721,315,563
13722,315,564
13723,315,565
13724,315,566
13725,315,567
13726,315,568
13727,315,569
13728,315,570
13729,315,571
13730,315,572
13731,315,573
13732,315,574
13733,315,575
13734,316,425
13735,316,426
13736,316,427
13737,316,428
13738,316,429
13739,316,430
13740,316,431
13741,316,432
13742,316,433
13743,316,434
13744,316,435
13745,316,436
13746,316,437
13747,316,438
13748,316,439
13749,316,440
13750,316,441
13751,316,442
13752,316,443
13753,316,444
13754,316,445
13755,316,446
13756,316,447
13757,316,448
13758,316,449
13759,316,450
13760,316,451
13761,316,452
13762,316,453
13763,316,454
13764,316,455
13765,316,456
13766,316,457
13767,316,458
13768,316,459
13769,316,460
13770,316,461
13771,316,462
13772,316,463
13773,316,464
13774,316,465
13775,316,466
13776,316,467
13777,316,468
13778,316,469
13779,316,470
13780,316,471
13781,316,472
13782,316,473
13783,316,474
13784,316,475
13785,316,476
13786,316,477
13787,316,478
13788,316,479
13789,316,480
13790,316,481
13791,316,490
13792,316,491
13793,316,492
13794,316,493
13795,316,494
13796,316,495
13797,316,496
13798,316,497
13799,316,498
13800,316,499
13801,316,500
13802,316,501
13803,316,502
13804,316,503
13805,316,504
13806,316,505
13807,316,506
13808,316,507
13809,316,508
13810,316,509
13811,316,510
13812,316,511
13813,316,512
13814,316,513
13815,316,514
13816,316,515
13817,316,516
13818,316,517
13819,316,518
13820,316,519
13821,316,520
13822,316,521
13823,316,522
13824,316,523
13825,316,524
13826,316,525
13827,316,526
13828,316,527
13829,316,528
13830,316,529
13831,316,530
13832,316,531
13833,316,532
13834,316,533
13835,316,534
13836,316,535
13837,316,536
13838,316,537
13839,316,538
13840,316,539
13841,316,540
13842,316,541
13843,316,542
13844,316,543
13845,316,544
13846,316,545
13847,316,546
13848,316,547
13849,316,548
13850,316,549
13851,316,550
13852,316,551
13853,316,552
13854,316,553
13855,316,554
13856,316,555
13857,316,556
13858,316,557
13859,316,558
13860,316,559
13861,316,560
13862,316,561
13863,316,562
13864,316,563
13865,316,564
13866,316,565
13867,316,566
13868,316,567
13869,316,568
13870,316,569
13871,316,570
13872,316,571
13873,316,572
13874,316,573
13875,316,574
13876,316,575
13877,317,425
13878,317,426
13879,317,427
13880,317,428
13881,317,429
13882,317,430
13883,317,431
13884,317,432
13885,317,433
13886,317,434
13887,317,435
13888,317,436
13889,317,437
13890,317,438
13891,317,439
13892,317,440
13893,317,441
13894,317,442
13895,317,443
13896,317,444
13897,317,445
13898,317,446
13899,317,447
13900,317,448
13901,317,449
13902,317,450
13903,317,451
13904,317,452
13905,317,453
13906,317,454
13907,317,455
13908,317,456
13909,317,457
13910,317,458
13911,317,459
13912,317,460
13913,317,461
13914,317,462
13915,317,463
13916,317,464
13917,317,465
13918,317,466
13919,317,467
13920,317,468
13921,317,469
13922,317,470
13923,317,471
13924,317,472
13925,317,473
13926,317,474
13927,317,475
13928,317,476
13929,317,477
13930,317,478
13931,317,479
13932,317,480
13933,317,481
13934,317,491
13935,317,492
13936,317,493
13937,317,494
13938,317,495
13939,317,496
13940,317,497
13941,317,498
13942,317,499
13943,317,500
13944,317,501
13945,317,502
13946,317,503
13947,317,504
13948,317,505
13949,317,506
13950,317,507
13951,317,508
13952,317,509
13953,317,510
13954,317,511
13955,317,512
13956,317,513
13957,317,514
13958,317,515
13959,317,516
13960,317,517
13961,317,518
13962,317,519
13963,317,520
13964,317,521
13965,317,522
13966,317,523
13967,317,524
13968,317,525
13969,317,526
13970,317,527
13971,317,528
13972,317,529
13973,317,530
13974,317,531
13975,317,532
13976,317,533
13977,317,534
13978,317,535
13979,317,536
13980,317,537
13981,317,538
13982,317,539
13983,317,540
13984,317,541
13985,317,542
13986,317,543
13987,317,544
13988,317,545
13989,317,546
13990,317,547
13991,317,548
13992,317,549
13993,317,550
13994,317,551
13995,317,552
13996,317,553
13997,317,554
13998,317,555
13999,317,556
14000,317,557
14001,317,558
14002,317,559
14003,317,560
14004,317,561
14005,317,562
14006,317,563
14007,317,564
14008,317,565
14009,317,566
14010,317,567
14011,317,568
14012,317,569
14013,317,570
14014,317,571
14015,317,572
14016,317,573
14017,317,574
14018,317,575
14019,318,425
14020,318,426
14021,318,427
14022,318,428
14023,318,429
14024,318,430
14025,318,431
14026,318,432
14027,318,433
14028,318,434
14029,318,435
14030,318,436
14031,318,437
14032,318,438
14033,318,439
14034,318,440
14035,318,441
14036,318,442
14037,318,443
14038,318,444
14039,318,445
14040,318,446
14041,318,447
14042,318,448
14043,318,449
14044,318,450
14045,318,451
14046,318,452
14047,318,453
14048,318,454
14049,318,455
14050,318,456
14051,318,457
14052,318,458
14053,318,459
14054,318,460
14055,318,461
14056,318,462
14057,318,463
14058,318,464
14059,318,465
14060,318,466
14061,318,467
14062,318,468
14063,318,469
14064,318,470
14065,318,471
14066,318,472
14067,318,473
14068,318,474
14069,318,475
14070,318,476
14071,318,477
14072,318,478
14073,318,479
14074,318,480
14075,318,481
14076,318,493
14077,318,494
14078,318,495
14079,318,496
14080,318,497
14081,318,498
14082,318,499
14083,318,500
14084,318,501
14085,318,502
14086,318,503
14087,318,504
14088,318,505
14089,318,506
14090,318,507
14091,318,508
14092,318,509
14093,318,510
14094,318,511
14095,318,512
14096,318,513
14097,318,514
14098,318,515
14099,318,516
14100,318,517
14101,318,518
14102,318,519
14103,318,520
14104,318,521
14105,318,522
14106,318,523
14107,318,524
14108,318,525
14109,318,526
14110,318,527
14111,318,528
14112,318,529
14113,318,530
14114,318,531
14115,318,532
14116,318,533
14117,318,534
14118,318,535
14119,318,536
14120,318,537
14121,318,538
14122,318,539
14123,318,540
14124,318,541
14125,318,542
14126,318,543
14127,318,544
14128,318,545
14129,318,546
14130,318,547
14131,318,548
14132,318,549
14133,318,550
14134,318,551
14135,318,552
14136,318,553
14137,318,554
14138,318,555
14139,318,556
14140,318,557
14141,318,558
14142,318,559
14143,318,560
14144,318,561
14145,318,562
14146,318,563
14147,318,564
14148,318,565
14149,318,566
14150,318,567
14151,318,568
14152,318,569
14153,318,570
14154,318,571
14155,318,572
14156,318,573
14157,318,574
14158,319,426
14159,319,427
14160,319,428
14161,319,429
14162,319,430
14163,319,431
14164,319,432
14165,319,433
14166,319,434
14167,319,435
14168,319,436
14169,319,437
14170,319,438
14171,319,439
14172,319,440
14173,319,441
14174,319,442
14175,319,443
14176,319,444
14177,319,445
14178,319,446
14179,319,447
14180,319,448
14181,319,449
14182,319,450
14183,319,451
14184,319,452
14185,319,453
14186,319,454
14187,319,455
14188,319,456
14189,319,457
14190,319,458
14191,319,459
14192,319,460
14193,319,461
14194,319,462
14195,319,463
14196,319,464
14197,319,465
14198,319,466
14199,319,467
14200,319,468
14201,319,469
14202,319,470
14203,319,471
14204,319,472
14205,319,473
14206,319,474
14207,319,475
14208,319,476
14209,319,477
14210,319,478
14211,319,479
14212,319,480
14213,319,481
14214,319,496
14215,319,497
14216,319,498
14217,319,499
14218,319,500
14219,319,501
14220,319,502
14221,319,503
14222,319,504
14223,319,505
14224,319,506
14225,319,507
14226,319,508
14227,319,509
14228,319,510
14229,319,511
14230,319,512
14231,319,513
14232,319,514
14233,319,515
14234,319,516
14235,319,517
14236,319,518
14237,319,519
14238,319,520
14239,319,521
14240,319,522
14241,319,523
14242,319,524
14243,319,525
14244,319,526
14245,319,527
14246,319,528
14247,319,529
14248,319,530
14249,319,531
14250,319,532
14251,319,533
14252,319,534
14253,319,535
14254,319,536
14255,319,537
14256,319,538
14257,319,539
14258,319,540
14259,319,541
14260,319,542
14261,319,543
14262,319,544
14263,319,545
14264,319,546
14265,319,547
14266,319,548
14267,319,549
14268,319,550
14269,319,551
14270,319,552
14271,319,553
14272,319,554
14273,319,555
14274,319,556
14275,319,557
14276,319,558
14277,319,559
14278,319,560
14279,319,561
14280,319,562
14281,319,563
14282,319,564
14283,319,565
14284,319,566
14285,319,567
14286,319,568
14287,319,569
14288,319,570
14289,319,571
14290,319,572
14291,319,573
14292,319,574
14293,320,426
14294,320,427
14295,320,428
14296,320,429
14297,320,430
14298,320,431
14299,320,432
14300,320,433
14301,320,434
14302,320,435
14303,320,436
14304,320,437
14305,320,438
14306,320,439
14307,320,440
14308,320,441
14309,320,442
14310,320,443
14311,320,444
14312,320,445
14313,320,446
14314,320,447
14315,320,448
14316,320,449
14317,320,450
14318,320,451
14319,320,452
14320,320,453
14321,320,454
14322,320,455
14323,320,456
14324,320,457
14325,320,458
14326,320,459
14327,320,460
14328,320,461
14329,320,462
14330,320,463
14331,320,464
14332,320,465
14333,320,466
14334,320,467
14335,320,468
14336,320,469
14337,320,470
14338,320,471
14339,320,472
14340,320,473
14341,320,474
14342,320,475
14343,320,476
14344,320,477
14345,320,478
14346,320,479
14347,320,480
14348,320,481
14349,320,498
14350,320,499
14351,320,500
14352,320,501
14353,320,502
14354,320,503
14355,320,504
14356,320,505
14357,320,506
14358,320,507
14359,320,508
14360,320,509
14361,320,510
14362,320,511
14363,320,512
14364,320,513
14365,320,515
14366,320,516
14367,320,517
14368,320,518
14369,320,519
14370,320,520
14371,320,521
14372,320,522
14373,320,523
14374,320,524
14375,320,525
14376,320,526
14377,320,527
14378,320,528
14379,320,529
14380,320,530
14381,320,531
14382,320,532
14383,320,533
14384,320,534
14385,320,535
14386,320,536
14387,320,537
14388,320,538
14389,320,539
14390,320,540
14391,320,541
14392,320,542
14393,320,543
14394,320,544
14395,320,545
14396,320,546
14397,320,547
14398,320,548
14399,320,549
14400,320,550
14401,320,551
14402,320,552
14403,320,553
14404,320,554
14405,320,555
14406,320,556
14407,320,557
14408,320,558
14409,320,559
14410,320,560
14411,320,561
14412,320,562
14413,320,563
14414,320,564
14415,320,565
14416,320,566
14417,320,567
14418,320,568
14419,320,569
14420,320,570
14421,320,571
14422,320,572
14423,320,573
14424,320,574
14425,321,426
14426,321,427
14427,321,428
14428,321,429
14429,321,430
14430,321,431
14431,321,432
14432,321,433
14433,321,434
14434,321,435
14435,321,436
14436,321,437
14437,321,438
14438,321,439
14439,321,440
14440,321,441
14441,321,442
14442,321,443
14443,321,444
14444,321,445
14445,321,446
14446,321,447
14447,321,448
14448,321,449
14449,321,450
14450,321,451
14451,321,452
14452,321,453
14453,321,454
14454,321,455
14455,321,456
14456,321,457
14457,321,458
14458,321,459
14459,321,460
14460,321,461
14461,321,462
14462,321,463
14463,321,464
14464,321,465
14465,321,466
14466,321,467
14467,321,468
14468,321,469
14469,321,470
14470,321,471
14471,321,472
14472,321,473
14473,321,474
14474,321,475
14475,321,476
14476,321,477
14477,321,478
14478,321,479
14479,321,480
14480,321,481
14481,321,482
14482,321,498
14483,321,499
14484,321,500
14485,321,501
14486,321,502
14487,321,503
14488,321,504
14489,321,505
14490,321,506
14491,321,507
14492,321,508
14493,321,509
14494,321,510
14495,321,511
14496,321,512
14497,321,513
14498,321,515
14499,321,516
14500,321,517
14501,321,518
14502,321,519
14503,321,520
14504,321,521
14505,321,522
14506,321,524
14507,321,525
14508,321,526
14509,321,527
14510,321,528
14511,321,529
14512,321,530
14513,321,531
14514,321,532
14515,321,533
14516,321,534
14517,321,535
14518,321,536
14519,321,537
14520,321,538
14521,321,539
14522,321,540
14523,321,541
14524,321,542
14525,321,543
14526,321,544
14527,321,545
14528,321,546
14529,321,547
14530,321,548
14531,321,549
14532,321,550
14533,321,551
14534,321,552
14535,321,553
14536,321,554
14537,321,555
14538,321,556
14539,321,557
14540,321,558
14541,321,559
14542,321,560
14543,321,561
14544,321,562
14545,321,563
14546,321,564
14547,321,565
14548,321,566
14549,321,567
14550,321,568
14551,321,569
14552,321,570
14553,321,571
14554,321,572
14555,321,573
14556,322,426
14557,322,427
14558,322,428
14559,322,429
14560,322,430
14561,322,431
14562,322,432
14563,322,433
14564,322,434
14565,322,435
14566,322,436
14567,322,437
14568,322,438
14569,322,439
14570,322,440
14571,322,441
14572,322,442
14573,322,443
14574,322,444
14575,322,445
14576,322,446
14577,322,447
14578,322,448
14579,322,449
14580,322,450
14581,322,451
14582,322,452
14583,322,453
14584,322,454
14585,322,455
14586,322,456
14587,322,457
14588,322,458
14589,322,459
14590,322,460
14591,322,461
14592,322,462
14593,322,463
14594,322,464
14595,322,465
14596,322,466
14597,322,467
14598,322,468
14599,322,469
14600,322,470
14601,322,471
14602,322,472
14603,322,473
14604,322,474
14605,322,475
14606,322,476
14607,322,477
14608,322,478
14609,322,479
14610,322,480
14611,322,481
14612,322,482
14613,322,483
14614,322,498
14615,322,499
14616,322,500
14617,322,501
14618,322,502
14619,322,513
14620,322,514
14621,322,515
14622,322,516
14623,322,517
14624,322,518
14625,322,519
14626,322,520
14627,322,521
14628,322,524
14629,322,525
14630,322,526
14631,322,527
14632,322,528
14633,322,529
14634,322,530
14635,322,531
14636,322,532
14637,322,533
14638,322,534
14639,322,535
14640,322,536
14641,322,537
14642,322,538
14643,322,539
14644,322,540
14645,322,541
14646,322,542
14647,322,543
14648,322,544
14649,322,545
14650,322,546
14651,322,547
14652,322,548
14653,322,549
14654,322,550
14655,322,551
14656,322,552
14657,322,553
14658,322,554
14659,322,555
14660,322,556
14661,322,557
14662,322,558
14663,322,559
14664,322,560
14665,322,561
14666,322,562
14667,322,563
14668,322,564
14669,322,565
14670,322,566
14671,322,567
14672,322,568
14673,322,569
14674,322,570
14675,322,571
14676,322,572
14677,322,573
14678,323,426
14679,323,427
14680,323,428
14681,323,429
14682,323,430
14683,323,431
14684,323,432
14685,323,433
14686,323,434
14687,323,435
14688,323,436
14689,323,437
14690,323,438
14691,323,439
14692,323,440
14693,323,441
14694,323,442
14695,323,443
14696,323,444
14697,323,445
14698,323,446
14699,323,447
14700,323,448
14701,323,449
14702,323,450
14703,323,451
14704,323,452
14705,323,453
14706,323,454
14707,323,455
14708,323,456
14709,323,457
14710,323,458
14711,323,459
14712,323,460
14713,323,461
14714,323,462
14715,323,463
14716,323,464
14717,323,465
14718,323,466
14719,323,467
14720,323,468
14721,323,469
14722,323,470
14723,323,471
14724,323,472
14725,323,473
14726,323,474
14727,323,475
14728,323,476
14729,323,477
14730,323,478
14731,323,479
14732,323,480
14733,323,481
14734,323,482
14735,323,483
14736,323,484
14737,323,485
14738,323,514
14739,323,515
14740,323,516
14741,323,517
14742,323,518
14743,323,519
14744,323,520
14745,323,525
14746,323,526
14747,323,527
14748,323,528
14749,323,529
14750,323,530
14751,323,531
14752,323,532
14753,323,533
14754,323,534
14755,323,535
14756,323,536
14757,323,537
14758,323,538
14759,323,539
14760,323,540
14761,323,541
14762,323,542
14763,323,543
14764,323,544
14765,323,545
14766,323,546
14767,323,547
14768,323,548
14769,323,549
14770,323,550
14771,323,551
14772,323,552
14773,323,553
14774,323,554
14775,323,555
14776,323,556
14777,323,557
14778,323,558
14779,323,559
14780,323,560
14781,323,561
14782,323,562
14783,323,563
14784,323,564
14785,323,565
14786,323,566
14787,323,567
14788,323,568
14789,323,569
14790,323,570
14791,323,571
14792,323,572
14793,324,426
14794,324,427
14795,324,428
14796,324,429
14797,324,430
14798,324,431
14799,324,432
14800,324,433
14801,324,434
14802,324,435
14803,324,436
14804,324,437
14805,324,438
14806,324,439
14807,324,440
14808,324,441
14809,324,442
14810,324,443
14811,324,444
14812,324,445
14813,324,446
14814,324,447
14815,324,448
14816,324,449
14817,324,450
14818,324,451
14819,324,452
14820,324,453
14821,324,454
14822,324,455
14823,324,456
14824,324,457
14825,324,458
14826,324,459
14827,324,460
14828,324,461
14829,324,462
14830,324,463
14831,324,464
14832,324,465
14833,324,466
14834,324,467
14835,324,468
14836,324,469
14837,324,470
14838,324,471
14839,324,472
14840,324,473
14841,324,474
14842,324,475
14843,324,476
14844,324,477
14845,324,478
14846,324,479
14847,324,480
14848,324,481
14849,324,482
14850,324,483
14851,324,484
14852,324,485
14853,324,517
14854,324,518
14855,324,519
14856,324,528
14857,324,529
14858,324,530
14859,324,531
14860,324,532
14861,324,533
14862,324,534
14863,324,535
14864,324,536
14865,324,537
14866,324,538
14867,324,539
14868,324,540
14869,324,541
14870,324,542
14871,324,543
14872,324,544
14873,324,545
14874,324,546
14875,324,547
14876,324,548
14877,324,549
14878,324,550
14879,324,551
14880,324,552
14881,324,553
14882,324,554
14883,324,555
14884,324,556
14885,324,557
14886,324,558
14887,324,559
14888,324,560
14889,324,561
14890,324,562
14891,324,563
14892,324,564
14893,324,565
14894,324,566
14895,324,567
14896,324,568
14897,324,569
14898,324,570
14899,324,571
14900,325,426
14901,325,427
14902,325,428
14903,325,429
14904,325,430
14905,325,431
14906,325,432
14907,325,433
14908,325,434
14909,325,435
14910,325,436
14911,325,437
14912,325,438
14913,325,439
14914,325,440
14915,325,441
14916,325,442
14917,325,443
14918,325,444
14919,325,445
14920,325,446
14921,325,447
14922,325,448
14923,325,449
14924,325,450
14925,325,451
14926,325,452
14927,325,453
14928,325,454
14929,325,455
14930,325,456
14931,325,457
14932,325,458
14933,325,459
14934,325,460
14935,325,461
14936,325,462
14937,325,463
14938,325,464
14939,325,465
14940,325,466
14941,325,467
14942,325,468
14943,325,469
14944,325,470
14945,325,471
14946,325,472
14947,325,473
14948,325,474
14949,325,475
14950,325,476
14951,325,477
14952,325,478
14953,325,479
14954,325,480
14955,325,481
14956,325,482
14957,325,483
14958,325,484
14959,325,485
14960,325,518
14961,325,519
14962,325,532
14963,325,533
14964,325,534
14965,325,535
14966,325,536
14967,325,542
14968,325,543
14969,325,544
14970,325,545
14971,325,546
14972,325,547
14973,325,548
14974,325,549
14975,325,550
14976,325,551
14977,325,552
14978,325,553
14979,325,554
14980,325,555
14981,325,556
14982,325,557
14983,325,558
14984,325,559
14985,325,560
14986,325,561
14987,325,562
14988,325,563
14989,325,564
14990,325,565
14991,325,566
14992,325,567
14993,325,568
14994,325,569
14995,325,570
14996,326,427
14997,326,428
14998,326,429
14999,326,430
15000,326,431
15001,326,432
15002,326,433
15003,326,434
15004,326,435
15005,326,436
15006,326,437
15007,326,438
15008,326,439
15009,326,440
15010,326,441
15011,326,442
15012,326,443
15013,326,444
15014,326,445
15015,326,446
15016,326,447
15017,326,448
15018,326,449
15019,326,450
15020,326,451
15021,326,452
15022,326,453
15023,326,454
15024,326,455
15025,326,456
15026,326,457
15027,326,458
15028,326,459
15029,326,460
15030,326,461
15031,326,462
15032,326,463
15033,326,464
15034,326,465
15035,326,466
15036,326,467
15037,326,468
15038,326,469
15039,326,470
15040,326,471
15041,326,472
15042,326,473
15043,326,474
15044,326,475
15045,326,476
15046,326,477
15047,326,478
15048,326,479
15049,326,480
15050,326,481
15051,326,482
15052,326,483
15053,326,484
15054,326,485
15055,326,518
15056,327,427
15057,327,428
15058,327,429
15059,327,430
15060,327,431
15061,327,432
15062,327,433
15063,327,434
15064,327,435
15065,327,436
15066,327,437
15067,327,438
15068,327,439
15069,327,440
15070,327,441
15071,327,442
15072,327,443
15073,327,444
15074,327,445
15075,327,446
15076,327,447
15077,327,448
15078,327,449
15079,327,450
15080,327,451
15081,327,452
15082,327,453
15083,327,454
15084,327,455
15085,327,456
15086,327,457
15087,327,458
15088,327,459
15089,327,460
15090,327,461
15091,327,462
15092,327,463
15093,327,464
15094,327,465
15095,327,466
15096,327,467
15097,327,468
15098,327,469
15099,327,470
15100,327,471
15101,327,472
15102,327,473
15103,327,474
15104,327,475
15105,327,476
15106,327,477
15107,327,478
15108,327,479
15109,327,480
15110,327,481
15111,327,482
15112,327,483
15113,327,484
15114,327,485
15115,328,426
15116,328,427
15117,328,428
15118,328,429
15119,328,430
15120,328,431
15121,328,432
15122,328,433
15123,328,434
15124,328,435
15125,328,436
15126,328,437
15127,328,438
15128,328,439
15129,328,440
15130,328,441
15131,328,442
15132,328,443
15133,328,444
15134,328,445
15135,328,446
15136,328,447
15137,328,448
15138,328,449
15139,328,450
15140,328,451
15141,328,452
15142,328,453
15143,328,454
15144,328,455
15145,328,456
15146,328,457
15147,328,458
15148,328,459
15149,328,460
15150,328,461
15151,328,462
15152,328,463
15153,328,464
15154,328,465
15155,328,466
15156,328,467
15157,328,468
15158,328,469
15159,328,470
15160,328,471
15161,328,472
15162,328,473
15163,328,474
15164,328,475
15165,328,476
15166,328,477
15167,328,478
15168,328,479
15169,328,480
15170,328,481
15171,328,482
15172,328,483
15173,328,484
15174,328,485
15175,329,425
15176,329,426
15177,329,427
15178,329,428
15179,329,429
15180,329,430
15181,329,431
15182,329,432
15183,329,433
15184,329,434
15185,329,435
15186,329,436
15187,329,437
15188,329,438
15189,329,439
15190,329,440
15191,329,441
15192,329,442
15193,329,443
15194,329,444
15195,329,445
15196,329,446
15197,329,447
15198,329,448
15199,329,449
15200,329,450
15201,329,451
15202,329,452
15203,329,453
15204,329,454
15205,329,455
15206,329,456
15207,329,457
15208,329,458
15209,329,459
15210,329,460
15211,329,461
15212,329,462
15213,329,463
15214,329,464
15215,329,465
15216,329,466
15217,329,467
15218,329,468
15219,329,469
15220,329,470
15221,329,471
15222,329,472
15223,329,473
15224,329,474
15225,329,475
15226,329,476
15227,329,477
15228,329,478
15229,329,479
15230,329,480
15231,329,481
15232,329,482
15233,329,483
15234,329,484
15235,329,485
15236,330,421
15237,330,422
15238,330,423
15239,330,424
15240,330,425
15241,330,426
15242,330,427
15243,330,428
15244,330,429
15245,330,430
15246,330,431
15247,330,432
15248,330,433
15249,330,434
15250,330,435
15251,330,436
15252,330,437
15253,330,438
15254,330,439
15255,330,440
15256,330,441
15257,330,442
15258,330,443
15259,330,444
15260,330,445
15261,330,446
15262,330,447
15263,330,448
15264,330,449
15265,330,450
15266,330,451
15267,330,452
15268,330,453
15269,330,454
15270,330,455
15271,330,456
15272,330,457
15273,330,458
15274,330,459
15275,330,460
15276,330,461
15277,330,462
15278,330,463
15279,330,464
15280,330,465
15281,330,466
15282,330,467
15283,330,468
15284,330,469
15285,330,470
15286,330,471
15287,330,472
15288,330,473
15289,330,474
15290,330,475
15291,330,476
15292,330,477
15293,330,478
15294,330,479
15295,330,480
15296,330,481
15297,330,482
15298,330,483
15299,330,484
15300,330,485
15301,331,416
15302,331,417
15303,331,418
15304,331,419
15305,331,420
15306,331,421
15307,331,422
15308,331,423
15309,331,424
15310,331,425
15311,331,426
15312,331,427
15313,331,428
15314,331,429
15315,331,430
15316,331,431
15317,331,432
15318,331,433
15319,331,434
15320,331,435
15321,331,436
15322,331,437
15323,331,438
15324,331,439
15325,331,440
15326,331,441
15327,331,442
15328,331,443
15329,331,444
15330,331,445
15331,331,446
15332,331,447
15333,331,448
15334,331,449
15335,331,450
15336,331,451
15337,331,452
15338,331,453
15339,331,454
15340,331,455
15341,331,456
15342,331,457
15343,331,458
15344,331,459
15345,331,460
15346,331,461
15347,331,462
15348,331,463
15349,331,464
15350,331,465
15351,331,466
15352,331,467
15353,331,468
15354,331,469
15355,331,470
15356,331,471
15357,331,472
15358,331,473
15359,331,474
15360,331,475
15361,331,476
15362,331,477
15363,331,478
15364,331,479
15365,331,480
15366,331,481
15367,331,482
15368,331,483
15369,331,484
15370,331,485
15371,331,486
15372,332,400
15373,332,401
15374,332,402
15375,332,403
15376,332,404
15377,332,405
15378,332,414
15379,332,415
15380,332,416
15381,332,417
15382,332,418
15383,332,419
15384,332,420
15385,332,421
15386,332,422
15387,332,423
15388,332,424
15389,332,425
15390,332,426
15391,332,427
15392,332,428
15393,332,429
15394,332,430
15395,332,431
15396,332,432
15397,332,433
15398,332,434
15399,332,435
15400,332,436
15401,332,437
15402,332,438
15403,332,439
15404,332,440
15405,332,441
15406,332,442
15407,332,443
15408,332,444
15409,332,445
15410,332,446
15411,332,447
15412,332,448
15413,332,449
15414,332,450
15415,332,451
15416,332,452
15417,332,453
15418,332,454
15419,332,455
15420,332,456
15421,332,457
15422,332,458
15423,332,459
15424,332,460
15425,332,461
15426,332,462
15427,332,463
15428,332,464
15429,332,465
15430,332,466
15431,332,467
15432,332,468
15433,332,469
15434,332,470
15435,332,471
15436,332,472
15437,332,473
15438,332,474
15439,332,475
15440,332,476
15441,332,477
15442,332,478
15443,332,479
15444,332,480
15445,332,481
15446,332,482
15447,332,483
15448,332,484
15449,332,485
15450,332,486
15451,333,397
15452,333,398
15453,333,399
15454,333,400
15455,333,401
15456,333,402
15457,333,403
15458,333,404
15459,333,405
15460,333,406
15461,333,407
15462,333,412
15463,333,413
15464,333,414
15465,333,415
15466,333,416
15467,333,417
15468,333,418
15469,333,419
15470,333,420
15471,333,421
15472,333,422
15473,333,423
15474,333,424
15475,333,425
15476,333,426
15477,333,427
15478,333,428
15479,333,429
15480,333,430
15481,333,431
15482,333,432
15483,333,433
15484,333,434
15485,333,435
15486,333,436
15487,333,437
15488,333,438
15489,333,439
15490,333,440
15491,333,441
15492,333,442
15493,333,443
15494,333,444
15495,333,445
15496,333,446
15497,333,447
15498,333,448
15499,333,449
15500,333,450
15501,333,451
15502,333,452
15503,333,453
15504,333,454
15505,333,455
15506,333,456
15507,333,457
15508,333,458
15509,333,459
15510,333,460
15511,333,461
15512,333,462
15513,333,463
15514,333,464
15515,333,465
15516,333,466
15517,333,467
15518,333,468
15519,333,469
15520,333,470
15521,333,471
15522,333,472
15523,333,473
15524,333,474
15525,333,475
15526,333,476
15527,333,477
15528,333,478
15529,333,479
15530,333,480
15531,333,481
15532,333,482
15533,333,483
15534,333,484
15535,333,485
15536,333,486
15537,334,396
15538,334,397
15539,334,398
15540,334,399
15541,334,400
15542,334,401
15543,334,402
15544,334,403
15545,334,404
15546,334,405
15547,334,406
15548,334,407
15549,334,408
15550,334,409
15551,334,411
15552,334,412
15553,334,413
15554,334,414
15555,334,415
15556,334,416
15557,334,417
15558,334,418
15559,334,419
15560,334,420
15561,334,421
15562,334,422
15563,334,423
15564,334,424
15565,334,425
15566,334,426
15567,334,427
15568,334,428
15569,334,429
15570,334,430
15571,334,431
15572,334,432
15573,334,433
15574,334,434
15575,334,435
15576,334,436
15577,334,437
15578,334,438
15579,334,439
15580,334,440
15581,334,441
15582,334,442
15583,334,443
15584,334,444
15585,334,445
15586,334,446
15587,334,447
15588,334,448
15589,334,449
15590,334,450
15591,334,451
15592,334,452
15593,334,453
15594,334,454
15595,334,455
15596,334,456
15597,334,457
15598,334,458
15599,334,459
15600,334,460
15601,334,461
15602,334,462
15603,334,463
15604,334,464
15605,334,465
15606,334,466
15607,334,467
15608,334,468
15609,334,469
15610,334,470
15611,334,471
15612,334,472
15613,334,473
15614,334,474
15615,334,475
15616,334,476
15617,334,477
15618,334,478
15619,334,479
15620,334,480
15621,334,481
15622,334,482
15623,334,483
15624,334,484
15625,334,485
15626,334,486
15627,335,394
15628,335,395
15629,335,396
15630,335,397
15631,335,398
15632,335,399
15633,335,400
15634,335,401
15635,335,402
15636,335,403
15637,335,404
15638,335,405
15639,335,406
15640,335,407
15641,335,408
15642,335,409
15643,335,410
15644,335,411
15645,335,412
15646,335,413
15647,335,414
15648,335,415
15649,335,416
15650,335,417
15651,335,418
15652,335,419
15653,335,420
15654,335,421
15655,335,422
15656,335,423
15657,335,424
15658,335,425
15659,335,426
15660,335,427
15661,335,428
15662,335,429
15663,335,430
15664,335,431
15665,335,432
15666,335,433
15667,335,434
15668,335,435
15669,335,436
15670,335,437
15671,335,438
15672,335,439
15673,335,440
15674,335,441
15675,335,442
15676,335,443
15677,335,444
15678,335,445
15679,335,446
15680,335,447
15681,335,448
15682,335,449
15683,335,450
15684,335,451
15685,335,452
15686,335,453
15687,335,454
15688,335,455
15689,335,456
15690,335,457
15691,335,458
15692,335,459
15693,335,460
15694,335,461
15695,335,462
15696,335,463
15697,335,464
15698,335,465
15699,335,466
15700,335,467
15701,335,468
15702,335,469
15703,335,470
15704,335,471
15705,335,472
15706,335,473
15707,335,474
15708,335,475
15709,335,476
15710,335,477
15711,335,478
15712,335,479
15713,335,480
15714,335,481
15715,335,482
15716,335,483
15717,335,484
15718,335,485
15719,335,486
15720,336,393
15721,336,394
15722,336,395
15723,336,396
15724,336,397
15725,336,398
15726,336,399
15727,336,400
15728,336,401
15729,336,402
15730,336,403
15731,336,404
15732,336,405
15733,336,406
15734,336,407
15735,336,408
15736,336,409
15737,336,410
15738,336,411
15739,336,412
15740,336,413
15741,336,414
15742,336,415
15743,336,416
15744,336,417
15745,336,418
15746,336,419
15747,336,420
15748,336,421
15749,336,422
15750,336,423
15751,336,424
15752,336,425
15753,336,426
15754,336,427
15755,336,428
15756,336,429
15757,336,430
15758,336,431
15759,336,432
15760,336,433
15761,336,434
15762,336,435
15763,336,436
15764,336,437
15765,336,438
15766,336,439
15767,336,440
15768,336,441
15769,336,442
15770,336,443
15771,336,444
15772,336,445
15773,336,446
15774,336,447
15775,336,448
15776,336,449
15777,336,450
15778,336,451
15779,336,452
15780,336,453
15781,336,454
15782,336,455
15783,336,456
15784,336,457
15785,336,458
15786,336,459
15787,336,460
15788,336,461
15789,336,462
15790,336,463
15791,336,464
15792,336,465
15793,336,466
15794,336,467
15795,336,468
15796,336,469
15797,336,470
15798,336,471
15799,336,472
15800,336,473
15801,336,474
15802,336,475
15803,336,476
15804,336,477
15805,336,478
15806,336,479
15807,336,480
15808,336,481
15809,336,482
15810,336,483
15811,336,484
15812,336,485
15813,336,486
15814,336,487
15815,337,391
15816,337,392
15817,337,393
15818,337,394
15819,337,395
15820,337,396
15821,337,397
15822,337,398
15823,337,399
15824,337,400
15825,337,401
15826,337,402
15827,337,403
15828,337,404
15829,337,405
15830,337,406
15831,337,407
15832,337,408
15833,337,409
15834,337,410
15835,337,411
15836,337,412
15837,337,413
15838,337,414
15839,337,415
15840,337,416
15841,337,417
15842,337,418
15843,337,419
15844,337,420
15845,337,421
15846,337,422
15847,337,423
15848,337,424
15849,337,425
15850,337,426
15851,337,427
15852,337,428
15853,337,429
15854,337,430
15855,337,431
15856,337,432
15857,337,433
15858,337,434
15859,337,435
15860,337,436
15861,337,437
15862,337,438
15863,337,439
15864,337,440
15865,337,441
15866,337,442
15867,337,443
15868,337,444
15869,337,445
15870,337,446
15871,337,447
15872,337,448
15873,337,449
15874,337,450
15875,337,451
15876,337,452
15877,337,453
15878,337,454
15879,337,455
15880,337,456
15881,337,457
15882,337,458
15883,337,459
15884,337,460
15885,337,461
15886,337,462
15887,337,463
15888,337,464
15889,337,465
15890,337,466
15891,337,467
15892,337,468
15893,337,469
15894,337,470
15895,337,471
15896,337,472
15897,337,473
15898,337,474
15899,337,475
15900,337,476
15901,337,477
15902,337,478
15903,337,479
15904,337,480
15905,337,481
15906,337,482
15907,337,483
15908,337,484
15909,337,485
15910,337,486
15911,337,487
15912,338,390
15913,338,391
15914,338,392
15915,338,393
15916,338,394
15917,338,395
15918,338,396
15919,338,397
15920,338,398
15921,338,399
15922,338,400
15923,338,401
15924,338,402
15925,338,403
15926,338,404
15927,338,405
15928,338,406
15929,338,407
15930,338,408
15931,338,409
15932,338,410
15933,338,411
15934,338,412
15935,338,413
15936,338,414
15937,338,415
15938,338,416
15939,338,417
15940,338,418
15941,338,419
15942,338,420
15943,338,421
15944,338,422
15945,338,423
15946,338,424
15947,338,425
15948,338,426
15949,338,427
15950,338,428
15951,338,429
15952,338,430
15953,338,431
15954,338,432
15955,338,433
15956,338,434
15957,338,435
15958,338,436
15959,338,437
15960,338,438
15961,338,439
15962,338,440
15963,338,441
15964,338,442
15965,338,443
15966,338,444
15967,338,445
15968,338,446
15969,338,447
15970,338,448
15971,338,449
15972,338,450
15973,338,451
15974,338,452
15975,338,453
15976,338,454
15977,338,455
15978,338,456
15979,338,457
15980,338,458
15981,338,459
15982,338,460
15983,338,461
15984,338,462
15985,338,463
15986,338,464
15987,338,465
15988,338,466
15989,338,467
15990,338,468
15991,338,469
15992,338,470
15993,338,471
15994,338,472
15995,338,473
15996,338,474
15997,338,475
15998,338,476
15999,338,477
16000,338,478
16001,338,479
16002,338,480
16003,338,481
16004,338,482
16005,338,483
16006,338,484
16007,338,485
16008,338,486
16009,338,487
16010,338,488
16011,339,388
16012,339,389
16013,339,390
16014,339,391
16015,339,392
16016,339,393
16017,339,394
16018,339,395
16019,339,396
16020,339,397
16021,339,398
16022,339,399
16023,339,400
16024,339,401
16025,339,402
16026,339,403
16027,339,404
16028,339,405
16029,339,406
16030,339,407
16031,339,408
16032,339,409
16033,339,410
16034,339,411
16035,339,412
16036,339,413
16037,339,414
16038,339,415
16039,339,416
16040,339,417
16041,339,418
16042,339,419
16043,339,420
16044,339,421
16045,339,422
16046,339,423
16047,339,424
16048,339,425
16049,339,426
16050,339,427
16051,339,428
16052,339,429
16053,339,430
16054,339,431
16055,339,432
16056,339,433
16057,339,434
16058,339,435
16059,339,436
16060,339,437
16061,339,438
16062,339,439
16063,339,440
16064,339,441
16065,339,442
16066,339,443
16067,339,444
16068,339,445
16069,339,446
16070,339,447
16071,339,448
16072,339,449
16073,339,450
16074,339,451
16075,339,452
16076,339,453
16077,339,454
16078,339,455
16079,339,456
16080,339,457
16081,339,458
16082,339,459
16083,339,460
16084,339,461
16085,339,462
16086,339,463
16087,339,464
16088,339,465
16089,339,466
16090,339,467
16091,339,468
16092,339,469
16093,339,470
16094,339,471
16095,339,472
16096,339,473
16097,339,474
16098,339,475
16099,339,476
16100,339,477
16101,339,478
16102,339,479
16103,339,480
16104,339,481
16105,339,482
16106,339,483
16107,339,484
16108,339,485
16109,339,486
16110,339,487
16111,339,488
16112,339,489
16113,340,385
16114,340,386
16115,340,387
16116,340,388
16117,340,389
16118,340,390
16119,340,391
16120,340,392
16121,340,393
16122,340,394
16123,340,395
16124,340,396
16125,340,397
16126,340,398
16127,340,399
16128,340,400
16129,340,401
16130,340,402
16131,340,403
16132,340,404
16133,340,405
16134,340,406
16135,340,407
16136,340,408
16137,340,409
16138,340,410
16139,340,411
16140,340,412
16141,340,413
16142,340,414
16143,340,415
16144,340,416
16145,340,417
16146,340,418
16147,340,419
16148,340,420
16149,340,421
16150,340,422
16151,340,423
16152,340,424
16153,340,425
16154,340,426
16155,340,427
16156,340,428
16157,340,429
16158,340,430
16159,340,431
16160,340,432
16161,340,433
16162,340,434
16163,340,435
16164,340,436
16165,340,437
16166,340,438
16167,340,439
16168,340,440
16169,340,441
16170,340,442
16171,340,443
16172,340,444
16173,340,445
16174,340,446
16175,340,447
16176,340,448
16177,340,449
16178,340,450
16179,340,451
16180,340,452
16181,340,453
16182,340,454
16183,340,455
16184,340,456
16185,340,457
16186,340,458
16187,340,459
16188,340,460
16189,340,461
16190,340,462
16191,340,463
16192,340,464
16193,340,465
16194,340,466
16195,340,467
16196,340,468
16197,340,469
16198,340,470
16199,340,471
16200,340,472
16201,340,473
16202,340,474
16203,340,475
16204,340,476
16205,340,477
16206,340,478
16207,340,479
16208,340,480
16209,340,481
16210,340,482
16211,340,483
16212,340,484
16213,340,485
16214,340,486
16215,340,487
16216,340,488
16217,340,489
16218,340,490
16219,341,384
16220,341,385
16221,341,386
16222,341,387
16223,341,388
16224,341,389
16225,341,390
16226,341,391
16227,341,392
16228,341,393
16229,341,394
16230,341,395
16231,341,396
16232,341,397
16233,341,398
16234,341,399
16235,341,400
16236,341,401
16237,341,402
16238,341,403
16239,341,404
16240,341,405
16241,341,406
16242,341,407
16243,341,408
16244,341,409
16245,341,410
16246,341,411
16247,341,412
16248,341,413
16249,341,414
16250,341,415
16251,341,416
16252,341,417
16253,341,418
16254,341,419
16255,341,420
16256,341,421
16257,341,422
16258,341,423
16259,341,424
16260,341,425
16261,341,426
16262,341,427
16263,341,428
16264,341,429
16265,341,430
16266,341,431
16267,341,432
16268,341,433
16269,341,434
16270,341,435
16271,341,436
16272,341,437
16273,341,438
16274,341,439
16275,341,440
16276,341,441
16277,341,442
16278,341,443
16279,341,444
16280,341,445
16281,341,446
16282,341,447
16283,341,448
16284,341,449
16285,341,450
16286,341,451
16287,341,452
16288,341,453
16289,341,454
16290,341,455
16291,341,456
16292,341,457
16293,341,458
16294,341,459
16295,341,460
16296,341,461
16297,341,462
16298,341,463
16299,341,464
16300,341,465
16301,341,466
16302,341,467
16303,341,468
16304,341,469
16305,341,470
16306,341,471
16307,341,472
16308,341,473
16309,341,474
16310,341,475
16311,341,476
16312,341,477
16313,341,478
16314,341,479
16315,341,480
16316,341,481
16317,341,482
16318,341,483
16319,341,484
16320,341,485
16321,341,486
16322,341,487
16323,341,488
16324,341,489
16325,341,490
16326,342,383
16327,342,384
16328,342,385
16329,342,386
16330,342,387
16331,342,388
16332,342,389
16333,342,390
16334,342,391
16335,342,392
16336,342,393
16337,342,394
16338,342,395
16339,342,396
16340,342,397
16341,342,398
16342,342,399
16343,342,400
16344,342,401
16345,342,402
16346,342,403
16347,342,404
16348,342,405
16349,342,406
16350,342,407
16351,342,408
16352,342,409
16353,342,410
16354,342,411
16355,342,412
16356,342,413
16357,342,414
16358,342,415
16359,342,416
16360,342,417
16361,342,418
16362,342,419
16363,342,420
16364,342,421
16365,342,422
16366,342,423
16367,342,424
16368,342,425
16369,342,426
16370,342,427
16371,342,428
16372,342,429
16373,342,430
16374,342,431
16375,342,432
16376,342,433
16377,342,434
16378,342,435
16379,342,436
16380,342,437
16381,342,438
16382,342,439
16383,342,440
16384,342,441
16385,342,442
16386,342,443
16387,342,444
16388,342,445
16389,342,446
16390,342,447
16391,342,448
16392,342,449
16393,342,450
16394,342,451
16395,342,452
16396,342,453
16397,342,454
16398,342,455
16399,342,456
16400,342,457
16401,342,458
16402,342,459
16403,342,460
16404,342,461
16405,342,462
16406,342,463
16407,342,464
16408,342,465
16409,342,466
16410,342,467
16411,342,468
16412,342,469
16413,342,470
16414,342,471
16415,342,472
16416,342,473
16417,342,474
16418,342,475
16419,342,476
16420,342,477
16421,342,478
16422,342,479
16423,342,480
16424,342,481
16425,342,482
16426,342,483
16427,342,484
16428,342,485
16429,342,486
16430,342,487
16431,342,488
16432,342,489
16433,342,490
16434,342,491
16435,343,380
16436,343,381
16437,343,382
16438,343,383
16439,343,384
16440,343,385
16441,343,386
16442,343,387
16443,343,388
16444,343,389
16445,343,390
16446,343,391
16447,343,392
16448,343,393
16449,343,394
16450,343,395
16451,343,396
16452,343,397
16453,343,398
16454,343,399
16455,343,400
16456,343,401
16457,343,402
16458,343,403
16459,343,404
16460,343,405
16461,343,406
16462,343,407
16463,343,408
16464,343,409
16465,343,410
16466,343,411
16467,343,412
16468,343,413
16469,343,414
16470,343,415
16471,343,416
16472,343,417
16473,343,418
16474,343,419
16475,343,420
16476,343,421
16477,343,422
16478,343,423
16479,343,424
16480,343,425
16481,343,426
16482,343,427
16483,343,428
16484,343,429
16485,343,430
16486,343,431
16487,343,432
16488,343,433
16489,343,434
16490,343,435
16491,343,436
16492,343,437
16493,343,438
16494,343,439
16495,343,440
16496,343,441
16497,343,442
16498,343,443
16499,343,444
16500,343,445
16501,343,446
16502,343,447
16503,343,448
16504,343,449
16505,343,450
16506,343,451
16507,343,452
16508,343,453
16509,343,454
16510,343,455
16511,343,456
16512,343,457
16513,343,458
16514,343,459
16515,343,460
16516,343,461
16517,343,462
16518,343,463
16519,343,464
16520,343,465
16521,343,466
16522,343,467
16523,343,468
16524,343,469
16525,343,470
16526,343,471
16527,343,472
16528,343,473
16529,343,474
16530,343,475
16531,343,476
16532,343,477
16533,343,478
16534,343,479
16535,343,480
16536,343,481
16537,343,482
16538,343,483
16539,343,484
16540,343,485
16541,343,486
16542,343,487
16543,343,488
16544,343,489
16545,343,490
16546,343,491
16547,343,492
16548,344,379
16549,344,380
16550,344,381
16551,344,382
16552,344,383
16553,344,384
16554,344,385
16555,344,386
16556,344,387
16557,344,388
16558,344,389
16559,344,390
16560,344,391
16561,344,392
16562,344,393
16563,344,394
16564,344,395
16565,344,396
16566,344,397
16567,344,398
16568,344,399
16569,344,400
16570,344,401
16571,344,402
16572,344,403
16573,344,404
16574,344,405
16575,344,406
16576,344,407
16577,344,408
16578,344,409
16579,344,410
16580,344,411
16581,344,412
16582,344,413
16583,344,414
16584,344,415
16585,344,416
16586,344,417
16587,344,418
16588,344,419
16589,344,420
16590,344,421
16591,344,422
16592,344,423
16593,344,424
16594,344,425
16595,344,426
16596,344,427
16597,344,428
16598,344,429
16599,344,430
16600,344,431
16601,344,432
16602,344,433
16603,344,434
16604,344,435
16605,344,436
16606,344,437
16607,344,438
16608,344,439
16609,344,440
16610,344,441
16611,344,442
16612,344,443
16613,344,444
16614,344,445
16615,344,446
16616,344,447
16617,344,448
16618,344,449
16619,344,450
16620,344,451
16621,344,452
16622,344,453
16623,344,454
16624,344,455
16625,344,456
16626,344,457
16627,344,458
16628,344,459
16629,344,460
16630,344,461
16631,344,462
16632,344,463
16633,344,464
16634,344,465
16635,344,466
16636,344,467
16637,344,468
16638,344,469
16639,344,470
16640,344,471
16641,344,472
16642,344,473
16643,344,474
16644,344,475
16645,344,476
16646,344,477
16647,344,478
16648,344,479
16649,344,480
16650,344,481
16651,344,482
16652,344,483
16653,344,484
16654,344,485
16655,344,486
16656,344,487
16657,344,488
16658,344,489
16659,344,490
16660,344,491
16661,344,492
16662,344,493
16663,345,379
16664,345,380
16665,345,381
16666,345,382
16667,345,383
16668,345,384
16669,345,385
16670,345,386
16671,345,387
16672,345,388
16673,345,389
16674,345,390
16675,345,391
16676,345,392
16677,345,393
16678,345,394
16679,345,395
16680,345,396
16681,345,397
16682,345,398
16683,345,399
16684,345,400
16685,345,401
16686,345,402
16687,345,403
16688,345,404
16689,345,405
16690,345,406
16691,345,407
16692,345,408
16693,345,409
16694,345,410
16695,345,411
16696,345,412
16697,345,413
16698,345,414
16699,345,415
16700,345,416
16701,345,417
16702,345,418
16703,345,419
16704,345,420
16705,345,421
16706,345,422
16707,345,423
16708,345,424
16709,345,425
16710,345,426
16711,345,427
16712,345,428
16713,345,429
16714,345,430
16715,345,431
16716,345,432
16717,345,433
16718,345,434
16719,345,435
16720,345,436
16721,345,437
16722,345,438
16723,345,439
16724,345,440
16725,345,441
16726,345,442
16727,345,443
16728,345,444
16729,345,445
16730,345,446
16731,345,447
16732,345,448
16733,345,449
16734,345,450
16735,345,451
16736,345,452
16737,345,453
16738,345,454
16739,345,455
16740,345,456
16741,345,457
16742,345,458
16743,345,459
16744,345,460
16745,345,461
16746,345,462
16747,345,463
16748,345,464
16749,345,465
16750,345,466
16751,345,467
16752,345,468
16753,345,469
16754,345,470
16755,345,471
16756,345,472
16757,345,473
16758,345,474
16759,345,475
16760,345,476
16761,345,477
16762,345,478
16763,345,479
16764,345,480
16765,345,481
16766,345,482
16767,345,483
16768,345,484
16769,345,485
16770,345,486
16771,345,487
16772,345,488
16773,345,489
16774,345,490
16775,345,491
16776,345,492
16777,345,493
16778,345,494
16779,346,378
16780,346,379
16781,346,380
16782,346,381
16783,346,382
16784,346,383
16785,346,384
16786,346,385
16787,346,386
16788,346,387
16789,346,388
16790,346,389
16791,346,390
16792,346,391
16793,346,392
16794,346,393
16795,346,394
16796,346,395
16797,346,396
16798,346,397
16799,346,398
16800,346,399
16801,346,400
16802,346,401
16803,346,402
16804,346,403
16805,346,404
16806,346,405
16807,346,406
16808,346,407
16809,346,408
16810,346,409
16811,346,410
16812,346,411
16813,346,412
16814,346,413
16815,346,414
16816,346,415
16817,346,416
16818,346,417
16819,346,418
16820,346,419
16821,346,420
16822,346,421
16823,346,422
16824,346,423
16825,346,424
16826,346,425
16827,346,426
16828,346,427
16829,346,428
16830,346,429
16831,346,430
16832,346,431
16833,346,432
16834,346,433
16835,346,434
16836,346,435
16837,346,436
16838,346,437
16839,346,438
16840,346,439
16841,346,440
16842,346,441
16843,346,442
16844,346,443
16845,346,444
16846,346,445
16847,346,446
16848,346,447
16849,346,448
16850,346,449
16851,346,450
16852,346,451
16853,346,452
16854,346,453
16855,346,454
16856,346,455
16857,346,456
16858,346,457
16859,346,458
16860,346,459
16861,346,460
16862,346,461
16863,346,462
16864,346,463
16865,346,464
16866,346,465
16867,346,466
16868,346,467
16869,346,468
16870,346,469
16871,346,470
16872,346,471
16873,346,472
16874,346,473
16875,346,474
16876,346,475
16877,346,476
16878,346,477
16879,346,478
16880,346,479
16881,346,480
16882,346,481
16883,346,482
16884,346,483
16885,346,484
16886,346,485
16887,346,486
16888,346,487
16889,346,488
16890,346,489
16891,346,490
16892,346,491
16893,346,492
16894,346,493
16895,346,494
16896,346,495
16897,347,378
16898,347,379
16899,347,380
16900,347,381
16901,347,382
16902,347,383
16903,347,384
16904,347,385
16905,347,386
16906,347,387
16907,347,388
16908,347,389
16909,347,390
16910,347,391
16911,347,392
16912,347,393
16913,347,394
16914,347,395
16915,347,396
16916,347,397
16917,347,398
16918,347,399
16919,347,400
16920,347,401
16921,347,402
16922,347,403
16923,347,404
16924,347,405
16925,347,406
16926,347,407
16927,347,408
16928,347,409
16929,347,410
16930,347,411
16931,347,412
16932,347,413
16933,347,414
16934,347,415
16935,347,416
16936,347,417
16937,347,418
16938,347,419
16939,347,420
16940,347,421
16941,347,422
16942,347,423
16943,347,424
16944,347,425
16945,347,426
16946,347,427
16947,347,428
16948,347,429
16949,347,430
16950,347,431
16951,347,432
16952,347,433
16953,347,434
16954,347,435
16955,347,436
16956,347,437
16957,347,438
16958,347,439
16959,347,440
16960,347,441
16961,347,442
16962,347,443
16963,347,444
16964,347,445
16965,347,446
16966,347,447
16967,347,448
16968,347,449
16969,347,450
16970,347,451
16971,347,452
16972,347,453
16973,347,454
16974,347,455
16975,347,456
16976,347,457
16977,347,458
16978,347,459
16979,347,460
16980,347,461
16981,347,462
16982,347,463
16983,347,464
16984,347,465
16985,347,466
16986,347,467
16987,347,468
16988,347,469
16989,347,470
16990,347,471
16991,347,472
16992,347,473
16993,347,474
16994,347,475
16995,347,476
16996,347,477
16997,347,478
16998,347,479
16999,347,480
17000,347,481
17001,347,482
17002,347,483
17003,347,484
17004,347,485
17005,347,486
17006,347,487
17007,347,488
17008,347,489
17009,347,490
17010,347,491
17011,347,492
17012,347,493
17013,347,494
17014,347,495
17015,347,496
17016,348,377
17017,348,378
17018,348,379
17019,348,380
17020,348,381
17021,348,382
17022,348,383
17023,348,384
17024,348,385
17025,348,386
17026,348,387
17027,348,388
17028,348,389
17029,348,390
17030,348,391
17031,348,392
17032,348,393
17033,348,394
17034,348,395
17035,348,396
17036,348,397
17037,348,398
17038,348,399
17039,348,400
17040,348,401
17041,348,402
17042,348,403
17043,348,404
17044,348,405
17045,348,406
17046,348,407
17047,348,408
17048,348,409
17049,348,410
17050,348,411
17051,348,412
17052,348,413
17053,348,414
17054,348,415
17055,348,416
17056,348,417
17057,348,418
17058,348,419
17059,348,420
17060,348,421
17061,348,422
17062,348,423
17063,348,424
17064,348,425
17065,348,426
17066,348,427
17067,348,428
17068,348,429
17069,348,430
17070,348,431
17071,348,432
17072,348,433
17073,348,434
17074,348,435
17075,348,436
17076,348,437
17077,348,438
17078,348,439
17079,348,440
17080,348,441
17081,348,442
17082,348,443
17083,348,444
17084,348,445
17085,348,446
17086,348,447
17087,348,448
17088,348,449
17089,348,450
17090,348,451
17091,348,452
17092,348,453
17093,348,454
17094,348,455
17095,348,456
17096,348,457
17097,348,458
17098,348,459
17099,348,460
17100,348,461
17101,348,462
17102,348,463
17103,348,464
17104,348,465
17105,348,466
17106,348,467
17107,348,468
17108,348,469
17109,348,470
17110,348,471
17111,348,472
17112,348,473
17113,348,474
17114,348,475
17115,348,476
17116,348,477
17117,348,478
17118,348,479
17119,348,480
17120,348,481
17121,348,482
17122,348,483
17123,348,484
17124,348,485
17125,348,486
17126,348,487
17127,348,488
17128,348,489
17129,348,490
17130,348,491
17131,348,492
17132,348,493
17133,348,494
17134,348,495
17135,348,496
17136,348,497
17137,349,376
17138,349,377
17139,349,378
17140,349,379
17141,349,380
17142,349,381
17143,349,382
17144,349,383
17145,349,384
17146,349,385
17147,349,386
17148,349,387
17149,349,388
17150,349,389
17151,349,390
17152,349,391
17153,349,392
17154,349,393
17155,349,394
17156,349,395
17157,349,396
17158,349,397
17159,349,398
17160,349,399
17161,349,400
17162,349,401
17163,349,402
17164,349,403
17165,349,404
17166,349,405
17167,349,406
17168,349,407
17169,349,408
17170,349,409
17171,349,410
17172,349,411
17173,349,412
17174,349,413
17175,349,414
17176,349,415
17177,349,416
17178,349,417
17179,349,418
17180,349,419
17181,349,420
17182,349,421
17183,349,422
17184,349,423
17185,349,424
17186,349,425
17187,349,426
17188,349,427
17189,349,428
17190,349,429
17191,349,430
17192,349,431
17193,349,432
17194,349,433
17195,349,434
17196,349,435
17197,349,436
17198,349,437
17199,349,438
17200,349,439
17201,349,440
17202,349,441
17203,349,442
17204,349,443
17205,349,444
17206,349,445
17207,349,446
17208,349,447
17209,349,448
17210,349,449
17211,349,450
17212,349,451
17213,349,452
17214,349,453
17215,349,454
17216,349,455
17217,349,456
17218,349,457
17219,349,458
17220,349,459
17221,349,460
17222,349,461
17223,349,462
17224,349,463
17225,349,464
17226,349,465
17227,349,466
17228,349,467
17229,349,468
17230,349,469
17231,349,470
17232,349,471
17233,349,472
17234,349,473
17235,349,474
17236,349,475
17237,349,476
17238,349,477
17239,349,478
17240,349,479
17241,349,480
17242,349,481
17243,349,482
17244,349,483
17245,349,484
17246,349,485
17247,349,486
17248,349,487
17249,349,488
17250,349,489
17251,349,490
17252,349,491
17253,349,492
17254,349,493
17255,349,494
17256,349,495
17257,349,496
17258,349,497
17259,349,498
17260,350,374
17261,350,375
17262,350,376
17263,350,377
17264,350,378
17265,350,379
17266,350,380
17267,350,381
17268,350,382
17269,350,383
17270,350,384
17271,350,385
17272,350,386
17273,350,387
17274,350,388
17275,350,389
17276,350,390
17277,350,391
17278,350,392
17279,350,393
17280,350,394
17281,350,395
17282,350,396
17283,350,397
17284,350,398
17285,350,399
17286,350,400
17287,350,401
17288,350,402
17289,350,403
17290,350,404
17291,350,405
17292,350,406
17293,350,407
17294,350,408
17295,350,409
17296,350,410
17297,350,411
17298,350,412
17299,350,413
17300,350,414
17301,350,415
17302,350,416
17303,350,417
17304,350,418
17305,350,419
17306,350,420
17307,350,421
17308,350,422
17309,350,423
17310,350,424
17311,350,425
17312,350,426
17313,350,427
17314,350,428
17315,350,429
17316,350,430
17317,350,431
17318,350,432
17319,350,433
17320,350,434
17321,350,435
17322,350,436
17323,350,437
17324,350,438
17325,350,439
17326,350,440
17327,350,441
17328,350,442
17329,350,443
17330,350,444
17331,350,445
17332,350,446
17333,350,447
17334,350,448
17335,350,449
17336,350,450
17337,350,451
17338,350,452
17339,350,453
17340,350,454
17341,350,455
17342,350,456
17343,350,457
17344,350,458
17345,350,459
17346,350,460
17347,350,461
17348,350,462
17349,350,463
17350,350,464
17351,350,465
17352,350,466
17353,350,467
17354,350,468
17355,350,469
17356,350,470
17357,350,471
17358,350,472
17359,350,473
17360,350,474
17361,350,475
17362,350,476
17363,350,477
17364,350,478
17365,350,479
17366,350,480
17367,350,481
17368,350,482
17369,350,483
17370,350,484
17371,350,485
17372,350,486
17373,350,487
17374,350,488
17375,350,489
17376,350,490
17377,350,491
17378,350,492
17379,350,493
17380,350,494
17381,350,495
17382,350,496
17383,350,497
17384,350,498
17385,350,499
17386,351,371
17387,351,372
17388,351,373
17389,351,374
17390,351,375
17391,351,376
17392,351,377
17393,351,378
17394,351,379
17395,351,380
17396,351,381
17397,351,382
17398,351,383
17399,351,384
17400,351,385
17401,351,386
17402,351,387
17403,351,388
17404,351,389
17405,351,390
17406,351,391
17407,351,392
17408,351,393
17409,351,394
17410,351,395
17411,351,396
17412,351,397
17413,351,398
17414,351,399
17415,351,400
17416,351,401
17417,351,402
17418,351,403
17419,351,404
17420,351,405
17421,351,406
17422,351,407
17423,351,408
17424,351,409
17425,351,410
17426,351,411
17427,351,412
17428,351,413
17429,351,414
17430,351,415
17431,351,416
17432,351,417
17433,351,418
17434,351,419
17435,351,420
17436,351,421
17437,351,422
17438,351,423
17439,351,424
17440,351,425
17441,351,426
17442,351,427
17443,351,428
17444,351,429
17445,351,430
17446,351,431
17447,351,432
17448,351,433
17449,351,434
17450,351,435
17451,351,436
17452,351,437
17453,351,438
17454,351,439
17455,351,440
17456,351,441
17457,351,442
17458,351,443
17459,351,444
17460,351,445
17461,351,446
17462,351,447
17463,351,448
17464,351,449
17465,351,450
17466,351,451
17467,351,452
17468,351,453
17469,351,454
17470,351,455
17471,351,456
17472,351,457
17473,351,458
17474,351,459
17475,351,460
17476,351,461
17477,351,462
17478,351,463
17479,351,464
17480,351,465
17481,351,466
17482,351,467
17483,351,468
17484,351,469
17485,351,470
17486,351,471
17487,351,472
17488,351,473
17489,351,474
17490,351,475
17491,351,476
17492,351,477
17493,351,478
17494,351,479
17495,351,480
17496,351,481
17497,351,482
17498,351,483
17499,351,484
17500,351,485
17501,351,486
17502,351,487
17503,351,488
17504,351,489
17505,351,490
17506,351,491
17507,351,492
17508,351,493
17509,351,494
17510,351,495
17511,351,496
17512,351,497
17513,351,498
17514,351,499
17515,352,370
17516,352,371
17517,352,372
17518,352,373
17519,352,374
17520,352,375
17521,352,376
17522,352,377
17523,352,378
17524,352,379
17525,352,380
17526,352,381
17527,352,382
17528,352,383
17529,352,384
17530,352,385
17531,352,386
17532,352,387
17533,352,388
17534,352,389
17535,352,390
17536,352,391
17537,352,392
17538,352,393
17539,352,394
17540,352,395
17541,352,396
17542,352,397
17543,352,398
17544,352,399
17545,352,400
17546,352,401
17547,352,402
17548,352,403
17549,352,404
17550,352,405
17551,352,406
17552,352,407
17553,352,408
17554,352,409
17555,352,410
17556,352,411
17557,352,412
17558,352,413
17559,352,414
17560,352,415
17561,352,416
17562,352,417
17563,352,418
17564,352,419
17565,352,420
17566,352,421
17567,352,422
17568,352,423
17569,352,424
17570,352,425
17571,352,426
17572,352,427
17573,352,428
17574,352,429
17575,352,430
17576,352,431
17577,352,432
17578,352,433
17579,352,434
17580,352,435
17581,352,436
17582,352,437
17583,352,438
17584,352,439
17585,352,440
17586,352,441
17587,352,442
17588,352,443
17589,352,444
17590,352,445
17591,352,446
17592,352,447
17593,352,448
17594,352,449
17595,352,450
17596,352,451
17597,352,452
17598,352,453
17599,352,454
17600,352,455
17601,352,456
17602,352,457
17603,352,458
17604,352,459
17605,352,460
17606,352,461
17607,352,462
17608,352,463
17609,352,464
17610,352,465
17611,352,466
17612,352,467
17613,352,468
17614,352,469
17615,352,470
17616,352,471
17617,352,472
17618,352,473
17619,352,474
17620,352,475
17621,352,476
17622,352,477
17623,352,478
17624,352,479
17625,352,480
17626,352,481
17627,352,482
17628,352,483
17629,352,484
17630,352,485
17631,352,486
17632,352,487
17633,352,488
17634,352,489
17635,352,490
17636,352,491
17637,352,492
17638,352,493
17639,352,494
17640,352,495
17641,352,496
17642,352,497
17643,352,498
17644,352,499
17645,352,500
17646,353,367
17647,353,368
17648,353,369
17649,353,370
17650,353,371
17651,353,372
17652,353,373
17653,353,374
17654,353,375
17655,353,376
17656,353,377
17657,353,378
17658,353,379
17659,353,380
17660,353,381
17661,353,382
17662,353,383
17663,353,384
17664,353,385
17665,353,386
17666,353,387
17667,353,388
17668,353,389
17669,353,390
17670,353,391
17671,353,392
17672,353,393
17673,353,394
17674,353,395
17675,353,396
17676,353,397
17677,353,398
17678,353,399
17679,353,400
17680,353,401
17681,353,402
17682,353,403
17683,353,404
17684,353,405
17685,353,406
17686,353,407
17687,353,408
17688,353,409
17689,353,410
17690,353,411
17691,353,412
17692,353,413
17693,353,414
17694,353,415
17695,353,416
17696,353,417
17697,353,418
17698,353,419
17699,353,420
17700,353,421
17701,353,422
17702,353,423
17703,353,424
17704,353,425
17705,353,426
17706,353,427
17707,353,428
17708,353,429
17709,353,430
17710,353,431
17711,353,432
17712,353,433
17713,353,434
17714,353,435
17715,353,436
17716,353,437
17717,353,438
17718,353,439
17719,353,440
17720,353,441
17721,353,442
17722,353,443
17723,353,444
17724,353,445
17725,353,446
17726,353,447
17727,353,448
17728,353,449
17729,353,450
17730,353,451
17731,353,452
17732,353,453
17733,353,454
17734,353,455
17735,353,456
17736,353,457
17737,353,458
17738,353,459
17739,353,460
17740,353,461
17741,353,462
17742,353,463
17743,353,464
17744,353,465
17745,353,466
17746,353,467
17747,353,468
17748,353,469
17749,353,470
17750,353,471
17751,353,472
17752,353,473
17753,353,474
17754,353,475
17755,353,476
17756,353,477
17757,353,478
17758,353,479
17759,353,480
17760,353,481
17761,353,482
17762,353,483
17763,353,484
17764,353,485
17765,353,486
17766,353,487
17767,353,488
17768,353,489
17769,353,490
17770,353,491
17771,353,492
17772,353,493
17773,353,494
17774,353,495
17775,353,496
17776,353,497
17777,353,498
17778,353,499
17779,353,500
17780,353,501
17781,354,366
17782,354,367
17783,354,368
17784,354,369
17785,354,370
17786,354,371
17787,354,372
17788,354,373
17789,354,374
17790,354,375
17791,354,376
17792,354,377
17793,354,378
17794,354,379
17795,354,380
17796,354,381
17797,354,382
17798,354,383
17799,354,384
17800,354,385
17801,354,386
17802,354,387
17803,354,388
17804,354,389
17805,354,390
17806,354,391
17807,354,392
17808,354,393
17809,354,394
17810,354,395
17811,354,396
17812,354,397
17813,354,398
17814,354,399
17815,354,400
17816,354,401
17817,354,402
17818,354,403
17819,354,404
17820,354,405
17821,354,406
17822,354,407
17823,354,408
17824,354,409
17825,354,410
17826,354,411
17827,354,412
17828,354,413
17829,354,414
17830,354,415
17831,354,416
17832,354,417
17833,354,418
17834,354,419
17835,354,420
17836,354,421
17837,354,422
17838,354,423
17839,354,424
17840,354,425
17841,354,426
17842,354,427
17843,354,428
17844,354,429
17845,354,430
17846,354,431
17847,354,432
17848,354,433
17849,354,434
17850,354,435
17851,354,436
17852,354,437
17853,354,438
17854,354,439
17855,354,440
17856,354,441
17857,354,442
17858,354,443
17859,354,444
17860,354,445
17861,354,446
17862,354,447
17863,354,448
17864,354,449
17865,354,450
17866,354,451
17867,354,452
17868,354,453
17869,354,454
17870,354,455
17871,354,456
17872,354,457
17873,354,458
17874,354,459
17875,354,460
17876,354,461
17877,354,462
17878,354,463
17879,354,464
17880,354,465
17881,354,466
17882,354,467
17883,354,468
17884,354,469
17885,354,470
17886,354,471
17887,354,472
17888,354,473
17889,354,474
17890,354,475
17891,354,476
17892,354,477
17893,354,478
17894,354,479
17895,354,480
17896,354,481
17897,354,482
17898,354,483
17899,354,484
17900,354,485
17901,354,486
17902,354,487
17903,354,488
17904,354,489
17905,354,490
17906,354,491
17907,354,492
17908,354,493
17909,354,494
17910,354,495
17911,354,496
17912,354,497
17913,354,498
17914,354,499
17915,354,500
17916,354,501
17917,354,502
17918,355,365
17919,355,366
17920,355,367
17921,355,368
17922,355,369
17923,355,370
17924,355,371
17925,355,372
17926,355,373
17927,355,374
17928,355,375
17929,355,376
17930,355,377
17931,355,378
17932,355,379
17933,355,380
17934,355,381
17935,355,382
17936,355,383
17937,355,384
17938,355,385
17939,355,386
17940,355,387
17941,355,388
17942,355,389
17943,355,390
17944,355,391
17945,355,392
17946,355,393
17947,355,394
17948,355,395
17949,355,396
17950,355,397
17951,355,398
17952,355,399
17953,355,400
17954,355,401
17955,355,402
17956,355,403
17957,355,404
17958,355,405
17959,355,406
17960,355,407
17961,355,408
17962,355,409
17963,355,410
17964,355,411
17965,355,412
17966,355,413
17967,355,414
17968,355,415
17969,355,416
17970,355,417
17971,355,418
17972,355,419
17973,355,420
17974,355,421
17975,355,422
17976,355,423
17977,355,424
17978,355,425
17979,355,426
17980,355,427
17981,355,428
17982,355,429
17983,355,430
17984,355,431
17985,355,432
17986,355,433
17987,355,434
17988,355,435
17989,355,436
17990,355,437
17991,355,438
17992,355,439
17993,355,440
17994,355,441
17995,355,442
17996,355,443
17997,355,444
17998,355,445
17999,355,446
18000,355,447
18001,355,448
18002,355,449
18003,355,450
18004,355,451
18005,355,452
18006,355,453
18007,355,454
18008,355,455
18009,355,456
18010,355,457
18011,355,458
18012,355,459
18013,355,460
18014,355,461
18015,355,462
18016,355,463
18017,355,464
18018,355,465
18019,355,466
18020,355,467
18021,355,468
18022,355,469
18023,355,470
18024,355,471
18025,355,472
18026,355,473
18027,355,474
18028,355,475
18029,355,476
18030,355,477
18031,355,478
18032,355,479
18033,355,480
18034,355,481
18035,355,482
18036,355,483
18037,355,484
18038,355,485
18039,355,486
18040,355,487
18041,355,488
18042,355,489
18043,355,490
18044,355,491
18045,355,492
18046,355,493
18047,355,494
18048,355,495
18049,355,496
18050,355,497
18051,355,498
18052,355,499
18053,355,500
18054,355,501
18055,355,502
18056,356,364
18057,356,365
18058,356,366
18059,356,367
18060,356,368
18061,356,369
18062,356,370
18063,356,371
18064,356,372
18065,356,373
18066,356,374
18067,356,375
18068,356,376
18069,356,377
18070,356,378
18071,356,379
18072,356,380
18073,356,381
18074,356,382
18075,356,383
18076,356,384
18077,356,385
18078,356,386
18079,356,387
18080,356,388
18081,356,389
18082,356,390
18083,356,391
18084,356,392
18085,356,393
18086,356,394
18087,356,395
18088,356,396
18089,356,397
18090,356,398
18091,356,399
18092,356,400
18093,356,401
18094,356,402
18095,356,403
18096,356,404
18097,356,405
18098,356,406
18099,356,407
18100,356,408
18101,356,409
18102,356,410
18103,356,411
18104,356,412
18105,356,413
18106,356,414
18107,356,415
18108,356,416
18109,356,417
18110,356,418
18111,356,419
18112,356,420
18113,356,421
18114,356,422
18115,356,423
18116,356,424
18117,356,425
18118,356,426
18119,356,427
18120,356,428
18121,356,429
18122,356,430
18123,356,431
18124,356,432
18125,356,433
18126,356,434
18127,356,435
18128,356,436
18129,356,437
18130,356,438
18131,356,439
18132,356,440
18133,356,441
18134,356,442
18135,356,443
18136,356,444
18137,356,445
18138,356,446
18139,356,447
18140,356,448
18141,356,449
18142,356,450
18143,356,451
18144,356,452
18145,356,453
18146,356,454
18147,356,455
18148,356,456
18149,356,457
18150,356,458
18151,356,459
18152,356,460
18153,356,461
18154,356,462
18155,356,463
18156,356,464
18157,356,465
18158,356,466
18159,356,467
18160,356,468
18161,356,469
18162,356,470
18163,356,471
18164,356,472
18165,356,473
18166,356,474
18167,356,475
18168,356,476
18169,356,477
18170,356,478
18171,356,479
18172,356,480
18173,356,481
18174,356,482
18175,356,483
18176,356,484
18177,356,485
18178,356,486
18179,356,487
18180,356,488
18181,356,489
18182,356,490
18183,356,491
18184,356,492
18185,356,493
18186,356,494
18187,356,495
18188,356,496
18189,356,497
18190,356,498
18191,356,499
18192,356,500
18193,356,501
18194,356,502
18195,356,503
18196,357,363
18197,357,364
18198,357,365
18199,357,366
18200,357,367
18201,357,368
18202,357,369
18203,357,370
18204,357,371
18205,357,372
18206,357,373
18207,357,374
18208,357,375
18209,357,376
18210,357,377
18211,357,378
18212,357,379
18213,357,380
18214,357,381
18215,357,382
18216,357,383
18217,357,384
18218,357,385
18219,357,386
18220,357,387
18221,357,388
18222,357,389
18223,357,390
18224,357,391
18225,357,392
18226,357,393
18227,357,394
18228,357,395
18229,357,396
18230,357,397
18231,357,398
18232,357,399
18233,357,400
18234,357,401
18235,357,402
18236,357,403
18237,357,404
18238,357,405
18239,357,406
18240,357,407
18241,357,408
18242,357,409
18243,357,410
18244,357,411
18245,357,412
18246,357,413
18247,357,414
18248,357,415
18249,357,416
18250,357,417
18251,357,418
18252,357,419
18253,357,420
18254,357,421
18255,357,422
18256,357,423
18257,357,424
18258,357,425
18259,357,426
18260,357,427
18261,357,428
18262,357,429
18263,357,430
18264,357,431
18265,357,432
18266,357,433
18267,357,434
18268,357,435
18269,357,436
18270,357,437
18271,357,438
18272,357,439
18273,357,440
18274,357,441
18275,357,442
18276,357,443
18277,357,444
18278,357,445
18279,357,446
18280,357,447
18281,357,448
18282,357,449
18283,357,450
18284,357,451
18285,357,452
18286,357,453
18287,357,454
18288,357,455
18289,357,456
18290,357,457
18291,357,458
18292,357,459
18293,357,460
18294,357,461
18295,357,462
18296,357,463
18297,357,464
18298,357,465
18299,357,466
18300,357,467
18301,357,468
18302,357,469
18303,357,470
18304,357,471
18305,357,472
18306,357,473
18307,357,474
18308,357,475
18309,357,476
18310,357,477
18311,357,478
18312,357,479
18313,357,480
18314,357,481
18315,357,482
18316,357,483
18317,357,484
18318,357,485
18319,357,486
18320,357,487
18321,357,488
18322,357,489
18323,357,490
18324,357,491
18325,357,492
18326,357,493
18327,357,494
18328,357,495
18329,357,496
18330,357,497
18331,357,498
18332,357,499
18333,357,500
18334,357,501
18335,357,502
18336,357,503
18337,357,504
18338,358,362
18339,358,363
18340,358,364
18341,358,365
18342,358,366
18343,358,367
18344,358,368
18345,358,369
18346,358,370
18347,358,371
18348,358,372
18349,358,373
18350,358,374
18351,358,375
18352,358,376
18353,358,377
18354,358,378
18355,358,379
18356,358,380
18357,358,381
18358,358,382
18359,358,383
18360,358,384
18361,358,385
18362,358,386
18363,358,387
18364,358,388
18365,358,389
18366,358,390
18367,358,391
18368,358,392
18369,358,393
18370,358,394
18371,358,395
18372,358,396
18373,358,397
18374,358,398
18375,358,399
18376,358,400
18377,358,401
18378,358,402
18379,358,403
18380,358,404
18381,358,405
18382,358,406
18383,358,407
18384,358,408
18385,358,409
18386,358,410
18387,358,411
18388,358,412
18389,358,413
18390,358,414
18391,358,415
18392,358,416
18393,358,417
18394,358,418
18395,358,419
18396,358,420
18397,358,421
18398,358,422
18399,358,423
18400,358,424
18401,358,425
18402,358,426
18403,358,427
18404,358,428
18405,358,429
18406,358,430
18407,358,431
18408,358,432
18409,358,433
18410,358,434
18411,358,435
18412,358,436
18413,358,437
18414,358,438
18415,358,439
18416,358,440
18417,358,441
18418,358,442
18419,358,443
18420,358,444
18421,358,445
18422,358,446
18423,358,447
18424,358,448
18425,358,449
18426,358,450
18427,358,451
18428,358,452
18429,358,453
18430,358,454
18431,358,455
18432,358,456
18433,358,457
18434,358,458
18435,358,459
18436,358,460
18437,358,461
18438,358,462
18439,358,463
18440,358,464
18441,358,465
18442,358,466
18443,358,467
18444,358,468
18445,358,469
18446,358,470
18447,358,471
18448,358,472
18449,358,473
18450,358,474
18451,358,475
18452,358,476
18453,358,477
18454,358,478
18455,358,479
18456,358,480
18457,358,481
18458,358,482
18459,358,483
18460,358,484
18461,358,485
18462,358,486
18463,358,487
18464,358,488
18465,358,489
18466,358,490
18467,358,491
18468,358,492
18469,358,493
18470,358,494
18471,358,495
18472,358,496
18473,358,497
18474,358,498
18475,358,499
18476,358,500
18477,358,501
18478,358,502
18479,358,503
18480,358,504
18481,358,505
18482,359,361
18483,359,362
18484,359,363
18485,359,364
18486,359,365
18487,359,366
18488,359,367
18489,359,368
18490,359,369
18491,359,370
18492,359,371
18493,359,372
18494,359,373
18495,359,374
18496,359,375
18497,359,376
18498,359,377
18499,359,378
18500,359,379
18501,359,380
18502,359,381
18503,359,382
18504,359,383
18505,359,384
18506,359,385
18507,359,386
18508,359,387
18509,359,388
18510,359,389
18511,359,390
18512,359,391
18513,359,392
18514,359,393
18515,359,394
18516,359,395
18517,359,396
18518,359,397
18519,359,398
18520,359,399
18521,359,400
18522,359,401
18523,359,402
18524,359,403
18525,359,404
18526,359,405
18527,359,406
18528,359,407
18529,359,408
18530,359,409
18531,359,410
18532,359,411
18533,359,412
18534,359,413
18535,359,414
18536,359,415
18537,359,416
18538,359,417
18539,359,418
18540,359,419
18541,359,420
18542,359,421
18543,359,422
18544,359,423
18545,359,424
18546,359,425
18547,359,426
18548,359,427
18549,359,428
18550,359,429
18551,359,430
18552,359,431
18553,359,432
18554,359,433
18555,359,434
18556,359,435
18557,359,436
18558,359,437
18559,359,438
18560,359,439
18561,359,440
18562,359,441
18563,359,442
18564,359,443
18565,359,444
18566,359,445
18567,359,446
18568,359,447
18569,359,448
18570,359,449
18571,359,450
18572,359,451
18573,359,452
18574,359,453
18575,359,454
18576,359,455
18577,359,456
18578,359,457
18579,359,458
18580,359,459
18581,359,460
18582,359,461
18583,359,462
18584,359,463
18585,359,464
18586,359,465
18587,359,466
18588,359,467
18589,359,468
18590,359,469
18591,359,470
18592,359,471
18593,359,472
18594,359,473
18595,359,474
18596,359,475
18597,359,476
18598,359,477
18599,359,478
18600,359,479
18601,359,480
18602,359,481
18603,359,482
18604,359,483
18605,359,484
18606,359,485
18607,359,486
18608,359,487
18609,359,488
18610,359,489
18611,359,490
18612,359,491
18613,359,492
18614,359,493
18615,359,494
18616,359,495
18617,359,496
18618,359,497
18619,359,498
18620,359,499
18621,359,500
18622,359,501
18623,359,502
18624,359,503
18625,359,504
18626,359,505
18627,359,506
18628,360,360
18629,360,361
18630,360,362
18631,360,363
18632,360,364
18633,360,365
18634,360,366
18635,360,367
18636,360,368
18637,360,369
18638,360,370
18639,360,371
18640,360,372
18641,360,373
18642,360,374
18643,360,375
18644,360,376
18645,360,377
18646,360,378
18647,360,379
18648,360,380
18649,360,381
18650,360,382
18651,360,383
18652,360,384
18653,360,385
18654,360,386
18655,360,387
18656,360,388
18657,360,389
18658,360,390
18659,360,391
18660,360,392
18661,360,393
18662,360,394
18663,360,395
18664,360,396
18665,360,397
18666,360,398
18667,360,399
18668,360,400
18669,360,401
18670,360,402
18671,360,403
18672,360,404
18673,360,405
18674,360,406
18675,360,407
18676,360,408
18677,360,409
18678,360,410
18679,360,411
18680,360,412
18681,360,413
18682,360,414
18683,360,415
18684,360,416
18685,360,417
18686,360,418
18687,360,419
18688,360,420
18689,360,421
18690,360,422
18691,360,423
18692,360,424
18693,360,425
18694,360,426
18695,360,427
18696,360,428
18697,360,429
18698,360,430
18699,360,431
18700,360,432
18701,360,433
18702,360,434
18703,360,435
18704,360,436
18705,360,437
18706,360,438
18707,360,439
18708,360,440
18709,360,441
18710,360,442
18711,360,443
18712,360,444
18713,360,445
18714,360,446
18715,360,447
18716,360,448
18717,360,449
18718,360,450
18719,360,451
18720,360,452
18721,360,453
18722,360,454
18723,360,455
18724,360,456
18725,360,457
18726,360,458
18727,360,459
18728,360,460
18729,360,461
18730,360,462
18731,360,463
18732,360,464
18733,360,465
18734,360,466
18735,360,467
18736,360,468
18737,360,469
18738,360,470
18739,360,471
18740,360,472
18741,360,473
18742,360,474
18743,360,475
18744,360,476
18745,360,477
18746,360,478
18747,360,479
18748,360,480
18749,360,481
18750,360,482
18751,360,483
18752,360,484
18753,360,485
18754,360,486
18755,360,487
18756,360,488
18757,360,489
18758,360,490
18759,360,491
18760,360,492
18761,360,493
18762,360,494
18763,360,495
18764,360,496
18765,360,497
18766,360,498
18767,360,499
18768,360,500
18769,360,501
18770,360,502
18771,360,503
18772,360,504
18773,360,505
18774,360,506
18775,361,359
18776,361,360
18777,361,361
18778,361,362
18779,361,363
18780,361,364
18781,361,365
18782,361,366
18783,361,367
18784,361,368
18785,361,369
18786,361,370
18787,361,371
18788,361,372
18789,361,373
18790,361,374
18791,361,375
18792,361,376
18793,361,377
18794,361,378
18795,361,379
18796,361,380
18797,361,381
18798,361,382
18799,361,383
18800,361,384
18801,361,385
18802,361,386
18803,361,387
18804,361,388
18805,361,389
18806,361,390
18807,361,391
18808,361,392
18809,361,393
18810,361,394
18811,361,395
18812,361,396
18813,361,397
18814,361,398
18815,361,399
18816,361,400
18817,361,401
18818,361,402
18819,361,403
18820,361,404
18821,361,405
18822,361,406
18823,361,407
18824,361,408
18825,361,409
18826,361,410
18827,361,411
18828,361,412
18829,361,413
18830,361,414
18831,361,415
18832,361,416
18833,361,417
18834,361,418
18835,361,419
18836,361,420
18837,361,421
18838,361,422
18839,361,423
18840,361,424
18841,361,425
18842,361,426
18843,361,427
18844,361,428
18845,361,429
18846,361,430
18847,361,431
18848,361,432
18849,361,433
18850,361,434
18851,361,435
18852,361,436
18853,361,437
18854,361,438
18855,361,439
18856,361,440
18857,361,441
18858,361,442
18859,361,443
18860,361,444
18861,361,445
18862,361,446
18863,361,447
18864,361,448
18865,361,449
18866,361,450
18867,361,451
18868,361,452
18869,361,453
18870,361,454
18871,361,455
18872,361,456
18873,361,457
18874,361,458
18875,361,459
18876,361,460
18877,361,461
18878,361,462
18879,361,463
18880,361,464
18881,361,465
18882,361,466
18883,361,467
18884,361,468
18885,361,469
18886,361,470
18887,361,471
18888,361,472
18889,361,473
18890,361,474
18891,361,475
18892,361,476
18893,361,477
18894,361,478
18895,361,479
18896,361,480
18897,361,481
18898,361,482
18899,361,483
18900,361,484
18901,361,485
18902,361,486
18903,361,487
18904,361,488
18905,361,489
18906,361,490
18907,361,491
18908,361,492
18909,361,493
18910,361,494
18911,361,495
18912,361,496
18913,361,497
18914,361,498
18915,361,499
18916,361,500
18917,361,501
18918,361,502
18919,361,503
18920,361,504
18921,361,505
18922,361,506
18923,361,507
18924,362,359
18925,362,360
18926,362,361
18927,362,362
18928,362,363
18929,362,364
18930,362,365
18931,362,366
18932,362,367
18933,362,368
18934,362,369
18935,362,370
18936,362,371
18937,362,372
18938,362,373
18939,362,374
18940,362,375
18941,362,376
18942,362,377
18943,362,378
18944,362,379
18945,362,380
18946,362,381
18947,362,382
18948,362,383
18949,362,384
18950,362,385
18951,362,386
18952,362,387
18953,362,388
18954,362,389
18955,362,390
18956,362,391
18957,362,392
18958,362,393
18959,362,394
18960,362,395
18961,362,396
18962,362,397
18963,362,398
18964,362,399
18965,362,400
18966,362,401
18967,362,402
18968,362,403
18969,362,404
18970,362,405
18971,362,406
18972,362,407
18973,362,408
18974,362,409
18975,362,410
18976,362,411
18977,362,412
18978,362,413
18979,362,414
18980,362,415
18981,362,416
18982,362,417
18983,362,418
18984,362,419
18985,362,420
18986,362,421
18987,362,422
18988,362,423
18989,362,424
18990,362,425
18991,362,426
18992,362,427
18993,362,428
18994,362,429
18995,362,430
18996,362,431
18997,362,432
18998,362,433
18999,362,434
19000,362,435
19001,362,436
19002,362,437
19003,362,438
19004,362,439
19005,362,440
19006,362,441
19007,362,442
19008,362,443
19009,362,444
19010,362,445
19011,362,446
19012,362,447
19013,362,448
19014,362,449
19015,362,450
19016,362,451
19017,362,452
19018,362,453
19019,362,454
19020,362,455
19021,362,456
19022,362,457
19023,362,458
19024,362,459
19025,362,460
19026,362,461
19027,362,462
19028,362,463
19029,362,464
19030,362,465
19031,362,466
19032,362,467
19033,362,468
19034,362,469
19035,362,470
19036,362,471
19037,362,472
19038,362,473
19039,362,474
19040,362,475
19041,362,476
19042,362,477
19043,362,478
19044,362,479
19045,362,480
19046,362,481
19047,362,482
19048,362,483
19049,362,484
19050,362,485
19051,362,486
19052,362,487
19053,362,488
19054,362,489
19055,362,490
19056,362,491
19057,362,492
19058,362,493
19059,362,494
19060,362,495
19061,362,496
19062,362,497
19063,362,498
19064,362,499
19065,362,500
19066,362,501
19067,362,502
19068,362,503
19069,362,504
19070,362,505
19071,362,506
19072,362,507
19073,363,358
19074,363,359
19075,363,360
19076,363,361
19077,363,362
19078,363,363
19079,363,364
19080,363,365
19081,363,366
19082,363,367
19083,363,368
19084,363,369
19085,363,370
19086,363,371
19087,363,372
19088,363,373
19089,363,374
19090,363,375
19091,363,376
19092,363,377
19093,363,378
19094,363,379
19095,363,380
19096,363,381
19097,363,382
19098,363,383
19099,363,384
19100,363,385
19101,363,386
19102,363,387
19103,363,388
19104,363,389
19105,363,390
19106,363,391
19107,363,392
19108,363,393
19109,363,394
19110,363,395
19111,363,396
19112,363,397
19113,363,398
19114,363,399
19115,363,400
19116,363,401
19117,363,402
19118,363,403
19119,363,404
19120,363,405
19121,363,406
19122,363,407
19123,363,408
19124,363,409
19125,363,410
19126,363,411
19127,363,412
19128,363,413
19129,363,414
19130,363,415
19131,363,416
19132,363,417
19133,363,418
19134,363,419
19135,363,420
19136,363,421
19137,363,422
19138,363,423
19139,363,424
19140,363,425
19141,363,426
19142,363,427
19143,363,428
19144,363,429
19145,363,430
19146,363,431
19147,363,432
19148,363,433
19149,363,434
19150,363,435
19151,363,436
19152,363,437
19153,363,438
19154,363,439
19155,363,440
19156,363,441
19157,363,442
19158,363,443
19159,363,444
19160,363,445
19161,363,446
19162,363,447
19163,363,448
19164,363,449
19165,363,450
19166,363,451
19167,363,452
19168,363,453
19169,363,454
19170,363,455
19171,363,456
19172,363,457
19173,363,458
19174,363,459
19175,363,460
19176,363,461
19177,363,462
19178,363,463
19179,363,464
19180,363,465
19181,363,466
19182,363,467
19183,363,468
19184,363,469
19185,363,470
19186,363,471
19187,363,472
19188,363,473
19189,363,474
19190,363,475
19191,363,476
19192,363,477
19193,363,478
19194,363,479
19195,363,480
19196,363,481
19197,363,482
19198,363,483
19199,363,484
19200,363,485
19201,363,486
19202,363,487
19203,363,488
19204,363,489
19205,363,490
19206,363,491
19207,363,492
19208,363,493
19209,363,494
19210,363,495
19211,363,496
19212,363,497
19213,363,498
19214,363,499
19215,363,500
19216,363,501
19217,363,502
19218,363,503
19219,363,504
19220,363,505
19221,363,506
19222,363,507
19223,363,508
19224,364,358
19225,364,359
19226,364,360
19227,364,361
19228,364,362
19229,364,363
19230,364,364
19231,364,365
19232,364,366
19233,364,367
19234,364,368
19235,364,369
19236,364,370
19237,364,371
19238,364,372
19239,364,373
19240,364,374
19241,364,375
19242,364,376
19243,364,377
19244,364,378
19245,364,379
19246,364,380
19247,364,381
19248,364,382
19249,364,383
19250,364,384
19251,364,385
19252,364,386
19253,364,387
19254,364,388
19255,364,389
19256,364,390
19257,364,391
19258,364,392
19259,364,393
19260,364,394
19261,364,395
19262,364,396
19263,364,397
19264,364,398
19265,364,399
19266,364,400
19267,364,401
19268,364,402
19269,364,403
19270,364,404
19271,364,405
19272,364,406
19273,364,407
19274,364,408
19275,364,409
19276,364,410
19277,364,411
19278,364,412
19279,364,413
19280,364,414
19281,364,415
19282,364,416
19283,364,417
19284,364,418
19285,364,419
19286,364,420
19287,364,421
19288,364,422
19289,364,423
19290,364,424
19291,364,425
19292,364,426
19293,364,427
19294,364,428
19295,364,429
19296,364,430
19297,364,431
19298,364,432
19299,364,433
19300,364,434
19301,364,435
19302,364,436
19303,364,437
19304,364,438
19305,364,439
19306,364,440
19307,364,441
19308,364,442
19309,364,443
19310,364,444
19311,364,445
19312,364,446
19313,364,447
19314,364,448
19315,364,449
19316,364,450
19317,364,451
19318,364,452
19319,364,453
19320,364,454
19321,364,455
19322,364,456
19323,364,457
19324,364,458
19325,364,459
19326,364,460
19327,364,461
19328,364,462
19329,364,463
19330,364,464
19331,364,465
19332,364,466
19333,364,467
19334,364,468
19335,364,469
19336,364,470
19337,364,471
19338,364,472
19339,364,473
19340,364,474
19341,364,475
19342,364,476
19343,364,477
19344,364,478
19345,364,479
19346,364,480
19347,364,481
19348,364,482
19349,364,483
19350,364,484
19351,364,485
19352,364,486
19353,364,487
19354,364,488
19355,364,489
19356,364,490
19357,364,491
19358,364,492
19359,364,493
19360,364,494
19361,364,495
19362,364,496
19363,364,497
19364,364,498
19365,364,499
19366,364,500
19367,364,501
19368,364,502
19369,364,503
19370,364,504
19371,364,505
19372,364,506
19373,364,507
19374,364,508
19375,364,509
19376,365,358
19377,365,359
19378,365,360
19379,365,361
19380,365,362
19381,365,363
19382,365,364
19383,365,365
19384,365,366
19385,365,367
19386,365,368
19387,365,369
19388,365,370
19389,365,371
19390,365,372
19391,365,373
19392,365,374
19393,365,375
19394,365,376
19395,365,377
19396,365,378
19397,365,379
19398,365,380
19399,365,381
19400,365,382
19401,365,383
19402,365,384
19403,365,385
19404,365,386
19405,365,387
19406,365,388
19407,365,389
19408,365,390
19409,365,391
19410,365,392
19411,365,393
19412,365,394
19413,365,395
19414,365,396
19415,365,397
19416,365,398
19417,365,399
19418,365,400
19419,365,401
19420,365,402
19421,365,403
19422,365,404
19423,365,405
19424,365,406
19425,365,407
19426,365,408
19427,365,409
19428,365,410
19429,365,411
19430,365,412
19431,365,413
19432,365,414
19433,365,415
19434,365,416
19435,365,417
19436,365,418
19437,365,419
19438,365,420
19439,365,421
19440,365,422
19441,365,423
19442,365,424
19443,365,425
19444,365,426
19445,365,427
19446,365,428
19447,365,429
19448,365,430
19449,365,431
19450,365,432
19451,365,433
19452,365,434
19453,365,435
19454,365,436
19455,365,437
19456,365,438
19457,365,439
19458,365,440
19459,365,441
19460,365,442
19461,365,443
19462,365,444
19463,365,445
19464,365,446
19465,365,447
19466,365,448
19467,365,449
19468,365,450
19469,365,451
19470,365,452
19471,365,453
19472,365,454
19473,365,455
19474,365,456
19475,365,457
19476,365,458
19477,365,459
19478,365,460
19479,365,461
19480,365,462
19481,365,463
19482,365,464
19483,365,465
19484,365,466
19485,365,467
19486,365,468
19487,365,469
19488,365,470
19489,365,471
19490,365,472
19491,365,473
19492,365,474
19493,365,475
19494,365,476
19495,365,477
19496,365,478
19497,365,479
19498,365,480
19499,365,481
19500,365,482
19501,365,483
19502,365,484
19503,365,485
19504,365,486
19505,365,487
19506,365,488
19507,365,489
19508,365,490
19509,365,491
19510,365,492
19511,365,493
19512,365,494
19513,365,495
19514,365,496
19515,365,497
19516,365,498
19517,365,499
19518,365,500
19519,365,501
19520,365,502
19521,365,503
19522,365,504
19523,365,505
19524,365,506
19525,365,507
19526,365,508
19527,365,509
19528,365,510
19529,366,358
19530,366,359
19531,366,360
19532,366,361
19533,366,362
19534,366,363
19535,366,364
19536,366,365
19537,366,366
19538,366,367
19539,366,368
19540,366,369
19541,366,370
19542,366,371
19543,366,372
19544,366,373
19545,366,374
19546,366,375
19547,366,376
19548,366,377
19549,366,378
19550,366,379
19551,366,380
19552,366,381
19553,366,382
19554,366,383
19555,366,384
19556,366,385
19557,366,386
19558,366,387
19559,366,388
19560,366,389
19561,366,390
19562,366,391
19563,366,392
19564,366,393
19565,366,394
19566,366,395
19567,366,396
19568,366,397
19569,366,398
19570,366,399
19571,366,400
19572,366,401
19573,366,402
19574,366,403
19575,366,404
19576,366,405
19577,366,406
19578,366,407
19579,366,408
19580,366,409
19581,366,410
19582,366,411
19583,366,412
19584,366,413
19585,366,414
19586,366,415
19587,366,416
19588,366,417
19589,366,418
19590,366,419
19591,366,420
19592,366,421
19593,366,422
19594,366,423
19595,366,424
19596,366,425
19597,366,426
19598,366,427
19599,366,428
19600,366,429
19601,366,430
19602,366,431
19603,366,432
19604,366,433
19605,366,434
19606,366,435
19607,366,436
19608,366,437
19609,366,438
19610,366,439
19611,366,440
19612,366,441
19613,366,442
19614,366,443
19615,366,444
19616,366,445
19617,366,446
19618,366,447
19619,366,448
19620,366,449
19621,366,450
19622,366,451
19623,366,452
19624,366,453
19625,366,454
19626,366,455
19627,366,456
19628,366,457
19629,366,458
19630,366,459
19631,366,460
19632,366,461
19633,366,462
19634,366,463
19635,366,464
19636,366,465
19637,366,466
19638,366,467
19639,366,468
19640,366,469
19641,366,470
19642,366,471
19643,366,472
19644,366,473
19645,366,474
19646,366,475
19647,366,476
19648,366,477
19649,366,478
19650,366,479
19651,366,480
19652,366,481
19653,366,482
19654,366,483
19655,366,484
19656,366,485
19657,366,486
19658,366,487
19659,366,488
19660,366,489
19661,366,490
19662,366,491
19663,366,492
19664,366,493
19665,366,494
19666,366,495
19667,366,496
19668,366,497
19669,366,498
19670,366,499
19671,366,500
19672,366,501
19673,366,502
19674,366,503
19675,366,504
19676,366,505
19677,366,506
19678,366,507
19679,366,508
19680,366,509
19681,366,510
19682,366,511
19683,367,358
19684,367,359
19685,367,360
19686,367,361
19687,367,362
19688,367,363
19689,367,364
19690,367,365
19691,367,366
19692,367,367
19693,367,368
19694,367,369
19695,367,370
19696,367,371
19697,367,372
19698,367,373
19699,367,374
19700,367,375
19701,367,376
19702,367,377
19703,367,378
19704,367,379
19705,367,380
19706,367,381
19707,367,382
19708,367,383
19709,367,384
19710,367,385
19711,367,386
19712,367,387
19713,367,388
19714,367,389
19715,367,390
19716,367,391
19717,367,392
19718,367,393
19719,367,394
19720,367,395
19721,367,396
19722,367,397
19723,367,398
19724,367,399
19725,367,400
19726,367,401
19727,367,402
19728,367,403
19729,367,404
19730,367,405
19731,367,406
19732,367,407
19733,367,408
19734,367,409
19735,367,410
19736,367,411
19737,367,412
19738,367,413
19739,367,414
19740,367,415
19741,367,416
19742,367,417
19743,367,418
19744,367,419
19745,367,420
19746,367,421
19747,367,422
19748,367,423
19749,367,424
19750,367,425
19751,367,426
19752,367,427
19753,367,428
19754,367,429
19755,367,430
19756,367,431
19757,367,432
19758,367,433
19759,367,434
19760,367,435
19761,367,436
19762,367,437
19763,367,438
19764,367,439
19765,367,440
19766,367,441
19767,367,442
19768,367,443
19769,367,444
19770,367,445
19771,367,446
19772,367,447
19773,367,448
19774,367,449
19775,367,450
19776,367,451
19777,367,452
19778,367,453
19779,367,454
19780,367,455
19781,367,456
19782,367,457
19783,367,458
19784,367,459
19785,367,460
19786,367,461
19787,367,462
19788,367,463
19789,367,464
19790,367,465
19791,367,466
19792,367,467
19793,367,468
19794,367,469
19795,367,470
19796,367,471
19797,367,472
19798,367,473
19799,367,474
19800,367,475
19801,367,476
19802,367,477
19803,367,478
19804,367,479
19805,367,480
19806,367,481
19807,367,482
19808,367,483
19809,367,484
19810,367,485
19811,367,486
19812,367,487
19813,367,488
19814,367,489
19815,367,490
19816,367,491
19817,367,492
19818,367,493
19819,367,494
19820,367,495
19821,367,496
19822,367,497
19823,367,498
19824,367,499
19825,367,500
19826,367,501
19827,367,502
19828,367,503
19829,367,504
19830,367,505
19831,367,506
19832,367,507
19833,367,508
19834,367,509
19835,367,510
19836,367,511
19837,368,357
19838,368,358
19839,368,359
19840,368,360
19841,368,361
19842,368,362
19843,368,363
19844,368,364
19845,368,365
19846,368,366
19847,368,367
19848,368,368
19849,368,369
19850,368,370
19851,368,371
19852,368,372
19853,368,373
19854,368,374
19855,368,375
19856,368,376
19857,368,377
19858,368,378
19859,368,379
19860,368,380
19861,368,381
19862,368,382
19863,368,383
19864,368,384
19865,368,385
19866,368,386
19867,368,387
19868,368,388
19869,368,389
19870,368,390
19871,368,391
19872,368,392
19873,368,393
19874,368,394
19875,368,395
19876,368,396
19877,368,397
19878,368,398
19879,368,399
19880,368,400
19881,368,401
19882,368,402
19883,368,403
19884,368,404
19885,368,405
19886,368,406
19887,368,407
19888,368,408
19889,368,409
19890,368,410
19891,368,411
19892,368,412
19893,368,413
19894,368,414
19895,368,415
19896,368,416
19897,368,417
19898,368,418
19899,368,419
19900,368,420
19901,368,421
19902,368,422
19903,368,423
19904,368,424
19905,368,425
19906,368,426
19907,368,427
19908,368,428
19909,368,429
19910,368,430
19911,368,431
19912,368,432
19913,368,433
19914,368,434
19915,368,435
19916,368,436
19917,368,437
19918,368,438
19919,368,439
19920,368,440
19921,368,441
19922,368,442
19923,368,443
19924,368,444
19925,368,445
19926,368,446
19927,368,447
19928,368,448
19929,368,449
19930,368,450
19931,368,451
19932,368,452
19933,368,453
19934,368,454
19935,368,455
19936,368,456
19937,368,457
19938,368,458
19939,368,459
19940,368,460
19941,368,461
19942,368,462
19943,368,463
19944,368,464
19945,368,465
19946,368,466
19947,368,467
19948,368,468
19949,368,469
19950,368,470
19951,368,471
19952,368,472
19953,368,473
19954,368,474
19955,368,475
19956,368,476
19957,368,477
19958,368,478
19959,368,479
19960,368,480
19961,368,481
19962,368,482
19963,368,483
19964,368,484
19965,368,485
19966,368,486
19967,368,487
19968,368,488
19969,368,489
19970,368,490
19971,368,491
19972,368,492
19973,368,493
19974,368,494
19975,368,495
19976,368,496
19977,368,497
19978,368,498
19979,368,499
19980,368,500
19981,368,501
19982,368,502
19983,368,503
19984,368,504
19985,368,505
19986,368,506
19987,368,507
19988,368,508
19989,368,509
19990,368,510
19991,368,511
19992,368,512
19993,369,358
19994,369,359
19995,369,360
19996,369,361
19997,369,362
19998,369,363
19999,369,364
20000,369,365
20001,369,366
20002,369,367
20003,369,368
20004,369,369
20005,369,370
20006,369,371
20007,369,372
20008,369,373
20009,369,374
20010,369,375
20011,369,376
20012,369,377
20013,369,378
20014,369,379
20015,369,380
20016,369,381
20017,369,382
20018,369,383
20019,369,384
20020,369,385
20021,369,386
20022,369,387
20023,369,388
20024,369,389
20025,369,390
20026,369,391
20027,369,392
20028,369,393
20029,369,394
20030,369,395
20031,369,396
20032,369,397
20033,369,398
20034,369,399
20035,369,400
20036,369,401
20037,369,402
20038,369,403
20039,369,404
20040,369,405
20041,369,406
20042,369,407
20043,369,408
20044,369,409
20045,369,410
20046,369,411
20047,369,412
20048,369,413
20049,369,414
20050,369,415
20051,369,416
20052,369,417
20053,369,418
20054,369,419
20055,369,420
20056,369,421
20057,369,422
20058,369,423
20059,369,424
20060,369,425
20061,369,426
20062,369,427
20063,369,428
20064,369,429
20065,369,430
20066,369,431
20067,369,432
20068,369,433
20069,369,434
20070,369,435
20071,369,436
20072,369,437
20073,369,438
20074,369,439
20075,369,440
20076,369,441
20077,369,442
20078,369,443
20079,369,444
20080,369,445
20081,369,446
20082,369,447
20083,369,448
20084,369,449
20085,369,450
20086,369,451
20087,369,452
20088,369,453
20089,369,454
20090,369,455
20091,369,456
20092,369,457
20093,369,458
20094,369,459
20095,369,460
20096,369,461
20097,369,462
20098,369,463
20099,369,464
20100,369,465
20101,369,466
20102,369,467
20103,369,468
20104,369,469
20105,369,470
20106,369,471
20107,369,472
20108,369,473
20109,369,474
20110,369,475
20111,369,476
20112,369,477
20113,369,478
20114,369,479
20115,369,480
20116,369,481
20117,369,482
20118,369,483
20119,369,484
20120,369,485
20121,369,486
20122,369,487
20123,369,488
20124,369,489
20125,369,490
20126,369,491
20127,369,492
20128,369,493
20129,369,494
20130,369,495
20131,369,496
20132,369,497
20133,369,498
20134,369,499
20135,369,500
20136,369,501
20137,369,502
20138,369,503
20139,369,504
20140,369,505
20141,369,506
20142,369,507
20143,369,508
20144,369,509
20145,369,510
20146,369,511
20147,369,512
20148,369,513
20149,370,358
20150,370,359
20151,370,360
20152,370,361
20153,370,362
20154,370,363
20155,370,364
20156,370,365
20157,370,366
20158,370,367
20159,370,368
20160,370,369
20161,370,370
20162,370,371
20163,370,372
20164,370,373
20165,370,374
20166,370,375
20167,370,376
20168,370,377
20169,370,378
20170,370,379
20171,370,380
20172,370,381
20173,370,382
20174,370,383
20175,370,384
20176,370,385
20177,370,386
20178,370,387
20179,370,388
20180,370,389
20181,370,390
20182,370,391
20183,370,392
20184,370,393
20185,370,394
20186,370,395
20187,370,396
20188,370,397
20189,370,398
20190,370,399
20191,370,400
20192,370,401
20193,370,402
20194,370,403
20195,370,404
20196,370,405
20197,370,406
20198,370,407
20199,370,408
20200,370,409
20201,370,410
20202,370,411
20203,370,412
20204,370,413
20205,370,414
20206,370,415
20207,370,416
20208,370,417
20209,370,418
20210,370,419
20211,370,420
20212,370,421
20213,370,422
20214,370,423
20215,370,424
20216,370,425
20217,370,426
20218,370,427
20219,370,428
20220,370,429
20221,370,430
20222,370,431
20223,370,432
20224,370,433
20225,370,434
20226,370,435
20227,370,436
20228,370,437
20229,370,438
20230,370,439
20231,370,440
20232,370,441
20233,370,442
20234,370,443
20235,370,444
20236,370,445
20237,370,446
20238,370,447
20239,370,448
20240,370,449
20241,370,450
20242,370,451
20243,370,452
20244,370,453
20245,370,454
20246,370,455
20247,370,456
20248,370,457
20249,370,458
20250,370,459
20251,370,460
20252,370,461
20253,370,462
20254,370,463
20255,370,464
20256,370,465
20257,370,466
20258,370,467
20259,370,468
20260,370,469
20261,370,470
20262,370,471
20263,370,472
20264,370,473
20265,370,474
20266,370,475
20267,370,476
20268,370,477
20269,370,478
20270,370,479
20271,370,480
20272,370,481
20273,370,482
20274,370,483
20275,370,484
20276,370,485
20277,370,486
20278,370,487
20279,370,488
20280,370,489
20281,370,490
20282,370,491
20283,370,492
20284,370,493
20285,370,494
20286,370,495
20287,370,496
20288,370,497
20289,370,498
20290,370,499
20291,370,500
20292,370,501
20293,370,502
20294,370,503
20295,370,504
20296,370,505
20297,370,506
20298,370,507
20299,370,508
20300,370,509
20301,370,510
20302,370,511
20303,370,512
20304,370,513
20305,371,358
20306,371,359
20307,371,360
20308,371,361
20309,371,362
20310,371,363
20311,371,364
20312,371,365
20313,371,366
20314,371,367
20315,371,368
20316,371,369
20317,371,370
20318,371,371
20319,371,372
20320,371,373
20321,371,374
20322,371,375
20323,371,376
20324,371,377
20325,371,378
20326,371,379
20327,371,380
20328,371,381
20329,371,382
20330,371,383
20331,371,384
20332,371,385
20333,371,386
20334,371,387
20335,371,388
20336,371,389
20337,371,390
20338,371,391
20339,371,392
20340,371,393
20341,371,394
20342,371,395
20343,371,396
20344,371,397
20345,371,398
20346,371,399
20347,371,400
20348,371,401
20349,371,402
20350,371,403
20351,371,404
20352,371,405
20353,371,406
20354,371,407
20355,371,408
20356,371,409
20357,371,410
20358,371,411
20359,371,412
20360,371,413
20361,371,414
20362,371,415
20363,371,416
20364,371,417
20365,371,418
20366,371,419
20367,371,420
20368,371,421
20369,371,422
20370,371,423
20371,371,424
20372,371,425
20373,371,426
20374,371,427
20375,371,428
20376,371,429
20377,371,430
20378,371,431
20379,371,432
20380,371,433
20381,371,434
20382,371,435
20383,371,436
20384,371,437
20385,371,438
20386,371,439
20387,371,440
20388,371,441
20389,371,442
20390,371,443
20391,371,444
20392,371,445
20393,371,446
20394,371,447
20395,371,448
20396,371,449
20397,371,450
20398,371,451
20399,371,452
20400,371,453
20401,371,454
20402,371,455
20403,371,456
20404,371,457
20405,371,458
20406,371,459
20407,371,460
20408,371,461
20409,371,462
20410,371,463
20411,371,464
20412,371,465
20413,371,466
20414,371,467
20415,371,468
20416,371,469
20417,371,470
20418,371,471
20419,371,472
20420,371,473
20421,371,474
20422,371,475
20423,371,476
20424,371,477
20425,371,478
20426,371,479
20427,371,480
20428,371,481
20429,371,482
20430,371,483
20431,371,484
20432,371,485
20433,371,486
20434,371,487
20435,371,488
20436,371,489
20437,371,490
20438,371,491
20439,371,492
20440,371,493
20441,371,494
20442,371,495
20443,371,496
20444,371,497
20445,371,498
20446,371,499
20447,371,500
20448,371,501
20449,371,502
20450,371,503
20451,371,504
20452,371,505
20453,371,506
20454,371,507
20455,371,508
20456,371,509
20457,371,510
20458,371,511
20459,371,512
20460,371,513
20461,372,359
20462,372,360
20463,372,361
20464,372,362
20465,372,363
20466,372,364
20467,372,365
20468,372,366
20469,372,367
20470,372,368
20471,372,369
20472,372,370
20473,372,371
20474,372,372
20475,372,373
20476,372,374
20477,372,375
20478,372,376
20479,372,377
20480,372,378
20481,372,379
20482,372,380
20483,372,381
20484,372,382
20485,372,383
20486,372,384
20487,372,385
20488,372,386
20489,372,387
20490,372,388
20491,372,389
20492,372,390
20493,372,391
20494,372,392
20495,372,393
20496,372,394
20497,372,395
20498,372,396
20499,372,397
20500,372,398
20501,372,399
20502,372,400
20503,372,401
20504,372,402
20505,372,403
20506,372,404
20507,372,405
20508,372,406
20509,372,407
20510,372,408
20511,372,409
20512,372,410
20513,372,411
20514,372,412
20515,372,413
20516,372,414
20517,372,415
20518,372,416
20519,372,417
20520,372,418
20521,372,419
20522,372,420
20523,372,421
20524,372,422
20525,372,423
20526,372,424
20527,372,425
20528,372,426
20529,372,427
20530,372,428
20531,372,429
20532,372,430
20533,372,431
20534,372,432
20535,372,433
20536,372,434
20537,372,435
20538,372,436
20539,372,437
20540,372,438
20541,372,439
20542,372,440
20543,372,441
20544,372,442
20545,372,443
20546,372,444
20547,372,445
20548,372,446
20549,372,447
20550,372,448
20551,372,449
20552,372,450
20553,372,451
20554,372,452
20555,372,453
20556,372,454
20557,372,455
20558,372,456
20559,372,457
20560,372,458
20561,372,459
20562,372,460
20563,372,461
20564,372,462
20565,372,463
20566,372,464
20567,372,465
20568,372,466
20569,372,467
20570,372,468
20571,372,469
20572,372,470
20573,372,471
20574,372,472
20575,372,473
20576,372,474
20577,372,475
20578,372,476
20579,372,477
20580,372,478
20581,372,479
20582,372,480
20583,372,481
20584,372,482
20585,372,483
20586,372,484
20587,372,485
20588,372,486
20589,372,487
20590,372,488
20591,372,489
20592,372,490
20593,372,491
20594,372,492
20595,372,493
20596,372,494
20597,372,495
20598,372,496
20599,372,497
20600,372,498
20601,372,499
20602,372,500
20603,372,501
20604,372,502
20605,372,503
20606,372,504
20607,372,505
20608,372,506
20609,372,507
20610,372,508
20611,372,509
20612,372,510
20613,372,511
20614,372,512
20615,372,513
20616,372,514
20617,373,359
20618,373,360
20619,373,361
20620,373,362
20621,373,363
20622,373,364
20623,373,365
20624,373,366
20625,373,367
20626,373,368
20627,373,369
20628,373,370
20629,373,371
20630,373,372
20631,373,373
20632,373,374
20633,373,375
20634,373,376
20635,373,377
20636,373,378
20637,373,379
20638,373,380
20639,373,381
20640,373,382
20641,373,383
20642,373,384
20643,373,385
20644,373,386
20645,373,387
20646,373,388
20647,373,389
20648,373,390
20649,373,391
20650,373,392
20651,373,393
20652,373,394
20653,373,395
20654,373,396
20655,373,397
20656,373,398
20657,373,399
20658,373,400
20659,373,401
20660,373,402
20661,373,403
20662,373,404
20663,373,405
20664,373,406
20665,373,407
20666,373,408
20667,373,409
20668,373,410
20669,373,411
20670,373,412
20671,373,413
20672,373,414
20673,373,415
20674,373,416
20675,373,417
20676,373,418
20677,373,419
20678,373,420
20679,373,421
20680,373,422
20681,373,423
20682,373,424
20683,373,425
20684,373,426
20685,373,427
20686,373,428
20687,373,429
20688,373,430
20689,373,431
20690,373,432
20691,373,433
20692,373,434
20693,373,435
20694,373,436
20695,373,437
20696,373,438
20697,373,439
20698,373,440
20699,373,441
20700,373,442
20701,373,443
20702,373,444
20703,373,445
20704,373,446
20705,373,447
20706,373,448
20707,373,449
20708,373,450
20709,373,451
20710,373,452
20711,373,453
20712,373,454
20713,373,455
20714,373,456
20715,373,457
20716,373,458
20717,373,459
20718,373,460
20719,373,461
20720,373,462
20721,373,463
20722,373,464
20723,373,465
20724,373,466
20725,373,467
20726,373,468
20727,373,469
20728,373,470
20729,373,471
20730,373,472
20731,373,473
20732,373,474
20733,373,475
20734,373,476
20735,373,477
20736,373,478
20737,373,479
20738,373,480
20739,373,481
20740,373,482
20741,373,483
20742,373,484
20743,373,485
20744,373,486
20745,373,487
20746,373,488
20747,373,489
20748,373,490
20749,373,491
20750,373,492
20751,373,493
20752,373,494
20753,373,495
20754,373,496
20755,373,497
20756,373,498
20757,373,499
20758,373,500
20759,373,501
20760,373,502
20761,373,503
20762,373,504
20763,373,505
20764,373,506
20765,373,507
20766,373,508
20767,373,509
20768,373,510
20769,373,511
20770,373,512
20771,373,513
20772,373,514
20773,373,515
20774,374,360
20775,374,361
20776,374,362
20777,374,363
20778,374,364
20779,374,365
20780,374,366
20781,374,367
20782,374,368
20783,374,369
20784,374,370
20785,374,371
20786,374,372
20787,374,373
20788,374,374
20789,374,375
20790,374,376
20791,374,377
20792,374,378
20793,374,379
20794,374,380
20795,374,381
20796,374,382
20797,374,383
20798,374,384
20799,374,385
20800,374,386
20801,374,387
20802,374,388
20803,374,389
20804,374,390
20805,374,391
20806,374,392
20807,374,393
20808,374,394
20809,374,395
20810,374,396
20811,374,397
20812,374,398
20813,374,399
20814,374,400
20815,374,401
20816,374,402
20817,374,403
20818,374,404
20819,374,405
20820,374,406
20821,374,407
20822,374,408
20823,374,409
20824,374,410
20825,374,411
20826,374,412
20827,374,413
20828,374,414
20829,374,415
20830,374,416
20831,374,417
20832,374,418
20833,374,419
20834,374,420
20835,374,421
20836,374,422
20837,374,423
20838,374,424
20839,374,425
20840,374,426
20841,374,427
20842,374,428
20843,374,429
20844,374,430
20845,374,431
20846,374,432
20847,374,433
20848,374,434
20849,374,435
20850,374,436
20851,374,437
20852,374,438
20853,374,439
20854,374,440
20855,374,441
20856,374,442
20857,374,443
20858,374,444
20859,374,445
20860,374,446
20861,374,447
20862,374,448
20863,374,449
20864,374,450
20865,374,451
20866,374,452
20867,374,453
20868,374,454
20869,374,455
20870,374,456
20871,374,457
20872,374,458
20873,374,459
20874,374,460
20875,374,461
20876,374,462
20877,374,463
20878,374,464
20879,374,465
20880,374,466
20881,374,467
20882,374,468
20883,374,469
20884,374,470
20885,374,471
20886,374,472
20887,374,473
20888,374,474
20889,374,475
20890,374,476
20891,374,477
20892,374,478
20893,374,479
20894,374,480
20895,374,481
20896,374,482
20897,374,483
20898,374,484
20899,374,485
20900,374,486
20901,374,487
20902,374,488
20903,374,489
20904,374,490
20905,374,491
20906,374,492
20907,374,493
20908,374,494
20909,374,495
20910,374,496
20911,374,497
20912,374,498
20913,374,499
20914,374,500
20915,374,501
20916,374,502
20917,374,503
20918,374,504
20919,374,505
20920,374,506
20921,374,507
20922,374,508
20923,374,509
20924,374,510
20925,374,511
20926,374,512
20927,374,513
20928,374,514
20929,374,515
20930,375,360
20931,375,361
20932,375,362
20933,375,363
20934,375,364
20935,375,365
20936,375,366
20937,375,367
20938,375,368
20939,375,369
20940,375,370
20941,375,371
20942,375,372
20943,375,373
20944,375,374
20945,375,375
20946,375,376
20947,375,377
20948,375,378
20949,375,379
20950,375,380
20951,375,381
20952,375,382
20953,375,383
20954,375,384
20955,375,385
20956,375,386
20957,375,387
20958,375,388
20959,375,389
20960,375,390
20961,375,391
20962,375,392
20963,375,393
20964,375,394
20965,375,395
20966,375,396
20967,375,397
20968,375,398
20969,375,399
20970,375,400
20971,375,401
20972,375,402
20973,375,403
20974,375,404
20975,375,405
20976,375,406
20977,375,407
20978,375,408
20979,375,409
20980,375,410
20981,375,411
20982,375,412
20983,375,413
20984,375,414
20985,375,415
20986,375,416
20987,375,417
20988,375,418
20989,375,419
20990,375,420
20991,375,421
20992,375,422
20993,375,423
20994,375,424
20995,375,425
20996,375,426
20997,375,427
20998,375,428
20999,375,429
21000,375,430
21001,375,431
21002,375,432
21003,375,433
21004,375,434
21005,375,435
21006,375,436
21007,375,437
21008,375,438
21009,375,439
21010,375,440
21011,375,441
21012,375,442
21013,375,443
21014,375,444
21015,375,445
21016,375,446
21017,375,447
21018,375,448
21019,375,449
21020,375,450
21021,375,451
21022,375,452
21023,375,453
21024,375,454
21025,375,455
21026,375,456
21027,375,457
21028,375,458
21029,375,459
21030,375,460
21031,375,461
21032,375,462
21033,375,463
21034,375,464
21035,375,465
21036,375,466
21037,375,467
21038,375,468
21039,375,469
21040,375,470
21041,375,471
21042,375,472
21043,375,473
21044,375,474
21045,375,475
21046,375,476
21047,375,477
21048,375,478
21049,375,479
21050,375,480
21051,375,481
21052,375,482
21053,375,483
21054,375,484
21055,375,485
21056,375,486
21057,375,487
21058,375,488
21059,375,489
21060,375,490
21061,375,491
21062,375,492
21063,375,493
21064,375,494
21065,375,495
21066,375,496
21067,375,497
21068,375,498
21069,375,499
21070,375,500
21071,375,501
21072,375,502
21073,375,503
21074,375,504
21075,375,505
21076,375,506
21077,375,507
21078,375,508
21079,375,509
21080,375,510
21081,375,511
21082,375,512
21083,375,513
21084,375,514
21085,375,515
21086,376,361
21087,376,362
21088,376,363
21089,376,364
21090,376,365
21091,376,366
21092,376,367
21093,376,368
21094,376,369
21095,376,370
21096,376,371
21097,376,372
21098,376,373
21099,376,374
21100,376,375
21101,376,376
21102,376,377
21103,376,378
21104,376,379
21105,376,380
21106,376,381
21107,376,382
21108,376,383
21109,376,384
21110,376,385
21111,376,386
21112,376,387
21113,376,388
21114,376,389
21115,376,390
21116,376,391
21117,376,392
21118,376,393
21119,376,394
21120,376,395
21121,376,396
21122,376,397
21123,376,398
21124,376,399
21125,376,400
21126,376,401
21127,376,402
21128,376,403
21129,376,404
21130,376,405
21131,376,406
21132,376,407
21133,376,408
21134,376,409
21135,376,410
21136,376,411
21137,376,412
21138,376,413
21139,376,414
21140,376,415
21141,376,416
21142,376,417
21143,376,418
21144,376,419
21145,376,420
21146,376,421
21147,376,422
21148,376,423
21149,376,424
21150,376,425
21151,376,426
21152,376,427
21153,376,428
21154,376,429
21155,376,430
21156,376,431
21157,376,432
21158,376,433
21159,376,434
21160,376,435
21161,376,436
21162,376,437
21163,376,438
21164,376,439
21165,376,440
21166,376,441
21167,376,442
21168,376,443
21169,376,444
21170,376,445
21171,376,446
21172,376,447
21173,376,448
21174,376,449
21175,376,450
21176,376,451
21177,376,452
21178,376,453
21179,376,454
21180,376,455
21181,376,456
21182,376,457
21183,376,458
21184,376,459
21185,376,460
21186,376,461
21187,376,462
21188,376,463
21189,376,464
21190,376,465
21191,376,466
21192,376,467
21193,376,468
21194,376,469
21195,376,470
21196,376,471
21197,376,472
21198,376,473
21199,376,474
21200,376,475
21201,376,476
21202,376,477
21203,376,478
21204,376,479
21205,376,480
21206,376,481
21207,376,482
21208,376,483
21209,376,484
21210,376,485
21211,376,486
21212,376,487
21213,376,488
21214,376,489
21215,376,490
21216,376,491
21217,376,492
21218,376,493
21219,376,494
21220,376,495
21221,376,496
21222,376,497
21223,376,498
21224,376,499
21225,376,500
21226,376,501
21227,376,502
21228,376,503
21229,376,504
21230,376,505
21231,376,506
21232,376,507
21233,376,508
21234,376,509
21235,376,510
21236,376,511
21237,376,512
21238,376,513
21239,376,514
21240,376,515
21241,376,516
21242,377,361
21243,377,362
21244,377,363
21245,377,364
21246,377,365
21247,377,366
21248,377,367
21249,377,368
21250,377,369
21251,377,370
21252,377,371
21253,377,372
21254,377,373
21255,377,374
21256,377,375
21257,377,376
21258,377,377
21259,377,378
21260,377,379
21261,377,380
21262,377,381
21263,377,382
21264,377,383
21265,377,384
21266,377,385
21267,377,386
21268,377,387
21269,377,388
21270,377,389
21271,377,390
21272,377,391
21273,377,392
21274,377,393
21275,377,394
21276,377,395
21277,377,396
21278,377,397
21279,377,398
21280,377,399
21281,377,400
21282,377,401
21283,377,402
21284,377,403
21285,377,404
21286,377,405
21287,377,406
21288,377,407
21289,377,408
21290,377,409
21291,377,410
21292,377,411
21293,377,412
21294,377,413
21295,377,414
21296,377,415
21297,377,416
21298,377,417
21299,377,418
21300,377,419
21301,377,420
21302,377,421
21303,377,422
21304,377,423
21305,377,424
21306,377,425
21307,377,426
21308,377,427
21309,377,428
21310,377,429
21311,377,430
21312,377,431
21313,377,432
21314,377,433
21315,377,434
21316,377,435
21317,377,436
21318,377,437
21319,377,438
21320,377,439
21321,377,440
21322,377,441
21323,377,442
21324,377,443
21325,377,444
21326,377,445
21327,377,446
21328,377,447
21329,377,448
21330,377,449
21331,377,450
21332,377,451
21333,377,452
21334,377,453
21335,377,454
21336,377,455
21337,377,456
21338,377,457
21339,377,458
21340,377,459
21341,377,460
21342,377,461
21343,377,462
21344,377,463
21345,377,464
21346,377,465
21347,377,466
21348,377,467
21349,377,468
21350,377,469
21351,377,470
21352,377,471
21353,377,472
21354,377,473
21355,377,474
21356,377,475
21357,377,476
21358,377,477
21359,377,478
21360,377,479
21361,377,480
21362,377,481
21363,377,482
21364,377,483
21365,377,484
21366,377,485
21367,377,486
21368,377,487
21369,377,488
21370,377,489
21371,377,490
21372,377,491
21373,377,492
21374,377,493
21375,377,494
21376,377,495
21377,377,496
21378,377,497
21379,377,498
21380,377,499
21381,377,500
21382,377,501
21383,377,502
21384,377,503
21385,377,504
21386,377,505
21387,377,506
21388,377,507
21389,377,508
21390,377,509
21391,377,510
21392,377,511
21393,377,512
21394,377,513
21395,377,514
21396,377,515
21397,377,516
21398,377,517
21399,378,362
21400,378,363
21401,378,364
21402,378,365
21403,378,366
21404,378,367
21405,378,368
21406,378,369
21407,378,370
21408,378,371
21409,378,372
21410,378,373
21411,378,374
21412,378,375
21413,378,376
21414,378,377
21415,378,378
21416,378,379
21417,378,380
21418,378,381
21419,378,382
21420,378,383
21421,378,384
21422,378,385
21423,378,386
21424,378,387
21425,378,388
21426,378,389
21427,378,390
21428,378,391
21429,378,392
21430,378,393
21431,378,394
21432,378,395
21433,378,396
21434,378,397
21435,378,398
21436,378,399
21437,378,400
21438,378,401
21439,378,402
21440,378,403
21441,378,404
21442,378,405
21443,378,406
21444,378,407
21445,378,408
21446,378,409
21447,378,410
21448,378,411
21449,378,412
21450,378,413
21451,378,414
21452,378,415
21453,378,416
21454,378,417
21455,378,418
21456,378,419
21457,378,420
21458,378,421
21459,378,422
21460,378,423
21461,378,424
21462,378,425
21463,378,426
21464,378,427
21465,378,428
21466,378,429
21467,378,430
21468,378,431
21469,378,432
21470,378,433
21471,378,434
21472,378,435
21473,378,436
21474,378,437
21475,378,438
21476,378,439
21477,378,440
21478,378,441
21479,378,442
21480,378,443
21481,378,444
21482,378,445
21483,378,446
21484,378,447
21485,378,448
21486,378,449
21487,378,450
21488,378,451
21489,378,452
21490,378,453
21491,378,454
21492,378,455
21493,378,456
21494,378,457
21495,378,458
21496,378,459
21497,378,460
21498,378,461
21499,378,462
21500,378,463
21501,378,464
21502,378,465
21503,378,466
21504,378,467
21505,378,468
21506,378,469
21507,378,470
21508,378,471
21509,378,472
21510,378,473
21511,378,474
21512,378,475
21513,378,476
21514,378,477
21515,378,478
21516,378,479
21517,378,480
21518,378,481
21519,378,482
21520,378,483
21521,378,484
21522,378,485
21523,378,486
21524,378,487
21525,378,488
21526,378,489
21527,378,490
21528,378,491
21529,378,492
21530,378,493
21531,378,494
21532,378,495
21533,378,496
21534,378,497
21535,378,498
21536,378,499
21537,378,500
21538,378,501
21539,378,502
21540,378,503
21541,378,504
21542,378,505
21543,378,506
21544,378,507
21545,378,508
21546,378,509
21547,378,510
21548,378,511
21549,378,512
21550,378,513
21551,378,514
21552,378,515
21553,378,516
21554,378,517
21555,378,518
21556,379,362
21557,379,363
21558,379,364
21559,379,365
21560,379,366
21561,379,367
21562,379,368
21563,379,369
21564,379,370
21565,379,371
21566,379,372
21567,379,373
21568,379,374
21569,379,375
21570,379,376
21571,379,377
21572,379,378
21573,379,379
21574,379,380
21575,379,381
21576,379,382
21577,379,383
21578,379,384
21579,379,385
21580,379,386
21581,379,387
21582,379,388
21583,379,389
21584,379,390
21585,379,391
21586,379,392
21587,379,393
21588,379,394
21589,379,395
21590,379,396
21591,379,397
21592,379,398
21593,379,399
21594,379,400
21595,379,401
21596,379,402
21597,379,403
21598,379,404
21599,379,405
21600,379,406
21601,379,407
21602,379,408
21603,379,409
21604,379,410
21605,379,411
21606,379,412
21607,379,413
21608,379,414
21609,379,415
21610,379,416
21611,379,417
21612,379,418
21613,379,419
21614,379,420
21615,379,421
21616,379,422
21617,379,423
21618,379,424
21619,379,425
21620,379,426
21621,379,427
21622,379,428
21623,379,429
21624,379,430
21625,379,431
21626,379,432
21627,379,433
21628,379,434
21629,379,435
21630,379,436
21631,379,437
21632,379,438
21633,379,439
21634,379,440
21635,379,441
21636,379,442
21637,379,443
21638,379,444
21639,379,445
21640,379,446
21641,379,447
21642,379,448
21643,379,449
21644,379,450
21645,379,451
21646,379,452
21647,379,453
21648,379,454
21649,379,455
21650,379,456
21651,379,457
21652,379,458
21653,379,459
21654,379,460
21655,379,461
21656,379,462
21657,379,463
21658,379,464
21659,379,465
21660,379,466
21661,379,467
21662,379,468
21663,379,469
21664,379,470
21665,379,471
21666,379,472
21667,379,473
21668,379,474
21669,379,475
21670,379,476
21671,379,477
21672,379,478
21673,379,479
21674,379,480
21675,379,481
21676,379,482
21677,379,483
21678,379,484
21679,379,485
21680,379,486
21681,379,487
21682,379,488
21683,379,489
21684,379,490
21685,379,491
21686,379,492
21687,379,493
21688,379,494
21689,379,495
21690,379,496
21691,379,497
21692,379,498
21693,379,499
21694,379,500
21695,379,501
21696,379,502
21697,379,503
21698,379,504
21699,379,505
21700,379,506
21701,379,507
21702,379,508
21703,379,509
21704,379,510
21705,379,511
21706,379,512
21707,379,513
21708,379,514
21709,379,515
21710,379,516
21711,379,517
21712,379,518
21713,379,519
21714,380,362
21715,380,363
21716,380,364
21717,380,365
21718,380,366
21719,380,367
21720,380,368
21721,380,369
21722,380,370
21723,380,371
21724,380,372
21725,380,373
21726,380,374
21727,380,375
21728,380,376
21729,380,377
21730,380,378
21731,380,379
21732,380,380
21733,380,381
21734,380,382
21735,380,383
21736,380,384
21737,380,385
21738,380,386
21739,380,387
21740,380,388
21741,380,389
21742,380,390
21743,380,391
21744,380,392
21745,380,393
21746,380,394
21747,380,395
21748,380,396
21749,380,397
21750,380,398
21751,380,399
21752,380,400
21753,380,401
21754,380,402
21755,380,403
21756,380,404
21757,380,405
21758,380,406
21759,380,407
21760,380,408
21761,380,409
21762,380,410
21763,380,411
21764,380,412
21765,380,413
21766,380,414
21767,380,415
21768,380,416
21769,380,417
21770,380,418
21771,380,419
21772,380,420
21773,380,421
21774,380,422
21775,380,423
21776,380,424
21777,380,425
21778,380,426
21779,380,427
21780,380,428
21781,380,429
21782,380,430
21783,380,431
21784,380,432
21785,380,433
21786,380,434
21787,380,435
21788,380,436
21789,380,437
21790,380,438
21791,380,439
21792,380,440
21793,380,441
21794,380,442
21795,380,443
21796,380,444
21797,380,445
21798,380,446
21799,380,447
21800,380,448
21801,380,449
21802,380,450
21803,380,451
21804,380,452
21805,380,453
21806,380,454
21807,380,455
21808,380,456
21809,380,457
21810,380,458
21811,380,459
21812,380,460
21813,380,461
21814,380,462
21815,380,463
21816,380,464
21817,380,465
21818,380,466
21819,380,467
21820,380,468
21821,380,469
21822,380,470
21823,380,471
21824,380,472
21825,380,473
21826,380,474
21827,380,475
21828,380,476
21829,380,477
21830,380,478
21831,380,479
21832,380,480
21833,380,481
21834,380,482
21835,380,483
21836,380,484
21837,380,485
21838,380,486
21839,380,487
21840,380,488
21841,380,489
21842,380,490
21843,380,491
21844,380,492
21845,380,493
21846,380,494
21847,380,495
21848,380,496
21849,380,497
21850,380,498
21851,380,499
21852,380,500
21853,380,501
21854,380,502
21855,380,503
21856,380,504
21857,380,505
21858,380,506
21859,380,507
21860,380,508
21861,380,509
21862,380,510
21863,380,511
21864,380,512
21865,380,513
21866,380,514
21867,380,515
21868,380,516
21869,380,517
21870,380,518
21871,380,519
21872,380,520
21873,381,363
21874,381,364
21875,381,365
21876,381,366
21877,381,367
21878,381,368
21879,381,369
21880,381,370
21881,381,371
21882,381,372
21883,381,373
21884,381,374
21885,381,375
21886,381,376
21887,381,377
21888,381,378
21889,381,379
21890,381,380
21891,381,381
21892,381,382
21893,381,383
21894,381,384
21895,381,385
21896,381,386
21897,381,387
21898,381,388
21899,381,389
21900,381,390
21901,381,391
21902,381,392
21903,381,393
21904,381,394
21905,381,395
21906,381,396
21907,381,397
21908,381,398
21909,381,399
21910,381,400
21911,381,401
21912,381,402
21913,381,403
21914,381,404
21915,381,405
21916,381,406
21917,381,407
21918,381,408
21919,381,409
21920,381,410
21921,381,411
21922,381,412
21923,381,413
21924,381,414
21925,381,415
21926,381,416
21927,381,417
21928,381,418
21929,381,419
21930,381,420
21931,381,421
21932,381,422
21933,381,423
21934,381,424
21935,381,425
21936,381,426
21937,381,427
21938,381,428
21939,381,429
21940,381,430
21941,381,431
21942,381,432
21943,381,433
21944,381,434
21945,381,435
21946,381,436
21947,381,437
21948,381,438
21949,381,439
21950,381,440
21951,381,441
21952,381,442
21953,381,443
21954,381,444
21955,381,445
21956,381,446
21957,381,447
21958,381,448
21959,381,449
21960,381,450
21961,381,451
21962,381,452
21963,381,453
21964,381,454
21965,381,455
21966,381,456
21967,381,457
21968,381,458
21969,381,459
21970,381,460
21971,381,461
21972,381,462
21973,381,463
21974,381,464
21975,381,465
21976,381,466
21977,381,467
21978,381,468
21979,381,469
21980,381,470
21981,381,471
21982,381,472
21983,381,473
21984,381,474
21985,381,475
21986,381,476
21987,381,477
21988,381,478
21989,381,479
21990,381,480
21991,381,481
21992,381,482
21993,381,483
21994,381,484
21995,381,485
21996,381,486
21997,381,487
21998,381,488
21999,381,489
22000,381,490
22001,381,491
22002,381,492
22003,381,493
22004,381,494
22005,381,495
22006,381,496
22007,381,497
22008,381,498
22009,381,499
22010,381,500
22011,381,501
22012,381,502
22013,381,503
22014,381,504
22015,381,505
22016,381,506
22017,381,507
22018,381,508
22019,381,509
22020,381,510
22021,381,511
22022,381,512
22023,381,513
22024,381,514
22025,381,515
22026,381,516
22027,381,517
22028,381,518
22029,381,519
22030,381,520
22031,381,521
22032,382,363
22033,382,364
22034,382,365
22035,382,366
22036,382,367
22037,382,368
22038,382,369
22039,382,370
22040,382,371
22041,382,372
22042,382,373
22043,382,374
22044,382,375
22045,382,376
22046,382,377
22047,382,378
22048,382,379
22049,382,380
22050,382,381
22051,382,382
22052,382,383
22053,382,384
22054,382,385
22055,382,386
22056,382,387
22057,382,388
22058,382,389
22059,382,390
22060,382,391
22061,382,392
22062,382,393
22063,382,394
22064,382,395
22065,382,396
22066,382,397
22067,382,398
22068,382,399
22069,382,400
22070,382,401
22071,382,402
22072,382,403
22073,382,404
22074,382,405
22075,382,406
22076,382,407
22077,382,408
22078,382,409
22079,382,410
22080,382,411
22081,382,412
22082,382,413
22083,382,414
22084,382,415
22085,382,416
22086,382,417
22087,382,418
22088,382,419
22089,382,420
22090,382,421
22091,382,422
22092,382,423
22093,382,424
22094,382,425
22095,382,426
22096,382,427
22097,382,428
22098,382,429
22099,382,430
22100,382,431
22101,382,432
22102,382,433
22103,382,434
22104,382,435
22105,382,436
22106,382,437
22107,382,438
22108,382,439
22109,382,440
22110,382,441
22111,382,442
22112,382,443
22113,382,444
22114,382,445
22115,382,446
22116,382,447
22117,382,448
22118,382,449
22119,382,450
22120,382,451
22121,382,452
22122,382,453
22123,382,454
22124,382,455
22125,382,456
22126,382,457
22127,382,458
22128,382,459
22129,382,460
22130,382,461
22131,382,462
22132,382,463
22133,382,464
22134,382,465
22135,382,466
22136,382,467
22137,382,468
22138,382,469
22139,382,470
22140,382,471
22141,382,472
22142,382,473
22143,382,474
22144,382,475
22145,382,476
22146,382,477
22147,382,478
22148,382,479
22149,382,480
22150,382,481
22151,382,482
22152,382,483
22153,382,484
22154,382,485
22155,382,486
22156,382,487
22157,382,488
22158,382,489
22159,382,490
22160,382,491
22161,382,492
22162,382,493
22163,382,494
22164,382,495
22165,382,496
22166,382,497
22167,382,498
22168,382,499
22169,382,500
22170,382,501
22171,382,502
22172,382,503
22173,382,504
22174,382,505
22175,382,506
22176,382,507
22177,382,508
22178,382,509
22179,382,510
22180,382,511
22181,382,512
22182,382,513
22183,382,514
22184,382,515
22185,382,516
22186,382,517
22187,382,518
22188,382,519
22189,382,520
22190,382,521
22191,382,522
22192,383,363
22193,383,364
22194,383,365
22195,383,366
22196,383,367
22197,383,368
22198,383,369
22199,383,370
22200,383,371
22201,383,372
22202,383,373
22203,383,374
22204,383,375
22205,383,376
22206,383,377
22207,383,378
22208,383,379
22209,383,380
22210,383,381
22211,383,382
22212,383,383
22213,383,384
22214,383,385
22215,383,386
22216,383,387
22217,383,388
22218,383,389
22219,383,390
22220,383,391
22221,383,392
22222,383,393
22223,383,394
22224,383,395
22225,383,396
22226,383,397
22227,383,398
22228,383,399
22229,383,400
22230,383,401
22231,383,402
22232,383,403
22233,383,404
22234,383,405
22235,383,406
22236,383,407
22237,383,408
22238,383,409
22239,383,410
22240,383,411
22241,383,412
22242,383,413
22243,383,414
22244,383,415
22245,383,416
22246,383,417
22247,383,418
22248,383,419
22249,383,420
22250,383,421
22251,383,422
22252,383,423
22253,383,424
22254,383,425
22255,383,426
22256,383,427
22257,383,428
22258,383,429
22259,383,430
22260,383,431
22261,383,432
22262,383,433
22263,383,434
22264,383,435
22265,383,436
22266,383,437
22267,383,438
22268,383,439
22269,383,440
22270,383,441
22271,383,442
22272,383,443
22273,383,444
22274,383,445
22275,383,446
22276,383,447
22277,383,448
22278,383,449
22279,383,450
22280,383,451
22281,383,452
22282,383,453
22283,383,454
22284,383,455
22285,383,456
22286,383,457
22287,383,458
22288,383,459
22289,383,460
22290,383,461
22291,383,462
22292,383,463
22293,383,464
22294,383,465
22295,383,466
22296,383,467
22297,383,468
22298,383,469
22299,383,470
22300,383,471
22301,383,472
22302,383,473
22303,383,474
22304,383,475
22305,383,476
22306,383,477
22307,383,478
22308,383,479
22309,383,480
22310,383,481
22311,383,482
22312,383,483
22313,383,484
22314,383,485
22315,383,486
22316,383,487
22317,383,488
22318,383,489
22319,383,490
22320,383,491
22321,383,492
22322,383,493
22323,383,494
22324,383,495
22325,383,496
22326,383,497
22327,383,498
22328,383,499
22329,383,500
22330,383,501
22331,383,502
22332,383,503
22333,383,504
22334,383,505
22335,383,506
22336,383,507
22337,383,508
22338,383,509
22339,383,510
22340,383,511
22341,383,512
22342,383,513
22343,383,514
22344,383,515
22345,383,516
22346,383,517
22347,383,518
22348,383,519
22349,383,520
22350,383,521
22351,383,522
22352,384,362
22353,384,363
22354,384,364
22355,384,365
22356,384,366
22357,384,367
22358,384,368
22359,384,369
22360,384,370
22361,384,371
22362,384,372
22363,384,373
22364,384,374
22365,384,375
22366,384,376
22367,384,377
22368,384,378
22369,384,379
22370,384,380
22371,384,381
22372,384,382
22373,384,383
22374,384,384
22375,384,385
22376,384,386
22377,384,387
22378,384,388
22379,384,389
22380,384,390
22381,384,391
22382,384,392
22383,384,393
22384,384,394
22385,384,395
22386,384,396
22387,384,397
22388,384,398
22389,384,399
22390,384,400
22391,384,401
22392,384,402
22393,384,403
22394,384,404
22395,384,405
22396,384,406
22397,384,407
22398,384,408
22399,384,409
22400,384,410
22401,384,411
22402,384,412
22403,384,413
22404,384,414
22405,384,415
22406,384,416
22407,384,417
22408,384,418
22409,384,419
22410,384,420
22411,384,421
22412,384,422
22413,384,423
22414,384,424
22415,384,425
22416,384,426
22417,384,427
22418,384,428
22419,384,429
22420,384,430
22421,384,431
22422,384,432
22423,384,433
22424,384,434
22425,384,435
22426,384,436
22427,384,437
22428,384,438
22429,384,439
22430,384,440
22431,384,441
22432,384,442
22433,384,443
22434,384,444
22435,384,445
22436,384,446
22437,384,447
22438,384,448
22439,384,449
22440,384,450
22441,384,451
22442,384,452
22443,384,453
22444,384,454
22445,384,455
22446,384,456
22447,384,457
22448,384,458
22449,384,459
22450,384,460
22451,384,461
22452,384,462
22453,384,463
22454,384,464
22455,384,465
22456,384,466
22457,384,467
22458,384,468
22459,384,469
22460,384,470
22461,384,471
22462,384,472
22463,384,473
22464,384,474
22465,384,475
22466,384,476
22467,384,477
22468,384,478
22469,384,479
22470,384,480
22471,384,481
22472,384,482
22473,384,483
22474,384,484
22475,384,485
22476,384,486
22477,384,487
22478,384,488
22479,384,489
22480,384,490
22481,384,491
22482,384,492
22483,384,493
22484,384,494
22485,384,495
22486,384,496
22487,384,497
22488,384,498
22489,384,499
22490,384,500
22491,384,501
22492,384,502
22493,384,503
22494,384,504
22495,384,505
22496,384,506
22497,384,507
22498,384,508
22499,384,509
22500,384,510
22501,384,511
22502,384,512
22503,384,513
22504,384,514
22505,384,515
22506,384,516
22507,384,517
22508,384,518
22509,384,519
22510,384,520
22511,384,521
22512,384,522
22513,384,523
22514,385,362
22515,385,363
22516,385,364
22517,385,365
22518,385,366
22519,385,367
22520,385,368
22521,385,369
22522,385,370
22523,385,371
22524,385,372
22525,385,373
22526,385,374
22527,385,375
22528,385,376
22529,385,377
22530,385,378
22531,385,379
22532,385,380
22533,385,381
22534,385,382
22535,385,383
22536,385,384
22537,385,385
22538,385,386
22539,385,387
22540,385,388
22541,385,389
22542,385,390
22543,385,391
22544,385,392
22545,385,393
22546,385,394
22547,385,395
22548,385,396
22549,385,397
22550,385,398
22551,385,399
22552,385,400
22553,385,401
22554,385,402
22555,385,403
22556,385,404
22557,385,405
22558,385,406
22559,385,407
22560,385,408
22561,385,409
22562,385,410
22563,385,411
22564,385,412
22565,385,413
22566,385,414
22567,385,415
22568,385,416
22569,385,417
22570,385,418
22571,385,419
22572,385,420
22573,385,421
22574,385,422
22575,385,423
22576,385,424
22577,385,425
22578,385,426
22579,385,427
22580,385,428
22581,385,429
22582,385,430
22583,385,431
22584,385,432
22585,385,433
22586,385,434
22587,385,435
22588,385,436
22589,385,437
22590,385,438
22591,385,439
22592,385,440
22593,385,441
22594,385,442
22595,385,443
22596,385,444
22597,385,445
22598,385,446
22599,385,447
22600,385,448
22601,385,449
22602,385,450
22603,385,451
22604,385,452
22605,385,453
22606,385,454
22607,385,455
22608,385,456
22609,385,457
22610,385,458
22611,385,459
22612,385,460
22613,385,461
22614,385,462
22615,385,463
22616,385,464
22617,385,465
22618,385,466
22619,385,467
22620,385,468
22621,385,469
22622,385,470
22623,385,471
22624,385,472
22625,385,473
22626,385,474
22627,385,475
22628,385,476
22629,385,477
22630,385,478
22631,385,479
22632,385,480
22633,385,481
22634,385,482
22635,385,483
22636,385,484
22637,385,485
22638,385,486
22639,385,487
22640,385,488
22641,385,489
22642,385,490
22643,385,491
22644,385,492
22645,385,493
22646,385,494
22647,385,495
22648,385,496
22649,385,497
22650,385,498
22651,385,499
22652,385,500
22653,385,501
22654,385,502
22655,385,503
22656,385,504
22657,385,505
22658,385,506
22659,385,507
22660,385,508
22661,385,509
22662,385,510
22663,385,511
22664,385,512
22665,385,513
22666,385,514
22667,385,515
22668,385,516
22669,385,517
22670,385,518
22671,385,519
22672,385,520
22673,385,521
22674,385,522
22675,385,523
22676,385,524
22677,386,362
22678,386,363
22679,386,364
22680,386,365
22681,386,366
22682,386,367
22683,386,368
22684,386,369
22685,386,370
22686,386,371
22687,386,372
22688,386,373
22689,386,374
22690,386,375
22691,386,376
22692,386,377
22693,386,378
22694,386,379
22695,386,380
22696,386,381
22697,386,382
22698,386,383
22699,386,384
22700,386,385
22701,386,386
22702,386,387
22703,386,388
22704,386,389
22705,386,390
22706,386,391
22707,386,392
22708,386,393
22709,386,394
22710,386,395
22711,386,396
22712,386,397
22713,386,398
22714,386,399
22715,386,400
22716,386,401
22717,386,402
22718,386,403
22719,386,404
22720,386,405
22721,386,406
22722,386,407
22723,386,408
22724,386,409
22725,386,410
22726,386,411
22727,386,412
22728,386,413
22729,386,414
22730,386,415
22731,386,416
22732,386,417
22733,386,418
22734,386,419
22735,386,420
22736,386,421
22737,386,422
22738,386,423
22739,386,424
22740,386,425
22741,386,426
22742,386,427
22743,386,428
22744,386,429
22745,386,430
22746,386,431
22747,386,432
22748,386,433
22749,386,434
22750,386,435
22751,386,436
22752,386,437
22753,386,438
22754,386,439
22755,386,440
22756,386,441
22757,386,442
22758,386,443
22759,386,444
22760,386,445
22761,386,446
22762,386,447
22763,386,448
22764,386,449
22765,386,450
22766,386,451
22767,386,452
22768,386,453
22769,386,454
22770,386,455
22771,386,456
22772,386,457
22773,386,458
22774,386,459
22775,386,460
22776,386,461
22777,386,462
22778,386,463
22779,386,464
22780,386,465
22781,386,466
22782,386,467
22783,386,468
22784,386,469
22785,386,470
22786,386,471
22787,386,472
22788,386,473
22789,386,474
22790,386,475
22791,386,476
22792,386,477
22793,386,478
22794,386,479
22795,386,480
22796,386,481
22797,386,482
22798,386,483
22799,386,484
22800,386,485
22801,386,486
22802,386,487
22803,386,488
22804,386,489
22805,386,490
22806,386,491
22807,386,492
22808,386,493
22809,386,494
22810,386,495
22811,386,496
22812,386,497
22813,386,498
22814,386,499
22815,386,500
22816,386,501
22817,386,502
22818,386,503
22819,386,504
22820,386,505
22821,386,506
22822,386,507
22823,386,508
22824,386,509
22825,386,510
22826,386,511
22827,386,512
22828,386,513
22829,386,514
22830,386,515
22831,386,516
22832,386,517
22833,386,518
22834,386,519
22835,386,520
22836,386,521
22837,386,522
22838,386,523
22839,386,524
22840,386,525
22841,387,362
22842,387,363
22843,387,364
22844,387,365
22845,387,366
22846,387,367
22847,387,368
22848,387,369
22849,387,370
22850,387,371
22851,387,372
22852,387,373
22853,387,374
22854,387,375
22855,387,376
22856,387,377
22857,387,378
22858,387,379
22859,387,380
22860,387,381
22861,387,382
22862,387,383
22863,387,384
22864,387,385
22865,387,386
22866,387,387
22867,387,388
22868,387,389
22869,387,390
22870,387,391
22871,387,392
22872,387,393
22873,387,394
22874,387,395
22875,387,396
22876,387,397
22877,387,398
22878,387,399
22879,387,400
22880,387,401
22881,387,402
22882,387,403
22883,387,404
22884,387,405
22885,387,406
22886,387,407
22887,387,408
22888,387,409
22889,387,410
22890,387,411
22891,387,412
22892,387,413
22893,387,414
22894,387,415
22895,387,416
22896,387,417
22897,387,418
22898,387,419
22899,387,420
22900,387,421
22901,387,422
22902,387,423
22903,387,424
22904,387,425
22905,387,426
22906,387,427
22907,387,428
22908,387,429
22909,387,430
22910,387,431
22911,387,432
22912,387,433
22913,387,434
22914,387,435
22915,387,436
22916,387,437
22917,387,438
22918,387,439
22919,387,440
22920,387,441
22921,387,442
22922,387,443
22923,387,444
22924,387,445
22925,387,446
22926,387,447
22927,387,448
22928,387,449
22929,387,450
22930,387,451
22931,387,452
22932,387,453
22933,387,454
22934,387,455
22935,387,456
22936,387,457
22937,387,458
22938,387,459
22939,387,460
22940,387,461
22941,387,462
22942,387,463
22943,387,464
22944,387,465
22945,387,466
22946,387,467
22947,387,468
22948,387,469
22949,387,470
22950,387,471
22951,387,472
22952,387,473
22953,387,474
22954,387,475
22955,387,476
22956,387,477
22957,387,478
22958,387,479
22959,387,480
22960,387,481
22961,387,482
22962,387,483
22963,387,484
22964,387,485
22965,387,486
22966,387,487
22967,387,488
22968,387,489
22969,387,490
22970,387,491
22971,387,492
22972,387,493
22973,387,494
22974,387,495
22975,387,496
22976,387,497
22977,387,498
22978,387,499
22979,387,500
22980,387,501
22981,387,502
22982,387,503
22983,387,504
22984,387,505
22985,387,506
22986,387,507
22987,387,508
22988,387,509
22989,387,510
22990,387,511
22991,387,512
22992,387,513
22993,387,514
22994,387,515
22995,387,516
22996,387,517
22997,387,518
22998,387,519
22999,387,520
23000,387,521
23001,387,522
23002,387,523
23003,387,524
23004,387,525
23005,388,362
23006,388,363
23007,388,364
23008,388,365
23009,388,366
23010,388,367
23011,388,368
23012,388,369
23013,388,370
23014,388,371
23015,388,372
23016,388,373
23017,388,374
23018,388,375
23019,388,376
23020,388,377
23021,388,378
23022,388,379
23023,388,380
23024,388,381
23025,388,382
23026,388,383
23027,388,384
23028,388,385
23029,388,386
23030,388,387
23031,388,388
23032,388,389
23033,388,390
23034,388,391
23035,388,392
23036,388,393
23037,388,394
23038,388,395
23039,388,396
23040,388,397
23041,388,398
23042,388,399
23043,388,400
23044,388,401
23045,388,402
23046,388,403
23047,388,404
23048,388,405
23049,388,406
23050,388,407
23051,388,408
23052,388,409
23053,388,410
23054,388,411
23055,388,412
23056,388,413
23057,388,414
23058,388,415
23059,388,416
23060,388,417
23061,388,418
23062,388,419
23063,388,420
23064,388,421
23065,388,422
23066,388,423
23067,388,424
23068,388,425
23069,388,426
23070,388,427
23071,388,428
23072,388,429
23073,388,430
23074,388,431
23075,388,432
23076,388,433
23077,388,434
23078,388,435
23079,388,436
23080,388,437
23081,388,438
23082,388,439
23083,388,440
23084,388,441
23085,388,442
23086,388,443
23087,388,444
23088,388,445
23089,388,446
23090,388,447
23091,388,448
23092,388,449
23093,388,450
23094,388,451
23095,388,452
23096,388,453
23097,388,454
23098,388,455
23099,388,456
23100,388,457
23101,388,458
23102,388,459
23103,388,460
23104,388,461
23105,388,462
23106,388,463
23107,388,464
23108,388,465
23109,388,466
23110,388,467
23111,388,468
23112,388,469
23113,388,470
23114,388,471
23115,388,472
23116,388,473
23117,388,474
23118,388,475
23119,388,476
23120,388,477
23121,388,478
23122,388,479
23123,388,480
23124,388,481
23125,388,482
23126,388,483
23127,388,484
23128,388,485
23129,388,486
23130,388,487
23131,388,488
23132,388,489
23133,388,490
23134,388,491
23135,388,492
23136,388,493
23137,388,494
23138,388,495
23139,388,496
23140,388,497
23141,388,498
23142,388,499
23143,388,500
23144,388,501
23145,388,502
23146,388,503
23147,388,504
23148,388,505
23149,388,506
23150,388,507
23151,388,508
23152,388,509
23153,388,510
23154,388,511
23155,388,512
23156,388,513
23157,388,514
23158,388,515
23159,388,516
23160,388,517
23161,388,518
23162,388,519
23163,388,520
23164,388,521
23165,388,522
23166,388,523
23167,388,524
23168,388,525
23169,389,362
23170,389,363
23171,389,364
23172,389,365
23173,389,366
23174,389,367
23175,389,368
23176,389,369
23177,389,370
23178,389,371
23179,389,372
23180,389,373
23181,389,374
23182,389,375
23183,389,376
23184,389,377
23185,389,378
23186,389,379
23187,389,380
23188,389,381
23189,389,382
23190,389,383
23191,389,384
23192,389,385
23193,389,386
23194,389,387
23195,389,388
23196,389,389
23197,389,390
23198,389,391
23199,389,392
23200,389,393
23201,389,394
23202,389,395
23203,389,396
23204,389,397
23205,389,398
23206,389,399
23207,389,400
23208,389,401
23209,389,402
23210,389,403
23211,389,404
23212,389,405
23213,389,406
23214,389,407
23215,389,408
23216,389,409
23217,389,410
23218,389,411
23219,389,412
23220,389,413
23221,389,414
23222,389,415
23223,389,416
23224,389,417
23225,389,418
23226,389,419
23227,389,420
23228,389,421
23229,389,422
23230,389,423
23231,389,424
23232,389,425
23233,389,426
23234,389,427
23235,389,428
23236,389,429
23237,389,430
23238,389,431
23239,389,432
23240,389,433
23241,389,434
23242,389,435
23243,389,436
23244,389,437
23245,389,438
23246,389,439
23247,389,440
23248,389,441
23249,389,442
23250,389,443
23251,389,444
23252,389,445
23253,389,446
23254,389,447
23255,389,448
23256,389,449
23257,389,450
23258,389,451
23259,389,452
23260,389,453
23261,389,454
23262,389,455
23263,389,456
23264,389,457
23265,389,458
23266,389,459
23267,389,460
23268,389,461
23269,389,462
23270,389,463
23271,389,464
23272,389,465
23273,389,466
23274,389,467
23275,389,468
23276,389,469
23277,389,470
23278,389,471
23279,389,472
23280,389,473
23281,389,474
23282,389,475
23283,389,476
23284,389,477
23285,389,478
23286,389,479
23287,389,480
23288,389,481
23289,389,482
23290,389,483
23291,389,484
23292,389,485
23293,389,486
23294,389,487
23295,389,488
23296,389,489
23297,389,490
23298,389,491
23299,389,492
23300,389,493
23301,389,494
23302,389,495
23303,389,496
23304,389,497
23305,389,498
23306,389,499
23307,389,500
23308,389,501
23309,389,502
23310,389,503
23311,389,504
23312,389,505
23313,389,506
23314,389,507
23315,389,508
23316,389,509
23317,389,510
23318,389,511
23319,389,512
23320,389,513
23321,389,514
23322,389,515
23323,389,516
23324,389,517
23325,389,518
23326,389,519
23327,389,520
23328,389,521
23329,389,522
23330,389,523
23331,389,524
23332,389,525
23333,390,363
23334,390,364
23335,390,365
23336,390,366
23337,390,367
23338,390,368
23339,390,369
23340,390,370
23341,390,371
23342,390,372
23343,390,373
23344,390,374
23345,390,375
23346,390,376
23347,390,377
23348,390,378
23349,390,379
23350,390,380
23351,390,381
23352,390,382
23353,390,383
23354,390,384
23355,390,385
23356,390,386
23357,390,387
23358,390,388
23359,390,389
23360,390,390
23361,390,391
23362,390,392
23363,390,393
23364,390,394
23365,390,395
23366,390,396
23367,390,397
23368,390,398
23369,390,399
23370,390,400
23371,390,401
23372,390,402
23373,390,403
23374,390,404
23375,390,405
23376,390,406
23377,390,407
23378,390,408
23379,390,409
23380,390,410
23381,390,411
23382,390,412
23383,390,413
23384,390,414
23385,390,415
23386,390,416
23387,390,417
23388,390,418
23389,390,419
23390,390,420
23391,390,421
23392,390,422
23393,390,423
23394,390,424
23395,390,425
23396,390,426
23397,390,427
23398,390,428
23399,390,429
23400,390,430
23401,390,431
23402,390,432
23403,390,433
23404,390,434
23405,390,435
23406,390,436
23407,390,437
23408,390,438
23409,390,439
23410,390,440
23411,390,441
23412,390,442
23413,390,443
23414,390,444
23415,390,445
23416,390,446
23417,390,447
23418,390,448
23419,390,449
23420,390,450
23421,390,451
23422,390,452
23423,390,453
23424,390,454
23425,390,455
23426,390,456
23427,390,457
23428,390,458
23429,390,459
23430,390,460
23431,390,461
23432,390,462
23433,390,463
23434,390,464
23435,390,465
23436,390,466
23437,390,467
23438,390,468
23439,390,469
23440,390,470
23441,390,471
23442,390,472
23443,390,473
23444,390,474
23445,390,475
23446,390,476
23447,390,477
23448,390,478
23449,390,479
23450,390,480
23451,390,481
23452,390,482
23453,390,483
23454,390,484
23455,390,485
23456,390,486
23457,390,487
23458,390,488
23459,390,489
23460,390,490
23461,390,491
23462,390,492
23463,390,493
23464,390,494
23465,390,495
23466,390,496
23467,390,497
23468,390,498
23469,390,499
23470,390,500
23471,390,501
23472,390,502
23473,390,503
23474,390,504
23475,390,505
23476,390,506
23477,390,507
23478,390,508
23479,390,509
23480,390,510
23481,390,511
23482,390,512
23483,390,513
23484,390,514
23485,390,515
23486,390,516
23487,390,517
23488,390,518
23489,390,519
23490,390,520
23491,390,521
23492,390,522
23493,390,523
23494,390,524
23495,390,525
23496,390,526
23497,391,363
23498,391,364
23499,391,365
23500,391,366
23501,391,367
23502,391,368
23503,391,369
23504,391,370
23505,391,371
23506,391,372
23507,391,373
23508,391,374
23509,391,375
23510,391,376
23511,391,377
23512,391,378
23513,391,379
23514,391,380
23515,391,381
23516,391,382
23517,391,383
23518,391,384
23519,391,385
23520,391,386
23521,391,387
23522,391,388
23523,391,389
23524,391,390
23525,391,391
23526,391,392
23527,391,393
23528,391,394
23529,391,395
23530,391,396
23531,391,397
23532,391,398
23533,391,399
23534,391,400
23535,391,401
23536,391,402
23537,391,403
23538,391,404
23539,391,405
23540,391,406
23541,391,407
23542,391,408
23543,391,409
23544,391,410
23545,391,411
23546,391,412
23547,391,413
23548,391,414
23549,391,415
23550,391,416
23551,391,417
23552,391,418
23553,391,419
23554,391,420
23555,391,421
23556,391,422
23557,391,423
23558,391,424
23559,391,425
23560,391,426
23561,391,427
23562,391,428
23563,391,429
23564,391,430
23565,391,431
23566,391,432
23567,391,433
23568,391,434
23569,391,435
23570,391,436
23571,391,437
23572,391,438
23573,391,439
23574,391,440
23575,391,441
23576,391,442
23577,391,443
23578,391,444
23579,391,445
23580,391,446
23581,391,447
23582,391,448
23583,391,449
23584,391,450
23585,391,451
23586,391,452
23587,391,453
23588,391,454
23589,391,455
23590,391,456
23591,391,457
23592,391,458
23593,391,459
23594,391,460
23595,391,461
23596,391,462
23597,391,463
23598,391,464
23599,391,465
23600,391,466
23601,391,467
23602,391,468
23603,391,469
23604,391,470
23605,391,471
23606,391,472
23607,391,473
23608,391,474
23609,391,475
23610,391,476
23611,391,477
23612,391,478
23613,391,479
23614,391,480
23615,391,481
23616,391,482
23617,391,483
23618,391,484
23619,391,485
23620,391,486
23621,391,487
23622,391,488
23623,391,489
23624,391,490
23625,391,491
23626,391,492
23627,391,493
23628,391,494
23629,391,495
23630,391,496
23631,391,497
23632,391,498
23633,391,499
23634,391,500
23635,391,501
23636,391,502
23637,391,503
23638,391,504
23639,391,505
23640,391,506
23641,391,507
23642,391,508
23643,391,509
23644,391,510
23645,391,511
23646,391,512
23647,391,513
23648,391,514
23649,391,515
23650,391,516
23651,391,517
23652,391,518
23653,391,519
23654,391,520
23655,391,521
23656,391,522
23657,391,523
23658,391,524
23659,391,525
23660,391,526
23661,391,527
23662,392,363
23663,392,364
23664,392,365
23665,392,366
23666,392,367
23667,392,368
23668,392,369
23669,392,370
23670,392,371
23671,392,372
23672,392,373
23673,392,374
23674,392,375
23675,392,376
23676,392,377
23677,392,378
23678,392,379
23679,392,380
23680,392,381
23681,392,382
23682,392,383
23683,392,384
23684,392,385
23685,392,386
23686,392,387
23687,392,388
23688,392,389
23689,392,390
23690,392,391
23691,392,392
23692,392,393
23693,392,394
23694,392,395
23695,392,396
23696,392,397
23697,392,398
23698,392,399
23699,392,400
23700,392,401
23701,392,402
23702,392,403
23703,392,404
23704,392,405
23705,392,406
23706,392,407
23707,392,408
23708,392,409
23709,392,410
23710,392,411
23711,392,412
23712,392,413
23713,392,414
23714,392,415
23715,392,416
23716,392,417
23717,392,418
23718,392,419
23719,392,420
23720,392,421
23721,392,422
23722,392,423
23723,392,424
23724,392,425
23725,392,426
23726,392,427
23727,392,428
23728,392,429
23729,392,430
23730,392,431
23731,392,432
23732,392,433
23733,392,434
23734,392,435
23735,392,436
23736,392,437
23737,392,438
23738,392,439
23739,392,440
23740,392,441
23741,392,442
23742,392,443
23743,392,444
23744,392,445
23745,392,446
23746,392,447
23747,392,448
23748,392,449
23749,392,450
23750,392,451
23751,392,452
23752,392,453
23753,392,454
23754,392,455
23755,392,456
23756,392,457
23757,392,458
23758,392,459
23759,392,460
23760,392,461
23761,392,462
23762,392,463
23763,392,464
23764,392,465
23765,392,466
23766,392,467
23767,392,468
23768,392,469
23769,392,470
23770,392,471
23771,392,472
23772,392,473
23773,392,474
23774,392,475
23775,392,476
23776,392,477
23777,392,478
23778,392,479
23779,392,480
23780,392,481
23781,392,482
23782,392,483
23783,392,484
23784,392,485
23785,392,486
23786,392,487
23787,392,488
23788,392,489
23789,392,490
23790,392,491
23791,392,492
23792,392,493
23793,392,494
23794,392,495
23795,392,496
23796,392,497
23797,392,498
23798,392,499
23799,392,500
23800,392,501
23801,392,502
23802,392,503
23803,392,504
23804,392,505
23805,392,506
23806,392,507
23807,392,508
23808,392,509
23809,392,510
23810,392,511
23811,392,512
23812,392,513
23813,392,514
23814,392,515
23815,392,516
23816,392,517
23817,392,518
23818,392,519
23819,392,520
23820,392,521
23821,392,522
23822,392,523
23823,392,524
23824,392,525
23825,392,526
23826,392,527
23827,392,528
23828,393,363
23829,393,364
23830,393,365
23831,393,366
23832,393,367
23833,393,368
23834,393,369
23835,393,370
23836,393,371
23837,393,372
23838,393,373
23839,393,374
23840,393,375
23841,393,376
23842,393,377
23843,393,378
23844,393,379
23845,393,380
23846,393,381
23847,393,382
23848,393,383
23849,393,384
23850,393,385
23851,393,386
23852,393,387
23853,393,388
23854,393,389
23855,393,390
23856,393,391
23857,393,392
23858,393,393
23859,393,394
23860,393,395
23861,393,396
23862,393,397
23863,393,398
23864,393,399
23865,393,400
23866,393,401
23867,393,402
23868,393,403
23869,393,404
23870,393,405
23871,393,406
23872,393,407
23873,393,408
23874,393,409
23875,393,410
23876,393,411
23877,393,412
23878,393,413
23879,393,414
23880,393,415
23881,393,416
23882,393,417
23883,393,418
23884,393,419
23885,393,420
23886,393,421
23887,393,422
23888,393,423
23889,393,424
23890,393,425
23891,393,426
23892,393,427
23893,393,428
23894,393,429
23895,393,430
23896,393,431
23897,393,432
23898,393,433
23899,393,434
23900,393,435
23901,393,436
23902,393,437
23903,393,438
23904,393,439
23905,393,440
23906,393,441
23907,393,442
23908,393,443
23909,393,444
23910,393,445
23911,393,446
23912,393,447
23913,393,448
23914,393,449
23915,393,450
23916,393,451
23917,393,452
23918,393,453
23919,393,454
23920,393,455
23921,393,456
23922,393,457
23923,393,458
23924,393,459
23925,393,460
23926,393,461
23927,393,462
23928,393,463
23929,393,464
23930,393,465
23931,393,466
23932,393,467
23933,393,468
23934,393,469
23935,393,470
23936,393,471
23937,393,472
23938,393,473
23939,393,474
23940,393,475
23941,393,476
23942,393,477
23943,393,478
23944,393,479
23945,393,480
23946,393,481
23947,393,482
23948,393,483
23949,393,484
23950,393,485
23951,393,486
23952,393,487
23953,393,488
23954,393,489
23955,393,490
23956,393,491
23957,393,492
23958,393,493
23959,393,494
23960,393,495
23961,393,496
23962,393,497
23963,393,498
23964,393,499
23965,393,500
23966,393,501
23967,393,502
23968,393,503
23969,393,504
23970,393,505
23971,393,506
23972,393,507
23973,393,508
23974,393,509
23975,393,510
23976,393,511
23977,393,512
23978,393,513
23979,393,514
23980,393,515
23981,393,516
23982,393,517
23983,393,518
23984,393,519
23985,393,520
23986,393,521
23987,393,522
23988,393,523
23989,393,524
23990,393,525
23991,393,526
23992,393,527
23993,393,528
23994,393,529
23995,394,364
23996,394,365
23997,394,366
23998,394,367
23999,394,368
24000,394,369
24001,394,370
24002,394,371
24003,394,372
24004,394,373
24005,394,374
24006,394,375
24007,394,376
24008,394,377
24009,394,378
24010,394,379
24011,394,380
24012,394,381
24013,394,382
24014,394,383
24015,394,384
24016,394,385
24017,394,386
24018,394,387
24019,394,388
24020,394,389
24021,394,390
24022,394,391
24023,394,392
24024,394,393
24025,394,394
24026,394,395
24027,394,396
24028,394,397
24029,394,398
24030,394,399
24031,394,400
24032,394,401
24033,394,402
24034,394,403
24035,394,404
24036,394,405
24037,394,406
24038,394,407
24039,394,408
24040,394,409
24041,394,410
24042,394,411
24043,394,412
24044,394,413
24045,394,414
24046,394,415
24047,394,416
24048,394,417
24049,394,418
24050,394,419
24051,394,420
24052,394,421
24053,394,422
24054,394,423
24055,394,424
24056,394,425
24057,394,426
24058,394,427
24059,394,428
24060,394,429
24061,394,430
24062,394,431
24063,394,432
24064,394,433
24065,394,434
24066,394,435
24067,394,436
24068,394,437
24069,394,438
24070,394,439
24071,394,440
24072,394,441
24073,394,442
24074,394,443
24075,394,444
24076,394,445
24077,394,446
24078,394,447
24079,394,448
24080,394,449
24081,394,450
24082,394,451
24083,394,452
24084,394,453
24085,394,454
24086,394,455
24087,394,456
24088,394,457
24089,394,458
24090,394,459
24091,394,460
24092,394,461
24093,394,462
24094,394,463
24095,394,464
24096,394,465
24097,394,466
24098,394,467
24099,394,468
24100,394,469
24101,394,470
24102,394,471
24103,394,472
24104,394,473
24105,394,474
24106,394,475
24107,394,476
24108,394,477
24109,394,478
24110,394,479
24111,394,480
24112,394,481
24113,394,482
24114,394,483
24115,394,484
24116,394,485
24117,394,486
24118,394,487
24119,394,488
24120,394,489
24121,394,490
24122,394,491
24123,394,492
24124,394,493
24125,394,494
24126,394,495
24127,394,496
24128,394,497
24129,394,498
24130,394,499
24131,394,500
24132,394,501
24133,394,502
24134,394,503
24135,394,504
24136,394,505
24137,394,506
24138,394,507
24139,394,508
24140,394,509
24141,394,510
24142,394,511
24143,394,512
24144,394,513
24145,394,514
24146,394,515
24147,394,516
24148,394,517
24149,394,518
24150,394,519
24151,394,520
24152,394,521
24153,394,522
24154,394,523
24155,394,524
24156,394,525
24157,394,526
24158,394,527
24159,394,528
24160,394,529
24161,395,364
24162,395,365
24163,395,366
24164,395,367
24165,395,368
24166,395,369
24167,395,370
24168,395,371
24169,395,372
24170,395,373
24171,395,374
24172,395,375
24173,395,376
24174,395,377
24175,395,378
24176,395,379
24177,395,380
24178,395,381
24179,395,382
24180,395,383
24181,395,384
24182,395,385
24183,395,386
24184,395,387
24185,395,388
24186,395,389
24187,395,390
24188,395,391
24189,395,392
24190,395,393
24191,395,394
24192,395,395
24193,395,396
24194,395,397
24195,395,398
24196,395,399
24197,395,400
24198,395,401
24199,395,402
24200,395,403
24201,395,404
24202,395,405
24203,395,406
24204,395,407
24205,395,408
24206,395,409
24207,395,410
24208,395,411
24209,395,412
24210,395,413
24211,395,414
24212,395,415
24213,395,416
24214,395,417
24215,395,418
24216,395,419
24217,395,420
24218,395,421
24219,395,422
24220,395,423
24221,395,424
24222,395,425
24223,395,426
24224,395,427
24225,395,428
24226,395,429
24227,395,430
24228,395,431
24229,395,432
24230,395,433
24231,395,434
24232,395,435
24233,395,436
24234,395,437
24235,395,438
24236,395,439
24237,395,440
24238,395,441
24239,395,442
24240,395,443
24241,395,444
24242,395,445
24243,395,446
24244,395,447
24245,395,448
24246,395,449
24247,395,450
24248,395,451
24249,395,452
24250,395,453
24251,395,454
24252,395,455
24253,395,456
24254,395,457
24255,395,458
24256,395,459
24257,395,460
24258,395,461
24259,395,462
24260,395,463
24261,395,464
24262,395,465
24263,395,466
24264,395,467
24265,395,468
24266,395,469
24267,395,470
24268,395,471
24269,395,472
24270,395,473
24271,395,474
24272,395,475
24273,395,476
24274,395,477
24275,395,478
24276,395,479
24277,395,480
24278,395,481
24279,395,482
24280,395,483
24281,395,484
24282,395,485
24283,395,486
24284,395,487
24285,395,488
24286,395,489
24287,395,490
24288,395,491
24289,395,492
24290,395,493
24291,395,494
24292,395,495
24293,395,496
24294,395,497
24295,395,498
24296,395,499
24297,395,500
24298,395,501
24299,395,502
24300,395,503
24301,395,504
24302,395,505
24303,395,506
24304,395,507
24305,395,508
24306,395,509
24307,395,510
24308,395,511
24309,395,512
24310,395,513
24311,395,514
24312,395,515
24313,395,516
24314,395,517
24315,395,518
24316,395,519
24317,395,520
24318,395,521
24319,395,522
24320,395,523
24321,395,524
24322,395,525
24323,395,526
24324,395,527
24325,395,528
24326,395,529
24327,395,530
24328,396,364
24329,396,365
24330,396,366
24331,396,367
24332,396,368
24333,396,369
24334,396,370
24335,396,371
24336,396,372
24337,396,373
24338,396,374
24339,396,375
24340,396,376
24341,396,377
24342,396,378
24343,396,379
24344,396,380
24345,396,381
24346,396,382
24347,396,383
24348,396,384
24349,396,385
24350,396,386
24351,396,387
24352,396,388
24353,396,389
24354,396,390
24355,396,391
24356,396,392
24357,396,393
24358,396,394
24359,396,395
24360,396,396
24361,396,397
24362,396,398
24363,396,399
24364,396,400
24365,396,401
24366,396,402
24367,396,403
24368,396,404
24369,396,405
24370,396,406
24371,396,407
24372,396,408
24373,396,409
24374,396,410
24375,396,411
24376,396,412
24377,396,413
24378,396,414
24379,396,415
24380,396,416
24381,396,417
24382,396,418
24383,396,419
24384,396,420
24385,396,421
24386,396,422
24387,396,423
24388,396,424
24389,396,425
24390,396,426
24391,396,427
24392,396,428
24393,396,429
24394,396,430
24395,396,431
24396,396,432
24397,396,433
24398,396,434
24399,396,435
24400,396,436
24401,396,437
24402,396,438
24403,396,439
24404,396,440
24405,396,441
24406,396,442
24407,396,443
24408,396,444
24409,396,445
24410,396,446
24411,396,447
24412,396,448
24413,396,449
24414,396,450
24415,396,451
24416,396,452
24417,396,453
24418,396,454
24419,396,455
24420,396,456
24421,396,457
24422,396,458
24423,396,459
24424,396,460
24425,396,461
24426,396,462
24427,396,463
24428,396,464
24429,396,465
24430,396,466
24431,396,467
24432,396,468
24433,396,469
24434,396,470
24435,396,471
24436,396,472
24437,396,473
24438,396,474
24439,396,475
24440,396,476
24441,396,477
24442,396,478
24443,396,479
24444,396,480
24445,396,481
24446,396,482
24447,396,483
24448,396,484
24449,396,485
24450,396,486
24451,396,487
24452,396,488
24453,396,489
24454,396,490
24455,396,491
24456,396,492
24457,396,493
24458,396,494
24459,396,495
24460,396,496
24461,396,497
24462,396,498
24463,396,499
24464,396,500
24465,396,501
24466,396,502
24467,396,503
24468,396,504
24469,396,505
24470,396,506
24471,396,507
24472,396,508
24473,396,509
24474,396,510
24475,396,511
24476,396,512
24477,396,513
24478,396,514
24479,396,515
24480,396,516
24481,396,517
24482,396,518
24483,396,519
24484,396,520
24485,396,521
24486,396,522
24487,396,523
24488,396,524
24489,396,525
24490,396,526
24491,396,527
24492,396,528
24493,396,529
24494,396,530
24495,396,531
24496,397,365
24497,397,366
24498,397,367
24499,397,368
24500,397,369
24501,397,370
24502,397,371
24503,397,372
24504,397,373
24505,397,374
24506,397,375
24507,397,376
24508,397,377
24509,397,378
24510,397,379
24511,397,380
24512,397,381
24513,397,382
24514,397,383
24515,397,384
24516,397,385
24517,397,386
24518,397,387
24519,397,388
24520,397,389
24521,397,390
24522,397,391
24523,397,392
24524,397,393
24525,397,394
24526,397,395
24527,397,396
24528,397,397
24529,397,398
24530,397,399
24531,397,400
24532,397,401
24533,397,402
24534,397,403
24535,397,404
24536,397,405
24537,397,406
24538,397,407
24539,397,408
24540,397,409
24541,397,410
24542,397,411
24543,397,412
24544,397,413
24545,397,414
24546,397,415
24547,397,416
24548,397,417
24549,397,418
24550,397,419
24551,397,420
24552,397,421
24553,397,422
24554,397,423
24555,397,424
24556,397,425
24557,397,426
24558,397,427
24559,397,428
24560,397,429
24561,397,430
24562,397,431
24563,397,432
24564,397,433
24565,397,434
24566,397,435
24567,397,436
24568,397,437
24569,397,438
24570,397,439
24571,397,440
24572,397,441
24573,397,442
24574,397,443
24575,397,444
24576,397,445
24577,397,446
24578,397,447
24579,397,448
24580,397,449
24581,397,450
24582,397,451
24583,397,452
24584,397,453
24585,397,454
24586,397,455
24587,397,456
24588,397,457
24589,397,458
24590,397,459
24591,397,460
24592,397,461
24593,397,462
24594,397,463
24595,397,464
24596,397,465
24597,397,466
24598,397,467
24599,397,468
24600,397,469
24601,397,470
24602,397,471
24603,397,472
24604,397,473
24605,397,474
24606,397,475
24607,397,476
24608,397,477
24609,397,478
24610,397,479
24611,397,480
24612,397,481
24613,397,482
24614,397,483
24615,397,484
24616,397,485
24617,397,486
24618,397,487
24619,397,488
24620,397,489
24621,397,490
24622,397,491
24623,397,492
24624,397,493
24625,397,494
24626,397,495
24627,397,496
24628,397,497
24629,397,498
24630,397,499
24631,397,500
24632,397,501
24633,397,502
24634,397,503
24635,397,504
24636,397,505
24637,397,506
24638,397,507
24639,397,508
24640,397,509
24641,397,510
24642,397,511
24643,397,512
24644,397,513
24645,397,514
24646,397,515
24647,397,516
24648,397,517
24649,397,518
24650,397,519
24651,397,520
24652,397,521
24653,397,522
24654,397,523
24655,397,524
24656,397,525
24657,397,526
24658,397,527
24659,397,528
24660,397,529
24661,397,530
24662,397,531
24663,398,365
24664,398,366
24665,398,367
24666,398,368
24667,398,369
24668,398,370
24669,398,371
24670,398,372
24671,398,373
24672,398,374
24673,398,375
24674,398,376
24675,398,377
24676,398,378
24677,398,379
24678,398,380
24679,398,381
24680,398,382
24681,398,383
24682,398,384
24683,398,385
24684,398,386
24685,398,387
24686,398,388
24687,398,389
24688,398,390
24689,398,391
24690,398,392
24691,398,393
24692,398,394
24693,398,395
24694,398,396
24695,398,397
24696,398,398
24697,398,399
24698,398,400
24699,398,401
24700,398,402
24701,398,403
24702,398,404
24703,398,405
24704,398,406
24705,398,407
24706,398,408
24707,398,409
24708,398,410
24709,398,411
24710,398,412
24711,398,413
24712,398,414
24713,398,415
24714,398,416
24715,398,417
24716,398,418
24717,398,419
24718,398,420
24719,398,421
24720,398,422
24721,398,423
24722,398,424
24723,398,425
24724,398,426
24725,398,427
24726,398,428
24727,398,429
24728,398,430
24729,398,431
24730,398,432
24731,398,433
24732,398,434
24733,398,435
24734,398,436
24735,398,437
24736,398,438
24737,398,439
24738,398,440
24739,398,441
24740,398,442
24741,398,443
24742,398,444
24743,398,445
24744,398,446
24745,398,447
24746,398,448
24747,398,449
24748,398,450
24749,398,451
24750,398,452
24751,398,453
24752,398,454
24753,398,455
24754,398,456
24755,398,457
24756,398,458
24757,398,459
24758,398,460
24759,398,461
24760,398,462
24761,398,463
24762,398,464
24763,398,465
24764,398,466
24765,398,467
24766,398,468
24767,398,469
24768,398,470
24769,398,471
24770,398,472
24771,398,473
24772,398,474
24773,398,475
24774,398,476
24775,398,477
24776,398,478
24777,398,479
24778,398,480
24779,398,481
24780,398,482
24781,398,483
24782,398,484
24783,398,485
24784,398,486
24785,398,487
24786,398,488
24787,398,489
24788,398,490
24789,398,491
24790,398,492
24791,398,493
24792,398,494
24793,398,495
24794,398,496
24795,398,497
24796,398,498
24797,398,499
24798,398,500
24799,398,501
24800,398,502
24801,398,503
24802,398,504
24803,398,505
24804,398,506
24805,398,507
24806,398,508
24807,398,509
24808,398,510
24809,398,511
24810,398,512
24811,398,513
24812,398,514
24813,398,515
24814,398,516
24815,398,517
24816,398,518
24817,398,519
24818,398,520
24819,398,521
24820,398,522
24821,398,523
24822,398,524
24823,398,525
24824,398,526
24825,398,527
24826,398,528
24827,398,529
24828,398,530
24829,398,531
24830,398,532
24831,399,365
24832,399,366
24833,399,367
24834,399,368
24835,399,369
24836,399,370
24837,399,371
24838,399,372
24839,399,373
24840,399,374
24841,399,375
24842,399,376
24843,399,377
24844,399,378
24845,399,379
24846,399,380
24847,399,381
24848,399,382
24849,399,383
24850,399,384
24851,399,385
24852,399,386
24853,399,387
24854,399,388
24855,399,389
24856,399,390
24857,399,391
24858,399,392
24859,399,393
24860,399,394
24861,399,395
24862,399,396
24863,399,397
24864,399,398
24865,399,399
24866,399,400
24867,399,401
24868,399,402
24869,399,403
24870,399,404
24871,399,405
24872,399,406
24873,399,407
24874,399,408
24875,399,409
24876,399,410
24877,399,411
24878,399,412
24879,399,413
24880,399,414
24881,399,415
24882,399,416
24883,399,417
24884,399,418
24885,399,419
24886,399,420
24887,399,421
24888,399,422
24889,399,423
24890,399,424
24891,399,425
24892,399,426
24893,399,427
24894,399,428
24895,399,429
24896,399,430
24897,399,431
24898,399,432
24899,399,433
24900,399,434
24901,399,435
24902,399,436
24903,399,437
24904,399,438
24905,399,439
24906,399,440
24907,399,441
24908,399,442
24909,399,443
24910,399,444
24911,399,445
24912,399,446
24913,399,447
24914,399,448
24915,399,449
24916,399,450
24917,399,451
24918,399,452
24919,399,453
24920,399,454
24921,399,455
24922,399,456
24923,399,457
24924,399,458
24925,399,459
24926,399,460
24927,399,461
24928,399,462
24929,399,463
24930,399,464
24931,399,465
24932,399,466
24933,399,467
24934,399,468
24935,399,469
24936,399,470
24937,399,471
24938,399,472
24939,399,473
24940,399,474
24941,399,475
24942,399,476
24943,399,477
24944,399,478
24945,399,479
24946,399,480
24947,399,481
24948,399,482
24949,399,483
24950,399,484
24951,399,485
24952,399,486
24953,399,487
24954,399,488
24955,399,489
24956,399,490
24957,399,491
24958,399,492
24959,399,493
24960,399,494
24961,399,495
24962,399,496
24963,399,497
24964,399,498
24965,399,499
24966,399,500
24967,399,501
24968,399,502
24969,399,503
24970,399,504
24971,399,505
24972,399,506
24973,399,507
24974,399,508
24975,399,509
24976,399,510
24977,399,511
24978,399,512
24979,399,513
24980,399,514
24981,399,515
24982,399,516
24983,399,517
24984,399,518
24985,399,519
24986,399,520
24987,399,521
24988,399,522
24989,399,523
24990,399,524
24991,399,525
24992,399,526
24993,399,527
24994,399,528
24995,399,529
24996,399,530
24997,399,531
24998,399,532
24999,399,533
25000,400,366
25001,400,367
25002,400,368
25003,400,369
25004,400,370
25005,400,371
25006,400,372
25007,400,373
25008,400,374
25009,400,375
25010,400,376
25011,400,377
25012,400,378
25013,400,379
25014,400,380
25015,400,381
25016,400,382
25017,400,383
25018,400,384
25019,400,385
25020,400,386
25021,400,387
25022,400,388
25023,400,389
25024,400,390
25025,400,391
25026,400,392
25027,400,393
25028,400,394
25029,400,395
25030,400,396
25031,400,397
25032,400,398
25033,400,399
25034,400,400
25035,400,401
25036,400,402
25037,400,403
25038,400,404
25039,400,405
25040,400,406
25041,400,407
25042,400,408
25043,400,409
25044,400,410
25045,400,411
25046,400,412
25047,400,413
25048,400,414
25049,400,415
25050,400,416
25051,400,417
25052,400,418
25053,400,419
25054,400,420
25055,400,421
25056,400,422
25057,400,423
25058,400,424
25059,400,425
25060,400,426
25061,400,427
25062,400,428
25063,400,429
25064,400,430
25065,400,431
25066,400,432
25067,400,433
25068,400,434
25069,400,435
25070,400,436
25071,400,437
25072,400,438
25073,400,439
25074,400,440
25075,400,441
25076,400,442
25077,400,443
25078,400,444
25079,400,445
25080,400,446
25081,400,447
25082,400,448
25083,400,449
25084,400,450
25085,400,451
25086,400,452
25087,400,453
25088,400,454
25089,400,455
25090,400,456
25091,400,457
25092,400,458
25093,400,459
25094,400,460
25095,400,461
25096,400,462
25097,400,463
25098,400,464
25099,400,465
25100,400,466
25101,400,467
25102,400,468
25103,400,469
25104,400,470
25105,400,471
25106,400,472
25107,400,473
25108,400,474
25109,400,475
25110,400,476
25111,400,477
25112,400,478
25113,400,479
25114,400,480
25115,400,481
25116,400,482
25117,400,483
25118,400,484
25119,400,485
25120,400,486
25121,400,487
25122,400,488
25123,400,489
25124,400,490
25125,400,491
25126,400,492
25127,400,493
25128,400,494
25129,400,495
25130,400,496
25131,400,497
25132,400,498
25133,400,499
25134,400,500
25135,400,501
25136,400,502
25137,400,503
25138,400,504
25139,400,505
25140,400,506
25141,400,507
25142,400,508
25143,400,509
25144,400,510
25145,400,511
25146,400,512
25147,400,513
25148,400,514
25149,400,515
25150,400,516
25151,400,517
25152,400,518
25153,400,519
25154,400,520
25155,400,521
25156,400,522
25157,400,523
25158,400,524
25159,400,525
25160,400,526
25161,400,527
25162,400,528
25163,400,529
25164,400,530
25165,400,531
25166,400,532
25167,400,533
25168,400,534
25169,401,366
25170,401,367
25171,401,368
25172,401,369
25173,401,370
25174,401,371
25175,401,372
25176,401,373
25177,401,374
25178,401,375
25179,401,376
25180,401,377
25181,401,378
25182,401,379
25183,401,380
25184,401,381
25185,401,382
25186,401,383
25187,401,384
25188,401,385
25189,401,386
25190,401,387
25191,401,388
25192,401,389
25193,401,390
25194,401,391
25195,401,392
25196,401,393
25197,401,394
25198,401,395
25199,401,396
25200,401,397
25201,401,398
25202,401,399
25203,401,400
25204,401,401
25205,401,402
25206,401,403
25207,401,404
25208,401,405
25209,401,406
25210,401,407
25211,401,408
25212,401,409
25213,401,410
25214,401,411
25215,401,412
25216,401,413
25217,401,414
25218,401,415
25219,401,416
25220,401,417
25221,401,418
25222,401,419
25223,401,420
25224,401,421
25225,401,422
25226,401,423
25227,401,424
25228,401,425
25229,401,426
25230,401,427
25231,401,428
25232,401,429
25233,401,430
25234,401,431
25235,401,432
25236,401,433
25237,401,434
25238,401,435
25239,401,436
25240,401,437
25241,401,438
25242,401,439
25243,401,440
25244,401,441
25245,401,442
25246,401,443
25247,401,444
25248,401,445
25249,401,446
25250,401,447
25251,401,448
25252,401,449
25253,401,450
25254,401,451
25255,401,452
25256,401,453
25257,401,454
25258,401,455
25259,401,456
25260,401,457
25261,401,458
25262,401,459
25263,401,460
25264,401,461
25265,401,462
25266,401,463
25267,401,464
25268,401,465
25269,401,466
25270,401,467
25271,401,468
25272,401,469
25273,401,470
25274,401,471
25275,401,472
25276,401,473
25277,401,474
25278,401,475
25279,401,476
25280,401,477
25281,401,478
25282,401,479
25283,401,480
25284,401,481
25285,401,482
25286,401,483
25287,401,484
25288,401,485
25289,401,486
25290,401,487
25291,401,488
25292,401,489
25293,401,490
25294,401,491
25295,401,492
25296,401,493
25297,401,494
25298,401,495
25299,401,496
25300,401,497
25301,401,498
25302,401,499
25303,401,500
25304,401,501
25305,401,502
25306,401,503
25307,401,504
25308,401,505
25309,401,506
25310,401,507
25311,401,508
25312,401,509
25313,401,510
25314,401,511
25315,401,512
25316,401,513
25317,401,514
25318,401,515
25319,401,516
25320,401,517
25321,401,518
25322,401,519
25323,401,520
25324,401,521
25325,401,522
25326,401,523
25327,401,524
25328,401,525
25329,401,526
25330,401,527
25331,401,528
25332,401,529
25333,401,530
25334,401,531
25335,401,532
25336,401,533
25337,401,534
25338,402,366
25339,402,367
25340,402,368
25341,402,369
25342,402,370
25343,402,371
25344,402,372
25345,402,373
25346,402,374
25347,402,375
25348,402,376
25349,402,377
25350,402,378
25351,402,379
25352,402,380
25353,402,381
25354,402,382
25355,402,383
25356,402,384
25357,402,385
25358,402,386
25359,402,387
25360,402,388
25361,402,389
25362,402,390
25363,402,391
25364,402,392
25365,402,393
25366,402,394
25367,402,395
25368,402,396
25369,402,397
25370,402,398
25371,402,399
25372,402,400
25373,402,401
25374,402,402
25375,402,403
25376,402,404
25377,402,405
25378,402,406
25379,402,407
25380,402,408
25381,402,409
25382,402,410
25383,402,411
25384,402,412
25385,402,413
25386,402,414
25387,402,415
25388,402,416
25389,402,417
25390,402,418
25391,402,419
25392,402,420
25393,402,421
25394,402,422
25395,402,423
25396,402,424
25397,402,425
25398,402,426
25399,402,427
25400,402,428
25401,402,429
25402,402,430
25403,402,431
25404,402,432
25405,402,433
25406,402,434
25407,402,435
25408,402,436
25409,402,437
25410,402,438
25411,402,439
25412,402,440
25413,402,441
25414,402,442
25415,402,443
25416,402,444
25417,402,445
25418,402,446
25419,402,447
25420,402,448
25421,402,449
25422,402,450
25423,402,451
25424,402,452
25425,402,453
25426,402,454
25427,402,455
25428,402,456
25429,402,457
25430,402,458
25431,402,459
25432,402,460
25433,402,461
25434,402,462
25435,402,463
25436,402,464
25437,402,465
25438,402,466
25439,402,467
25440,402,468
25441,402,469
25442,402,470
25443,402,471
25444,402,472
25445,402,473
25446,402,474
25447,402,475
25448,402,476
25449,402,477
25450,402,478
25451,402,479
25452,402,480
25453,402,481
25454,402,482
25455,402,483
25456,402,484
25457,402,485
25458,402,486
25459,402,487
25460,402,488
25461,402,489
25462,402,490
25463,402,491
25464,402,492
25465,402,493
25466,402,494
25467,402,495
25468,402,496
25469,402,497
25470,402,498
25471,402,499
25472,402,500
25473,402,501
25474,402,502
25475,402,503
25476,402,504
25477,402,505
25478,402,506
25479,402,507
25480,402,508
25481,402,509
25482,402,510
25483,402,511
25484,402,512
25485,402,513
25486,402,514
25487,402,515
25488,402,516
25489,402,517
25490,402,518
25491,402,519
25492,402,520
25493,402,521
25494,402,522
25495,402,523
25496,402,524
25497,402,525
25498,402,526
25499,402,527
25500,402,528
25501,402,529
25502,402,530
25503,402,531
25504,402,532
25505,402,533
25506,402,534
25507,402,535
25508,403,366
25509,403,367
25510,403,368
25511,403,369
25512,403,370
25513,403,371
25514,403,372
25515,403,373
25516,403,374
25517,403,375
25518,403,376
25519,403,377
25520,403,378
25521,403,379
25522,403,380
25523,403,381
25524,403,382
25525,403,383
25526,403,384
25527,403,385
25528,403,386
25529,403,387
25530,403,388
25531,403,389
25532,403,390
25533,403,391
25534,403,392
25535,403,393
25536,403,394
25537,403,395
25538,403,396
25539,403,397
25540,403,398
25541,403,399
25542,403,400
25543,403,401
25544,403,402
25545,403,403
25546,403,404
25547,403,405
25548,403,406
25549,403,407
25550,403,408
25551,403,409
25552,403,410
25553,403,411
25554,403,412
25555,403,413
25556,403,414
25557,403,415
25558,403,416
25559,403,417
25560,403,418
25561,403,419
25562,403,420
25563,403,421
25564,403,422
25565,403,423
25566,403,424
25567,403,425
25568,403,426
25569,403,427
25570,403,428
25571,403,429
25572,403,430
25573,403,431
25574,403,432
25575,403,433
25576,403,434
25577,403,435
25578,403,436
25579,403,437
25580,403,438
25581,403,439
25582,403,440
25583,403,441
25584,403,442
25585,403,443
25586,403,444
25587,403,445
25588,403,446
25589,403,447
25590,403,448
25591,403,449
25592,403,450
25593,403,451
25594,403,452
25595,403,453
25596,403,454
25597,403,455
25598,403,456
25599,403,457
25600,403,458
25601,403,459
25602,403,460
25603,403,461
25604,403,462
25605,403,463
25606,403,464
25607,403,465
25608,403,466
25609,403,467
25610,403,468
25611,403,469
25612,403,470
25613,403,471
25614,403,472
25615,403,473
25616,403,474
25617,403,475
25618,403,476
25619,403,477
25620,403,478
25621,403,479
25622,403,480
25623,403,481
25624,403,482
25625,403,483
25626,403,484
25627,403,485
25628,403,486
25629,403,487
25630,403,488
25631,403,489
25632,403,490
25633,403,491
25634,403,492
25635,403,493
25636,403,494
25637,403,495
25638,403,496
25639,403,497
25640,403,498
25641,403,499
25642,403,500
25643,403,501
25644,403,502
25645,403,503
25646,403,504
25647,403,505
25648,403,506
25649,403,507
25650,403,508
25651,403,509
25652,403,510
25653,403,511
25654,403,512
25655,403,513
25656,403,514
25657,403,515
25658,403,516
25659,403,517
25660,403,518
25661,403,519
25662,403,520
25663,403,521
25664,403,522
25665,403,523
25666,403,524
25667,403,525
25668,403,526
25669,403,527
25670,403,528
25671,403,529
25672,403,530
25673,403,531
25674,403,532
25675,403,533
25676,403,534
25677,403,535
25678,404,367
25679,404,368
25680,404,369
25681,404,370
25682,404,371
25683,404,372
25684,404,373
25685,404,374
25686,404,375
25687,404,376
25688,404,377
25689,404,378
25690,404,379
25691,404,380
25692,404,381
25693,404,382
25694,404,383
25695,404,384
25696,404,385
25697,404,386
25698,404,387
25699,404,388
25700,404,389
25701,404,390
25702,404,391
25703,404,392
25704,404,393
25705,404,394
25706,404,395
25707,404,396
25708,404,397
25709,404,398
25710,404,399
25711,404,400
25712,404,401
25713,404,402
25714,404,403
25715,404,404
25716,404,405
25717,404,406
25718,404,407
25719,404,408
25720,404,409
25721,404,410
25722,404,411
25723,404,412
25724,404,413
25725,404,414
25726,404,415
25727,404,416
25728,404,417
25729,404,418
25730,404,419
25731,404,420
25732,404,421
25733,404,422
25734,404,423
25735,404,424
25736,404,425
25737,404,426
25738,404,427
25739,404,428
25740,404,429
25741,404,430
25742,404,431
25743,404,432
25744,404,433
25745,404,434
25746,404,435
25747,404,436
25748,404,437
25749,404,438
25750,404,439
25751,404,440
25752,404,441
25753,404,442
25754,404,443
25755,404,444
25756,404,445
25757,404,446
25758,404,447
25759,404,448
25760,404,449
25761,404,450
25762,404,451
25763,404,452
25764,404,453
25765,404,454
25766,404,455
25767,404,456
25768,404,457
25769,404,458
25770,404,459
25771,404,460
25772,404,461
25773,404,462
25774,404,463
25775,404,464
25776,404,465
25777,404,466
25778,404,467
25779,404,468
25780,404,469
25781,404,470
25782,404,471
25783,404,472
25784,404,473
25785,404,474
25786,404,475
25787,404,476
25788,404,477
25789,404,478
25790,404,479
25791,404,480
25792,404,481
25793,404,482
25794,404,483
25795,404,484
25796,404,485
25797,404,486
25798,404,487
25799,404,488
25800,404,489
25801,404,490
25802,404,491
25803,404,492
25804,404,493
25805,404,494
25806,404,495
25807,404,496
25808,404,497
25809,404,498
25810,404,499
25811,404,500
25812,404,501
25813,404,502
25814,404,503
25815,404,504
25816,404,505
25817,404,506
25818,404,507
25819,404,508
25820,404,509
25821,404,510
25822,404,511
25823,404,512
25824,404,513
25825,404,514
25826,404,515
25827,404,516
25828,404,517
25829,404,518
25830,404,519
25831,404,520
25832,404,521
25833,404,522
25834,404,523
25835,404,524
25836,404,525
25837,404,526
25838,404,527
25839,404,528
25840,404,529
25841,404,530
25842,404,531
25843,404,532
25844,404,533
25845,404,534
25846,404,535
25847,404,536
25848,404,537
25849,405,367
25850,405,368
25851,405,369
25852,405,370
25853,405,371
25854,405,372
25855,405,373
25856,405,374
25857,405,375
25858,405,376
25859,405,377
25860,405,378
25861,405,379
25862,405,380
25863,405,381
25864,405,382
25865,405,383
25866,405,384
25867,405,385
25868,405,386
25869,405,387
25870,405,388
25871,405,389
25872,405,390
25873,405,391
25874,405,392
25875,405,393
25876,405,394
25877,405,395
25878,405,396
25879,405,397
25880,405,398
25881,405,399
25882,405,400
25883,405,401
25884,405,402
25885,405,403
25886,405,404
25887,405,405
25888,405,406
25889,405,407
25890,405,408
25891,405,409
25892,405,410
25893,405,411
25894,405,412
25895,405,413
25896,405,414
25897,405,415
25898,405,416
25899,405,417
25900,405,418
25901,405,419
25902,405,420
25903,405,421
25904,405,422
25905,405,423
25906,405,424
25907,405,425
25908,405,426
25909,405,427
25910,405,428
25911,405,429
25912,405,430
25913,405,431
25914,405,432
25915,405,433
25916,405,434
25917,405,435
25918,405,436
25919,405,437
25920,405,438
25921,405,439
25922,405,440
25923,405,441
25924,405,442
25925,405,443
25926,405,444
25927,405,445
25928,405,446
25929,405,447
25930,405,448
25931,405,449
25932,405,450
25933,405,451
25934,405,452
25935,405,453
25936,405,454
25937,405,455
25938,405,456
25939,405,457
25940,405,458
25941,405,459
25942,405,460
25943,405,461
25944,405,462
25945,405,463
25946,405,464
25947,405,465
25948,405,466
25949,405,467
25950,405,468
25951,405,469
25952,405,470
25953,405,471
25954,405,472
25955,405,473
25956,405,474
25957,405,475
25958,405,476
25959,405,477
25960,405,478
25961,405,479
25962,405,480
25963,405,481
25964,405,482
25965,405,483
25966,405,484
25967,405,485
25968,405,486
25969,405,487
25970,405,488
25971,405,489
25972,405,490
25973,405,491
25974,405,492
25975,405,493
25976,405,494
25977,405,495
25978,405,496
25979,405,497
25980,405,498
25981,405,499
25982,405,500
25983,405,501
25984,405,502
25985,405,503
25986,405,504
25987,405,505
25988,405,506
25989,405,507
25990,405,508
25991,405,509
25992,405,510
25993,405,511
25994,405,512
25995,405,513
25996,405,514
25997,405,515
25998,405,516
25999,405,517
26000,405,518
26001,405,519
26002,405,520
26003,405,521
26004,405,522
26005,405,523
26006,405,524
26007,405,525
26008,405,526
26009,405,527
26010,405,528
26011,405,529
26012,405,530
26013,405,531
26014,405,532
26015,405,533
26016,405,534
26017,405,535
26018,405,536
26019,405,537
26020,405,538
26021,405,539
26022,406,368
26023,406,369
26024,406,370
26025,406,371
26026,406,372
26027,406,373
26028,406,374
26029,406,375
26030,406,376
26031,406,377
26032,406,378
26033,406,379
26034,406,380
26035,406,381
26036,406,382
26037,406,383
26038,406,384
26039,406,385
26040,406,386
26041,406,387
26042,406,388
26043,406,389
26044,406,390
26045,406,391
26046,406,392
26047,406,393
26048,406,394
26049,406,395
26050,406,396
26051,406,397
26052,406,398
26053,406,399
26054,406,400
26055,406,401
26056,406,402
26057,406,403
26058,406,404
26059,406,405
26060,406,406
26061,406,407
26062,406,408
26063,406,409
26064,406,410
26065,406,411
26066,406,412
26067,406,413
26068,406,414
26069,406,415
26070,406,416
26071,406,417
26072,406,418
26073,406,419
26074,406,420
26075,406,421
26076,406,422
26077,406,423
26078,406,424
26079,406,425
26080,406,426
26081,406,427
26082,406,428
26083,406,429
26084,406,430
26085,406,431
26086,406,432
26087,406,433
26088,406,434
26089,406,435
26090,406,436
26091,406,437
26092,406,438
26093,406,439
26094,406,440
26095,406,441
26096,406,442
26097,406,443
26098,406,444
26099,406,445
26100,406,446
26101,406,447
26102,406,448
26103,406,449
26104,406,450
26105,406,451
26106,406,452
26107,406,453
26108,406,454
26109,406,455
26110,406,456
26111,406,457
26112,406,458
26113,406,459
26114,406,460
26115,406,461
26116,406,462
26117,406,463
26118,406,464
26119,406,465
26120,406,466
26121,406,467
26122,406,468
26123,406,469
26124,406,470
26125,406,471
26126,406,472
26127,406,473
26128,406,474
26129,406,475
26130,406,476
26131,406,477
26132,406,478
26133,406,479
26134,406,480
26135,406,481
26136,406,482
26137,406,483
26138,406,484
26139,406,485
26140,406,486
26141,406,487
26142,406,488
26143,406,489
26144,406,490
26145,406,491
26146,406,492
26147,406,493
26148,406,494
26149,406,495
26150,406,496
26151,406,497
26152,406,498
26153,406,499
26154,406,500
26155,406,501
26156,406,502
26157,406,503
26158,406,504
26159,406,505
26160,406,506
26161,406,507
26162,406,508
26163,406,509
26164,406,510
26165,406,511
26166,406,512
26167,406,513
26168,406,514
26169,406,515
26170,406,516
26171,406,517
26172,406,518
26173,406,519
26174,406,520
26175,406,521
26176,406,522
26177,406,523
26178,406,524
26179,406,525
26180,406,526
26181,406,527
26182,406,528
26183,406,529
26184,406,530
26185,406,531
26186,406,532
26187,406,533
26188,406,534
26189,406,535
26190,406,536
26191,406,537
26192,406,538
26193,406,539
26194,407,368
26195,407,369
26196,407,370
26197,407,371
26198,407,372
26199,407,373
26200,407,374
26201,407,375
26202,407,376
26203,407,377
26204,407,378
26205,407,379
26206,407,380
26207,407,381
26208,407,382
26209,407,383
26210,407,384
26211,407,385
26212,407,386
26213,407,387
26214,407,388
26215,407,389
26216,407,390
26217,407,391
26218,407,392
26219,407,393
26220,407,394
26221,407,395
26222,407,396
26223,407,397
26224,407,398
26225,407,399
26226,407,400
26227,407,401
26228,407,402
26229,407,403
26230,407,404
26231,407,405
26232,407,406
26233,407,407
26234,407,408
26235,407,409
26236,407,410
26237,407,411
26238,407,412
26239,407,413
26240,407,414
26241,407,415
26242,407,416
26243,407,417
26244,407,418
26245,407,419
26246,407,420
26247,407,421
26248,407,422
26249,407,423
26250,407,424
26251,407,425
26252,407,426
26253,407,427
26254,407,428
26255,407,429
26256,407,430
26257,407,431
26258,407,432
26259,407,433
26260,407,434
26261,407,435
26262,407,436
26263,407,437
26264,407,438
26265,407,439
26266,407,440
26267,407,441
26268,407,442
26269,407,443
26270,407,444
26271,407,445
26272,407,446
26273,407,447
26274,407,448
26275,407,449
26276,407,450
26277,407,451
26278,407,452
26279,407,453
26280,407,454
26281,407,455
26282,407,456
26283,407,457
26284,407,458
26285,407,459
26286,407,460
26287,407,461
26288,407,462
26289,407,463
26290,407,464
26291,407,465
26292,407,466
26293,407,467
26294,407,468
26295,407,469
26296,407,470
26297,407,471
26298,407,472
26299,407,473
26300,407,474
26301,407,475
26302,407,476
26303,407,477
26304,407,478
26305,407,479
26306,407,480
26307,407,481
26308,407,482
26309,407,483
26310,407,484
26311,407,485
26312,407,486
26313,407,487
26314,407,488
26315,407,489
26316,407,490
26317,407,491
26318,407,492
26319,407,493
26320,407,494
26321,407,495
26322,407,496
26323,407,497
26324,407,498
26325,407,499
26326,407,500
26327,407,501
26328,407,502
26329,407,503
26330,407,504
26331,407,505
26332,407,506
26333,407,507
26334,407,508
26335,407,509
26336,407,510
26337,407,511
26338,407,512
26339,407,513
26340,407,514
26341,407,515
26342,407,516
26343,407,517
26344,407,518
26345,407,519
26346,407,520
26347,407,521
26348,407,522
26349,407,523
26350,407,524
26351,407,525
26352,407,526
26353,407,527
26354,407,528
26355,407,529
26356,407,530
26357,407,531
26358,407,532
26359,407,533
26360,407,534
26361,407,535
26362,407,536
26363,407,537
26364,407,538
26365,407,539
26366,407,540
26367,408,369
26368,408,370
26369,408,371
26370,408,372
26371,408,373
26372,408,374
26373,408,375
26374,408,376
26375,408,377
26376,408,378
26377,408,379
26378,408,380
26379,408,381
26380,408,382
26381,408,383
26382,408,384
26383,408,385
26384,408,386
26385,408,387
26386,408,388
26387,408,389
26388,408,390
26389,408,391
26390,408,392
26391,408,393
26392,408,394
26393,408,395
26394,408,396
26395,408,397
26396,408,398
26397,408,399
26398,408,400
26399,408,401
26400,408,402
26401,408,403
26402,408,404
26403,408,405
26404,408,406
26405,408,407
26406,408,408
26407,408,409
26408,408,410
26409,408,411
26410,408,412
26411,408,413
26412,408,414
26413,408,415
26414,408,416
26415,408,417
26416,408,418
26417,408,419
26418,408,420
26419,408,421
26420,408,422
26421,408,423
26422,408,424
26423,408,425
26424,408,426
26425,408,427
26426,408,428
26427,408,429
26428,408,430
26429,408,431
26430,408,432
26431,408,433
26432,408,434
26433,408,435
26434,408,436
26435,408,437
26436,408,438
26437,408,439
26438,408,440
26439,408,441
26440,408,442
26441,408,443
26442,408,444
26443,408,445
26444,408,446
26445,408,447
26446,408,448
26447,408,449
26448,408,450
26449,408,451
26450,408,452
26451,408,453
26452,408,454
26453,408,455
26454,408,456
26455,408,457
26456,408,458
26457,408,459
26458,408,460
26459,408,461
26460,408,462
26461,408,463
26462,408,464
26463,408,465
26464,408,466
26465,408,467
26466,408,468
26467,408,469
26468,408,470
26469,408,471
26470,408,472
26471,408,473
26472,408,474
26473,408,475
26474,408,476
26475,408,477
26476,408,478
26477,408,479
26478,408,480
26479,408,481
26480,408,482
26481,408,483
26482,408,484
26483,408,485
26484,408,486
26485,408,487
26486,408,488
26487,408,489
26488,408,490
26489,408,491
26490,408,492
26491,408,493
26492,408,494
26493,408,495
26494,408,496
26495,408,497
26496,408,498
26497,408,499
26498,408,500
26499,408,501
26500,408,502
26501,408,503
26502,408,504
26503,408,505
26504,408,506
26505,408,507
26506,408,508
26507,408,509
26508,408,510
26509,408,511
26510,408,512
26511,408,513
26512,408,514
26513,408,515
26514,408,516
26515,408,517
26516,408,518
26517,408,519
26518,408,520
26519,408,521
26520,408,522
26521,408,523
26522,408,524
26523,408,525
26524,408,526
26525,408,527
26526,408,528
26527,408,529
26528,408,530
26529,408,531
26530,408,532
26531,408,533
26532,408,534
26533,408,535
26534,408,536
26535,408,537
26536,408,538
26537,408,539
26538,408,540
26539,408,541
26540,409,369
26541,409,370
26542,409,371
26543,409,372
26544,409,373
26545,409,374
26546,409,375
26547,409,376
26548,409,377
26549,409,378
26550,409,379
26551,409,380
26552,409,381
26553,409,382
26554,409,383
26555,409,384
26556,409,385
26557,409,386
26558,409,387
26559,409,388
26560,409,389
26561,409,390
26562,409,391
26563,409,392
26564,409,393
26565,409,394
26566,409,395
26567,409,396
26568,409,397
26569,409,398
26570,409,399
26571,409,400
26572,409,401
26573,409,402
26574,409,403
26575,409,404
26576,409,405
26577,409,406
26578,409,407
26579,409,408
26580,409,409
26581,409,410
26582,409,411
26583,409,412
26584,409,413
26585,409,414
26586,409,415
26587,409,416
26588,409,417
26589,409,418
26590,409,419
26591,409,420
26592,409,421
26593,409,422
26594,409,423
26595,409,424
26596,409,425
26597,409,426
26598,409,427
26599,409,428
26600,409,429
26601,409,430
26602,409,431
26603,409,432
26604,409,433
26605,409,434
26606,409,435
26607,409,436
26608,409,437
26609,409,438
26610,409,439
26611,409,440
26612,409,441
26613,409,442
26614,409,443
26615,409,444
26616,409,445
26617,409,446
26618,409,447
26619,409,448
26620,409,449
26621,409,450
26622,409,451
26623,409,452
26624,409,453
26625,409,454
26626,409,455
26627,409,456
26628,409,457
26629,409,458
26630,409,459
26631,409,460
26632,409,461
26633,409,462
26634,409,463
26635,409,464
26636,409,465
26637,409,466
26638,409,467
26639,409,468
26640,409,469
26641,409,470
26642,409,471
26643,409,472
26644,409,473
26645,409,474
26646,409,475
26647,409,476
26648,409,477
26649,409,478
26650,409,479
26651,409,480
26652,409,481
26653,409,482
26654,409,483
26655,409,484
26656,409,485
26657,409,486
26658,409,487
26659,409,488
26660,409,489
26661,409,490
26662,409,491
26663,409,492
26664,409,493
26665,409,494
26666,409,495
26667,409,496
26668,409,497
26669,409,498
26670,409,499
26671,409,500
26672,409,501
26673,409,502
26674,409,503
26675,409,504
26676,409,505
26677,409,506
26678,409,507
26679,409,508
26680,409,509
26681,409,510
26682,409,511
26683,409,512
26684,409,513
26685,409,514
26686,409,515
26687,409,516
26688,409,517
26689,409,518
26690,409,519
26691,409,520
26692,409,521
26693,409,522
26694,409,523
26695,409,524
26696,409,525
26697,409,526
26698,409,527
26699,409,528
26700,409,529
26701,409,530
26702,409,531
26703,409,532
26704,409,533
26705,409,534
26706,409,535
26707,409,536
26708,409,537
26709,409,538
26710,409,539
26711,409,540
26712,409,541
26713,409,542
26714,410,369
26715,410,370
26716,410,371
26717,410,372
26718,410,373
26719,410,374
26720,410,375
26721,410,376
26722,410,377
26723,410,378
26724,410,379
26725,410,380
26726,410,381
26727,410,382
26728,410,383
26729,410,384
26730,410,385
26731,410,386
26732,410,387
26733,410,388
26734,410,389
26735,410,390
26736,410,391
26737,410,392
26738,410,393
26739,410,394
26740,410,395
26741,410,396
26742,410,397
26743,410,398
26744,410,399
26745,410,400
26746,410,401
26747,410,402
26748,410,403
26749,410,404
26750,410,405
26751,410,406
26752,410,407
26753,410,408
26754,410,409
26755,410,410
26756,410,411
26757,410,412
26758,410,413
26759,410,414
26760,410,415
26761,410,416
26762,410,417
26763,410,418
26764,410,419
26765,410,420
26766,410,421
26767,410,422
26768,410,423
26769,410,424
26770,410,425
26771,410,426
26772,410,427
26773,410,428
26774,410,429
26775,410,430
26776,410,431
26777,410,432
26778,410,433
26779,410,434
26780,410,435
26781,410,436
26782,410,437
26783,410,438
26784,410,439
26785,410,440
26786,410,441
26787,410,442
26788,410,443
26789,410,444
26790,410,445
26791,410,446
26792,410,447
26793,410,448
26794,410,449
26795,410,450
26796,410,451
26797,410,452
26798,410,453
26799,410,454
26800,410,455
26801,410,456
26802,410,457
26803,410,458
26804,410,459
26805,410,460
26806,410,461
26807,410,462
26808,410,463
26809,410,464
26810,410,465
26811,410,466
26812,410,467
26813,410,468
26814,410,469
26815,410,470
26816,410,471
26817,410,472
26818,410,473
26819,410,474
26820,410,475
26821,410,476
26822,410,477
26823,410,478
26824,410,479
26825,410,480
26826,410,481
26827,410,482
26828,410,483
26829,410,484
26830,410,485
26831,410,486
26832,410,487
26833,410,488
26834,410,489
26835,410,490
26836,410,491
26837,410,492
26838,410,493
26839,410,494
26840,410,495
26841,410,496
26842,410,497
26843,410,498
26844,410,499
26845,410,500
26846,410,501
26847,410,502
26848,410,503
26849,410,504
26850,410,505
26851,410,506
26852,410,507
26853,410,508
26854,410,509
26855,410,510
26856,410,511
26857,410,512
26858,410,513
26859,410,514
26860,410,515
26861,410,516
26862,410,517
26863,410,518
26864,410,519
26865,410,520
26866,410,521
26867,410,522
26868,410,523
26869,410,524
26870,410,525
26871,410,526
26872,410,527
26873,410,528
26874,410,529
26875,410,530
26876,410,531
26877,410,532
26878,410,533
26879,410,534
26880,410,535
26881,410,536
26882,410,537
26883,410,538
26884,410,539
26885,410,540
26886,410,541
26887,410,542
26888,411,370
26889,411,371
26890,411,372
26891,411,373
26892,411,374
26893,411,375
26894,411,376
26895,411,377
26896,411,378
26897,411,379
26898,411,380
26899,411,381
26900,411,382
26901,411,383
26902,411,384
26903,411,385
26904,411,386
26905,411,387
26906,411,388
26907,411,389
26908,411,390
26909,411,391
26910,411,392
26911,411,393
26912,411,394
26913,411,395
26914,411,396
26915,411,397
26916,411,398
26917,411,399
26918,411,400
26919,411,401
26920,411,402
26921,411,403
26922,411,404
26923,411,405
26924,411,406
26925,411,407
26926,411,408
26927,411,409
26928,411,410
26929,411,411
26930,411,412
26931,411,413
26932,411,414
26933,411,415
26934,411,416
26935,411,417
26936,411,418
26937,411,419
26938,411,420
26939,411,421
26940,411,422
26941,411,423
26942,411,424
26943,411,425
26944,411,426
26945,411,427
26946,411,428
26947,411,429
26948,411,430
26949,411,431
26950,411,432
26951,411,433
26952,411,434
26953,411,435
26954,411,436
26955,411,437
26956,411,438
26957,411,439
26958,411,440
26959,411,441
26960,411,442
26961,411,443
26962,411,444
26963,411,445
26964,411,446
26965,411,447
26966,411,448
26967,411,449
26968,411,450
26969,411,451
26970,411,452
26971,411,453
26972,411,454
26973,411,455
26974,411,456
26975,411,457
26976,411,458
26977,411,459
26978,411,460
26979,411,461
26980,411,462
26981,411,463
26982,411,464
26983,411,465
26984,411,466
26985,411,467
26986,411,468
26987,411,469
26988,411,470
26989,411,471
26990,411,472
26991,411,473
26992,411,474
26993,411,475
26994,411,476
26995,411,477
26996,411,478
26997,411,479
26998,411,480
26999,411,481
27000,411,482
27001,411,483
27002,411,484
27003,411,485
27004,411,486
27005,411,487
27006,411,488
27007,411,489
27008,411,490
27009,411,491
27010,411,492
27011,411,493
27012,411,494
27013,411,495
27014,411,496
27015,411,497
27016,411,498
27017,411,499
27018,411,500
27019,411,501
27020,411,502
27021,411,503
27022,411,504
27023,411,505
27024,411,506
27025,411,507
27026,411,508
27027,411,509
27028,411,510
27029,411,511
27030,411,512
27031,411,513
27032,411,514
27033,411,515
27034,411,516
27035,411,517
27036,411,518
27037,411,519
27038,411,520
27039,411,521
27040,411,522
27041,411,523
27042,411,524
27043,411,525
27044,411,526
27045,411,527
27046,411,528
27047,411,529
27048,411,530
27049,411,531
27050,411,532
27051,411,533
27052,411,534
27053,411,535
27054,411,536
27055,411,537
27056,411,538
27057,411,539
27058,411,540
27059,411,541
27060,411,542
27061,411,543
27062,412,370
27063,412,371
27064,412,372
27065,412,373
27066,412,374
27067,412,375
27068,412,376
27069,412,377
27070,412,378
27071,412,379
27072,412,380
27073,412,381
27074,412,382
27075,412,383
27076,412,384
27077,412,385
27078,412,386
27079,412,387
27080,412,388
27081,412,389
27082,412,390
27083,412,391
27084,412,392
27085,412,393
27086,412,394
27087,412,395
27088,412,396
27089,412,397
27090,412,398
27091,412,399
27092,412,400
27093,412,401
27094,412,402
27095,412,403
27096,412,404
27097,412,405
27098,412,406
27099,412,407
27100,412,408
27101,412,409
27102,412,410
27103,412,411
27104,412,412
27105,412,413
27106,412,414
27107,412,415
27108,412,416
27109,412,417
27110,412,418
27111,412,419
27112,412,420
27113,412,421
27114,412,422
27115,412,423
27116,412,424
27117,412,425
27118,412,426
27119,412,427
27120,412,428
27121,412,429
27122,412,430
27123,412,431
27124,412,432
27125,412,433
27126,412,434
27127,412,435
27128,412,436
27129,412,437
27130,412,438
27131,412,439
27132,412,440
27133,412,441
27134,412,442
27135,412,443
27136,412,444
27137,412,445
27138,412,446
27139,412,447
27140,412,448
27141,412,449
27142,412,450
27143,412,451
27144,412,452
27145,412,453
27146,412,454
27147,412,455
27148,412,456
27149,412,457
27150,412,458
27151,412,459
27152,412,460
27153,412,461
27154,412,462
27155,412,463
27156,412,464
27157,412,465
27158,412,466
27159,412,467
27160,412,468
27161,412,469
27162,412,470
27163,412,471
27164,412,472
27165,412,473
27166,412,474
27167,412,475
27168,412,476
27169,412,477
27170,412,478
27171,412,479
27172,412,480
27173,412,481
27174,412,482
27175,412,483
27176,412,484
27177,412,485
27178,412,486
27179,412,487
27180,412,488
27181,412,489
27182,412,490
27183,412,491
27184,412,492
27185,412,493
27186,412,494
27187,412,495
27188,412,496
27189,412,497
27190,412,498
27191,412,499
27192,412,500
27193,412,501
27194,412,502
27195,412,503
27196,412,504
27197,412,505
27198,412,506
27199,412,507
27200,412,508
27201,412,509
27202,412,510
27203,412,511
27204,412,512
27205,412,513
27206,412,514
27207,412,515
27208,412,516
27209,412,517
27210,412,518
27211,412,519
27212,412,520
27213,412,521
27214,412,522
27215,412,523
27216,412,524
27217,412,525
27218,412,526
27219,412,527
27220,412,528
27221,412,529
27222,412,530
27223,412,531
27224,412,532
27225,412,533
27226,412,534
27227,412,535
27228,412,536
27229,412,537
27230,412,538
27231,412,539
27232,412,540
27233,412,541
27234,412,542
27235,412,543
27236,412,544
27237,413,370
27238,413,371
27239,413,372
27240,413,373
27241,413,374
27242,413,375
27243,413,376
27244,413,377
27245,413,378
27246,413,379
27247,413,380
27248,413,381
27249,413,382
27250,413,383
27251,413,384
27252,413,385
27253,413,386
27254,413,387
27255,413,388
27256,413,389
27257,413,390
27258,413,391
27259,413,392
27260,413,393
27261,413,394
27262,413,395
27263,413,396
27264,413,397
27265,413,398
27266,413,399
27267,413,400
27268,413,401
27269,413,402
27270,413,403
27271,413,404
27272,413,405
27273,413,406
27274,413,407
27275,413,408
27276,413,409
27277,413,410
27278,413,411
27279,413,412
27280,413,413
27281,413,414
27282,413,415
27283,413,416
27284,413,417
27285,413,418
27286,413,419
27287,413,420
27288,413,421
27289,413,422
27290,413,423
27291,413,424
27292,413,425
27293,413,426
27294,413,427
27295,413,428
27296,413,429
27297,413,430
27298,413,431
27299,413,432
27300,413,433
27301,413,434
27302,413,435
27303,413,436
27304,413,437
27305,413,438
27306,413,439
27307,413,440
27308,413,441
27309,413,442
27310,413,443
27311,413,444
27312,413,445
27313,413,446
27314,413,447
27315,413,448
27316,413,449
27317,413,450
27318,413,451
27319,413,452
27320,413,453
27321,413,454
27322,413,455
27323,413,456
27324,413,457
27325,413,458
27326,413,459
27327,413,460
27328,413,461
27329,413,462
27330,413,463
27331,413,464
27332,413,465
27333,413,466
27334,413,467
27335,413,468
27336,413,469
27337,413,470
27338,413,471
27339,413,472
27340,413,473
27341,413,474
27342,413,475
27343,413,476
27344,413,477
27345,413,478
27346,413,479
27347,413,480
27348,413,481
27349,413,482
27350,413,483
27351,413,484
27352,413,485
27353,413,486
27354,413,487
27355,413,488
27356,413,489
27357,413,490
27358,413,491
27359,413,492
27360,413,493
27361,413,494
27362,413,495
27363,413,496
27364,413,497
27365,413,498
27366,413,499
27367,413,500
27368,413,501
27369,413,502
27370,413,503
27371,413,504
27372,413,505
27373,413,506
27374,413,507
27375,413,508
27376,413,509
27377,413,510
27378,413,511
27379,413,512
27380,413,513
27381,413,514
27382,413,515
27383,413,516
27384,413,517
27385,413,518
27386,413,519
27387,413,520
27388,413,521
27389,413,522
27390,413,523
27391,413,524
27392,413,525
27393,413,526
27394,413,527
27395,413,528
27396,413,529
27397,413,530
27398,413,531
27399,413,532
27400,413,533
27401,413,534
27402,413,535
27403,413,536
27404,413,537
27405,413,538
27406,413,539
27407,413,540
27408,413,541
27409,413,542
27410,413,543
27411,413,544
27412,413,545
27413,414,371
27414,414,372
27415,414,373
27416,414,374
27417,414,375
27418,414,376
27419,414,377
27420,414,378
27421,414,379
27422,414,380
27423,414,381
27424,414,382
27425,414,383
27426,414,384
27427,414,385
27428,414,386
27429,414,387
27430,414,388
27431,414,389
27432,414,390
27433,414,391
27434,414,392
27435,414,393
27436,414,394
27437,414,395
27438,414,396
27439,414,397
27440,414,398
27441,414,399
27442,414,400
27443,414,401
27444,414,402
27445,414,403
27446,414,404
27447,414,405
27448,414,406
27449,414,407
27450,414,408
27451,414,409
27452,414,410
27453,414,411
27454,414,412
27455,414,413
27456,414,414
27457,414,415
27458,414,416
27459,414,417
27460,414,418
27461,414,419
27462,414,420
27463,414,421
27464,414,422
27465,414,423
27466,414,424
27467,414,425
27468,414,426
27469,414,427
27470,414,428
27471,414,429
27472,414,430
27473,414,431
27474,414,432
27475,414,433
27476,414,434
27477,414,435
27478,414,436
27479,414,437
27480,414,438
27481,414,439
27482,414,440
27483,414,441
27484,414,442
27485,414,443
27486,414,444
27487,414,445
27488,414,446
27489,414,447
27490,414,448
27491,414,449
27492,414,450
27493,414,451
27494,414,452
27495,414,453
27496,414,454
27497,414,455
27498,414,456
27499,414,457
27500,414,458
27501,414,459
27502,414,460
27503,414,461
27504,414,462
27505,414,463
27506,414,464
27507,414,465
27508,414,466
27509,414,467
27510,414,468
27511,414,469
27512,414,470
27513,414,471
27514,414,472
27515,414,473
27516,414,474
27517,414,475
27518,414,476
27519,414,477
27520,414,478
27521,414,479
27522,414,480
27523,414,481
27524,414,482
27525,414,483
27526,414,484
27527,414,485
27528,414,486
27529,414,487
27530,414,488
27531,414,489
27532,414,490
27533,414,491
27534,414,492
27535,414,493
27536,414,494
27537,414,495
27538,414,496
27539,414,497
27540,414,498
27541,414,499
27542,414,500
27543,414,501
27544,414,502
27545,414,503
27546,414,504
27547,414,505
27548,414,506
27549,414,507
27550,414,508
27551,414,509
27552,414,510
27553,414,511
27554,414,512
27555,414,513
27556,414,514
27557,414,515
27558,414,516
27559,414,517
27560,414,518
27561,414,519
27562,414,520
27563,414,521
27564,414,522
27565,414,523
27566,414,524
27567,414,525
27568,414,526
27569,414,527
27570,414,528
27571,414,529
27572,414,530
27573,414,531
27574,414,532
27575,414,533
27576,414,534
27577,414,535
27578,414,536
27579,414,537
27580,414,538
27581,414,539
27582,414,540
27583,414,541
27584,414,542
27585,414,543
27586,414,544
27587,414,545
27588,415,371
27589,415,372
27590,415,373
27591,415,374
27592,415,375
27593,415,376
27594,415,377
27595,415,378
27596,415,379
27597,415,380
27598,415,381
27599,415,382
27600,415,383
27601,415,384
27602,415,385
27603,415,386
27604,415,387
27605,415,388
27606,415,389
27607,415,390
27608,415,391
27609,415,392
27610,415,393
27611,415,394
27612,415,395
27613,415,396
27614,415,397
27615,415,398
27616,415,399
27617,415,400
27618,415,401
27619,415,402
27620,415,403
27621,415,404
27622,415,405
27623,415,406
27624,415,407
27625,415,408
27626,415,409
27627,415,410
27628,415,411
27629,415,412
27630,415,413
27631,415,414
27632,415,415
27633,415,416
27634,415,417
27635,415,418
27636,415,419
27637,415,420
27638,415,421
27639,415,422
27640,415,423
27641,415,424
27642,415,425
27643,415,426
27644,415,427
27645,415,428
27646,415,429
27647,415,430
27648,415,431
27649,415,432
27650,415,433
27651,415,434
27652,415,435
27653,415,436
27654,415,437
27655,415,438
27656,415,439
27657,415,440
27658,415,441
27659,415,442
27660,415,443
27661,415,444
27662,415,445
27663,415,446
27664,415,447
27665,415,448
27666,415,449
27667,415,450
27668,415,451
27669,415,452
27670,415,453
27671,415,454
27672,415,455
27673,415,456
27674,415,457
27675,415,458
27676,415,459
27677,415,460
27678,415,461
27679,415,462
27680,415,463
27681,415,464
27682,415,465
27683,415,466
27684,415,467
27685,415,468
27686,415,469
27687,415,470
27688,415,471
27689,415,472
27690,415,473
27691,415,474
27692,415,475
27693,415,476
27694,415,477
27695,415,478
27696,415,479
27697,415,480
27698,415,481
27699,415,482
27700,415,483
27701,415,484
27702,415,485
27703,415,486
27704,415,487
27705,415,488
27706,415,489
27707,415,490
27708,415,491
27709,415,492
27710,415,493
27711,415,494
27712,415,495
27713,415,496
27714,415,497
27715,415,498
27716,415,499
27717,415,500
27718,415,501
27719,415,502
27720,415,503
27721,415,504
27722,415,505
27723,415,506
27724,415,507
27725,415,508
27726,415,509
27727,415,510
27728,415,511
27729,415,512
27730,415,513
27731,415,514
27732,415,515
27733,415,516
27734,415,517
27735,415,518
27736,415,519
27737,415,520
27738,415,521
27739,415,522
27740,415,523
27741,415,524
27742,415,525
27743,415,526
27744,415,527
27745,415,528
27746,415,529
27747,415,530
27748,415,531
27749,415,532
27750,415,533
27751,415,534
27752,415,535
27753,415,536
27754,415,537
27755,415,538
27756,415,539
27757,415,540
27758,415,541
27759,415,542
27760,415,543
27761,415,544
27762,415,545
27763,415,546
27764,416,371
27765,416,372
27766,416,373
27767,416,374
27768,416,375
27769,416,376
27770,416,377
27771,416,378
27772,416,379
27773,416,380
27774,416,381
27775,416,382
27776,416,383
27777,416,384
27778,416,385
27779,416,386
27780,416,387
27781,416,388
27782,416,389
27783,416,390
27784,416,391
27785,416,392
27786,416,393
27787,416,394
27788,416,395
27789,416,396
27790,416,397
27791,416,398
27792,416,399
27793,416,400
27794,416,401
27795,416,402
27796,416,403
27797,416,404
27798,416,405
27799,416,406
27800,416,407
27801,416,408
27802,416,409
27803,416,410
27804,416,411
27805,416,412
27806,416,413
27807,416,414
27808,416,415
27809,416,416
27810,416,417
27811,416,418
27812,416,419
27813,416,420
27814,416,421
27815,416,422
27816,416,423
27817,416,424
27818,416,425
27819,416,426
27820,416,427
27821,416,428
27822,416,429
27823,416,430
27824,416,431
27825,416,432
27826,416,433
27827,416,434
27828,416,435
27829,416,436
27830,416,437
27831,416,438
27832,416,439
27833,416,440
27834,416,441
27835,416,442
27836,416,443
27837,416,444
27838,416,445
27839,416,446
27840,416,447
27841,416,448
27842,416,449
27843,416,450
27844,416,451
27845,416,452
27846,416,453
27847,416,454
27848,416,455
27849,416,456
27850,416,457
27851,416,458
27852,416,459
27853,416,460
27854,416,461
27855,416,462
27856,416,463
27857,416,464
27858,416,465
27859,416,466
27860,416,467
27861,416,468
27862,416,469
27863,416,470
27864,416,471
27865,416,472
27866,416,473
27867,416,474
27868,416,475
27869,416,476
27870,416,477
27871,416,478
27872,416,479
27873,416,480
27874,416,481
27875,416,482
27876,416,483
27877,416,484
27878,416,485
27879,416,486
27880,416,487
27881,416,488
27882,416,489
27883,416,490
27884,416,491
27885,416,492
27886,416,493
27887,416,494
27888,416,495
27889,416,496
27890,416,497
27891,416,498
27892,416,499
27893,416,500
27894,416,501
27895,416,502
27896,416,503
27897,416,504
27898,416,505
27899,416,506
27900,416,507
27901,416,508
27902,416,509
27903,416,510
27904,416,511
27905,416,512
27906,416,513
27907,416,514
27908,416,515
27909,416,516
27910,416,517
27911,416,518
27912,416,519
27913,416,520
27914,416,521
27915,416,522
27916,416,523
27917,416,524
27918,416,525
27919,416,526
27920,416,527
27921,416,528
27922,416,529
27923,416,530
27924,416,531
27925,416,532
27926,416,533
27927,416,534
27928,416,535
27929,416,536
27930,416,537
27931,416,538
27932,416,539
27933,416,540
27934,416,541
27935,416,542
27936,416,543
27937,416,544
27938,416,545
27939,416,546
27940,416,547
27941,417,372
27942,417,373
27943,417,374
27944,417,375
27945,417,376
27946,417,377
27947,417,378
27948,417,379
27949,417,380
27950,417,381
27951,417,382
27952,417,383
27953,417,384
27954,417,385
27955,417,386
27956,417,387
27957,417,388
27958,417,389
27959,417,390
27960,417,391
27961,417,392
27962,417,393
27963,417,394
27964,417,395
27965,417,396
27966,417,397
27967,417,398
27968,417,399
27969,417,400
27970,417,401
27971,417,402
27972,417,403
27973,417,404
27974,417,405
27975,417,406
27976,417,407
27977,417,408
27978,417,409
27979,417,410
27980,417,411
27981,417,412
27982,417,413
27983,417,414
27984,417,415
27985,417,416
27986,417,417
27987,417,418
27988,417,419
27989,417,420
27990,417,421
27991,417,422
27992,417,423
27993,417,424
27994,417,425
27995,417,426
27996,417,427
27997,417,428
27998,417,429
27999,417,430
28000,417,431
28001,417,432
28002,417,433
28003,417,434
28004,417,435
28005,417,436
28006,417,437
28007,417,438
28008,417,439
28009,417,440
28010,417,441
28011,417,442
28012,417,443
28013,417,444
28014,417,445
28015,417,446
28016,417,447
28017,417,448
28018,417,449
28019,417,450
28020,417,451
28021,417,452
28022,417,453
28023,417,454
28024,417,455
28025,417,456
28026,417,457
28027,417,458
28028,417,459
28029,417,460
28030,417,461
28031,417,462
28032,417,463
28033,417,464
28034,417,465
28035,417,466
28036,417,467
28037,417,468
28038,417,469
28039,417,470
28040,417,471
28041,417,472
28042,417,473
28043,417,474
28044,417,475
28045,417,476
28046,417,477
28047,417,478
28048,417,479
28049,417,480
28050,417,481
28051,417,482
28052,417,483
28053,417,484
28054,417,485
28055,417,486
28056,417,487
28057,417,488
28058,417,489
28059,417,490
28060,417,491
28061,417,492
28062,417,493
28063,417,494
28064,417,495
28065,417,496
28066,417,497
28067,417,498
28068,417,499
28069,417,500
28070,417,501
28071,417,502
28072,417,503
28073,417,504
28074,417,505
28075,417,506
28076,417,507
28077,417,508
28078,417,509
28079,417,510
28080,417,511
28081,417,512
28082,417,513
28083,417,514
28084,417,515
28085,417,516
28086,417,517
28087,417,518
28088,417,519
28089,417,520
28090,417,521
28091,417,522
28092,417,523
28093,417,524
28094,417,525
28095,417,526
28096,417,527
28097,417,528
28098,417,529
28099,417,530
28100,417,531
28101,417,532
28102,417,533
28103,417,534
28104,417,535
28105,417,536
28106,417,537
28107,417,538
28108,417,539
28109,417,540
28110,417,541
28111,417,542
28112,417,543
28113,417,544
28114,417,545
28115,417,546
28116,417,547
28117,418,372
28118,418,373
28119,418,374
28120,418,375
28121,418,376
28122,418,377
28123,418,378
28124,418,379
28125,418,380
28126,418,381
28127,418,382
28128,418,383
28129,418,384
28130,418,385
28131,418,386
28132,418,387
28133,418,388
28134,418,389
28135,418,390
28136,418,391
28137,418,392
28138,418,393
28139,418,394
28140,418,395
28141,418,396
28142,418,397
28143,418,398
28144,418,399
28145,418,400
28146,418,401
28147,418,402
28148,418,403
28149,418,404
28150,418,405
28151,418,406
28152,418,407
28153,418,408
28154,418,409
28155,418,410
28156,418,411
28157,418,412
28158,418,413
28159,418,414
28160,418,415
28161,418,416
28162,418,417
28163,418,418
28164,418,419
28165,418,420
28166,418,421
28167,418,422
28168,418,423
28169,418,424
28170,418,425
28171,418,426
28172,418,427
28173,418,428
28174,418,429
28175,418,430
28176,418,431
28177,418,432
28178,418,433
28179,418,434
28180,418,435
28181,418,436
28182,418,437
28183,418,438
28184,418,439
28185,418,440
28186,418,441
28187,418,442
28188,418,443
28189,418,444
28190,418,445
28191,418,446
28192,418,447
28193,418,448
28194,418,449
28195,418,450
28196,418,451
28197,418,452
28198,418,453
28199,418,454
28200,418,455
28201,418,456
28202,418,457
28203,418,458
28204,418,459
28205,418,460
28206,418,461
28207,418,462
28208,418,463
28209,418,464
28210,418,465
28211,418,466
28212,418,467
28213,418,468
28214,418,469
28215,418,470
28216,418,471
28217,418,472
28218,418,473
28219,418,474
28220,418,475
28221,418,476
28222,418,477
28223,418,478
28224,418,479
28225,418,480
28226,418,481
28227,418,482
28228,418,483
28229,418,484
28230,418,485
28231,418,486
28232,418,487
28233,418,488
28234,418,489
28235,418,490
28236,418,491
28237,418,492
28238,418,493
28239,418,494
28240,418,495
28241,418,496
28242,418,497
28243,418,498
28244,418,499
28245,418,500
28246,418,501
28247,418,502
28248,418,503
28249,418,504
28250,418,505
28251,418,506
28252,418,507
28253,418,508
28254,418,509
28255,418,510
28256,418,511
28257,418,512
28258,418,513
28259,418,514
28260,418,515
28261,418,516
28262,418,517
28263,418,518
28264,418,519
28265,418,520
28266,418,521
28267,418,522
28268,418,523
28269,418,524
28270,418,525
28271,418,526
28272,418,527
28273,418,528
28274,418,529
28275,418,530
28276,418,531
28277,418,532
28278,418,533
28279,418,534
28280,418,535
28281,418,536
28282,418,537
28283,418,538
28284,418,539
28285,418,540
28286,418,541
28287,418,542
28288,418,543
28289,418,544
28290,418,545
28291,418,546
28292,418,547
28293,418,548
28294,419,372
28295,419,373
28296,419,374
28297,419,375
28298,419,376
28299,419,377
28300,419,378
28301,419,379
28302,419,380
28303,419,381
28304,419,382
28305,419,383
28306,419,384
28307,419,385
28308,419,386
28309,419,387
28310,419,388
28311,419,389
28312,419,390
28313,419,391
28314,419,392
28315,419,393
28316,419,394
28317,419,395
28318,419,396
28319,419,397
28320,419,398
28321,419,399
28322,419,400
28323,419,401
28324,419,402
28325,419,403
28326,419,404
28327,419,405
28328,419,406
28329,419,407
28330,419,408
28331,419,409
28332,419,410
28333,419,411
28334,419,412
28335,419,413
28336,419,414
28337,419,415
28338,419,416
28339,419,417
28340,419,418
28341,419,419
28342,419,420
28343,419,421
28344,419,422
28345,419,423
28346,419,424
28347,419,425
28348,419,426
28349,419,427
28350,419,428
28351,419,429
28352,419,430
28353,419,431
28354,419,432
28355,419,433
28356,419,434
28357,419,435
28358,419,436
28359,419,437
28360,419,438
28361,419,439
28362,419,440
28363,419,441
28364,419,442
28365,419,443
28366,419,444
28367,419,445
28368,419,446
28369,419,447
28370,419,448
28371,419,449
28372,419,450
28373,419,451
28374,419,452
28375,419,453
28376,419,454
28377,419,455
28378,419,456
28379,419,457
28380,419,458
28381,419,459
28382,419,460
28383,419,461
28384,419,462
28385,419,463
28386,419,464
28387,419,465
28388,419,466
28389,419,467
28390,419,468
28391,419,469
28392,419,470
28393,419,471
28394,419,472
28395,419,473
28396,419,474
28397,419,475
28398,419,476
28399,419,477
28400,419,478
28401,419,479
28402,419,480
28403,419,481
28404,419,482
28405,419,483
28406,419,484
28407,419,485
28408,419,486
28409,419,487
28410,419,488
28411,419,489
28412,419,490
28413,419,491
28414,419,492
28415,419,493
28416,419,494
28417,419,495
28418,419,496
28419,419,497
28420,419,498
28421,419,499
28422,419,500
28423,419,501
28424,419,502
28425,419,503
28426,419,504
28427,419,505
28428,419,506
28429,419,507
28430,419,508
28431,419,509
28432,419,510
28433,419,511
28434,419,512
28435,419,513
28436,419,514
28437,419,515
28438,419,516
28439,419,517
28440,419,518
28441,419,519
28442,419,520
28443,419,521
28444,419,522
28445,419,523
28446,419,524
28447,419,525
28448,419,526
28449,419,527
28450,419,528
28451,419,529
28452,419,530
28453,419,531
28454,419,532
28455,419,533
28456,419,534
28457,419,535
28458,419,536
28459,419,537
28460,419,538
28461,419,539
28462,419,540
28463,419,541
28464,419,542
28465,419,543
28466,419,544
28467,419,545
28468,419,546
28469,419,547
28470,419,548
28471,419,549
28472,420,372
28473,420,373
28474,420,374
28475,420,375
28476,420,376
28477,420,377
28478,420,378
28479,420,379
28480,420,380
28481,420,381
28482,420,382
28483,420,383
28484,420,384
28485,420,385
28486,420,386
28487,420,387
28488,420,388
28489,420,389
28490,420,390
28491,420,391
28492,420,392
28493,420,393
28494,420,394
28495,420,395
28496,420,396
28497,420,397
28498,420,398
28499,420,399
28500,420,400
28501,420,401
28502,420,402
28503,420,403
28504,420,404
28505,420,405
28506,420,406
28507,420,407
28508,420,408
28509,420,409
28510,420,410
28511,420,411
28512,420,412
28513,420,413
28514,420,414
28515,420,415
28516,420,416
28517,420,417
28518,420,418
28519,420,419
28520,420,420
28521,420,421
28522,420,422
28523,420,423
28524,420,424
28525,420,425
28526,420,426
28527,420,427
28528,420,428
28529,420,429
28530,420,430
28531,420,431
28532,420,432
28533,420,433
28534,420,434
28535,420,435
28536,420,436
28537,420,437
28538,420,438
28539,420,439
28540,420,440
28541,420,441
28542,420,442
28543,420,443
28544,420,444
28545,420,445
28546,420,446
28547,420,447
28548,420,448
28549,420,449
28550,420,450
28551,420,451
28552,420,452
28553,420,453
28554,420,454
28555,420,455
28556,420,456
28557,420,457
28558,420,458
28559,420,459
28560,420,460
28561,420,461
28562,420,462
28563,420,463
28564,420,464
28565,420,465
28566,420,466
28567,420,467
28568,420,468
28569,420,469
28570,420,470
28571,420,471
28572,420,472
28573,420,473
28574,420,474
28575,420,475
28576,420,476
28577,420,477
28578,420,478
28579,420,479
28580,420,480
28581,420,481
28582,420,482
28583,420,483
28584,420,484
28585,420,485
28586,420,486
28587,420,487
28588,420,488
28589,420,489
28590,420,490
28591,420,491
28592,420,492
28593,420,493
28594,420,494
28595,420,495
28596,420,496
28597,420,497
28598,420,498
28599,420,499
28600,420,500
28601,420,501
28602,420,502
28603,420,503
28604,420,504
28605,420,505
28606,420,506
28607,420,507
28608,420,508
28609,420,509
28610,420,510
28611,420,511
28612,420,512
28613,420,513
28614,420,514
28615,420,515
28616,420,516
28617,420,517
28618,420,518
28619,420,519
28620,420,520
28621,420,521
28622,420,522
28623,420,523
28624,420,524
28625,420,525
28626,420,526
28627,420,527
28628,420,528
28629,420,529
28630,420,530
28631,420,531
28632,420,532
28633,420,533
28634,420,534
28635,420,535
28636,420,536
28637,420,537
28638,420,538
28639,420,539
28640,420,540
28641,420,541
28642,420,542
28643,420,543
28644,420,544
28645,420,545
28646,420,546
28647,420,547
28648,420,548
28649,420,549
28650,420,550
28651,421,373
28652,421,374
28653,421,375
28654,421,376
28655,421,377
28656,421,378
28657,421,379
28658,421,380
28659,421,381
28660,421,382
28661,421,383
28662,421,384
28663,421,385
28664,421,386
28665,421,387
28666,421,388
28667,421,389
28668,421,390
28669,421,391
28670,421,392
28671,421,393
28672,421,394
28673,421,395
28674,421,396
28675,421,397
28676,421,398
28677,421,399
28678,421,400
28679,421,401
28680,421,402
28681,421,403
28682,421,404
28683,421,405
28684,421,406
28685,421,407
28686,421,408
28687,421,409
28688,421,410
28689,421,411
28690,421,412
28691,421,413
28692,421,414
28693,421,415
28694,421,416
28695,421,417
28696,421,418
28697,421,419
28698,421,420
28699,421,421
28700,421,422
28701,421,423
28702,421,424
28703,421,425
28704,421,426
28705,421,427
28706,421,428
28707,421,429
28708,421,430
28709,421,431
28710,421,432
28711,421,433
28712,421,434
28713,421,435
28714,421,436
28715,421,437
28716,421,438
28717,421,439
28718,421,440
28719,421,441
28720,421,442
28721,421,443
28722,421,444
28723,421,445
28724,421,446
28725,421,447
28726,421,448
28727,421,449
28728,421,450
28729,421,451
28730,421,452
28731,421,453
28732,421,454
28733,421,455
28734,421,456
28735,421,457
28736,421,458
28737,421,459
28738,421,460
28739,421,461
28740,421,462
28741,421,463
28742,421,464
28743,421,465
28744,421,466
28745,421,467
28746,421,468
28747,421,469
28748,421,470
28749,421,471
28750,421,472
28751,421,473
28752,421,474
28753,421,475
28754,421,476
28755,421,477
28756,421,478
28757,421,479
28758,421,480
28759,421,481
28760,421,482
28761,421,483
28762,421,484
28763,421,485
28764,421,486
28765,421,487
28766,421,488
28767,421,489
28768,421,490
28769,421,491
28770,421,492
28771,421,493
28772,421,494
28773,421,495
28774,421,496
28775,421,497
28776,421,498
28777,421,499
28778,421,500
28779,421,501
28780,421,502
28781,421,503
28782,421,504
28783,421,505
28784,421,506
28785,421,507
28786,421,508
28787,421,509
28788,421,510
28789,421,511
28790,421,512
28791,421,513
28792,421,514
28793,421,515
28794,421,516
28795,421,517
28796,421,518
28797,421,519
28798,421,520
28799,421,521
28800,421,522
28801,421,523
28802,421,524
28803,421,525
28804,421,526
28805,421,527
28806,421,528
28807,421,529
28808,421,530
28809,421,531
28810,421,532
28811,421,533
28812,421,534
28813,421,535
28814,421,536
28815,421,537
28816,421,538
28817,421,539
28818,421,540
28819,421,541
28820,421,542
28821,421,543
28822,421,544
28823,421,545
28824,421,546
28825,421,547
28826,421,548
28827,421,549
28828,421,550
28829,422,373
28830,422,374
28831,422,375
28832,422,376
28833,422,377
28834,422,378
28835,422,379
28836,422,380
28837,422,381
28838,422,382
28839,422,383
28840,422,384
28841,422,385
28842,422,386
28843,422,387
28844,422,388
28845,422,389
28846,422,390
28847,422,391
28848,422,392
28849,422,393
28850,422,394
28851,422,395
28852,422,396
28853,422,397
28854,422,398
28855,422,399
28856,422,400
28857,422,401
28858,422,402
28859,422,403
28860,422,404
28861,422,405
28862,422,406
28863,422,407
28864,422,408
28865,422,409
28866,422,410
28867,422,411
28868,422,412
28869,422,413
28870,422,414
28871,422,415
28872,422,416
28873,422,417
28874,422,418
28875,422,419
28876,422,420
28877,422,421
28878,422,422
28879,422,423
28880,422,424
28881,422,425
28882,422,426
28883,422,427
28884,422,428
28885,422,429
28886,422,430
28887,422,431
28888,422,432
28889,422,433
28890,422,434
28891,422,435
28892,422,436
28893,422,437
28894,422,438
28895,422,439
28896,422,440
28897,422,441
28898,422,442
28899,422,443
28900,422,444
28901,422,445
28902,422,446
28903,422,447
28904,422,448
28905,422,449
28906,422,450
28907,422,451
28908,422,452
28909,422,453
28910,422,454
28911,422,455
28912,422,456
28913,422,457
28914,422,458
28915,422,459
28916,422,460
28917,422,461
28918,422,462
28919,422,463
28920,422,464
28921,422,465
28922,422,466
28923,422,467
28924,422,468
28925,422,469
28926,422,470
28927,422,471
28928,422,472
28929,422,473
28930,422,474
28931,422,475
28932,422,476
28933,422,477
28934,422,478
28935,422,479
28936,422,480
28937,422,481
28938,422,482
28939,422,483
28940,422,484
28941,422,485
28942,422,486
28943,422,487
28944,422,488
28945,422,489
28946,422,490
28947,422,491
28948,422,492
28949,422,493
28950,422,494
28951,422,495
28952,422,496
28953,422,497
28954,422,498
28955,422,499
28956,422,500
28957,422,501
28958,422,502
28959,422,503
28960,422,504
28961,422,505
28962,422,506
28963,422,507
28964,422,508
28965,422,509
28966,422,510
28967,422,511
28968,422,512
28969,422,513
28970,422,514
28971,422,515
28972,422,516
28973,422,517
28974,422,518
28975,422,519
28976,422,520
28977,422,521
28978,422,522
28979,422,523
28980,422,524
28981,422,525
28982,422,526
28983,422,527
28984,422,528
28985,422,529
28986,422,530
28987,422,531
28988,422,532
28989,422,533
28990,422,534
28991,422,535
28992,422,536
28993,422,537
28994,422,538
28995,422,539
28996,422,540
28997,422,541
28998,422,542
28999,422,543
29000,422,544
29001,422,545
29002,422,546
29003,422,547
29004,422,548
29005,422,549
29006,422,550
29007,422,551
29008,423,373
29009,423,374
29010,423,375
29011,423,376
29012,423,377
29013,423,378
29014,423,379
29015,423,380
29016,423,381
29017,423,382
29018,423,383
29019,423,384
29020,423,385
29021,423,386
29022,423,387
29023,423,388
29024,423,389
29025,423,390
29026,423,391
29027,423,392
29028,423,393
29029,423,394
29030,423,395
29031,423,396
29032,423,397
29033,423,398
29034,423,399
29035,423,400
29036,423,401
29037,423,402
29038,423,403
29039,423,404
29040,423,405
29041,423,406
29042,423,407
29043,423,408
29044,423,409
29045,423,410
29046,423,411
29047,423,412
29048,423,413
29049,423,414
29050,423,415
29051,423,416
29052,423,417
29053,423,418
29054,423,419
29055,423,420
29056,423,421
29057,423,422
29058,423,423
29059,423,424
29060,423,425
29061,423,426
29062,423,427
29063,423,428
29064,423,429
29065,423,430
29066,423,431
29067,423,432
29068,423,433
29069,423,434
29070,423,435
29071,423,436
29072,423,437
29073,423,438
29074,423,439
29075,423,440
29076,423,441
29077,423,442
29078,423,443
29079,423,444
29080,423,445
29081,423,446
29082,423,447
29083,423,448
29084,423,449
29085,423,450
29086,423,451
29087,423,452
29088,423,453
29089,423,454
29090,423,455
29091,423,456
29092,423,457
29093,423,458
29094,423,459
29095,423,460
29096,423,461
29097,423,462
29098,423,463
29099,423,464
29100,423,465
29101,423,466
29102,423,467
29103,423,468
29104,423,469
29105,423,470
29106,423,471
29107,423,472
29108,423,473
29109,423,474
29110,423,475
29111,423,476
29112,423,477
29113,423,478
29114,423,479
29115,423,480
29116,423,481
29117,423,482
29118,423,483
29119,423,484
29120,423,485
29121,423,486
29122,423,487
29123,423,488
29124,423,489
29125,423,490
29126,423,491
29127,423,492
29128,423,493
29129,423,494
29130,423,495
29131,423,496
29132,423,497
29133,423,498
29134,423,499
29135,423,500
29136,423,501
29137,423,502
29138,423,503
29139,423,504
29140,423,505
29141,423,506
29142,423,507
29143,423,508
29144,423,509
29145,423,510
29146,423,511
29147,423,512
29148,423,513
29149,423,514
29150,423,515
29151,423,516
29152,423,517
29153,423,518
29154,423,519
29155,423,520
29156,423,521
29157,423,522
29158,423,523
29159,423,524
29160,423,525
29161,423,526
29162,423,527
29163,423,528
29164,423,529
29165,423,530
29166,423,531
29167,423,532
29168,423,533
29169,423,534
29170,423,535
29171,423,536
29172,423,537
29173,423,538
29174,423,539
29175,423,540
29176,423,541
29177,423,542
29178,423,543
29179,423,544
29180,423,545
29181,423,546
29182,423,547
29183,423,548
29184,423,549
29185,423,550
29186,423,551
29187,424,374
29188,424,375
29189,424,376
29190,424,377
29191,424,378
29192,424,379
29193,424,380
29194,424,381
29195,424,382
29196,424,383
29197,424,384
29198,424,385
29199,424,386
29200,424,387
29201,424,388
29202,424,389
29203,424,390
29204,424,391
29205,424,392
29206,424,393
29207,424,394
29208,424,395
29209,424,396
29210,424,397
29211,424,398
29212,424,399
29213,424,400
29214,424,401
29215,424,402
29216,424,403
29217,424,404
29218,424,405
29219,424,406
29220,424,407
29221,424,408
29222,424,409
29223,424,410
29224,424,411
29225,424,412
29226,424,413
29227,424,414
29228,424,415
29229,424,416
29230,424,417
29231,424,418
29232,424,419
29233,424,420
29234,424,421
29235,424,422
29236,424,423
29237,424,424
29238,424,425
29239,424,426
29240,424,427
29241,424,428
29242,424,429
29243,424,430
29244,424,431
29245,424,432
29246,424,433
29247,424,434
29248,424,435
29249,424,436
29250,424,437
29251,424,438
29252,424,439
29253,424,440
29254,424,441
29255,424,442
29256,424,443
29257,424,444
29258,424,445
29259,424,446
29260,424,447
29261,424,448
29262,424,449
29263,424,450
29264,424,451
29265,424,452
29266,424,453
29267,424,454
29268,424,455
29269,424,456
29270,424,457
29271,424,458
29272,424,459
29273,424,460
29274,424,461
29275,424,462
29276,424,463
29277,424,464
29278,424,465
29279,424,466
29280,424,467
29281,424,468
29282,424,469
29283,424,470
29284,424,471
29285,424,472
29286,424,473
29287,424,474
29288,424,475
29289,424,476
29290,424,477
29291,424,478
29292,424,479
29293,424,480
29294,424,481
29295,424,482
29296,424,483
29297,424,484
29298,424,485
29299,424,486
29300,424,487
29301,424,488
29302,424,489
29303,424,490
29304,424,491
29305,424,492
29306,424,493
29307,424,494
29308,424,495
29309,424,496
29310,424,497
29311,424,498
29312,424,499
29313,424,500
29314,424,501
29315,424,502
29316,424,503
29317,424,504
29318,424,505
29319,424,506
29320,424,507
29321,424,508
29322,424,509
29323,424,510
29324,424,511
29325,424,512
29326,424,513
29327,424,514
29328,424,515
29329,424,516
29330,424,517
29331,424,518
29332,424,519
29333,424,520
29334,424,521
29335,424,522
29336,424,523
29337,424,524
29338,424,525
29339,424,526
29340,424,527
29341,424,528
29342,424,529
29343,424,530
29344,424,531
29345,424,532
29346,424,533
29347,424,534
29348,424,535
29349,424,536
29350,424,537
29351,424,538
29352,424,539
29353,424,540
29354,424,541
29355,424,542
29356,424,543
29357,424,544
29358,424,545
29359,424,546
29360,424,547
29361,424,548
29362,424,549
29363,424,550
29364,424,551
29365,424,552
29366,425,374
29367,425,375
29368,425,376
29369,425,377
29370,425,378
29371,425,379
29372,425,380
29373,425,381
29374,425,382
29375,425,383
29376,425,384
29377,425,385
29378,425,386
29379,425,387
29380,425,388
29381,425,389
29382,425,390
29383,425,391
29384,425,392
29385,425,393
29386,425,394
29387,425,395
29388,425,396
29389,425,397
29390,425,398
29391,425,399
29392,425,400
29393,425,401
29394,425,402
29395,425,403
29396,425,404
29397,425,405
29398,425,406
29399,425,407
29400,425,408
29401,425,409
29402,425,410
29403,425,411
29404,425,412
29405,425,413
29406,425,414
29407,425,415
29408,425,416
29409,425,417
29410,425,418
29411,425,419
29412,425,420
29413,425,421
29414,425,422
29415,425,423
29416,425,424
29417,425,425
29418,425,426
29419,425,427
29420,425,428
29421,425,429
29422,425,430
29423,425,431
29424,425,432
29425,425,433
29426,425,434
29427,425,435
29428,425,436
29429,425,437
29430,425,438
29431,425,439
29432,425,440
29433,425,441
29434,425,442
29435,425,443
29436,425,444
29437,425,445
29438,425,446
29439,425,447
29440,425,448
29441,425,449
29442,425,450
29443,425,451
29444,425,452
29445,425,453
29446,425,454
29447,425,455
29448,425,456
29449,425,457
29450,425,458
29451,425,459
29452,425,460
29453,425,461
29454,425,462
29455,425,463
29456,425,464
29457,425,465
29458,425,466
29459,425,467
29460,425,468
29461,425,469
29462,425,470
29463,425,471
29464,425,472
29465,425,473
29466,425,474
29467,425,475
29468,425,476
29469,425,477
29470,425,478
29471,425,479
29472,425,480
29473,425,481
29474,425,482
29475,425,483
29476,425,484
29477,425,485
29478,425,486
29479,425,487
29480,425,488
29481,425,489
29482,425,490
29483,425,491
29484,425,492
29485,425,493
29486,425,494
29487,425,495
29488,425,496
29489,425,497
29490,425,498
29491,425,499
29492,425,500
29493,425,501
29494,425,502
29495,425,503
29496,425,504
29497,425,505
29498,425,506
29499,425,507
29500,425,508
29501,425,509
29502,425,510
29503,425,511
29504,425,512
29505,425,513
29506,425,514
29507,425,515
29508,425,516
29509,425,517
29510,425,518
29511,425,519
29512,425,520
29513,425,521
29514,425,522
29515,425,523
29516,425,524
29517,425,525
29518,425,526
29519,425,527
29520,425,528
29521,425,529
29522,425,530
29523,425,531
29524,425,532
29525,425,533
29526,425,534
29527,425,535
29528,425,536
29529,425,537
29530,425,538
29531,425,539
29532,425,540
29533,425,541
29534,425,542
29535,425,543
29536,425,544
29537,425,545
29538,425,546
29539,425,547
29540,425,548
29541,425,549
29542,425,550
29543,425,551
29544,425,552
29545,425,553
29546,426,375
29547,426,376
29548,426,377
29549,426,378
29550,426,379
29551,426,380
29552,426,381
29553,426,382
29554,426,383
29555,426,384
29556,426,385
29557,426,386
29558,426,387
29559,426,388
29560,426,389
29561,426,390
29562,426,391
29563,426,392
29564,426,393
29565,426,394
29566,426,395
29567,426,396
29568,426,397
29569,426,398
29570,426,399
29571,426,400
29572,426,401
29573,426,402
29574,426,403
29575,426,404
29576,426,405
29577,426,406
29578,426,407
29579,426,408
29580,426,409
29581,426,410
29582,426,411
29583,426,412
29584,426,413
29585,426,414
29586,426,415
29587,426,416
29588,426,417
29589,426,418
29590,426,419
29591,426,420
29592,426,421
29593,426,422
29594,426,423
29595,426,424
29596,426,425
29597,426,426
29598,426,427
29599,426,428
29600,426,429
29601,426,430
29602,426,431
29603,426,432
29604,426,433
29605,426,434
29606,426,435
29607,426,436
29608,426,437
29609,426,438
29610,426,439
29611,426,440
29612,426,441
29613,426,442
29614,426,443
29615,426,444
29616,426,445
29617,426,446
29618,426,447
29619,426,448
29620,426,449
29621,426,450
29622,426,451
29623,426,452
29624,426,453
29625,426,454
29626,426,455
29627,426,456
29628,426,457
29629,426,458
29630,426,459
29631,426,460
29632,426,461
29633,426,462
29634,426,463
29635,426,464
29636,426,465
29637,426,466
29638,426,467
29639,426,468
29640,426,469
29641,426,470
29642,426,471
29643,426,472
29644,426,473
29645,426,474
29646,426,475
29647,426,476
29648,426,477
29649,426,478
29650,426,479
29651,426,480
29652,426,481
29653,426,482
29654,426,483
29655,426,484
29656,426,485
29657,426,486
29658,426,487
29659,426,488
29660,426,489
29661,426,490
29662,426,491
29663,426,492
29664,426,493
29665,426,494
29666,426,495
29667,426,496
29668,426,497
29669,426,498
29670,426,499
29671,426,500
29672,426,501
29673,426,502
29674,426,503
29675,426,504
29676,426,505
29677,426,506
29678,426,507
29679,426,508
29680,426,509
29681,426,510
29682,426,511
29683,426,512
29684,426,513
29685,426,514
29686,426,515
29687,426,516
29688,426,517
29689,426,518
29690,426,519
29691,426,520
29692,426,521
29693,426,522
29694,426,523
29695,426,524
29696,426,525
29697,426,526
29698,426,527
29699,426,528
29700,426,529
29701,426,530
29702,426,531
29703,426,532
29704,426,533
29705,426,534
29706,426,535
29707,426,536
29708,426,537
29709,426,538
29710,426,539
29711,426,540
29712,426,541
29713,426,542
29714,426,543
29715,426,544
29716,426,545
29717,426,546
29718,426,547
29719,426,548
29720,426,549
29721,426,550
29722,426,551
29723,426,552
29724,426,553
29725,426,554
29726,427,375
29727,427,376
29728,427,377
29729,427,378
29730,427,379
29731,427,380
29732,427,381
29733,427,382
29734,427,383
29735,427,384
29736,427,385
29737,427,386
29738,427,387
29739,427,388
29740,427,389
29741,427,390
29742,427,391
29743,427,392
29744,427,393
29745,427,394
29746,427,395
29747,427,396
29748,427,397
29749,427,398
29750,427,399
29751,427,400
29752,427,401
29753,427,402
29754,427,403
29755,427,404
29756,427,405
29757,427,406
29758,427,407
29759,427,408
29760,427,409
29761,427,410
29762,427,411
29763,427,412
29764,427,413
29765,427,414
29766,427,415
29767,427,416
29768,427,417
29769,427,418
29770,427,419
29771,427,420
29772,427,421
29773,427,422
29774,427,423
29775,427,424
29776,427,425
29777,427,426
29778,427,427
29779,427,428
29780,427,429
29781,427,430
29782,427,431
29783,427,432
29784,427,433
29785,427,434
29786,427,435
29787,427,436
29788,427,437
29789,427,438
29790,427,439
29791,427,440
29792,427,441
29793,427,442
29794,427,443
29795,427,444
29796,427,445
29797,427,446
29798,427,447
29799,427,448
29800,427,449
29801,427,450
29802,427,451
29803,427,452
29804,427,453
29805,427,454
29806,427,455
29807,427,456
29808,427,457
29809,427,458
29810,427,459
29811,427,460
29812,427,461
29813,427,462
29814,427,463
29815,427,464
29816,427,465
29817,427,466
29818,427,467
29819,427,468
29820,427,469
29821,427,470
29822,427,471
29823,427,472
29824,427,473
29825,427,474
29826,427,475
29827,427,476
29828,427,477
29829,427,478
29830,427,479
29831,427,480
29832,427,481
29833,427,482
29834,427,483
29835,427,484
29836,427,485
29837,427,486
29838,427,487
29839,427,488
29840,427,489
29841,427,490
29842,427,491
29843,427,492
29844,427,493
29845,427,494
29846,427,495
29847,427,496
29848,427,497
29849,427,498
29850,427,499
29851,427,500
29852,427,501
29853,427,502
29854,427,503
29855,427,504
29856,427,505
29857,427,506
29858,427,507
29859,427,508
29860,427,509
29861,427,510
29862,427,511
29863,427,512
29864,427,513
29865,427,514
29866,427,515
29867,427,516
29868,427,517
29869,427,518
29870,427,519
29871,427,520
29872,427,521
29873,427,522
29874,427,523
29875,427,524
29876,427,525
29877,427,526
29878,427,527
29879,427,528
29880,427,529
29881,427,530
29882,427,531
29883,427,532
29884,427,533
29885,427,534
29886,427,535
29887,427,536
29888,427,537
29889,427,538
29890,427,539
29891,427,540
29892,427,541
29893,427,542
29894,427,543
29895,427,544
29896,427,545
29897,427,546
29898,427,547
29899,427,548
29900,427,549
29901,427,550
29902,427,551
29903,427,552
29904,427,553
29905,427,554
29906,427,555
29907,428,376
29908,428,377
29909,428,378
29910,428,379
29911,428,380
29912,428,381
29913,428,382
29914,428,383
29915,428,384
29916,428,385
29917,428,386
29918,428,387
29919,428,388
29920,428,389
29921,428,390
29922,428,391
29923,428,392
29924,428,393
29925,428,394
29926,428,395
29927,428,396
29928,428,397
29929,428,398
29930,428,399
29931,428,400
29932,428,401
29933,428,402
29934,428,403
29935,428,404
29936,428,405
29937,428,406
29938,428,407
29939,428,408
29940,428,409
29941,428,410
29942,428,411
29943,428,412
29944,428,413
29945,428,414
29946,428,415
29947,428,416
29948,428,417
29949,428,418
29950,428,419
29951,428,420
29952,428,421
29953,428,422
29954,428,423
29955,428,424
29956,428,425
29957,428,426
29958,428,427
29959,428,428
29960,428,429
29961,428,430
29962,428,431
29963,428,432
29964,428,433
29965,428,434
29966,428,435
29967,428,436
29968,428,437
29969,428,438
29970,428,439
29971,428,440
29972,428,441
29973,428,442
29974,428,443
29975,428,444
29976,428,445
29977,428,446
29978,428,447
29979,428,448
29980,428,449
29981,428,450
29982,428,451
29983,428,452
29984,428,453
29985,428,454
29986,428,455
29987,428,456
29988,428,457
29989,428,458
29990,428,459
29991,428,460
29992,428,461
29993,428,462
29994,428,463
29995,428,464
29996,428,465
29997,428,466
29998,428,467
29999,428,468
30000,428,469
30001,428,470
30002,428,471
30003,428,472
30004,428,473
30005,428,474
30006,428,475
30007,428,476
30008,428,477
30009,428,478
30010,428,479
30011,428,480
30012,428,481
30013,428,482
30014,428,483
30015,428,484
30016,428,485
30017,428,486
30018,428,487
30019,428,488
30020,428,489
30021,428,490
30022,428,491
30023,428,492
30024,428,493
30025,428,494
30026,428,495
30027,428,496
30028,428,497
30029,428,498
30030,428,499
30031,428,500
30032,428,501
30033,428,502
30034,428,503
30035,428,504
30036,428,505
30037,428,506
30038,428,507
30039,428,508
30040,428,509
30041,428,510
30042,428,511
30043,428,512
30044,428,513
30045,428,514
30046,428,515
30047,428,516
30048,428,517
30049,428,518
30050,428,519
30051,428,520
30052,428,521
30053,428,522
30054,428,523
30055,428,524
30056,428,525
30057,428,526
30058,428,527
30059,428,528
30060,428,529
30061,428,530
30062,428,531
30063,428,532
30064,428,533
30065,428,534
30066,428,535
30067,428,536
30068,428,537
30069,428,538
30070,428,539
30071,428,540
30072,428,541
30073,428,542
30074,428,543
30075,428,544
30076,428,545
30077,428,546
30078,428,547
30079,428,548
30080,428,549
30081,428,550
30082,428,551
30083,428,552
30084,428,553
30085,428,554
30086,428,555
30087,428,556
30088,429,376
30089,429,377
30090,429,378
30091,429,379
30092,429,380
30093,429,381
30094,429,382
30095,429,383
30096,429,384
30097,429,385
30098,429,386
30099,429,387
30100,429,388
30101,429,389
30102,429,390
30103,429,391
30104,429,392
30105,429,393
30106,429,394
30107,429,395
30108,429,396
30109,429,397
30110,429,398
30111,429,399
30112,429,400
30113,429,401
30114,429,402
30115,429,403
30116,429,404
30117,429,405
30118,429,406
30119,429,407
30120,429,408
30121,429,409
30122,429,410
30123,429,411
30124,429,412
30125,429,413
30126,429,414
30127,429,415
30128,429,416
30129,429,417
30130,429,418
30131,429,419
30132,429,420
30133,429,421
30134,429,422
30135,429,423
30136,429,424
30137,429,425
30138,429,426
30139,429,427
30140,429,428
30141,429,429
30142,429,430
30143,429,431
30144,429,432
30145,429,433
30146,429,434
30147,429,435
30148,429,436
30149,429,437
30150,429,438
30151,429,439
30152,429,440
30153,429,441
30154,429,442
30155,429,443
30156,429,444
30157,429,445
30158,429,446
30159,429,447
30160,429,448
30161,429,449
30162,429,450
30163,429,451
30164,429,452
30165,429,453
30166,429,454
30167,429,455
30168,429,456
30169,429,457
30170,429,458
30171,429,459
30172,429,460
30173,429,461
30174,429,462
30175,429,463
30176,429,464
30177,429,465
30178,429,466
30179,429,467
30180,429,468
30181,429,469
30182,429,470
30183,429,471
30184,429,472
30185,429,473
30186,429,474
30187,429,475
30188,429,476
30189,429,477
30190,429,478
30191,429,479
30192,429,480
30193,429,481
30194,429,482
30195,429,483
30196,429,484
30197,429,485
30198,429,486
30199,429,487
30200,429,488
30201,429,489
30202,429,490
30203,429,491
30204,429,492
30205,429,493
30206,429,494
30207,429,495
30208,429,496
30209,429,497
30210,429,498
30211,429,499
30212,429,500
30213,429,501
30214,429,502
30215,429,503
30216,429,504
30217,429,505
30218,429,506
30219,429,507
30220,429,508
30221,429,509
30222,429,510
30223,429,511
30224,429,512
30225,429,513
30226,429,514
30227,429,515
30228,429,516
30229,429,517
30230,429,518
30231,429,519
30232,429,520
30233,429,521
30234,429,522
30235,429,523
30236,429,524
30237,429,525
30238,429,526
30239,429,527
30240,429,528
30241,429,529
30242,429,530
30243,429,531
30244,429,532
30245,429,533
30246,429,534
30247,429,535
30248,429,536
30249,429,537
30250,429,538
30251,429,539
30252,429,540
30253,429,541
30254,429,542
30255,429,543
30256,429,544
30257,429,545
30258,429,546
30259,429,547
30260,429,548
30261,429,549
30262,429,550
30263,429,551
30264,429,552
30265,429,553
30266,429,554
30267,429,555
30268,429,556
30269,429,557
30270,430,376
30271,430,377
30272,430,378
30273,430,379
30274,430,380
30275,430,381
30276,430,382
30277,430,383
30278,430,384
30279,430,385
30280,430,386
30281,430,387
30282,430,388
30283,430,389
30284,430,390
30285,430,391
30286,430,392
30287,430,393
30288,430,394
30289,430,395
30290,430,396
30291,430,397
30292,430,398
30293,430,399
30294,430,400
30295,430,401
30296,430,402
30297,430,403
30298,430,404
30299,430,405
30300,430,406
30301,430,407
30302,430,408
30303,430,409
30304,430,410
30305,430,411
30306,430,412
30307,430,413
30308,430,414
30309,430,415
30310,430,416
30311,430,417
30312,430,418
30313,430,419
30314,430,420
30315,430,421
30316,430,422
30317,430,423
30318,430,424
30319,430,425
30320,430,426
30321,430,427
30322,430,428
30323,430,429
30324,430,430
30325,430,431
30326,430,432
30327,430,433
30328,430,434
30329,430,435
30330,430,436
30331,430,437
30332,430,438
30333,430,439
30334,430,440
30335,430,441
30336,430,442
30337,430,443
30338,430,444
30339,430,445
30340,430,446
30341,430,447
30342,430,448
30343,430,449
30344,430,450
30345,430,451
30346,430,452
30347,430,453
30348,430,454
30349,430,455
30350,430,456
30351,430,457
30352,430,458
30353,430,459
30354,430,460
30355,430,461
30356,430,462
30357,430,463
30358,430,464
30359,430,465
30360,430,466
30361,430,467
30362,430,468
30363,430,469
30364,430,470
30365,430,471
30366,430,472
30367,430,473
30368,430,474
30369,430,475
30370,430,476
30371,430,477
30372,430,478
30373,430,479
30374,430,480
30375,430,481
30376,430,482
30377,430,483
30378,430,484
30379,430,485
30380,430,486
30381,430,487
30382,430,488
30383,430,489
30384,430,490
30385,430,491
30386,430,492
30387,430,493
30388,430,494
30389,430,495
30390,430,496
30391,430,497
30392,430,498
30393,430,499
30394,430,500
30395,430,501
30396,430,502
30397,430,503
30398,430,504
30399,430,505
30400,430,506
30401,430,507
30402,430,508
30403,430,509
30404,430,510
30405,430,511
30406,430,512
30407,430,513
30408,430,514
30409,430,515
30410,430,516
30411,430,517
30412,430,518
30413,430,519
30414,430,520
30415,430,521
30416,430,522
30417,430,523
30418,430,524
30419,430,525
30420,430,526
30421,430,527
30422,430,528
30423,430,529
30424,430,530
30425,430,531
30426,430,532
30427,430,533
30428,430,534
30429,430,535
30430,430,536
30431,430,537
30432,430,538
30433,430,539
30434,430,540
30435,430,541
30436,430,542
30437,430,543
30438,430,544
30439,430,545
30440,430,546
30441,430,547
30442,430,548
30443,430,549
30444,430,550
30445,430,551
30446,430,552
30447,430,553
30448,430,554
30449,430,555
30450,430,556
30451,430,557
30452,431,377
30453,431,378
30454,431,379
30455,431,380
30456,431,381
30457,431,382
30458,431,383
30459,431,384
30460,431,385
30461,431,386
30462,431,387
30463,431,388
30464,431,389
30465,431,390
30466,431,391
30467,431,392
30468,431,393
30469,431,394
30470,431,395
30471,431,396
30472,431,397
30473,431,398
30474,431,399
30475,431,400
30476,431,401
30477,431,402
30478,431,403
30479,431,404
30480,431,405
30481,431,406
30482,431,407
30483,431,408
30484,431,409
30485,431,410
30486,431,411
30487,431,412
30488,431,413
30489,431,414
30490,431,415
30491,431,416
30492,431,417
30493,431,418
30494,431,419
30495,431,420
30496,431,421
30497,431,422
30498,431,423
30499,431,424
30500,431,425
30501,431,426
30502,431,427
30503,431,428
30504,431,429
30505,431,430
30506,431,431
30507,431,432
30508,431,433
30509,431,434
30510,431,435
30511,431,436
30512,431,437
30513,431,438
30514,431,439
30515,431,440
30516,431,441
30517,431,442
30518,431,443
30519,431,444
30520,431,445
30521,431,446
30522,431,447
30523,431,448
30524,431,449
30525,431,450
30526,431,451
30527,431,452
30528,431,453
30529,431,454
30530,431,455
30531,431,456
30532,431,457
30533,431,458
30534,431,459
30535,431,460
30536,431,461
30537,431,462
30538,431,463
30539,431,464
30540,431,465
30541,431,466
30542,431,467
30543,431,468
30544,431,469
30545,431,470
30546,431,471
30547,431,472
30548,431,473
30549,431,474
30550,431,475
30551,431,476
30552,431,477
30553,431,478
30554,431,479
30555,431,480
30556,431,481
30557,431,482
30558,431,483
30559,431,484
30560,431,485
30561,431,486
30562,431,487
30563,431,488
30564,431,489
30565,431,490
30566,431,491
30567,431,492
30568,431,493
30569,431,494
30570,431,495
30571,431,496
30572,431,497
30573,431,498
30574,431,499
30575,431,500
30576,431,501
30577,431,502
30578,431,503
30579,431,504
30580,431,505
30581,431,506
30582,431,507
30583,431,508
30584,431,509
30585,431,510
30586,431,511
30587,431,512
30588,431,513
30589,431,514
30590,431,515
30591,431,516
30592,431,517
30593,431,518
30594,431,519
30595,431,520
30596,431,521
30597,431,522
30598,431,523
30599,431,524
30600,431,525
30601,431,526
30602,431,527
30603,431,528
30604,431,529
30605,431,530
30606,431,531
30607,431,532
30608,431,533
30609,431,534
30610,431,535
30611,431,536
30612,431,537
30613,431,538
30614,431,539
30615,431,540
30616,431,541
30617,431,542
30618,431,543
30619,431,544
30620,431,545
30621,431,546
30622,431,547
30623,431,548
30624,431,549
30625,431,550
30626,431,551
30627,431,552
30628,431,553
30629,431,554
30630,431,555
30631,431,556
30632,431,557
30633,431,558
30634,432,377
30635,432,378
30636,432,379
30637,432,380
30638,432,381
30639,432,382
30640,432,383
30641,432,384
30642,432,385
30643,432,386
30644,432,387
30645,432,388
30646,432,389
30647,432,390
30648,432,391
30649,432,392
30650,432,393
30651,432,394
30652,432,395
30653,432,396
30654,432,397
30655,432,398
30656,432,399
30657,432,400
30658,432,401
30659,432,402
30660,432,403
30661,432,404
30662,432,405
30663,432,406
30664,432,407
30665,432,408
30666,432,409
30667,432,410
30668,432,411
30669,432,412
30670,432,413
30671,432,414
30672,432,415
30673,432,416
30674,432,417
30675,432,418
30676,432,419
30677,432,420
30678,432,421
30679,432,422
30680,432,423
30681,432,424
30682,432,425
30683,432,426
30684,432,427
30685,432,428
30686,432,429
30687,432,430
30688,432,431
30689,432,432
30690,432,433
30691,432,434
30692,432,435
30693,432,436
30694,432,437
30695,432,438
30696,432,439
30697,432,440
30698,432,441
30699,432,442
30700,432,443
30701,432,444
30702,432,445
30703,432,446
30704,432,447
30705,432,448
30706,432,449
30707,432,450
30708,432,451
30709,432,452
30710,432,453
30711,432,454
30712,432,455
30713,432,456
30714,432,457
30715,432,458
30716,432,459
30717,432,460
30718,432,461
30719,432,462
30720,432,463
30721,432,464
30722,432,465
30723,432,466
30724,432,467
30725,432,468
30726,432,469
30727,432,470
30728,432,471
30729,432,472
30730,432,473
30731,432,474
30732,432,475
30733,432,476
30734,432,477
30735,432,478
30736,432,479
30737,432,480
30738,432,481
30739,432,482
30740,432,483
30741,432,484
30742,432,485
30743,432,486
30744,432,487
30745,432,488
30746,432,489
30747,432,490
30748,432,491
30749,432,492
30750,432,493
30751,432,494
30752,432,495
30753,432,496
30754,432,497
30755,432,498
30756,432,499
30757,432,500
30758,432,501
30759,432,502
30760,432,503
30761,432,504
30762,432,505
30763,432,506
30764,432,507
30765,432,508
30766,432,509
30767,432,510
30768,432,511
30769,432,512
30770,432,513
30771,432,514
30772,432,515
30773,432,516
30774,432,517
30775,432,518
30776,432,519
30777,432,520
30778,432,521
30779,432,522
30780,432,523
30781,432,524
30782,432,525
30783,432,526
30784,432,527
30785,432,528
30786,432,529
30787,432,530
30788,432,531
30789,432,532
30790,432,533
30791,432,534
30792,432,535
30793,432,536
30794,432,537
30795,432,538
30796,432,539
30797,432,540
30798,432,541
30799,432,542
30800,432,543
30801,432,544
30802,432,545
30803,432,546
30804,432,547
30805,432,548
30806,432,549
30807,432,550
30808,432,551
30809,432,552
30810,432,553
30811,432,554
30812,432,555
30813,432,556
30814,432,557
30815,432,558
30816,432,559
30817,433,377
30818,433,378
30819,433,379
30820,433,380
30821,433,381
30822,433,382
30823,433,383
30824,433,384
30825,433,385
30826,433,386
30827,433,387
30828,433,388
30829,433,389
30830,433,390
30831,433,391
30832,433,392
30833,433,393
30834,433,394
30835,433,395
30836,433,396
30837,433,397
30838,433,398
30839,433,399
30840,433,400
30841,433,401
30842,433,402
30843,433,403
30844,433,404
30845,433,405
30846,433,406
30847,433,407
30848,433,408
30849,433,409
30850,433,410
30851,433,411
30852,433,412
30853,433,413
30854,433,414
30855,433,415
30856,433,416
30857,433,417
30858,433,418
30859,433,419
30860,433,420
30861,433,421
30862,433,422
30863,433,423
30864,433,424
30865,433,425
30866,433,426
30867,433,427
30868,433,428
30869,433,429
30870,433,430
30871,433,431
30872,433,432
30873,433,433
30874,433,434
30875,433,435
30876,433,436
30877,433,437
30878,433,438
30879,433,439
30880,433,440
30881,433,441
30882,433,442
30883,433,443
30884,433,444
30885,433,445
30886,433,446
30887,433,447
30888,433,448
30889,433,449
30890,433,450
30891,433,451
30892,433,452
30893,433,453
30894,433,454
30895,433,455
30896,433,456
30897,433,457
30898,433,458
30899,433,459
30900,433,460
30901,433,461
30902,433,462
30903,433,463
30904,433,464
30905,433,465
30906,433,466
30907,433,467
30908,433,468
30909,433,469
30910,433,470
30911,433,471
30912,433,472
30913,433,473
30914,433,474
30915,433,475
30916,433,476
30917,433,477
30918,433,478
30919,433,479
30920,433,480
30921,433,481
30922,433,482
30923,433,483
30924,433,484
30925,433,485
30926,433,486
30927,433,487
30928,433,488
30929,433,489
30930,433,490
30931,433,491
30932,433,492
30933,433,493
30934,433,494
30935,433,495
30936,433,496
30937,433,497
30938,433,498
30939,433,499
30940,433,500
30941,433,501
30942,433,502
30943,433,503
30944,433,504
30945,433,505
30946,433,506
30947,433,507
30948,433,508
30949,433,509
30950,433,510
30951,433,511
30952,433,512
30953,433,513
30954,433,514
30955,433,515
30956,433,516
30957,433,517
30958,433,518
30959,433,519
30960,433,520
30961,433,521
30962,433,522
30963,433,523
30964,433,524
30965,433,525
30966,433,526
30967,433,527
30968,433,528
30969,433,529
30970,433,530
30971,433,531
30972,433,532
30973,433,533
30974,433,534
30975,433,535
30976,433,536
30977,433,537
30978,433,538
30979,433,539
30980,433,540
30981,433,541
30982,433,542
30983,433,543
30984,433,544
30985,433,545
30986,433,546
30987,433,547
30988,433,548
30989,433,549
30990,433,550
30991,433,551
30992,433,552
30993,433,553
30994,433,554
30995,433,555
30996,433,556
30997,433,557
30998,433,558
30999,433,559
31000,434,378
31001,434,379
31002,434,380
31003,434,381
31004,434,382
31005,434,383
31006,434,384
31007,434,385
31008,434,386
31009,434,387
31010,434,388
31011,434,389
31012,434,390
31013,434,391
31014,434,392
31015,434,393
31016,434,394
31017,434,395
31018,434,396
31019,434,397
31020,434,398
31021,434,399
31022,434,400
31023,434,401
31024,434,402
31025,434,403
31026,434,404
31027,434,405
31028,434,406
31029,434,407
31030,434,408
31031,434,409
31032,434,410
31033,434,411
31034,434,412
31035,434,413
31036,434,414
31037,434,415
31038,434,416
31039,434,417
31040,434,418
31041,434,419
31042,434,420
31043,434,421
31044,434,422
31045,434,423
31046,434,424
31047,434,425
31048,434,426
31049,434,427
31050,434,428
31051,434,429
31052,434,430
31053,434,431
31054,434,432
31055,434,433
31056,434,434
31057,434,435
31058,434,436
31059,434,437
31060,434,438
31061,434,439
31062,434,440
31063,434,441
31064,434,442
31065,434,443
31066,434,444
31067,434,445
31068,434,446
31069,434,447
31070,434,448
31071,434,449
31072,434,450
31073,434,451
31074,434,452
31075,434,453
31076,434,454
31077,434,455
31078,434,456
31079,434,457
31080,434,458
31081,434,459
31082,434,460
31083,434,461
31084,434,462
31085,434,463
31086,434,464
31087,434,465
31088,434,466
31089,434,467
31090,434,468
31091,434,469
31092,434,470
31093,434,471
31094,434,472
31095,434,473
31096,434,474
31097,434,475
31098,434,476
31099,434,477
31100,434,478
31101,434,479
31102,434,480
31103,434,481
31104,434,482
31105,434,483
31106,434,484
31107,434,485
31108,434,486
31109,434,487
31110,434,488
31111,434,489
31112,434,490
31113,434,491
31114,434,492
31115,434,493
31116,434,494
31117,434,495
31118,434,496
31119,434,497
31120,434,498
31121,434,499
31122,434,500
31123,434,501
31124,434,502
31125,434,503
31126,434,504
31127,434,505
31128,434,506
31129,434,507
31130,434,508
31131,434,509
31132,434,510
31133,434,511
31134,434,512
31135,434,513
31136,434,514
31137,434,515
31138,434,516
31139,434,517
31140,434,518
31141,434,519
31142,434,520
31143,434,521
31144,434,522
31145,434,523
31146,434,524
31147,434,525
31148,434,526
31149,434,527
31150,434,528
31151,434,529
31152,434,530
31153,434,531
31154,434,532
31155,434,533
31156,434,534
31157,434,535
31158,434,536
31159,434,537
31160,434,538
31161,434,539
31162,434,540
31163,434,541
31164,434,542
31165,434,543
31166,434,544
31167,434,545
31168,434,546
31169,434,547
31170,434,548
31171,434,549
31172,434,550
31173,434,551
31174,434,552
31175,434,553
31176,434,554
31177,434,555
31178,434,556
31179,434,557
31180,434,558
31181,434,559
31182,434,560
31183,435,378
31184,435,379
31185,435,380
31186,435,381
31187,435,382
31188,435,383
31189,435,384
31190,435,385
31191,435,386
31192,435,387
31193,435,388
31194,435,389
31195,435,390
31196,435,391
31197,435,392
31198,435,393
31199,435,394
31200,435,395
31201,435,396
31202,435,397
31203,435,398
31204,435,399
31205,435,400
31206,435,401
31207,435,402
31208,435,403
31209,435,404
31210,435,405
31211,435,406
31212,435,407
31213,435,408
31214,435,409
31215,435,410
31216,435,411
31217,435,412
31218,435,413
31219,435,414
31220,435,415
31221,435,416
31222,435,417
31223,435,418
31224,435,419
31225,435,420
31226,435,421
31227,435,422
31228,435,423
31229,435,424
31230,435,425
31231,435,426
31232,435,427
31233,435,428
31234,435,429
31235,435,430
31236,435,431
31237,435,432
31238,435,433
31239,435,434
31240,435,435
31241,435,436
31242,435,437
31243,435,438
31244,435,439
31245,435,440
31246,435,441
31247,435,442
31248,435,443
31249,435,444
31250,435,445
31251,435,446
31252,435,447
31253,435,448
31254,435,449
31255,435,450
31256,435,451
31257,435,452
31258,435,453
31259,435,454
31260,435,455
31261,435,456
31262,435,457
31263,435,458
31264,435,459
31265,435,460
31266,435,461
31267,435,462
31268,435,463
31269,435,464
31270,435,465
31271,435,466
31272,435,467
31273,435,468
31274,435,469
31275,435,470
31276,435,471
31277,435,472
31278,435,473
31279,435,474
31280,435,475
31281,435,476
31282,435,477
31283,435,478
31284,435,479
31285,435,480
31286,435,481
31287,435,482
31288,435,483
31289,435,484
31290,435,485
31291,435,486
31292,435,487
31293,435,488
31294,435,489
31295,435,490
31296,435,491
31297,435,492
31298,435,493
31299,435,494
31300,435,495
31301,435,496
31302,435,497
31303,435,498
31304,435,499
31305,435,500
31306,435,501
31307,435,502
31308,435,503
31309,435,504
31310,435,505
31311,435,506
31312,435,507
31313,435,508
31314,435,509
31315,435,510
31316,435,511
31317,435,512
31318,435,513
31319,435,514
31320,435,515
31321,435,516
31322,435,517
31323,435,518
31324,435,519
31325,435,520
31326,435,521
31327,435,522
31328,435,523
31329,435,524
31330,435,525
31331,435,526
31332,435,527
31333,435,528
31334,435,529
31335,435,530
31336,435,531
31337,435,532
31338,435,533
31339,435,534
31340,435,535
31341,435,536
31342,435,537
31343,435,538
31344,435,539
31345,435,540
31346,435,541
31347,435,542
31348,435,543
31349,435,544
31350,435,545
31351,435,546
31352,435,547
31353,435,548
31354,435,549
31355,435,550
31356,435,551
31357,435,552
31358,435,553
31359,435,554
31360,435,555
31361,435,556
31362,435,557
31363,435,558
31364,435,559
31365,435,560
31366,436,378
31367,436,379
31368,436,380
31369,436,381
31370,436,382
31371,436,383
31372,436,384
31373,436,385
31374,436,386
31375,436,387
31376,436,388
31377,436,389
31378,436,390
31379,436,391
31380,436,392
31381,436,393
31382,436,394
31383,436,395
31384,436,396
31385,436,397
31386,436,398
31387,436,399
31388,436,400
31389,436,401
31390,436,402
31391,436,403
31392,436,404
31393,436,405
31394,436,406
31395,436,407
31396,436,408
31397,436,409
31398,436,410
31399,436,411
31400,436,412
31401,436,413
31402,436,414
31403,436,415
31404,436,416
31405,436,417
31406,436,418
31407,436,419
31408,436,420
31409,436,421
31410,436,422
31411,436,423
31412,436,424
31413,436,425
31414,436,426
31415,436,427
31416,436,428
31417,436,429
31418,436,430
31419,436,431
31420,436,432
31421,436,433
31422,436,434
31423,436,435
31424,436,436
31425,436,437
31426,436,438
31427,436,439
31428,436,440
31429,436,441
31430,436,442
31431,436,443
31432,436,444
31433,436,445
31434,436,446
31435,436,447
31436,436,448
31437,436,449
31438,436,450
31439,436,451
31440,436,452
31441,436,453
31442,436,454
31443,436,455
31444,436,456
31445,436,457
31446,436,458
31447,436,459
31448,436,460
31449,436,461
31450,436,462
31451,436,463
31452,436,464
31453,436,465
31454,436,466
31455,436,467
31456,436,468
31457,436,469
31458,436,470
31459,436,471
31460,436,472
31461,436,473
31462,436,474
31463,436,475
31464,436,476
31465,436,477
31466,436,478
31467,436,479
31468,436,480
31469,436,481
31470,436,482
31471,436,483
31472,436,484
31473,436,485
31474,436,486
31475,436,487
31476,436,488
31477,436,489
31478,436,490
31479,436,491
31480,436,492
31481,436,493
31482,436,494
31483,436,495
31484,436,496
31485,436,497
31486,436,498
31487,436,499
31488,436,500
31489,436,501
31490,436,502
31491,436,503
31492,436,504
31493,436,505
31494,436,506
31495,436,507
31496,436,508
31497,436,509
31498,436,510
31499,436,511
31500,436,512
31501,436,513
31502,436,514
31503,436,515
31504,436,516
31505,436,517
31506,436,518
31507,436,519
31508,436,520
31509,436,521
31510,436,522
31511,436,523
31512,436,524
31513,436,525
31514,436,526
31515,436,527
31516,436,528
31517,436,529
31518,436,530
31519,436,531
31520,436,532
31521,436,533
31522,436,534
31523,436,535
31524,436,536
31525,436,537
31526,436,538
31527,436,539
31528,436,540
31529,436,541
31530,436,542
31531,436,543
31532,436,544
31533,436,545
31534,436,546
31535,436,547
31536,436,548
31537,436,549
31538,436,550
31539,436,551
31540,436,552
31541,436,553
31542,436,554
31543,436,555
31544,436,556
31545,436,557
31546,436,558
31547,436,559
31548,436,560
31549,436,561
31550,437,378
31551,437,379
31552,437,380
31553,437,381
31554,437,382
31555,437,383
31556,437,384
31557,437,385
31558,437,386
31559,437,387
31560,437,388
31561,437,389
31562,437,390
31563,437,391
31564,437,392
31565,437,393
31566,437,394
31567,437,395
31568,437,396
31569,437,397
31570,437,398
31571,437,399
31572,437,400
31573,437,401
31574,437,402
31575,437,403
31576,437,404
31577,437,405
31578,437,406
31579,437,407
31580,437,408
31581,437,409
31582,437,410
31583,437,411
31584,437,412
31585,437,413
31586,437,414
31587,437,415
31588,437,416
31589,437,417
31590,437,418
31591,437,419
31592,437,420
31593,437,421
31594,437,422
31595,437,423
31596,437,424
31597,437,425
31598,437,426
31599,437,427
31600,437,428
31601,437,429
31602,437,430
31603,437,431
31604,437,432
31605,437,433
31606,437,434
31607,437,435
31608,437,436
31609,437,437
31610,437,438
31611,437,439
31612,437,440
31613,437,441
31614,437,442
31615,437,443
31616,437,444
31617,437,445
31618,437,446
31619,437,447
31620,437,448
31621,437,449
31622,437,450
31623,437,451
31624,437,452
31625,437,453
31626,437,454
31627,437,455
31628,437,456
31629,437,457
31630,437,458
31631,437,459
31632,437,460
31633,437,461
31634,437,462
31635,437,463
31636,437,464
31637,437,465
31638,437,466
31639,437,467
31640,437,468
31641,437,469
31642,437,470
31643,437,471
31644,437,472
31645,437,473
31646,437,474
31647,437,475
31648,437,476
31649,437,477
31650,437,478
31651,437,479
31652,437,480
31653,437,481
31654,437,482
31655,437,483
31656,437,484
31657,437,485
31658,437,486
31659,437,487
31660,437,488
31661,437,489
31662,437,490
31663,437,491
31664,437,492
31665,437,493
31666,437,494
31667,437,495
31668,437,496
31669,437,497
31670,437,498
31671,437,499
31672,437,500
31673,437,501
31674,437,502
31675,437,503
31676,437,504
31677,437,505
31678,437,506
31679,437,507
31680,437,508
31681,437,509
31682,437,510
31683,437,511
31684,437,512
31685,437,513
31686,437,514
31687,437,515
31688,437,516
31689,437,517
31690,437,518
31691,437,519
31692,437,520
31693,437,521
31694,437,522
31695,437,523
31696,437,524
31697,437,525
31698,437,526
31699,437,527
31700,437,528
31701,437,529
31702,437,530
31703,437,531
31704,437,532
31705,437,533
31706,437,534
31707,437,535
31708,437,536
31709,437,537
31710,437,538
31711,437,539
31712,437,540
31713,437,541
31714,437,542
31715,437,543
31716,437,544
31717,437,545
31718,437,546
31719,437,547
31720,437,548
31721,437,549
31722,437,550
31723,437,551
31724,437,552
31725,437,553
31726,437,554
31727,437,555
31728,437,556
31729,437,557
31730,437,558
31731,437,559
31732,437,560
31733,437,561
31734,438,378
31735,438,379
31736,438,380
31737,438,381
31738,438,382
31739,438,383
31740,438,384
31741,438,385
31742,438,386
31743,438,387
31744,438,388
31745,438,389
31746,438,390
31747,438,391
31748,438,392
31749,438,393
31750,438,394
31751,438,395
31752,438,396
31753,438,397
31754,438,398
31755,438,399
31756,438,400
31757,438,401
31758,438,402
31759,438,403
31760,438,404
31761,438,405
31762,438,406
31763,438,407
31764,438,408
31765,438,409
31766,438,410
31767,438,411
31768,438,412
31769,438,413
31770,438,414
31771,438,415
31772,438,416
31773,438,417
31774,438,418
31775,438,419
31776,438,420
31777,438,421
31778,438,422
31779,438,423
31780,438,424
31781,438,425
31782,438,426
31783,438,427
31784,438,428
31785,438,429
31786,438,430
31787,438,431
31788,438,432
31789,438,433
31790,438,434
31791,438,435
31792,438,436
31793,438,437
31794,438,438
31795,438,439
31796,438,440
31797,438,441
31798,438,442
31799,438,443
31800,438,444
31801,438,445
31802,438,446
31803,438,447
31804,438,448
31805,438,449
31806,438,450
31807,438,451
31808,438,452
31809,438,453
31810,438,454
31811,438,455
31812,438,456
31813,438,457
31814,438,458
31815,438,459
31816,438,460
31817,438,461
31818,438,462
31819,438,463
31820,438,464
31821,438,465
31822,438,466
31823,438,467
31824,438,468
31825,438,469
31826,438,470
31827,438,471
31828,438,472
31829,438,473
31830,438,474
31831,438,475
31832,438,476
31833,438,477
31834,438,478
31835,438,479
31836,438,480
31837,438,481
31838,438,482
31839,438,483
31840,438,484
31841,438,485
31842,438,486
31843,438,487
31844,438,488
31845,438,489
31846,438,490
31847,438,491
31848,438,492
31849,438,493
31850,438,494
31851,438,495
31852,438,496
31853,438,497
31854,438,498
31855,438,499
31856,438,500
31857,438,501
31858,438,502
31859,438,503
31860,438,504
31861,438,505
31862,438,506
31863,438,507
31864,438,508
31865,438,509
31866,438,510
31867,438,511
31868,438,512
31869,438,513
31870,438,514
31871,438,515
31872,438,516
31873,438,517
31874,438,518
31875,438,519
31876,438,520
31877,438,521
31878,438,522
31879,438,523
31880,438,524
31881,438,525
31882,438,526
31883,438,527
31884,438,528
31885,438,529
31886,438,530
31887,438,531
31888,438,532
31889,438,533
31890,438,534
31891,438,535
31892,438,536
31893,438,537
31894,438,538
31895,438,539
31896,438,540
31897,438,541
31898,438,542
31899,438,543
31900,438,544
31901,438,545
31902,438,546
31903,438,547
31904,438,548
31905,438,549
31906,438,550
31907,438,551
31908,438,552
31909,438,553
31910,438,554
31911,438,555
31912,438,556
31913,438,557
31914,438,558
31915,438,559
31916,438,560
31917,438,561
31918,438,562
31919,439,379
31920,439,380
31921,439,381
31922,439,382
31923,439,383
31924,439,384
31925,439,385
31926,439,386
31927,439,387
31928,439,388
31929,439,389
31930,439,390
31931,439,391
31932,439,392
31933,439,393
31934,439,394
31935,439,395
31936,439,396
31937,439,397
31938,439,398
31939,439,399
31940,439,400
31941,439,401
31942,439,402
31943,439,403
31944,439,404
31945,439,405
31946,439,406
31947,439,407
31948,439,408
31949,439,409
31950,439,410
31951,439,411
31952,439,412
31953,439,413
31954,439,414
31955,439,415
31956,439,416
31957,439,417
31958,439,418
31959,439,419
31960,439,420
31961,439,421
31962,439,422
31963,439,423
31964,439,424
31965,439,425
31966,439,426
31967,439,427
31968,439,428
31969,439,429
31970,439,430
31971,439,431
31972,439,432
31973,439,433
31974,439,434
31975,439,435
31976,439,436
31977,439,437
31978,439,438
31979,439,439
31980,439,440
31981,439,441
31982,439,442
31983,439,443
31984,439,444
31985,439,445
31986,439,446
31987,439,447
31988,439,448
31989,439,449
31990,439,450
31991,439,451
31992,439,452
31993,439,453
31994,439,454
31995,439,455
31996,439,456
31997,439,457
31998,439,458
31999,439,459
32000,439,460
32001,439,461
32002,439,462
32003,439,463
32004,439,464
32005,439,465
32006,439,466
32007,439,467
32008,439,468
32009,439,469
32010,439,470
32011,439,471
32012,439,472
32013,439,473
32014,439,474
32015,439,475
32016,439,476
32017,439,477
32018,439,478
32019,439,479
32020,439,480
32021,439,481
32022,439,482
32023,439,483
32024,439,484
32025,439,485
32026,439,486
32027,439,487
32028,439,488
32029,439,489
32030,439,490
32031,439,491
32032,439,492
32033,439,493
32034,439,494
32035,439,495
32036,439,496
32037,439,497
32038,439,498
32039,439,499
32040,439,500
32041,439,501
32042,439,502
32043,439,503
32044,439,504
32045,439,505
32046,439,506
32047,439,507
32048,439,508
32049,439,509
32050,439,510
32051,439,511
32052,439,512
32053,439,513
32054,439,514
32055,439,515
32056,439,516
32057,439,517
32058,439,518
32059,439,519
32060,439,520
32061,439,521
32062,439,522
32063,439,523
32064,439,524
32065,439,525
32066,439,526
32067,439,527
32068,439,528
32069,439,529
32070,439,530
32071,439,531
32072,439,532
32073,439,533
32074,439,534
32075,439,535
32076,439,536
32077,439,537
32078,439,538
32079,439,539
32080,439,540
32081,439,541
32082,439,542
32083,439,543
32084,439,544
32085,439,545
32086,439,546
32087,439,547
32088,439,548
32089,439,549
32090,439,550
32091,439,551
32092,439,552
32093,439,553
32094,439,554
32095,439,555
32096,439,556
32097,439,557
32098,439,558
32099,439,559
32100,439,560
32101,439,561
32102,439,562
32103,440,379
32104,440,380
32105,440,381
32106,440,382
32107,440,383
32108,440,384
32109,440,385
32110,440,386
32111,440,387
32112,440,388
32113,440,389
32114,440,390
32115,440,391
32116,440,392
32117,440,393
32118,440,394
32119,440,395
32120,440,396
32121,440,397
32122,440,398
32123,440,399
32124,440,400
32125,440,401
32126,440,402
32127,440,403
32128,440,404
32129,440,405
32130,440,406
32131,440,407
32132,440,408
32133,440,409
32134,440,410
32135,440,411
32136,440,412
32137,440,413
32138,440,414
32139,440,415
32140,440,416
32141,440,417
32142,440,418
32143,440,419
32144,440,420
32145,440,421
32146,440,422
32147,440,423
32148,440,424
32149,440,425
32150,440,426
32151,440,427
32152,440,428
32153,440,429
32154,440,430
32155,440,431
32156,440,432
32157,440,433
32158,440,434
32159,440,435
32160,440,436
32161,440,437
32162,440,438
32163,440,439
32164,440,440
32165,440,441
32166,440,442
32167,440,443
32168,440,444
32169,440,445
32170,440,446
32171,440,447
32172,440,448
32173,440,449
32174,440,450
32175,440,451
32176,440,452
32177,440,453
32178,440,454
32179,440,455
32180,440,456
32181,440,457
32182,440,458
32183,440,459
32184,440,460
32185,440,461
32186,440,462
32187,440,463
32188,440,464
32189,440,465
32190,440,466
32191,440,467
32192,440,468
32193,440,469
32194,440,470
32195,440,471
32196,440,472
32197,440,473
32198,440,474
32199,440,475
32200,440,476
32201,440,477
32202,440,478
32203,440,479
32204,440,480
32205,440,481
32206,440,482
32207,440,483
32208,440,484
32209,440,485
32210,440,486
32211,440,487
32212,440,488
32213,440,489
32214,440,490
32215,440,491
32216,440,492
32217,440,493
32218,440,494
32219,440,495
32220,440,496
32221,440,497
32222,440,498
32223,440,499
32224,440,500
32225,440,501
32226,440,502
32227,440,503
32228,440,504
32229,440,505
32230,440,506
32231,440,507
32232,440,508
32233,440,509
32234,440,510
32235,440,511
32236,440,512
32237,440,513
32238,440,514
32239,440,515
32240,440,516
32241,440,517
32242,440,518
32243,440,519
32244,440,520
32245,440,521
32246,440,522
32247,440,523
32248,440,524
32249,440,525
32250,440,526
32251,440,527
32252,440,528
32253,440,529
32254,440,530
32255,440,531
32256,440,532
32257,440,533
32258,440,534
32259,440,535
32260,440,536
32261,440,537
32262,440,538
32263,440,539
32264,440,540
32265,440,541
32266,440,542
32267,440,543
32268,440,544
32269,440,545
32270,440,546
32271,440,547
32272,440,548
32273,440,549
32274,440,550
32275,440,551
32276,440,552
32277,440,553
32278,440,554
32279,440,555
32280,440,556
32281,440,557
32282,440,558
32283,440,559
32284,440,560
32285,440,561
32286,440,562
32287,441,379
32288,441,380
32289,441,381
32290,441,382
32291,441,383
32292,441,384
32293,441,385
32294,441,386
32295,441,387
32296,441,388
32297,441,389
32298,441,390
32299,441,391
32300,441,392
32301,441,393
32302,441,394
32303,441,395
32304,441,396
32305,441,397
32306,441,398
32307,441,399
32308,441,400
32309,441,401
32310,441,402
32311,441,403
32312,441,404
32313,441,405
32314,441,406
32315,441,407
32316,441,408
32317,441,409
32318,441,410
32319,441,411
32320,441,412
32321,441,413
32322,441,414
32323,441,415
32324,441,416
32325,441,417
32326,441,418
32327,441,419
32328,441,420
32329,441,421
32330,441,422
32331,441,423
32332,441,424
32333,441,425
32334,441,426
32335,441,427
32336,441,428
32337,441,429
32338,441,430
32339,441,431
32340,441,432
32341,441,433
32342,441,434
32343,441,435
32344,441,436
32345,441,437
32346,441,438
32347,441,439
32348,441,440
32349,441,441
32350,441,442
32351,441,443
32352,441,444
32353,441,445
32354,441,446
32355,441,447
32356,441,448
32357,441,449
32358,441,450
32359,441,451
32360,441,452
32361,441,453
32362,441,454
32363,441,455
32364,441,456
32365,441,457
32366,441,458
32367,441,459
32368,441,460
32369,441,461
32370,441,462
32371,441,463
32372,441,464
32373,441,465
32374,441,466
32375,441,467
32376,441,468
32377,441,469
32378,441,470
32379,441,471
32380,441,472
32381,441,473
32382,441,474
32383,441,475
32384,441,476
32385,441,477
32386,441,478
32387,441,479
32388,441,480
32389,441,481
32390,441,482
32391,441,483
32392,441,484
32393,441,485
32394,441,486
32395,441,487
32396,441,488
32397,441,489
32398,441,490
32399,441,491
32400,441,492
32401,441,493
32402,441,494
32403,441,495
32404,441,496
32405,441,497
32406,441,498
32407,441,499
32408,441,500
32409,441,501
32410,441,502
32411,441,503
32412,441,504
32413,441,505
32414,441,506
32415,441,507
32416,441,508
32417,441,509
32418,441,510
32419,441,511
32420,441,512
32421,441,513
32422,441,514
32423,441,515
32424,441,516
32425,441,517
32426,441,518
32427,441,519
32428,441,520
32429,441,521
32430,441,522
32431,441,523
32432,441,524
32433,441,525
32434,441,526
32435,441,527
32436,441,528
32437,441,529
32438,441,530
32439,441,531
32440,441,532
32441,441,533
32442,441,534
32443,441,535
32444,441,536
32445,441,537
32446,441,538
32447,441,539
32448,441,540
32449,441,541
32450,441,542
32451,441,543
32452,441,544
32453,441,545
32454,441,546
32455,441,547
32456,441,548
32457,441,549
32458,441,550
32459,441,551
32460,441,552
32461,441,553
32462,441,554
32463,441,555
32464,441,556
32465,441,557
32466,441,558
32467,441,559
32468,441,560
32469,441,561
32470,441,562
32471,441,563
32472,442,379
32473,442,380
32474,442,381
32475,442,382
32476,442,383
32477,442,384
32478,442,385
32479,442,386
32480,442,387
32481,442,388
32482,442,389
32483,442,390
32484,442,391
32485,442,392
32486,442,393
32487,442,394
32488,442,395
32489,442,396
32490,442,397
32491,442,398
32492,442,399
32493,442,400
32494,442,401
32495,442,402
32496,442,403
32497,442,404
32498,442,405
32499,442,406
32500,442,407
32501,442,408
32502,442,409
32503,442,410
32504,442,411
32505,442,412
32506,442,413
32507,442,414
32508,442,415
32509,442,416
32510,442,417
32511,442,418
32512,442,419
32513,442,420
32514,442,421
32515,442,422
32516,442,423
32517,442,424
32518,442,425
32519,442,426
32520,442,427
32521,442,428
32522,442,429
32523,442,430
32524,442,431
32525,442,432
32526,442,433
32527,442,434
32528,442,435
32529,442,436
32530,442,437
32531,442,438
32532,442,439
32533,442,440
32534,442,441
32535,442,442
32536,442,443
32537,442,444
32538,442,445
32539,442,446
32540,442,447
32541,442,448
32542,442,449
32543,442,450
32544,442,451
32545,442,452
32546,442,453
32547,442,454
32548,442,455
32549,442,456
32550,442,457
32551,442,458
32552,442,459
32553,442,460
32554,442,461
32555,442,462
32556,442,463
32557,442,464
32558,442,465
32559,442,466
32560,442,467
32561,442,468
32562,442,469
32563,442,470
32564,442,471
32565,442,472
32566,442,473
32567,442,474
32568,442,475
32569,442,476
32570,442,477
32571,442,478
32572,442,479
32573,442,480
32574,442,481
32575,442,482
32576,442,483
32577,442,484
32578,442,485
32579,442,486
32580,442,487
32581,442,488
32582,442,489
32583,442,490
32584,442,491
32585,442,492
32586,442,493
32587,442,494
32588,442,495
32589,442,496
32590,442,497
32591,442,498
32592,442,499
32593,442,500
32594,442,501
32595,442,502
32596,442,503
32597,442,504
32598,442,505
32599,442,506
32600,442,507
32601,442,508
32602,442,509
32603,442,510
32604,442,511
32605,442,512
32606,442,513
32607,442,514
32608,442,515
32609,442,516
32610,442,517
32611,442,518
32612,442,519
32613,442,520
32614,442,521
32615,442,522
32616,442,523
32617,442,524
32618,442,525
32619,442,526
32620,442,527
32621,442,528
32622,442,529
32623,442,530
32624,442,531
32625,442,532
32626,442,533
32627,442,534
32628,442,535
32629,442,536
32630,442,537
32631,442,538
32632,442,539
32633,442,540
32634,442,541
32635,442,542
32636,442,543
32637,442,544
32638,442,545
32639,442,546
32640,442,547
32641,442,548
32642,442,549
32643,442,550
32644,442,551
32645,442,552
32646,442,553
32647,442,554
32648,442,555
32649,442,556
32650,442,557
32651,442,558
32652,442,559
32653,442,560
32654,442,561
32655,442,562
32656,442,563
32657,442,564
32658,443,380
32659,443,381
32660,443,382
32661,443,383
32662,443,384
32663,443,385
32664,443,386
32665,443,387
32666,443,388
32667,443,389
32668,443,390
32669,443,391
32670,443,392
32671,443,393
32672,443,394
32673,443,395
32674,443,396
32675,443,397
32676,443,398
32677,443,399
32678,443,400
32679,443,401
32680,443,402
32681,443,403
32682,443,404
32683,443,405
32684,443,406
32685,443,407
32686,443,408
32687,443,409
32688,443,410
32689,443,411
32690,443,412
32691,443,413
32692,443,414
32693,443,415
32694,443,416
32695,443,417
32696,443,418
32697,443,419
32698,443,420
32699,443,421
32700,443,422
32701,443,423
32702,443,424
32703,443,425
32704,443,426
32705,443,427
32706,443,428
32707,443,429
32708,443,430
32709,443,431
32710,443,432
32711,443,433
32712,443,434
32713,443,435
32714,443,436
32715,443,437
32716,443,438
32717,443,439
32718,443,440
32719,443,441
32720,443,442
32721,443,443
32722,443,444
32723,443,445
32724,443,446
32725,443,447
32726,443,448
32727,443,449
32728,443,450
32729,443,451
32730,443,452
32731,443,453
32732,443,454
32733,443,455
32734,443,456
32735,443,457
32736,443,458
32737,443,459
32738,443,460
32739,443,461
32740,443,462
32741,443,463
32742,443,464
32743,443,465
32744,443,466
32745,443,467
32746,443,468
32747,443,469
32748,443,470
32749,443,471
32750,443,472
32751,443,473
32752,443,474
32753,443,475
32754,443,476
32755,443,477
32756,443,478
32757,443,479
32758,443,480
32759,443,481
32760,443,482
32761,443,483
32762,443,484
32763,443,485
32764,443,486
32765,443,487
32766,443,488
32767,443,489
32768,443,490
32769,443,491
32770,443,492
32771,443,493
32772,443,494
32773,443,495
32774,443,496
32775,443,497
32776,443,498
32777,443,499
32778,443,500
32779,443,501
32780,443,502
32781,443,503
32782,443,504
32783,443,505
32784,443,506
32785,443,507
32786,443,508
32787,443,509
32788,443,510
32789,443,511
32790,443,512
32791,443,513
32792,443,514
32793,443,515
32794,443,516
32795,443,517
32796,443,518
32797,443,519
32798,443,520
32799,443,521
32800,443,522
32801,443,523
32802,443,524
32803,443,525
32804,443,526
32805,443,527
32806,443,528
32807,443,529
32808,443,530
32809,443,531
32810,443,532
32811,443,533
32812,443,534
32813,443,535
32814,443,536
32815,443,537
32816,443,538
32817,443,539
32818,443,540
32819,443,541
32820,443,542
32821,443,543
32822,443,544
32823,443,545
32824,443,546
32825,443,547
32826,443,548
32827,443,549
32828,443,550
32829,443,551
32830,443,552
32831,443,553
32832,443,554
32833,443,555
32834,443,556
32835,443,557
32836,443,558
32837,443,559
32838,443,560
32839,443,561
32840,443,562
32841,443,563
32842,443,564
32843,443,565
32844,443,566
32845,444,381
32846,444,382
32847,444,383
32848,444,384
32849,444,385
32850,444,386
32851,444,387
32852,444,388
32853,444,389
32854,444,390
32855,444,391
32856,444,392
32857,444,393
32858,444,394
32859,444,395
32860,444,396
32861,444,397
32862,444,398
32863,444,399
32864,444,400
32865,444,401
32866,444,402
32867,444,403
32868,444,404
32869,444,405
32870,444,406
32871,444,407
32872,444,408
32873,444,409
32874,444,410
32875,444,411
32876,444,412
32877,444,413
32878,444,414
32879,444,415
32880,444,416
32881,444,417
32882,444,418
32883,444,419
32884,444,420
32885,444,421
32886,444,422
32887,444,423
32888,444,424
32889,444,425
32890,444,426
32891,444,427
32892,444,428
32893,444,429
32894,444,430
32895,444,431
32896,444,432
32897,444,433
32898,444,434
32899,444,435
32900,444,436
32901,444,437
32902,444,438
32903,444,439
32904,444,440
32905,444,441
32906,444,442
32907,444,443
32908,444,444
32909,444,445
32910,444,446
32911,444,447
32912,444,448
32913,444,449
32914,444,450
32915,444,451
32916,444,452
32917,444,453
32918,444,454
32919,444,455
32920,444,456
32921,444,457
32922,444,458
32923,444,459
32924,444,460
32925,444,461
32926,444,462
32927,444,463
32928,444,464
32929,444,465
32930,444,466
32931,444,467
32932,444,468
32933,444,469
32934,444,470
32935,444,471
32936,444,472
32937,444,473
32938,444,474
32939,444,475
32940,444,476
32941,444,477
32942,444,478
32943,444,479
32944,444,480
32945,444,481
32946,444,482
32947,444,483
32948,444,484
32949,444,485
32950,444,486
32951,444,487
32952,444,488
32953,444,489
32954,444,490
32955,444,491
32956,444,492
32957,444,493
32958,444,494
32959,444,495
32960,444,496
32961,444,497
32962,444,498
32963,444,499
32964,444,500
32965,444,501
32966,444,502
32967,444,503
32968,444,504
32969,444,505
32970,444,506
32971,444,507
32972,444,508
32973,444,509
32974,444,510
32975,444,511
32976,444,512
32977,444,513
32978,444,514
32979,444,515
32980,444,516
32981,444,517
32982,444,518
32983,444,519
32984,444,520
32985,444,521
32986,444,522
32987,444,523
32988,444,524
32989,444,525
32990,444,526
32991,444,527
32992,444,528
32993,444,529
32994,444,530
32995,444,531
32996,444,532
32997,444,533
32998,444,534
32999,444,535
33000,444,536
33001,444,537
33002,444,538
33003,444,539
33004,444,540
33005,444,541
33006,444,542
33007,444,543
33008,444,544
33009,444,545
33010,444,546
33011,444,547
33012,444,548
33013,444,549
33014,444,550
33015,444,551
33016,444,552
33017,444,553
33018,444,554
33019,444,555
33020,444,556
33021,444,557
33022,444,558
33023,444,559
33024,444,560
33025,444,561
33026,444,562
33027,444,563
33028,444,564
33029,444,565
33030,444,566
33031,444,567
33032,445,382
33033,445,383
33034,445,384
33035,445,385
33036,445,386
33037,445,387
33038,445,388
33039,445,389
33040,445,390
33041,445,391
33042,445,392
33043,445,393
33044,445,394
33045,445,395
33046,445,396
33047,445,397
33048,445,398
33049,445,399
33050,445,400
33051,445,401
33052,445,402
33053,445,403
33054,445,404
33055,445,405
33056,445,406
33057,445,407
33058,445,408
33059,445,409
33060,445,410
33061,445,411
33062,445,412
33063,445,413
33064,445,414
33065,445,415
33066,445,416
33067,445,417
33068,445,418
33069,445,419
33070,445,420
33071,445,421
33072,445,422
33073,445,423
33074,445,424
33075,445,425
33076,445,426
33077,445,427
33078,445,428
33079,445,429
33080,445,430
33081,445,431
33082,445,432
33083,445,433
33084,445,434
33085,445,435
33086,445,436
33087,445,437
33088,445,438
33089,445,439
33090,445,440
33091,445,441
33092,445,442
33093,445,443
33094,445,444
33095,445,445
33096,445,446
33097,445,447
33098,445,448
33099,445,449
33100,445,450
33101,445,451
33102,445,452
33103,445,453
33104,445,454
33105,445,455
33106,445,456
33107,445,457
33108,445,458
33109,445,459
33110,445,460
33111,445,461
33112,445,462
33113,445,463
33114,445,464
33115,445,465
33116,445,466
33117,445,467
33118,445,468
33119,445,469
33120,445,470
33121,445,471
33122,445,472
33123,445,473
33124,445,474
33125,445,475
33126,445,476
33127,445,477
33128,445,478
33129,445,479
33130,445,480
33131,445,481
33132,445,482
33133,445,483
33134,445,484
33135,445,485
33136,445,486
33137,445,487
33138,445,488
33139,445,489
33140,445,490
33141,445,491
33142,445,492
33143,445,493
33144,445,494
33145,445,495
33146,445,496
33147,445,497
33148,445,498
33149,445,499
33150,445,500
33151,445,501
33152,445,502
33153,445,503
33154,445,504
33155,445,505
33156,445,506
33157,445,507
33158,445,508
33159,445,509
33160,445,510
33161,445,511
33162,445,512
33163,445,513
33164,445,514
33165,445,515
33166,445,516
33167,445,517
33168,445,518
33169,445,519
33170,445,520
33171,445,521
33172,445,522
33173,445,523
33174,445,524
33175,445,525
33176,445,526
33177,445,527
33178,445,528
33179,445,529
33180,445,530
33181,445,531
33182,445,532
33183,445,533
33184,445,534
33185,445,535
33186,445,536
33187,445,537
33188,445,538
33189,445,539
33190,445,540
33191,445,541
33192,445,542
33193,445,543
33194,445,544
33195,445,545
33196,445,546
33197,445,547
33198,445,548
33199,445,549
33200,445,550
33201,445,551
33202,445,552
33203,445,553
33204,445,554
33205,445,555
33206,445,556
33207,445,557
33208,445,558
33209,445,559
33210,445,560
33211,445,561
33212,445,562
33213,445,563
33214,445,564
33215,445,565
33216,445,566
33217,445,567
33218,445,568
33219,446,382
33220,446,383
33221,446,384
33222,446,385
33223,446,386
33224,446,387
33225,446,388
33226,446,389
33227,446,390
33228,446,391
33229,446,392
33230,446,393
33231,446,394
33232,446,395
33233,446,396
33234,446,397
33235,446,398
33236,446,399
33237,446,400
33238,446,401
33239,446,402
33240,446,403
33241,446,404
33242,446,405
33243,446,406
33244,446,407
33245,446,408
33246,446,409
33247,446,410
33248,446,411
33249,446,412
33250,446,413
33251,446,414
33252,446,415
33253,446,416
33254,446,417
33255,446,418
33256,446,419
33257,446,420
33258,446,421
33259,446,422
33260,446,423
33261,446,424
33262,446,425
33263,446,426
33264,446,427
33265,446,428
33266,446,429
33267,446,430
33268,446,431
33269,446,432
33270,446,433
33271,446,434
33272,446,435
33273,446,436
33274,446,437
33275,446,438
33276,446,439
33277,446,440
33278,446,441
33279,446,442
33280,446,443
33281,446,444
33282,446,445
33283,446,446
33284,446,447
33285,446,448
33286,446,449
33287,446,450
33288,446,451
33289,446,452
33290,446,453
33291,446,454
33292,446,455
33293,446,456
33294,446,457
33295,446,458
33296,446,459
33297,446,460
33298,446,461
33299,446,462
33300,446,463
33301,446,464
33302,446,465
33303,446,466
33304,446,467
33305,446,468
33306,446,469
33307,446,470
33308,446,471
33309,446,472
33310,446,473
33311,446,474
33312,446,475
33313,446,476
33314,446,477
33315,446,478
33316,446,479
33317,446,480
33318,446,481
33319,446,482
33320,446,483
33321,446,484
33322,446,485
33323,446,486
33324,446,487
33325,446,488
33326,446,489
33327,446,490
33328,446,491
33329,446,492
33330,446,493
33331,446,494
33332,446,495
33333,446,496
33334,446,497
33335,446,498
33336,446,499
33337,446,500
33338,446,501
33339,446,502
33340,446,503
33341,446,504
33342,446,505
33343,446,506
33344,446,507
33345,446,508
33346,446,509
33347,446,510
33348,446,511
33349,446,512
33350,446,513
33351,446,514
33352,446,515
33353,446,516
33354,446,517
33355,446,518
33356,446,519
33357,446,520
33358,446,521
33359,446,522
33360,446,523
33361,446,524
33362,446,525
33363,446,526
33364,446,527
33365,446,528
33366,446,529
33367,446,530
33368,446,531
33369,446,532
33370,446,533
33371,446,534
33372,446,535
33373,446,536
33374,446,537
33375,446,538
33376,446,539
33377,446,540
33378,446,541
33379,446,542
33380,446,543
33381,446,544
33382,446,545
33383,446,546
33384,446,547
33385,446,548
33386,446,549
33387,446,550
33388,446,551
33389,446,552
33390,446,553
33391,446,554
33392,446,555
33393,446,556
33394,446,557
33395,446,558
33396,446,559
33397,446,560
33398,446,561
33399,446,562
33400,446,563
33401,446,564
33402,446,565
33403,446,566
33404,446,567
33405,446,568
33406,447,383
33407,447,384
33408,447,385
33409,447,386
33410,447,387
33411,447,388
33412,447,389
33413,447,390
33414,447,391
33415,447,392
33416,447,393
33417,447,394
33418,447,395
33419,447,396
33420,447,397
33421,447,398
33422,447,399
33423,447,400
33424,447,401
33425,447,402
33426,447,403
33427,447,404
33428,447,405
33429,447,406
33430,447,407
33431,447,408
33432,447,409
33433,447,410
33434,447,411
33435,447,412
33436,447,413
33437,447,414
33438,447,415
33439,447,416
33440,447,417
33441,447,418
33442,447,419
33443,447,420
33444,447,421
33445,447,422
33446,447,423
33447,447,424
33448,447,425
33449,447,426
33450,447,427
33451,447,428
33452,447,429
33453,447,430
33454,447,431
33455,447,432
33456,447,433
33457,447,434
33458,447,435
33459,447,436
33460,447,437
33461,447,438
33462,447,439
33463,447,440
33464,447,441
33465,447,442
33466,447,443
33467,447,444
33468,447,445
33469,447,446
33470,447,447
33471,447,448
33472,447,449
33473,447,450
33474,447,451
33475,447,452
33476,447,453
33477,447,454
33478,447,455
33479,447,456
33480,447,457
33481,447,458
33482,447,459
33483,447,460
33484,447,461
33485,447,462
33486,447,463
33487,447,464
33488,447,465
33489,447,466
33490,447,467
33491,447,468
33492,447,469
33493,447,470
33494,447,471
33495,447,472
33496,447,473
33497,447,474
33498,447,475
33499,447,476
33500,447,477
33501,447,478
33502,447,479
33503,447,480
33504,447,481
33505,447,482
33506,447,483
33507,447,484
33508,447,485
33509,447,486
33510,447,487
33511,447,488
33512,447,489
33513,447,490
33514,447,491
33515,447,492
33516,447,493
33517,447,494
33518,447,495
33519,447,496
33520,447,497
33521,447,498
33522,447,499
33523,447,500
33524,447,501
33525,447,502
33526,447,503
33527,447,504
33528,447,505
33529,447,506
33530,447,507
33531,447,508
33532,447,509
33533,447,510
33534,447,511
33535,447,512
33536,447,513
33537,447,514
33538,447,515
33539,447,516
33540,447,517
33541,447,518
33542,447,519
33543,447,520
33544,447,521
33545,447,522
33546,447,523
33547,447,524
33548,447,525
33549,447,526
33550,447,527
33551,447,528
33552,447,529
33553,447,530
33554,447,531
33555,447,532
33556,447,533
33557,447,534
33558,447,535
33559,447,536
33560,447,537
33561,447,538
33562,447,539
33563,447,540
33564,447,541
33565,447,542
33566,447,543
33567,447,544
33568,447,545
33569,447,546
33570,447,547
33571,447,548
33572,447,549
33573,447,550
33574,447,551
33575,447,552
33576,447,553
33577,447,554
33578,447,555
33579,447,556
33580,447,557
33581,447,558
33582,447,559
33583,447,560
33584,447,561
33585,447,562
33586,447,563
33587,447,564
33588,447,565
33589,447,566
33590,447,567
33591,447,568
33592,447,569
33593,448,383
33594,448,384
33595,448,385
33596,448,386
33597,448,387
33598,448,388
33599,448,389
33600,448,390
33601,448,391
33602,448,392
33603,448,393
33604,448,394
33605,448,395
33606,448,396
33607,448,397
33608,448,398
33609,448,399
33610,448,400
33611,448,401
33612,448,402
33613,448,403
33614,448,404
33615,448,405
33616,448,406
33617,448,407
33618,448,408
33619,448,409
33620,448,410
33621,448,411
33622,448,412
33623,448,413
33624,448,414
33625,448,415
33626,448,416
33627,448,417
33628,448,418
33629,448,419
33630,448,420
33631,448,421
33632,448,422
33633,448,423
33634,448,424
33635,448,425
33636,448,426
33637,448,427
33638,448,428
33639,448,429
33640,448,430
33641,448,431
33642,448,432
33643,448,433
33644,448,434
33645,448,435
33646,448,436
33647,448,437
33648,448,438
33649,448,439
33650,448,440
33651,448,441
33652,448,442
33653,448,443
33654,448,444
33655,448,445
33656,448,446
33657,448,447
33658,448,448
33659,448,449
33660,448,450
33661,448,451
33662,448,452
33663,448,453
33664,448,454
33665,448,455
33666,448,456
33667,448,457
33668,448,458
33669,448,459
33670,448,460
33671,448,461
33672,448,462
33673,448,463
33674,448,464
33675,448,465
33676,448,466
33677,448,467
33678,448,468
33679,448,469
33680,448,470
33681,448,471
33682,448,472
33683,448,473
33684,448,474
33685,448,475
33686,448,476
33687,448,477
33688,448,478
33689,448,479
33690,448,480
33691,448,481
33692,448,482
33693,448,483
33694,448,484
33695,448,485
33696,448,486
33697,448,487
33698,448,488
33699,448,489
33700,448,490
33701,448,491
33702,448,492
33703,448,493
33704,448,494
33705,448,495
33706,448,496
33707,448,497
33708,448,498
33709,448,499
33710,448,500
33711,448,501
33712,448,502
33713,448,503
33714,448,504
33715,448,505
33716,448,506
33717,448,507
33718,448,508
33719,448,509
33720,448,510
33721,448,511
33722,448,512
33723,448,513
33724,448,514
33725,448,515
33726,448,516
33727,448,517
33728,448,518
33729,448,519
33730,448,520
33731,448,521
33732,448,522
33733,448,523
33734,448,524
33735,448,525
33736,448,526
33737,448,527
33738,448,528
33739,448,529
33740,448,530
33741,448,531
33742,448,532
33743,448,533
33744,448,534
33745,448,535
33746,448,536
33747,448,537
33748,448,538
33749,448,539
33750,448,540
33751,448,541
33752,448,542
33753,448,543
33754,448,544
33755,448,545
33756,448,546
33757,448,547
33758,448,548
33759,448,549
33760,448,550
33761,448,551
33762,448,552
33763,448,553
33764,448,554
33765,448,555
33766,448,556
33767,448,557
33768,448,558
33769,448,559
33770,448,560
33771,448,561
33772,448,562
33773,448,563
33774,448,564
33775,448,565
33776,448,566
33777,448,567
33778,448,568
33779,448,569
33780,448,570
33781,449,384
33782,449,385
33783,449,386
33784,449,387
33785,449,388
33786,449,389
33787,449,390
33788,449,391
33789,449,392
33790,449,393
33791,449,394
33792,449,395
33793,449,396
33794,449,397
33795,449,398
33796,449,399
33797,449,400
33798,449,401
33799,449,402
33800,449,403
33801,449,404
33802,449,405
33803,449,406
33804,449,407
33805,449,408
33806,449,409
33807,449,410
33808,449,411
33809,449,412
33810,449,413
33811,449,414
33812,449,415
33813,449,416
33814,449,417
33815,449,418
33816,449,419
33817,449,420
33818,449,421
33819,449,422
33820,449,423
33821,449,424
33822,449,425
33823,449,426
33824,449,427
33825,449,428
33826,449,429
33827,449,430
33828,449,431
33829,449,432
33830,449,433
33831,449,434
33832,449,435
33833,449,436
33834,449,437
33835,449,438
33836,449,439
33837,449,440
33838,449,441
33839,449,442
33840,449,443
33841,449,444
33842,449,445
33843,449,446
33844,449,447
33845,449,448
33846,449,449
33847,449,450
33848,449,451
33849,449,452
33850,449,453
33851,449,454
33852,449,455
33853,449,456
33854,449,457
33855,449,458
33856,449,459
33857,449,460
33858,449,461
33859,449,462
33860,449,463
33861,449,464
33862,449,465
33863,449,466
33864,449,467
33865,449,468
33866,449,469
33867,449,470
33868,449,471
33869,449,472
33870,449,473
33871,449,474
33872,449,475
33873,449,476
33874,449,477
33875,449,478
33876,449,479
33877,449,480
33878,449,481
33879,449,482
33880,449,483
33881,449,484
33882,449,485
33883,449,486
33884,449,487
33885,449,488
33886,449,489
33887,449,490
33888,449,491
33889,449,492
33890,449,493
33891,449,494
33892,449,495
33893,449,496
33894,449,497
33895,449,498
33896,449,499
33897,449,500
33898,449,501
33899,449,502
33900,449,503
33901,449,504
33902,449,505
33903,449,506
33904,449,507
33905,449,508
33906,449,509
33907,449,510
33908,449,511
33909,449,512
33910,449,513
33911,449,514
33912,449,515
33913,449,516
33914,449,517
33915,449,518
33916,449,519
33917,449,520
33918,449,521
33919,449,522
33920,449,523
33921,449,524
33922,449,525
33923,449,526
33924,449,527
33925,449,528
33926,449,529
33927,449,530
33928,449,531
33929,449,532
33930,449,533
33931,449,534
33932,449,535
33933,449,536
33934,449,537
33935,449,538
33936,449,539
33937,449,540
33938,449,541
33939,449,542
33940,449,543
33941,449,544
33942,449,545
33943,449,546
33944,449,547
33945,449,548
33946,449,549
33947,449,550
33948,449,551
33949,449,552
33950,449,553
33951,449,554
33952,449,555
33953,449,556
33954,449,557
33955,449,558
33956,449,559
33957,449,560
33958,449,561
33959,449,562
33960,449,563
33961,449,564
33962,449,565
33963,449,566
33964,449,567
33965,449,568
33966,449,569
33967,449,570
33968,450,384
33969,450,385
33970,450,386
33971,450,387
33972,450,388
33973,450,389
33974,450,390
33975,450,391
33976,450,392
33977,450,393
33978,450,394
33979,450,395
33980,450,396
33981,450,397
33982,450,398
33983,450,399
33984,450,400
33985,450,401
33986,450,402
33987,450,403
33988,450,404
33989,450,405
33990,450,406
33991,450,407
33992,450,408
33993,450,409
33994,450,410
33995,450,411
33996,450,412
33997,450,413
33998,450,414
33999,450,415
34000,450,416
34001,450,417
34002,450,418
34003,450,419
34004,450,420
34005,450,421
34006,450,422
34007,450,423
34008,450,424
34009,450,425
34010,450,426
34011,450,427
34012,450,428
34013,450,429
34014,450,430
34015,450,431
34016,450,432
34017,450,433
34018,450,434
34019,450,435
34020,450,436
34021,450,437
34022,450,438
34023,450,439
34024,450,440
34025,450,441
34026,450,442
34027,450,443
34028,450,444
34029,450,445
34030,450,446
34031,450,447
34032,450,448
34033,450,449
34034,450,450
34035,450,451
34036,450,452
34037,450,453
34038,450,454
34039,450,455
34040,450,456
34041,450,457
34042,450,458
34043,450,459
34044,450,460
34045,450,461
34046,450,462
34047,450,463
34048,450,464
34049,450,465
34050,450,466
34051,450,467
34052,450,468
34053,450,469
34054,450,470
34055,450,471
34056,450,472
34057,450,473
34058,450,474
34059,450,475
34060,450,476
34061,450,477
34062,450,478
34063,450,479
34064,450,480
34065,450,481
34066,450,482
34067,450,483
34068,450,484
34069,450,485
34070,450,486
34071,450,487
34072,450,488
34073,450,489
34074,450,490
34075,450,491
34076,450,492
34077,450,493
34078,450,494
34079,450,495
34080,450,496
34081,450,497
34082,450,498
34083,450,499
34084,450,500
34085,450,501
34086,450,502
34087,450,503
34088,450,504
34089,450,505
34090,450,506
34091,450,507
34092,450,508
34093,450,509
34094,450,510
34095,450,511
34096,450,512
34097,450,513
34098,450,514
34099,450,515
34100,450,516
34101,450,517
34102,450,518
34103,450,519
34104,450,520
34105,450,521
34106,450,522
34107,450,523
34108,450,524
34109,450,525
34110,450,526
34111,450,527
34112,450,528
34113,450,529
34114,450,530
34115,450,531
34116,450,532
34117,450,533
34118,450,534
34119,450,535
34120,450,536
34121,450,537
34122,450,538
34123,450,539
34124,450,540
34125,450,541
34126,450,542
34127,450,543
34128,450,544
34129,450,545
34130,450,546
34131,450,547
34132,450,548
34133,450,549
34134,450,550
34135,450,551
34136,450,552
34137,450,553
34138,450,554
34139,450,555
34140,450,556
34141,450,557
34142,450,558
34143,450,559
34144,450,560
34145,450,561
34146,450,562
34147,450,563
34148,450,564
34149,450,565
34150,450,566
34151,450,567
34152,450,568
34153,450,569
34154,450,570
34155,451,384
34156,451,385
34157,451,386
34158,451,387
34159,451,388
34160,451,389
34161,451,390
34162,451,391
34163,451,392
34164,451,393
34165,451,394
34166,451,395
34167,451,396
34168,451,397
34169,451,398
34170,451,399
34171,451,400
34172,451,401
34173,451,402
34174,451,403
34175,451,404
34176,451,405
34177,451,406
34178,451,407
34179,451,408
34180,451,409
34181,451,410
34182,451,411
34183,451,412
34184,451,413
34185,451,414
34186,451,415
34187,451,416
34188,451,417
34189,451,418
34190,451,419
34191,451,420
34192,451,421
34193,451,422
34194,451,423
34195,451,424
34196,451,425
34197,451,426
34198,451,427
34199,451,428
34200,451,429
34201,451,430
34202,451,431
34203,451,432
34204,451,433
34205,451,434
34206,451,435
34207,451,436
34208,451,437
34209,451,438
34210,451,439
34211,451,440
34212,451,441
34213,451,442
34214,451,443
34215,451,444
34216,451,445
34217,451,446
34218,451,447
34219,451,448
34220,451,449
34221,451,450
34222,451,451
34223,451,452
34224,451,453
34225,451,454
34226,451,455
34227,451,456
34228,451,457
34229,451,458
34230,451,459
34231,451,460
34232,451,461
34233,451,462
34234,451,463
34235,451,464
34236,451,465
34237,451,466
34238,451,467
34239,451,468
34240,451,469
34241,451,470
34242,451,471
34243,451,472
34244,451,473
34245,451,474
34246,451,475
34247,451,476
34248,451,477
34249,451,478
34250,451,479
34251,451,480
34252,451,481
34253,451,482
34254,451,483
34255,451,484
34256,451,485
34257,451,486
34258,451,487
34259,451,488
34260,451,489
34261,451,490
34262,451,491
34263,451,492
34264,451,493
34265,451,494
34266,451,495
34267,451,496
34268,451,497
34269,451,498
34270,451,499
34271,451,500
34272,451,501
34273,451,502
34274,451,503
34275,451,504
34276,451,505
34277,451,506
34278,451,507
34279,451,508
34280,451,509
34281,451,510
34282,451,511
34283,451,512
34284,451,513
34285,451,514
34286,451,515
34287,451,516
34288,451,517
34289,451,518
34290,451,519
34291,451,520
34292,451,521
34293,451,522
34294,451,523
34295,451,524
34296,451,525
34297,451,526
34298,451,527
34299,451,528
34300,451,529
34301,451,530
34302,451,531
34303,451,532
34304,451,533
34305,451,534
34306,451,535
34307,451,536
34308,451,537
34309,451,538
34310,451,539
34311,451,540
34312,451,541
34313,451,542
34314,451,543
34315,451,544
34316,451,545
34317,451,546
34318,451,547
34319,451,548
34320,451,549
34321,451,550
34322,451,551
34323,451,552
34324,451,553
34325,451,554
34326,451,555
34327,451,556
34328,451,557
34329,451,558
34330,451,559
34331,451,560
34332,451,561
34333,451,562
34334,451,563
34335,451,564
34336,451,565
34337,451,566
34338,451,567
34339,451,568
34340,451,569
34341,451,570
34342,452,385
34343,452,386
34344,452,387
34345,452,388
34346,452,389
34347,452,390
34348,452,391
34349,452,392
34350,452,393
34351,452,394
34352,452,395
34353,452,396
34354,452,397
34355,452,398
34356,452,399
34357,452,400
34358,452,401
34359,452,402
34360,452,403
34361,452,404
34362,452,405
34363,452,406
34364,452,407
34365,452,408
34366,452,409
34367,452,410
34368,452,411
34369,452,412
34370,452,413
34371,452,414
34372,452,415
34373,452,416
34374,452,417
34375,452,418
34376,452,419
34377,452,420
34378,452,421
34379,452,422
34380,452,423
34381,452,424
34382,452,425
34383,452,426
34384,452,427
34385,452,428
34386,452,429
34387,452,430
34388,452,431
34389,452,432
34390,452,433
34391,452,434
34392,452,435
34393,452,436
34394,452,437
34395,452,438
34396,452,439
34397,452,440
34398,452,441
34399,452,442
34400,452,443
34401,452,444
34402,452,445
34403,452,446
34404,452,447
34405,452,448
34406,452,449
34407,452,450
34408,452,451
34409,452,452
34410,452,453
34411,452,454
34412,452,455
34413,452,456
34414,452,457
34415,452,458
34416,452,459
34417,452,460
34418,452,461
34419,452,462
34420,452,463
34421,452,464
34422,452,465
34423,452,466
34424,452,467
34425,452,468
34426,452,469
34427,452,470
34428,452,471
34429,452,472
34430,452,473
34431,452,474
34432,452,475
34433,452,476
34434,452,477
34435,452,478
34436,452,479
34437,452,480
34438,452,481
34439,452,482
34440,452,483
34441,452,484
34442,452,485
34443,452,486
34444,452,487
34445,452,488
34446,452,489
34447,452,490
34448,452,491
34449,452,492
34450,452,493
34451,452,494
34452,452,495
34453,452,496
34454,452,497
34455,452,498
34456,452,499
34457,452,500
34458,452,501
34459,452,502
34460,452,503
34461,452,504
34462,452,505
34463,452,506
34464,452,507
34465,452,508
34466,452,509
34467,452,510
34468,452,511
34469,452,512
34470,452,513
34471,452,514
34472,452,515
34473,452,516
34474,452,517
34475,452,518
34476,452,519
34477,452,520
34478,452,521
34479,452,522
34480,452,523
34481,452,524
34482,452,525
34483,452,526
34484,452,527
34485,452,528
34486,452,529
34487,452,530
34488,452,531
34489,452,532
34490,452,533
34491,452,534
34492,452,535
34493,452,536
34494,452,537
34495,452,538
34496,452,539
34497,452,540
34498,452,541
34499,452,542
34500,452,543
34501,452,544
34502,452,545
34503,452,546
34504,452,547
34505,452,548
34506,452,549
34507,452,550
34508,452,551
34509,452,552
34510,452,553
34511,452,554
34512,452,555
34513,452,556
34514,452,557
34515,452,558
34516,452,559
34517,452,560
34518,452,561
34519,452,562
34520,452,563
34521,452,564
34522,452,565
34523,452,566
34524,452,567
34525,452,568
34526,452,569
34527,452,570
34528,453,385
34529,453,386
34530,453,387
34531,453,388
34532,453,389
34533,453,390
34534,453,391
34535,453,392
34536,453,393
34537,453,394
34538,453,395
34539,453,396
34540,453,397
34541,453,398
34542,453,399
34543,453,400
34544,453,401
34545,453,402
34546,453,403
34547,453,404
34548,453,405
34549,453,406
34550,453,407
34551,453,408
34552,453,409
34553,453,410
34554,453,411
34555,453,412
34556,453,413
34557,453,414
34558,453,415
34559,453,416
34560,453,417
34561,453,418
34562,453,419
34563,453,420
34564,453,421
34565,453,422
34566,453,423
34567,453,424
34568,453,425
34569,453,426
34570,453,427
34571,453,428
34572,453,429
34573,453,430
34574,453,431
34575,453,432
34576,453,433
34577,453,434
34578,453,435
34579,453,436
34580,453,437
34581,453,438
34582,453,439
34583,453,440
34584,453,441
34585,453,442
34586,453,443
34587,453,444
34588,453,445
34589,453,446
34590,453,447
34591,453,448
34592,453,449
34593,453,450
34594,453,451
34595,453,452
34596,453,453
34597,453,454
34598,453,455
34599,453,456
34600,453,457
34601,453,458
34602,453,459
34603,453,460
34604,453,461
34605,453,462
34606,453,463
34607,453,464
34608,453,465
34609,453,466
34610,453,467
34611,453,468
34612,453,469
34613,453,470
34614,453,471
34615,453,472
34616,453,473
34617,453,474
34618,453,475
34619,453,476
34620,453,477
34621,453,478
34622,453,479
34623,453,480
34624,453,481
34625,453,482
34626,453,483
34627,453,484
34628,453,485
34629,453,486
34630,453,487
34631,453,488
34632,453,489
34633,453,490
34634,453,491
34635,453,492
34636,453,493
34637,453,494
34638,453,495
34639,453,496
34640,453,497
34641,453,498
34642,453,499
34643,453,500
34644,453,501
34645,453,502
34646,453,503
34647,453,504
34648,453,505
34649,453,506
34650,453,507
34651,453,508
34652,453,509
34653,453,510
34654,453,511
34655,453,512
34656,453,513
34657,453,514
34658,453,515
34659,453,516
34660,453,517
34661,453,518
34662,453,519
34663,453,520
34664,453,521
34665,453,522
34666,453,523
34667,453,524
34668,453,525
34669,453,526
34670,453,527
34671,453,528
34672,453,529
34673,453,530
34674,453,531
34675,453,532
34676,453,533
34677,453,534
34678,453,535
34679,453,536
34680,453,537
34681,453,538
34682,453,539
34683,453,540
34684,453,541
34685,453,542
34686,453,543
34687,453,544
34688,453,545
34689,453,546
34690,453,547
34691,453,548
34692,453,549
34693,453,550
34694,453,551
34695,453,552
34696,453,553
34697,453,554
34698,453,555
34699,453,556
34700,453,557
34701,453,558
34702,453,559
34703,453,560
34704,453,561
34705,453,562
34706,453,563
34707,453,564
34708,453,565
34709,453,566
34710,453,567
34711,453,568
34712,453,569
34713,453,570
34714,453,571
34715,454,386
34716,454,387
34717,454,388
34718,454,389
34719,454,390
34720,454,391
34721,454,392
34722,454,393
34723,454,394
34724,454,395
34725,454,396
34726,454,397
34727,454,398
34728,454,399
34729,454,400
34730,454,401
34731,454,402
34732,454,403
34733,454,404
34734,454,405
34735,454,406
34736,454,407
34737,454,408
34738,454,409
34739,454,410
34740,454,411
34741,454,412
34742,454,413
34743,454,414
34744,454,415
34745,454,416
34746,454,417
34747,454,418
34748,454,419
34749,454,420
34750,454,421
34751,454,422
34752,454,423
34753,454,424
34754,454,425
34755,454,426
34756,454,427
34757,454,428
34758,454,429
34759,454,430
34760,454,431
34761,454,432
34762,454,433
34763,454,434
34764,454,435
34765,454,436
34766,454,437
34767,454,438
34768,454,439
34769,454,440
34770,454,441
34771,454,442
34772,454,443
34773,454,444
34774,454,445
34775,454,446
34776,454,447
34777,454,448
34778,454,449
34779,454,450
34780,454,451
34781,454,452
34782,454,453
34783,454,454
34784,454,455
34785,454,456
34786,454,457
34787,454,458
34788,454,459
34789,454,460
34790,454,461
34791,454,462
34792,454,463
34793,454,464
34794,454,465
34795,454,466
34796,454,467
34797,454,468
34798,454,469
34799,454,470
34800,454,471
34801,454,472
34802,454,473
34803,454,474
34804,454,475
34805,454,476
34806,454,477
34807,454,478
34808,454,479
34809,454,480
34810,454,481
34811,454,482
34812,454,483
34813,454,484
34814,454,485
34815,454,486
34816,454,487
34817,454,488
34818,454,489
34819,454,490
34820,454,491
34821,454,492
34822,454,493
34823,454,494
34824,454,495
34825,454,496
34826,454,497
34827,454,498
34828,454,499
34829,454,500
34830,454,501
34831,454,502
34832,454,503
34833,454,504
34834,454,505
34835,454,506
34836,454,507
34837,454,508
34838,454,509
34839,454,510
34840,454,511
34841,454,512
34842,454,513
34843,454,514
34844,454,515
34845,454,516
34846,454,517
34847,454,518
34848,454,519
34849,454,520
34850,454,521
34851,454,522
34852,454,523
34853,454,524
34854,454,525
34855,454,526
34856,454,527
34857,454,528
34858,454,529
34859,454,530
34860,454,531
34861,454,532
34862,454,533
34863,454,534
34864,454,535
34865,454,536
34866,454,537
34867,454,538
34868,454,539
34869,454,540
34870,454,541
34871,454,542
34872,454,543
34873,454,544
34874,454,545
34875,454,546
34876,454,547
34877,454,548
34878,454,549
34879,454,550
34880,454,551
34881,454,552
34882,454,553
34883,454,554
34884,454,555
34885,454,556
34886,454,557
34887,454,558
34888,454,559
34889,454,560
34890,454,561
34891,454,562
34892,454,563
34893,454,564
34894,454,565
34895,454,566
34896,454,567
34897,454,568
34898,454,569
34899,454,570
34900,454,571
34901,455,386
34902,455,387
34903,455,388
34904,455,389
34905,455,390
34906,455,391
34907,455,392
34908,455,393
34909,455,394
34910,455,395
34911,455,396
34912,455,397
34913,455,398
34914,455,399
34915,455,400
34916,455,401
34917,455,402
34918,455,403
34919,455,404
34920,455,405
34921,455,406
34922,455,407
34923,455,408
34924,455,409
34925,455,410
34926,455,411
34927,455,412
34928,455,413
34929,455,414
34930,455,415
34931,455,416
34932,455,417
34933,455,418
34934,455,419
34935,455,420
34936,455,421
34937,455,422
34938,455,423
34939,455,424
34940,455,425
34941,455,426
34942,455,427
34943,455,428
34944,455,429
34945,455,430
34946,455,431
34947,455,432
34948,455,433
34949,455,434
34950,455,435
34951,455,436
34952,455,437
34953,455,438
34954,455,439
34955,455,440
34956,455,441
34957,455,442
34958,455,443
34959,455,444
34960,455,445
34961,455,446
34962,455,447
34963,455,448
34964,455,449
34965,455,450
34966,455,451
34967,455,452
34968,455,453
34969,455,454
34970,455,455
34971,455,456
34972,455,457
34973,455,458
34974,455,459
34975,455,460
34976,455,461
34977,455,462
34978,455,463
34979,455,464
34980,455,465
34981,455,466
34982,455,467
34983,455,468
34984,455,469
34985,455,470
34986,455,471
34987,455,472
34988,455,473
34989,455,474
34990,455,475
34991,455,476
34992,455,477
34993,455,478
34994,455,479
34995,455,480
34996,455,481
34997,455,482
34998,455,483
34999,455,484
35000,455,485
35001,455,486
35002,455,487
35003,455,488
35004,455,489
35005,455,490
35006,455,491
35007,455,492
35008,455,493
35009,455,494
35010,455,495
35011,455,496
35012,455,497
35013,455,498
35014,455,499
35015,455,500
35016,455,501
35017,455,502
35018,455,503
35019,455,504
35020,455,505
35021,455,506
35022,455,507
35023,455,508
35024,455,509
35025,455,510
35026,455,511
35027,455,512
35028,455,513
35029,455,514
35030,455,515
35031,455,516
35032,455,517
35033,455,518
35034,455,519
35035,455,520
35036,455,521
35037,455,522
35038,455,523
35039,455,524
35040,455,525
35041,455,526
35042,455,527
35043,455,528
35044,455,529
35045,455,530
35046,455,531
35047,455,532
35048,455,533
35049,455,534
35050,455,535
35051,455,536
35052,455,537
35053,455,538
35054,455,539
35055,455,540
35056,455,541
35057,455,542
35058,455,543
35059,455,544
35060,455,545
35061,455,546
35062,455,547
35063,455,548
35064,455,549
35065,455,550
35066,455,551
35067,455,552
35068,455,553
35069,455,554
35070,455,555
35071,455,556
35072,455,557
35073,455,558
35074,455,559
35075,455,560
35076,455,561
35077,455,562
35078,455,563
35079,455,564
35080,455,565
35081,455,566
35082,455,567
35083,455,568
35084,455,569
35085,455,570
35086,455,571
35087,455,572
35088,456,386
35089,456,387
35090,456,388
35091,456,389
35092,456,390
35093,456,391
35094,456,392
35095,456,393
35096,456,394
35097,456,395
35098,456,396
35099,456,397
35100,456,398
35101,456,399
35102,456,400
35103,456,401
35104,456,402
35105,456,403
35106,456,404
35107,456,405
35108,456,406
35109,456,407
35110,456,408
35111,456,409
35112,456,410
35113,456,411
35114,456,412
35115,456,413
35116,456,414
35117,456,415
35118,456,416
35119,456,417
35120,456,418
35121,456,419
35122,456,420
35123,456,421
35124,456,422
35125,456,423
35126,456,424
35127,456,425
35128,456,426
35129,456,427
35130,456,428
35131,456,429
35132,456,430
35133,456,431
35134,456,432
35135,456,433
35136,456,434
35137,456,435
35138,456,436
35139,456,437
35140,456,438
35141,456,439
35142,456,440
35143,456,441
35144,456,442
35145,456,443
35146,456,444
35147,456,445
35148,456,446
35149,456,447
35150,456,448
35151,456,449
35152,456,450
35153,456,451
35154,456,452
35155,456,453
35156,456,454
35157,456,455
35158,456,456
35159,456,457
35160,456,458
35161,456,459
35162,456,460
35163,456,461
35164,456,462
35165,456,463
35166,456,464
35167,456,465
35168,456,466
35169,456,467
35170,456,468
35171,456,469
35172,456,470
35173,456,471
35174,456,472
35175,456,473
35176,456,474
35177,456,475
35178,456,476
35179,456,477
35180,456,478
35181,456,479
35182,456,480
35183,456,481
35184,456,482
35185,456,483
35186,456,484
35187,456,485
35188,456,486
35189,456,487
35190,456,488
35191,456,489
35192,456,490
35193,456,491
35194,456,492
35195,456,493
35196,456,494
35197,456,495
35198,456,496
35199,456,497
35200,456,498
35201,456,499
35202,456,500
35203,456,501
35204,456,502
35205,456,503
35206,456,504
35207,456,505
35208,456,506
35209,456,507
35210,456,508
35211,456,509
35212,456,510
35213,456,511
35214,456,512
35215,456,513
35216,456,514
35217,456,515
35218,456,516
35219,456,517
35220,456,518
35221,456,519
35222,456,520
35223,456,521
35224,456,522
35225,456,523
35226,456,524
35227,456,525
35228,456,526
35229,456,527
35230,456,528
35231,456,529
35232,456,530
35233,456,531
35234,456,532
35235,456,533
35236,456,534
35237,456,535
35238,456,536
35239,456,537
35240,456,538
35241,456,539
35242,456,540
35243,456,541
35244,456,542
35245,456,543
35246,456,544
35247,456,545
35248,456,546
35249,456,547
35250,456,548
35251,456,549
35252,456,550
35253,456,551
35254,456,552
35255,456,553
35256,456,554
35257,456,555
35258,456,556
35259,456,557
35260,456,558
35261,456,559
35262,456,560
35263,456,561
35264,456,562
35265,456,563
35266,456,564
35267,456,565
35268,456,566
35269,456,567
35270,456,568
35271,456,569
35272,456,570
35273,456,571
35274,456,572
35275,456,573
35276,457,387
35277,457,388
35278,457,389
35279,457,390
35280,457,391
35281,457,392
35282,457,393
35283,457,394
35284,457,395
35285,457,396
35286,457,397
35287,457,398
35288,457,399
35289,457,400
35290,457,401
35291,457,402
35292,457,403
35293,457,404
35294,457,405
35295,457,406
35296,457,407
35297,457,408
35298,457,409
35299,457,410
35300,457,411
35301,457,412
35302,457,413
35303,457,414
35304,457,415
35305,457,416
35306,457,417
35307,457,418
35308,457,419
35309,457,420
35310,457,421
35311,457,422
35312,457,423
35313,457,424
35314,457,425
35315,457,426
35316,457,427
35317,457,428
35318,457,429
35319,457,430
35320,457,431
35321,457,432
35322,457,433
35323,457,434
35324,457,435
35325,457,436
35326,457,437
35327,457,438
35328,457,439
35329,457,440
35330,457,441
35331,457,442
35332,457,443
35333,457,444
35334,457,445
35335,457,446
35336,457,447
35337,457,448
35338,457,449
35339,457,450
35340,457,451
35341,457,452
35342,457,453
35343,457,454
35344,457,455
35345,457,456
35346,457,457
35347,457,458
35348,457,459
35349,457,460
35350,457,461
35351,457,462
35352,457,463
35353,457,464
35354,457,465
35355,457,466
35356,457,467
35357,457,468
35358,457,469
35359,457,470
35360,457,471
35361,457,472
35362,457,473
35363,457,474
35364,457,475
35365,457,476
35366,457,477
35367,457,478
35368,457,479
35369,457,480
35370,457,481
35371,457,482
35372,457,483
35373,457,484
35374,457,485
35375,457,486
35376,457,487
35377,457,488
35378,457,489
35379,457,490
35380,457,491
35381,457,492
35382,457,493
35383,457,494
35384,457,495
35385,457,496
35386,457,497
35387,457,498
35388,457,499
35389,457,500
35390,457,501
35391,457,502
35392,457,503
35393,457,504
35394,457,505
35395,457,506
35396,457,507
35397,457,508
35398,457,509
35399,457,510
35400,457,511
35401,457,512
35402,457,513
35403,457,514
35404,457,515
35405,457,516
35406,457,517
35407,457,518
35408,457,519
35409,457,520
35410,457,521
35411,457,522
35412,457,523
35413,457,524
35414,457,525
35415,457,526
35416,457,527
35417,457,528
35418,457,529
35419,457,530
35420,457,531
35421,457,532
35422,457,533
35423,457,534
35424,457,535
35425,457,536
35426,457,537
35427,457,538
35428,457,539
35429,457,540
35430,457,541
35431,457,542
35432,457,543
35433,457,544
35434,457,545
35435,457,546
35436,457,547
35437,457,548
35438,457,549
35439,457,550
35440,457,551
35441,457,552
35442,457,553
35443,457,554
35444,457,555
35445,457,556
35446,457,557
35447,457,558
35448,457,559
35449,457,560
35450,457,561
35451,457,562
35452,457,563
35453,457,564
35454,457,565
35455,457,566
35456,457,567
35457,457,568
35458,457,569
35459,457,570
35460,457,571
35461,457,572
35462,457,573
35463,458,387
35464,458,388
35465,458,389
35466,458,390
35467,458,391
35468,458,392
35469,458,393
35470,458,394
35471,458,395
35472,458,396
35473,458,397
35474,458,398
35475,458,399
35476,458,400
35477,458,401
35478,458,402
35479,458,403
35480,458,404
35481,458,405
35482,458,406
35483,458,407
35484,458,408
35485,458,409
35486,458,410
35487,458,411
35488,458,412
35489,458,413
35490,458,414
35491,458,415
35492,458,416
35493,458,417
35494,458,418
35495,458,419
35496,458,420
35497,458,421
35498,458,422
35499,458,423
35500,458,424
35501,458,425
35502,458,426
35503,458,427
35504,458,428
35505,458,429
35506,458,430
35507,458,431
35508,458,432
35509,458,433
35510,458,434
35511,458,435
35512,458,436
35513,458,437
35514,458,438
35515,458,439
35516,458,440
35517,458,441
35518,458,442
35519,458,443
35520,458,444
35521,458,445
35522,458,446
35523,458,447
35524,458,448
35525,458,449
35526,458,450
35527,458,451
35528,458,452
35529,458,453
35530,458,454
35531,458,455
35532,458,456
35533,458,457
35534,458,458
35535,458,459
35536,458,460
35537,458,461
35538,458,462
35539,458,463
35540,458,464
35541,458,465
35542,458,466
35543,458,467
35544,458,468
35545,458,469
35546,458,470
35547,458,471
35548,458,472
35549,458,473
35550,458,474
35551,458,475
35552,458,476
35553,458,477
35554,458,478
35555,458,479
35556,458,480
35557,458,481
35558,458,482
35559,458,483
35560,458,484
35561,458,485
35562,458,486
35563,458,487
35564,458,488
35565,458,489
35566,458,490
35567,458,491
35568,458,492
35569,458,493
35570,458,494
35571,458,495
35572,458,496
35573,458,497
35574,458,498
35575,458,499
35576,458,500
35577,458,501
35578,458,502
35579,458,503
35580,458,504
35581,458,505
35582,458,506
35583,458,507
35584,458,508
35585,458,509
35586,458,510
35587,458,511
35588,458,512
35589,458,513
35590,458,514
35591,458,515
35592,458,516
35593,458,517
35594,458,518
35595,458,519
35596,458,520
35597,458,521
35598,458,522
35599,458,523
35600,458,524
35601,458,525
35602,458,526
35603,458,527
35604,458,528
35605,458,529
35606,458,530
35607,458,531
35608,458,532
35609,458,533
35610,458,534
35611,458,535
35612,458,536
35613,458,537
35614,458,538
35615,458,539
35616,458,540
35617,458,541
35618,458,542
35619,458,543
35620,458,544
35621,458,545
35622,458,546
35623,458,547
35624,458,548
35625,458,549
35626,458,550
35627,458,551
35628,458,552
35629,458,553
35630,458,554
35631,458,555
35632,458,556
35633,458,557
35634,458,558
35635,458,559
35636,458,560
35637,458,561
35638,458,562
35639,458,563
35640,458,564
35641,458,565
35642,458,566
35643,458,567
35644,458,568
35645,458,569
35646,458,570
35647,458,571
35648,458,572
35649,458,573
35650,458,574
35651,459,388
35652,459,389
35653,459,390
35654,459,391
35655,459,392
35656,459,393
35657,459,394
35658,459,395
35659,459,396
35660,459,397
35661,459,398
35662,459,399
35663,459,400
35664,459,401
35665,459,402
35666,459,403
35667,459,404
35668,459,405
35669,459,406
35670,459,407
35671,459,408
35672,459,409
35673,459,410
35674,459,411
35675,459,412
35676,459,413
35677,459,414
35678,459,415
35679,459,416
35680,459,417
35681,459,418
35682,459,419
35683,459,420
35684,459,421
35685,459,422
35686,459,423
35687,459,424
35688,459,425
35689,459,426
35690,459,427
35691,459,428
35692,459,429
35693,459,430
35694,459,431
35695,459,432
35696,459,433
35697,459,434
35698,459,435
35699,459,436
35700,459,437
35701,459,438
35702,459,439
35703,459,440
35704,459,441
35705,459,442
35706,459,443
35707,459,444
35708,459,445
35709,459,446
35710,459,447
35711,459,448
35712,459,449
35713,459,450
35714,459,451
35715,459,452
35716,459,453
35717,459,454
35718,459,455
35719,459,456
35720,459,457
35721,459,458
35722,459,459
35723,459,460
35724,459,461
35725,459,462
35726,459,463
35727,459,464
35728,459,465
35729,459,466
35730,459,467
35731,459,468
35732,459,469
35733,459,470
35734,459,471
35735,459,472
35736,459,473
35737,459,474
35738,459,475
35739,459,476
35740,459,477
35741,459,478
35742,459,479
35743,459,480
35744,459,481
35745,459,482
35746,459,483
35747,459,484
35748,459,485
35749,459,486
35750,459,487
35751,459,488
35752,459,489
35753,459,490
35754,459,491
35755,459,492
35756,459,493
35757,459,494
35758,459,495
35759,459,496
35760,459,497
35761,459,498
35762,459,499
35763,459,500
35764,459,501
35765,459,502
35766,459,503
35767,459,504
35768,459,505
35769,459,506
35770,459,507
35771,459,508
35772,459,509
35773,459,510
35774,459,511
35775,459,512
35776,459,513
35777,459,514
35778,459,515
35779,459,516
35780,459,517
35781,459,518
35782,459,519
35783,459,520
35784,459,521
35785,459,522
35786,459,523
35787,459,524
35788,459,525
35789,459,526
35790,459,527
35791,459,528
35792,459,529
35793,459,530
35794,459,531
35795,459,532
35796,459,533
35797,459,534
35798,459,535
35799,459,536
35800,459,537
35801,459,538
35802,459,539
35803,459,540
35804,459,541
35805,459,542
35806,459,543
35807,459,544
35808,459,545
35809,459,546
35810,459,547
35811,459,548
35812,459,549
35813,459,550
35814,459,551
35815,459,552
35816,459,553
35817,459,554
35818,459,555
35819,459,556
35820,459,557
35821,459,558
35822,459,559
35823,459,560
35824,459,561
35825,459,562
35826,459,563
35827,459,564
35828,459,565
35829,459,566
35830,459,567
35831,459,568
35832,459,569
35833,459,570
35834,459,571
35835,459,572
35836,459,573
35837,459,574
35838,460,388
35839,460,389
35840,460,390
35841,460,391
35842,460,392
35843,460,393
35844,460,394
35845,460,395
35846,460,396
35847,460,397
35848,460,398
35849,460,399
35850,460,400
35851,460,401
35852,460,402
35853,460,403
35854,460,404
35855,460,405
35856,460,406
35857,460,407
35858,460,408
35859,460,409
35860,460,410
35861,460,411
35862,460,412
35863,460,413
35864,460,414
35865,460,415
35866,460,416
35867,460,417
35868,460,418
35869,460,419
35870,460,420
35871,460,421
35872,460,422
35873,460,423
35874,460,424
35875,460,425
35876,460,426
35877,460,427
35878,460,428
35879,460,429
35880,460,430
35881,460,431
35882,460,432
35883,460,433
35884,460,434
35885,460,435
35886,460,436
35887,460,437
35888,460,438
35889,460,439
35890,460,440
35891,460,441
35892,460,442
35893,460,443
35894,460,444
35895,460,445
35896,460,446
35897,460,447
35898,460,448
35899,460,449
35900,460,450
35901,460,451
35902,460,452
35903,460,453
35904,460,454
35905,460,455
35906,460,456
35907,460,457
35908,460,458
35909,460,459
35910,460,460
35911,460,461
35912,460,462
35913,460,463
35914,460,464
35915,460,465
35916,460,466
35917,460,467
35918,460,468
35919,460,469
35920,460,470
35921,460,471
35922,460,472
35923,460,473
35924,460,474
35925,460,475
35926,460,476
35927,460,477
35928,460,478
35929,460,479
35930,460,480
35931,460,481
35932,460,482
35933,460,483
35934,460,484
35935,460,485
35936,460,486
35937,460,487
35938,460,488
35939,460,489
35940,460,490
35941,460,491
35942,460,492
35943,460,493
35944,460,494
35945,460,495
35946,460,496
35947,460,497
35948,460,498
35949,460,499
35950,460,500
35951,460,501
35952,460,502
35953,460,503
35954,460,504
35955,460,505
35956,460,506
35957,460,507
35958,460,508
35959,460,509
35960,460,510
35961,460,511
35962,460,512
35963,460,513
35964,460,514
35965,460,515
35966,460,516
35967,460,517
35968,460,518
35969,460,519
35970,460,520
35971,460,521
35972,460,522
35973,460,523
35974,460,524
35975,460,525
35976,460,526
35977,460,527
35978,460,528
35979,460,529
35980,460,530
35981,460,531
35982,460,532
35983,460,533
35984,460,534
35985,460,535
35986,460,536
35987,460,537
35988,460,538
35989,460,539
35990,460,540
35991,460,541
35992,460,542
35993,460,543
35994,460,544
35995,460,545
35996,460,546
35997,460,547
35998,460,548
35999,460,549
36000,460,550
36001,460,551
36002,460,552
36003,460,553
36004,460,554
36005,460,555
36006,460,556
36007,460,557
36008,460,558
36009,460,559
36010,460,560
36011,460,561
36012,460,562
36013,460,563
36014,460,564
36015,460,565
36016,460,566
36017,460,567
36018,460,568
36019,460,569
36020,460,570
36021,460,571
36022,460,572
36023,460,573
36024,460,574
36025,460,575
36026,461,388
36027,461,389
36028,461,390
36029,461,391
36030,461,392
36031,461,393
36032,461,394
36033,461,395
36034,461,396
36035,461,397
36036,461,398
36037,461,399
36038,461,400
36039,461,401
36040,461,402
36041,461,403
36042,461,404
36043,461,405
36044,461,406
36045,461,407
36046,461,408
36047,461,409
36048,461,410
36049,461,411
36050,461,412
36051,461,413
36052,461,414
36053,461,415
36054,461,416
36055,461,417
36056,461,418
36057,461,419
36058,461,420
36059,461,421
36060,461,422
36061,461,423
36062,461,424
36063,461,425
36064,461,426
36065,461,427
36066,461,428
36067,461,429
36068,461,430
36069,461,431
36070,461,432
36071,461,433
36072,461,434
36073,461,435
36074,461,436
36075,461,437
36076,461,438
36077,461,439
36078,461,440
36079,461,441
36080,461,442
36081,461,443
36082,461,444
36083,461,445
36084,461,446
36085,461,447
36086,461,448
36087,461,449
36088,461,450
36089,461,451
36090,461,452
36091,461,453
36092,461,454
36093,461,455
36094,461,456
36095,461,457
36096,461,458
36097,461,459
36098,461,460
36099,461,461
36100,461,462
36101,461,463
36102,461,464
36103,461,465
36104,461,466
36105,461,467
36106,461,468
36107,461,469
36108,461,470
36109,461,471
36110,461,472
36111,461,473
36112,461,474
36113,461,475
36114,461,476
36115,461,477
36116,461,478
36117,461,479
36118,461,480
36119,461,481
36120,461,482
36121,461,483
36122,461,484
36123,461,485
36124,461,486
36125,461,487
36126,461,488
36127,461,489
36128,461,490
36129,461,491
36130,461,492
36131,461,493
36132,461,494
36133,461,495
36134,461,496
36135,461,497
36136,461,498
36137,461,499
36138,461,500
36139,461,501
36140,461,502
36141,461,503
36142,461,504
36143,461,505
36144,461,506
36145,461,507
36146,461,508
36147,461,509
36148,461,510
36149,461,511
36150,461,512
36151,461,513
36152,461,514
36153,461,515
36154,461,516
36155,461,517
36156,461,518
36157,461,519
36158,461,520
36159,461,521
36160,461,522
36161,461,523
36162,461,524
36163,461,525
36164,461,526
36165,461,527
36166,461,528
36167,461,529
36168,461,530
36169,461,531
36170,461,532
36171,461,533
36172,461,534
36173,461,535
36174,461,536
36175,461,537
36176,461,538
36177,461,539
36178,461,540
36179,461,541
36180,461,542
36181,461,543
36182,461,544
36183,461,545
36184,461,546
36185,461,547
36186,461,548
36187,461,549
36188,461,550
36189,461,551
36190,461,552
36191,461,553
36192,461,554
36193,461,555
36194,461,556
36195,461,557
36196,461,558
36197,461,559
36198,461,560
36199,461,561
36200,461,562
36201,461,563
36202,461,564
36203,461,565
36204,461,566
36205,461,567
36206,461,568
36207,461,569
36208,461,570
36209,461,571
36210,461,572
36211,461,573
36212,461,574
36213,461,575
36214,461,576
36215,462,389
36216,462,390
36217,462,391
36218,462,392
36219,462,393
36220,462,394
36221,462,395
36222,462,396
36223,462,397
36224,462,398
36225,462,399
36226,462,400
36227,462,401
36228,462,402
36229,462,403
36230,462,404
36231,462,405
36232,462,406
36233,462,407
36234,462,408
36235,462,409
36236,462,410
36237,462,411
36238,462,412
36239,462,413
36240,462,414
36241,462,415
36242,462,416
36243,462,417
36244,462,418
36245,462,419
36246,462,420
36247,462,421
36248,462,422
36249,462,423
36250,462,424
36251,462,425
36252,462,426
36253,462,427
36254,462,428
36255,462,429
36256,462,430
36257,462,431
36258,462,432
36259,462,433
36260,462,434
36261,462,435
36262,462,436
36263,462,437
36264,462,438
36265,462,439
36266,462,440
36267,462,441
36268,462,442
36269,462,443
36270,462,444
36271,462,445
36272,462,446
36273,462,447
36274,462,448
36275,462,449
36276,462,450
36277,462,451
36278,462,452
36279,462,453
36280,462,454
36281,462,455
36282,462,456
36283,462,457
36284,462,458
36285,462,459
36286,462,460
36287,462,461
36288,462,462
36289,462,463
36290,462,464
36291,462,465
36292,462,466
36293,462,467
36294,462,468
36295,462,469
36296,462,470
36297,462,471
36298,462,472
36299,462,473
36300,462,474
36301,462,475
36302,462,476
36303,462,477
36304,462,478
36305,462,479
36306,462,480
36307,462,481
36308,462,482
36309,462,483
36310,462,484
36311,462,485
36312,462,486
36313,462,487
36314,462,488
36315,462,489
36316,462,490
36317,462,491
36318,462,492
36319,462,493
36320,462,494
36321,462,495
36322,462,496
36323,462,497
36324,462,498
36325,462,499
36326,462,500
36327,462,501
36328,462,502
36329,462,503
36330,462,504
36331,462,505
36332,462,506
36333,462,507
36334,462,508
36335,462,509
36336,462,510
36337,462,511
36338,462,512
36339,462,513
36340,462,514
36341,462,515
36342,462,516
36343,462,517
36344,462,518
36345,462,519
36346,462,520
36347,462,521
36348,462,522
36349,462,523
36350,462,524
36351,462,525
36352,462,526
36353,462,527
36354,462,528
36355,462,529
36356,462,530
36357,462,531
36358,462,532
36359,462,533
36360,462,534
36361,462,535
36362,462,536
36363,462,537
36364,462,538
36365,462,539
36366,462,540
36367,462,541
36368,462,542
36369,462,543
36370,462,544
36371,462,545
36372,462,546
36373,462,547
36374,462,548
36375,462,549
36376,462,550
36377,462,551
36378,462,552
36379,462,553
36380,462,554
36381,462,555
36382,462,556
36383,462,557
36384,462,558
36385,462,559
36386,462,560
36387,462,561
36388,462,562
36389,462,563
36390,462,564
36391,462,565
36392,462,566
36393,462,567
36394,462,568
36395,462,569
36396,462,570
36397,462,571
36398,462,572
36399,462,573
36400,462,574
36401,462,575
36402,462,576
36403,463,389
36404,463,390
36405,463,391
36406,463,392
36407,463,393
36408,463,394
36409,463,395
36410,463,396
36411,463,397
36412,463,398
36413,463,399
36414,463,400
36415,463,401
36416,463,402
36417,463,403
36418,463,404
36419,463,405
36420,463,406
36421,463,407
36422,463,408
36423,463,409
36424,463,410
36425,463,411
36426,463,412
36427,463,413
36428,463,414
36429,463,415
36430,463,416
36431,463,417
36432,463,418
36433,463,419
36434,463,420
36435,463,421
36436,463,422
36437,463,423
36438,463,424
36439,463,425
36440,463,426
36441,463,427
36442,463,428
36443,463,429
36444,463,430
36445,463,431
36446,463,432
36447,463,433
36448,463,434
36449,463,435
36450,463,436
36451,463,437
36452,463,438
36453,463,439
36454,463,440
36455,463,441
36456,463,442
36457,463,443
36458,463,444
36459,463,445
36460,463,446
36461,463,447
36462,463,448
36463,463,449
36464,463,450
36465,463,451
36466,463,452
36467,463,453
36468,463,454
36469,463,455
36470,463,456
36471,463,457
36472,463,458
36473,463,459
36474,463,460
36475,463,461
36476,463,462
36477,463,463
36478,463,464
36479,463,465
36480,463,466
36481,463,467
36482,463,468
36483,463,469
36484,463,470
36485,463,471
36486,463,472
36487,463,473
36488,463,474
36489,463,475
36490,463,476
36491,463,477
36492,463,478
36493,463,479
36494,463,480
36495,463,481
36496,463,482
36497,463,483
36498,463,484
36499,463,485
36500,463,486
36501,463,487
36502,463,488
36503,463,489
36504,463,490
36505,463,491
36506,463,492
36507,463,493
36508,463,494
36509,463,495
36510,463,496
36511,463,497
36512,463,498
36513,463,499
36514,463,500
36515,463,501
36516,463,502
36517,463,503
36518,463,504
36519,463,505
36520,463,506
36521,463,507
36522,463,508
36523,463,509
36524,463,510
36525,463,511
36526,463,512
36527,463,513
36528,463,514
36529,463,515
36530,463,516
36531,463,517
36532,463,518
36533,463,519
36534,463,520
36535,463,521
36536,463,522
36537,463,523
36538,463,524
36539,463,525
36540,463,526
36541,463,527
36542,463,528
36543,463,529
36544,463,530
36545,463,531
36546,463,532
36547,463,533
36548,463,534
36549,463,535
36550,463,536
36551,463,537
36552,463,538
36553,463,539
36554,463,540
36555,463,541
36556,463,542
36557,463,543
36558,463,544
36559,463,545
36560,463,546
36561,463,547
36562,463,548
36563,463,549
36564,463,550
36565,463,551
36566,463,552
36567,463,553
36568,463,554
36569,463,555
36570,463,556
36571,463,557
36572,463,558
36573,463,559
36574,463,560
36575,463,561
36576,463,562
36577,463,563
36578,463,564
36579,463,565
36580,463,566
36581,463,567
36582,463,568
36583,463,569
36584,463,570
36585,463,571
36586,463,572
36587,463,573
36588,463,574
36589,463,575
36590,463,576
36591,463,577
36592,464,390
36593,464,391
36594,464,392
36595,464,393
36596,464,394
36597,464,395
36598,464,396
36599,464,397
36600,464,398
36601,464,399
36602,464,400
36603,464,401
36604,464,402
36605,464,403
36606,464,404
36607,464,405
36608,464,406
36609,464,407
36610,464,408
36611,464,409
36612,464,410
36613,464,411
36614,464,412
36615,464,413
36616,464,414
36617,464,415
36618,464,416
36619,464,417
36620,464,418
36621,464,419
36622,464,420
36623,464,421
36624,464,422
36625,464,423
36626,464,424
36627,464,425
36628,464,426
36629,464,427
36630,464,428
36631,464,429
36632,464,430
36633,464,431
36634,464,432
36635,464,433
36636,464,434
36637,464,435
36638,464,436
36639,464,437
36640,464,438
36641,464,439
36642,464,440
36643,464,441
36644,464,442
36645,464,443
36646,464,444
36647,464,445
36648,464,446
36649,464,447
36650,464,448
36651,464,449
36652,464,450
36653,464,451
36654,464,452
36655,464,453
36656,464,454
36657,464,455
36658,464,456
36659,464,457
36660,464,458
36661,464,459
36662,464,460
36663,464,461
36664,464,462
36665,464,463
36666,464,464
36667,464,465
36668,464,466
36669,464,467
36670,464,468
36671,464,469
36672,464,470
36673,464,471
36674,464,472
36675,464,473
36676,464,474
36677,464,475
36678,464,476
36679,464,477
36680,464,478
36681,464,479
36682,464,480
36683,464,481
36684,464,482
36685,464,483
36686,464,484
36687,464,485
36688,464,486
36689,464,487
36690,464,488
36691,464,489
36692,464,490
36693,464,491
36694,464,492
36695,464,493
36696,464,494
36697,464,495
36698,464,496
36699,464,497
36700,464,498
36701,464,499
36702,464,500
36703,464,501
36704,464,502
36705,464,503
36706,464,504
36707,464,505
36708,464,506
36709,464,507
36710,464,508
36711,464,509
36712,464,510
36713,464,511
36714,464,512
36715,464,513
36716,464,514
36717,464,515
36718,464,516
36719,464,517
36720,464,518
36721,464,519
36722,464,520
36723,464,521
36724,464,522
36725,464,523
36726,464,524
36727,464,525
36728,464,526
36729,464,527
36730,464,528
36731,464,529
36732,464,530
36733,464,531
36734,464,532
36735,464,533
36736,464,534
36737,464,535
36738,464,536
36739,464,537
36740,464,538
36741,464,539
36742,464,540
36743,464,541
36744,464,542
36745,464,543
36746,464,544
36747,464,545
36748,464,546
36749,464,547
36750,464,548
36751,464,549
36752,464,550
36753,464,551
36754,464,552
36755,464,553
36756,464,554
36757,464,555
36758,464,556
36759,464,557
36760,464,558
36761,464,559
36762,464,560
36763,464,561
36764,464,562
36765,464,563
36766,464,564
36767,464,565
36768,464,566
36769,464,567
36770,464,568
36771,464,569
36772,464,570
36773,464,571
36774,464,572
36775,464,573
36776,464,574
36777,464,575
36778,464,576
36779,464,577
36780,464,578
36781,465,390
36782,465,391
36783,465,392
36784,465,393
36785,465,394
36786,465,395
36787,465,396
36788,465,397
36789,465,398
36790,465,399
36791,465,400
36792,465,401
36793,465,402
36794,465,403
36795,465,404
36796,465,405
36797,465,406
36798,465,407
36799,465,408
36800,465,409
36801,465,410
36802,465,411
36803,465,412
36804,465,413
36805,465,414
36806,465,415
36807,465,416
36808,465,417
36809,465,418
36810,465,419
36811,465,420
36812,465,421
36813,465,422
36814,465,423
36815,465,424
36816,465,425
36817,465,426
36818,465,427
36819,465,428
36820,465,429
36821,465,430
36822,465,431
36823,465,432
36824,465,433
36825,465,434
36826,465,435
36827,465,436
36828,465,437
36829,465,438
36830,465,439
36831,465,440
36832,465,441
36833,465,442
36834,465,443
36835,465,444
36836,465,445
36837,465,446
36838,465,447
36839,465,448
36840,465,449
36841,465,450
36842,465,451
36843,465,452
36844,465,453
36845,465,454
36846,465,455
36847,465,456
36848,465,457
36849,465,458
36850,465,459
36851,465,460
36852,465,461
36853,465,462
36854,465,463
36855,465,464
36856,465,465
36857,465,466
36858,465,467
36859,465,468
36860,465,469
36861,465,470
36862,465,471
36863,465,472
36864,465,473
36865,465,474
36866,465,475
36867,465,476
36868,465,477
36869,465,478
36870,465,479
36871,465,480
36872,465,481
36873,465,482
36874,465,483
36875,465,484
36876,465,485
36877,465,486
36878,465,487
36879,465,488
36880,465,489
36881,465,490
36882,465,491
36883,465,492
36884,465,493
36885,465,494
36886,465,495
36887,465,496
36888,465,497
36889,465,498
36890,465,499
36891,465,500
36892,465,501
36893,465,502
36894,465,503
36895,465,504
36896,465,505
36897,465,506
36898,465,507
36899,465,508
36900,465,509
36901,465,510
36902,465,511
36903,465,512
36904,465,513
36905,465,514
36906,465,515
36907,465,516
36908,465,517
36909,465,518
36910,465,519
36911,465,520
36912,465,521
36913,465,522
36914,465,523
36915,465,524
36916,465,525
36917,465,526
36918,465,527
36919,465,528
36920,465,529
36921,465,530
36922,465,531
36923,465,532
36924,465,533
36925,465,534
36926,465,535
36927,465,536
36928,465,537
36929,465,538
36930,465,539
36931,465,540
36932,465,541
36933,465,542
36934,465,543
36935,465,544
36936,465,545
36937,465,546
36938,465,547
36939,465,548
36940,465,549
36941,465,550
36942,465,551
36943,465,552
36944,465,553
36945,465,554
36946,465,555
36947,465,556
36948,465,557
36949,465,558
36950,465,559
36951,465,560
36952,465,561
36953,465,562
36954,465,563
36955,465,564
36956,465,565
36957,465,566
36958,465,567
36959,465,568
36960,465,569
36961,465,570
36962,465,571
36963,465,572
36964,465,573
36965,465,574
36966,465,575
36967,465,576
36968,465,577
36969,465,578
36970,466,390
36971,466,391
36972,466,392
36973,466,393
36974,466,394
36975,466,395
36976,466,396
36977,466,397
36978,466,398
36979,466,399
36980,466,400
36981,466,401
36982,466,402
36983,466,403
36984,466,404
36985,466,405
36986,466,406
36987,466,407
36988,466,408
36989,466,409
36990,466,410
36991,466,411
36992,466,412
36993,466,413
36994,466,414
36995,466,415
36996,466,416
36997,466,417
36998,466,418
36999,466,419
37000,466,420
37001,466,421
37002,466,422
37003,466,423
37004,466,424
37005,466,425
37006,466,426
37007,466,427
37008,466,428
37009,466,429
37010,466,430
37011,466,431
37012,466,432
37013,466,433
37014,466,434
37015,466,435
37016,466,436
37017,466,437
37018,466,438
37019,466,439
37020,466,440
37021,466,441
37022,466,442
37023,466,443
37024,466,444
37025,466,445
37026,466,446
37027,466,447
37028,466,448
37029,466,449
37030,466,450
37031,466,451
37032,466,452
37033,466,453
37034,466,454
37035,466,455
37036,466,456
37037,466,457
37038,466,458
37039,466,459
37040,466,460
37041,466,461
37042,466,462
37043,466,463
37044,466,464
37045,466,465
37046,466,466
37047,466,467
37048,466,468
37049,466,469
37050,466,470
37051,466,471
37052,466,472
37053,466,473
37054,466,474
37055,466,475
37056,466,476
37057,466,477
37058,466,478
37059,466,479
37060,466,480
37061,466,481
37062,466,482
37063,466,483
37064,466,484
37065,466,485
37066,466,486
37067,466,487
37068,466,488
37069,466,489
37070,466,490
37071,466,491
37072,466,492
37073,466,493
37074,466,494
37075,466,495
37076,466,496
37077,466,497
37078,466,498
37079,466,499
37080,466,500
37081,466,501
37082,466,502
37083,466,503
37084,466,504
37085,466,505
37086,466,506
37087,466,507
37088,466,508
37089,466,509
37090,466,510
37091,466,511
37092,466,512
37093,466,513
37094,466,514
37095,466,515
37096,466,516
37097,466,517
37098,466,518
37099,466,519
37100,466,520
37101,466,521
37102,466,522
37103,466,523
37104,466,524
37105,466,525
37106,466,526
37107,466,527
37108,466,528
37109,466,529
37110,466,530
37111,466,531
37112,466,532
37113,466,533
37114,466,534
37115,466,535
37116,466,536
37117,466,537
37118,466,538
37119,466,539
37120,466,540
37121,466,541
37122,466,542
37123,466,543
37124,466,544
37125,466,545
37126,466,546
37127,466,547
37128,466,548
37129,466,549
37130,466,550
37131,466,551
37132,466,552
37133,466,553
37134,466,554
37135,466,555
37136,466,556
37137,466,557
37138,466,558
37139,466,559
37140,466,560
37141,466,561
37142,466,562
37143,466,563
37144,466,564
37145,466,565
37146,466,566
37147,466,567
37148,466,568
37149,466,569
37150,466,570
37151,466,571
37152,466,572
37153,466,573
37154,466,574
37155,466,575
37156,466,576
37157,466,577
37158,466,578
37159,466,579
37160,467,391
37161,467,392
37162,467,393
37163,467,394
37164,467,395
37165,467,396
37166,467,397
37167,467,398
37168,467,399
37169,467,400
37170,467,401
37171,467,402
37172,467,403
37173,467,404
37174,467,405
37175,467,406
37176,467,407
37177,467,408
37178,467,409
37179,467,410
37180,467,411
37181,467,412
37182,467,413
37183,467,414
37184,467,415
37185,467,416
37186,467,417
37187,467,418
37188,467,419
37189,467,420
37190,467,421
37191,467,422
37192,467,423
37193,467,424
37194,467,425
37195,467,426
37196,467,427
37197,467,428
37198,467,429
37199,467,430
37200,467,431
37201,467,432
37202,467,433
37203,467,434
37204,467,435
37205,467,436
37206,467,437
37207,467,438
37208,467,439
37209,467,440
37210,467,441
37211,467,442
37212,467,443
37213,467,444
37214,467,445
37215,467,446
37216,467,447
37217,467,448
37218,467,449
37219,467,450
37220,467,451
37221,467,452
37222,467,453
37223,467,454
37224,467,455
37225,467,456
37226,467,457
37227,467,458
37228,467,459
37229,467,460
37230,467,461
37231,467,462
37232,467,463
37233,467,464
37234,467,465
37235,467,466
37236,467,467
37237,467,468
37238,467,469
37239,467,470
37240,467,471
37241,467,472
37242,467,473
37243,467,474
37244,467,475
37245,467,476
37246,467,477
37247,467,478
37248,467,479
37249,467,480
37250,467,481
37251,467,482
37252,467,483
37253,467,484
37254,467,485
37255,467,486
37256,467,487
37257,467,488
37258,467,489
37259,467,490
37260,467,491
37261,467,492
37262,467,493
37263,467,494
37264,467,495
37265,467,496
37266,467,497
37267,467,498
37268,467,499
37269,467,500
37270,467,501
37271,467,502
37272,467,503
37273,467,504
37274,467,505
37275,467,506
37276,467,507
37277,467,508
37278,467,509
37279,467,510
37280,467,511
37281,467,512
37282,467,513
37283,467,514
37284,467,515
37285,467,516
37286,467,517
37287,467,518
37288,467,519
37289,467,520
37290,467,521
37291,467,522
37292,467,523
37293,467,524
37294,467,525
37295,467,526
37296,467,527
37297,467,528
37298,467,529
37299,467,530
37300,467,531
37301,467,532
37302,467,533
37303,467,534
37304,467,535
37305,467,536
37306,467,537
37307,467,538
37308,467,539
37309,467,540
37310,467,541
37311,467,542
37312,467,543
37313,467,544
37314,467,545
37315,467,546
37316,467,547
37317,467,548
37318,467,549
37319,467,550
37320,467,551
37321,467,552
37322,467,553
37323,467,554
37324,467,555
37325,467,556
37326,467,557
37327,467,558
37328,467,559
37329,467,560
37330,467,561
37331,467,562
37332,467,563
37333,467,564
37334,467,565
37335,467,566
37336,467,567
37337,467,568
37338,467,569
37339,467,570
37340,467,571
37341,467,572
37342,467,573
37343,467,574
37344,467,575
37345,467,576
37346,467,577
37347,467,578
37348,467,579
37349,467,580
37350,468,391
37351,468,392
37352,468,393
37353,468,394
37354,468,395
37355,468,396
37356,468,397
37357,468,398
37358,468,399
37359,468,400
37360,468,401
37361,468,402
37362,468,403
37363,468,404
37364,468,405
37365,468,406
37366,468,407
37367,468,408
37368,468,409
37369,468,410
37370,468,411
37371,468,412
37372,468,413
37373,468,414
37374,468,415
37375,468,416
37376,468,417
37377,468,418
37378,468,419
37379,468,420
37380,468,421
37381,468,422
37382,468,423
37383,468,424
37384,468,425
37385,468,426
37386,468,427
37387,468,428
37388,468,429
37389,468,430
37390,468,431
37391,468,432
37392,468,433
37393,468,434
37394,468,435
37395,468,436
37396,468,437
37397,468,438
37398,468,439
37399,468,440
37400,468,441
37401,468,442
37402,468,443
37403,468,444
37404,468,445
37405,468,446
37406,468,447
37407,468,448
37408,468,449
37409,468,450
37410,468,451
37411,468,452
37412,468,453
37413,468,454
37414,468,455
37415,468,456
37416,468,457
37417,468,458
37418,468,459
37419,468,460
37420,468,461
37421,468,462
37422,468,463
37423,468,464
37424,468,465
37425,468,466
37426,468,467
37427,468,468
37428,468,469
37429,468,470
37430,468,471
37431,468,472
37432,468,473
37433,468,474
37434,468,475
37435,468,476
37436,468,477
37437,468,478
37438,468,479
37439,468,480
37440,468,481
37441,468,482
37442,468,483
37443,468,484
37444,468,485
37445,468,486
37446,468,487
37447,468,488
37448,468,489
37449,468,490
37450,468,491
37451,468,492
37452,468,493
37453,468,494
37454,468,495
37455,468,496
37456,468,497
37457,468,498
37458,468,499
37459,468,500
37460,468,501
37461,468,502
37462,468,503
37463,468,504
37464,468,505
37465,468,506
37466,468,507
37467,468,508
37468,468,509
37469,468,510
37470,468,511
37471,468,512
37472,468,513
37473,468,514
37474,468,515
37475,468,516
37476,468,517
37477,468,518
37478,468,519
37479,468,520
37480,468,521
37481,468,522
37482,468,523
37483,468,524
37484,468,525
37485,468,526
37486,468,527
37487,468,528
37488,468,529
37489,468,530
37490,468,531
37491,468,532
37492,468,533
37493,468,534
37494,468,535
37495,468,536
37496,468,537
37497,468,538
37498,468,539
37499,468,540
37500,468,541
37501,468,542
37502,468,543
37503,468,544
37504,468,545
37505,468,546
37506,468,547
37507,468,548
37508,468,549
37509,468,550
37510,468,551
37511,468,552
37512,468,553
37513,468,554
37514,468,555
37515,468,556
37516,468,557
37517,468,558
37518,468,559
37519,468,560
37520,468,561
37521,468,562
37522,468,563
37523,468,564
37524,468,565
37525,468,566
37526,468,567
37527,468,568
37528,468,569
37529,468,570
37530,468,571
37531,468,572
37532,468,573
37533,468,574
37534,468,575
37535,468,576
37536,468,577
37537,468,578
37538,468,579
37539,468,580
37540,469,391
37541,469,392
37542,469,393
37543,469,394
37544,469,395
37545,469,396
37546,469,397
37547,469,398
37548,469,399
37549,469,400
37550,469,401
37551,469,402
37552,469,403
37553,469,404
37554,469,405
37555,469,406
37556,469,407
37557,469,408
37558,469,409
37559,469,410
37560,469,411
37561,469,412
37562,469,413
37563,469,414
37564,469,415
37565,469,416
37566,469,417
37567,469,418
37568,469,419
37569,469,420
37570,469,421
37571,469,422
37572,469,423
37573,469,424
37574,469,425
37575,469,426
37576,469,427
37577,469,428
37578,469,429
37579,469,430
37580,469,431
37581,469,432
37582,469,433
37583,469,434
37584,469,435
37585,469,436
37586,469,437
37587,469,438
37588,469,439
37589,469,440
37590,469,441
37591,469,442
37592,469,443
37593,469,444
37594,469,445
37595,469,446
37596,469,447
37597,469,448
37598,469,449
37599,469,450
37600,469,451
37601,469,452
37602,469,453
37603,469,454
37604,469,455
37605,469,456
37606,469,457
37607,469,458
37608,469,459
37609,469,460
37610,469,461
37611,469,462
37612,469,463
37613,469,464
37614,469,465
37615,469,466
37616,469,467
37617,469,468
37618,469,469
37619,469,470
37620,469,471
37621,469,472
37622,469,473
37623,469,474
37624,469,475
37625,469,476
37626,469,477
37627,469,478
37628,469,479
37629,469,480
37630,469,481
37631,469,482
37632,469,483
37633,469,484
37634,469,485
37635,469,486
37636,469,487
37637,469,488
37638,469,489
37639,469,490
37640,469,491
37641,469,492
37642,469,493
37643,469,494
37644,469,495
37645,469,496
37646,469,497
37647,469,498
37648,469,499
37649,469,500
37650,469,501
37651,469,502
37652,469,503
37653,469,504
37654,469,505
37655,469,506
37656,469,507
37657,469,508
37658,469,509
37659,469,510
37660,469,511
37661,469,512
37662,469,513
37663,469,514
37664,469,515
37665,469,516
37666,469,517
37667,469,518
37668,469,519
37669,469,520
37670,469,521
37671,469,522
37672,469,523
37673,469,524
37674,469,525
37675,469,526
37676,469,527
37677,469,528
37678,469,529
37679,469,530
37680,469,531
37681,469,532
37682,469,533
37683,469,534
37684,469,535
37685,469,536
37686,469,537
37687,469,538
37688,469,539
37689,469,540
37690,469,541
37691,469,542
37692,469,543
37693,469,544
37694,469,545
37695,469,546
37696,469,547
37697,469,548
37698,469,549
37699,469,550
37700,469,551
37701,469,552
37702,469,553
37703,469,554
37704,469,555
37705,469,556
37706,469,557
37707,469,558
37708,469,559
37709,469,560
37710,469,561
37711,469,562
37712,469,563
37713,469,564
37714,469,565
37715,469,566
37716,469,567
37717,469,568
37718,469,569
37719,469,570
37720,469,571
37721,469,572
37722,469,573
37723,469,574
37724,469,575
37725,469,576
37726,469,577
37727,469,578
37728,469,579
37729,469,580
37730,469,581
37731,470,392
37732,470,393
37733,470,394
37734,470,395
37735,470,396
37736,470,397
37737,470,398
37738,470,399
37739,470,400
37740,470,401
37741,470,402
37742,470,403
37743,470,404
37744,470,405
37745,470,406
37746,470,407
37747,470,408
37748,470,409
37749,470,410
37750,470,411
37751,470,412
37752,470,413
37753,470,414
37754,470,415
37755,470,416
37756,470,417
37757,470,418
37758,470,419
37759,470,420
37760,470,421
37761,470,422
37762,470,423
37763,470,424
37764,470,425
37765,470,426
37766,470,427
37767,470,428
37768,470,429
37769,470,430
37770,470,431
37771,470,432
37772,470,433
37773,470,434
37774,470,435
37775,470,436
37776,470,437
37777,470,438
37778,470,439
37779,470,440
37780,470,441
37781,470,442
37782,470,443
37783,470,444
37784,470,445
37785,470,446
37786,470,447
37787,470,448
37788,470,449
37789,470,450
37790,470,451
37791,470,452
37792,470,453
37793,470,454
37794,470,455
37795,470,456
37796,470,457
37797,470,458
37798,470,459
37799,470,460
37800,470,461
37801,470,462
37802,470,463
37803,470,464
37804,470,465
37805,470,466
37806,470,467
37807,470,468
37808,470,469
37809,470,470
37810,470,471
37811,470,472
37812,470,473
37813,470,474
37814,470,475
37815,470,476
37816,470,477
37817,470,478
37818,470,479
37819,470,480
37820,470,481
37821,470,482
37822,470,483
37823,470,484
37824,470,485
37825,470,486
37826,470,487
37827,470,488
37828,470,489
37829,470,490
37830,470,491
37831,470,492
37832,470,493
37833,470,494
37834,470,495
37835,470,496
37836,470,497
37837,470,498
37838,470,499
37839,470,500
37840,470,501
37841,470,502
37842,470,503
37843,470,504
37844,470,505
37845,470,506
37846,470,507
37847,470,508
37848,470,509
37849,470,510
37850,470,511
37851,470,512
37852,470,513
37853,470,514
37854,470,515
37855,470,516
37856,470,517
37857,470,518
37858,470,519
37859,470,520
37860,470,521
37861,470,522
37862,470,523
37863,470,524
37864,470,525
37865,470,526
37866,470,527
37867,470,528
37868,470,529
37869,470,530
37870,470,531
37871,470,532
37872,470,533
37873,470,534
37874,470,535
37875,470,536
37876,470,537
37877,470,538
37878,470,539
37879,470,540
37880,470,541
37881,470,542
37882,470,543
37883,470,544
37884,470,545
37885,470,546
37886,470,547
37887,470,548
37888,470,549
37889,470,550
37890,470,551
37891,470,552
37892,470,553
37893,470,554
37894,470,555
37895,470,556
37896,470,557
37897,470,558
37898,470,559
37899,470,560
37900,470,561
37901,470,562
37902,470,563
37903,470,564
37904,470,565
37905,470,566
37906,470,567
37907,470,568
37908,470,569
37909,470,570
37910,470,571
37911,470,572
37912,470,573
37913,470,574
37914,470,575
37915,470,576
37916,470,577
37917,470,578
37918,470,579
37919,470,580
37920,470,581
37921,471,392
37922,471,393
37923,471,394
37924,471,395
37925,471,396
37926,471,397
37927,471,398
37928,471,399
37929,471,400
37930,471,401
37931,471,402
37932,471,403
37933,471,404
37934,471,405
37935,471,406
37936,471,407
37937,471,408
37938,471,409
37939,471,410
37940,471,411
37941,471,412
37942,471,413
37943,471,414
37944,471,415
37945,471,416
37946,471,417
37947,471,418
37948,471,419
37949,471,420
37950,471,421
37951,471,422
37952,471,423
37953,471,424
37954,471,425
37955,471,426
37956,471,427
37957,471,428
37958,471,429
37959,471,430
37960,471,431
37961,471,432
37962,471,433
37963,471,434
37964,471,435
37965,471,436
37966,471,437
37967,471,438
37968,471,439
37969,471,440
37970,471,441
37971,471,442
37972,471,443
37973,471,444
37974,471,445
37975,471,446
37976,471,447
37977,471,448
37978,471,449
37979,471,450
37980,471,451
37981,471,452
37982,471,453
37983,471,454
37984,471,455
37985,471,456
37986,471,457
37987,471,458
37988,471,459
37989,471,460
37990,471,461
37991,471,462
37992,471,463
37993,471,464
37994,471,465
37995,471,466
37996,471,467
37997,471,468
37998,471,469
37999,471,470
38000,471,471
38001,471,472
38002,471,473
38003,471,474
38004,471,475
38005,471,476
38006,471,477
38007,471,478
38008,471,479
38009,471,480
38010,471,481
38011,471,482
38012,471,483
38013,471,484
38014,471,485
38015,471,486
38016,471,487
38017,471,488
38018,471,489
38019,471,490
38020,471,491
38021,471,492
38022,471,493
38023,471,494
38024,471,495
38025,471,496
38026,471,497
38027,471,498
38028,471,499
38029,471,500
38030,471,501
38031,471,502
38032,471,503
38033,471,504
38034,471,505
38035,471,506
38036,471,507
38037,471,508
38038,471,509
38039,471,510
38040,471,511
38041,471,512
38042,471,513
38043,471,514
38044,471,515
38045,471,516
38046,471,517
38047,471,518
38048,471,519
38049,471,520
38050,471,521
38051,471,522
38052,471,523
38053,471,524
38054,471,525
38055,471,526
38056,471,527
38057,471,528
38058,471,529
38059,471,530
38060,471,531
38061,471,532
38062,471,533
38063,471,534
38064,471,535
38065,471,536
38066,471,537
38067,471,538
38068,471,539
38069,471,540
38070,471,541
38071,471,542
38072,471,543
38073,471,544
38074,471,545
38075,471,546
38076,471,547
38077,471,548
38078,471,549
38079,471,550
38080,471,551
38081,471,552
38082,471,553
38083,471,554
38084,471,555
38085,471,556
38086,471,557
38087,471,558
38088,471,559
38089,471,560
38090,471,561
38091,471,562
38092,471,563
38093,471,564
38094,471,565
38095,471,566
38096,471,567
38097,471,568
38098,471,569
38099,471,570
38100,471,571
38101,471,572
38102,471,573
38103,471,574
38104,471,575
38105,471,576
38106,471,577
38107,471,578
38108,471,579
38109,471,580
38110,471,581
38111,471,582
38112,472,392
38113,472,393
38114,472,394
38115,472,395
38116,472,396
38117,472,397
38118,472,398
38119,472,399
38120,472,400
38121,472,401
38122,472,402
38123,472,403
38124,472,404
38125,472,405
38126,472,406
38127,472,407
38128,472,408
38129,472,409
38130,472,410
38131,472,411
38132,472,412
38133,472,413
38134,472,414
38135,472,415
38136,472,416
38137,472,417
38138,472,418
38139,472,419
38140,472,420
38141,472,421
38142,472,422
38143,472,423
38144,472,424
38145,472,425
38146,472,426
38147,472,427
38148,472,428
38149,472,429
38150,472,430
38151,472,431
38152,472,432
38153,472,433
38154,472,434
38155,472,435
38156,472,436
38157,472,437
38158,472,438
38159,472,439
38160,472,440
38161,472,441
38162,472,442
38163,472,443
38164,472,444
38165,472,445
38166,472,446
38167,472,447
38168,472,448
38169,472,449
38170,472,450
38171,472,451
38172,472,452
38173,472,453
38174,472,454
38175,472,455
38176,472,456
38177,472,457
38178,472,458
38179,472,459
38180,472,460
38181,472,461
38182,472,462
38183,472,463
38184,472,464
38185,472,465
38186,472,466
38187,472,467
38188,472,468
38189,472,469
38190,472,470
38191,472,471
38192,472,472
38193,472,473
38194,472,474
38195,472,475
38196,472,476
38197,472,477
38198,472,478
38199,472,479
38200,472,480
38201,472,481
38202,472,482
38203,472,483
38204,472,484
38205,472,485
38206,472,486
38207,472,487
38208,472,488
38209,472,489
38210,472,490
38211,472,491
38212,472,492
38213,472,493
38214,472,494
38215,472,495
38216,472,496
38217,472,497
38218,472,498
38219,472,499
38220,472,500
38221,472,501
38222,472,502
38223,472,503
38224,472,504
38225,472,505
38226,472,506
38227,472,507
38228,472,508
38229,472,509
38230,472,510
38231,472,511
38232,472,512
38233,472,513
38234,472,514
38235,472,515
38236,472,516
38237,472,517
38238,472,518
38239,472,519
38240,472,520
38241,472,521
38242,472,522
38243,472,523
38244,472,524
38245,472,525
38246,472,526
38247,472,527
38248,472,528
38249,472,529
38250,472,530
38251,472,531
38252,472,532
38253,472,533
38254,472,534
38255,472,535
38256,472,536
38257,472,537
38258,472,538
38259,472,539
38260,472,540
38261,472,541
38262,472,542
38263,472,543
38264,472,544
38265,472,545
38266,472,546
38267,472,547
38268,472,548
38269,472,549
38270,472,550
38271,472,551
38272,472,552
38273,472,553
38274,472,554
38275,472,555
38276,472,556
38277,472,557
38278,472,558
38279,472,559
38280,472,560
38281,472,561
38282,472,562
38283,472,563
38284,472,564
38285,472,565
38286,472,566
38287,472,567
38288,472,568
38289,472,569
38290,472,570
38291,472,571
38292,472,572
38293,472,573
38294,472,574
38295,472,575
38296,472,576
38297,472,577
38298,472,578
38299,472,579
38300,472,580
38301,472,581
38302,472,582
38303,473,393
38304,473,394
38305,473,395
38306,473,396
38307,473,397
38308,473,398
38309,473,399
38310,473,400
38311,473,401
38312,473,402
38313,473,403
38314,473,404
38315,473,405
38316,473,406
38317,473,407
38318,473,408
38319,473,409
38320,473,410
38321,473,411
38322,473,412
38323,473,413
38324,473,414
38325,473,415
38326,473,416
38327,473,417
38328,473,418
38329,473,419
38330,473,420
38331,473,421
38332,473,422
38333,473,423
38334,473,424
38335,473,425
38336,473,426
38337,473,427
38338,473,428
38339,473,429
38340,473,430
38341,473,431
38342,473,432
38343,473,433
38344,473,434
38345,473,435
38346,473,436
38347,473,437
38348,473,438
38349,473,439
38350,473,440
38351,473,441
38352,473,442
38353,473,443
38354,473,444
38355,473,445
38356,473,446
38357,473,447
38358,473,448
38359,473,449
38360,473,450
38361,473,451
38362,473,452
38363,473,453
38364,473,454
38365,473,455
38366,473,456
38367,473,457
38368,473,458
38369,473,459
38370,473,460
38371,473,461
38372,473,462
38373,473,463
38374,473,464
38375,473,465
38376,473,466
38377,473,467
38378,473,468
38379,473,469
38380,473,470
38381,473,471
38382,473,472
38383,473,473
38384,473,474
38385,473,475
38386,473,476
38387,473,477
38388,473,478
38389,473,479
38390,473,480
38391,473,481
38392,473,482
38393,473,483
38394,473,484
38395,473,485
38396,473,486
38397,473,487
38398,473,488
38399,473,489
38400,473,490
38401,473,491
38402,473,492
38403,473,493
38404,473,494
38405,473,495
38406,473,496
38407,473,497
38408,473,498
38409,473,499
38410,473,500
38411,473,501
38412,473,502
38413,473,503
38414,473,504
38415,473,505
38416,473,506
38417,473,507
38418,473,508
38419,473,509
38420,473,510
38421,473,511
38422,473,512
38423,473,513
38424,473,514
38425,473,515
38426,473,516
38427,473,517
38428,473,518
38429,473,519
38430,473,520
38431,473,521
38432,473,522
38433,473,523
38434,473,524
38435,473,525
38436,473,526
38437,473,527
38438,473,528
38439,473,529
38440,473,530
38441,473,531
38442,473,532
38443,473,533
38444,473,534
38445,473,535
38446,473,536
38447,473,537
38448,473,538
38449,473,539
38450,473,540
38451,473,541
38452,473,542
38453,473,543
38454,473,544
38455,473,545
38456,473,546
38457,473,547
38458,473,548
38459,473,549
38460,473,550
38461,473,551
38462,473,552
38463,473,553
38464,473,554
38465,473,555
38466,473,556
38467,473,557
38468,473,558
38469,473,559
38470,473,560
38471,473,561
38472,473,562
38473,473,563
38474,473,564
38475,473,565
38476,473,566
38477,473,567
38478,473,568
38479,473,569
38480,473,570
38481,473,571
38482,473,572
38483,473,573
38484,473,574
38485,473,575
38486,473,576
38487,473,577
38488,473,578
38489,473,579
38490,473,580
38491,473,581
38492,473,582
38493,473,583
38494,474,394
38495,474,395
38496,474,396
38497,474,397
38498,474,398
38499,474,399
38500,474,400
38501,474,401
38502,474,402
38503,474,403
38504,474,404
38505,474,405
38506,474,406
38507,474,407
38508,474,408
38509,474,409
38510,474,410
38511,474,411
38512,474,412
38513,474,413
38514,474,414
38515,474,415
38516,474,416
38517,474,417
38518,474,418
38519,474,419
38520,474,420
38521,474,421
38522,474,422
38523,474,423
38524,474,424
38525,474,425
38526,474,426
38527,474,427
38528,474,428
38529,474,429
38530,474,430
38531,474,431
38532,474,432
38533,474,433
38534,474,434
38535,474,435
38536,474,436
38537,474,437
38538,474,438
38539,474,439
38540,474,440
38541,474,441
38542,474,442
38543,474,443
38544,474,444
38545,474,445
38546,474,446
38547,474,447
38548,474,448
38549,474,449
38550,474,450
38551,474,451
38552,474,452
38553,474,453
38554,474,454
38555,474,455
38556,474,456
38557,474,457
38558,474,458
38559,474,459
38560,474,460
38561,474,461
38562,474,462
38563,474,463
38564,474,464
38565,474,465
38566,474,466
38567,474,467
38568,474,468
38569,474,469
38570,474,470
38571,474,471
38572,474,472
38573,474,473
38574,474,474
38575,474,475
38576,474,476
38577,474,477
38578,474,478
38579,474,479
38580,474,480
38581,474,481
38582,474,482
38583,474,483
38584,474,484
38585,474,485
38586,474,486
38587,474,487
38588,474,488
38589,474,489
38590,474,490
38591,474,491
38592,474,492
38593,474,493
38594,474,494
38595,474,495
38596,474,496
38597,474,497
38598,474,498
38599,474,499
38600,474,500
38601,474,501
38602,474,502
38603,474,503
38604,474,504
38605,474,505
38606,474,506
38607,474,507
38608,474,508
38609,474,509
38610,474,510
38611,474,511
38612,474,512
38613,474,513
38614,474,514
38615,474,515
38616,474,516
38617,474,517
38618,474,518
38619,474,519
38620,474,520
38621,474,521
38622,474,522
38623,474,523
38624,474,524
38625,474,525
38626,474,526
38627,474,527
38628,474,528
38629,474,529
38630,474,530
38631,474,531
38632,474,532
38633,474,533
38634,474,534
38635,474,535
38636,474,536
38637,474,537
38638,474,538
38639,474,539
38640,474,540
38641,474,541
38642,474,542
38643,474,543
38644,474,544
38645,474,545
38646,474,546
38647,474,547
38648,474,548
38649,474,549
38650,474,550
38651,474,551
38652,474,552
38653,474,553
38654,474,554
38655,474,555
38656,474,556
38657,474,557
38658,474,558
38659,474,559
38660,474,560
38661,474,561
38662,474,562
38663,474,563
38664,474,564
38665,474,565
38666,474,566
38667,474,567
38668,474,568
38669,474,569
38670,474,570
38671,474,571
38672,474,572
38673,474,573
38674,474,574
38675,474,575
38676,474,576
38677,474,577
38678,474,578
38679,474,579
38680,474,580
38681,474,581
38682,474,582
38683,474,583
38684,475,394
38685,475,395
38686,475,396
38687,475,397
38688,475,398
38689,475,399
38690,475,400
38691,475,401
38692,475,402
38693,475,403
38694,475,404
38695,475,405
38696,475,406
38697,475,407
38698,475,408
38699,475,409
38700,475,410
38701,475,411
38702,475,412
38703,475,413
38704,475,414
38705,475,415
38706,475,416
38707,475,417
38708,475,418
38709,475,419
38710,475,420
38711,475,421
38712,475,422
38713,475,423
38714,475,424
38715,475,425
38716,475,426
38717,475,427
38718,475,428
38719,475,429
38720,475,430
38721,475,431
38722,475,432
38723,475,433
38724,475,434
38725,475,435
38726,475,436
38727,475,437
38728,475,438
38729,475,439
38730,475,440
38731,475,441
38732,475,442
38733,475,443
38734,475,444
38735,475,445
38736,475,446
38737,475,447
38738,475,448
38739,475,449
38740,475,450
38741,475,451
38742,475,452
38743,475,453
38744,475,454
38745,475,455
38746,475,456
38747,475,457
38748,475,458
38749,475,459
38750,475,460
38751,475,461
38752,475,462
38753,475,463
38754,475,464
38755,475,465
38756,475,466
38757,475,467
38758,475,468
38759,475,469
38760,475,470
38761,475,471
38762,475,472
38763,475,473
38764,475,474
38765,475,475
38766,475,476
38767,475,477
38768,475,478
38769,475,479
38770,475,480
38771,475,481
38772,475,482
38773,475,483
38774,475,484
38775,475,485
38776,475,486
38777,475,487
38778,475,488
38779,475,489
38780,475,490
38781,475,491
38782,475,492
38783,475,493
38784,475,494
38785,475,495
38786,475,496
38787,475,497
38788,475,498
38789,475,499
38790,475,500
38791,475,501
38792,475,502
38793,475,503
38794,475,504
38795,475,505
38796,475,506
38797,475,507
38798,475,508
38799,475,509
38800,475,510
38801,475,511
38802,475,512
38803,475,513
38804,475,514
38805,475,515
38806,475,516
38807,475,517
38808,475,518
38809,475,519
38810,475,520
38811,475,521
38812,475,522
38813,475,523
38814,475,524
38815,475,525
38816,475,526
38817,475,527
38818,475,528
38819,475,529
38820,475,530
38821,475,531
38822,475,532
38823,475,533
38824,475,534
38825,475,535
38826,475,536
38827,475,537
38828,475,538
38829,475,539
38830,475,540
38831,475,541
38832,475,542
38833,475,543
38834,475,544
38835,475,545
38836,475,546
38837,475,547
38838,475,548
38839,475,549
38840,475,550
38841,475,551
38842,475,552
38843,475,553
38844,475,554
38845,475,555
38846,475,556
38847,475,557
38848,475,558
38849,475,559
38850,475,560
38851,475,561
38852,475,562
38853,475,563
38854,475,564
38855,475,565
38856,475,566
38857,475,567
38858,475,568
38859,475,569
38860,475,570
38861,475,571
38862,475,572
38863,475,573
38864,475,574
38865,475,575
38866,475,576
38867,475,577
38868,475,578
38869,475,579
38870,475,580
38871,475,581
38872,475,582
38873,475,583
38874,475,584
38875,476,394
38876,476,395
38877,476,396
38878,476,397
38879,476,398
38880,476,399
38881,476,400
38882,476,401
38883,476,402
38884,476,403
38885,476,404
38886,476,405
38887,476,406
38888,476,407
38889,476,408
38890,476,409
38891,476,410
38892,476,411
38893,476,412
38894,476,413
38895,476,414
38896,476,415
38897,476,416
38898,476,417
38899,476,418
38900,476,419
38901,476,420
38902,476,421
38903,476,422
38904,476,423
38905,476,424
38906,476,425
38907,476,426
38908,476,427
38909,476,428
38910,476,429
38911,476,430
38912,476,431
38913,476,432
38914,476,433
38915,476,434
38916,476,435
38917,476,436
38918,476,437
38919,476,438
38920,476,439
38921,476,440
38922,476,441
38923,476,442
38924,476,443
38925,476,444
38926,476,445
38927,476,446
38928,476,447
38929,476,448
38930,476,449
38931,476,450
38932,476,451
38933,476,452
38934,476,453
38935,476,454
38936,476,455
38937,476,456
38938,476,457
38939,476,458
38940,476,459
38941,476,460
38942,476,461
38943,476,462
38944,476,463
38945,476,464
38946,476,465
38947,476,466
38948,476,467
38949,476,468
38950,476,469
38951,476,470
38952,476,471
38953,476,472
38954,476,473
38955,476,474
38956,476,475
38957,476,476
38958,476,477
38959,476,478
38960,476,479
38961,476,480
38962,476,481
38963,476,482
38964,476,483
38965,476,484
38966,476,485
38967,476,486
38968,476,487
38969,476,488
38970,476,489
38971,476,490
38972,476,491
38973,476,492
38974,476,493
38975,476,494
38976,476,495
38977,476,496
38978,476,497
38979,476,498
38980,476,499
38981,476,500
38982,476,501
38983,476,502
38984,476,503
38985,476,504
38986,476,505
38987,476,506
38988,476,507
38989,476,508
38990,476,509
38991,476,510
38992,476,511
38993,476,512
38994,476,513
38995,476,514
38996,476,515
38997,476,516
38998,476,517
38999,476,518
39000,476,519
39001,476,520
39002,476,521
39003,476,522
39004,476,523
39005,476,524
39006,476,525
39007,476,526
39008,476,527
39009,476,528
39010,476,529
39011,476,530
39012,476,531
39013,476,532
39014,476,533
39015,476,534
39016,476,535
39017,476,536
39018,476,537
39019,476,538
39020,476,539
39021,476,540
39022,476,541
39023,476,542
39024,476,543
39025,476,544
39026,476,545
39027,476,546
39028,476,547
39029,476,548
39030,476,549
39031,476,550
39032,476,551
39033,476,552
39034,476,553
39035,476,554
39036,476,555
39037,476,556
39038,476,557
39039,476,558
39040,476,559
39041,476,560
39042,476,561
39043,476,562
39044,476,563
39045,476,564
39046,476,565
39047,476,566
39048,476,567
39049,476,568
39050,476,569
39051,476,570
39052,476,571
39053,476,572
39054,476,573
39055,476,574
39056,476,575
39057,476,576
39058,476,577
39059,476,578
39060,476,579
39061,476,580
39062,476,581
39063,476,582
39064,476,583
39065,476,584
39066,476,585
39067,477,395
39068,477,396
39069,477,397
39070,477,398
39071,477,399
39072,477,400
39073,477,401
39074,477,402
39075,477,403
39076,477,404
39077,477,405
39078,477,406
39079,477,407
39080,477,408
39081,477,409
39082,477,410
39083,477,411
39084,477,412
39085,477,413
39086,477,414
39087,477,415
39088,477,416
39089,477,417
39090,477,418
39091,477,419
39092,477,420
39093,477,421
39094,477,422
39095,477,423
39096,477,424
39097,477,425
39098,477,426
39099,477,427
39100,477,428
39101,477,429
39102,477,430
39103,477,431
39104,477,432
39105,477,433
39106,477,434
39107,477,435
39108,477,436
39109,477,437
39110,477,438
39111,477,439
39112,477,440
39113,477,441
39114,477,442
39115,477,443
39116,477,444
39117,477,445
39118,477,446
39119,477,447
39120,477,448
39121,477,449
39122,477,450
39123,477,451
39124,477,452
39125,477,453
39126,477,454
39127,477,455
39128,477,456
39129,477,457
39130,477,458
39131,477,459
39132,477,460
39133,477,461
39134,477,462
39135,477,463
39136,477,464
39137,477,465
39138,477,466
39139,477,467
39140,477,468
39141,477,469
39142,477,470
39143,477,471
39144,477,472
39145,477,473
39146,477,474
39147,477,475
39148,477,476
39149,477,477
39150,477,478
39151,477,479
39152,477,480
39153,477,481
39154,477,482
39155,477,483
39156,477,484
39157,477,485
39158,477,486
39159,477,487
39160,477,488
39161,477,489
39162,477,490
39163,477,491
39164,477,492
39165,477,493
39166,477,494
39167,477,495
39168,477,496
39169,477,497
39170,477,498
39171,477,499
39172,477,500
39173,477,501
39174,477,502
39175,477,503
39176,477,504
39177,477,505
39178,477,506
39179,477,507
39180,477,508
39181,477,509
39182,477,510
39183,477,511
39184,477,512
39185,477,513
39186,477,514
39187,477,515
39188,477,516
39189,477,517
39190,477,518
39191,477,519
39192,477,520
39193,477,521
39194,477,522
39195,477,523
39196,477,524
39197,477,525
39198,477,526
39199,477,527
39200,477,528
39201,477,529
39202,477,530
39203,477,531
39204,477,532
39205,477,533
39206,477,534
39207,477,535
39208,477,536
39209,477,537
39210,477,538
39211,477,539
39212,477,540
39213,477,541
39214,477,542
39215,477,543
39216,477,544
39217,477,545
39218,477,546
39219,477,547
39220,477,548
39221,477,549
39222,477,550
39223,477,551
39224,477,552
39225,477,553
39226,477,554
39227,477,555
39228,477,556
39229,477,557
39230,477,558
39231,477,559
39232,477,560
39233,477,561
39234,477,562
39235,477,563
39236,477,564
39237,477,565
39238,477,566
39239,477,567
39240,477,568
39241,477,569
39242,477,570
39243,477,571
39244,477,572
39245,477,573
39246,477,574
39247,477,575
39248,477,576
39249,477,577
39250,477,578
39251,477,579
39252,477,580
39253,477,581
39254,477,582
39255,477,583
39256,477,584
39257,477,585
39258,478,395
39259,478,396
39260,478,397
39261,478,398
39262,478,399
39263,478,400
39264,478,401
39265,478,402
39266,478,403
39267,478,404
39268,478,405
39269,478,406
39270,478,407
39271,478,408
39272,478,409
39273,478,410
39274,478,411
39275,478,412
39276,478,413
39277,478,414
39278,478,415
39279,478,416
39280,478,417
39281,478,418
39282,478,419
39283,478,420
39284,478,421
39285,478,422
39286,478,423
39287,478,424
39288,478,425
39289,478,426
39290,478,427
39291,478,428
39292,478,429
39293,478,430
39294,478,431
39295,478,432
39296,478,433
39297,478,434
39298,478,435
39299,478,436
39300,478,437
39301,478,438
39302,478,439
39303,478,440
39304,478,441
39305,478,442
39306,478,443
39307,478,444
39308,478,445
39309,478,446
39310,478,447
39311,478,448
39312,478,449
39313,478,450
39314,478,451
39315,478,452
39316,478,453
39317,478,454
39318,478,455
39319,478,456
39320,478,457
39321,478,458
39322,478,459
39323,478,460
39324,478,461
39325,478,462
39326,478,463
39327,478,464
39328,478,465
39329,478,466
39330,478,467
39331,478,468
39332,478,469
39333,478,470
39334,478,471
39335,478,472
39336,478,473
39337,478,474
39338,478,475
39339,478,476
39340,478,477
39341,478,478
39342,478,479
39343,478,480
39344,478,481
39345,478,482
39346,478,483
39347,478,484
39348,478,485
39349,478,486
39350,478,487
39351,478,488
39352,478,489
39353,478,490
39354,478,491
39355,478,492
39356,478,493
39357,478,494
39358,478,495
39359,478,496
39360,478,497
39361,478,498
39362,478,499
39363,478,500
39364,478,501
39365,478,502
39366,478,503
39367,478,504
39368,478,505
39369,478,506
39370,478,507
39371,478,508
39372,478,509
39373,478,510
39374,478,511
39375,478,512
39376,478,513
39377,478,514
39378,478,515
39379,478,516
39380,478,517
39381,478,518
39382,478,519
39383,478,520
39384,478,521
39385,478,522
39386,478,523
39387,478,524
39388,478,525
39389,478,526
39390,478,527
39391,478,528
39392,478,529
39393,478,530
39394,478,531
39395,478,532
39396,478,533
39397,478,534
39398,478,535
39399,478,536
39400,478,537
39401,478,538
39402,478,539
39403,478,540
39404,478,541
39405,478,542
39406,478,543
39407,478,544
39408,478,545
39409,478,546
39410,478,547
39411,478,548
39412,478,549
39413,478,550
39414,478,551
39415,478,552
39416,478,553
39417,478,554
39418,478,555
39419,478,556
39420,478,557
39421,478,558
39422,478,559
39423,478,560
39424,478,561
39425,478,562
39426,478,563
39427,478,564
39428,478,565
39429,478,566
39430,478,567
39431,478,568
39432,478,569
39433,478,570
39434,478,571
39435,478,572
39436,478,573
39437,478,574
39438,478,575
39439,478,576
39440,478,577
39441,478,578
39442,478,579
39443,478,580
39444,478,581
39445,478,582
39446,478,583
39447,478,584
39448,478,585
39449,478,586
39450,479,395
39451,479,396
39452,479,397
39453,479,398
39454,479,399
39455,479,400
39456,479,401
39457,479,402
39458,479,403
39459,479,404
39460,479,405
39461,479,406
39462,479,407
39463,479,408
39464,479,409
39465,479,410
39466,479,411
39467,479,412
39468,479,413
39469,479,414
39470,479,415
39471,479,416
39472,479,417
39473,479,418
39474,479,419
39475,479,420
39476,479,421
39477,479,422
39478,479,423
39479,479,424
39480,479,425
39481,479,426
39482,479,427
39483,479,428
39484,479,429
39485,479,430
39486,479,431
39487,479,432
39488,479,433
39489,479,434
39490,479,435
39491,479,436
39492,479,437
39493,479,438
39494,479,439
39495,479,440
39496,479,441
39497,479,442
39498,479,443
39499,479,444
39500,479,445
39501,479,446
39502,479,447
39503,479,448
39504,479,449
39505,479,450
39506,479,451
39507,479,452
39508,479,453
39509,479,454
39510,479,455
39511,479,456
39512,479,457
39513,479,458
39514,479,459
39515,479,460
39516,479,461
39517,479,462
39518,479,463
39519,479,464
39520,479,465
39521,479,466
39522,479,467
39523,479,468
39524,479,469
39525,479,470
39526,479,471
39527,479,472
39528,479,473
39529,479,474
39530,479,475
39531,479,476
39532,479,477
39533,479,478
39534,479,479
39535,479,480
39536,479,481
39537,479,482
39538,479,483
39539,479,484
39540,479,485
39541,479,486
39542,479,487
39543,479,488
39544,479,489
39545,479,490
39546,479,491
39547,479,492
39548,479,493
39549,479,494
39550,479,495
39551,479,496
39552,479,497
39553,479,498
39554,479,499
39555,479,500
39556,479,501
39557,479,502
39558,479,503
39559,479,504
39560,479,505
39561,479,506
39562,479,507
39563,479,508
39564,479,509
39565,479,510
39566,479,511
39567,479,512
39568,479,513
39569,479,514
39570,479,515
39571,479,516
39572,479,517
39573,479,518
39574,479,519
39575,479,520
39576,479,521
39577,479,522
39578,479,523
39579,479,524
39580,479,525
39581,479,526
39582,479,527
39583,479,528
39584,479,529
39585,479,530
39586,479,531
39587,479,532
39588,479,533
39589,479,534
39590,479,535
39591,479,536
39592,479,537
39593,479,538
39594,479,539
39595,479,540
39596,479,541
39597,479,542
39598,479,543
39599,479,544
39600,479,545
39601,479,546
39602,479,547
39603,479,548
39604,479,549
39605,479,550
39606,479,551
39607,479,552
39608,479,553
39609,479,554
39610,479,555
39611,479,556
39612,479,557
39613,479,558
39614,479,559
39615,479,560
39616,479,561
39617,479,562
39618,479,563
39619,479,564
39620,479,565
39621,479,566
39622,479,567
39623,479,568
39624,479,569
39625,479,570
39626,479,571
39627,479,572
39628,479,573
39629,479,574
39630,479,575
39631,479,576
39632,479,577
39633,479,578
39634,479,579
39635,479,580
39636,479,581
39637,479,582
39638,479,583
39639,479,584
39640,479,585
39641,479,586
39642,480,396
39643,480,397
39644,480,398
39645,480,399
39646,480,400
39647,480,401
39648,480,402
39649,480,403
39650,480,404
39651,480,405
39652,480,406
39653,480,407
39654,480,408
39655,480,409
39656,480,410
39657,480,411
39658,480,412
39659,480,413
39660,480,414
39661,480,415
39662,480,416
39663,480,417
39664,480,418
39665,480,419
39666,480,420
39667,480,421
39668,480,422
39669,480,423
39670,480,424
39671,480,425
39672,480,426
39673,480,427
39674,480,428
39675,480,429
39676,480,430
39677,480,431
39678,480,432
39679,480,433
39680,480,434
39681,480,435
39682,480,436
39683,480,437
39684,480,438
39685,480,439
39686,480,440
39687,480,441
39688,480,442
39689,480,443
39690,480,444
39691,480,445
39692,480,446
39693,480,447
39694,480,448
39695,480,449
39696,480,450
39697,480,451
39698,480,452
39699,480,453
39700,480,454
39701,480,455
39702,480,456
39703,480,457
39704,480,458
39705,480,459
39706,480,460
39707,480,461
39708,480,462
39709,480,463
39710,480,464
39711,480,465
39712,480,466
39713,480,467
39714,480,468
39715,480,469
39716,480,470
39717,480,471
39718,480,472
39719,480,473
39720,480,474
39721,480,475
39722,480,476
39723,480,477
39724,480,478
39725,480,479
39726,480,480
39727,480,481
39728,480,482
39729,480,483
39730,480,484
39731,480,485
39732,480,486
39733,480,487
39734,480,488
39735,480,489
39736,480,490
39737,480,491
39738,480,492
39739,480,493
39740,480,494
39741,480,495
39742,480,496
39743,480,497
39744,480,498
39745,480,499
39746,480,500
39747,480,501
39748,480,502
39749,480,503
39750,480,504
39751,480,505
39752,480,506
39753,480,507
39754,480,508
39755,480,509
39756,480,510
39757,480,511
39758,480,512
39759,480,513
39760,480,514
39761,480,515
39762,480,516
39763,480,517
39764,480,518
39765,480,519
39766,480,520
39767,480,521
39768,480,522
39769,480,523
39770,480,524
39771,480,525
39772,480,526
39773,480,527
39774,480,528
39775,480,529
39776,480,530
39777,480,531
39778,480,532
39779,480,533
39780,480,534
39781,480,535
39782,480,536
39783,480,537
39784,480,538
39785,480,539
39786,480,540
39787,480,541
39788,480,542
39789,480,543
39790,480,544
39791,480,545
39792,480,546
39793,480,547
39794,480,548
39795,480,549
39796,480,550
39797,480,551
39798,480,552
39799,480,553
39800,480,554
39801,480,555
39802,480,556
39803,480,557
39804,480,558
39805,480,559
39806,480,560
39807,480,561
39808,480,562
39809,480,563
39810,480,564
39811,480,565
39812,480,566
39813,480,567
39814,480,568
39815,480,569
39816,480,570
39817,480,571
39818,480,572
39819,480,573
39820,480,574
39821,480,575
39822,480,576
39823,480,577
39824,480,578
39825,480,579
39826,480,580
39827,480,581
39828,480,582
39829,480,583
39830,480,584
39831,480,585
39832,480,586
39833,480,587
39834,481,396
39835,481,397
39836,481,398
39837,481,399
39838,481,400
39839,481,401
39840,481,402
39841,481,403
39842,481,404
39843,481,405
39844,481,406
39845,481,407
39846,481,408
39847,481,409
39848,481,410
39849,481,411
39850,481,412
39851,481,413
39852,481,414
39853,481,415
39854,481,416
39855,481,417
39856,481,418
39857,481,419
39858,481,420
39859,481,421
39860,481,422
39861,481,423
39862,481,424
39863,481,425
39864,481,426
39865,481,427
39866,481,428
39867,481,429
39868,481,430
39869,481,431
39870,481,432
39871,481,433
39872,481,434
39873,481,435
39874,481,436
39875,481,437
39876,481,438
39877,481,439
39878,481,440
39879,481,441
39880,481,442
39881,481,443
39882,481,444
39883,481,445
39884,481,446
39885,481,447
39886,481,448
39887,481,449
39888,481,450
39889,481,451
39890,481,452
39891,481,453
39892,481,454
39893,481,455
39894,481,456
39895,481,457
39896,481,458
39897,481,459
39898,481,460
39899,481,461
39900,481,462
39901,481,463
39902,481,464
39903,481,465
39904,481,466
39905,481,467
39906,481,468
39907,481,469
39908,481,470
39909,481,471
39910,481,472
39911,481,473
39912,481,474
39913,481,475
39914,481,476
39915,481,477
39916,481,478
39917,481,479
39918,481,480
39919,481,481
39920,481,482
39921,481,483
39922,481,484
39923,481,485
39924,481,486
39925,481,487
39926,481,488
39927,481,489
39928,481,490
39929,481,491
39930,481,492
39931,481,493
39932,481,494
39933,481,495
39934,481,496
39935,481,497
39936,481,498
39937,481,499
39938,481,500
39939,481,501
39940,481,502
39941,481,503
39942,481,504
39943,481,505
39944,481,506
39945,481,507
39946,481,508
39947,481,509
39948,481,510
39949,481,511
39950,481,512
39951,481,513
39952,481,514
39953,481,515
39954,481,516
39955,481,517
39956,481,518
39957,481,519
39958,481,520
39959,481,521
39960,481,522
39961,481,523
39962,481,524
39963,481,525
39964,481,526
39965,481,527
39966,481,528
39967,481,529
39968,481,530
39969,481,531
39970,481,532
39971,481,533
39972,481,534
39973,481,535
39974,481,536
39975,481,537
39976,481,538
39977,481,539
39978,481,540
39979,481,541
39980,481,542
39981,481,543
39982,481,544
39983,481,545
39984,481,546
39985,481,547
39986,481,548
39987,481,549
39988,481,550
39989,481,551
39990,481,552
39991,481,553
39992,481,554
39993,481,555
39994,481,556
39995,481,557
39996,481,558
39997,481,559
39998,481,560
39999,481,561
40000,481,562
40001,481,563
40002,481,564
40003,481,565
40004,481,566
40005,481,567
40006,481,568
40007,481,569
40008,481,570
40009,481,571
40010,481,572
40011,481,573
40012,481,574
40013,481,575
40014,481,576
40015,481,577
40016,481,578
40017,481,579
40018,481,580
40019,481,581
40020,481,582
40021,481,583
40022,481,584
40023,481,585
40024,481,586
40025,481,587
40026,481,588
40027,482,397
40028,482,398
40029,482,399
40030,482,400
40031,482,401
40032,482,402
40033,482,403
40034,482,404
40035,482,405
40036,482,406
40037,482,407
40038,482,408
40039,482,409
40040,482,410
40041,482,411
40042,482,412
40043,482,413
40044,482,414
40045,482,415
40046,482,416
40047,482,417
40048,482,418
40049,482,419
40050,482,420
40051,482,421
40052,482,422
40053,482,423
40054,482,424
40055,482,425
40056,482,426
40057,482,427
40058,482,428
40059,482,429
40060,482,430
40061,482,431
40062,482,432
40063,482,433
40064,482,434
40065,482,435
40066,482,436
40067,482,437
40068,482,438
40069,482,439
40070,482,440
40071,482,441
40072,482,442
40073,482,443
40074,482,444
40075,482,445
40076,482,446
40077,482,447
40078,482,448
40079,482,449
40080,482,450
40081,482,451
40082,482,452
40083,482,453
40084,482,454
40085,482,455
40086,482,456
40087,482,457
40088,482,458
40089,482,459
40090,482,460
40091,482,461
40092,482,462
40093,482,463
40094,482,464
40095,482,465
40096,482,466
40097,482,467
40098,482,468
40099,482,469
40100,482,470
40101,482,471
40102,482,472
40103,482,473
40104,482,474
40105,482,475
40106,482,476
40107,482,477
40108,482,478
40109,482,479
40110,482,480
40111,482,481
40112,482,482
40113,482,483
40114,482,484
40115,482,485
40116,482,486
40117,482,487
40118,482,488
40119,482,489
40120,482,490
40121,482,491
40122,482,492
40123,482,493
40124,482,494
40125,482,495
40126,482,496
40127,482,497
40128,482,498
40129,482,499
40130,482,500
40131,482,501
40132,482,502
40133,482,503
40134,482,504
40135,482,505
40136,482,506
40137,482,507
40138,482,508
40139,482,509
40140,482,510
40141,482,511
40142,482,512
40143,482,513
40144,482,514
40145,482,515
40146,482,516
40147,482,517
40148,482,518
40149,482,519
40150,482,520
40151,482,521
40152,482,522
40153,482,523
40154,482,524
40155,482,525
40156,482,526
40157,482,527
40158,482,528
40159,482,529
40160,482,530
40161,482,531
40162,482,532
40163,482,533
40164,482,534
40165,482,535
40166,482,536
40167,482,537
40168,482,538
40169,482,539
40170,482,540
40171,482,541
40172,482,542
40173,482,543
40174,482,544
40175,482,545
40176,482,546
40177,482,547
40178,482,548
40179,482,549
40180,482,550
40181,482,551
40182,482,552
40183,482,553
40184,482,554
40185,482,555
40186,482,556
40187,482,557
40188,482,558
40189,482,559
40190,482,560
40191,482,561
40192,482,562
40193,482,563
40194,482,564
40195,482,565
40196,482,566
40197,482,567
40198,482,568
40199,482,569
40200,482,570
40201,482,571
40202,482,572
40203,482,573
40204,482,574
40205,482,575
40206,482,576
40207,482,577
40208,482,578
40209,482,579
40210,482,580
40211,482,581
40212,482,582
40213,482,583
40214,482,584
40215,482,585
40216,482,586
40217,482,587
40218,482,588
40219,482,589
40220,483,397
40221,483,398
40222,483,399
40223,483,400
40224,483,401
40225,483,402
40226,483,403
40227,483,404
40228,483,405
40229,483,406
40230,483,407
40231,483,408
40232,483,409
40233,483,410
40234,483,411
40235,483,412
40236,483,413
40237,483,414
40238,483,415
40239,483,416
40240,483,417
40241,483,418
40242,483,419
40243,483,420
40244,483,421
40245,483,422
40246,483,423
40247,483,424
40248,483,425
40249,483,426
40250,483,427
40251,483,428
40252,483,429
40253,483,430
40254,483,431
40255,483,432
40256,483,433
40257,483,434
40258,483,435
40259,483,436
40260,483,437
40261,483,438
40262,483,439
40263,483,440
40264,483,441
40265,483,442
40266,483,443
40267,483,444
40268,483,445
40269,483,446
40270,483,447
40271,483,448
40272,483,449
40273,483,450
40274,483,451
40275,483,452
40276,483,453
40277,483,454
40278,483,455
40279,483,456
40280,483,457
40281,483,458
40282,483,459
40283,483,460
40284,483,461
40285,483,462
40286,483,463
40287,483,464
40288,483,465
40289,483,466
40290,483,467
40291,483,468
40292,483,469
40293,483,470
40294,483,471
40295,483,472
40296,483,473
40297,483,474
40298,483,475
40299,483,476
40300,483,477
40301,483,478
40302,483,479
40303,483,480
40304,483,481
40305,483,482
40306,483,483
40307,483,484
40308,483,485
40309,483,486
40310,483,487
40311,483,488
40312,483,489
40313,483,490
40314,483,491
40315,483,492
40316,483,493
40317,483,494
40318,483,495
40319,483,496
40320,483,497
40321,483,498
40322,483,499
40323,483,500
40324,483,501
40325,483,502
40326,483,503
40327,483,504
40328,483,505
40329,483,506
40330,483,507
40331,483,508
40332,483,509
40333,483,510
40334,483,511
40335,483,512
40336,483,513
40337,483,514
40338,483,515
40339,483,516
40340,483,517
40341,483,518
40342,483,519
40343,483,520
40344,483,521
40345,483,522
40346,483,523
40347,483,524
40348,483,525
40349,483,526
40350,483,527
40351,483,528
40352,483,529
40353,483,530
40354,483,531
40355,483,532
40356,483,533
40357,483,534
40358,483,535
40359,483,536
40360,483,537
40361,483,538
40362,483,539
40363,483,540
40364,483,541
40365,483,542
40366,483,543
40367,483,544
40368,483,545
40369,483,546
40370,483,547
40371,483,548
40372,483,549
40373,483,550
40374,483,551
40375,483,552
40376,483,553
40377,483,554
40378,483,555
40379,483,556
40380,483,557
40381,483,558
40382,483,559
40383,483,560
40384,483,561
40385,483,562
40386,483,563
40387,483,564
40388,483,565
40389,483,566
40390,483,567
40391,483,568
40392,483,569
40393,483,570
40394,483,571
40395,483,572
40396,483,573
40397,483,574
40398,483,575
40399,483,576
40400,483,577
40401,483,578
40402,483,579
40403,483,580
40404,483,581
40405,483,582
40406,483,583
40407,483,584
40408,483,585
40409,483,586
40410,483,587
40411,483,588
40412,483,589
40413,483,590
40414,484,398
40415,484,399
40416,484,400
40417,484,401
40418,484,402
40419,484,403
40420,484,404
40421,484,405
40422,484,406
40423,484,407
40424,484,408
40425,484,409
40426,484,410
40427,484,411
40428,484,412
40429,484,413
40430,484,414
40431,484,415
40432,484,416
40433,484,417
40434,484,418
40435,484,419
40436,484,420
40437,484,421
40438,484,422
40439,484,423
40440,484,424
40441,484,425
40442,484,426
40443,484,427
40444,484,428
40445,484,429
40446,484,430
40447,484,431
40448,484,432
40449,484,433
40450,484,434
40451,484,435
40452,484,436
40453,484,437
40454,484,438
40455,484,439
40456,484,440
40457,484,441
40458,484,442
40459,484,443
40460,484,444
40461,484,445
40462,484,446
40463,484,447
40464,484,448
40465,484,449
40466,484,450
40467,484,451
40468,484,452
40469,484,453
40470,484,454
40471,484,455
40472,484,456
40473,484,457
40474,484,458
40475,484,459
40476,484,460
40477,484,461
40478,484,462
40479,484,463
40480,484,464
40481,484,465
40482,484,466
40483,484,467
40484,484,468
40485,484,469
40486,484,470
40487,484,471
40488,484,472
40489,484,473
40490,484,474
40491,484,475
40492,484,476
40493,484,477
40494,484,478
40495,484,479
40496,484,480
40497,484,481
40498,484,482
40499,484,483
40500,484,484
40501,484,485
40502,484,486
40503,484,487
40504,484,488
40505,484,489
40506,484,490
40507,484,491
40508,484,492
40509,484,493
40510,484,494
40511,484,495
40512,484,496
40513,484,497
40514,484,498
40515,484,499
40516,484,500
40517,484,501
40518,484,502
40519,484,503
40520,484,504
40521,484,505
40522,484,506
40523,484,507
40524,484,508
40525,484,509
40526,484,510
40527,484,511
40528,484,512
40529,484,513
40530,484,514
40531,484,515
40532,484,516
40533,484,517
40534,484,518
40535,484,519
40536,484,520
40537,484,521
40538,484,522
40539,484,523
40540,484,524
40541,484,525
40542,484,526
40543,484,527
40544,484,528
40545,484,529
40546,484,530
40547,484,531
40548,484,532
40549,484,533
40550,484,534
40551,484,535
40552,484,536
40553,484,537
40554,484,538
40555,484,539
40556,484,540
40557,484,541
40558,484,542
40559,484,543
40560,484,544
40561,484,545
40562,484,546
40563,484,547
40564,484,548
40565,484,549
40566,484,550
40567,484,551
40568,484,552
40569,484,553
40570,484,554
40571,484,555
40572,484,556
40573,484,557
40574,484,558
40575,484,559
40576,484,560
40577,484,561
40578,484,562
40579,484,563
40580,484,564
40581,484,565
40582,484,566
40583,484,567
40584,484,568
40585,484,569
40586,484,570
40587,484,571
40588,484,572
40589,484,573
40590,484,574
40591,484,575
40592,484,576
40593,484,577
40594,484,578
40595,484,579
40596,484,580
40597,484,581
40598,484,582
40599,484,583
40600,484,584
40601,484,585
40602,484,586
40603,484,587
40604,484,588
40605,484,589
40606,484,590
40607,484,591
40608,485,399
40609,485,400
40610,485,401
40611,485,402
40612,485,403
40613,485,404
40614,485,405
40615,485,406
40616,485,407
40617,485,408
40618,485,409
40619,485,410
40620,485,411
40621,485,412
40622,485,413
40623,485,414
40624,485,415
40625,485,416
40626,485,417
40627,485,418
40628,485,419
40629,485,420
40630,485,421
40631,485,422
40632,485,423
40633,485,424
40634,485,425
40635,485,426
40636,485,427
40637,485,428
40638,485,429
40639,485,430
40640,485,431
40641,485,432
40642,485,433
40643,485,434
40644,485,435
40645,485,436
40646,485,437
40647,485,438
40648,485,439
40649,485,440
40650,485,441
40651,485,442
40652,485,443
40653,485,444
40654,485,445
40655,485,446
40656,485,447
40657,485,448
40658,485,449
40659,485,450
40660,485,451
40661,485,452
40662,485,453
40663,485,454
40664,485,455
40665,485,456
40666,485,457
40667,485,458
40668,485,459
40669,485,460
40670,485,461
40671,485,462
40672,485,463
40673,485,464
40674,485,465
40675,485,466
40676,485,467
40677,485,468
40678,485,469
40679,485,470
40680,485,471
40681,485,472
40682,485,473
40683,485,474
40684,485,475
40685,485,476
40686,485,477
40687,485,478
40688,485,479
40689,485,480
40690,485,481
40691,485,482
40692,485,483
40693,485,484
40694,485,485
40695,485,486
40696,485,487
40697,485,488
40698,485,489
40699,485,490
40700,485,491
40701,485,492
40702,485,493
40703,485,494
40704,485,495
40705,485,496
40706,485,497
40707,485,498
40708,485,499
40709,485,500
40710,485,501
40711,485,502
40712,485,503
40713,485,504
40714,485,505
40715,485,506
40716,485,507
40717,485,508
40718,485,509
40719,485,510
40720,485,511
40721,485,512
40722,485,513
40723,485,514
40724,485,515
40725,485,516
40726,485,517
40727,485,518
40728,485,519
40729,485,520
40730,485,521
40731,485,522
40732,485,523
40733,485,524
40734,485,525
40735,485,526
40736,485,527
40737,485,528
40738,485,529
40739,485,530
40740,485,531
40741,485,532
40742,485,533
40743,485,534
40744,485,535
40745,485,536
40746,485,537
40747,485,538
40748,485,539
40749,485,540
40750,485,541
40751,485,542
40752,485,543
40753,485,544
40754,485,545
40755,485,546
40756,485,547
40757,485,548
40758,485,549
40759,485,550
40760,485,551
40761,485,552
40762,485,553
40763,485,554
40764,485,555
40765,485,556
40766,485,557
40767,485,558
40768,485,559
40769,485,560
40770,485,561
40771,485,562
40772,485,563
40773,485,564
40774,485,565
40775,485,566
40776,485,567
40777,485,568
40778,485,569
40779,485,570
40780,485,571
40781,485,572
40782,485,573
40783,485,574
40784,485,575
40785,485,576
40786,485,577
40787,485,578
40788,485,579
40789,485,580
40790,485,581
40791,485,582
40792,485,583
40793,485,584
40794,485,585
40795,485,586
40796,485,587
40797,485,588
40798,485,589
40799,485,590
40800,485,591
40801,485,592
40802,486,401
40803,486,402
40804,486,403
40805,486,404
40806,486,405
40807,486,406
40808,486,407
40809,486,408
40810,486,409
40811,486,410
40812,486,411
40813,486,412
40814,486,413
40815,486,414
40816,486,415
40817,486,416
40818,486,417
40819,486,418
40820,486,419
40821,486,420
40822,486,421
40823,486,422
40824,486,423
40825,486,424
40826,486,425
40827,486,426
40828,486,427
40829,486,428
40830,486,429
40831,486,430
40832,486,431
40833,486,432
40834,486,433
40835,486,434
40836,486,435
40837,486,436
40838,486,437
40839,486,438
40840,486,439
40841,486,440
40842,486,441
40843,486,442
40844,486,443
40845,486,444
40846,486,445
40847,486,446
40848,486,447
40849,486,448
40850,486,449
40851,486,450
40852,486,451
40853,486,452
40854,486,453
40855,486,454
40856,486,455
40857,486,456
40858,486,457
40859,486,458
40860,486,459
40861,486,460
40862,486,461
40863,486,462
40864,486,463
40865,486,464
40866,486,465
40867,486,466
40868,486,467
40869,486,468
40870,486,469
40871,486,470
40872,486,471
40873,486,472
40874,486,473
40875,486,474
40876,486,475
40877,486,476
40878,486,477
40879,486,478
40880,486,479
40881,486,480
40882,486,481
40883,486,482
40884,486,483
40885,486,484
40886,486,485
40887,486,486
40888,486,487
40889,486,488
40890,486,489
40891,486,490
40892,486,491
40893,486,492
40894,486,493
40895,486,494
40896,486,495
40897,486,496
40898,486,497
40899,486,498
40900,486,499
40901,486,500
40902,486,501
40903,486,502
40904,486,503
40905,486,504
40906,486,505
40907,486,506
40908,486,507
40909,486,508
40910,486,509
40911,486,510
40912,486,511
40913,486,512
40914,486,513
40915,486,514
40916,486,515
40917,486,516
40918,486,517
40919,486,518
40920,486,519
40921,486,520
40922,486,521
40923,486,522
40924,486,523
40925,486,524
40926,486,525
40927,486,526
40928,486,527
40929,486,528
40930,486,529
40931,486,530
40932,486,531
40933,486,532
40934,486,533
40935,486,534
40936,486,535
40937,486,536
40938,486,537
40939,486,538
40940,486,539
40941,486,540
40942,486,541
40943,486,542
40944,486,543
40945,486,544
40946,486,545
40947,486,546
40948,486,547
40949,486,548
40950,486,549
40951,486,550
40952,486,551
40953,486,552
40954,486,553
40955,486,554
40956,486,555
40957,486,556
40958,486,557
40959,486,558
40960,486,559
40961,486,560
40962,486,561
40963,486,562
40964,486,563
40965,486,564
40966,486,565
40967,486,566
40968,486,567
40969,486,568
40970,486,569
40971,486,570
40972,486,571
40973,486,572
40974,486,573
40975,486,574
40976,486,575
40977,486,576
40978,486,577
40979,486,578
40980,486,579
40981,486,580
40982,486,581
40983,486,582
40984,486,583
40985,486,584
40986,486,585
40987,486,586
40988,486,587
40989,486,588
40990,486,589
40991,486,590
40992,486,591
40993,486,592
40994,487,401
40995,487,402
40996,487,403
40997,487,404
40998,487,405
40999,487,406
41000,487,407
41001,487,408
41002,487,409
41003,487,410
41004,487,411
41005,487,412
41006,487,413
41007,487,414
41008,487,415
41009,487,416
41010,487,417
41011,487,418
41012,487,419
41013,487,420
41014,487,421
41015,487,422
41016,487,423
41017,487,424
41018,487,425
41019,487,426
41020,487,427
41021,487,428
41022,487,429
41023,487,430
41024,487,431
41025,487,432
41026,487,433
41027,487,434
41028,487,435
41029,487,436
41030,487,437
41031,487,438
41032,487,439
41033,487,440
41034,487,441
41035,487,442
41036,487,443
41037,487,444
41038,487,445
41039,487,446
41040,487,447
41041,487,448
41042,487,449
41043,487,450
41044,487,451
41045,487,452
41046,487,453
41047,487,454
41048,487,455
41049,487,456
41050,487,457
41051,487,458
41052,487,459
41053,487,460
41054,487,461
41055,487,462
41056,487,463
41057,487,464
41058,487,465
41059,487,466
41060,487,467
41061,487,468
41062,487,469
41063,487,470
41064,487,471
41065,487,472
41066,487,473
41067,487,474
41068,487,475
41069,487,476
41070,487,477
41071,487,478
41072,487,479
41073,487,480
41074,487,481
41075,487,482
41076,487,483
41077,487,484
41078,487,485
41079,487,486
41080,487,487
41081,487,488
41082,487,489
41083,487,490
41084,487,491
41085,487,492
41086,487,493
41087,487,494
41088,487,495
41089,487,496
41090,487,497
41091,487,498
41092,487,499
41093,487,500
41094,487,501
41095,487,502
41096,487,503
41097,487,504
41098,487,505
41099,487,506
41100,487,507
41101,487,508
41102,487,509
41103,487,510
41104,487,511
41105,487,512
41106,487,513
41107,487,514
41108,487,515
41109,487,516
41110,487,517
41111,487,518
41112,487,519
41113,487,520
41114,487,521
41115,487,522
41116,487,523
41117,487,524
41118,487,525
41119,487,526
41120,487,527
41121,487,528
41122,487,529
41123,487,530
41124,487,531
41125,487,532
41126,487,533
41127,487,534
41128,487,535
41129,487,536
41130,487,537
41131,487,538
41132,487,539
41133,487,540
41134,487,541
41135,487,542
41136,487,543
41137,487,544
41138,487,545
41139,487,546
41140,487,547
41141,487,548
41142,487,549
41143,487,550
41144,487,551
41145,487,552
41146,487,553
41147,487,554
41148,487,555
41149,487,556
41150,487,557
41151,487,558
41152,487,559
41153,487,560
41154,487,561
41155,487,562
41156,487,563
41157,487,564
41158,487,565
41159,487,566
41160,487,567
41161,487,568
41162,487,569
41163,487,570
41164,487,571
41165,487,572
41166,487,573
41167,487,574
41168,487,575
41169,487,576
41170,487,577
41171,487,578
41172,487,579
41173,487,580
41174,487,581
41175,487,582
41176,487,583
41177,487,584
41178,487,585
41179,487,586
41180,487,587
41181,487,588
41182,487,589
41183,487,590
41184,487,591
41185,487,592
41186,487,593
41187,488,402
41188,488,403
41189,488,404
41190,488,405
41191,488,406
41192,488,407
41193,488,408
41194,488,409
41195,488,410
41196,488,411
41197,488,412
41198,488,413
41199,488,414
41200,488,415
41201,488,416
41202,488,417
41203,488,418
41204,488,419
41205,488,420
41206,488,421
41207,488,422
41208,488,423
41209,488,424
41210,488,425
41211,488,426
41212,488,427
41213,488,428
41214,488,429
41215,488,430
41216,488,431
41217,488,432
41218,488,433
41219,488,434
41220,488,435
41221,488,436
41222,488,437
41223,488,438
41224,488,439
41225,488,440
41226,488,441
41227,488,442
41228,488,443
41229,488,444
41230,488,445
41231,488,446
41232,488,447
41233,488,448
41234,488,449
41235,488,450
41236,488,451
41237,488,452
41238,488,453
41239,488,454
41240,488,455
41241,488,456
41242,488,457
41243,488,458
41244,488,459
41245,488,460
41246,488,461
41247,488,462
41248,488,463
41249,488,464
41250,488,465
41251,488,466
41252,488,467
41253,488,468
41254,488,469
41255,488,470
41256,488,471
41257,488,472
41258,488,473
41259,488,474
41260,488,475
41261,488,476
41262,488,477
41263,488,478
41264,488,479
41265,488,480
41266,488,481
41267,488,482
41268,488,483
41269,488,484
41270,488,485
41271,488,486
41272,488,487
41273,488,488
41274,488,489
41275,488,490
41276,488,491
41277,488,492
41278,488,493
41279,488,494
41280,488,495
41281,488,496
41282,488,497
41283,488,498
41284,488,499
41285,488,500
41286,488,501
41287,488,502
41288,488,503
41289,488,504
41290,488,505
41291,488,506
41292,488,507
41293,488,508
41294,488,509
41295,488,510
41296,488,511
41297,488,512
41298,488,513
41299,488,514
41300,488,515
41301,488,516
41302,488,517
41303,488,518
41304,488,519
41305,488,520
41306,488,521
41307,488,522
41308,488,523
41309,488,524
41310,488,525
41311,488,526
41312,488,527
41313,488,528
41314,488,529
41315,488,530
41316,488,531
41317,488,532
41318,488,533
41319,488,534
41320,488,535
41321,488,536
41322,488,537
41323,488,538
41324,488,539
41325,488,540
41326,488,541
41327,488,542
41328,488,543
41329,488,544
41330,488,545
41331,488,546
41332,488,547
41333,488,548
41334,488,549
41335,488,550
41336,488,551
41337,488,552
41338,488,553
41339,488,554
41340,488,555
41341,488,556
41342,488,557
41343,488,558
41344,488,559
41345,488,560
41346,488,561
41347,488,562
41348,488,563
41349,488,564
41350,488,565
41351,488,566
41352,488,567
41353,488,568
41354,488,569
41355,488,570
41356,488,571
41357,488,572
41358,488,573
41359,488,574
41360,488,575
41361,488,576
41362,488,577
41363,488,578
41364,488,579
41365,488,580
41366,488,581
41367,488,582
41368,488,583
41369,488,584
41370,488,585
41371,488,586
41372,488,587
41373,488,588
41374,488,589
41375,488,590
41376,488,591
41377,488,592
41378,488,593
41379,489,402
41380,489,403
41381,489,404
41382,489,405
41383,489,406
41384,489,407
41385,489,408
41386,489,409
41387,489,410
41388,489,411
41389,489,412
41390,489,413
41391,489,414
41392,489,415
41393,489,416
41394,489,417
41395,489,418
41396,489,419
41397,489,420
41398,489,421
41399,489,422
41400,489,423
41401,489,424
41402,489,425
41403,489,426
41404,489,427
41405,489,428
41406,489,429
41407,489,430
41408,489,431
41409,489,432
41410,489,433
41411,489,434
41412,489,435
41413,489,436
41414,489,437
41415,489,438
41416,489,439
41417,489,440
41418,489,441
41419,489,442
41420,489,443
41421,489,444
41422,489,445
41423,489,446
41424,489,447
41425,489,448
41426,489,449
41427,489,450
41428,489,451
41429,489,452
41430,489,453
41431,489,454
41432,489,455
41433,489,456
41434,489,457
41435,489,458
41436,489,459
41437,489,460
41438,489,461
41439,489,462
41440,489,463
41441,489,464
41442,489,465
41443,489,466
41444,489,467
41445,489,468
41446,489,469
41447,489,470
41448,489,471
41449,489,472
41450,489,473
41451,489,474
41452,489,475
41453,489,476
41454,489,477
41455,489,478
41456,489,479
41457,489,480
41458,489,481
41459,489,482
41460,489,483
41461,489,484
41462,489,485
41463,489,486
41464,489,487
41465,489,488
41466,489,489
41467,489,490
41468,489,491
41469,489,492
41470,489,493
41471,489,494
41472,489,495
41473,489,496
41474,489,497
41475,489,498
41476,489,499
41477,489,500
41478,489,501
41479,489,502
41480,489,503
41481,489,504
41482,489,505
41483,489,506
41484,489,507
41485,489,508
41486,489,509
41487,489,510
41488,489,511
41489,489,512
41490,489,513
41491,489,514
41492,489,515
41493,489,516
41494,489,517
41495,489,518
41496,489,519
41497,489,520
41498,489,521
41499,489,522
41500,489,523
41501,489,524
41502,489,525
41503,489,526
41504,489,527
41505,489,528
41506,489,529
41507,489,530
41508,489,531
41509,489,532
41510,489,533
41511,489,534
41512,489,535
41513,489,536
41514,489,537
41515,489,538
41516,489,539
41517,489,540
41518,489,541
41519,489,542
41520,489,543
41521,489,544
41522,489,545
41523,489,546
41524,489,547
41525,489,548
41526,489,549
41527,489,550
41528,489,551
41529,489,552
41530,489,553
41531,489,554
41532,489,555
41533,489,556
41534,489,557
41535,489,558
41536,489,559
41537,489,560
41538,489,561
41539,489,562
41540,489,563
41541,489,564
41542,489,565
41543,489,566
41544,489,567
41545,489,568
41546,489,569
41547,489,570
41548,489,571
41549,489,572
41550,489,573
41551,489,574
41552,489,575
41553,489,576
41554,489,577
41555,489,578
41556,489,579
41557,489,580
41558,489,581
41559,489,582
41560,489,583
41561,489,584
41562,489,585
41563,489,586
41564,489,587
41565,489,588
41566,489,589
41567,489,590
41568,489,591
41569,489,592
41570,489,593
41571,489,594
41572,490,402
41573,490,403
41574,490,404
41575,490,405
41576,490,406
41577,490,407
41578,490,408
41579,490,409
41580,490,410
41581,490,411
41582,490,412
41583,490,413
41584,490,414
41585,490,415
41586,490,416
41587,490,417
41588,490,418
41589,490,419
41590,490,420
41591,490,421
41592,490,422
41593,490,423
41594,490,424
41595,490,425
41596,490,426
41597,490,427
41598,490,428
41599,490,429
41600,490,430
41601,490,431
41602,490,432
41603,490,433
41604,490,434
41605,490,435
41606,490,436
41607,490,437
41608,490,438
41609,490,439
41610,490,440
41611,490,441
41612,490,442
41613,490,443
41614,490,444
41615,490,445
41616,490,446
41617,490,447
41618,490,448
41619,490,449
41620,490,450
41621,490,451
41622,490,452
41623,490,453
41624,490,454
41625,490,455
41626,490,456
41627,490,457
41628,490,458
41629,490,459
41630,490,460
41631,490,461
41632,490,462
41633,490,463
41634,490,464
41635,490,465
41636,490,466
41637,490,467
41638,490,468
41639,490,469
41640,490,470
41641,490,471
41642,490,472
41643,490,473
41644,490,474
41645,490,475
41646,490,476
41647,490,477
41648,490,478
41649,490,479
41650,490,480
41651,490,481
41652,490,482
41653,490,483
41654,490,484
41655,490,485
41656,490,486
41657,490,487
41658,490,488
41659,490,489
41660,490,490
41661,490,491
41662,490,492
41663,490,493
41664,490,494
41665,490,495
41666,490,496
41667,490,497
41668,490,498
41669,490,499
41670,490,500
41671,490,501
41672,490,502
41673,490,503
41674,490,504
41675,490,505
41676,490,506
41677,490,507
41678,490,508
41679,490,509
41680,490,510
41681,490,511
41682,490,512
41683,490,513
41684,490,514
41685,490,515
41686,490,516
41687,490,517
41688,490,518
41689,490,519
41690,490,520
41691,490,521
41692,490,522
41693,490,523
41694,490,524
41695,490,525
41696,490,526
41697,490,527
41698,490,528
41699,490,529
41700,490,530
41701,490,531
41702,490,532
41703,490,533
41704,490,534
41705,490,535
41706,490,536
41707,490,537
41708,490,538
41709,490,539
41710,490,540
41711,490,541
41712,490,542
41713,490,543
41714,490,544
41715,490,545
41716,490,546
41717,490,547
41718,490,548
41719,490,549
41720,490,550
41721,490,551
41722,490,552
41723,490,553
41724,490,554
41725,490,555
41726,490,556
41727,490,557
41728,490,558
41729,490,559
41730,490,560
41731,490,561
41732,490,562
41733,490,563
41734,490,564
41735,490,565
41736,490,566
41737,490,567
41738,490,568
41739,490,569
41740,490,570
41741,490,571
41742,490,572
41743,490,573
41744,490,574
41745,490,575
41746,490,576
41747,490,577
41748,490,578
41749,490,579
41750,490,580
41751,490,581
41752,490,582
41753,490,583
41754,490,584
41755,490,585
41756,490,586
41757,490,587
41758,490,588
41759,490,589
41760,490,590
41761,490,591
41762,490,592
41763,490,593
41764,490,594
41765,490,595
41766,491,403
41767,491,404
41768,491,405
41769,491,406
41770,491,407
41771,491,408
41772,491,409
41773,491,410
41774,491,411
41775,491,412
41776,491,413
41777,491,414
41778,491,415
41779,491,416
41780,491,417
41781,491,418
41782,491,419
41783,491,420
41784,491,421
41785,491,422
41786,491,423
41787,491,424
41788,491,425
41789,491,426
41790,491,427
41791,491,428
41792,491,429
41793,491,430
41794,491,431
41795,491,432
41796,491,433
41797,491,434
41798,491,435
41799,491,436
41800,491,437
41801,491,438
41802,491,439
41803,491,440
41804,491,441
41805,491,442
41806,491,443
41807,491,444
41808,491,445
41809,491,446
41810,491,447
41811,491,448
41812,491,449
41813,491,450
41814,491,451
41815,491,452
41816,491,453
41817,491,454
41818,491,455
41819,491,456
41820,491,457
41821,491,458
41822,491,459
41823,491,460
41824,491,461
41825,491,462
41826,491,463
41827,491,464
41828,491,465
41829,491,466
41830,491,467
41831,491,468
41832,491,469
41833,491,470
41834,491,471
41835,491,472
41836,491,473
41837,491,474
41838,491,475
41839,491,476
41840,491,477
41841,491,478
41842,491,479
41843,491,480
41844,491,481
41845,491,482
41846,491,483
41847,491,484
41848,491,485
41849,491,486
41850,491,487
41851,491,488
41852,491,489
41853,491,490
41854,491,491
41855,491,492
41856,491,493
41857,491,494
41858,491,495
41859,491,496
41860,491,497
41861,491,498
41862,491,499
41863,491,500
41864,491,501
41865,491,502
41866,491,503
41867,491,504
41868,491,505
41869,491,506
41870,491,507
41871,491,508
41872,491,509
41873,491,510
41874,491,511
41875,491,512
41876,491,513
41877,491,514
41878,491,515
41879,491,516
41880,491,517
41881,491,518
41882,491,519
41883,491,520
41884,491,521
41885,491,522
41886,491,523
41887,491,524
41888,491,525
41889,491,526
41890,491,527
41891,491,528
41892,491,529
41893,491,530
41894,491,531
41895,491,532
41896,491,533
41897,491,534
41898,491,535
41899,491,536
41900,491,537
41901,491,538
41902,491,539
41903,491,540
41904,491,541
41905,491,542
41906,491,543
41907,491,544
41908,491,545
41909,491,546
41910,491,547
41911,491,548
41912,491,549
41913,491,550
41914,491,551
41915,491,552
41916,491,553
41917,491,554
41918,491,555
41919,491,556
41920,491,557
41921,491,558
41922,491,559
41923,491,560
41924,491,561
41925,491,562
41926,491,563
41927,491,564
41928,491,565
41929,491,566
41930,491,567
41931,491,568
41932,491,569
41933,491,570
41934,491,571
41935,491,572
41936,491,573
41937,491,574
41938,491,575
41939,491,576
41940,491,577
41941,491,578
41942,491,579
41943,491,580
41944,491,581
41945,491,582
41946,491,583
41947,491,584
41948,491,585
41949,491,586
41950,491,587
41951,491,588
41952,491,589
41953,491,590
41954,491,591
41955,491,592
41956,491,593
41957,491,594
41958,491,595
41959,491,596
41960,492,403
41961,492,404
41962,492,405
41963,492,406
41964,492,407
41965,492,408
41966,492,409
41967,492,410
41968,492,411
41969,492,412
41970,492,413
41971,492,414
41972,492,415
41973,492,416
41974,492,417
41975,492,418
41976,492,419
41977,492,420
41978,492,421
41979,492,422
41980,492,423
41981,492,424
41982,492,425
41983,492,426
41984,492,427
41985,492,428
41986,492,429
41987,492,430
41988,492,431
41989,492,432
41990,492,433
41991,492,434
41992,492,435
41993,492,436
41994,492,437
41995,492,438
41996,492,439
41997,492,440
41998,492,441
41999,492,442
42000,492,443
42001,492,444
42002,492,445
42003,492,446
42004,492,447
42005,492,448
42006,492,449
42007,492,450
42008,492,451
42009,492,452
42010,492,453
42011,492,454
42012,492,455
42013,492,456
42014,492,457
42015,492,458
42016,492,459
42017,492,460
42018,492,461
42019,492,462
42020,492,463
42021,492,464
42022,492,465
42023,492,466
42024,492,467
42025,492,468
42026,492,469
42027,492,470
42028,492,471
42029,492,472
42030,492,473
42031,492,474
42032,492,475
42033,492,476
42034,492,477
42035,492,478
42036,492,479
42037,492,480
42038,492,481
42039,492,482
42040,492,483
42041,492,484
42042,492,485
42043,492,486
42044,492,487
42045,492,488
42046,492,489
42047,492,490
42048,492,491
42049,492,492
42050,492,493
42051,492,494
42052,492,495
42053,492,496
42054,492,497
42055,492,498
42056,492,499
42057,492,500
42058,492,501
42059,492,502
42060,492,503
42061,492,504
42062,492,505
42063,492,506
42064,492,507
42065,492,508
42066,492,509
42067,492,510
42068,492,511
42069,492,512
42070,492,513
42071,492,514
42072,492,515
42073,492,516
42074,492,517
42075,492,518
42076,492,519
42077,492,520
42078,492,521
42079,492,522
42080,492,523
42081,492,524
42082,492,525
42083,492,526
42084,492,527
42085,492,528
42086,492,529
42087,492,530
42088,492,531
42089,492,532
42090,492,533
42091,492,534
42092,492,535
42093,492,536
42094,492,537
42095,492,538
42096,492,539
42097,492,540
42098,492,541
42099,492,542
42100,492,543
42101,492,544
42102,492,545
42103,492,546
42104,492,547
42105,492,548
42106,492,549
42107,492,550
42108,492,551
42109,492,552
42110,492,553
42111,492,554
42112,492,555
42113,492,556
42114,492,557
42115,492,558
42116,492,559
42117,492,560
42118,492,561
42119,492,562
42120,492,563
42121,492,564
42122,492,565
42123,492,566
42124,492,567
42125,492,568
42126,492,569
42127,492,570
42128,492,571
42129,492,572
42130,492,573
42131,492,574
42132,492,575
42133,492,576
42134,492,577
42135,492,578
42136,492,579
42137,492,580
42138,492,581
42139,492,582
42140,492,583
42141,492,584
42142,492,585
42143,492,586
42144,492,587
42145,492,588
42146,492,589
42147,492,590
42148,492,591
42149,492,592
42150,492,593
42151,492,594
42152,492,595
42153,492,596
42154,492,597
42155,493,403
42156,493,404
42157,493,405
42158,493,406
42159,493,407
42160,493,408
42161,493,409
42162,493,410
42163,493,411
42164,493,412
42165,493,413
42166,493,414
42167,493,415
42168,493,416
42169,493,417
42170,493,418
42171,493,419
42172,493,420
42173,493,421
42174,493,422
42175,493,423
42176,493,424
42177,493,425
42178,493,426
42179,493,427
42180,493,428
42181,493,429
42182,493,430
42183,493,431
42184,493,432
42185,493,433
42186,493,434
42187,493,435
42188,493,436
42189,493,437
42190,493,438
42191,493,439
42192,493,440
42193,493,441
42194,493,442
42195,493,443
42196,493,444
42197,493,445
42198,493,446
42199,493,447
42200,493,448
42201,493,449
42202,493,450
42203,493,451
42204,493,452
42205,493,453
42206,493,454
42207,493,455
42208,493,456
42209,493,457
42210,493,458
42211,493,459
42212,493,460
42213,493,461
42214,493,462
42215,493,463
42216,493,464
42217,493,465
42218,493,466
42219,493,467
42220,493,468
42221,493,469
42222,493,470
42223,493,471
42224,493,472
42225,493,473
42226,493,474
42227,493,475
42228,493,476
42229,493,477
42230,493,478
42231,493,479
42232,493,480
42233,493,481
42234,493,482
42235,493,483
42236,493,484
42237,493,485
42238,493,486
42239,493,487
42240,493,488
42241,493,489
42242,493,490
42243,493,491
42244,493,492
42245,493,493
42246,493,494
42247,493,495
42248,493,496
42249,493,497
42250,493,498
42251,493,499
42252,493,500
42253,493,501
42254,493,502
42255,493,503
42256,493,504
42257,493,505
42258,493,506
42259,493,507
42260,493,508
42261,493,509
42262,493,510
42263,493,511
42264,493,512
42265,493,513
42266,493,514
42267,493,515
42268,493,516
42269,493,517
42270,493,518
42271,493,519
42272,493,520
42273,493,521
42274,493,522
42275,493,523
42276,493,524
42277,493,525
42278,493,526
42279,493,527
42280,493,528
42281,493,529
42282,493,530
42283,493,531
42284,493,532
42285,493,533
42286,493,534
42287,493,535
42288,493,536
42289,493,537
42290,493,538
42291,493,539
42292,493,540
42293,493,541
42294,493,542
42295,493,543
42296,493,544
42297,493,545
42298,493,546
42299,493,547
42300,493,548
42301,493,549
42302,493,550
42303,493,551
42304,493,552
42305,493,553
42306,493,554
42307,493,555
42308,493,556
42309,493,557
42310,493,558
42311,493,559
42312,493,560
42313,493,561
42314,493,562
42315,493,563
42316,493,564
42317,493,565
42318,493,566
42319,493,567
42320,493,568
42321,493,569
42322,493,570
42323,493,571
42324,493,572
42325,493,573
42326,493,574
42327,493,575
42328,493,576
42329,493,577
42330,493,578
42331,493,579
42332,493,580
42333,493,581
42334,493,582
42335,493,583
42336,493,584
42337,493,585
42338,493,586
42339,493,587
42340,493,588
42341,493,589
42342,493,590
42343,493,591
42344,493,592
42345,493,593
42346,493,594
42347,493,595
42348,493,596
42349,493,597
42350,494,403
42351,494,404
42352,494,405
42353,494,406
42354,494,407
42355,494,408
42356,494,409
42357,494,410
42358,494,411
42359,494,412
42360,494,413
42361,494,414
42362,494,415
42363,494,416
42364,494,417
42365,494,418
42366,494,419
42367,494,420
42368,494,421
42369,494,422
42370,494,423
42371,494,424
42372,494,425
42373,494,426
42374,494,427
42375,494,428
42376,494,429
42377,494,430
42378,494,431
42379,494,432
42380,494,433
42381,494,434
42382,494,435
42383,494,436
42384,494,437
42385,494,438
42386,494,439
42387,494,440
42388,494,441
42389,494,442
42390,494,443
42391,494,444
42392,494,445
42393,494,446
42394,494,447
42395,494,448
42396,494,449
42397,494,450
42398,494,451
42399,494,452
42400,494,453
42401,494,454
42402,494,455
42403,494,456
42404,494,457
42405,494,458
42406,494,459
42407,494,460
42408,494,461
42409,494,462
42410,494,463
42411,494,464
42412,494,465
42413,494,466
42414,494,467
42415,494,468
42416,494,469
42417,494,470
42418,494,471
42419,494,472
42420,494,473
42421,494,474
42422,494,475
42423,494,476
42424,494,477
42425,494,478
42426,494,479
42427,494,480
42428,494,481
42429,494,482
42430,494,483
42431,494,484
42432,494,485
42433,494,486
42434,494,487
42435,494,488
42436,494,489
42437,494,490
42438,494,491
42439,494,492
42440,494,493
42441,494,494
42442,494,495
42443,494,496
42444,494,497
42445,494,498
42446,494,499
42447,494,500
42448,494,501
42449,494,502
42450,494,503
42451,494,504
42452,494,505
42453,494,506
42454,494,507
42455,494,508
42456,494,509
42457,494,510
42458,494,511
42459,494,512
42460,494,513
42461,494,514
42462,494,515
42463,494,516
42464,494,517
42465,494,518
42466,494,519
42467,494,520
42468,494,521
42469,494,522
42470,494,523
42471,494,524
42472,494,525
42473,494,526
42474,494,527
42475,494,528
42476,494,529
42477,494,530
42478,494,531
42479,494,532
42480,494,533
42481,494,534
42482,494,535
42483,494,536
42484,494,537
42485,494,538
42486,494,539
42487,494,540
42488,494,541
42489,494,542
42490,494,543
42491,494,544
42492,494,545
42493,494,546
42494,494,547
42495,494,548
42496,494,549
42497,494,550
42498,494,551
42499,494,552
42500,494,553
42501,494,554
42502,494,555
42503,494,556
42504,494,557
42505,494,558
42506,494,559
42507,494,560
42508,494,561
42509,494,562
42510,494,563
42511,494,564
42512,494,565
42513,494,566
42514,494,567
42515,494,568
42516,494,569
42517,494,570
42518,494,571
42519,494,572
42520,494,573
42521,494,574
42522,494,575
42523,494,576
42524,494,577
42525,494,578
42526,494,579
42527,494,580
42528,494,581
42529,494,582
42530,494,583
42531,494,584
42532,494,585
42533,494,586
42534,494,587
42535,494,588
42536,494,589
42537,494,590
42538,494,591
42539,494,592
42540,494,593
42541,494,594
42542,494,595
42543,494,596
42544,494,597
42545,494,598
42546,495,404
42547,495,405
42548,495,406
42549,495,407
42550,495,408
42551,495,409
42552,495,410
42553,495,411
42554,495,412
42555,495,413
42556,495,414
42557,495,415
42558,495,416
42559,495,417
42560,495,418
42561,495,419
42562,495,420
42563,495,421
42564,495,422
42565,495,423
42566,495,424
42567,495,425
42568,495,426
42569,495,427
42570,495,428
42571,495,429
42572,495,430
42573,495,431
42574,495,432
42575,495,433
42576,495,434
42577,495,435
42578,495,436
42579,495,437
42580,495,438
42581,495,439
42582,495,440
42583,495,441
42584,495,442
42585,495,443
42586,495,444
42587,495,445
42588,495,446
42589,495,447
42590,495,448
42591,495,449
42592,495,450
42593,495,451
42594,495,452
42595,495,453
42596,495,454
42597,495,455
42598,495,456
42599,495,457
42600,495,458
42601,495,459
42602,495,460
42603,495,461
42604,495,462
42605,495,463
42606,495,464
42607,495,465
42608,495,466
42609,495,467
42610,495,468
42611,495,469
42612,495,470
42613,495,471
42614,495,472
42615,495,473
42616,495,474
42617,495,475
42618,495,476
42619,495,477
42620,495,478
42621,495,479
42622,495,480
42623,495,481
42624,495,482
42625,495,483
42626,495,484
42627,495,485
42628,495,486
42629,495,487
42630,495,488
42631,495,489
42632,495,490
42633,495,491
42634,495,492
42635,495,493
42636,495,494
42637,495,495
42638,495,496
42639,495,497
42640,495,498
42641,495,499
42642,495,500
42643,495,501
42644,495,502
42645,495,503
42646,495,504
42647,495,505
42648,495,506
42649,495,507
42650,495,508
42651,495,509
42652,495,510
42653,495,511
42654,495,512
42655,495,513
42656,495,514
42657,495,515
42658,495,516
42659,495,517
42660,495,518
42661,495,519
42662,495,520
42663,495,521
42664,495,522
42665,495,523
42666,495,524
42667,495,525
42668,495,526
42669,495,527
42670,495,528
42671,495,529
42672,495,530
42673,495,531
42674,495,532
42675,495,533
42676,495,534
42677,495,535
42678,495,536
42679,495,537
42680,495,538
42681,495,539
42682,495,540
42683,495,541
42684,495,542
42685,495,543
42686,495,544
42687,495,545
42688,495,546
42689,495,547
42690,495,548
42691,495,549
42692,495,550
42693,495,551
42694,495,552
42695,495,553
42696,495,554
42697,495,555
42698,495,556
42699,495,557
42700,495,558
42701,495,559
42702,495,560
42703,495,561
42704,495,562
42705,495,563
42706,495,564
42707,495,565
42708,495,566
42709,495,567
42710,495,568
42711,495,569
42712,495,570
42713,495,571
42714,495,572
42715,495,573
42716,495,574
42717,495,575
42718,495,576
42719,495,577
42720,495,578
42721,495,579
42722,495,580
42723,495,581
42724,495,582
42725,495,583
42726,495,584
42727,495,585
42728,495,586
42729,495,587
42730,495,588
42731,495,589
42732,495,590
42733,495,591
42734,495,592
42735,495,593
42736,495,594
42737,495,595
42738,495,596
42739,495,597
42740,495,598
42741,495,599
42742,496,404
42743,496,405
42744,496,406
42745,496,407
42746,496,408
42747,496,409
42748,496,410
42749,496,411
42750,496,412
42751,496,413
42752,496,414
42753,496,415
42754,496,416
42755,496,417
42756,496,418
42757,496,419
42758,496,420
42759,496,421
42760,496,422
42761,496,423
42762,496,424
42763,496,425
42764,496,426
42765,496,427
42766,496,428
42767,496,429
42768,496,430
42769,496,431
42770,496,432
42771,496,433
42772,496,434
42773,496,435
42774,496,436
42775,496,437
42776,496,438
42777,496,439
42778,496,440
42779,496,441
42780,496,442
42781,496,443
42782,496,444
42783,496,445
42784,496,446
42785,496,447
42786,496,448
42787,496,449
42788,496,450
42789,496,451
42790,496,452
42791,496,453
42792,496,454
42793,496,455
42794,496,456
42795,496,457
42796,496,458
42797,496,459
42798,496,460
42799,496,461
42800,496,462
42801,496,463
42802,496,464
42803,496,465
42804,496,466
42805,496,467
42806,496,468
42807,496,469
42808,496,470
42809,496,471
42810,496,472
42811,496,473
42812,496,474
42813,496,475
42814,496,476
42815,496,477
42816,496,478
42817,496,479
42818,496,480
42819,496,481
42820,496,482
42821,496,483
42822,496,484
42823,496,485
42824,496,486
42825,496,487
42826,496,488
42827,496,489
42828,496,490
42829,496,491
42830,496,492
42831,496,493
42832,496,494
42833,496,495
42834,496,496
42835,496,497
42836,496,498
42837,496,499
42838,496,500
42839,496,501
42840,496,502
42841,496,503
42842,496,504
42843,496,505
42844,496,506
42845,496,507
42846,496,508
42847,496,509
42848,496,510
42849,496,511
42850,496,512
42851,496,513
42852,496,514
42853,496,515
42854,496,516
42855,496,517
42856,496,518
42857,496,519
42858,496,520
42859,496,521
42860,496,522
42861,496,523
42862,496,524
42863,496,525
42864,496,526
42865,496,527
42866,496,528
42867,496,529
42868,496,530
42869,496,531
42870,496,532
42871,496,533
42872,496,534
42873,496,535
42874,496,536
42875,496,537
42876,496,538
42877,496,539
42878,496,540
42879,496,541
42880,496,542
42881,496,543
42882,496,544
42883,496,545
42884,496,546
42885,496,547
42886,496,548
42887,496,549
42888,496,550
42889,496,551
42890,496,552
42891,496,553
42892,496,554
42893,496,555
42894,496,556
42895,496,557
42896,496,558
42897,496,559
42898,496,560
42899,496,561
42900,496,562
42901,496,563
42902,496,564
42903,496,565
42904,496,566
42905,496,567
42906,496,568
42907,496,569
42908,496,570
42909,496,571
42910,496,572
42911,496,573
42912,496,574
42913,496,575
42914,496,576
42915,496,577
42916,496,578
42917,496,579
42918,496,580
42919,496,581
42920,496,582
42921,496,583
42922,496,584
42923,496,585
42924,496,586
42925,496,587
42926,496,588
42927,496,589
42928,496,590
42929,496,591
42930,496,592
42931,496,593
42932,496,594
42933,496,595
42934,496,596
42935,496,597
42936,496,598
42937,496,599
42938,497,404
42939,497,405
42940,497,406
42941,497,407
42942,497,408
42943,497,409
42944,497,410
42945,497,411
42946,497,412
42947,497,413
42948,497,414
42949,497,415
42950,497,416
42951,497,417
42952,497,418
42953,497,419
42954,497,420
42955,497,421
42956,497,422
42957,497,423
42958,497,424
42959,497,425
42960,497,426
42961,497,427
42962,497,428
42963,497,429
42964,497,430
42965,497,431
42966,497,432
42967,497,433
42968,497,434
42969,497,435
42970,497,436
42971,497,437
42972,497,438
42973,497,439
42974,497,440
42975,497,441
42976,497,442
42977,497,443
42978,497,444
42979,497,445
42980,497,446
42981,497,447
42982,497,448
42983,497,449
42984,497,450
42985,497,451
42986,497,452
42987,497,453
42988,497,454
42989,497,455
42990,497,456
42991,497,457
42992,497,458
42993,497,459
42994,497,460
42995,497,461
42996,497,462
42997,497,463
42998,497,464
42999,497,465
43000,497,466
43001,497,467
43002,497,468
43003,497,469
43004,497,470
43005,497,471
43006,497,472
43007,497,473
43008,497,474
43009,497,475
43010,497,476
43011,497,477
43012,497,478
43013,497,479
43014,497,480
43015,497,481
43016,497,482
43017,497,483
43018,497,484
43019,497,485
43020,497,486
43021,497,487
43022,497,488
43023,497,489
43024,497,490
43025,497,491
43026,497,492
43027,497,493
43028,497,494
43029,497,495
43030,497,496
43031,497,497
43032,497,498
43033,497,499
43034,497,500
43035,497,501
43036,497,502
43037,497,503
43038,497,504
43039,497,505
43040,497,506
43041,497,507
43042,497,508
43043,497,509
43044,497,510
43045,497,511
43046,497,512
43047,497,513
43048,497,514
43049,497,515
43050,497,516
43051,497,517
43052,497,518
43053,497,519
43054,497,520
43055,497,521
43056,497,522
43057,497,523
43058,497,524
43059,497,525
43060,497,526
43061,497,527
43062,497,528
43063,497,529
43064,497,530
43065,497,531
43066,497,532
43067,497,533
43068,497,534
43069,497,535
43070,497,536
43071,497,537
43072,497,538
43073,497,539
43074,497,540
43075,497,541
43076,497,542
43077,497,543
43078,497,544
43079,497,545
43080,497,546
43081,497,547
43082,497,548
43083,497,549
43084,497,550
43085,497,551
43086,497,552
43087,497,553
43088,497,554
43089,497,555
43090,497,556
43091,497,557
43092,497,558
43093,497,559
43094,497,560
43095,497,561
43096,497,562
43097,497,563
43098,497,564
43099,497,565
43100,497,566
43101,497,567
43102,497,568
43103,497,569
43104,497,570
43105,497,571
43106,497,572
43107,497,573
43108,497,574
43109,497,575
43110,497,576
43111,497,577
43112,497,578
43113,497,579
43114,497,580
43115,497,581
43116,497,582
43117,497,583
43118,497,584
43119,497,585
43120,497,586
43121,497,587
43122,497,588
43123,497,589
43124,497,590
43125,497,591
43126,497,592
43127,497,593
43128,497,594
43129,497,595
43130,497,596
43131,497,597
43132,497,598
43133,497,599
43134,497,600
43135,498,405
43136,498,406
43137,498,407
43138,498,408
43139,498,409
43140,498,410
43141,498,411
43142,498,412
43143,498,413
43144,498,414
43145,498,415
43146,498,416
43147,498,417
43148,498,418
43149,498,419
43150,498,420
43151,498,421
43152,498,422
43153,498,423
43154,498,424
43155,498,425
43156,498,426
43157,498,427
43158,498,428
43159,498,429
43160,498,430
43161,498,431
43162,498,432
43163,498,433
43164,498,434
43165,498,435
43166,498,436
43167,498,437
43168,498,438
43169,498,439
43170,498,440
43171,498,441
43172,498,442
43173,498,443
43174,498,444
43175,498,445
43176,498,446
43177,498,447
43178,498,448
43179,498,449
43180,498,450
43181,498,451
43182,498,452
43183,498,453
43184,498,454
43185,498,455
43186,498,456
43187,498,457
43188,498,458
43189,498,459
43190,498,460
43191,498,461
43192,498,462
43193,498,463
43194,498,464
43195,498,465
43196,498,466
43197,498,467
43198,498,468
43199,498,469
43200,498,470
43201,498,471
43202,498,472
43203,498,473
43204,498,474
43205,498,475
43206,498,476
43207,498,477
43208,498,478
43209,498,479
43210,498,480
43211,498,481
43212,498,482
43213,498,483
43214,498,484
43215,498,485
43216,498,486
43217,498,487
43218,498,488
43219,498,489
43220,498,490
43221,498,491
43222,498,492
43223,498,493
43224,498,494
43225,498,495
43226,498,496
43227,498,497
43228,498,498
43229,498,499
43230,498,500
43231,498,501
43232,498,502
43233,498,503
43234,498,504
43235,498,505
43236,498,506
43237,498,507
43238,498,508
43239,498,509
43240,498,510
43241,498,511
43242,498,512
43243,498,513
43244,498,514
43245,498,515
43246,498,516
43247,498,517
43248,498,518
43249,498,519
43250,498,520
43251,498,521
43252,498,522
43253,498,523
43254,498,524
43255,498,525
43256,498,526
43257,498,527
43258,498,528
43259,498,529
43260,498,530
43261,498,531
43262,498,532
43263,498,533
43264,498,534
43265,498,535
43266,498,536
43267,498,537
43268,498,538
43269,498,539
43270,498,540
43271,498,541
43272,498,542
43273,498,543
43274,498,544
43275,498,545
43276,498,546
43277,498,547
43278,498,548
43279,498,549
43280,498,550
43281,498,551
43282,498,552
43283,498,553
43284,498,554
43285,498,555
43286,498,556
43287,498,557
43288,498,558
43289,498,559
43290,498,560
43291,498,561
43292,498,562
43293,498,563
43294,498,564
43295,498,565
43296,498,566
43297,498,567
43298,498,568
43299,498,569
43300,498,570
43301,498,571
43302,498,572
43303,498,573
43304,498,574
43305,498,575
43306,498,576
43307,498,577
43308,498,578
43309,498,579
43310,498,580
43311,498,581
43312,498,582
43313,498,583
43314,498,584
43315,498,585
43316,498,586
43317,498,587
43318,498,588
43319,498,589
43320,498,590
43321,498,591
43322,498,592
43323,498,593
43324,498,594
43325,498,595
43326,498,596
43327,498,597
43328,498,598
43329,498,599
43330,498,600
43331,499,405
43332,499,406
43333,499,407
43334,499,408
43335,499,409
43336,499,410
43337,499,411
43338,499,412
43339,499,413
43340,499,414
43341,499,415
43342,499,416
43343,499,417
43344,499,418
43345,499,419
43346,499,420
43347,499,421
43348,499,422
43349,499,423
43350,499,424
43351,499,425
43352,499,426
43353,499,427
43354,499,428
43355,499,429
43356,499,430
43357,499,431
43358,499,432
43359,499,433
43360,499,434
43361,499,435
43362,499,436
43363,499,437
43364,499,438
43365,499,439
43366,499,440
43367,499,441
43368,499,442
43369,499,443
43370,499,444
43371,499,445
43372,499,446
43373,499,447
43374,499,448
43375,499,449
43376,499,450
43377,499,451
43378,499,452
43379,499,453
43380,499,454
43381,499,455
43382,499,456
43383,499,457
43384,499,458
43385,499,459
43386,499,460
43387,499,461
43388,499,462
43389,499,463
43390,499,464
43391,499,465
43392,499,466
43393,499,467
43394,499,468
43395,499,469
43396,499,470
43397,499,471
43398,499,472
43399,499,473
43400,499,474
43401,499,475
43402,499,476
43403,499,477
43404,499,478
43405,499,479
43406,499,480
43407,499,481
43408,499,482
43409,499,483
43410,499,484
43411,499,485
43412,499,486
43413,499,487
43414,499,488
43415,499,489
43416,499,490
43417,499,491
43418,499,492
43419,499,493
43420,499,494
43421,499,495
43422,499,496
43423,499,497
43424,499,498
43425,499,499
43426,499,500
43427,499,501
43428,499,502
43429,499,503
43430,499,504
43431,499,505
43432,499,506
43433,499,507
43434,499,508
43435,499,509
43436,499,510
43437,499,511
43438,499,512
43439,499,513
43440,499,514
43441,499,515
43442,499,516
43443,499,517
43444,499,518
43445,499,519
43446,499,520
43447,499,521
43448,499,522
43449,499,523
43450,499,524
43451,499,525
43452,499,526
43453,499,527
43454,499,528
43455,499,529
43456,499,530
43457,499,531
43458,499,532
43459,499,533
43460,499,534
43461,499,535
43462,499,536
43463,499,537
43464,499,538
43465,499,539
43466,499,540
43467,499,541
43468,499,542
43469,499,543
43470,499,544
43471,499,545
43472,499,546
43473,499,547
43474,499,548
43475,499,549
43476,499,550
43477,499,551
43478,499,552
43479,499,553
43480,499,554
43481,499,555
43482,499,556
43483,499,557
43484,499,558
43485,499,559
43486,499,560
43487,499,561
43488,499,562
43489,499,563
43490,499,564
43491,499,565
43492,499,566
43493,499,567
43494,499,568
43495,499,569
43496,499,570
43497,499,571
43498,499,572
43499,499,573
43500,499,574
43501,499,575
43502,499,576
43503,499,577
43504,499,578
43505,499,579
43506,499,580
43507,499,581
43508,499,582
43509,499,583
43510,499,584
43511,499,585
43512,499,586
43513,499,587
43514,499,588
43515,499,589
43516,499,590
43517,499,591
43518,499,592
43519,499,593
43520,499,594
43521,499,595
43522,499,596
43523,499,597
43524,499,598
43525,499,599
43526,499,600
43527,499,601
43528,500,405
43529,500,406
43530,500,407
43531,500,408
43532,500,409
43533,500,410
43534,500,411
43535,500,412
43536,500,413
43537,500,414
43538,500,415
43539,500,416
43540,500,417
43541,500,418
43542,500,419
43543,500,420
43544,500,421
43545,500,422
43546,500,423
43547,500,424
43548,500,425
43549,500,426
43550,500,427
43551,500,428
43552,500,429
43553,500,430
43554,500,431
43555,500,432
43556,500,433
43557,500,434
43558,500,435
43559,500,436
43560,500,437
43561,500,438
43562,500,439
43563,500,440
43564,500,441
43565,500,442
43566,500,443
43567,500,444
43568,500,445
43569,500,446
43570,500,447
43571,500,448
43572,500,449
43573,500,450
43574,500,451
43575,500,452
43576,500,453
43577,500,454
43578,500,455
43579,500,456
43580,500,457
43581,500,458
43582,500,459
43583,500,460
43584,500,461
43585,500,462
43586,500,463
43587,500,464
43588,500,465
43589,500,466
43590,500,467
43591,500,468
43592,500,469
43593,500,470
43594,500,471
43595,500,472
43596,500,473
43597,500,474
43598,500,475
43599,500,476
43600,500,477
43601,500,478
43602,500,479
43603,500,480
43604,500,481
43605,500,482
43606,500,483
43607,500,484
43608,500,485
43609,500,486
43610,500,487
43611,500,488
43612,500,489
43613,500,490
43614,500,491
43615,500,492
43616,500,493
43617,500,494
43618,500,495
43619,500,496
43620,500,497
43621,500,498
43622,500,499
43623,500,500
43624,500,501
43625,500,502
43626,500,503
43627,500,504
43628,500,505
43629,500,506
43630,500,507
43631,500,508
43632,500,509
43633,500,510
43634,500,511
43635,500,512
43636,500,513
43637,500,514
43638,500,515
43639,500,516
43640,500,517
43641,500,518
43642,500,519
43643,500,520
43644,500,521
43645,500,522
43646,500,523
43647,500,524
43648,500,525
43649,500,526
43650,500,527
43651,500,528
43652,500,529
43653,500,530
43654,500,531
43655,500,532
43656,500,533
43657,500,534
43658,500,535
43659,500,536
43660,500,537
43661,500,538
43662,500,539
43663,500,540
43664,500,541
43665,500,542
43666,500,543
43667,500,544
43668,500,545
43669,500,546
43670,500,547
43671,500,548
43672,500,549
43673,500,550
43674,500,551
43675,500,552
43676,500,553
43677,500,554
43678,500,555
43679,500,556
43680,500,557
43681,500,558
43682,500,559
43683,500,560
43684,500,561
43685,500,562
43686,500,563
43687,500,564
43688,500,565
43689,500,566
43690,500,567
43691,500,568
43692,500,569
43693,500,570
43694,500,571
43695,500,572
43696,500,573
43697,500,574
43698,500,575
43699,500,576
43700,500,577
43701,500,578
43702,500,579
43703,500,580
43704,500,581
43705,500,582
43706,500,583
43707,500,584
43708,500,585
43709,500,586
43710,500,587
43711,500,588
43712,500,589
43713,500,590
43714,500,591
43715,500,592
43716,500,593
43717,500,594
43718,500,595
43719,500,596
43720,500,597
43721,500,598
43722,500,599
43723,500,600
43724,500,601
43725,501,406
43726,501,407
43727,501,408
43728,501,409
43729,501,410
43730,501,411
43731,501,412
43732,501,413
43733,501,414
43734,501,415
43735,501,416
43736,501,417
43737,501,418
43738,501,419
43739,501,420
43740,501,421
43741,501,422
43742,501,423
43743,501,424
43744,501,425
43745,501,426
43746,501,427
43747,501,428
43748,501,429
43749,501,430
43750,501,431
43751,501,432
43752,501,433
43753,501,434
43754,501,435
43755,501,436
43756,501,437
43757,501,438
43758,501,439
43759,501,440
43760,501,441
43761,501,442
43762,501,443
43763,501,444
43764,501,445
43765,501,446
43766,501,447
43767,501,448
43768,501,449
43769,501,450
43770,501,451
43771,501,452
43772,501,453
43773,501,454
43774,501,455
43775,501,456
43776,501,457
43777,501,458
43778,501,459
43779,501,460
43780,501,461
43781,501,462
43782,501,463
43783,501,464
43784,501,465
43785,501,466
43786,501,467
43787,501,468
43788,501,469
43789,501,470
43790,501,471
43791,501,472
43792,501,473
43793,501,474
43794,501,475
43795,501,476
43796,501,477
43797,501,478
43798,501,479
43799,501,480
43800,501,481
43801,501,482
43802,501,483
43803,501,484
43804,501,485
43805,501,486
43806,501,487
43807,501,488
43808,501,489
43809,501,490
43810,501,491
43811,501,492
43812,501,493
43813,501,494
43814,501,495
43815,501,496
43816,501,497
43817,501,498
43818,501,499
43819,501,500
43820,501,501
43821,501,502
43822,501,503
43823,501,504
43824,501,505
43825,501,506
43826,501,507
43827,501,508
43828,501,509
43829,501,510
43830,501,511
43831,501,512
43832,501,513
43833,501,514
43834,501,515
43835,501,516
43836,501,517
43837,501,518
43838,501,519
43839,501,520
43840,501,521
43841,501,522
43842,501,523
43843,501,524
43844,501,525
43845,501,526
43846,501,527
43847,501,528
43848,501,529
43849,501,530
43850,501,531
43851,501,532
43852,501,533
43853,501,534
43854,501,535
43855,501,536
43856,501,537
43857,501,538
43858,501,539
43859,501,540
43860,501,541
43861,501,542
43862,501,543
43863,501,544
43864,501,545
43865,501,546
43866,501,547
43867,501,548
43868,501,549
43869,501,550
43870,501,551
43871,501,552
43872,501,553
43873,501,554
43874,501,555
43875,501,556
43876,501,557
43877,501,558
43878,501,559
43879,501,560
43880,501,561
43881,501,562
43882,501,563
43883,501,564
43884,501,565
43885,501,566
43886,501,567
43887,501,568
43888,501,569
43889,501,570
43890,501,571
43891,501,572
43892,501,573
43893,501,574
43894,501,575
43895,501,576
43896,501,577
43897,501,578
43898,501,579
43899,501,580
43900,501,581
43901,501,582
43902,501,583
43903,501,584
43904,501,585
43905,501,586
43906,501,587
43907,501,588
43908,501,589
43909,501,590
43910,501,591
43911,501,592
43912,501,593
43913,501,594
43914,501,595
43915,501,596
43916,501,597
43917,501,598
43918,501,599
43919,501,600
43920,501,601
43921,501,602
43922,502,406
43923,502,407
43924,502,408
43925,502,409
43926,502,410
43927,502,411
43928,502,412
43929,502,413
43930,502,414
43931,502,415
43932,502,416
43933,502,417
43934,502,418
43935,502,419
43936,502,420
43937,502,421
43938,502,422
43939,502,423
43940,502,424
43941,502,425
43942,502,426
43943,502,427
43944,502,428
43945,502,429
43946,502,430
43947,502,431
43948,502,432
43949,502,433
43950,502,434
43951,502,435
43952,502,436
43953,502,437
43954,502,438
43955,502,439
43956,502,440
43957,502,441
43958,502,442
43959,502,443
43960,502,444
43961,502,445
43962,502,446
43963,502,447
43964,502,448
43965,502,449
43966,502,450
43967,502,451
43968,502,452
43969,502,453
43970,502,454
43971,502,455
43972,502,456
43973,502,457
43974,502,458
43975,502,459
43976,502,460
43977,502,461
43978,502,462
43979,502,463
43980,502,464
43981,502,465
43982,502,466
43983,502,467
43984,502,468
43985,502,469
43986,502,470
43987,502,471
43988,502,472
43989,502,473
43990,502,474
43991,502,475
43992,502,476
43993,502,477
43994,502,478
43995,502,479
43996,502,480
43997,502,481
43998,502,482
43999,502,483
44000,502,484
44001,502,485
44002,502,486
44003,502,487
44004,502,488
44005,502,489
44006,502,490
44007,502,491
44008,502,492
44009,502,493
44010,502,494
44011,502,495
44012,502,496
44013,502,497
44014,502,498
44015,502,499
44016,502,500
44017,502,501
44018,502,502
44019,502,503
44020,502,504
44021,502,505
44022,502,506
44023,502,507
44024,502,508
44025,502,509
44026,502,510
44027,502,511
44028,502,512
44029,502,513
44030,502,514
44031,502,515
44032,502,516
44033,502,517
44034,502,518
44035,502,519
44036,502,520
44037,502,521
44038,502,522
44039,502,523
44040,502,524
44041,502,525
44042,502,526
44043,502,527
44044,502,528
44045,502,529
44046,502,530
44047,502,531
44048,502,532
44049,502,533
44050,502,534
44051,502,535
44052,502,536
44053,502,537
44054,502,538
44055,502,539
44056,502,540
44057,502,541
44058,502,542
44059,502,543
44060,502,544
44061,502,545
44062,502,546
44063,502,547
44064,502,548
44065,502,549
44066,502,550
44067,502,551
44068,502,552
44069,502,553
44070,502,554
44071,502,555
44072,502,556
44073,502,557
44074,502,558
44075,502,559
44076,502,560
44077,502,561
44078,502,562
44079,502,563
44080,502,564
44081,502,565
44082,502,566
44083,502,567
44084,502,568
44085,502,569
44086,502,570
44087,502,571
44088,502,572
44089,502,573
44090,502,574
44091,502,575
44092,502,576
44093,502,577
44094,502,578
44095,502,579
44096,502,580
44097,502,581
44098,502,582
44099,502,583
44100,502,584
44101,502,585
44102,502,586
44103,502,587
44104,502,588
44105,502,589
44106,502,590
44107,502,591
44108,502,592
44109,502,593
44110,502,594
44111,502,595
44112,502,596
44113,502,597
44114,502,598
44115,502,599
44116,502,600
44117,502,601
44118,502,602
44119,502,603
44120,503,406
44121,503,407
44122,503,408
44123,503,409
44124,503,410
44125,503,411
44126,503,412
44127,503,413
44128,503,414
44129,503,415
44130,503,416
44131,503,417
44132,503,418
44133,503,419
44134,503,420
44135,503,421
44136,503,422
44137,503,423
44138,503,424
44139,503,425
44140,503,426
44141,503,427
44142,503,428
44143,503,429
44144,503,430
44145,503,431
44146,503,432
44147,503,433
44148,503,434
44149,503,435
44150,503,436
44151,503,437
44152,503,438
44153,503,439
44154,503,440
44155,503,441
44156,503,442
44157,503,443
44158,503,444
44159,503,445
44160,503,446
44161,503,447
44162,503,448
44163,503,449
44164,503,450
44165,503,451
44166,503,452
44167,503,453
44168,503,454
44169,503,455
44170,503,456
44171,503,457
44172,503,458
44173,503,459
44174,503,460
44175,503,461
44176,503,462
44177,503,463
44178,503,464
44179,503,465
44180,503,466
44181,503,467
44182,503,468
44183,503,469
44184,503,470
44185,503,471
44186,503,472
44187,503,473
44188,503,474
44189,503,475
44190,503,476
44191,503,477
44192,503,478
44193,503,479
44194,503,480
44195,503,481
44196,503,482
44197,503,483
44198,503,484
44199,503,485
44200,503,486
44201,503,487
44202,503,488
44203,503,489
44204,503,490
44205,503,491
44206,503,492
44207,503,493
44208,503,494
44209,503,495
44210,503,496
44211,503,497
44212,503,498
44213,503,499
44214,503,500
44215,503,501
44216,503,502
44217,503,503
44218,503,504
44219,503,505
44220,503,506
44221,503,507
44222,503,508
44223,503,509
44224,503,510
44225,503,511
44226,503,512
44227,503,513
44228,503,514
44229,503,515
44230,503,516
44231,503,517
44232,503,518
44233,503,519
44234,503,520
44235,503,521
44236,503,522
44237,503,523
44238,503,524
44239,503,525
44240,503,526
44241,503,527
44242,503,528
44243,503,529
44244,503,530
44245,503,531
44246,503,532
44247,503,533
44248,503,534
44249,503,535
44250,503,536
44251,503,537
44252,503,538
44253,503,539
44254,503,540
44255,503,541
44256,503,542
44257,503,543
44258,503,544
44259,503,545
44260,503,546
44261,503,547
44262,503,548
44263,503,549
44264,503,550
44265,503,551
44266,503,552
44267,503,553
44268,503,554
44269,503,555
44270,503,556
44271,503,557
44272,503,558
44273,503,559
44274,503,560
44275,503,561
44276,503,562
44277,503,563
44278,503,564
44279,503,565
44280,503,566
44281,503,567
44282,503,568
44283,503,569
44284,503,570
44285,503,571
44286,503,572
44287,503,573
44288,503,574
44289,503,575
44290,503,576
44291,503,577
44292,503,578
44293,503,579
44294,503,580
44295,503,581
44296,503,582
44297,503,583
44298,503,584
44299,503,585
44300,503,586
44301,503,587
44302,503,588
44303,503,589
44304,503,590
44305,503,591
44306,503,592
44307,503,593
44308,503,594
44309,503,595
44310,503,596
44311,503,597
44312,503,598
44313,503,599
44314,503,600
44315,503,601
44316,503,602
44317,503,603
44318,503,604
44319,504,407
44320,504,408
44321,504,409
44322,504,410
44323,504,411
44324,504,412
44325,504,413
44326,504,414
44327,504,415
44328,504,416
44329,504,417
44330,504,418
44331,504,419
44332,504,420
44333,504,421
44334,504,422
44335,504,423
44336,504,424
44337,504,425
44338,504,426
44339,504,427
44340,504,428
44341,504,429
44342,504,430
44343,504,431
44344,504,432
44345,504,433
44346,504,434
44347,504,435
44348,504,436
44349,504,437
44350,504,438
44351,504,439
44352,504,440
44353,504,441
44354,504,442
44355,504,443
44356,504,444
44357,504,445
44358,504,446
44359,504,447
44360,504,448
44361,504,449
44362,504,450
44363,504,451
44364,504,452
44365,504,453
44366,504,454
44367,504,455
44368,504,456
44369,504,457
44370,504,458
44371,504,459
44372,504,460
44373,504,461
44374,504,462
44375,504,463
44376,504,464
44377,504,465
44378,504,466
44379,504,467
44380,504,468
44381,504,469
44382,504,470
44383,504,471
44384,504,472
44385,504,473
44386,504,474
44387,504,475
44388,504,476
44389,504,477
44390,504,478
44391,504,479
44392,504,480
44393,504,481
44394,504,482
44395,504,483
44396,504,484
44397,504,485
44398,504,486
44399,504,487
44400,504,488
44401,504,489
44402,504,490
44403,504,491
44404,504,492
44405,504,493
44406,504,494
44407,504,495
44408,504,496
44409,504,497
44410,504,498
44411,504,499
44412,504,500
44413,504,501
44414,504,502
44415,504,503
44416,504,504
44417,504,505
44418,504,506
44419,504,507
44420,504,508
44421,504,509
44422,504,510
44423,504,511
44424,504,512
44425,504,513
44426,504,514
44427,504,515
44428,504,516
44429,504,517
44430,504,518
44431,504,519
44432,504,520
44433,504,521
44434,504,522
44435,504,523
44436,504,524
44437,504,525
44438,504,526
44439,504,527
44440,504,528
44441,504,529
44442,504,530
44443,504,531
44444,504,532
44445,504,533
44446,504,534
44447,504,535
44448,504,536
44449,504,537
44450,504,538
44451,504,539
44452,504,540
44453,504,541
44454,504,542
44455,504,543
44456,504,544
44457,504,545
44458,504,546
44459,504,547
44460,504,548
44461,504,549
44462,504,550
44463,504,551
44464,504,552
44465,504,553
44466,504,554
44467,504,555
44468,504,556
44469,504,557
44470,504,558
44471,504,559
44472,504,560
44473,504,561
44474,504,562
44475,504,563
44476,504,564
44477,504,565
44478,504,566
44479,504,567
44480,504,568
44481,504,569
44482,504,570
44483,504,571
44484,504,572
44485,504,573
44486,504,574
44487,504,575
44488,504,576
44489,504,577
44490,504,578
44491,504,579
44492,504,580
44493,504,581
44494,504,582
44495,504,583
44496,504,584
44497,504,585
44498,504,586
44499,504,587
44500,504,588
44501,504,589
44502,504,590
44503,504,591
44504,504,592
44505,504,593
44506,504,594
44507,504,595
44508,504,596
44509,504,597
44510,504,598
44511,504,599
44512,504,600
44513,504,601
44514,504,602
44515,504,603
44516,504,604
44517,505,407
44518,505,408
44519,505,409
44520,505,410
44521,505,411
44522,505,412
44523,505,413
44524,505,414
44525,505,415
44526,505,416
44527,505,417
44528,505,418
44529,505,419
44530,505,420
44531,505,421
44532,505,422
44533,505,423
44534,505,424
44535,505,425
44536,505,426
44537,505,427
44538,505,428
44539,505,429
44540,505,430
44541,505,431
44542,505,432
44543,505,433
44544,505,434
44545,505,435
44546,505,436
44547,505,437
44548,505,438
44549,505,439
44550,505,440
44551,505,441
44552,505,442
44553,505,443
44554,505,444
44555,505,445
44556,505,446
44557,505,447
44558,505,448
44559,505,449
44560,505,450
44561,505,451
44562,505,452
44563,505,453
44564,505,454
44565,505,455
44566,505,456
44567,505,457
44568,505,458
44569,505,459
44570,505,460
44571,505,461
44572,505,462
44573,505,463
44574,505,464
44575,505,465
44576,505,466
44577,505,467
44578,505,468
44579,505,469
44580,505,470
44581,505,471
44582,505,472
44583,505,473
44584,505,474
44585,505,475
44586,505,476
44587,505,477
44588,505,478
44589,505,479
44590,505,480
44591,505,481
44592,505,482
44593,505,483
44594,505,484
44595,505,485
44596,505,486
44597,505,487
44598,505,488
44599,505,489
44600,505,490
44601,505,491
44602,505,492
44603,505,493
44604,505,494
44605,505,495
44606,505,496
44607,505,497
44608,505,498
44609,505,499
44610,505,500
44611,505,501
44612,505,502
44613,505,503
44614,505,504
44615,505,505
44616,505,506
44617,505,507
44618,505,508
44619,505,509
44620,505,510
44621,505,511
44622,505,512
44623,505,513
44624,505,514
44625,505,515
44626,505,516
44627,505,517
44628,505,518
44629,505,519
44630,505,520
44631,505,521
44632,505,522
44633,505,523
44634,505,524
44635,505,525
44636,505,526
44637,505,527
44638,505,528
44639,505,529
44640,505,530
44641,505,531
44642,505,532
44643,505,533
44644,505,534
44645,505,535
44646,505,536
44647,505,537
44648,505,538
44649,505,539
44650,505,540
44651,505,541
44652,505,542
44653,505,543
44654,505,544
44655,505,545
44656,505,546
44657,505,547
44658,505,548
44659,505,549
44660,505,550
44661,505,551
44662,505,552
44663,505,553
44664,505,554
44665,505,555
44666,505,556
44667,505,557
44668,505,558
44669,505,559
44670,505,560
44671,505,561
44672,505,562
44673,505,563
44674,505,564
44675,505,565
44676,505,566
44677,505,567
44678,505,568
44679,505,569
44680,505,570
44681,505,571
44682,505,572
44683,505,573
44684,505,574
44685,505,575
44686,505,576
44687,505,577
44688,505,578
44689,505,579
44690,505,580
44691,505,581
44692,505,582
44693,505,583
44694,505,584
44695,505,585
44696,505,586
44697,505,587
44698,505,588
44699,505,589
44700,505,590
44701,505,591
44702,505,592
44703,505,593
44704,505,594
44705,505,595
44706,505,596
44707,505,597
44708,505,598
44709,505,599
44710,505,600
44711,505,601
44712,505,602
44713,505,603
44714,505,604
44715,505,605
44716,506,408
44717,506,409
44718,506,410
44719,506,411
44720,506,412
44721,506,413
44722,506,414
44723,506,415
44724,506,416
44725,506,417
44726,506,418
44727,506,419
44728,506,420
44729,506,421
44730,506,422
44731,506,423
44732,506,424
44733,506,425
44734,506,426
44735,506,427
44736,506,428
44737,506,429
44738,506,430
44739,506,431
44740,506,432
44741,506,433
44742,506,434
44743,506,435
44744,506,436
44745,506,437
44746,506,438
44747,506,439
44748,506,440
44749,506,441
44750,506,442
44751,506,443
44752,506,444
44753,506,445
44754,506,446
44755,506,447
44756,506,448
44757,506,449
44758,506,450
44759,506,451
44760,506,452
44761,506,453
44762,506,454
44763,506,455
44764,506,456
44765,506,457
44766,506,458
44767,506,459
44768,506,460
44769,506,461
44770,506,462
44771,506,463
44772,506,464
44773,506,465
44774,506,466
44775,506,467
44776,506,468
44777,506,469
44778,506,470
44779,506,471
44780,506,472
44781,506,473
44782,506,474
44783,506,475
44784,506,476
44785,506,477
44786,506,478
44787,506,479
44788,506,480
44789,506,481
44790,506,482
44791,506,483
44792,506,484
44793,506,485
44794,506,486
44795,506,487
44796,506,488
44797,506,489
44798,506,490
44799,506,491
44800,506,492
44801,506,493
44802,506,494
44803,506,495
44804,506,496
44805,506,497
44806,506,498
44807,506,499
44808,506,500
44809,506,501
44810,506,502
44811,506,503
44812,506,504
44813,506,505
44814,506,506
44815,506,507
44816,506,508
44817,506,509
44818,506,510
44819,506,511
44820,506,512
44821,506,513
44822,506,514
44823,506,515
44824,506,516
44825,506,517
44826,506,518
44827,506,519
44828,506,520
44829,506,521
44830,506,522
44831,506,523
44832,506,524
44833,506,525
44834,506,526
44835,506,527
44836,506,528
44837,506,529
44838,506,530
44839,506,531
44840,506,532
44841,506,533
44842,506,534
44843,506,535
44844,506,536
44845,506,537
44846,506,538
44847,506,539
44848,506,540
44849,506,541
44850,506,542
44851,506,543
44852,506,544
44853,506,545
44854,506,546
44855,506,547
44856,506,548
44857,506,549
44858,506,550
44859,506,551
44860,506,552
44861,506,553
44862,506,554
44863,506,555
44864,506,556
44865,506,557
44866,506,558
44867,506,559
44868,506,560
44869,506,561
44870,506,562
44871,506,563
44872,506,564
44873,506,565
44874,506,566
44875,506,567
44876,506,568
44877,506,569
44878,506,570
44879,506,571
44880,506,572
44881,506,573
44882,506,574
44883,506,575
44884,506,576
44885,506,577
44886,506,578
44887,506,579
44888,506,580
44889,506,581
44890,506,582
44891,506,583
44892,506,584
44893,506,585
44894,506,586
44895,506,587
44896,506,588
44897,506,589
44898,506,590
44899,506,591
44900,506,592
44901,506,593
44902,506,594
44903,506,595
44904,506,596
44905,506,597
44906,506,598
44907,506,599
44908,506,600
44909,506,601
44910,506,602
44911,506,603
44912,506,604
44913,506,605
44914,506,606
44915,507,408
44916,507,409
44917,507,410
44918,507,411
44919,507,412
44920,507,413
44921,507,414
44922,507,415
44923,507,416
44924,507,417
44925,507,418
44926,507,419
44927,507,420
44928,507,421
44929,507,422
44930,507,423
44931,507,424
44932,507,425
44933,507,426
44934,507,427
44935,507,428
44936,507,429
44937,507,430
44938,507,431
44939,507,432
44940,507,433
44941,507,434
44942,507,435
44943,507,436
44944,507,437
44945,507,438
44946,507,439
44947,507,440
44948,507,441
44949,507,442
44950,507,443
44951,507,444
44952,507,445
44953,507,446
44954,507,447
44955,507,448
44956,507,449
44957,507,450
44958,507,451
44959,507,452
44960,507,453
44961,507,454
44962,507,455
44963,507,456
44964,507,457
44965,507,458
44966,507,459
44967,507,460
44968,507,461
44969,507,462
44970,507,463
44971,507,464
44972,507,465
44973,507,466
44974,507,467
44975,507,468
44976,507,469
44977,507,470
44978,507,471
44979,507,472
44980,507,473
44981,507,474
44982,507,475
44983,507,476
44984,507,477
44985,507,478
44986,507,479
44987,507,480
44988,507,481
44989,507,482
44990,507,483
44991,507,484
44992,507,485
44993,507,486
44994,507,487
44995,507,488
44996,507,489
44997,507,490
44998,507,491
44999,507,492
45000,507,493
45001,507,494
45002,507,495
45003,507,496
45004,507,497
45005,507,498
45006,507,499
45007,507,500
45008,507,501
45009,507,502
45010,507,503
45011,507,504
45012,507,505
45013,507,506
45014,507,507
45015,507,508
45016,507,509
45017,507,510
45018,507,511
45019,507,512
45020,507,513
45021,507,514
45022,507,515
45023,507,516
45024,507,517
45025,507,518
45026,507,519
45027,507,520
45028,507,521
45029,507,522
45030,507,523
45031,507,524
45032,507,525
45033,507,526
45034,507,527
45035,507,528
45036,507,529
45037,507,530
45038,507,531
45039,507,532
45040,507,533
45041,507,534
45042,507,535
45043,507,536
45044,507,537
45045,507,538
45046,507,539
45047,507,540
45048,507,541
45049,507,542
45050,507,543
45051,507,544
45052,507,545
45053,507,546
45054,507,547
45055,507,548
45056,507,549
45057,507,550
45058,507,551
45059,507,552
45060,507,553
45061,507,554
45062,507,555
45063,507,556
45064,507,557
45065,507,558
45066,507,559
45067,507,560
45068,507,561
45069,507,562
45070,507,563
45071,507,564
45072,507,565
45073,507,566
45074,507,567
45075,507,568
45076,507,569
45077,507,570
45078,507,571
45079,507,572
45080,507,573
45081,507,574
45082,507,575
45083,507,576
45084,507,577
45085,507,578
45086,507,579
45087,507,580
45088,507,581
45089,507,582
45090,507,583
45091,507,584
45092,507,585
45093,507,586
45094,507,587
45095,507,588
45096,507,589
45097,507,590
45098,507,591
45099,507,592
45100,507,593
45101,507,594
45102,507,595
45103,507,596
45104,507,597
45105,507,598
45106,507,599
45107,507,600
45108,507,601
45109,507,602
45110,507,603
45111,507,604
45112,507,605
45113,507,606
45114,507,607
45115,508,409
45116,508,410
45117,508,411
45118,508,412
45119,508,413
45120,508,414
45121,508,415
45122,508,416
45123,508,417
45124,508,418
45125,508,419
45126,508,420
45127,508,421
45128,508,422
45129,508,423
45130,508,424
45131,508,425
45132,508,426
45133,508,427
45134,508,428
45135,508,429
45136,508,430
45137,508,431
45138,508,432
45139,508,433
45140,508,434
45141,508,435
45142,508,436
45143,508,437
45144,508,438
45145,508,439
45146,508,440
45147,508,441
45148,508,442
45149,508,443
45150,508,444
45151,508,445
45152,508,446
45153,508,447
45154,508,448
45155,508,449
45156,508,450
45157,508,451
45158,508,452
45159,508,453
45160,508,454
45161,508,455
45162,508,456
45163,508,457
45164,508,458
45165,508,459
45166,508,460
45167,508,461
45168,508,462
45169,508,463
45170,508,464
45171,508,465
45172,508,466
45173,508,467
45174,508,468
45175,508,469
45176,508,470
45177,508,471
45178,508,472
45179,508,473
45180,508,474
45181,508,475
45182,508,476
45183,508,477
45184,508,478
45185,508,479
45186,508,480
45187,508,481
45188,508,482
45189,508,483
45190,508,484
45191,508,485
45192,508,486
45193,508,487
45194,508,488
45195,508,489
45196,508,490
45197,508,491
45198,508,492
45199,508,493
45200,508,494
45201,508,495
45202,508,496
45203,508,497
45204,508,498
45205,508,499
45206,508,500
45207,508,501
45208,508,502
45209,508,503
45210,508,504
45211,508,505
45212,508,506
45213,508,507
45214,508,508
45215,508,509
45216,508,510
45217,508,511
45218,508,512
45219,508,513
45220,508,514
45221,508,515
45222,508,516
45223,508,517
45224,508,518
45225,508,519
45226,508,520
45227,508,521
45228,508,522
45229,508,523
45230,508,524
45231,508,525
45232,508,526
45233,508,527
45234,508,528
45235,508,529
45236,508,530
45237,508,531
45238,508,532
45239,508,533
45240,508,534
45241,508,535
45242,508,536
45243,508,537
45244,508,538
45245,508,539
45246,508,540
45247,508,541
45248,508,542
45249,508,543
45250,508,544
45251,508,545
45252,508,546
45253,508,547
45254,508,548
45255,508,549
45256,508,550
45257,508,551
45258,508,552
45259,508,553
45260,508,554
45261,508,555
45262,508,556
45263,508,557
45264,508,558
45265,508,559
45266,508,560
45267,508,561
45268,508,562
45269,508,563
45270,508,564
45271,508,565
45272,508,566
45273,508,567
45274,508,568
45275,508,569
45276,508,570
45277,508,571
45278,508,572
45279,508,573
45280,508,574
45281,508,575
45282,508,576
45283,508,577
45284,508,578
45285,508,579
45286,508,580
45287,508,581
45288,508,582
45289,508,583
45290,508,584
45291,508,585
45292,508,586
45293,508,587
45294,508,588
45295,508,589
45296,508,590
45297,508,591
45298,508,592
45299,508,593
45300,508,594
45301,508,595
45302,508,596
45303,508,597
45304,508,598
45305,508,599
45306,508,600
45307,508,601
45308,508,602
45309,508,603
45310,508,604
45311,508,605
45312,508,606
45313,508,607
45314,508,608
45315,509,409
45316,509,410
45317,509,411
45318,509,412
45319,509,413
45320,509,414
45321,509,415
45322,509,416
45323,509,417
45324,509,418
45325,509,419
45326,509,420
45327,509,421
45328,509,422
45329,509,423
45330,509,424
45331,509,425
45332,509,426
45333,509,427
45334,509,428
45335,509,429
45336,509,430
45337,509,431
45338,509,432
45339,509,433
45340,509,434
45341,509,435
45342,509,436
45343,509,437
45344,509,438
45345,509,439
45346,509,440
45347,509,441
45348,509,442
45349,509,443
45350,509,444
45351,509,445
45352,509,446
45353,509,447
45354,509,448
45355,509,449
45356,509,450
45357,509,451
45358,509,452
45359,509,453
45360,509,454
45361,509,455
45362,509,456
45363,509,457
45364,509,458
45365,509,459
45366,509,460
45367,509,461
45368,509,462
45369,509,463
45370,509,464
45371,509,465
45372,509,466
45373,509,467
45374,509,468
45375,509,469
45376,509,470
45377,509,471
45378,509,472
45379,509,473
45380,509,474
45381,509,475
45382,509,476
45383,509,477
45384,509,478
45385,509,479
45386,509,480
45387,509,481
45388,509,482
45389,509,483
45390,509,484
45391,509,485
45392,509,486
45393,509,487
45394,509,488
45395,509,489
45396,509,490
45397,509,491
45398,509,492
45399,509,493
45400,509,494
45401,509,495
45402,509,496
45403,509,497
45404,509,498
45405,509,499
45406,509,500
45407,509,501
45408,509,502
45409,509,503
45410,509,504
45411,509,505
45412,509,506
45413,509,507
45414,509,508
45415,509,509
45416,509,510
45417,509,511
45418,509,512
45419,509,513
45420,509,514
45421,509,515
45422,509,516
45423,509,517
45424,509,518
45425,509,519
45426,509,520
45427,509,521
45428,509,522
45429,509,523
45430,509,524
45431,509,525
45432,509,526
45433,509,527
45434,509,528
45435,509,529
45436,509,530
45437,509,531
45438,509,532
45439,509,533
45440,509,534
45441,509,535
45442,509,536
45443,509,537
45444,509,538
45445,509,539
45446,509,540
45447,509,541
45448,509,542
45449,509,543
45450,509,544
45451,509,545
45452,509,546
45453,509,547
45454,509,548
45455,509,549
45456,509,550
45457,509,551
45458,509,552
45459,509,553
45460,509,554
45461,509,555
45462,509,556
45463,509,557
45464,509,558
45465,509,559
45466,509,560
45467,509,561
45468,509,562
45469,509,563
45470,509,564
45471,509,565
45472,509,566
45473,509,567
45474,509,568
45475,509,569
45476,509,570
45477,509,571
45478,509,572
45479,509,573
45480,509,574
45481,509,575
45482,509,576
45483,509,577
45484,509,578
45485,509,579
45486,509,580
45487,509,581
45488,509,582
45489,509,583
45490,509,584
45491,509,585
45492,509,586
45493,509,587
45494,509,588
45495,509,589
45496,509,590
45497,509,591
45498,509,592
45499,509,593
45500,509,594
45501,509,595
45502,509,596
45503,509,597
45504,509,598
45505,509,599
45506,509,600
45507,509,601
45508,509,602
45509,509,603
45510,509,604
45511,509,605
45512,509,606
45513,509,607
45514,509,608
45515,510,410
45516,510,411
45517,510,412
45518,510,413
45519,510,414
45520,510,415
45521,510,416
45522,510,417
45523,510,418
45524,510,419
45525,510,420
45526,510,421
45527,510,422
45528,510,423
45529,510,424
45530,510,425
45531,510,426
45532,510,427
45533,510,428
45534,510,429
45535,510,430
45536,510,431
45537,510,432
45538,510,433
45539,510,434
45540,510,435
45541,510,436
45542,510,437
45543,510,438
45544,510,439
45545,510,440
45546,510,441
45547,510,442
45548,510,443
45549,510,444
45550,510,445
45551,510,446
45552,510,447
45553,510,448
45554,510,449
45555,510,450
45556,510,451
45557,510,452
45558,510,453
45559,510,454
45560,510,455
45561,510,456
45562,510,457
45563,510,458
45564,510,459
45565,510,460
45566,510,461
45567,510,462
45568,510,463
45569,510,464
45570,510,465
45571,510,466
45572,510,467
45573,510,468
45574,510,469
45575,510,470
45576,510,471
45577,510,472
45578,510,473
45579,510,474
45580,510,475
45581,510,476
45582,510,477
45583,510,478
45584,510,479
45585,510,480
45586,510,481
45587,510,482
45588,510,483
45589,510,484
45590,510,485
45591,510,486
45592,510,487
45593,510,488
45594,510,489
45595,510,490
45596,510,491
45597,510,492
45598,510,493
45599,510,494
45600,510,495
45601,510,496
45602,510,497
45603,510,498
45604,510,499
45605,510,500
45606,510,501
45607,510,502
45608,510,503
45609,510,504
45610,510,505
45611,510,506
45612,510,507
45613,510,508
45614,510,509
45615,510,510
45616,510,511
45617,510,512
45618,510,513
45619,510,514
45620,510,515
45621,510,516
45622,510,517
45623,510,518
45624,510,519
45625,510,520
45626,510,521
45627,510,522
45628,510,523
45629,510,524
45630,510,525
45631,510,526
45632,510,527
45633,510,528
45634,510,529
45635,510,530
45636,510,531
45637,510,532
45638,510,533
45639,510,534
45640,510,535
45641,510,536
45642,510,537
45643,510,538
45644,510,539
45645,510,540
45646,510,541
45647,510,542
45648,510,543
45649,510,544
45650,510,545
45651,510,546
45652,510,547
45653,510,548
45654,510,549
45655,510,550
45656,510,551
45657,510,552
45658,510,553
45659,510,554
45660,510,555
45661,510,556
45662,510,557
45663,510,558
45664,510,559
45665,510,560
45666,510,561
45667,510,562
45668,510,563
45669,510,564
45670,510,565
45671,510,566
45672,510,567
45673,510,568
45674,510,569
45675,510,570
45676,510,571
45677,510,572
45678,510,573
45679,510,574
45680,510,575
45681,510,576
45682,510,577
45683,510,578
45684,510,579
45685,510,580
45686,510,581
45687,510,582
45688,510,583
45689,510,584
45690,510,585
45691,510,586
45692,510,587
45693,510,588
45694,510,589
45695,510,590
45696,510,591
45697,510,592
45698,510,593
45699,510,594
45700,510,595
45701,510,596
45702,510,597
45703,510,598
45704,510,599
45705,510,600
45706,510,601
45707,510,602
45708,510,603
45709,510,604
45710,510,605
45711,510,606
45712,510,607
45713,510,608
45714,510,609
45715,511,411
45716,511,412
45717,511,413
45718,511,414
45719,511,415
45720,511,416
45721,511,417
45722,511,418
45723,511,419
45724,511,420
45725,511,421
45726,511,422
45727,511,423
45728,511,424
45729,511,425
45730,511,426
45731,511,427
45732,511,428
45733,511,429
45734,511,430
45735,511,431
45736,511,432
45737,511,433
45738,511,434
45739,511,435
45740,511,436
45741,511,437
45742,511,438
45743,511,439
45744,511,440
45745,511,441
45746,511,442
45747,511,443
45748,511,444
45749,511,445
45750,511,446
45751,511,447
45752,511,448
45753,511,449
45754,511,450
45755,511,451
45756,511,452
45757,511,453
45758,511,454
45759,511,455
45760,511,456
45761,511,457
45762,511,458
45763,511,459
45764,511,460
45765,511,461
45766,511,462
45767,511,463
45768,511,464
45769,511,465
45770,511,466
45771,511,467
45772,511,468
45773,511,469
45774,511,470
45775,511,471
45776,511,472
45777,511,473
45778,511,474
45779,511,475
45780,511,476
45781,511,477
45782,511,478
45783,511,479
45784,511,480
45785,511,481
45786,511,482
45787,511,483
45788,511,484
45789,511,485
45790,511,486
45791,511,487
45792,511,488
45793,511,489
45794,511,490
45795,511,491
45796,511,492
45797,511,493
45798,511,494
45799,511,495
45800,511,496
45801,511,497
45802,511,498
45803,511,499
45804,511,500
45805,511,501
45806,511,502
45807,511,503
45808,511,504
45809,511,505
45810,511,506
45811,511,507
45812,511,508
45813,511,509
45814,511,510
45815,511,511
45816,511,512
45817,511,513
45818,511,514
45819,511,515
45820,511,516
45821,511,517
45822,511,518
45823,511,519
45824,511,520
45825,511,521
45826,511,522
45827,511,523
45828,511,524
45829,511,525
45830,511,526
45831,511,527
45832,511,528
45833,511,529
45834,511,530
45835,511,531
45836,511,532
45837,511,533
45838,511,534
45839,511,535
45840,511,536
45841,511,537
45842,511,538
45843,511,539
45844,511,540
45845,511,541
45846,511,542
45847,511,543
45848,511,544
45849,511,545
45850,511,546
45851,511,547
45852,511,548
45853,511,549
45854,511,550
45855,511,551
45856,511,552
45857,511,553
45858,511,554
45859,511,555
45860,511,556
45861,511,557
45862,511,558
45863,511,559
45864,511,560
45865,511,561
45866,511,562
45867,511,563
45868,511,564
45869,511,565
45870,511,566
45871,511,567
45872,511,568
45873,511,569
45874,511,570
45875,511,571
45876,511,572
45877,511,573
45878,511,574
45879,511,575
45880,511,576
45881,511,577
45882,511,578
45883,511,579
45884,511,580
45885,511,581
45886,511,582
45887,511,583
45888,511,584
45889,511,585
45890,511,586
45891,511,587
45892,511,588
45893,511,589
45894,511,590
45895,511,591
45896,511,592
45897,511,593
45898,511,594
45899,511,595
45900,511,596
45901,511,597
45902,511,598
45903,511,599
45904,511,600
45905,511,601
45906,511,602
45907,511,603
45908,511,604
45909,511,605
45910,511,606
45911,511,607
45912,511,608
45913,511,609
45914,511,610
45915,512,411
45916,512,412
45917,512,413
45918,512,414
45919,512,415
45920,512,416
45921,512,417
45922,512,418
45923,512,419
45924,512,420
45925,512,421
45926,512,422
45927,512,423
45928,512,424
45929,512,425
45930,512,426
45931,512,427
45932,512,428
45933,512,429
45934,512,430
45935,512,431
45936,512,432
45937,512,433
45938,512,434
45939,512,435
45940,512,436
45941,512,437
45942,512,438
45943,512,439
45944,512,440
45945,512,441
45946,512,442
45947,512,443
45948,512,444
45949,512,445
45950,512,446
45951,512,447
45952,512,448
45953,512,449
45954,512,450
45955,512,451
45956,512,452
45957,512,453
45958,512,454
45959,512,455
45960,512,456
45961,512,457
45962,512,458
45963,512,459
45964,512,460
45965,512,461
45966,512,462
45967,512,463
45968,512,464
45969,512,465
45970,512,466
45971,512,467
45972,512,468
45973,512,469
45974,512,470
45975,512,471
45976,512,472
45977,512,473
45978,512,474
45979,512,475
45980,512,476
45981,512,477
45982,512,478
45983,512,479
45984,512,480
45985,512,481
45986,512,482
45987,512,483
45988,512,484
45989,512,485
45990,512,486
45991,512,487
45992,512,488
45993,512,489
45994,512,490
45995,512,491
45996,512,492
45997,512,493
45998,512,494
45999,512,495
46000,512,496
46001,512,497
46002,512,498
46003,512,499
46004,512,500
46005,512,501
46006,512,502
46007,512,503
46008,512,504
46009,512,505
46010,512,506
46011,512,507
46012,512,508
46013,512,509
46014,512,510
46015,512,511
46016,512,512
46017,512,513
46018,512,514
46019,512,515
46020,512,516
46021,512,517
46022,512,518
46023,512,519
46024,512,520
46025,512,521
46026,512,522
46027,512,523
46028,512,524
46029,512,525
46030,512,526
46031,512,527
46032,512,528
46033,512,529
46034,512,530
46035,512,531
46036,512,532
46037,512,533
46038,512,534
46039,512,535
46040,512,536
46041,512,537
46042,512,538
46043,512,539
46044,512,540
46045,512,541
46046,512,542
46047,512,543
46048,512,544
46049,512,545
46050,512,546
46051,512,547
46052,512,548
46053,512,549
46054,512,550
46055,512,551
46056,512,552
46057,512,553
46058,512,554
46059,512,555
46060,512,556
46061,512,557
46062,512,558
46063,512,559
46064,512,560
46065,512,561
46066,512,562
46067,512,563
46068,512,564
46069,512,565
46070,512,566
46071,512,567
46072,512,568
46073,512,569
46074,512,570
46075,512,571
46076,512,572
46077,512,573
46078,512,574
46079,512,575
46080,512,576
46081,512,577
46082,512,578
46083,512,579
46084,512,580
46085,512,581
46086,512,582
46087,512,583
46088,512,584
46089,512,585
46090,512,586
46091,512,587
46092,512,588
46093,512,589
46094,512,590
46095,512,591
46096,512,592
46097,512,593
46098,512,594
46099,512,595
46100,512,596
46101,512,597
46102,512,598
46103,512,599
46104,512,600
46105,512,601
46106,512,602
46107,512,603
46108,512,604
46109,512,605
46110,512,606
46111,512,607
46112,512,608
46113,512,609
46114,512,610
46115,512,611
46116,513,412
46117,513,413
46118,513,414
46119,513,415
46120,513,416
46121,513,417
46122,513,418
46123,513,419
46124,513,420
46125,513,421
46126,513,422
46127,513,423
46128,513,424
46129,513,425
46130,513,426
46131,513,427
46132,513,428
46133,513,429
46134,513,430
46135,513,431
46136,513,432
46137,513,433
46138,513,434
46139,513,435
46140,513,436
46141,513,437
46142,513,438
46143,513,439
46144,513,440
46145,513,441
46146,513,442
46147,513,443
46148,513,444
46149,513,445
46150,513,446
46151,513,447
46152,513,448
46153,513,449
46154,513,450
46155,513,451
46156,513,452
46157,513,453
46158,513,454
46159,513,455
46160,513,456
46161,513,457
46162,513,458
46163,513,459
46164,513,460
46165,513,461
46166,513,462
46167,513,463
46168,513,464
46169,513,465
46170,513,466
46171,513,467
46172,513,468
46173,513,469
46174,513,470
46175,513,471
46176,513,472
46177,513,473
46178,513,474
46179,513,475
46180,513,476
46181,513,477
46182,513,478
46183,513,479
46184,513,480
46185,513,481
46186,513,482
46187,513,483
46188,513,484
46189,513,485
46190,513,486
46191,513,487
46192,513,488
46193,513,489
46194,513,490
46195,513,491
46196,513,492
46197,513,493
46198,513,494
46199,513,495
46200,513,496
46201,513,497
46202,513,498
46203,513,499
46204,513,500
46205,513,501
46206,513,502
46207,513,503
46208,513,504
46209,513,505
46210,513,506
46211,513,507
46212,513,508
46213,513,509
46214,513,510
46215,513,511
46216,513,512
46217,513,513
46218,513,514
46219,513,515
46220,513,516
46221,513,517
46222,513,518
46223,513,519
46224,513,520
46225,513,521
46226,513,522
46227,513,523
46228,513,524
46229,513,525
46230,513,526
46231,513,527
46232,513,528
46233,513,529
46234,513,530
46235,513,531
46236,513,532
46237,513,533
46238,513,534
46239,513,535
46240,513,536
46241,513,537
46242,513,538
46243,513,539
46244,513,540
46245,513,541
46246,513,542
46247,513,543
46248,513,544
46249,513,545
46250,513,546
46251,513,547
46252,513,548
46253,513,549
46254,513,550
46255,513,551
46256,513,552
46257,513,553
46258,513,554
46259,513,555
46260,513,556
46261,513,557
46262,513,558
46263,513,559
46264,513,560
46265,513,561
46266,513,562
46267,513,563
46268,513,564
46269,513,565
46270,513,566
46271,513,567
46272,513,568
46273,513,569
46274,513,570
46275,513,571
46276,513,572
46277,513,573
46278,513,574
46279,513,575
46280,513,576
46281,513,577
46282,513,578
46283,513,579
46284,513,580
46285,513,581
46286,513,582
46287,513,583
46288,513,584
46289,513,585
46290,513,586
46291,513,587
46292,513,588
46293,513,589
46294,513,590
46295,513,591
46296,513,592
46297,513,593
46298,513,594
46299,513,595
46300,513,596
46301,513,597
46302,513,598
46303,513,599
46304,513,600
46305,513,601
46306,513,602
46307,513,603
46308,513,604
46309,513,605
46310,513,606
46311,513,607
46312,513,608
46313,513,609
46314,513,610
46315,513,611
46316,513,612
46317,514,413
46318,514,414
46319,514,415
46320,514,416
46321,514,417
46322,514,418
46323,514,419
46324,514,420
46325,514,421
46326,514,422
46327,514,423
46328,514,424
46329,514,425
46330,514,426
46331,514,427
46332,514,428
46333,514,429
46334,514,430
46335,514,431
46336,514,432
46337,514,433
46338,514,434
46339,514,435
46340,514,436
46341,514,437
46342,514,438
46343,514,439
46344,514,440
46345,514,441
46346,514,442
46347,514,443
46348,514,444
46349,514,445
46350,514,446
46351,514,447
46352,514,448
46353,514,449
46354,514,450
46355,514,451
46356,514,452
46357,514,453
46358,514,454
46359,514,455
46360,514,456
46361,514,457
46362,514,458
46363,514,459
46364,514,460
46365,514,461
46366,514,462
46367,514,463
46368,514,464
46369,514,465
46370,514,466
46371,514,467
46372,514,468
46373,514,469
46374,514,470
46375,514,471
46376,514,472
46377,514,473
46378,514,474
46379,514,475
46380,514,476
46381,514,477
46382,514,478
46383,514,479
46384,514,480
46385,514,481
46386,514,482
46387,514,483
46388,514,484
46389,514,485
46390,514,486
46391,514,487
46392,514,488
46393,514,489
46394,514,490
46395,514,491
46396,514,492
46397,514,493
46398,514,494
46399,514,495
46400,514,496
46401,514,497
46402,514,498
46403,514,499
46404,514,500
46405,514,501
46406,514,502
46407,514,503
46408,514,504
46409,514,505
46410,514,506
46411,514,507
46412,514,508
46413,514,509
46414,514,510
46415,514,511
46416,514,512
46417,514,513
46418,514,514
46419,514,515
46420,514,516
46421,514,517
46422,514,518
46423,514,519
46424,514,520
46425,514,521
46426,514,522
46427,514,523
46428,514,524
46429,514,525
46430,514,526
46431,514,527
46432,514,528
46433,514,529
46434,514,530
46435,514,531
46436,514,532
46437,514,533
46438,514,534
46439,514,535
46440,514,536
46441,514,537
46442,514,538
46443,514,539
46444,514,540
46445,514,541
46446,514,542
46447,514,543
46448,514,544
46449,514,545
46450,514,546
46451,514,547
46452,514,548
46453,514,549
46454,514,550
46455,514,551
46456,514,552
46457,514,553
46458,514,554
46459,514,555
46460,514,556
46461,514,557
46462,514,558
46463,514,559
46464,514,560
46465,514,561
46466,514,562
46467,514,563
46468,514,564
46469,514,565
46470,514,566
46471,514,567
46472,514,568
46473,514,569
46474,514,570
46475,514,571
46476,514,572
46477,514,573
46478,514,574
46479,514,575
46480,514,576
46481,514,577
46482,514,578
46483,514,579
46484,514,580
46485,514,581
46486,514,582
46487,514,583
46488,514,584
46489,514,585
46490,514,586
46491,514,587
46492,514,588
46493,514,589
46494,514,590
46495,514,591
46496,514,592
46497,514,593
46498,514,594
46499,514,595
46500,514,596
46501,514,597
46502,514,598
46503,514,599
46504,514,600
46505,514,601
46506,514,602
46507,514,603
46508,514,604
46509,514,605
46510,514,606
46511,514,607
46512,514,608
46513,514,609
46514,514,610
46515,514,611
46516,514,612
46517,515,413
46518,515,414
46519,515,415
46520,515,416
46521,515,417
46522,515,418
46523,515,419
46524,515,420
46525,515,421
46526,515,422
46527,515,423
46528,515,424
46529,515,425
46530,515,426
46531,515,427
46532,515,428
46533,515,429
46534,515,430
46535,515,431
46536,515,432
46537,515,433
46538,515,434
46539,515,435
46540,515,436
46541,515,437
46542,515,438
46543,515,439
46544,515,440
46545,515,441
46546,515,442
46547,515,443
46548,515,444
46549,515,445
46550,515,446
46551,515,447
46552,515,448
46553,515,449
46554,515,450
46555,515,451
46556,515,452
46557,515,453
46558,515,454
46559,515,455
46560,515,456
46561,515,457
46562,515,458
46563,515,459
46564,515,460
46565,515,461
46566,515,462
46567,515,463
46568,515,464
46569,515,465
46570,515,466
46571,515,467
46572,515,468
46573,515,469
46574,515,470
46575,515,471
46576,515,472
46577,515,473
46578,515,474
46579,515,475
46580,515,476
46581,515,477
46582,515,478
46583,515,479
46584,515,480
46585,515,481
46586,515,482
46587,515,483
46588,515,484
46589,515,485
46590,515,486
46591,515,487
46592,515,488
46593,515,489
46594,515,490
46595,515,491
46596,515,492
46597,515,493
46598,515,494
46599,515,495
46600,515,496
46601,515,497
46602,515,498
46603,515,499
46604,515,500
46605,515,501
46606,515,502
46607,515,503
46608,515,504
46609,515,505
46610,515,506
46611,515,507
46612,515,508
46613,515,509
46614,515,510
46615,515,511
46616,515,512
46617,515,513
46618,515,514
46619,515,515
46620,515,516
46621,515,517
46622,515,518
46623,515,519
46624,515,520
46625,515,521
46626,515,522
46627,515,523
46628,515,524
46629,515,525
46630,515,526
46631,515,527
46632,515,528
46633,515,529
46634,515,530
46635,515,531
46636,515,532
46637,515,533
46638,515,534
46639,515,535
46640,515,536
46641,515,537
46642,515,538
46643,515,539
46644,515,540
46645,515,541
46646,515,542
46647,515,543
46648,515,544
46649,515,545
46650,515,546
46651,515,547
46652,515,548
46653,515,549
46654,515,550
46655,515,551
46656,515,552
46657,515,553
46658,515,554
46659,515,555
46660,515,556
46661,515,557
46662,515,558
46663,515,559
46664,515,560
46665,515,561
46666,515,562
46667,515,563
46668,515,564
46669,515,565
46670,515,566
46671,515,567
46672,515,568
46673,515,569
46674,515,570
46675,515,571
46676,515,572
46677,515,573
46678,515,574
46679,515,575
46680,515,576
46681,515,577
46682,515,578
46683,515,579
46684,515,580
46685,515,581
46686,515,582
46687,515,583
46688,515,584
46689,515,585
46690,515,586
46691,515,587
46692,515,588
46693,515,589
46694,515,590
46695,515,591
46696,515,592
46697,515,593
46698,515,594
46699,515,595
46700,515,596
46701,515,597
46702,515,598
46703,515,599
46704,515,600
46705,515,601
46706,515,602
46707,515,603
46708,515,604
46709,515,605
46710,515,606
46711,515,607
46712,515,608
46713,515,609
46714,515,610
46715,515,611
46716,515,612
46717,515,613
46718,516,414
46719,516,415
46720,516,416
46721,516,417
46722,516,418
46723,516,419
46724,516,420
46725,516,421
46726,516,422
46727,516,423
46728,516,424
46729,516,425
46730,516,426
46731,516,427
46732,516,428
46733,516,429
46734,516,430
46735,516,431
46736,516,432
46737,516,433
46738,516,434
46739,516,435
46740,516,436
46741,516,437
46742,516,438
46743,516,439
46744,516,440
46745,516,441
46746,516,442
46747,516,443
46748,516,444
46749,516,445
46750,516,446
46751,516,447
46752,516,448
46753,516,449
46754,516,450
46755,516,451
46756,516,452
46757,516,453
46758,516,454
46759,516,455
46760,516,456
46761,516,457
46762,516,458
46763,516,459
46764,516,460
46765,516,461
46766,516,462
46767,516,463
46768,516,464
46769,516,465
46770,516,466
46771,516,467
46772,516,468
46773,516,469
46774,516,470
46775,516,471
46776,516,472
46777,516,473
46778,516,474
46779,516,475
46780,516,476
46781,516,477
46782,516,478
46783,516,479
46784,516,480
46785,516,481
46786,516,482
46787,516,483
46788,516,484
46789,516,485
46790,516,486
46791,516,487
46792,516,488
46793,516,489
46794,516,490
46795,516,491
46796,516,492
46797,516,493
46798,516,494
46799,516,495
46800,516,496
46801,516,497
46802,516,498
46803,516,499
46804,516,500
46805,516,501
46806,516,502
46807,516,503
46808,516,504
46809,516,505
46810,516,506
46811,516,507
46812,516,508
46813,516,509
46814,516,510
46815,516,511
46816,516,512
46817,516,513
46818,516,514
46819,516,515
46820,516,516
46821,516,517
46822,516,518
46823,516,519
46824,516,520
46825,516,521
46826,516,522
46827,516,523
46828,516,524
46829,516,525
46830,516,526
46831,516,527
46832,516,528
46833,516,529
46834,516,530
46835,516,531
46836,516,532
46837,516,533
46838,516,534
46839,516,535
46840,516,536
46841,516,537
46842,516,538
46843,516,539
46844,516,540
46845,516,541
46846,516,542
46847,516,543
46848,516,544
46849,516,545
46850,516,546
46851,516,547
46852,516,548
46853,516,549
46854,516,550
46855,516,551
46856,516,552
46857,516,553
46858,516,554
46859,516,555
46860,516,556
46861,516,557
46862,516,558
46863,516,559
46864,516,560
46865,516,561
46866,516,562
46867,516,563
46868,516,564
46869,516,565
46870,516,566
46871,516,567
46872,516,568
46873,516,569
46874,516,570
46875,516,571
46876,516,572
46877,516,573
46878,516,574
46879,516,575
46880,516,576
46881,516,577
46882,516,578
46883,516,579
46884,516,580
46885,516,581
46886,516,582
46887,516,583
46888,516,584
46889,516,585
46890,516,586
46891,516,587
46892,516,588
46893,516,589
46894,516,590
46895,516,591
46896,516,592
46897,516,593
46898,516,594
46899,516,595
46900,516,596
46901,516,597
46902,516,598
46903,516,599
46904,516,600
46905,516,601
46906,516,602
46907,516,603
46908,516,604
46909,516,605
46910,516,606
46911,516,607
46912,516,608
46913,516,609
46914,516,610
46915,516,611
46916,516,612
46917,516,613
46918,516,614
46919,517,415
46920,517,416
46921,517,417
46922,517,418
46923,517,419
46924,517,420
46925,517,421
46926,517,422
46927,517,423
46928,517,424
46929,517,425
46930,517,426
46931,517,427
46932,517,428
46933,517,429
46934,517,430
46935,517,431
46936,517,432
46937,517,433
46938,517,434
46939,517,435
46940,517,436
46941,517,437
46942,517,438
46943,517,439
46944,517,440
46945,517,441
46946,517,442
46947,517,443
46948,517,444
46949,517,445
46950,517,446
46951,517,447
46952,517,448
46953,517,449
46954,517,450
46955,517,451
46956,517,452
46957,517,453
46958,517,454
46959,517,455
46960,517,456
46961,517,457
46962,517,458
46963,517,459
46964,517,460
46965,517,461
46966,517,462
46967,517,463
46968,517,464
46969,517,465
46970,517,466
46971,517,467
46972,517,468
46973,517,469
46974,517,470
46975,517,471
46976,517,472
46977,517,473
46978,517,474
46979,517,475
46980,517,476
46981,517,477
46982,517,478
46983,517,479
46984,517,480
46985,517,481
46986,517,482
46987,517,483
46988,517,484
46989,517,485
46990,517,486
46991,517,487
46992,517,488
46993,517,489
46994,517,490
46995,517,491
46996,517,492
46997,517,493
46998,517,494
46999,517,495
47000,517,496
47001,517,497
47002,517,498
47003,517,499
47004,517,500
47005,517,501
47006,517,502
47007,517,503
47008,517,504
47009,517,505
47010,517,506
47011,517,507
47012,517,508
47013,517,509
47014,517,510
47015,517,511
47016,517,512
47017,517,513
47018,517,514
47019,517,515
47020,517,516
47021,517,517
47022,517,518
47023,517,519
47024,517,520
47025,517,521
47026,517,522
47027,517,523
47028,517,524
47029,517,525
47030,517,526
47031,517,527
47032,517,528
47033,517,529
47034,517,530
47035,517,531
47036,517,532
47037,517,533
47038,517,534
47039,517,535
47040,517,536
47041,517,537
47042,517,538
47043,517,539
47044,517,540
47045,517,541
47046,517,542
47047,517,543
47048,517,544
47049,517,545
47050,517,546
47051,517,547
47052,517,548
47053,517,549
47054,517,550
47055,517,551
47056,517,552
47057,517,553
47058,517,554
47059,517,555
47060,517,556
47061,517,557
47062,517,558
47063,517,559
47064,517,560
47065,517,561
47066,517,562
47067,517,563
47068,517,564
47069,517,565
47070,517,566
47071,517,567
47072,517,568
47073,517,569
47074,517,570
47075,517,571
47076,517,572
47077,517,573
47078,517,574
47079,517,575
47080,517,576
47081,517,577
47082,517,578
47083,517,579
47084,517,580
47085,517,581
47086,517,582
47087,517,583
47088,517,584
47089,517,585
47090,517,586
47091,517,587
47092,517,588
47093,517,589
47094,517,590
47095,517,591
47096,517,592
47097,517,593
47098,517,594
47099,517,595
47100,517,596
47101,517,597
47102,517,598
47103,517,599
47104,517,600
47105,517,601
47106,517,602
47107,517,603
47108,517,604
47109,517,605
47110,517,606
47111,517,607
47112,517,608
47113,517,609
47114,517,610
47115,517,611
47116,517,612
47117,517,613
47118,517,614
47119,517,615
47120,518,415
47121,518,416
47122,518,417
47123,518,418
47124,518,419
47125,518,420
47126,518,421
47127,518,422
47128,518,423
47129,518,424
47130,518,425
47131,518,426
47132,518,427
47133,518,428
47134,518,429
47135,518,430
47136,518,431
47137,518,432
47138,518,433
47139,518,434
47140,518,435
47141,518,436
47142,518,437
47143,518,438
47144,518,439
47145,518,440
47146,518,441
47147,518,442
47148,518,443
47149,518,444
47150,518,445
47151,518,446
47152,518,447
47153,518,448
47154,518,449
47155,518,450
47156,518,451
47157,518,452
47158,518,453
47159,518,454
47160,518,455
47161,518,456
47162,518,457
47163,518,458
47164,518,459
47165,518,460
47166,518,461
47167,518,462
47168,518,463
47169,518,464
47170,518,465
47171,518,466
47172,518,467
47173,518,468
47174,518,469
47175,518,470
47176,518,471
47177,518,472
47178,518,473
47179,518,474
47180,518,475
47181,518,476
47182,518,477
47183,518,478
47184,518,479
47185,518,480
47186,518,481
47187,518,482
47188,518,483
47189,518,484
47190,518,485
47191,518,486
47192,518,487
47193,518,488
47194,518,489
47195,518,490
47196,518,491
47197,518,492
47198,518,493
47199,518,494
47200,518,495
47201,518,496
47202,518,497
47203,518,498
47204,518,499
47205,518,500
47206,518,501
47207,518,502
47208,518,503
47209,518,504
47210,518,505
47211,518,506
47212,518,507
47213,518,508
47214,518,509
47215,518,510
47216,518,511
47217,518,512
47218,518,513
47219,518,514
47220,518,515
47221,518,516
47222,518,517
47223,518,518
47224,518,519
47225,518,520
47226,518,521
47227,518,522
47228,518,523
47229,518,524
47230,518,525
47231,518,526
47232,518,527
47233,518,528
47234,518,529
47235,518,530
47236,518,531
47237,518,532
47238,518,533
47239,518,534
47240,518,535
47241,518,536
47242,518,537
47243,518,538
47244,518,539
47245,518,540
47246,518,541
47247,518,542
47248,518,543
47249,518,544
47250,518,545
47251,518,546
47252,518,547
47253,518,548
47254,518,549
47255,518,550
47256,518,551
47257,518,552
47258,518,553
47259,518,554
47260,518,555
47261,518,556
47262,518,557
47263,518,558
47264,518,559
47265,518,560
47266,518,561
47267,518,562
47268,518,563
47269,518,564
47270,518,565
47271,518,566
47272,518,567
47273,518,568
47274,518,569
47275,518,570
47276,518,571
47277,518,572
47278,518,573
47279,518,574
47280,518,575
47281,518,576
47282,518,577
47283,518,578
47284,518,579
47285,518,580
47286,518,581
47287,518,582
47288,518,583
47289,518,584
47290,518,585
47291,518,586
47292,518,587
47293,518,588
47294,518,589
47295,518,590
47296,518,591
47297,518,592
47298,518,593
47299,518,594
47300,518,595
47301,518,596
47302,518,597
47303,518,598
47304,518,599
47305,518,600
47306,518,601
47307,518,602
47308,518,603
47309,518,604
47310,518,605
47311,518,606
47312,518,607
47313,518,608
47314,518,609
47315,518,610
47316,518,611
47317,518,612
47318,518,613
47319,518,614
47320,518,615
47321,519,416
47322,519,417
47323,519,418
47324,519,419
47325,519,420
47326,519,421
47327,519,422
47328,519,423
47329,519,424
47330,519,425
47331,519,426
47332,519,427
47333,519,428
47334,519,429
47335,519,430
47336,519,431
47337,519,432
47338,519,433
47339,519,434
47340,519,435
47341,519,436
47342,519,437
47343,519,438
47344,519,439
47345,519,440
47346,519,441
47347,519,442
47348,519,443
47349,519,444
47350,519,445
47351,519,446
47352,519,447
47353,519,448
47354,519,449
47355,519,450
47356,519,451
47357,519,452
47358,519,453
47359,519,454
47360,519,455
47361,519,456
47362,519,457
47363,519,458
47364,519,459
47365,519,460
47366,519,461
47367,519,462
47368,519,463
47369,519,464
47370,519,465
47371,519,466
47372,519,467
47373,519,468
47374,519,469
47375,519,470
47376,519,471
47377,519,472
47378,519,473
47379,519,474
47380,519,475
47381,519,476
47382,519,477
47383,519,478
47384,519,479
47385,519,480
47386,519,481
47387,519,482
47388,519,483
47389,519,484
47390,519,485
47391,519,486
47392,519,487
47393,519,488
47394,519,489
47395,519,490
47396,519,491
47397,519,492
47398,519,493
47399,519,494
47400,519,495
47401,519,496
47402,519,497
47403,519,498
47404,519,499
47405,519,500
47406,519,501
47407,519,502
47408,519,503
47409,519,504
47410,519,505
47411,519,506
47412,519,507
47413,519,508
47414,519,509
47415,519,510
47416,519,511
47417,519,512
47418,519,513
47419,519,514
47420,519,515
47421,519,516
47422,519,517
47423,519,518
47424,519,519
47425,519,520
47426,519,521
47427,519,522
47428,519,523
47429,519,524
47430,519,525
47431,519,526
47432,519,527
47433,519,528
47434,519,529
47435,519,530
47436,519,531
47437,519,532
47438,519,533
47439,519,534
47440,519,535
47441,519,536
47442,519,537
47443,519,538
47444,519,539
47445,519,540
47446,519,541
47447,519,542
47448,519,543
47449,519,544
47450,519,545
47451,519,546
47452,519,547
47453,519,548
47454,519,549
47455,519,550
47456,519,551
47457,519,552
47458,519,553
47459,519,554
47460,519,555
47461,519,556
47462,519,557
47463,519,558
47464,519,559
47465,519,560
47466,519,561
47467,519,562
47468,519,563
47469,519,564
47470,519,565
47471,519,566
47472,519,567
47473,519,568
47474,519,569
47475,519,570
47476,519,571
47477,519,572
47478,519,573
47479,519,574
47480,519,575
47481,519,576
47482,519,577
47483,519,578
47484,519,579
47485,519,580
47486,519,581
47487,519,582
47488,519,583
47489,519,584
47490,519,585
47491,519,586
47492,519,587
47493,519,588
47494,519,589
47495,519,590
47496,519,591
47497,519,592
47498,519,593
47499,519,594
47500,519,595
47501,519,596
47502,519,597
47503,519,598
47504,519,599
47505,519,600
47506,519,601
47507,519,602
47508,519,603
47509,519,604
47510,519,605
47511,519,606
47512,519,607
47513,519,608
47514,519,609
47515,519,610
47516,519,611
47517,519,612
47518,519,613
47519,519,614
47520,519,615
47521,519,616
47522,520,417
47523,520,418
47524,520,419
47525,520,420
47526,520,421
47527,520,422
47528,520,423
47529,520,424
47530,520,425
47531,520,426
47532,520,427
47533,520,428
47534,520,429
47535,520,430
47536,520,431
47537,520,432
47538,520,433
47539,520,434
47540,520,435
47541,520,436
47542,520,437
47543,520,438
47544,520,439
47545,520,440
47546,520,441
47547,520,442
47548,520,443
47549,520,444
47550,520,445
47551,520,446
47552,520,447
47553,520,448
47554,520,449
47555,520,450
47556,520,451
47557,520,452
47558,520,453
47559,520,454
47560,520,455
47561,520,456
47562,520,457
47563,520,458
47564,520,459
47565,520,460
47566,520,461
47567,520,462
47568,520,463
47569,520,464
47570,520,465
47571,520,466
47572,520,467
47573,520,468
47574,520,469
47575,520,470
47576,520,471
47577,520,472
47578,520,473
47579,520,474
47580,520,475
47581,520,476
47582,520,477
47583,520,478
47584,520,479
47585,520,480
47586,520,481
47587,520,482
47588,520,483
47589,520,484
47590,520,485
47591,520,486
47592,520,487
47593,520,488
47594,520,489
47595,520,490
47596,520,491
47597,520,492
47598,520,493
47599,520,494
47600,520,495
47601,520,496
47602,520,497
47603,520,498
47604,520,499
47605,520,500
47606,520,501
47607,520,502
47608,520,503
47609,520,504
47610,520,505
47611,520,506
47612,520,507
47613,520,508
47614,520,509
47615,520,510
47616,520,511
47617,520,512
47618,520,513
47619,520,514
47620,520,515
47621,520,516
47622,520,517
47623,520,518
47624,520,519
47625,520,520
47626,520,521
47627,520,522
47628,520,523
47629,520,524
47630,520,525
47631,520,526
47632,520,527
47633,520,528
47634,520,529
47635,520,530
47636,520,531
47637,520,532
47638,520,533
47639,520,534
47640,520,535
47641,520,536
47642,520,537
47643,520,538
47644,520,539
47645,520,540
47646,520,541
47647,520,542
47648,520,543
47649,520,544
47650,520,545
47651,520,546
47652,520,547
47653,520,548
47654,520,549
47655,520,550
47656,520,551
47657,520,552
47658,520,553
47659,520,554
47660,520,555
47661,520,556
47662,520,557
47663,520,558
47664,520,559
47665,520,560
47666,520,561
47667,520,562
47668,520,563
47669,520,564
47670,520,565
47671,520,566
47672,520,567
47673,520,568
47674,520,569
47675,520,570
47676,520,571
47677,520,572
47678,520,573
47679,520,574
47680,520,575
47681,520,576
47682,520,577
47683,520,578
47684,520,579
47685,520,580
47686,520,581
47687,520,582
47688,520,583
47689,520,584
47690,520,585
47691,520,586
47692,520,587
47693,520,588
47694,520,589
47695,520,590
47696,520,591
47697,520,592
47698,520,593
47699,520,594
47700,520,595
47701,520,596
47702,520,597
47703,520,598
47704,520,599
47705,520,600
47706,520,601
47707,520,602
47708,520,603
47709,520,604
47710,520,605
47711,520,606
47712,520,607
47713,520,608
47714,520,609
47715,520,610
47716,520,611
47717,520,612
47718,520,613
47719,520,614
47720,520,615
47721,520,616
47722,521,418
47723,521,419
47724,521,420
47725,521,421
47726,521,422
47727,521,423
47728,521,424
47729,521,425
47730,521,426
47731,521,427
47732,521,428
47733,521,429
47734,521,430
47735,521,431
47736,521,432
47737,521,433
47738,521,434
47739,521,435
47740,521,436
47741,521,437
47742,521,438
47743,521,439
47744,521,440
47745,521,441
47746,521,442
47747,521,443
47748,521,444
47749,521,445
47750,521,446
47751,521,447
47752,521,448
47753,521,449
47754,521,450
47755,521,451
47756,521,452
47757,521,453
47758,521,454
47759,521,455
47760,521,456
47761,521,457
47762,521,458
47763,521,459
47764,521,460
47765,521,461
47766,521,462
47767,521,463
47768,521,464
47769,521,465
47770,521,466
47771,521,467
47772,521,468
47773,521,469
47774,521,470
47775,521,471
47776,521,472
47777,521,473
47778,521,474
47779,521,475
47780,521,476
47781,521,477
47782,521,478
47783,521,479
47784,521,480
47785,521,481
47786,521,482
47787,521,483
47788,521,484
47789,521,485
47790,521,486
47791,521,487
47792,521,488
47793,521,489
47794,521,490
47795,521,491
47796,521,492
47797,521,493
47798,521,494
47799,521,495
47800,521,496
47801,521,497
47802,521,498
47803,521,499
47804,521,500
47805,521,501
47806,521,502
47807,521,503
47808,521,504
47809,521,505
47810,521,506
47811,521,507
47812,521,508
47813,521,509
47814,521,510
47815,521,511
47816,521,512
47817,521,513
47818,521,514
47819,521,515
47820,521,516
47821,521,517
47822,521,518
47823,521,519
47824,521,520
47825,521,521
47826,521,522
47827,521,523
47828,521,524
47829,521,525
47830,521,526
47831,521,527
47832,521,528
47833,521,529
47834,521,530
47835,521,531
47836,521,532
47837,521,533
47838,521,534
47839,521,535
47840,521,536
47841,521,537
47842,521,538
47843,521,539
47844,521,540
47845,521,541
47846,521,542
47847,521,543
47848,521,544
47849,521,545
47850,521,546
47851,521,547
47852,521,548
47853,521,549
47854,521,550
47855,521,551
47856,521,552
47857,521,553
47858,521,554
47859,521,555
47860,521,556
47861,521,557
47862,521,558
47863,521,559
47864,521,560
47865,521,561
47866,521,562
47867,521,563
47868,521,564
47869,521,565
47870,521,566
47871,521,567
47872,521,568
47873,521,569
47874,521,570
47875,521,571
47876,521,572
47877,521,573
47878,521,574
47879,521,575
47880,521,576
47881,521,577
47882,521,578
47883,521,579
47884,521,580
47885,521,581
47886,521,582
47887,521,583
47888,521,584
47889,521,585
47890,521,586
47891,521,587
47892,521,588
47893,521,589
47894,521,590
47895,521,591
47896,521,592
47897,521,593
47898,521,594
47899,521,595
47900,521,596
47901,521,597
47902,521,598
47903,521,599
47904,521,600
47905,521,601
47906,521,602
47907,521,603
47908,521,604
47909,521,605
47910,521,606
47911,521,607
47912,521,608
47913,521,609
47914,521,610
47915,521,611
47916,521,612
47917,521,613
47918,521,614
47919,521,615
47920,521,616
47921,521,617
47922,522,418
47923,522,419
47924,522,420
47925,522,421
47926,522,422
47927,522,423
47928,522,424
47929,522,425
47930,522,426
47931,522,427
47932,522,428
47933,522,429
47934,522,430
47935,522,431
47936,522,432
47937,522,433
47938,522,434
47939,522,435
47940,522,436
47941,522,437
47942,522,438
47943,522,439
47944,522,440
47945,522,441
47946,522,442
47947,522,443
47948,522,444
47949,522,445
47950,522,446
47951,522,447
47952,522,448
47953,522,449
47954,522,450
47955,522,451
47956,522,452
47957,522,453
47958,522,454
47959,522,455
47960,522,456
47961,522,457
47962,522,458
47963,522,459
47964,522,460
47965,522,461
47966,522,462
47967,522,463
47968,522,464
47969,522,465
47970,522,466
47971,522,467
47972,522,468
47973,522,469
47974,522,470
47975,522,471
47976,522,472
47977,522,473
47978,522,474
47979,522,475
47980,522,476
47981,522,477
47982,522,478
47983,522,479
47984,522,480
47985,522,481
47986,522,482
47987,522,483
47988,522,484
47989,522,485
47990,522,486
47991,522,487
47992,522,488
47993,522,489
47994,522,490
47995,522,491
47996,522,492
47997,522,493
47998,522,494
47999,522,495
48000,522,496
48001,522,497
48002,522,498
48003,522,499
48004,522,500
48005,522,501
48006,522,502
48007,522,503
48008,522,504
48009,522,505
48010,522,506
48011,522,507
48012,522,508
48013,522,509
48014,522,510
48015,522,511
48016,522,512
48017,522,513
48018,522,514
48019,522,515
48020,522,516
48021,522,517
48022,522,518
48023,522,519
48024,522,520
48025,522,521
48026,522,522
48027,522,523
48028,522,524
48029,522,525
48030,522,526
48031,522,527
48032,522,528
48033,522,529
48034,522,530
48035,522,531
48036,522,532
48037,522,533
48038,522,534
48039,522,535
48040,522,536
48041,522,537
48042,522,538
48043,522,539
48044,522,540
48045,522,541
48046,522,542
48047,522,543
48048,522,544
48049,522,545
48050,522,546
48051,522,547
48052,522,548
48053,522,549
48054,522,550
48055,522,551
48056,522,552
48057,522,553
48058,522,554
48059,522,555
48060,522,556
48061,522,557
48062,522,558
48063,522,559
48064,522,560
48065,522,561
48066,522,562
48067,522,563
48068,522,564
48069,522,565
48070,522,566
48071,522,567
48072,522,568
48073,522,569
48074,522,570
48075,522,571
48076,522,572
48077,522,573
48078,522,574
48079,522,575
48080,522,576
48081,522,577
48082,522,578
48083,522,579
48084,522,580
48085,522,581
48086,522,582
48087,522,583
48088,522,584
48089,522,585
48090,522,586
48091,522,587
48092,522,588
48093,522,589
48094,522,590
48095,522,591
48096,522,592
48097,522,593
48098,522,594
48099,522,595
48100,522,596
48101,522,597
48102,522,598
48103,522,599
48104,522,600
48105,522,601
48106,522,602
48107,522,603
48108,522,604
48109,522,605
48110,522,606
48111,522,607
48112,522,608
48113,522,609
48114,522,610
48115,522,611
48116,522,612
48117,522,613
48118,522,614
48119,522,615
48120,522,616
48121,522,617
48122,523,419
48123,523,420
48124,523,421
48125,523,422
48126,523,423
48127,523,424
48128,523,425
48129,523,426
48130,523,427
48131,523,428
48132,523,429
48133,523,430
48134,523,431
48135,523,432
48136,523,433
48137,523,434
48138,523,435
48139,523,436
48140,523,437
48141,523,438
48142,523,439
48143,523,440
48144,523,441
48145,523,442
48146,523,443
48147,523,444
48148,523,445
48149,523,446
48150,523,447
48151,523,448
48152,523,449
48153,523,450
48154,523,451
48155,523,452
48156,523,453
48157,523,454
48158,523,455
48159,523,456
48160,523,457
48161,523,458
48162,523,459
48163,523,460
48164,523,461
48165,523,462
48166,523,463
48167,523,464
48168,523,465
48169,523,466
48170,523,467
48171,523,468
48172,523,469
48173,523,470
48174,523,471
48175,523,472
48176,523,473
48177,523,474
48178,523,475
48179,523,476
48180,523,477
48181,523,478
48182,523,479
48183,523,480
48184,523,481
48185,523,482
48186,523,483
48187,523,484
48188,523,485
48189,523,486
48190,523,487
48191,523,488
48192,523,489
48193,523,490
48194,523,491
48195,523,492
48196,523,493
48197,523,494
48198,523,495
48199,523,496
48200,523,497
48201,523,498
48202,523,499
48203,523,500
48204,523,501
48205,523,502
48206,523,503
48207,523,504
48208,523,505
48209,523,506
48210,523,507
48211,523,508
48212,523,509
48213,523,510
48214,523,511
48215,523,512
48216,523,513
48217,523,514
48218,523,515
48219,523,516
48220,523,517
48221,523,518
48222,523,519
48223,523,520
48224,523,521
48225,523,522
48226,523,523
48227,523,524
48228,523,525
48229,523,526
48230,523,527
48231,523,528
48232,523,529
48233,523,530
48234,523,531
48235,523,532
48236,523,533
48237,523,534
48238,523,535
48239,523,536
48240,523,537
48241,523,538
48242,523,539
48243,523,540
48244,523,541
48245,523,542
48246,523,543
48247,523,544
48248,523,545
48249,523,546
48250,523,547
48251,523,548
48252,523,549
48253,523,550
48254,523,551
48255,523,552
48256,523,553
48257,523,554
48258,523,555
48259,523,556
48260,523,557
48261,523,558
48262,523,559
48263,523,560
48264,523,561
48265,523,562
48266,523,563
48267,523,564
48268,523,565
48269,523,566
48270,523,567
48271,523,568
48272,523,569
48273,523,570
48274,523,571
48275,523,572
48276,523,573
48277,523,574
48278,523,575
48279,523,576
48280,523,577
48281,523,578
48282,523,579
48283,523,580
48284,523,581
48285,523,582
48286,523,583
48287,523,584
48288,523,585
48289,523,586
48290,523,587
48291,523,588
48292,523,589
48293,523,590
48294,523,591
48295,523,592
48296,523,593
48297,523,594
48298,523,595
48299,523,596
48300,523,597
48301,523,598
48302,523,599
48303,523,600
48304,523,601
48305,523,602
48306,523,603
48307,523,604
48308,523,605
48309,523,606
48310,523,607
48311,523,608
48312,523,609
48313,523,610
48314,523,611
48315,523,612
48316,523,613
48317,523,614
48318,523,615
48319,523,616
48320,523,617
48321,523,618
48322,524,420
48323,524,421
48324,524,422
48325,524,423
48326,524,424
48327,524,425
48328,524,426
48329,524,427
48330,524,428
48331,524,429
48332,524,430
48333,524,431
48334,524,432
48335,524,433
48336,524,434
48337,524,435
48338,524,436
48339,524,437
48340,524,438
48341,524,439
48342,524,440
48343,524,441
48344,524,442
48345,524,443
48346,524,444
48347,524,445
48348,524,446
48349,524,447
48350,524,448
48351,524,449
48352,524,450
48353,524,451
48354,524,452
48355,524,453
48356,524,454
48357,524,455
48358,524,456
48359,524,457
48360,524,458
48361,524,459
48362,524,460
48363,524,461
48364,524,462
48365,524,463
48366,524,464
48367,524,465
48368,524,466
48369,524,467
48370,524,468
48371,524,469
48372,524,470
48373,524,471
48374,524,472
48375,524,473
48376,524,474
48377,524,475
48378,524,476
48379,524,477
48380,524,478
48381,524,479
48382,524,480
48383,524,481
48384,524,482
48385,524,483
48386,524,484
48387,524,485
48388,524,486
48389,524,487
48390,524,488
48391,524,489
48392,524,490
48393,524,491
48394,524,492
48395,524,493
48396,524,494
48397,524,495
48398,524,496
48399,524,497
48400,524,498
48401,524,499
48402,524,500
48403,524,501
48404,524,502
48405,524,503
48406,524,504
48407,524,505
48408,524,506
48409,524,507
48410,524,508
48411,524,509
48412,524,510
48413,524,511
48414,524,512
48415,524,513
48416,524,514
48417,524,515
48418,524,516
48419,524,517
48420,524,518
48421,524,519
48422,524,520
48423,524,521
48424,524,522
48425,524,523
48426,524,524
48427,524,525
48428,524,526
48429,524,527
48430,524,528
48431,524,529
48432,524,530
48433,524,531
48434,524,532
48435,524,533
48436,524,534
48437,524,535
48438,524,536
48439,524,537
48440,524,538
48441,524,539
48442,524,540
48443,524,541
48444,524,542
48445,524,543
48446,524,544
48447,524,545
48448,524,546
48449,524,547
48450,524,548
48451,524,549
48452,524,550
48453,524,551
48454,524,552
48455,524,553
48456,524,554
48457,524,555
48458,524,556
48459,524,557
48460,524,558
48461,524,559
48462,524,560
48463,524,561
48464,524,562
48465,524,563
48466,524,564
48467,524,565
48468,524,566
48469,524,567
48470,524,568
48471,524,569
48472,524,570
48473,524,571
48474,524,572
48475,524,573
48476,524,574
48477,524,575
48478,524,576
48479,524,577
48480,524,578
48481,524,579
48482,524,580
48483,524,581
48484,524,582
48485,524,583
48486,524,584
48487,524,585
48488,524,586
48489,524,587
48490,524,588
48491,524,589
48492,524,590
48493,524,591
48494,524,592
48495,524,593
48496,524,594
48497,524,595
48498,524,596
48499,524,597
48500,524,598
48501,524,599
48502,524,600
48503,524,601
48504,524,602
48505,524,603
48506,524,604
48507,524,605
48508,524,606
48509,524,607
48510,524,608
48511,524,609
48512,524,610
48513,524,611
48514,524,612
48515,524,613
48516,524,614
48517,524,615
48518,524,616
48519,524,617
48520,524,618
48521,525,421
48522,525,422
48523,525,423
48524,525,424
48525,525,425
48526,525,426
48527,525,427
48528,525,428
48529,525,429
48530,525,430
48531,525,431
48532,525,432
48533,525,433
48534,525,434
48535,525,435
48536,525,436
48537,525,437
48538,525,438
48539,525,439
48540,525,440
48541,525,441
48542,525,442
48543,525,443
48544,525,444
48545,525,445
48546,525,446
48547,525,447
48548,525,448
48549,525,449
48550,525,450
48551,525,451
48552,525,452
48553,525,453
48554,525,454
48555,525,455
48556,525,456
48557,525,457
48558,525,458
48559,525,459
48560,525,460
48561,525,461
48562,525,462
48563,525,463
48564,525,464
48565,525,465
48566,525,466
48567,525,467
48568,525,468
48569,525,469
48570,525,470
48571,525,471
48572,525,472
48573,525,473
48574,525,474
48575,525,475
48576,525,476
48577,525,477
48578,525,478
48579,525,479
48580,525,480
48581,525,481
48582,525,482
48583,525,483
48584,525,484
48585,525,485
48586,525,486
48587,525,487
48588,525,488
48589,525,489
48590,525,490
48591,525,491
48592,525,492
48593,525,493
48594,525,494
48595,525,495
48596,525,496
48597,525,497
48598,525,498
48599,525,499
48600,525,500
48601,525,501
48602,525,502
48603,525,503
48604,525,504
48605,525,505
48606,525,506
48607,525,507
48608,525,508
48609,525,509
48610,525,510
48611,525,511
48612,525,512
48613,525,513
48614,525,514
48615,525,515
48616,525,516
48617,525,517
48618,525,518
48619,525,519
48620,525,520
48621,525,521
48622,525,522
48623,525,523
48624,525,524
48625,525,525
48626,525,526
48627,525,527
48628,525,528
48629,525,529
48630,525,530
48631,525,531
48632,525,532
48633,525,533
48634,525,534
48635,525,535
48636,525,536
48637,525,537
48638,525,538
48639,525,539
48640,525,540
48641,525,541
48642,525,542
48643,525,543
48644,525,544
48645,525,545
48646,525,546
48647,525,547
48648,525,548
48649,525,549
48650,525,550
48651,525,551
48652,525,552
48653,525,553
48654,525,554
48655,525,555
48656,525,556
48657,525,557
48658,525,558
48659,525,559
48660,525,560
48661,525,561
48662,525,562
48663,525,563
48664,525,564
48665,525,565
48666,525,566
48667,525,567
48668,525,568
48669,525,569
48670,525,570
48671,525,571
48672,525,572
48673,525,573
48674,525,574
48675,525,575
48676,525,576
48677,525,577
48678,525,578
48679,525,579
48680,525,580
48681,525,581
48682,525,582
48683,525,583
48684,525,584
48685,525,585
48686,525,586
48687,525,587
48688,525,588
48689,525,589
48690,525,590
48691,525,591
48692,525,592
48693,525,593
48694,525,594
48695,525,595
48696,525,596
48697,525,597
48698,525,598
48699,525,599
48700,525,600
48701,525,601
48702,525,602
48703,525,603
48704,525,604
48705,525,605
48706,525,606
48707,525,607
48708,525,608
48709,525,609
48710,525,610
48711,525,611
48712,525,612
48713,525,613
48714,525,614
48715,525,615
48716,525,616
48717,525,617
48718,525,618
48719,525,619
48720,526,423
48721,526,424
48722,526,425
48723,526,426
48724,526,427
48725,526,428
48726,526,429
48727,526,430
48728,526,431
48729,526,432
48730,526,433
48731,526,434
48732,526,435
48733,526,436
48734,526,437
48735,526,438
48736,526,439
48737,526,440
48738,526,441
48739,526,442
48740,526,443
48741,526,444
48742,526,445
48743,526,446
48744,526,447
48745,526,448
48746,526,449
48747,526,450
48748,526,451
48749,526,452
48750,526,453
48751,526,454
48752,526,455
48753,526,456
48754,526,457
48755,526,458
48756,526,459
48757,526,460
48758,526,461
48759,526,462
48760,526,463
48761,526,464
48762,526,465
48763,526,466
48764,526,467
48765,526,468
48766,526,469
48767,526,470
48768,526,471
48769,526,472
48770,526,473
48771,526,474
48772,526,475
48773,526,476
48774,526,477
48775,526,478
48776,526,479
48777,526,480
48778,526,481
48779,526,482
48780,526,483
48781,526,484
48782,526,485
48783,526,486
48784,526,487
48785,526,488
48786,526,489
48787,526,490
48788,526,491
48789,526,492
48790,526,493
48791,526,494
48792,526,495
48793,526,496
48794,526,497
48795,526,498
48796,526,499
48797,526,500
48798,526,501
48799,526,502
48800,526,503
48801,526,504
48802,526,505
48803,526,506
48804,526,507
48805,526,508
48806,526,509
48807,526,510
48808,526,511
48809,526,512
48810,526,513
48811,526,514
48812,526,515
48813,526,516
48814,526,517
48815,526,518
48816,526,519
48817,526,520
48818,526,521
48819,526,522
48820,526,523
48821,526,524
48822,526,525
48823,526,526
48824,526,527
48825,526,528
48826,526,529
48827,526,530
48828,526,531
48829,526,532
48830,526,533
48831,526,534
48832,526,535
48833,526,536
48834,526,537
48835,526,538
48836,526,539
48837,526,540
48838,526,541
48839,526,542
48840,526,543
48841,526,544
48842,526,545
48843,526,546
48844,526,547
48845,526,548
48846,526,549
48847,526,550
48848,526,551
48849,526,552
48850,526,553
48851,526,554
48852,526,555
48853,526,556
48854,526,557
48855,526,558
48856,526,559
48857,526,560
48858,526,561
48859,526,562
48860,526,563
48861,526,564
48862,526,565
48863,526,566
48864,526,567
48865,526,568
48866,526,569
48867,526,570
48868,526,571
48869,526,572
48870,526,573
48871,526,574
48872,526,575
48873,526,576
48874,526,577
48875,526,578
48876,526,579
48877,526,580
48878,526,581
48879,526,582
48880,526,583
48881,526,584
48882,526,585
48883,526,586
48884,526,587
48885,526,588
48886,526,589
48887,526,590
48888,526,591
48889,526,592
48890,526,593
48891,526,594
48892,526,595
48893,526,596
48894,526,597
48895,526,598
48896,526,599
48897,526,600
48898,526,601
48899,526,602
48900,526,603
48901,526,604
48902,526,605
48903,526,606
48904,526,607
48905,526,608
48906,526,609
48907,526,610
48908,526,611
48909,526,612
48910,526,613
48911,526,614
48912,526,615
48913,526,616
48914,526,617
48915,526,618
48916,526,619
48917,527,434
48918,527,435
48919,527,436
48920,527,437
48921,527,438
48922,527,439
48923,527,450
48924,527,451
48925,527,452
48926,527,453
48927,527,454
48928,527,455
48929,527,456
48930,527,457
48931,527,458
48932,527,459
48933,527,460
48934,527,461
48935,527,462
48936,527,463
48937,527,464
48938,527,465
48939,527,466
48940,527,467
48941,527,468
48942,527,469
48943,527,470
48944,527,471
48945,527,472
48946,527,473
48947,527,474
48948,527,475
48949,527,476
48950,527,477
48951,527,478
48952,527,479
48953,527,480
48954,527,481
48955,527,482
48956,527,483
48957,527,484
48958,527,485
48959,527,486
48960,527,487
48961,527,488
48962,527,489
48963,527,490
48964,527,491
48965,527,492
48966,527,493
48967,527,494
48968,527,495
48969,527,496
48970,527,497
48971,527,498
48972,527,499
48973,527,500
48974,527,501
48975,527,502
48976,527,503
48977,527,504
48978,527,505
48979,527,506
48980,527,507
48981,527,508
48982,527,509
48983,527,510
48984,527,511
48985,527,512
48986,527,513
48987,527,514
48988,527,515
48989,527,516
48990,527,517
48991,527,518
48992,527,519
48993,527,520
48994,527,521
48995,527,522
48996,527,523
48997,527,524
48998,527,525
48999,527,526
49000,527,527
49001,527,528
49002,527,529
49003,527,530
49004,527,531
49005,527,532
49006,527,533
49007,527,534
49008,527,535
49009,527,536
49010,527,537
49011,527,538
49012,527,539
49013,527,540
49014,527,541
49015,527,542
49016,527,543
49017,527,544
49018,527,545
49019,527,546
49020,527,547
49021,527,548
49022,527,549
49023,527,550
49024,527,551
49025,527,552
49026,527,553
49027,527,554
49028,527,555
49029,527,556
49030,527,557
49031,527,558
49032,527,559
49033,527,560
49034,527,561
49035,527,562
49036,527,563
49037,527,564
49038,527,565
49039,527,566
49040,527,567
49041,527,568
49042,527,569
49043,527,570
49044,527,571
49045,527,572
49046,527,573
49047,527,574
49048,527,575
49049,527,576
49050,527,577
49051,527,578
49052,527,579
49053,527,580
49054,527,581
49055,527,582
49056,527,583
49057,527,584
49058,527,585
49059,527,586
49060,527,587
49061,527,588
49062,527,589
49063,527,590
49064,527,591
49065,527,592
49066,527,593
49067,527,594
49068,527,595
49069,527,596
49070,527,597
49071,527,598
49072,527,599
49073,527,600
49074,527,601
49075,527,602
49076,527,603
49077,527,604
49078,527,605
49079,527,606
49080,527,607
49081,527,608
49082,527,609
49083,527,610
49084,527,611
49085,527,612
49086,527,613
49087,527,614
49088,527,615
49089,527,616
49090,527,617
49091,527,618
49092,527,619
49093,528,452
49094,528,453
49095,528,454
49096,528,455
49097,528,456
49098,528,457
49099,528,458
49100,528,459
49101,528,460
49102,528,461
49103,528,462
49104,528,463
49105,528,464
49106,528,465
49107,528,466
49108,528,467
49109,528,468
49110,528,469
49111,528,470
49112,528,471
49113,528,472
49114,528,473
49115,528,474
49116,528,475
49117,528,476
49118,528,477
49119,528,478
49120,528,479
49121,528,480
49122,528,481
49123,528,482
49124,528,483
49125,528,484
49126,528,485
49127,528,486
49128,528,487
49129,528,488
49130,528,489
49131,528,490
49132,528,491
49133,528,492
49134,528,493
49135,528,494
49136,528,495
49137,528,496
49138,528,497
49139,528,498
49140,528,499
49141,528,500
49142,528,501
49143,528,502
49144,528,503
49145,528,504
49146,528,505
49147,528,506
49148,528,507
49149,528,508
49150,528,509
49151,528,510
49152,528,511
49153,528,512
49154,528,513
49155,528,514
49156,528,515
49157,528,516
49158,528,517
49159,528,518
49160,528,519
49161,528,520
49162,528,521
49163,528,522
49164,528,523
49165,528,524
49166,528,525
49167,528,526
49168,528,527
49169,528,528
49170,528,529
49171,528,530
49172,528,531
49173,528,532
49174,528,533
49175,528,534
49176,528,535
49177,528,536
49178,528,537
49179,528,538
49180,528,539
49181,528,540
49182,528,541
49183,528,542
49184,528,543
49185,528,544
49186,528,545
49187,528,546
49188,528,547
49189,528,548
49190,528,549
49191,528,550
49192,528,551
49193,528,552
49194,528,553
49195,528,554
49196,528,555
49197,528,556
49198,528,557
49199,528,558
49200,528,559
49201,528,560
49202,528,561
49203,528,562
49204,528,563
49205,528,564
49206,528,565
49207,528,566
49208,528,567
49209,528,568
49210,528,569
49211,528,570
49212,528,571
49213,528,572
49214,528,573
49215,528,574
49216,528,575
49217,528,576
49218,528,577
49219,528,578
49220,528,579
49221,528,580
49222,528,581
49223,528,582
49224,528,583
49225,528,584
49226,528,585
49227,528,586
49228,528,587
49229,528,588
49230,528,589
49231,528,590
49232,528,591
49233,528,592
49234,528,593
49235,528,594
49236,528,595
49237,528,596
49238,528,597
49239,528,598
49240,528,599
49241,528,600
49242,528,601
49243,528,602
49244,528,603
49245,528,604
49246,528,605
49247,528,606
49248,528,607
49249,528,608
49250,528,609
49251,528,610
49252,528,611
49253,528,612
49254,528,613
49255,528,614
49256,528,615
49257,528,616
49258,528,617
49259,528,618
49260,528,619
49261,528,620
49262,529,453
49263,529,454
49264,529,455
49265,529,456
49266,529,457
49267,529,458
49268,529,459
49269,529,460
49270,529,461
49271,529,462
49272,529,463
49273,529,464
49274,529,465
49275,529,466
49276,529,467
49277,529,468
49278,529,469
49279,529,470
49280,529,471
49281,529,472
49282,529,473
49283,529,474
49284,529,475
49285,529,476
49286,529,477
49287,529,478
49288,529,479
49289,529,480
49290,529,481
49291,529,482
49292,529,483
49293,529,484
49294,529,485
49295,529,486
49296,529,487
49297,529,488
49298,529,489
49299,529,490
49300,529,491
49301,529,492
49302,529,493
49303,529,494
49304,529,495
49305,529,496
49306,529,497
49307,529,498
49308,529,499
49309,529,500
49310,529,501
49311,529,502
49312,529,503
49313,529,504
49314,529,505
49315,529,506
49316,529,507
49317,529,508
49318,529,509
49319,529,510
49320,529,511
49321,529,512
49322,529,513
49323,529,514
49324,529,515
49325,529,516
49326,529,517
49327,529,518
49328,529,519
49329,529,520
49330,529,521
49331,529,522
49332,529,523
49333,529,524
49334,529,525
49335,529,526
49336,529,527
49337,529,528
49338,529,529
49339,529,530
49340,529,531
49341,529,532
49342,529,533
49343,529,534
49344,529,535
49345,529,536
49346,529,537
49347,529,538
49348,529,539
49349,529,540
49350,529,541
49351,529,542
49352,529,543
49353,529,544
49354,529,545
49355,529,546
49356,529,547
49357,529,548
49358,529,549
49359,529,550
49360,529,551
49361,529,552
49362,529,553
49363,529,554
49364,529,555
49365,529,556
49366,529,557
49367,529,558
49368,529,559
49369,529,560
49370,529,561
49371,529,562
49372,529,563
49373,529,564
49374,529,565
49375,529,566
49376,529,567
49377,529,568
49378,529,569
49379,529,570
49380,529,571
49381,529,572
49382,529,573
49383,529,574
49384,529,575
49385,529,576
49386,529,577
49387,529,578
49388,529,579
49389,529,580
49390,529,581
49391,529,582
49392,529,583
49393,529,584
49394,529,585
49395,529,586
49396,529,587
49397,529,588
49398,529,589
49399,529,590
49400,529,591
49401,529,592
49402,529,593
49403,529,594
49404,529,595
49405,529,596
49406,529,597
49407,529,598
49408,529,599
49409,529,600
49410,529,601
49411,529,602
49412,529,603
49413,529,604
49414,529,605
49415,529,606
49416,529,607
49417,529,608
49418,529,609
49419,529,610
49420,529,611
49421,529,612
49422,529,613
49423,529,614
49424,529,615
49425,529,616
49426,529,617
49427,529,618
49428,529,619
49429,529,620
49430,530,454
49431,530,455
49432,530,456
49433,530,457
49434,530,458
49435,530,459
49436,530,460
49437,530,461
49438,530,462
49439,530,463
49440,530,464
49441,530,465
49442,530,466
49443,530,467
49444,530,468
49445,530,469
49446,530,470
49447,530,471
49448,530,472
49449,530,473
49450,530,474
49451,530,475
49452,530,476
49453,530,477
49454,530,478
49455,530,479
49456,530,480
49457,530,481
49458,530,482
49459,530,483
49460,530,484
49461,530,485
49462,530,486
49463,530,487
49464,530,488
49465,530,489
49466,530,490
49467,530,491
49468,530,492
49469,530,493
49470,530,494
49471,530,495
49472,530,496
49473,530,497
49474,530,498
49475,530,499
49476,530,500
49477,530,501
49478,530,502
49479,530,503
49480,530,504
49481,530,505
49482,530,506
49483,530,507
49484,530,508
49485,530,509
49486,530,510
49487,530,511
49488,530,512
49489,530,513
49490,530,514
49491,530,515
49492,530,516
49493,530,517
49494,530,518
49495,530,519
49496,530,520
49497,530,521
49498,530,522
49499,530,523
49500,530,524
49501,530,525
49502,530,526
49503,530,527
49504,530,528
49505,530,529
49506,530,530
49507,530,531
49508,530,532
49509,530,533
49510,530,534
49511,530,535
49512,530,536
49513,530,537
49514,530,538
49515,530,539
49516,530,540
49517,530,541
49518,530,542
49519,530,543
49520,530,544
49521,530,545
49522,530,546
49523,530,547
49524,530,548
49525,530,549
49526,530,550
49527,530,551
49528,530,552
49529,530,553
49530,530,554
49531,530,555
49532,530,556
49533,530,557
49534,530,558
49535,530,559
49536,530,560
49537,530,561
49538,530,562
49539,530,563
49540,530,564
49541,530,565
49542,530,566
49543,530,567
49544,530,568
49545,530,569
49546,530,570
49547,530,571
49548,530,572
49549,530,573
49550,530,574
49551,530,575
49552,530,576
49553,530,577
49554,530,578
49555,530,579
49556,530,580
49557,530,581
49558,530,582
49559,530,583
49560,530,584
49561,530,585
49562,530,586
49563,530,587
49564,530,588
49565,530,589
49566,530,590
49567,530,591
49568,530,592
49569,530,593
49570,530,594
49571,530,595
49572,530,596
49573,530,597
49574,530,598
49575,530,599
49576,530,600
49577,530,601
49578,530,602
49579,530,603
49580,530,604
49581,530,605
49582,530,606
49583,530,607
49584,530,608
49585,530,609
49586,530,610
49587,530,611
49588,530,612
49589,530,613
49590,530,614
49591,530,615
49592,530,616
49593,530,617
49594,530,618
49595,530,619
49596,530,620
49597,530,621
49598,531,455
49599,531,456
49600,531,457
49601,531,458
49602,531,459
49603,531,460
49604,531,461
49605,531,462
49606,531,463
49607,531,464
49608,531,465
49609,531,466
49610,531,467
49611,531,468
49612,531,469
49613,531,470
49614,531,471
49615,531,472
49616,531,473
49617,531,474
49618,531,475
49619,531,476
49620,531,477
49621,531,478
49622,531,479
49623,531,480
49624,531,481
49625,531,482
49626,531,483
49627,531,484
49628,531,485
49629,531,486
49630,531,487
49631,531,488
49632,531,489
49633,531,490
49634,531,491
49635,531,492
49636,531,493
49637,531,494
49638,531,495
49639,531,496
49640,531,497
49641,531,498
49642,531,499
49643,531,500
49644,531,501
49645,531,502
49646,531,503
49647,531,504
49648,531,505
49649,531,506
49650,531,507
49651,531,508
49652,531,509
49653,531,510
49654,531,511
49655,531,512
49656,531,513
49657,531,514
49658,531,515
49659,531,516
49660,531,517
49661,531,518
49662,531,519
49663,531,520
49664,531,521
49665,531,522
49666,531,523
49667,531,524
49668,531,525
49669,531,526
49670,531,527
49671,531,528
49672,531,529
49673,531,530
49674,531,531
49675,531,532
49676,531,533
49677,531,534
49678,531,535
49679,531,536
49680,531,537
49681,531,538
49682,531,539
49683,531,540
49684,531,541
49685,531,542
49686,531,543
49687,531,544
49688,531,545
49689,531,546
49690,531,547
49691,531,548
49692,531,549
49693,531,550
49694,531,551
49695,531,552
49696,531,553
49697,531,554
49698,531,555
49699,531,556
49700,531,557
49701,531,558
49702,531,559
49703,531,560
49704,531,561
49705,531,562
49706,531,563
49707,531,564
49708,531,565
49709,531,566
49710,531,567
49711,531,568
49712,531,569
49713,531,570
49714,531,571
49715,531,572
49716,531,573
49717,531,574
49718,531,575
49719,531,576
49720,531,577
49721,531,578
49722,531,579
49723,531,580
49724,531,581
49725,531,582
49726,531,583
49727,531,584
49728,531,585
49729,531,586
49730,531,587
49731,531,588
49732,531,589
49733,531,590
49734,531,591
49735,531,592
49736,531,593
49737,531,594
49738,531,595
49739,531,596
49740,531,597
49741,531,598
49742,531,599
49743,531,600
49744,531,601
49745,531,602
49746,531,603
49747,531,604
49748,531,605
49749,531,606
49750,531,607
49751,531,608
49752,531,609
49753,531,610
49754,531,611
49755,531,612
49756,531,613
49757,531,614
49758,531,615
49759,531,616
49760,531,617
49761,531,618
49762,531,619
49763,531,620
49764,531,621
49765,531,622
49766,532,456
49767,532,457
49768,532,458
49769,532,459
49770,532,460
49771,532,461
49772,532,462
49773,532,463
49774,532,464
49775,532,465
49776,532,466
49777,532,467
49778,532,468
49779,532,469
49780,532,470
49781,532,471
49782,532,472
49783,532,473
49784,532,474
49785,532,475
49786,532,476
49787,532,477
49788,532,478
49789,532,479
49790,532,480
49791,532,481
49792,532,482
49793,532,483
49794,532,484
49795,532,485
49796,532,486
49797,532,487
49798,532,488
49799,532,489
49800,532,490
49801,532,491
49802,532,492
49803,532,493
49804,532,494
49805,532,495
49806,532,496
49807,532,497
49808,532,498
49809,532,499
49810,532,500
49811,532,501
49812,532,502
49813,532,503
49814,532,504
49815,532,505
49816,532,506
49817,532,507
49818,532,508
49819,532,509
49820,532,510
49821,532,511
49822,532,512
49823,532,513
49824,532,514
49825,532,515
49826,532,516
49827,532,517
49828,532,518
49829,532,519
49830,532,520
49831,532,521
49832,532,522
49833,532,523
49834,532,524
49835,532,525
49836,532,526
49837,532,527
49838,532,528
49839,532,529
49840,532,530
49841,532,531
49842,532,532
49843,532,533
49844,532,534
49845,532,535
49846,532,536
49847,532,537
49848,532,538
49849,532,539
49850,532,540
49851,532,541
49852,532,542
49853,532,543
49854,532,544
49855,532,545
49856,532,546
49857,532,547
49858,532,548
49859,532,549
49860,532,550
49861,532,551
49862,532,552
49863,532,553
49864,532,554
49865,532,555
49866,532,556
49867,532,557
49868,532,558
49869,532,559
49870,532,560
49871,532,561
49872,532,562
49873,532,563
49874,532,564
49875,532,565
49876,532,566
49877,532,567
49878,532,568
49879,532,569
49880,532,570
49881,532,571
49882,532,572
49883,532,573
49884,532,574
49885,532,575
49886,532,576
49887,532,577
49888,532,578
49889,532,579
49890,532,580
49891,532,581
49892,532,582
49893,532,583
49894,532,584
49895,532,585
49896,532,586
49897,532,587
49898,532,588
49899,532,589
49900,532,590
49901,532,591
49902,532,592
49903,532,593
49904,532,594
49905,532,595
49906,532,596
49907,532,597
49908,532,598
49909,532,599
49910,532,600
49911,532,601
49912,532,602
49913,532,603
49914,532,604
49915,532,605
49916,532,606
49917,532,607
49918,532,608
49919,532,609
49920,532,610
49921,532,611
49922,532,612
49923,532,613
49924,532,614
49925,532,615
49926,532,616
49927,532,617
49928,532,618
49929,532,619
49930,532,620
49931,532,621
49932,532,622
49933,532,623
49934,533,456
49935,533,457
49936,533,458
49937,533,459
49938,533,460
49939,533,461
49940,533,462
49941,533,463
49942,533,464
49943,533,465
49944,533,466
49945,533,467
49946,533,468
49947,533,469
49948,533,470
49949,533,471
49950,533,472
49951,533,473
49952,533,474
49953,533,475
49954,533,476
49955,533,477
49956,533,478
49957,533,479
49958,533,480
49959,533,481
49960,533,482
49961,533,483
49962,533,484
49963,533,485
49964,533,486
49965,533,487
49966,533,488
49967,533,489
49968,533,490
49969,533,491
49970,533,492
49971,533,493
49972,533,494
49973,533,495
49974,533,496
49975,533,497
49976,533,498
49977,533,499
49978,533,500
49979,533,501
49980,533,502
49981,533,503
49982,533,504
49983,533,505
49984,533,506
49985,533,507
49986,533,508
49987,533,509
49988,533,510
49989,533,511
49990,533,512
49991,533,513
49992,533,514
49993,533,515
49994,533,516
49995,533,517
49996,533,518
49997,533,519
49998,533,520
49999,533,521
50000,533,522
50001,533,523
50002,533,524
50003,533,525
50004,533,526
50005,533,527
50006,533,528
50007,533,529
50008,533,530
50009,533,531
50010,533,532
50011,533,533
50012,533,534
50013,533,535
50014,533,536
50015,533,537
50016,533,538
50017,533,539
50018,533,540
50019,533,541
50020,533,542
50021,533,543
50022,533,544
50023,533,545
50024,533,546
50025,533,547
50026,533,548
50027,533,549
50028,533,550
50029,533,551
50030,533,552
50031,533,553
50032,533,554
50033,533,555
50034,533,556
50035,533,557
50036,533,558
50037,533,559
50038,533,560
50039,533,561
50040,533,562
50041,533,563
50042,533,564
50043,533,565
50044,533,566
50045,533,567
50046,533,568
50047,533,569
50048,533,570
50049,533,571
50050,533,572
50051,533,573
50052,533,574
50053,533,575
50054,533,576
50055,533,577
50056,533,578
50057,533,579
50058,533,580
50059,533,581
50060,533,582
50061,533,583
50062,533,584
50063,533,585
50064,533,586
50065,533,587
50066,533,588
50067,533,589
50068,533,590
50069,533,591
50070,533,592
50071,533,593
50072,533,594
50073,533,595
50074,533,596
50075,533,597
50076,533,598
50077,533,599
50078,533,600
50079,533,601
50080,533,602
50081,533,603
50082,533,604
50083,533,605
50084,533,606
50085,533,607
50086,533,608
50087,533,609
50088,533,610
50089,533,611
50090,533,612
50091,533,613
50092,533,614
50093,533,615
50094,533,616
50095,533,617
50096,533,618
50097,533,619
50098,533,620
50099,533,621
50100,533,622
50101,533,623
50102,533,624
50103,534,457
50104,534,458
50105,534,459
50106,534,460
50107,534,461
50108,534,462
50109,534,463
50110,534,464
50111,534,465
50112,534,466
50113,534,467
50114,534,468
50115,534,469
50116,534,470
50117,534,471
50118,534,472
50119,534,473
50120,534,474
50121,534,475
50122,534,476
50123,534,477
50124,534,478
50125,534,479
50126,534,480
50127,534,481
50128,534,482
50129,534,483
50130,534,484
50131,534,485
50132,534,486
50133,534,487
50134,534,488
50135,534,489
50136,534,490
50137,534,491
50138,534,492
50139,534,493
50140,534,494
50141,534,495
50142,534,496
50143,534,497
50144,534,498
50145,534,499
50146,534,500
50147,534,501
50148,534,502
50149,534,503
50150,534,504
50151,534,505
50152,534,506
50153,534,507
50154,534,508
50155,534,509
50156,534,510
50157,534,511
50158,534,512
50159,534,513
50160,534,514
50161,534,515
50162,534,516
50163,534,517
50164,534,518
50165,534,519
50166,534,520
50167,534,521
50168,534,522
50169,534,523
50170,534,524
50171,534,525
50172,534,526
50173,534,527
50174,534,528
50175,534,529
50176,534,530
50177,534,531
50178,534,532
50179,534,533
50180,534,534
50181,534,535
50182,534,536
50183,534,537
50184,534,538
50185,534,539
50186,534,540
50187,534,541
50188,534,542
50189,534,543
50190,534,544
50191,534,545
50192,534,546
50193,534,547
50194,534,548
50195,534,549
50196,534,550
50197,534,551
50198,534,552
50199,534,553
50200,534,554
50201,534,555
50202,534,556
50203,534,557
50204,534,558
50205,534,559
50206,534,560
50207,534,561
50208,534,562
50209,534,563
50210,534,564
50211,534,565
50212,534,566
50213,534,567
50214,534,568
50215,534,569
50216,534,570
50217,534,571
50218,534,572
50219,534,573
50220,534,574
50221,534,575
50222,534,576
50223,534,577
50224,534,578
50225,534,579
50226,534,580
50227,534,581
50228,534,582
50229,534,583
50230,534,584
50231,534,585
50232,534,586
50233,534,587
50234,534,588
50235,534,589
50236,534,590
50237,534,591
50238,534,592
50239,534,593
50240,534,594
50241,534,595
50242,534,596
50243,534,597
50244,534,598
50245,534,599
50246,534,600
50247,534,601
50248,534,602
50249,534,603
50250,534,604
50251,534,605
50252,534,606
50253,534,607
50254,534,608
50255,534,609
50256,534,610
50257,534,611
50258,534,612
50259,534,613
50260,534,614
50261,534,615
50262,534,616
50263,534,617
50264,534,618
50265,534,619
50266,534,620
50267,534,621
50268,534,622
50269,534,623
50270,534,624
50271,534,625
50272,535,459
50273,535,460
50274,535,461
50275,535,462
50276,535,463
50277,535,464
50278,535,465
50279,535,466
50280,535,467
50281,535,468
50282,535,469
50283,535,470
50284,535,471
50285,535,472
50286,535,473
50287,535,474
50288,535,475
50289,535,476
50290,535,477
50291,535,478
50292,535,479
50293,535,480
50294,535,481
50295,535,482
50296,535,483
50297,535,484
50298,535,485
50299,535,486
50300,535,487
50301,535,488
50302,535,489
50303,535,490
50304,535,491
50305,535,492
50306,535,493
50307,535,494
50308,535,495
50309,535,496
50310,535,497
50311,535,498
50312,535,499
50313,535,500
50314,535,501
50315,535,502
50316,535,503
50317,535,504
50318,535,505
50319,535,506
50320,535,507
50321,535,508
50322,535,509
50323,535,510
50324,535,511
50325,535,512
50326,535,513
50327,535,514
50328,535,515
50329,535,516
50330,535,517
50331,535,518
50332,535,519
50333,535,520
50334,535,521
50335,535,522
50336,535,523
50337,535,524
50338,535,525
50339,535,526
50340,535,527
50341,535,528
50342,535,529
50343,535,530
50344,535,531
50345,535,532
50346,535,533
50347,535,534
50348,535,535
50349,535,536
50350,535,537
50351,535,538
50352,535,539
50353,535,540
50354,535,541
50355,535,542
50356,535,543
50357,535,544
50358,535,545
50359,535,546
50360,535,547
50361,535,548
50362,535,549
50363,535,550
50364,535,551
50365,535,552
50366,535,553
50367,535,554
50368,535,555
50369,535,556
50370,535,557
50371,535,558
50372,535,559
50373,535,560
50374,535,561
50375,535,562
50376,535,563
50377,535,564
50378,535,565
50379,535,566
50380,535,567
50381,535,568
50382,535,569
50383,535,570
50384,535,571
50385,535,572
50386,535,573
50387,535,574
50388,535,575
50389,535,576
50390,535,577
50391,535,578
50392,535,579
50393,535,580
50394,535,581
50395,535,582
50396,535,583
50397,535,584
50398,535,585
50399,535,586
50400,535,587
50401,535,588
50402,535,589
50403,535,590
50404,535,591
50405,535,592
50406,535,593
50407,535,594
50408,535,595
50409,535,596
50410,535,597
50411,535,598
50412,535,599
50413,535,600
50414,535,601
50415,535,602
50416,535,603
50417,535,604
50418,535,605
50419,535,606
50420,535,607
50421,535,608
50422,535,609
50423,535,610
50424,535,611
50425,535,612
50426,535,613
50427,535,614
50428,535,615
50429,535,616
50430,535,617
50431,535,618
50432,535,619
50433,535,620
50434,535,621
50435,535,622
50436,535,623
50437,535,624
50438,535,625
50439,535,626
50440,536,461
50441,536,462
50442,536,463
50443,536,464
50444,536,465
50445,536,466
50446,536,467
50447,536,468
50448,536,469
50449,536,470
50450,536,471
50451,536,472
50452,536,473
50453,536,474
50454,536,475
50455,536,476
50456,536,477
50457,536,478
50458,536,479
50459,536,480
50460,536,481
50461,536,482
50462,536,483
50463,536,484
50464,536,485
50465,536,486
50466,536,487
50467,536,488
50468,536,489
50469,536,490
50470,536,491
50471,536,492
50472,536,493
50473,536,494
50474,536,495
50475,536,496
50476,536,497
50477,536,498
50478,536,499
50479,536,500
50480,536,501
50481,536,502
50482,536,503
50483,536,504
50484,536,505
50485,536,506
50486,536,507
50487,536,508
50488,536,509
50489,536,510
50490,536,511
50491,536,512
50492,536,513
50493,536,514
50494,536,515
50495,536,516
50496,536,517
50497,536,518
50498,536,519
50499,536,520
50500,536,521
50501,536,522
50502,536,523
50503,536,524
50504,536,525
50505,536,526
50506,536,527
50507,536,528
50508,536,529
50509,536,530
50510,536,531
50511,536,532
50512,536,533
50513,536,534
50514,536,535
50515,536,536
50516,536,537
50517,536,538
50518,536,539
50519,536,540
50520,536,541
50521,536,542
50522,536,543
50523,536,544
50524,536,545
50525,536,546
50526,536,547
50527,536,548
50528,536,549
50529,536,550
50530,536,551
50531,536,552
50532,536,553
50533,536,554
50534,536,555
50535,536,556
50536,536,557
50537,536,558
50538,536,559
50539,536,560
50540,536,561
50541,536,562
50542,536,563
50543,536,564
50544,536,565
50545,536,566
50546,536,567
50547,536,568
50548,536,569
50549,536,570
50550,536,571
50551,536,572
50552,536,573
50553,536,574
50554,536,575
50555,536,576
50556,536,577
50557,536,578
50558,536,579
50559,536,580
50560,536,581
50561,536,582
50562,536,583
50563,536,584
50564,536,585
50565,536,586
50566,536,587
50567,536,588
50568,536,589
50569,536,590
50570,536,591
50571,536,592
50572,536,593
50573,536,594
50574,536,595
50575,536,596
50576,536,597
50577,536,598
50578,536,599
50579,536,600
50580,536,601
50581,536,602
50582,536,603
50583,536,604
50584,536,605
50585,536,606
50586,536,607
50587,536,608
50588,536,609
50589,536,610
50590,536,611
50591,536,612
50592,536,613
50593,536,614
50594,536,615
50595,536,616
50596,536,617
50597,536,618
50598,536,619
50599,536,620
50600,536,621
50601,536,622
50602,536,623
50603,536,624
50604,536,625
50605,536,626
50606,537,462
50607,537,463
50608,537,464
50609,537,465
50610,537,466
50611,537,467
50612,537,468
50613,537,469
50614,537,470
50615,537,471
50616,537,472
50617,537,473
50618,537,474
50619,537,475
50620,537,476
50621,537,477
50622,537,478
50623,537,479
50624,537,480
50625,537,481
50626,537,482
50627,537,483
50628,537,484
50629,537,485
50630,537,486
50631,537,487
50632,537,488
50633,537,489
50634,537,490
50635,537,491
50636,537,492
50637,537,493
50638,537,494
50639,537,495
50640,537,496
50641,537,497
50642,537,498
50643,537,499
50644,537,500
50645,537,501
50646,537,502
50647,537,503
50648,537,504
50649,537,505
50650,537,506
50651,537,507
50652,537,508
50653,537,509
50654,537,510
50655,537,511
50656,537,512
50657,537,513
50658,537,514
50659,537,515
50660,537,516
50661,537,517
50662,537,518
50663,537,519
50664,537,520
50665,537,521
50666,537,522
50667,537,523
50668,537,524
50669,537,525
50670,537,526
50671,537,527
50672,537,528
50673,537,529
50674,537,530
50675,537,531
50676,537,532
50677,537,533
50678,537,534
50679,537,535
50680,537,536
50681,537,537
50682,537,538
50683,537,539
50684,537,540
50685,537,541
50686,537,542
50687,537,543
50688,537,544
50689,537,545
50690,537,546
50691,537,547
50692,537,548
50693,537,549
50694,537,550
50695,537,551
50696,537,552
50697,537,553
50698,537,554
50699,537,555
50700,537,556
50701,537,557
50702,537,558
50703,537,559
50704,537,560
50705,537,561
50706,537,562
50707,537,563
50708,537,564
50709,537,565
50710,537,566
50711,537,567
50712,537,568
50713,537,569
50714,537,570
50715,537,571
50716,537,572
50717,537,573
50718,537,574
50719,537,575
50720,537,576
50721,537,577
50722,537,578
50723,537,579
50724,537,580
50725,537,581
50726,537,582
50727,537,583
50728,537,584
50729,537,585
50730,537,586
50731,537,587
50732,537,588
50733,537,589
50734,537,590
50735,537,591
50736,537,592
50737,537,593
50738,537,594
50739,537,595
50740,537,596
50741,537,597
50742,537,598
50743,537,599
50744,537,600
50745,537,601
50746,537,602
50747,537,603
50748,537,604
50749,537,605
50750,537,606
50751,537,607
50752,537,608
50753,537,609
50754,537,610
50755,537,611
50756,537,612
50757,537,613
50758,537,614
50759,537,615
50760,537,616
50761,537,617
50762,537,618
50763,537,619
50764,537,620
50765,537,621
50766,537,622
50767,537,623
50768,537,624
50769,537,625
50770,537,626
50771,537,627
50772,538,464
50773,538,465
50774,538,466
50775,538,467
50776,538,468
50777,538,469
50778,538,470
50779,538,471
50780,538,472
50781,538,473
50782,538,474
50783,538,475
50784,538,476
50785,538,477
50786,538,478
50787,538,479
50788,538,480
50789,538,481
50790,538,482
50791,538,483
50792,538,484
50793,538,485
50794,538,486
50795,538,487
50796,538,488
50797,538,489
50798,538,490
50799,538,491
50800,538,492
50801,538,493
50802,538,494
50803,538,495
50804,538,496
50805,538,497
50806,538,498
50807,538,499
50808,538,500
50809,538,501
50810,538,502
50811,538,503
50812,538,504
50813,538,505
50814,538,506
50815,538,507
50816,538,508
50817,538,509
50818,538,510
50819,538,511
50820,538,512
50821,538,513
50822,538,514
50823,538,515
50824,538,516
50825,538,517
50826,538,518
50827,538,519
50828,538,520
50829,538,521
50830,538,522
50831,538,523
50832,538,524
50833,538,525
50834,538,526
50835,538,527
50836,538,528
50837,538,529
50838,538,530
50839,538,531
50840,538,532
50841,538,533
50842,538,534
50843,538,535
50844,538,536
50845,538,537
50846,538,538
50847,538,539
50848,538,540
50849,538,541
50850,538,542
50851,538,543
50852,538,544
50853,538,545
50854,538,546
50855,538,547
50856,538,548
50857,538,549
50858,538,550
50859,538,551
50860,538,552
50861,538,553
50862,538,554
50863,538,555
50864,538,556
50865,538,557
50866,538,558
50867,538,559
50868,538,560
50869,538,561
50870,538,562
50871,538,563
50872,538,564
50873,538,565
50874,538,566
50875,538,567
50876,538,568
50877,538,569
50878,538,570
50879,538,571
50880,538,572
50881,538,573
50882,538,574
50883,538,575
50884,538,576
50885,538,577
50886,538,578
50887,538,579
50888,538,580
50889,538,581
50890,538,582
50891,538,583
50892,538,584
50893,538,585
50894,538,586
50895,538,587
50896,538,588
50897,538,589
50898,538,590
50899,538,591
50900,538,592
50901,538,593
50902,538,594
50903,538,595
50904,538,596
50905,538,597
50906,538,598
50907,538,599
50908,538,600
50909,538,601
50910,538,602
50911,538,603
50912,538,604
50913,538,605
50914,538,606
50915,538,607
50916,538,608
50917,538,609
50918,538,610
50919,538,611
50920,538,612
50921,538,613
50922,538,614
50923,538,615
50924,538,616
50925,538,617
50926,538,618
50927,538,619
50928,538,620
50929,538,621
50930,538,622
50931,538,623
50932,538,624
50933,538,625
50934,538,626
50935,538,627
50936,538,628
50937,539,465
50938,539,466
50939,539,467
50940,539,468
50941,539,469
50942,539,470
50943,539,471
50944,539,472
50945,539,473
50946,539,474
50947,539,475
50948,539,476
50949,539,477
50950,539,478
50951,539,479
50952,539,480
50953,539,481
50954,539,482
50955,539,483
50956,539,484
50957,539,485
50958,539,486
50959,539,487
50960,539,488
50961,539,489
50962,539,490
50963,539,491
50964,539,492
50965,539,493
50966,539,494
50967,539,495
50968,539,496
50969,539,497
50970,539,498
50971,539,499
50972,539,500
50973,539,501
50974,539,502
50975,539,503
50976,539,504
50977,539,505
50978,539,506
50979,539,507
50980,539,508
50981,539,509
50982,539,510
50983,539,511
50984,539,512
50985,539,513
50986,539,514
50987,539,515
50988,539,516
50989,539,517
50990,539,518
50991,539,519
50992,539,520
50993,539,521
50994,539,522
50995,539,523
50996,539,524
50997,539,525
50998,539,526
50999,539,527
51000,539,528
51001,539,529
51002,539,530
51003,539,531
51004,539,532
51005,539,533
51006,539,534
51007,539,535
51008,539,536
51009,539,537
51010,539,538
51011,539,539
51012,539,540
51013,539,541
51014,539,542
51015,539,543
51016,539,544
51017,539,545
51018,539,546
51019,539,547
51020,539,548
51021,539,549
51022,539,550
51023,539,551
51024,539,552
51025,539,553
51026,539,554
51027,539,555
51028,539,556
51029,539,557
51030,539,558
51031,539,559
51032,539,560
51033,539,561
51034,539,562
51035,539,563
51036,539,564
51037,539,565
51038,539,566
51039,539,567
51040,539,568
51041,539,569
51042,539,570
51043,539,571
51044,539,572
51045,539,573
51046,539,574
51047,539,575
51048,539,576
51049,539,577
51050,539,578
51051,539,579
51052,539,580
51053,539,581
51054,539,582
51055,539,583
51056,539,584
51057,539,585
51058,539,586
51059,539,587
51060,539,588
51061,539,589
51062,539,590
51063,539,591
51064,539,592
51065,539,593
51066,539,594
51067,539,595
51068,539,596
51069,539,597
51070,539,598
51071,539,599
51072,539,600
51073,539,601
51074,539,602
51075,539,603
51076,539,604
51077,539,605
51078,539,606
51079,539,607
51080,539,608
51081,539,609
51082,539,610
51083,539,611
51084,539,612
51085,539,613
51086,539,614
51087,539,615
51088,539,616
51089,539,617
51090,539,618
51091,539,619
51092,539,620
51093,539,621
51094,539,622
51095,539,623
51096,539,624
51097,539,625
51098,539,626
51099,539,627
51100,539,628
51101,539,629
51102,540,467
51103,540,468
51104,540,469
51105,540,470
51106,540,471
51107,540,472
51108,540,473
51109,540,474
51110,540,475
51111,540,476
51112,540,477
51113,540,478
51114,540,479
51115,540,480
51116,540,481
51117,540,482
51118,540,483
51119,540,484
51120,540,485
51121,540,486
51122,540,487
51123,540,488
51124,540,489
51125,540,490
51126,540,491
51127,540,492
51128,540,493
51129,540,494
51130,540,495
51131,540,496
51132,540,497
51133,540,498
51134,540,499
51135,540,500
51136,540,501
51137,540,502
51138,540,503
51139,540,504
51140,540,505
51141,540,506
51142,540,507
51143,540,508
51144,540,509
51145,540,510
51146,540,511
51147,540,512
51148,540,513
51149,540,514
51150,540,515
51151,540,516
51152,540,517
51153,540,518
51154,540,519
51155,540,520
51156,540,521
51157,540,522
51158,540,523
51159,540,524
51160,540,525
51161,540,526
51162,540,527
51163,540,528
51164,540,529
51165,540,530
51166,540,531
51167,540,532
51168,540,533
51169,540,534
51170,540,535
51171,540,536
51172,540,537
51173,540,538
51174,540,539
51175,540,540
51176,540,541
51177,540,542
51178,540,543
51179,540,544
51180,540,545
51181,540,546
51182,540,547
51183,540,548
51184,540,549
51185,540,550
51186,540,551
51187,540,552
51188,540,553
51189,540,554
51190,540,555
51191,540,556
51192,540,557
51193,540,558
51194,540,559
51195,540,560
51196,540,561
51197,540,562
51198,540,563
51199,540,564
51200,540,565
51201,540,566
51202,540,567
51203,540,568
51204,540,569
51205,540,570
51206,540,571
51207,540,572
51208,540,573
51209,540,574
51210,540,575
51211,540,576
51212,540,577
51213,540,578
51214,540,579
51215,540,580
51216,540,581
51217,540,582
51218,540,583
51219,540,584
51220,540,585
51221,540,586
51222,540,587
51223,540,588
51224,540,589
51225,540,590
51226,540,591
51227,540,592
51228,540,593
51229,540,594
51230,540,595
51231,540,596
51232,540,597
51233,540,598
51234,540,599
51235,540,600
51236,540,601
51237,540,602
51238,540,603
51239,540,604
51240,540,605
51241,540,606
51242,540,607
51243,540,608
51244,540,609
51245,540,610
51246,540,611
51247,540,612
51248,540,613
51249,540,614
51250,540,615
51251,540,616
51252,540,617
51253,540,618
51254,540,619
51255,540,620
51256,540,621
51257,540,622
51258,540,623
51259,540,624
51260,540,625
51261,540,626
51262,540,627
51263,540,628
51264,540,629
51265,541,469
51266,541,470
51267,541,471
51268,541,472
51269,541,473
51270,541,474
51271,541,475
51272,541,476
51273,541,477
51274,541,478
51275,541,479
51276,541,480
51277,541,481
51278,541,482
51279,541,483
51280,541,484
51281,541,485
51282,541,486
51283,541,487
51284,541,488
51285,541,489
51286,541,490
51287,541,491
51288,541,492
51289,541,493
51290,541,494
51291,541,495
51292,541,496
51293,541,497
51294,541,498
51295,541,499
51296,541,500
51297,541,501
51298,541,502
51299,541,503
51300,541,504
51301,541,505
51302,541,506
51303,541,507
51304,541,508
51305,541,509
51306,541,510
51307,541,511
51308,541,512
51309,541,513
51310,541,514
51311,541,515
51312,541,516
51313,541,517
51314,541,518
51315,541,519
51316,541,520
51317,541,521
51318,541,522
51319,541,523
51320,541,524
51321,541,525
51322,541,526
51323,541,527
51324,541,528
51325,541,529
51326,541,530
51327,541,531
51328,541,532
51329,541,533
51330,541,534
51331,541,535
51332,541,536
51333,541,537
51334,541,538
51335,541,539
51336,541,540
51337,541,541
51338,541,542
51339,541,543
51340,541,544
51341,541,545
51342,541,546
51343,541,547
51344,541,548
51345,541,549
51346,541,550
51347,541,551
51348,541,552
51349,541,553
51350,541,554
51351,541,555
51352,541,556
51353,541,557
51354,541,558
51355,541,559
51356,541,560
51357,541,561
51358,541,562
51359,541,563
51360,541,564
51361,541,565
51362,541,566
51363,541,567
51364,541,568
51365,541,569
51366,541,570
51367,541,571
51368,541,572
51369,541,573
51370,541,574
51371,541,575
51372,541,576
51373,541,577
51374,541,578
51375,541,579
51376,541,580
51377,541,581
51378,541,582
51379,541,583
51380,541,584
51381,541,585
51382,541,586
51383,541,587
51384,541,588
51385,541,589
51386,541,590
51387,541,591
51388,541,592
51389,541,593
51390,541,594
51391,541,595
51392,541,596
51393,541,597
51394,541,598
51395,541,599
51396,541,600
51397,541,601
51398,541,602
51399,541,603
51400,541,604
51401,541,605
51402,541,606
51403,541,607
51404,541,608
51405,541,609
51406,541,610
51407,541,611
51408,541,612
51409,541,613
51410,541,614
51411,541,615
51412,541,616
51413,541,617
51414,541,618
51415,541,619
51416,541,620
51417,541,621
51418,541,622
51419,541,623
51420,541,624
51421,541,625
51422,541,626
51423,541,627
51424,541,628
51425,541,629
51426,541,630
51427,542,471
51428,542,472
51429,542,473
51430,542,474
51431,542,475
51432,542,476
51433,542,477
51434,542,478
51435,542,479
51436,542,480
51437,542,481
51438,542,482
51439,542,483
51440,542,484
51441,542,485
51442,542,486
51443,542,487
51444,542,488
51445,542,489
51446,542,490
51447,542,491
51448,542,492
51449,542,493
51450,542,494
51451,542,495
51452,542,496
51453,542,497
51454,542,498
51455,542,499
51456,542,500
51457,542,501
51458,542,502
51459,542,503
51460,542,504
51461,542,505
51462,542,506
51463,542,507
51464,542,508
51465,542,509
51466,542,510
51467,542,511
51468,542,512
51469,542,513
51470,542,514
51471,542,515
51472,542,516
51473,542,517
51474,542,518
51475,542,519
51476,542,520
51477,542,521
51478,542,522
51479,542,523
51480,542,524
51481,542,525
51482,542,526
51483,542,527
51484,542,528
51485,542,529
51486,542,530
51487,542,531
51488,542,532
51489,542,533
51490,542,534
51491,542,535
51492,542,536
51493,542,537
51494,542,538
51495,542,539
51496,542,540
51497,542,541
51498,542,542
51499,542,543
51500,542,544
51501,542,545
51502,542,546
51503,542,547
51504,542,548
51505,542,549
51506,542,550
51507,542,551
51508,542,552
51509,542,553
51510,542,554
51511,542,555
51512,542,556
51513,542,557
51514,542,558
51515,542,559
51516,542,560
51517,542,561
51518,542,562
51519,542,563
51520,542,564
51521,542,565
51522,542,566
51523,542,567
51524,542,568
51525,542,569
51526,542,570
51527,542,571
51528,542,572
51529,542,573
51530,542,574
51531,542,575
51532,542,576
51533,542,577
51534,542,578
51535,542,579
51536,542,580
51537,542,581
51538,542,582
51539,542,583
51540,542,584
51541,542,585
51542,542,586
51543,542,587
51544,542,588
51545,542,589
51546,542,590
51547,542,591
51548,542,592
51549,542,593
51550,542,594
51551,542,595
51552,542,596
51553,542,597
51554,542,598
51555,542,599
51556,542,600
51557,542,601
51558,542,602
51559,542,603
51560,542,604
51561,542,605
51562,542,606
51563,542,607
51564,542,608
51565,542,609
51566,542,610
51567,542,611
51568,542,612
51569,542,613
51570,542,614
51571,542,615
51572,542,616
51573,542,617
51574,542,618
51575,542,619
51576,542,620
51577,542,621
51578,542,622
51579,542,623
51580,542,624
51581,542,625
51582,542,626
51583,542,627
51584,542,628
51585,542,629
51586,542,630
51587,543,471
51588,543,472
51589,543,473
51590,543,474
51591,543,475
51592,543,476
51593,543,477
51594,543,478
51595,543,479
51596,543,480
51597,543,481
51598,543,482
51599,543,483
51600,543,484
51601,543,485
51602,543,486
51603,543,487
51604,543,488
51605,543,489
51606,543,490
51607,543,491
51608,543,492
51609,543,493
51610,543,494
51611,543,495
51612,543,496
51613,543,497
51614,543,498
51615,543,499
51616,543,500
51617,543,501
51618,543,502
51619,543,503
51620,543,504
51621,543,505
51622,543,506
51623,543,507
51624,543,508
51625,543,509
51626,543,510
51627,543,511
51628,543,512
51629,543,513
51630,543,514
51631,543,515
51632,543,516
51633,543,517
51634,543,518
51635,543,519
51636,543,520
51637,543,521
51638,543,522
51639,543,523
51640,543,524
51641,543,525
51642,543,526
51643,543,527
51644,543,528
51645,543,529
51646,543,530
51647,543,531
51648,543,532
51649,543,533
51650,543,534
51651,543,535
51652,543,536
51653,543,537
51654,543,538
51655,543,539
51656,543,540
51657,543,541
51658,543,542
51659,543,543
51660,543,544
51661,543,545
51662,543,546
51663,543,547
51664,543,548
51665,543,549
51666,543,550
51667,543,551
51668,543,552
51669,543,553
51670,543,554
51671,543,555
51672,543,556
51673,543,557
51674,543,558
51675,543,559
51676,543,560
51677,543,561
51678,543,562
51679,543,563
51680,543,564
51681,543,565
51682,543,566
51683,543,567
51684,543,568
51685,543,569
51686,543,570
51687,543,571
51688,543,572
51689,543,573
51690,543,574
51691,543,575
51692,543,576
51693,543,577
51694,543,578
51695,543,579
51696,543,580
51697,543,581
51698,543,582
51699,543,583
51700,543,584
51701,543,585
51702,543,586
51703,543,587
51704,543,588
51705,543,589
51706,543,590
51707,543,591
51708,543,592
51709,543,593
51710,543,594
51711,543,595
51712,543,596
51713,543,597
51714,543,598
51715,543,599
51716,543,600
51717,543,601
51718,543,602
51719,543,603
51720,543,604
51721,543,605
51722,543,606
51723,543,607
51724,543,608
51725,543,609
51726,543,610
51727,543,611
51728,543,612
51729,543,613
51730,543,614
51731,543,615
51732,543,616
51733,543,617
51734,543,618
51735,543,619
51736,543,620
51737,543,621
51738,543,622
51739,543,623
51740,543,624
51741,543,625
51742,543,626
51743,543,627
51744,543,628
51745,543,629
51746,543,630
51747,543,631
51748,544,471
51749,544,472
51750,544,473
51751,544,474
51752,544,475
51753,544,476
51754,544,477
51755,544,478
51756,544,479
51757,544,480
51758,544,481
51759,544,482
51760,544,483
51761,544,484
51762,544,485
51763,544,486
51764,544,487
51765,544,488
51766,544,489
51767,544,490
51768,544,491
51769,544,492
51770,544,493
51771,544,494
51772,544,495
51773,544,496
51774,544,497
51775,544,498
51776,544,499
51777,544,500
51778,544,501
51779,544,502
51780,544,503
51781,544,504
51782,544,505
51783,544,506
51784,544,507
51785,544,508
51786,544,509
51787,544,510
51788,544,511
51789,544,512
51790,544,513
51791,544,514
51792,544,515
51793,544,516
51794,544,517
51795,544,518
51796,544,519
51797,544,520
51798,544,521
51799,544,522
51800,544,523
51801,544,524
51802,544,525
51803,544,526
51804,544,527
51805,544,528
51806,544,529
51807,544,530
51808,544,531
51809,544,532
51810,544,533
51811,544,534
51812,544,535
51813,544,536
51814,544,537
51815,544,538
51816,544,539
51817,544,540
51818,544,541
51819,544,542
51820,544,543
51821,544,544
51822,544,545
51823,544,546
51824,544,547
51825,544,548
51826,544,549
51827,544,550
51828,544,551
51829,544,552
51830,544,553
51831,544,554
51832,544,555
51833,544,556
51834,544,557
51835,544,558
51836,544,559
51837,544,560
51838,544,561
51839,544,562
51840,544,563
51841,544,564
51842,544,565
51843,544,566
51844,544,567
51845,544,568
51846,544,569
51847,544,570
51848,544,571
51849,544,572
51850,544,573
51851,544,574
51852,544,575
51853,544,576
51854,544,577
51855,544,578
51856,544,579
51857,544,580
51858,544,581
51859,544,582
51860,544,583
51861,544,584
51862,544,585
51863,544,586
51864,544,587
51865,544,588
51866,544,589
51867,544,590
51868,544,591
51869,544,592
51870,544,593
51871,544,594
51872,544,595
51873,544,596
51874,544,597
51875,544,598
51876,544,599
51877,544,600
51878,544,601
51879,544,602
51880,544,603
51881,544,604
51882,544,605
51883,544,606
51884,544,607
51885,544,608
51886,544,609
51887,544,610
51888,544,611
51889,544,612
51890,544,613
51891,544,614
51892,544,615
51893,544,616
51894,544,617
51895,544,618
51896,544,619
51897,544,620
51898,544,621
51899,544,622
51900,544,623
51901,544,624
51902,544,625
51903,544,626
51904,544,627
51905,544,628
51906,544,629
51907,544,630
51908,544,631
51909,544,632
51910,545,471
51911,545,472
51912,545,473
51913,545,474
51914,545,475
51915,545,476
51916,545,477
51917,545,478
51918,545,479
51919,545,480
51920,545,481
51921,545,482
51922,545,483
51923,545,484
51924,545,485
51925,545,486
51926,545,487
51927,545,488
51928,545,489
51929,545,490
51930,545,491
51931,545,492
51932,545,493
51933,545,494
51934,545,495
51935,545,496
51936,545,497
51937,545,498
51938,545,499
51939,545,500
51940,545,501
51941,545,502
51942,545,503
51943,545,504
51944,545,505
51945,545,506
51946,545,507
51947,545,508
51948,545,509
51949,545,510
51950,545,511
51951,545,512
51952,545,513
51953,545,514
51954,545,515
51955,545,516
51956,545,517
51957,545,518
51958,545,519
51959,545,520
51960,545,521
51961,545,522
51962,545,523
51963,545,524
51964,545,525
51965,545,526
51966,545,527
51967,545,528
51968,545,529
51969,545,530
51970,545,531
51971,545,532
51972,545,533
51973,545,534
51974,545,535
51975,545,536
51976,545,537
51977,545,538
51978,545,539
51979,545,540
51980,545,541
51981,545,542
51982,545,543
51983,545,544
51984,545,545
51985,545,546
51986,545,547
51987,545,548
51988,545,549
51989,545,550
51990,545,551
51991,545,552
51992,545,553
51993,545,554
51994,545,555
51995,545,556
51996,545,557
51997,545,558
51998,545,559
51999,545,560
52000,545,561
52001,545,562
52002,545,563
52003,545,564
52004,545,565
52005,545,566
52006,545,567
52007,545,568
52008,545,569
52009,545,570
52010,545,571
52011,545,572
52012,545,573
52013,545,574
52014,545,575
52015,545,576
52016,545,577
52017,545,578
52018,545,579
52019,545,580
52020,545,581
52021,545,582
52022,545,583
52023,545,584
52024,545,585
52025,545,586
52026,545,587
52027,545,588
52028,545,589
52029,545,590
52030,545,591
52031,545,592
52032,545,593
52033,545,594
52034,545,595
52035,545,596
52036,545,597
52037,545,598
52038,545,599
52039,545,600
52040,545,601
52041,545,602
52042,545,603
52043,545,604
52044,545,605
52045,545,606
52046,545,607
52047,545,608
52048,545,609
52049,545,610
52050,545,611
52051,545,612
52052,545,613
52053,545,614
52054,545,615
52055,545,616
52056,545,617
52057,545,618
52058,545,619
52059,545,620
52060,545,621
52061,545,622
52062,545,623
52063,545,624
52064,545,625
52065,545,626
52066,545,627
52067,545,628
52068,545,629
52069,545,630
52070,545,631
52071,545,632
52072,545,633
52073,546,471
52074,546,472
52075,546,473
52076,546,474
52077,546,475
52078,546,476
52079,546,477
52080,546,478
52081,546,479
52082,546,480
52083,546,481
52084,546,482
52085,546,483
52086,546,484
52087,546,485
52088,546,486
52089,546,487
52090,546,488
52091,546,489
52092,546,490
52093,546,491
52094,546,492
52095,546,493
52096,546,494
52097,546,495
52098,546,496
52099,546,497
52100,546,498
52101,546,499
52102,546,500
52103,546,501
52104,546,502
52105,546,503
52106,546,504
52107,546,505
52108,546,506
52109,546,507
52110,546,508
52111,546,509
52112,546,510
52113,546,511
52114,546,512
52115,546,513
52116,546,514
52117,546,515
52118,546,516
52119,546,517
52120,546,518
52121,546,519
52122,546,520
52123,546,521
52124,546,522
52125,546,523
52126,546,524
52127,546,525
52128,546,526
52129,546,527
52130,546,528
52131,546,529
52132,546,530
52133,546,531
52134,546,532
52135,546,533
52136,546,534
52137,546,535
52138,546,536
52139,546,537
52140,546,538
52141,546,539
52142,546,540
52143,546,541
52144,546,542
52145,546,543
52146,546,544
52147,546,545
52148,546,546
52149,546,547
52150,546,548
52151,546,549
52152,546,550
52153,546,551
52154,546,552
52155,546,553
52156,546,554
52157,546,555
52158,546,556
52159,546,557
52160,546,558
52161,546,559
52162,546,560
52163,546,561
52164,546,562
52165,546,563
52166,546,564
52167,546,565
52168,546,566
52169,546,567
52170,546,568
52171,546,569
52172,546,570
52173,546,571
52174,546,572
52175,546,573
52176,546,574
52177,546,575
52178,546,576
52179,546,577
52180,546,578
52181,546,579
52182,546,580
52183,546,581
52184,546,582
52185,546,583
52186,546,584
52187,546,585
52188,546,586
52189,546,587
52190,546,588
52191,546,589
52192,546,590
52193,546,591
52194,546,592
52195,546,593
52196,546,594
52197,546,595
52198,546,596
52199,546,597
52200,546,598
52201,546,599
52202,546,600
52203,546,601
52204,546,602
52205,546,603
52206,546,604
52207,546,605
52208,546,606
52209,546,607
52210,546,608
52211,546,609
52212,546,610
52213,546,611
52214,546,612
52215,546,613
52216,546,614
52217,546,615
52218,546,616
52219,546,617
52220,546,618
52221,546,619
52222,546,620
52223,546,621
52224,546,622
52225,546,623
52226,546,624
52227,546,625
52228,546,626
52229,546,627
52230,546,628
52231,546,629
52232,546,630
52233,546,631
52234,546,632
52235,546,633
52236,547,471
52237,547,472
52238,547,473
52239,547,474
52240,547,475
52241,547,476
52242,547,477
52243,547,478
52244,547,479
52245,547,480
52246,547,481
52247,547,482
52248,547,483
52249,547,484
52250,547,485
52251,547,486
52252,547,487
52253,547,488
52254,547,489
52255,547,490
52256,547,491
52257,547,492
52258,547,493
52259,547,494
52260,547,495
52261,547,496
52262,547,497
52263,547,498
52264,547,499
52265,547,500
52266,547,501
52267,547,502
52268,547,503
52269,547,504
52270,547,505
52271,547,506
52272,547,507
52273,547,508
52274,547,509
52275,547,510
52276,547,511
52277,547,512
52278,547,513
52279,547,514
52280,547,515
52281,547,516
52282,547,517
52283,547,518
52284,547,519
52285,547,520
52286,547,521
52287,547,522
52288,547,523
52289,547,524
52290,547,525
52291,547,526
52292,547,527
52293,547,528
52294,547,529
52295,547,530
52296,547,531
52297,547,532
52298,547,533
52299,547,534
52300,547,535
52301,547,536
52302,547,537
52303,547,538
52304,547,539
52305,547,540
52306,547,541
52307,547,542
52308,547,543
52309,547,544
52310,547,545
52311,547,546
52312,547,547
52313,547,548
52314,547,549
52315,547,550
52316,547,551
52317,547,552
52318,547,553
52319,547,554
52320,547,555
52321,547,556
52322,547,557
52323,547,558
52324,547,559
52325,547,560
52326,547,561
52327,547,562
52328,547,563
52329,547,564
52330,547,565
52331,547,566
52332,547,567
52333,547,568
52334,547,569
52335,547,570
52336,547,571
52337,547,572
52338,547,573
52339,547,574
52340,547,575
52341,547,576
52342,547,577
52343,547,578
52344,547,579
52345,547,580
52346,547,581
52347,547,582
52348,547,583
52349,547,584
52350,547,585
52351,547,586
52352,547,587
52353,547,588
52354,547,589
52355,547,590
52356,547,591
52357,547,592
52358,547,593
52359,547,594
52360,547,595
52361,547,596
52362,547,597
52363,547,598
52364,547,599
52365,547,600
52366,547,601
52367,547,602
52368,547,603
52369,547,604
52370,547,605
52371,547,606
52372,547,607
52373,547,608
52374,547,609
52375,547,610
52376,547,611
52377,547,612
52378,547,613
52379,547,614
52380,547,615
52381,547,616
52382,547,617
52383,547,618
52384,547,619
52385,547,620
52386,547,621
52387,547,622
52388,547,623
52389,547,624
52390,547,625
52391,547,626
52392,547,627
52393,547,628
52394,547,629
52395,547,630
52396,547,631
52397,547,632
52398,547,633
52399,547,634
52400,548,471
52401,548,472
52402,548,473
52403,548,474
52404,548,475
52405,548,476
52406,548,477
52407,548,478
52408,548,479
52409,548,480
52410,548,481
52411,548,482
52412,548,483
52413,548,484
52414,548,485
52415,548,486
52416,548,487
52417,548,488
52418,548,489
52419,548,490
52420,548,491
52421,548,492
52422,548,493
52423,548,494
52424,548,495
52425,548,496
52426,548,497
52427,548,498
52428,548,499
52429,548,500
52430,548,501
52431,548,502
52432,548,503
52433,548,504
52434,548,505
52435,548,506
52436,548,507
52437,548,508
52438,548,509
52439,548,510
52440,548,511
52441,548,512
52442,548,513
52443,548,514
52444,548,515
52445,548,516
52446,548,517
52447,548,518
52448,548,519
52449,548,520
52450,548,521
52451,548,522
52452,548,523
52453,548,524
52454,548,525
52455,548,526
52456,548,527
52457,548,528
52458,548,529
52459,548,530
52460,548,531
52461,548,532
52462,548,533
52463,548,534
52464,548,535
52465,548,536
52466,548,537
52467,548,538
52468,548,539
52469,548,540
52470,548,541
52471,548,542
52472,548,543
52473,548,544
52474,548,545
52475,548,546
52476,548,547
52477,548,548
52478,548,549
52479,548,550
52480,548,551
52481,548,552
52482,548,553
52483,548,554
52484,548,555
52485,548,556
52486,548,557
52487,548,558
52488,548,559
52489,548,560
52490,548,561
52491,548,562
52492,548,563
52493,548,564
52494,548,565
52495,548,566
52496,548,567
52497,548,568
52498,548,569
52499,548,570
52500,548,571
52501,548,572
52502,548,573
52503,548,574
52504,548,575
52505,548,576
52506,548,577
52507,548,578
52508,548,579
52509,548,580
52510,548,581
52511,548,582
52512,548,583
52513,548,584
52514,548,585
52515,548,586
52516,548,587
52517,548,588
52518,548,589
52519,548,590
52520,548,591
52521,548,592
52522,548,593
52523,548,594
52524,548,595
52525,548,596
52526,548,597
52527,548,598
52528,548,599
52529,548,600
52530,548,601
52531,548,602
52532,548,603
52533,548,604
52534,548,605
52535,548,606
52536,548,607
52537,548,608
52538,548,609
52539,548,610
52540,548,611
52541,548,612
52542,548,613
52543,548,614
52544,548,615
52545,548,616
52546,548,617
52547,548,618
52548,548,619
52549,548,620
52550,548,621
52551,548,622
52552,548,623
52553,548,624
52554,548,625
52555,548,626
52556,548,627
52557,548,628
52558,548,629
52559,548,630
52560,548,631
52561,548,632
52562,548,633
52563,548,634
52564,549,471
52565,549,472
52566,549,473
52567,549,474
52568,549,475
52569,549,476
52570,549,477
52571,549,478
52572,549,479
52573,549,480
52574,549,481
52575,549,482
52576,549,483
52577,549,484
52578,549,485
52579,549,486
52580,549,487
52581,549,488
52582,549,489
52583,549,490
52584,549,491
52585,549,492
52586,549,493
52587,549,494
52588,549,495
52589,549,496
52590,549,497
52591,549,498
52592,549,499
52593,549,500
52594,549,501
52595,549,502
52596,549,503
52597,549,504
52598,549,505
52599,549,506
52600,549,507
52601,549,508
52602,549,509
52603,549,510
52604,549,511
52605,549,512
52606,549,513
52607,549,514
52608,549,515
52609,549,516
52610,549,517
52611,549,518
52612,549,519
52613,549,520
52614,549,521
52615,549,522
52616,549,523
52617,549,524
52618,549,525
52619,549,526
52620,549,527
52621,549,528
52622,549,529
52623,549,530
52624,549,531
52625,549,532
52626,549,533
52627,549,534
52628,549,535
52629,549,536
52630,549,537
52631,549,538
52632,549,539
52633,549,540
52634,549,541
52635,549,542
52636,549,543
52637,549,544
52638,549,545
52639,549,546
52640,549,547
52641,549,548
52642,549,549
52643,549,550
52644,549,551
52645,549,552
52646,549,553
52647,549,554
52648,549,555
52649,549,556
52650,549,557
52651,549,558
52652,549,559
52653,549,560
52654,549,561
52655,549,562
52656,549,563
52657,549,564
52658,549,565
52659,549,566
52660,549,567
52661,549,568
52662,549,569
52663,549,570
52664,549,571
52665,549,572
52666,549,573
52667,549,574
52668,549,575
52669,549,576
52670,549,577
52671,549,578
52672,549,579
52673,549,580
52674,549,581
52675,549,582
52676,549,583
52677,549,584
52678,549,585
52679,549,586
52680,549,587
52681,549,588
52682,549,589
52683,549,590
52684,549,591
52685,549,592
52686,549,593
52687,549,594
52688,549,595
52689,549,596
52690,549,597
52691,549,598
52692,549,599
52693,549,600
52694,549,601
52695,549,602
52696,549,603
52697,549,604
52698,549,605
52699,549,606
52700,549,607
52701,549,608
52702,549,609
52703,549,610
52704,549,611
52705,549,612
52706,549,613
52707,549,614
52708,549,615
52709,549,616
52710,549,617
52711,549,618
52712,549,619
52713,549,620
52714,549,621
52715,549,622
52716,549,623
52717,549,624
52718,549,625
52719,549,626
52720,549,627
52721,549,628
52722,549,629
52723,549,630
52724,549,631
52725,549,632
52726,549,633
52727,549,634
52728,549,635
52729,550,471
52730,550,472
52731,550,473
52732,550,474
52733,550,475
52734,550,476
52735,550,477
52736,550,478
52737,550,479
52738,550,480
52739,550,481
52740,550,482
52741,550,483
52742,550,484
52743,550,485
52744,550,486
52745,550,487
52746,550,488
52747,550,489
52748,550,490
52749,550,491
52750,550,492
52751,550,493
52752,550,494
52753,550,495
52754,550,496
52755,550,497
52756,550,498
52757,550,499
52758,550,500
52759,550,501
52760,550,502
52761,550,503
52762,550,504
52763,550,505
52764,550,506
52765,550,507
52766,550,508
52767,550,509
52768,550,510
52769,550,511
52770,550,512
52771,550,513
52772,550,514
52773,550,515
52774,550,516
52775,550,517
52776,550,518
52777,550,519
52778,550,520
52779,550,521
52780,550,522
52781,550,523
52782,550,524
52783,550,525
52784,550,526
52785,550,527
52786,550,528
52787,550,529
52788,550,530
52789,550,531
52790,550,532
52791,550,533
52792,550,534
52793,550,535
52794,550,536
52795,550,537
52796,550,538
52797,550,539
52798,550,540
52799,550,541
52800,550,542
52801,550,543
52802,550,544
52803,550,545
52804,550,546
52805,550,547
52806,550,548
52807,550,549
52808,550,550
52809,550,551
52810,550,552
52811,550,553
52812,550,554
52813,550,555
52814,550,556
52815,550,557
52816,550,558
52817,550,559
52818,550,560
52819,550,561
52820,550,562
52821,550,563
52822,550,564
52823,550,565
52824,550,566
52825,550,567
52826,550,568
52827,550,569
52828,550,570
52829,550,571
52830,550,572
52831,550,573
52832,550,574
52833,550,575
52834,550,576
52835,550,577
52836,550,578
52837,550,579
52838,550,580
52839,550,581
52840,550,582
52841,550,583
52842,550,584
52843,550,585
52844,550,586
52845,550,587
52846,550,588
52847,550,589
52848,550,590
52849,550,591
52850,550,592
52851,550,593
52852,550,594
52853,550,595
52854,550,596
52855,550,597
52856,550,598
52857,550,599
52858,550,600
52859,550,601
52860,550,602
52861,550,603
52862,550,604
52863,550,605
52864,550,606
52865,550,607
52866,550,608
52867,550,609
52868,550,610
52869,550,611
52870,550,612
52871,550,613
52872,550,614
52873,550,615
52874,550,616
52875,550,617
52876,550,618
52877,550,619
52878,550,620
52879,550,621
52880,550,622
52881,550,623
52882,550,624
52883,550,625
52884,550,626
52885,550,627
52886,550,628
52887,550,629
52888,550,630
52889,550,631
52890,550,632
52891,550,633
52892,550,634
52893,550,635
52894,551,472
52895,551,473
52896,551,474
52897,551,475
52898,551,476
52899,551,477
52900,551,478
52901,551,479
52902,551,480
52903,551,481
52904,551,482
52905,551,483
52906,551,484
52907,551,485
52908,551,486
52909,551,487
52910,551,488
52911,551,489
52912,551,490
52913,551,491
52914,551,492
52915,551,493
52916,551,494
52917,551,495
52918,551,496
52919,551,497
52920,551,498
52921,551,499
52922,551,500
52923,551,501
52924,551,502
52925,551,503
52926,551,504
52927,551,505
52928,551,506
52929,551,507
52930,551,508
52931,551,509
52932,551,510
52933,551,511
52934,551,512
52935,551,513
52936,551,514
52937,551,515
52938,551,516
52939,551,517
52940,551,518
52941,551,519
52942,551,520
52943,551,521
52944,551,522
52945,551,523
52946,551,524
52947,551,525
52948,551,526
52949,551,527
52950,551,528
52951,551,529
52952,551,530
52953,551,531
52954,551,532
52955,551,533
52956,551,534
52957,551,535
52958,551,536
52959,551,537
52960,551,538
52961,551,539
52962,551,540
52963,551,541
52964,551,542
52965,551,543
52966,551,544
52967,551,545
52968,551,546
52969,551,547
52970,551,548
52971,551,549
52972,551,550
52973,551,551
52974,551,552
52975,551,553
52976,551,554
52977,551,555
52978,551,556
52979,551,557
52980,551,558
52981,551,559
52982,551,560
52983,551,561
52984,551,562
52985,551,563
52986,551,564
52987,551,565
52988,551,566
52989,551,567
52990,551,568
52991,551,569
52992,551,570
52993,551,571
52994,551,572
52995,551,573
52996,551,574
52997,551,575
52998,551,576
52999,551,577
53000,551,578
53001,551,579
53002,551,580
53003,551,581
53004,551,582
53005,551,583
53006,551,584
53007,551,585
53008,551,586
53009,551,587
53010,551,588
53011,551,589
53012,551,590
53013,551,591
53014,551,592
53015,551,593
53016,551,594
53017,551,595
53018,551,596
53019,551,597
53020,551,598
53021,551,599
53022,551,600
53023,551,601
53024,551,602
53025,551,603
53026,551,604
53027,551,605
53028,551,606
53029,551,607
53030,551,608
53031,551,609
53032,551,610
53033,551,611
53034,551,612
53035,551,613
53036,551,614
53037,551,615
53038,551,616
53039,551,617
53040,551,618
53041,551,619
53042,551,620
53043,551,621
53044,551,622
53045,551,623
53046,551,624
53047,551,625
53048,551,626
53049,551,627
53050,551,628
53051,551,629
53052,551,630
53053,551,631
53054,551,632
53055,551,633
53056,551,634
53057,551,635
53058,552,473
53059,552,474
53060,552,475
53061,552,476
53062,552,477
53063,552,478
53064,552,479
53065,552,480
53066,552,481
53067,552,482
53068,552,483
53069,552,484
53070,552,485
53071,552,486
53072,552,487
53073,552,488
53074,552,489
53075,552,490
53076,552,491
53077,552,492
53078,552,493
53079,552,494
53080,552,495
53081,552,496
53082,552,497
53083,552,498
53084,552,499
53085,552,500
53086,552,501
53087,552,502
53088,552,503
53089,552,504
53090,552,505
53091,552,506
53092,552,507
53093,552,508
53094,552,509
53095,552,510
53096,552,511
53097,552,512
53098,552,513
53099,552,514
53100,552,515
53101,552,516
53102,552,517
53103,552,518
53104,552,519
53105,552,520
53106,552,521
53107,552,522
53108,552,523
53109,552,524
53110,552,525
53111,552,526
53112,552,527
53113,552,528
53114,552,529
53115,552,530
53116,552,531
53117,552,532
53118,552,533
53119,552,534
53120,552,535
53121,552,536
53122,552,537
53123,552,538
53124,552,539
53125,552,540
53126,552,541
53127,552,542
53128,552,543
53129,552,544
53130,552,545
53131,552,546
53132,552,547
53133,552,548
53134,552,549
53135,552,550
53136,552,551
53137,552,552
53138,552,553
53139,552,554
53140,552,555
53141,552,556
53142,552,557
53143,552,558
53144,552,559
53145,552,560
53146,552,561
53147,552,562
53148,552,563
53149,552,564
53150,552,565
53151,552,566
53152,552,567
53153,552,568
53154,552,569
53155,552,570
53156,552,571
53157,552,572
53158,552,573
53159,552,574
53160,552,575
53161,552,576
53162,552,577
53163,552,578
53164,552,579
53165,552,580
53166,552,581
53167,552,582
53168,552,583
53169,552,584
53170,552,585
53171,552,586
53172,552,587
53173,552,588
53174,552,589
53175,552,590
53176,552,591
53177,552,592
53178,552,593
53179,552,594
53180,552,595
53181,552,596
53182,552,597
53183,552,598
53184,552,599
53185,552,600
53186,552,601
53187,552,602
53188,552,603
53189,552,604
53190,552,605
53191,552,606
53192,552,607
53193,552,608
53194,552,609
53195,552,610
53196,552,611
53197,552,612
53198,552,613
53199,552,614
53200,552,615
53201,552,616
53202,552,617
53203,552,618
53204,552,619
53205,552,620
53206,552,621
53207,552,622
53208,552,623
53209,552,624
53210,552,625
53211,552,626
53212,552,627
53213,552,628
53214,552,629
53215,552,630
53216,552,631
53217,552,632
53218,552,633
53219,552,634
53220,552,635
53221,553,473
53222,553,474
53223,553,475
53224,553,476
53225,553,477
53226,553,478
53227,553,479
53228,553,480
53229,553,481
53230,553,482
53231,553,483
53232,553,484
53233,553,485
53234,553,486
53235,553,487
53236,553,488
53237,553,489
53238,553,490
53239,553,491
53240,553,492
53241,553,493
53242,553,494
53243,553,495
53244,553,496
53245,553,497
53246,553,498
53247,553,499
53248,553,500
53249,553,501
53250,553,502
53251,553,503
53252,553,504
53253,553,505
53254,553,506
53255,553,507
53256,553,508
53257,553,509
53258,553,510
53259,553,511
53260,553,512
53261,553,513
53262,553,514
53263,553,515
53264,553,516
53265,553,517
53266,553,518
53267,553,519
53268,553,520
53269,553,521
53270,553,522
53271,553,523
53272,553,524
53273,553,525
53274,553,526
53275,553,527
53276,553,528
53277,553,529
53278,553,530
53279,553,531
53280,553,532
53281,553,533
53282,553,534
53283,553,535
53284,553,536
53285,553,537
53286,553,538
53287,553,539
53288,553,540
53289,553,541
53290,553,542
53291,553,543
53292,553,544
53293,553,545
53294,553,546
53295,553,547
53296,553,548
53297,553,549
53298,553,550
53299,553,551
53300,553,552
53301,553,553
53302,553,554
53303,553,555
53304,553,556
53305,553,557
53306,553,558
53307,553,559
53308,553,560
53309,553,561
53310,553,562
53311,553,563
53312,553,564
53313,553,565
53314,553,566
53315,553,567
53316,553,568
53317,553,569
53318,553,570
53319,553,571
53320,553,572
53321,553,573
53322,553,574
53323,553,575
53324,553,576
53325,553,577
53326,553,578
53327,553,579
53328,553,580
53329,553,581
53330,553,582
53331,553,583
53332,553,584
53333,553,585
53334,553,586
53335,553,587
53336,553,588
53337,553,589
53338,553,590
53339,553,591
53340,553,592
53341,553,593
53342,553,594
53343,553,595
53344,553,596
53345,553,597
53346,553,598
53347,553,599
53348,553,600
53349,553,601
53350,553,602
53351,553,603
53352,553,604
53353,553,605
53354,553,606
53355,553,607
53356,553,608
53357,553,609
53358,553,610
53359,553,611
53360,553,612
53361,553,613
53362,553,614
53363,553,615
53364,553,616
53365,553,617
53366,553,618
53367,553,619
53368,553,620
53369,553,621
53370,553,622
53371,553,623
53372,553,624
53373,553,625
53374,553,626
53375,553,627
53376,553,628
53377,553,629
53378,553,630
53379,553,631
53380,553,632
53381,553,633
53382,553,634
53383,553,635
53384,553,636
53385,554,474
53386,554,475
53387,554,476
53388,554,477
53389,554,478
53390,554,479
53391,554,480
53392,554,481
53393,554,482
53394,554,483
53395,554,484
53396,554,485
53397,554,486
53398,554,487
53399,554,488
53400,554,489
53401,554,490
53402,554,491
53403,554,492
53404,554,493
53405,554,494
53406,554,495
53407,554,496
53408,554,497
53409,554,498
53410,554,499
53411,554,500
53412,554,501
53413,554,502
53414,554,503
53415,554,504
53416,554,505
53417,554,506
53418,554,507
53419,554,508
53420,554,509
53421,554,510
53422,554,511
53423,554,512
53424,554,513
53425,554,514
53426,554,515
53427,554,516
53428,554,517
53429,554,518
53430,554,519
53431,554,520
53432,554,521
53433,554,522
53434,554,523
53435,554,524
53436,554,525
53437,554,526
53438,554,527
53439,554,528
53440,554,529
53441,554,530
53442,554,531
53443,554,532
53444,554,533
53445,554,534
53446,554,535
53447,554,536
53448,554,537
53449,554,538
53450,554,539
53451,554,540
53452,554,541
53453,554,542
53454,554,543
53455,554,544
53456,554,545
53457,554,546
53458,554,547
53459,554,548
53460,554,549
53461,554,550
53462,554,551
53463,554,552
53464,554,553
53465,554,554
53466,554,555
53467,554,556
53468,554,557
53469,554,558
53470,554,559
53471,554,560
53472,554,561
53473,554,562
53474,554,563
53475,554,564
53476,554,565
53477,554,566
53478,554,567
53479,554,568
53480,554,569
53481,554,570
53482,554,571
53483,554,572
53484,554,573
53485,554,574
53486,554,575
53487,554,576
53488,554,577
53489,554,578
53490,554,579
53491,554,580
53492,554,581
53493,554,582
53494,554,583
53495,554,584
53496,554,585
53497,554,586
53498,554,587
53499,554,588
53500,554,589
53501,554,590
53502,554,591
53503,554,592
53504,554,593
53505,554,594
53506,554,595
53507,554,596
53508,554,597
53509,554,598
53510,554,599
53511,554,600
53512,554,601
53513,554,602
53514,554,603
53515,554,604
53516,554,605
53517,554,606
53518,554,607
53519,554,608
53520,554,609
53521,554,610
53522,554,611
53523,554,612
53524,554,613
53525,554,614
53526,554,615
53527,554,616
53528,554,617
53529,554,618
53530,554,619
53531,554,620
53532,554,621
53533,554,622
53534,554,623
53535,554,624
53536,554,625
53537,554,626
53538,554,627
53539,554,628
53540,554,629
53541,554,630
53542,554,631
53543,554,632
53544,554,633
53545,554,634
53546,554,635
53547,554,636
53548,554,637
53549,555,474
53550,555,475
53551,555,476
53552,555,477
53553,555,478
53554,555,479
53555,555,480
53556,555,481
53557,555,482
53558,555,483
53559,555,484
53560,555,485
53561,555,486
53562,555,487
53563,555,488
53564,555,489
53565,555,490
53566,555,491
53567,555,492
53568,555,493
53569,555,494
53570,555,495
53571,555,496
53572,555,497
53573,555,498
53574,555,499
53575,555,500
53576,555,501
53577,555,502
53578,555,503
53579,555,504
53580,555,505
53581,555,506
53582,555,507
53583,555,508
53584,555,509
53585,555,510
53586,555,511
53587,555,512
53588,555,513
53589,555,514
53590,555,515
53591,555,516
53592,555,517
53593,555,518
53594,555,519
53595,555,520
53596,555,521
53597,555,522
53598,555,523
53599,555,524
53600,555,525
53601,555,526
53602,555,527
53603,555,528
53604,555,529
53605,555,530
53606,555,531
53607,555,532
53608,555,533
53609,555,534
53610,555,535
53611,555,536
53612,555,537
53613,555,538
53614,555,539
53615,555,540
53616,555,541
53617,555,542
53618,555,543
53619,555,544
53620,555,545
53621,555,546
53622,555,547
53623,555,548
53624,555,549
53625,555,550
53626,555,551
53627,555,552
53628,555,553
53629,555,554
53630,555,555
53631,555,556
53632,555,557
53633,555,558
53634,555,559
53635,555,560
53636,555,561
53637,555,562
53638,555,563
53639,555,564
53640,555,565
53641,555,566
53642,555,567
53643,555,568
53644,555,569
53645,555,570
53646,555,571
53647,555,572
53648,555,573
53649,555,574
53650,555,575
53651,555,576
53652,555,577
53653,555,578
53654,555,579
53655,555,580
53656,555,581
53657,555,582
53658,555,583
53659,555,584
53660,555,585
53661,555,586
53662,555,587
53663,555,588
53664,555,589
53665,555,590
53666,555,591
53667,555,592
53668,555,593
53669,555,594
53670,555,595
53671,555,596
53672,555,597
53673,555,598
53674,555,599
53675,555,600
53676,555,601
53677,555,602
53678,555,603
53679,555,604
53680,555,605
53681,555,606
53682,555,607
53683,555,608
53684,555,609
53685,555,610
53686,555,611
53687,555,612
53688,555,613
53689,555,614
53690,555,615
53691,555,616
53692,555,617
53693,555,618
53694,555,619
53695,555,620
53696,555,621
53697,555,622
53698,555,623
53699,555,624
53700,555,625
53701,555,626
53702,555,627
53703,555,628
53704,555,629
53705,555,630
53706,555,631
53707,555,632
53708,555,633
53709,555,634
53710,555,635
53711,555,636
53712,555,637
53713,555,638
53714,556,474
53715,556,475
53716,556,476
53717,556,477
53718,556,478
53719,556,479
53720,556,480
53721,556,481
53722,556,482
53723,556,483
53724,556,484
53725,556,485
53726,556,486
53727,556,487
53728,556,488
53729,556,489
53730,556,490
53731,556,491
53732,556,492
53733,556,493
53734,556,494
53735,556,495
53736,556,496
53737,556,497
53738,556,498
53739,556,499
53740,556,500
53741,556,501
53742,556,502
53743,556,503
53744,556,504
53745,556,505
53746,556,506
53747,556,507
53748,556,508
53749,556,509
53750,556,510
53751,556,511
53752,556,512
53753,556,513
53754,556,514
53755,556,515
53756,556,516
53757,556,517
53758,556,518
53759,556,519
53760,556,520
53761,556,521
53762,556,522
53763,556,523
53764,556,524
53765,556,525
53766,556,526
53767,556,527
53768,556,528
53769,556,529
53770,556,530
53771,556,531
53772,556,532
53773,556,533
53774,556,534
53775,556,535
53776,556,536
53777,556,537
53778,556,538
53779,556,539
53780,556,540
53781,556,541
53782,556,542
53783,556,543
53784,556,544
53785,556,545
53786,556,546
53787,556,547
53788,556,548
53789,556,549
53790,556,550
53791,556,551
53792,556,552
53793,556,553
53794,556,554
53795,556,555
53796,556,556
53797,556,557
53798,556,558
53799,556,559
53800,556,560
53801,556,561
53802,556,562
53803,556,563
53804,556,564
53805,556,565
53806,556,566
53807,556,567
53808,556,568
53809,556,569
53810,556,570
53811,556,571
53812,556,572
53813,556,573
53814,556,574
53815,556,575
53816,556,576
53817,556,577
53818,556,578
53819,556,579
53820,556,580
53821,556,581
53822,556,582
53823,556,583
53824,556,584
53825,556,585
53826,556,586
53827,556,587
53828,556,588
53829,556,589
53830,556,590
53831,556,591
53832,556,592
53833,556,593
53834,556,594
53835,556,595
53836,556,596
53837,556,597
53838,556,598
53839,556,599
53840,556,600
53841,556,601
53842,556,602
53843,556,603
53844,556,604
53845,556,605
53846,556,606
53847,556,607
53848,556,608
53849,556,609
53850,556,610
53851,556,611
53852,556,612
53853,556,613
53854,556,614
53855,556,615
53856,556,616
53857,556,617
53858,556,618
53859,556,619
53860,556,620
53861,556,621
53862,556,622
53863,556,623
53864,556,624
53865,556,625
53866,556,626
53867,556,627
53868,556,628
53869,556,629
53870,556,630
53871,556,631
53872,556,632
53873,556,633
53874,556,634
53875,556,635
53876,556,636
53877,556,637
53878,556,638
53879,557,474
53880,557,475
53881,557,476
53882,557,477
53883,557,478
53884,557,479
53885,557,480
53886,557,481
53887,557,482
53888,557,483
53889,557,484
53890,557,485
53891,557,486
53892,557,487
53893,557,488
53894,557,489
53895,557,490
53896,557,491
53897,557,492
53898,557,493
53899,557,494
53900,557,495
53901,557,496
53902,557,497
53903,557,498
53904,557,499
53905,557,500
53906,557,501
53907,557,502
53908,557,503
53909,557,504
53910,557,505
53911,557,506
53912,557,507
53913,557,508
53914,557,509
53915,557,510
53916,557,511
53917,557,512
53918,557,513
53919,557,514
53920,557,515
53921,557,516
53922,557,517
53923,557,518
53924,557,519
53925,557,520
53926,557,521
53927,557,522
53928,557,523
53929,557,524
53930,557,525
53931,557,526
53932,557,527
53933,557,528
53934,557,529
53935,557,530
53936,557,531
53937,557,532
53938,557,533
53939,557,534
53940,557,535
53941,557,536
53942,557,537
53943,557,538
53944,557,539
53945,557,540
53946,557,541
53947,557,542
53948,557,543
53949,557,544
53950,557,545
53951,557,546
53952,557,547
53953,557,548
53954,557,549
53955,557,550
53956,557,551
53957,557,552
53958,557,553
53959,557,554
53960,557,555
53961,557,556
53962,557,557
53963,557,558
53964,557,559
53965,557,560
53966,557,561
53967,557,562
53968,557,563
53969,557,564
53970,557,565
53971,557,566
53972,557,567
53973,557,568
53974,557,569
53975,557,570
53976,557,571
53977,557,572
53978,557,573
53979,557,574
53980,557,575
53981,557,576
53982,557,577
53983,557,578
53984,557,579
53985,557,580
53986,557,581
53987,557,582
53988,557,583
53989,557,584
53990,557,585
53991,557,586
53992,557,587
53993,557,588
53994,557,589
53995,557,590
53996,557,591
53997,557,592
53998,557,593
53999,557,594
54000,557,595
54001,557,596
54002,557,597
54003,557,598
54004,557,599
54005,557,600
54006,557,601
54007,557,602
54008,557,603
54009,557,604
54010,557,605
54011,557,606
54012,557,607
54013,557,608
54014,557,609
54015,557,610
54016,557,611
54017,557,612
54018,557,613
54019,557,614
54020,557,615
54021,557,616
54022,557,617
54023,557,618
54024,557,619
54025,557,620
54026,557,621
54027,557,622
54028,557,623
54029,557,624
54030,557,625
54031,557,626
54032,557,627
54033,557,628
54034,557,629
54035,557,630
54036,557,631
54037,557,632
54038,557,633
54039,557,634
54040,557,635
54041,557,636
54042,557,637
54043,557,638
54044,557,639
54045,558,474
54046,558,475
54047,558,476
54048,558,477
54049,558,478
54050,558,479
54051,558,480
54052,558,481
54053,558,482
54054,558,483
54055,558,484
54056,558,485
54057,558,486
54058,558,487
54059,558,488
54060,558,489
54061,558,490
54062,558,491
54063,558,492
54064,558,493
54065,558,494
54066,558,495
54067,558,496
54068,558,497
54069,558,498
54070,558,499
54071,558,500
54072,558,501
54073,558,502
54074,558,503
54075,558,504
54076,558,505
54077,558,506
54078,558,507
54079,558,508
54080,558,509
54081,558,510
54082,558,511
54083,558,512
54084,558,513
54085,558,514
54086,558,515
54087,558,516
54088,558,517
54089,558,518
54090,558,519
54091,558,520
54092,558,521
54093,558,522
54094,558,523
54095,558,524
54096,558,525
54097,558,526
54098,558,527
54099,558,528
54100,558,529
54101,558,530
54102,558,531
54103,558,532
54104,558,533
54105,558,534
54106,558,535
54107,558,536
54108,558,537
54109,558,538
54110,558,539
54111,558,540
54112,558,541
54113,558,542
54114,558,543
54115,558,544
54116,558,545
54117,558,546
54118,558,547
54119,558,548
54120,558,549
54121,558,550
54122,558,551
54123,558,552
54124,558,553
54125,558,554
54126,558,555
54127,558,556
54128,558,557
54129,558,558
54130,558,559
54131,558,560
54132,558,561
54133,558,562
54134,558,563
54135,558,564
54136,558,565
54137,558,566
54138,558,567
54139,558,568
54140,558,569
54141,558,570
54142,558,571
54143,558,572
54144,558,573
54145,558,574
54146,558,575
54147,558,576
54148,558,577
54149,558,578
54150,558,579
54151,558,580
54152,558,581
54153,558,582
54154,558,583
54155,558,584
54156,558,585
54157,558,586
54158,558,587
54159,558,588
54160,558,589
54161,558,590
54162,558,591
54163,558,592
54164,558,593
54165,558,594
54166,558,595
54167,558,596
54168,558,597
54169,558,598
54170,558,599
54171,558,600
54172,558,601
54173,558,602
54174,558,603
54175,558,604
54176,558,605
54177,558,606
54178,558,607
54179,558,608
54180,558,609
54181,558,610
54182,558,611
54183,558,612
54184,558,613
54185,558,614
54186,558,615
54187,558,616
54188,558,617
54189,558,618
54190,558,619
54191,558,620
54192,558,621
54193,558,622
54194,558,623
54195,558,624
54196,558,625
54197,558,626
54198,558,627
54199,558,628
54200,558,629
54201,558,630
54202,558,631
54203,558,632
54204,558,633
54205,558,634
54206,558,635
54207,558,636
54208,558,637
54209,558,638
54210,558,639
54211,559,474
54212,559,475
54213,559,476
54214,559,477
54215,559,478
54216,559,479
54217,559,480
54218,559,481
54219,559,482
54220,559,483
54221,559,484
54222,559,485
54223,559,486
54224,559,487
54225,559,488
54226,559,489
54227,559,490
54228,559,491
54229,559,492
54230,559,493
54231,559,494
54232,559,495
54233,559,496
54234,559,497
54235,559,498
54236,559,499
54237,559,500
54238,559,501
54239,559,502
54240,559,503
54241,559,504
54242,559,505
54243,559,506
54244,559,507
54245,559,508
54246,559,509
54247,559,510
54248,559,511
54249,559,512
54250,559,513
54251,559,514
54252,559,515
54253,559,516
54254,559,517
54255,559,518
54256,559,519
54257,559,520
54258,559,521
54259,559,522
54260,559,523
54261,559,524
54262,559,525
54263,559,526
54264,559,527
54265,559,528
54266,559,529
54267,559,530
54268,559,531
54269,559,532
54270,559,533
54271,559,534
54272,559,535
54273,559,536
54274,559,537
54275,559,538
54276,559,539
54277,559,540
54278,559,541
54279,559,542
54280,559,543
54281,559,544
54282,559,545
54283,559,546
54284,559,547
54285,559,548
54286,559,549
54287,559,550
54288,559,551
54289,559,552
54290,559,553
54291,559,554
54292,559,555
54293,559,556
54294,559,557
54295,559,558
54296,559,559
54297,559,560
54298,559,561
54299,559,562
54300,559,563
54301,559,564
54302,559,565
54303,559,566
54304,559,567
54305,559,568
54306,559,569
54307,559,570
54308,559,571
54309,559,572
54310,559,573
54311,559,574
54312,559,575
54313,559,576
54314,559,577
54315,559,578
54316,559,579
54317,559,580
54318,559,581
54319,559,582
54320,559,583
54321,559,584
54322,559,585
54323,559,586
54324,559,587
54325,559,588
54326,559,589
54327,559,590
54328,559,591
54329,559,592
54330,559,593
54331,559,594
54332,559,595
54333,559,596
54334,559,597
54335,559,598
54336,559,599
54337,559,600
54338,559,601
54339,559,602
54340,559,603
54341,559,604
54342,559,605
54343,559,606
54344,559,607
54345,559,608
54346,559,609
54347,559,610
54348,559,611
54349,559,612
54350,559,613
54351,559,614
54352,559,615
54353,559,616
54354,559,617
54355,559,618
54356,559,619
54357,559,620
54358,559,621
54359,559,622
54360,559,623
54361,559,624
54362,559,625
54363,559,626
54364,559,627
54365,559,628
54366,559,629
54367,559,630
54368,559,631
54369,559,632
54370,559,633
54371,559,634
54372,559,635
54373,559,636
54374,559,637
54375,559,638
54376,559,639
54377,559,640
54378,560,473
54379,560,474
54380,560,475
54381,560,476
54382,560,477
54383,560,478
54384,560,479
54385,560,480
54386,560,481
54387,560,482
54388,560,483
54389,560,484
54390,560,485
54391,560,486
54392,560,487
54393,560,488
54394,560,489
54395,560,490
54396,560,491
54397,560,492
54398,560,493
54399,560,494
54400,560,495
54401,560,496
54402,560,497
54403,560,498
54404,560,499
54405,560,500
54406,560,501
54407,560,502
54408,560,503
54409,560,504
54410,560,505
54411,560,506
54412,560,507
54413,560,508
54414,560,509
54415,560,510
54416,560,511
54417,560,512
54418,560,513
54419,560,514
54420,560,515
54421,560,516
54422,560,517
54423,560,518
54424,560,519
54425,560,520
54426,560,521
54427,560,522
54428,560,523
54429,560,524
54430,560,525
54431,560,526
54432,560,527
54433,560,528
54434,560,529
54435,560,530
54436,560,531
54437,560,532
54438,560,533
54439,560,534
54440,560,535
54441,560,536
54442,560,537
54443,560,538
54444,560,539
54445,560,540
54446,560,541
54447,560,542
54448,560,543
54449,560,544
54450,560,545
54451,560,546
54452,560,547
54453,560,548
54454,560,549
54455,560,550
54456,560,551
54457,560,552
54458,560,553
54459,560,554
54460,560,555
54461,560,556
54462,560,557
54463,560,558
54464,560,559
54465,560,560
54466,560,561
54467,560,562
54468,560,563
54469,560,564
54470,560,565
54471,560,566
54472,560,567
54473,560,568
54474,560,569
54475,560,570
54476,560,571
54477,560,572
54478,560,573
54479,560,574
54480,560,575
54481,560,576
54482,560,577
54483,560,578
54484,560,579
54485,560,580
54486,560,581
54487,560,582
54488,560,583
54489,560,584
54490,560,585
54491,560,586
54492,560,587
54493,560,588
54494,560,589
54495,560,590
54496,560,591
54497,560,592
54498,560,593
54499,560,594
54500,560,595
54501,560,596
54502,560,597
54503,560,598
54504,560,599
54505,560,600
54506,560,601
54507,560,602
54508,560,603
54509,560,604
54510,560,605
54511,560,606
54512,560,607
54513,560,608
54514,560,609
54515,560,610
54516,560,611
54517,560,612
54518,560,613
54519,560,614
54520,560,615
54521,560,616
54522,560,617
54523,560,618
54524,560,619
54525,560,620
54526,560,621
54527,560,622
54528,560,623
54529,560,624
54530,560,625
54531,560,626
54532,560,627
54533,560,628
54534,560,629
54535,560,630
54536,560,631
54537,560,632
54538,560,633
54539,560,634
54540,560,635
54541,560,636
54542,560,637
54543,560,638
54544,560,639
54545,560,640
54546,560,641
54547,561,473
54548,561,474
54549,561,475
54550,561,476
54551,561,477
54552,561,478
54553,561,479
54554,561,480
54555,561,481
54556,561,482
54557,561,483
54558,561,484
54559,561,485
54560,561,486
54561,561,487
54562,561,488
54563,561,489
54564,561,490
54565,561,491
54566,561,492
54567,561,493
54568,561,494
54569,561,495
54570,561,496
54571,561,497
54572,561,498
54573,561,499
54574,561,500
54575,561,501
54576,561,502
54577,561,503
54578,561,504
54579,561,505
54580,561,506
54581,561,507
54582,561,508
54583,561,509
54584,561,510
54585,561,511
54586,561,512
54587,561,513
54588,561,514
54589,561,515
54590,561,516
54591,561,517
54592,561,518
54593,561,519
54594,561,520
54595,561,521
54596,561,522
54597,561,523
54598,561,524
54599,561,525
54600,561,526
54601,561,527
54602,561,528
54603,561,529
54604,561,530
54605,561,531
54606,561,532
54607,561,533
54608,561,534
54609,561,535
54610,561,536
54611,561,537
54612,561,538
54613,561,539
54614,561,540
54615,561,541
54616,561,542
54617,561,543
54618,561,544
54619,561,545
54620,561,546
54621,561,547
54622,561,548
54623,561,549
54624,561,550
54625,561,551
54626,561,552
54627,561,553
54628,561,554
54629,561,555
54630,561,556
54631,561,557
54632,561,558
54633,561,559
54634,561,560
54635,561,561
54636,561,562
54637,561,563
54638,561,564
54639,561,565
54640,561,566
54641,561,567
54642,561,568
54643,561,569
54644,561,570
54645,561,571
54646,561,572
54647,561,573
54648,561,574
54649,561,575
54650,561,576
54651,561,577
54652,561,578
54653,561,579
54654,561,580
54655,561,581
54656,561,582
54657,561,583
54658,561,584
54659,561,585
54660,561,586
54661,561,587
54662,561,588
54663,561,589
54664,561,590
54665,561,591
54666,561,592
54667,561,593
54668,561,594
54669,561,595
54670,561,596
54671,561,597
54672,561,598
54673,561,599
54674,561,600
54675,561,601
54676,561,602
54677,561,603
54678,561,604
54679,561,605
54680,561,606
54681,561,607
54682,561,608
54683,561,609
54684,561,610
54685,561,611
54686,561,612
54687,561,613
54688,561,614
54689,561,615
54690,561,616
54691,561,617
54692,561,618
54693,561,619
54694,561,620
54695,561,621
54696,561,622
54697,561,623
54698,561,624
54699,561,625
54700,561,626
54701,561,627
54702,561,628
54703,561,629
54704,561,630
54705,561,631
54706,561,632
54707,561,633
54708,561,634
54709,561,635
54710,561,636
54711,561,637
54712,561,638
54713,561,639
54714,561,640
54715,561,641
54716,561,642
54717,562,472
54718,562,473
54719,562,474
54720,562,475
54721,562,476
54722,562,477
54723,562,478
54724,562,479
54725,562,480
54726,562,481
54727,562,482
54728,562,483
54729,562,484
54730,562,485
54731,562,486
54732,562,487
54733,562,488
54734,562,489
54735,562,490
54736,562,491
54737,562,492
54738,562,493
54739,562,494
54740,562,495
54741,562,496
54742,562,497
54743,562,498
54744,562,499
54745,562,500
54746,562,501
54747,562,502
54748,562,503
54749,562,504
54750,562,505
54751,562,506
54752,562,507
54753,562,508
54754,562,509
54755,562,510
54756,562,511
54757,562,512
54758,562,513
54759,562,514
54760,562,515
54761,562,516
54762,562,517
54763,562,518
54764,562,519
54765,562,520
54766,562,521
54767,562,522
54768,562,523
54769,562,524
54770,562,525
54771,562,526
54772,562,527
54773,562,528
54774,562,529
54775,562,530
54776,562,531
54777,562,532
54778,562,533
54779,562,534
54780,562,535
54781,562,536
54782,562,537
54783,562,538
54784,562,539
54785,562,540
54786,562,541
54787,562,542
54788,562,543
54789,562,544
54790,562,545
54791,562,546
54792,562,547
54793,562,548
54794,562,549
54795,562,550
54796,562,551
54797,562,552
54798,562,553
54799,562,554
54800,562,555
54801,562,556
54802,562,557
54803,562,558
54804,562,559
54805,562,560
54806,562,561
54807,562,562
54808,562,563
54809,562,564
54810,562,565
54811,562,566
54812,562,567
54813,562,568
54814,562,569
54815,562,570
54816,562,571
54817,562,572
54818,562,573
54819,562,574
54820,562,575
54821,562,576
54822,562,577
54823,562,578
54824,562,579
54825,562,580
54826,562,581
54827,562,582
54828,562,583
54829,562,584
54830,562,585
54831,562,586
54832,562,587
54833,562,588
54834,562,589
54835,562,590
54836,562,591
54837,562,592
54838,562,593
54839,562,594
54840,562,595
54841,562,596
54842,562,597
54843,562,598
54844,562,599
54845,562,600
54846,562,601
54847,562,602
54848,562,603
54849,562,604
54850,562,605
54851,562,606
54852,562,607
54853,562,608
54854,562,609
54855,562,610
54856,562,611
54857,562,612
54858,562,613
54859,562,614
54860,562,615
54861,562,616
54862,562,617
54863,562,618
54864,562,619
54865,562,620
54866,562,621
54867,562,622
54868,562,623
54869,562,624
54870,562,625
54871,562,626
54872,562,627
54873,562,628
54874,562,629
54875,562,630
54876,562,631
54877,562,632
54878,562,633
54879,562,634
54880,562,635
54881,562,636
54882,562,637
54883,562,638
54884,562,639
54885,562,640
54886,562,641
54887,562,642
54888,563,472
54889,563,473
54890,563,474
54891,563,475
54892,563,476
54893,563,477
54894,563,478
54895,563,479
54896,563,480
54897,563,481
54898,563,482
54899,563,483
54900,563,484
54901,563,485
54902,563,486
54903,563,487
54904,563,488
54905,563,489
54906,563,490
54907,563,491
54908,563,492
54909,563,493
54910,563,494
54911,563,495
54912,563,496
54913,563,497
54914,563,498
54915,563,499
54916,563,500
54917,563,501
54918,563,502
54919,563,503
54920,563,504
54921,563,505
54922,563,506
54923,563,507
54924,563,508
54925,563,509
54926,563,510
54927,563,511
54928,563,512
54929,563,513
54930,563,514
54931,563,515
54932,563,516
54933,563,517
54934,563,518
54935,563,519
54936,563,520
54937,563,521
54938,563,522
54939,563,523
54940,563,524
54941,563,525
54942,563,526
54943,563,527
54944,563,528
54945,563,529
54946,563,530
54947,563,531
54948,563,532
54949,563,533
54950,563,534
54951,563,535
54952,563,536
54953,563,537
54954,563,538
54955,563,539
54956,563,540
54957,563,541
54958,563,542
54959,563,543
54960,563,544
54961,563,545
54962,563,546
54963,563,547
54964,563,548
54965,563,549
54966,563,550
54967,563,551
54968,563,552
54969,563,553
54970,563,554
54971,563,555
54972,563,556
54973,563,557
54974,563,558
54975,563,559
54976,563,560
54977,563,561
54978,563,562
54979,563,563
54980,563,564
54981,563,565
54982,563,566
54983,563,567
54984,563,568
54985,563,569
54986,563,570
54987,563,571
54988,563,572
54989,563,573
54990,563,574
54991,563,575
54992,563,576
54993,563,577
54994,563,578
54995,563,579
54996,563,580
54997,563,581
54998,563,582
54999,563,583
55000,563,584
55001,563,585
55002,563,586
55003,563,587
55004,563,588
55005,563,589
55006,563,590
55007,563,591
55008,563,592
55009,563,593
55010,563,594
55011,563,595
55012,563,596
55013,563,597
55014,563,598
55015,563,599
55016,563,600
55017,563,601
55018,563,602
55019,563,603
55020,563,604
55021,563,605
55022,563,606
55023,563,607
55024,563,608
55025,563,609
55026,563,610
55027,563,611
55028,563,612
55029,563,613
55030,563,614
55031,563,615
55032,563,616
55033,563,617
55034,563,618
55035,563,619
55036,563,620
55037,563,621
55038,563,622
55039,563,623
55040,563,624
55041,563,625
55042,563,626
55043,563,627
55044,563,628
55045,563,629
55046,563,630
55047,563,631
55048,563,632
55049,563,633
55050,563,634
55051,563,635
55052,563,636
55053,563,637
55054,563,638
55055,563,639
55056,563,640
55057,563,641
55058,563,642
55059,563,643
55060,564,472
55061,564,473
55062,564,474
55063,564,475
55064,564,476
55065,564,477
55066,564,478
55067,564,479
55068,564,480
55069,564,481
55070,564,482
55071,564,483
55072,564,484
55073,564,485
55074,564,486
55075,564,487
55076,564,488
55077,564,489
55078,564,490
55079,564,491
55080,564,492
55081,564,493
55082,564,494
55083,564,495
55084,564,496
55085,564,497
55086,564,498
55087,564,499
55088,564,500
55089,564,501
55090,564,502
55091,564,503
55092,564,504
55093,564,505
55094,564,506
55095,564,507
55096,564,508
55097,564,509
55098,564,510
55099,564,511
55100,564,512
55101,564,513
55102,564,514
55103,564,515
55104,564,516
55105,564,517
55106,564,518
55107,564,519
55108,564,520
55109,564,521
55110,564,522
55111,564,523
55112,564,524
55113,564,525
55114,564,526
55115,564,527
55116,564,528
55117,564,529
55118,564,530
55119,564,531
55120,564,532
55121,564,533
55122,564,534
55123,564,535
55124,564,536
55125,564,537
55126,564,538
55127,564,539
55128,564,540
55129,564,541
55130,564,542
55131,564,543
55132,564,544
55133,564,545
55134,564,546
55135,564,547
55136,564,548
55137,564,549
55138,564,550
55139,564,551
55140,564,552
55141,564,553
55142,564,554
55143,564,555
55144,564,556
55145,564,557
55146,564,558
55147,564,559
55148,564,560
55149,564,561
55150,564,562
55151,564,563
55152,564,564
55153,564,565
55154,564,566
55155,564,567
55156,564,568
55157,564,569
55158,564,570
55159,564,571
55160,564,572
55161,564,573
55162,564,574
55163,564,575
55164,564,576
55165,564,577
55166,564,578
55167,564,579
55168,564,580
55169,564,581
55170,564,582
55171,564,583
55172,564,584
55173,564,585
55174,564,586
55175,564,587
55176,564,588
55177,564,589
55178,564,590
55179,564,591
55180,564,592
55181,564,593
55182,564,594
55183,564,595
55184,564,596
55185,564,597
55186,564,598
55187,564,599
55188,564,600
55189,564,601
55190,564,602
55191,564,603
55192,564,604
55193,564,605
55194,564,606
55195,564,607
55196,564,608
55197,564,609
55198,564,610
55199,564,611
55200,564,612
55201,564,613
55202,564,614
55203,564,615
55204,564,616
55205,564,617
55206,564,618
55207,564,619
55208,564,620
55209,564,621
55210,564,622
55211,564,623
55212,564,624
55213,564,625
55214,564,626
55215,564,627
55216,564,628
55217,564,629
55218,564,630
55219,564,631
55220,564,632
55221,564,633
55222,564,634
55223,564,635
55224,564,636
55225,564,637
55226,564,638
55227,564,639
55228,564,640
55229,564,641
55230,564,642
55231,564,643
55232,565,472
55233,565,473
55234,565,474
55235,565,475
55236,565,476
55237,565,477
55238,565,478
55239,565,479
55240,565,480
55241,565,481
55242,565,482
55243,565,483
55244,565,484
55245,565,485
55246,565,486
55247,565,487
55248,565,488
55249,565,489
55250,565,490
55251,565,491
55252,565,492
55253,565,493
55254,565,494
55255,565,495
55256,565,496
55257,565,497
55258,565,498
55259,565,499
55260,565,500
55261,565,501
55262,565,502
55263,565,503
55264,565,504
55265,565,505
55266,565,506
55267,565,507
55268,565,508
55269,565,509
55270,565,510
55271,565,511
55272,565,512
55273,565,513
55274,565,514
55275,565,515
55276,565,516
55277,565,517
55278,565,518
55279,565,519
55280,565,520
55281,565,521
55282,565,522
55283,565,523
55284,565,524
55285,565,525
55286,565,526
55287,565,527
55288,565,528
55289,565,529
55290,565,530
55291,565,531
55292,565,532
55293,565,533
55294,565,534
55295,565,535
55296,565,536
55297,565,537
55298,565,538
55299,565,539
55300,565,540
55301,565,541
55302,565,542
55303,565,543
55304,565,544
55305,565,545
55306,565,546
55307,565,547
55308,565,548
55309,565,549
55310,565,550
55311,565,551
55312,565,552
55313,565,553
55314,565,554
55315,565,555
55316,565,556
55317,565,557
55318,565,558
55319,565,559
55320,565,560
55321,565,561
55322,565,562
55323,565,563
55324,565,564
55325,565,565
55326,565,566
55327,565,567
55328,565,568
55329,565,569
55330,565,570
55331,565,571
55332,565,572
55333,565,573
55334,565,574
55335,565,575
55336,565,576
55337,565,577
55338,565,578
55339,565,579
55340,565,580
55341,565,581
55342,565,582
55343,565,583
55344,565,584
55345,565,585
55346,565,586
55347,565,587
55348,565,588
55349,565,589
55350,565,590
55351,565,591
55352,565,592
55353,565,593
55354,565,594
55355,565,595
55356,565,596
55357,565,597
55358,565,598
55359,565,599
55360,565,600
55361,565,601
55362,565,602
55363,565,603
55364,565,604
55365,565,605
55366,565,606
55367,565,607
55368,565,608
55369,565,609
55370,565,610
55371,565,611
55372,565,612
55373,565,613
55374,565,614
55375,565,615
55376,565,616
55377,565,617
55378,565,618
55379,565,619
55380,565,620
55381,565,621
55382,565,622
55383,565,623
55384,565,624
55385,565,625
55386,565,626
55387,565,627
55388,565,628
55389,565,629
55390,565,630
55391,565,631
55392,565,632
55393,565,633
55394,565,634
55395,565,635
55396,565,636
55397,565,637
55398,565,638
55399,565,639
55400,565,640
55401,565,641
55402,565,642
55403,565,643
55404,565,644
55405,566,472
55406,566,473
55407,566,474
55408,566,475
55409,566,476
55410,566,477
55411,566,478
55412,566,479
55413,566,480
55414,566,481
55415,566,482
55416,566,483
55417,566,484
55418,566,485
55419,566,486
55420,566,487
55421,566,488
55422,566,489
55423,566,490
55424,566,491
55425,566,492
55426,566,493
55427,566,494
55428,566,495
55429,566,496
55430,566,497
55431,566,498
55432,566,499
55433,566,500
55434,566,501
55435,566,502
55436,566,503
55437,566,504
55438,566,505
55439,566,506
55440,566,507
55441,566,508
55442,566,509
55443,566,510
55444,566,511
55445,566,512
55446,566,513
55447,566,514
55448,566,515
55449,566,516
55450,566,517
55451,566,518
55452,566,519
55453,566,520
55454,566,521
55455,566,522
55456,566,523
55457,566,524
55458,566,525
55459,566,526
55460,566,527
55461,566,528
55462,566,529
55463,566,530
55464,566,531
55465,566,532
55466,566,533
55467,566,534
55468,566,535
55469,566,536
55470,566,537
55471,566,538
55472,566,539
55473,566,540
55474,566,541
55475,566,542
55476,566,543
55477,566,544
55478,566,545
55479,566,546
55480,566,547
55481,566,548
55482,566,549
55483,566,550
55484,566,551
55485,566,552
55486,566,553
55487,566,554
55488,566,555
55489,566,556
55490,566,557
55491,566,558
55492,566,559
55493,566,560
55494,566,561
55495,566,562
55496,566,563
55497,566,564
55498,566,565
55499,566,566
55500,566,567
55501,566,568
55502,566,569
55503,566,570
55504,566,571
55505,566,572
55506,566,573
55507,566,574
55508,566,575
55509,566,576
55510,566,577
55511,566,578
55512,566,579
55513,566,580
55514,566,581
55515,566,582
55516,566,583
55517,566,584
55518,566,585
55519,566,586
55520,566,587
55521,566,588
55522,566,589
55523,566,590
55524,566,591
55525,566,592
55526,566,593
55527,566,594
55528,566,595
55529,566,596
55530,566,597
55531,566,598
55532,566,599
55533,566,600
55534,566,601
55535,566,602
55536,566,603
55537,566,604
55538,566,605
55539,566,606
55540,566,607
55541,566,608
55542,566,609
55543,566,610
55544,566,611
55545,566,612
55546,566,613
55547,566,614
55548,566,615
55549,566,616
55550,566,617
55551,566,618
55552,566,619
55553,566,620
55554,566,621
55555,566,622
55556,566,623
55557,566,624
55558,566,625
55559,566,626
55560,566,627
55561,566,628
55562,566,629
55563,566,630
55564,566,631
55565,566,632
55566,566,633
55567,566,634
55568,566,635
55569,566,636
55570,566,637
55571,566,638
55572,566,639
55573,566,640
55574,566,641
55575,566,642
55576,566,643
55577,566,644
55578,567,472
55579,567,473
55580,567,474
55581,567,475
55582,567,476
55583,567,477
55584,567,478
55585,567,479
55586,567,480
55587,567,481
55588,567,482
55589,567,483
55590,567,484
55591,567,485
55592,567,486
55593,567,487
55594,567,488
55595,567,489
55596,567,490
55597,567,491
55598,567,492
55599,567,493
55600,567,494
55601,567,495
55602,567,496
55603,567,497
55604,567,498
55605,567,499
55606,567,500
55607,567,501
55608,567,502
55609,567,503
55610,567,504
55611,567,505
55612,567,506
55613,567,507
55614,567,508
55615,567,509
55616,567,510
55617,567,511
55618,567,512
55619,567,513
55620,567,514
55621,567,515
55622,567,516
55623,567,517
55624,567,518
55625,567,519
55626,567,520
55627,567,521
55628,567,522
55629,567,523
55630,567,524
55631,567,525
55632,567,526
55633,567,527
55634,567,528
55635,567,529
55636,567,530
55637,567,531
55638,567,532
55639,567,533
55640,567,534
55641,567,535
55642,567,536
55643,567,537
55644,567,538
55645,567,539
55646,567,540
55647,567,541
55648,567,542
55649,567,543
55650,567,544
55651,567,545
55652,567,546
55653,567,547
55654,567,548
55655,567,549
55656,567,550
55657,567,551
55658,567,552
55659,567,553
55660,567,554
55661,567,555
55662,567,556
55663,567,557
55664,567,558
55665,567,559
55666,567,560
55667,567,561
55668,567,562
55669,567,563
55670,567,564
55671,567,565
55672,567,566
55673,567,567
55674,567,568
55675,567,569
55676,567,570
55677,567,571
55678,567,572
55679,567,573
55680,567,574
55681,567,575
55682,567,576
55683,567,577
55684,567,578
55685,567,579
55686,567,580
55687,567,581
55688,567,582
55689,567,583
55690,567,584
55691,567,585
55692,567,586
55693,567,587
55694,567,588
55695,567,589
55696,567,590
55697,567,591
55698,567,592
55699,567,593
55700,567,594
55701,567,595
55702,567,596
55703,567,597
55704,567,598
55705,567,599
55706,567,600
55707,567,601
55708,567,602
55709,567,603
55710,567,604
55711,567,605
55712,567,606
55713,567,607
55714,567,608
55715,567,609
55716,567,610
55717,567,611
55718,567,612
55719,567,613
55720,567,614
55721,567,615
55722,567,616
55723,567,617
55724,567,618
55725,567,619
55726,567,620
55727,567,621
55728,567,622
55729,567,623
55730,567,624
55731,567,625
55732,567,626
55733,567,627
55734,567,628
55735,567,629
55736,567,630
55737,567,631
55738,567,632
55739,567,633
55740,567,634
55741,567,635
55742,567,636
55743,567,637
55744,567,638
55745,567,639
55746,567,640
55747,567,641
55748,567,642
55749,567,643
55750,567,644
55751,567,645
55752,568,472
55753,568,473
55754,568,474
55755,568,475
55756,568,476
55757,568,477
55758,568,478
55759,568,479
55760,568,480
55761,568,481
55762,568,482
55763,568,483
55764,568,484
55765,568,485
55766,568,486
55767,568,487
55768,568,488
55769,568,489
55770,568,490
55771,568,491
55772,568,492
55773,568,493
55774,568,494
55775,568,495
55776,568,496
55777,568,497
55778,568,498
55779,568,499
55780,568,500
55781,568,501
55782,568,502
55783,568,503
55784,568,504
55785,568,505
55786,568,506
55787,568,507
55788,568,508
55789,568,509
55790,568,510
55791,568,511
55792,568,512
55793,568,513
55794,568,514
55795,568,515
55796,568,516
55797,568,517
55798,568,518
55799,568,519
55800,568,520
55801,568,521
55802,568,522
55803,568,523
55804,568,524
55805,568,525
55806,568,526
55807,568,527
55808,568,528
55809,568,529
55810,568,530
55811,568,531
55812,568,532
55813,568,533
55814,568,534
55815,568,535
55816,568,536
55817,568,537
55818,568,538
55819,568,539
55820,568,540
55821,568,541
55822,568,542
55823,568,543
55824,568,544
55825,568,545
55826,568,546
55827,568,547
55828,568,548
55829,568,549
55830,568,550
55831,568,551
55832,568,552
55833,568,553
55834,568,554
55835,568,555
55836,568,556
55837,568,557
55838,568,558
55839,568,559
55840,568,560
55841,568,561
55842,568,562
55843,568,563
55844,568,564
55845,568,565
55846,568,566
55847,568,567
55848,568,568
55849,568,569
55850,568,570
55851,568,571
55852,568,572
55853,568,573
55854,568,574
55855,568,575
55856,568,576
55857,568,577
55858,568,578
55859,568,579
55860,568,580
55861,568,581
55862,568,582
55863,568,583
55864,568,584
55865,568,585
55866,568,586
55867,568,587
55868,568,588
55869,568,589
55870,568,590
55871,568,591
55872,568,592
55873,568,593
55874,568,594
55875,568,595
55876,568,596
55877,568,597
55878,568,598
55879,568,599
55880,568,600
55881,568,601
55882,568,602
55883,568,603
55884,568,604
55885,568,605
55886,568,606
55887,568,607
55888,568,608
55889,568,609
55890,568,610
55891,568,611
55892,568,612
55893,568,613
55894,568,614
55895,568,615
55896,568,616
55897,568,617
55898,568,618
55899,568,619
55900,568,620
55901,568,621
55902,568,622
55903,568,623
55904,568,624
55905,568,625
55906,568,626
55907,568,627
55908,568,628
55909,568,629
55910,568,630
55911,568,631
55912,568,632
55913,568,633
55914,568,634
55915,568,635
55916,568,636
55917,568,637
55918,568,638
55919,568,639
55920,568,640
55921,568,641
55922,568,642
55923,568,643
55924,568,644
55925,568,645
55926,569,472
55927,569,473
55928,569,474
55929,569,475
55930,569,476
55931,569,477
55932,569,478
55933,569,479
55934,569,480
55935,569,481
55936,569,482
55937,569,483
55938,569,484
55939,569,485
55940,569,486
55941,569,487
55942,569,488
55943,569,489
55944,569,490
55945,569,491
55946,569,492
55947,569,493
55948,569,494
55949,569,495
55950,569,496
55951,569,497
55952,569,498
55953,569,499
55954,569,500
55955,569,501
55956,569,502
55957,569,503
55958,569,504
55959,569,505
55960,569,506
55961,569,507
55962,569,508
55963,569,509
55964,569,510
55965,569,511
55966,569,512
55967,569,513
55968,569,514
55969,569,515
55970,569,516
55971,569,517
55972,569,518
55973,569,519
55974,569,520
55975,569,521
55976,569,522
55977,569,523
55978,569,524
55979,569,525
55980,569,526
55981,569,527
55982,569,528
55983,569,529
55984,569,530
55985,569,531
55986,569,532
55987,569,533
55988,569,534
55989,569,535
55990,569,536
55991,569,537
55992,569,538
55993,569,539
55994,569,540
55995,569,541
55996,569,542
55997,569,543
55998,569,544
55999,569,545
56000,569,546
56001,569,547
56002,569,548
56003,569,549
56004,569,550
56005,569,551
56006,569,552
56007,569,553
56008,569,554
56009,569,555
56010,569,556
56011,569,557
56012,569,558
56013,569,559
56014,569,560
56015,569,561
56016,569,562
56017,569,563
56018,569,564
56019,569,565
56020,569,566
56021,569,567
56022,569,568
56023,569,569
56024,569,570
56025,569,571
56026,569,572
56027,569,573
56028,569,574
56029,569,575
56030,569,576
56031,569,577
56032,569,578
56033,569,579
56034,569,580
56035,569,581
56036,569,582
56037,569,583
56038,569,584
56039,569,585
56040,569,586
56041,569,587
56042,569,588
56043,569,589
56044,569,590
56045,569,591
56046,569,592
56047,569,593
56048,569,594
56049,569,595
56050,569,596
56051,569,597
56052,569,598
56053,569,599
56054,569,600
56055,569,601
56056,569,602
56057,569,603
56058,569,604
56059,569,605
56060,569,606
56061,569,607
56062,569,608
56063,569,609
56064,569,610
56065,569,611
56066,569,612
56067,569,613
56068,569,614
56069,569,615
56070,569,616
56071,569,617
56072,569,618
56073,569,619
56074,569,620
56075,569,621
56076,569,622
56077,569,623
56078,569,624
56079,569,625
56080,569,626
56081,569,627
56082,569,628
56083,569,629
56084,569,630
56085,569,631
56086,569,632
56087,569,633
56088,569,634
56089,569,635
56090,569,636
56091,569,637
56092,569,638
56093,569,639
56094,569,640
56095,569,641
56096,569,642
56097,569,643
56098,569,644
56099,569,645
56100,569,646
56101,570,472
56102,570,473
56103,570,474
56104,570,475
56105,570,476
56106,570,477
56107,570,478
56108,570,479
56109,570,480
56110,570,481
56111,570,482
56112,570,483
56113,570,484
56114,570,485
56115,570,486
56116,570,487
56117,570,488
56118,570,489
56119,570,490
56120,570,491
56121,570,492
56122,570,493
56123,570,494
56124,570,495
56125,570,496
56126,570,497
56127,570,498
56128,570,499
56129,570,500
56130,570,501
56131,570,502
56132,570,503
56133,570,504
56134,570,505
56135,570,506
56136,570,507
56137,570,508
56138,570,509
56139,570,510
56140,570,511
56141,570,512
56142,570,513
56143,570,514
56144,570,515
56145,570,516
56146,570,517
56147,570,518
56148,570,519
56149,570,520
56150,570,521
56151,570,522
56152,570,523
56153,570,524
56154,570,525
56155,570,526
56156,570,527
56157,570,528
56158,570,529
56159,570,530
56160,570,531
56161,570,532
56162,570,533
56163,570,534
56164,570,535
56165,570,536
56166,570,537
56167,570,538
56168,570,539
56169,570,540
56170,570,541
56171,570,542
56172,570,543
56173,570,544
56174,570,545
56175,570,546
56176,570,547
56177,570,548
56178,570,549
56179,570,550
56180,570,551
56181,570,552
56182,570,553
56183,570,554
56184,570,555
56185,570,556
56186,570,557
56187,570,558
56188,570,559
56189,570,560
56190,570,561
56191,570,562
56192,570,563
56193,570,564
56194,570,565
56195,570,566
56196,570,567
56197,570,568
56198,570,569
56199,570,570
56200,570,571
56201,570,572
56202,570,573
56203,570,574
56204,570,575
56205,570,576
56206,570,577
56207,570,578
56208,570,579
56209,570,580
56210,570,581
56211,570,582
56212,570,583
56213,570,584
56214,570,585
56215,570,586
56216,570,587
56217,570,588
56218,570,589
56219,570,590
56220,570,591
56221,570,592
56222,570,593
56223,570,594
56224,570,595
56225,570,596
56226,570,597
56227,570,598
56228,570,599
56229,570,600
56230,570,601
56231,570,602
56232,570,603
56233,570,604
56234,570,605
56235,570,606
56236,570,607
56237,570,608
56238,570,609
56239,570,610
56240,570,611
56241,570,612
56242,570,613
56243,570,614
56244,570,615
56245,570,616
56246,570,617
56247,570,618
56248,570,619
56249,570,620
56250,570,621
56251,570,622
56252,570,623
56253,570,624
56254,570,625
56255,570,626
56256,570,627
56257,570,628
56258,570,629
56259,570,630
56260,570,631
56261,570,632
56262,570,633
56263,570,634
56264,570,635
56265,570,636
56266,570,637
56267,570,638
56268,570,639
56269,570,640
56270,570,641
56271,570,642
56272,570,643
56273,570,644
56274,570,645
56275,570,646
56276,570,647
56277,571,471
56278,571,472
56279,571,473
56280,571,474
56281,571,475
56282,571,476
56283,571,477
56284,571,478
56285,571,479
56286,571,480
56287,571,481
56288,571,482
56289,571,483
56290,571,484
56291,571,485
56292,571,486
56293,571,487
56294,571,488
56295,571,489
56296,571,490
56297,571,491
56298,571,492
56299,571,493
56300,571,494
56301,571,495
56302,571,496
56303,571,497
56304,571,498
56305,571,499
56306,571,500
56307,571,501
56308,571,502
56309,571,503
56310,571,504
56311,571,505
56312,571,506
56313,571,507
56314,571,508
56315,571,509
56316,571,510
56317,571,511
56318,571,512
56319,571,513
56320,571,514
56321,571,515
56322,571,516
56323,571,517
56324,571,518
56325,571,519
56326,571,520
56327,571,521
56328,571,522
56329,571,523
56330,571,524
56331,571,525
56332,571,526
56333,571,527
56334,571,528
56335,571,529
56336,571,530
56337,571,531
56338,571,532
56339,571,533
56340,571,534
56341,571,535
56342,571,536
56343,571,537
56344,571,538
56345,571,539
56346,571,540
56347,571,541
56348,571,542
56349,571,543
56350,571,544
56351,571,545
56352,571,546
56353,571,547
56354,571,548
56355,571,549
56356,571,550
56357,571,551
56358,571,552
56359,571,553
56360,571,554
56361,571,555
56362,571,556
56363,571,557
56364,571,558
56365,571,559
56366,571,560
56367,571,561
56368,571,562
56369,571,563
56370,571,564
56371,571,565
56372,571,566
56373,571,567
56374,571,568
56375,571,569
56376,571,570
56377,571,571
56378,571,572
56379,571,573
56380,571,574
56381,571,575
56382,571,576
56383,571,577
56384,571,578
56385,571,579
56386,571,580
56387,571,581
56388,571,582
56389,571,583
56390,571,584
56391,571,585
56392,571,586
56393,571,587
56394,571,588
56395,571,589
56396,571,590
56397,571,591
56398,571,592
56399,571,593
56400,571,594
56401,571,595
56402,571,596
56403,571,597
56404,571,598
56405,571,599
56406,571,600
56407,571,601
56408,571,602
56409,571,603
56410,571,604
56411,571,605
56412,571,606
56413,571,607
56414,571,608
56415,571,609
56416,571,610
56417,571,611
56418,571,612
56419,571,613
56420,571,614
56421,571,615
56422,571,616
56423,571,617
56424,571,618
56425,571,619
56426,571,620
56427,571,621
56428,571,622
56429,571,623
56430,571,624
56431,571,625
56432,571,626
56433,571,627
56434,571,628
56435,571,629
56436,571,630
56437,571,631
56438,571,632
56439,571,633
56440,571,634
56441,571,635
56442,571,636
56443,571,637
56444,571,638
56445,571,639
56446,571,640
56447,571,641
56448,571,642
56449,571,643
56450,571,644
56451,571,645
56452,571,646
56453,571,647
56454,571,648
56455,572,471
56456,572,472
56457,572,473
56458,572,474
56459,572,475
56460,572,476
56461,572,477
56462,572,478
56463,572,479
56464,572,480
56465,572,481
56466,572,482
56467,572,483
56468,572,484
56469,572,485
56470,572,486
56471,572,487
56472,572,488
56473,572,489
56474,572,490
56475,572,491
56476,572,492
56477,572,493
56478,572,494
56479,572,495
56480,572,496
56481,572,497
56482,572,498
56483,572,499
56484,572,500
56485,572,501
56486,572,502
56487,572,503
56488,572,504
56489,572,505
56490,572,506
56491,572,507
56492,572,508
56493,572,509
56494,572,510
56495,572,511
56496,572,512
56497,572,513
56498,572,514
56499,572,515
56500,572,516
56501,572,517
56502,572,518
56503,572,519
56504,572,520
56505,572,521
56506,572,522
56507,572,523
56508,572,524
56509,572,525
56510,572,526
56511,572,527
56512,572,528
56513,572,529
56514,572,530
56515,572,531
56516,572,532
56517,572,533
56518,572,534
56519,572,535
56520,572,536
56521,572,537
56522,572,538
56523,572,539
56524,572,540
56525,572,541
56526,572,542
56527,572,543
56528,572,544
56529,572,545
56530,572,546
56531,572,547
56532,572,548
56533,572,549
56534,572,550
56535,572,551
56536,572,552
56537,572,553
56538,572,554
56539,572,555
56540,572,556
56541,572,557
56542,572,558
56543,572,559
56544,572,560
56545,572,561
56546,572,562
56547,572,563
56548,572,564
56549,572,565
56550,572,566
56551,572,567
56552,572,568
56553,572,569
56554,572,570
56555,572,571
56556,572,572
56557,572,573
56558,572,574
56559,572,575
56560,572,576
56561,572,577
56562,572,578
56563,572,579
56564,572,580
56565,572,581
56566,572,582
56567,572,583
56568,572,584
56569,572,585
56570,572,586
56571,572,587
56572,572,588
56573,572,589
56574,572,590
56575,572,591
56576,572,592
56577,572,593
56578,572,594
56579,572,595
56580,572,596
56581,572,597
56582,572,598
56583,572,599
56584,572,600
56585,572,601
56586,572,602
56587,572,603
56588,572,604
56589,572,605
56590,572,606
56591,572,607
56592,572,608
56593,572,609
56594,572,610
56595,572,611
56596,572,612
56597,572,613
56598,572,614
56599,572,615
56600,572,616
56601,572,617
56602,572,618
56603,572,619
56604,572,620
56605,572,621
56606,572,622
56607,572,623
56608,572,624
56609,572,625
56610,572,626
56611,572,627
56612,572,628
56613,572,629
56614,572,630
56615,572,631
56616,572,632
56617,572,633
56618,572,634
56619,572,635
56620,572,636
56621,572,637
56622,572,638
56623,572,639
56624,572,640
56625,572,641
56626,572,642
56627,572,643
56628,572,644
56629,572,645
56630,572,646
56631,572,647
56632,572,648
56633,572,649
56634,573,471
56635,573,472
56636,573,473
56637,573,474
56638,573,475
56639,573,476
56640,573,477
56641,573,478
56642,573,479
56643,573,480
56644,573,481
56645,573,482
56646,573,483
56647,573,484
56648,573,485
56649,573,486
56650,573,487
56651,573,488
56652,573,489
56653,573,490
56654,573,491
56655,573,492
56656,573,493
56657,573,494
56658,573,495
56659,573,496
56660,573,497
56661,573,498
56662,573,499
56663,573,500
56664,573,501
56665,573,502
56666,573,503
56667,573,504
56668,573,505
56669,573,506
56670,573,507
56671,573,508
56672,573,509
56673,573,510
56674,573,511
56675,573,512
56676,573,513
56677,573,514
56678,573,515
56679,573,516
56680,573,517
56681,573,518
56682,573,519
56683,573,520
56684,573,521
56685,573,522
56686,573,523
56687,573,524
56688,573,525
56689,573,526
56690,573,527
56691,573,528
56692,573,529
56693,573,530
56694,573,531
56695,573,532
56696,573,533
56697,573,534
56698,573,535
56699,573,536
56700,573,537
56701,573,538
56702,573,539
56703,573,540
56704,573,541
56705,573,542
56706,573,543
56707,573,544
56708,573,545
56709,573,546
56710,573,547
56711,573,548
56712,573,549
56713,573,550
56714,573,551
56715,573,552
56716,573,553
56717,573,554
56718,573,555
56719,573,556
56720,573,557
56721,573,558
56722,573,559
56723,573,560
56724,573,561
56725,573,562
56726,573,563
56727,573,564
56728,573,565
56729,573,566
56730,573,567
56731,573,568
56732,573,569
56733,573,570
56734,573,571
56735,573,572
56736,573,573
56737,573,574
56738,573,575
56739,573,576
56740,573,577
56741,573,578
56742,573,579
56743,573,580
56744,573,581
56745,573,582
56746,573,583
56747,573,584
56748,573,585
56749,573,586
56750,573,587
56751,573,588
56752,573,589
56753,573,590
56754,573,591
56755,573,592
56756,573,593
56757,573,594
56758,573,595
56759,573,596
56760,573,597
56761,573,598
56762,573,599
56763,573,600
56764,573,601
56765,573,602
56766,573,603
56767,573,604
56768,573,605
56769,573,606
56770,573,607
56771,573,608
56772,573,609
56773,573,610
56774,573,611
56775,573,612
56776,573,613
56777,573,614
56778,573,615
56779,573,616
56780,573,617
56781,573,618
56782,573,619
56783,573,620
56784,573,621
56785,573,622
56786,573,623
56787,573,624
56788,573,625
56789,573,626
56790,573,627
56791,573,628
56792,573,629
56793,573,630
56794,573,631
56795,573,632
56796,573,633
56797,573,634
56798,573,635
56799,573,636
56800,573,637
56801,573,638
56802,573,639
56803,573,640
56804,573,641
56805,573,642
56806,573,643
56807,573,644
56808,573,645
56809,573,646
56810,573,647
56811,573,648
56812,573,649
56813,574,470
56814,574,471
56815,574,472
56816,574,473
56817,574,474
56818,574,475
56819,574,476
56820,574,477
56821,574,478
56822,574,479
56823,574,480
56824,574,481
56825,574,482
56826,574,483
56827,574,484
56828,574,485
56829,574,486
56830,574,487
56831,574,488
56832,574,489
56833,574,490
56834,574,491
56835,574,492
56836,574,493
56837,574,494
56838,574,495
56839,574,496
56840,574,497
56841,574,498
56842,574,499
56843,574,500
56844,574,501
56845,574,502
56846,574,503
56847,574,504
56848,574,505
56849,574,506
56850,574,507
56851,574,508
56852,574,509
56853,574,510
56854,574,511
56855,574,512
56856,574,513
56857,574,514
56858,574,515
56859,574,516
56860,574,517
56861,574,518
56862,574,519
56863,574,520
56864,574,521
56865,574,522
56866,574,523
56867,574,524
56868,574,525
56869,574,526
56870,574,527
56871,574,528
56872,574,529
56873,574,530
56874,574,531
56875,574,532
56876,574,533
56877,574,534
56878,574,535
56879,574,536
56880,574,537
56881,574,538
56882,574,539
56883,574,540
56884,574,541
56885,574,542
56886,574,543
56887,574,544
56888,574,545
56889,574,546
56890,574,547
56891,574,548
56892,574,549
56893,574,550
56894,574,551
56895,574,552
56896,574,553
56897,574,554
56898,574,555
56899,574,556
56900,574,557
56901,574,558
56902,574,559
56903,574,560
56904,574,561
56905,574,562
56906,574,563
56907,574,564
56908,574,565
56909,574,566
56910,574,567
56911,574,568
56912,574,569
56913,574,570
56914,574,571
56915,574,572
56916,574,573
56917,574,574
56918,574,575
56919,574,576
56920,574,577
56921,574,578
56922,574,579
56923,574,580
56924,574,581
56925,574,582
56926,574,583
56927,574,584
56928,574,585
56929,574,586
56930,574,587
56931,574,588
56932,574,589
56933,574,590
56934,574,591
56935,574,592
56936,574,593
56937,574,594
56938,574,595
56939,574,596
56940,574,597
56941,574,598
56942,574,599
56943,574,600
56944,574,601
56945,574,602
56946,574,603
56947,574,604
56948,574,605
56949,574,606
56950,574,607
56951,574,608
56952,574,609
56953,574,610
56954,574,611
56955,574,612
56956,574,613
56957,574,614
56958,574,615
56959,574,616
56960,574,617
56961,574,618
56962,574,619
56963,574,620
56964,574,621
56965,574,622
56966,574,623
56967,574,624
56968,574,625
56969,574,626
56970,574,627
56971,574,628
56972,574,629
56973,574,630
56974,574,631
56975,574,632
56976,574,633
56977,574,634
56978,574,635
56979,574,636
56980,574,637
56981,574,638
56982,574,639
56983,574,640
56984,574,641
56985,574,642
56986,574,643
56987,574,644
56988,574,645
56989,574,646
56990,574,647
56991,574,648
56992,574,649
56993,574,650
56994,575,470
56995,575,471
56996,575,472
56997,575,473
56998,575,474
56999,575,475
57000,575,476
57001,575,477
57002,575,478
57003,575,479
57004,575,480
57005,575,481
57006,575,482
57007,575,483
57008,575,484
57009,575,485
57010,575,486
57011,575,487
57012,575,488
57013,575,489
57014,575,490
57015,575,491
57016,575,492
57017,575,493
57018,575,494
57019,575,495
57020,575,496
57021,575,497
57022,575,498
57023,575,499
57024,575,500
57025,575,501
57026,575,502
57027,575,503
57028,575,504
57029,575,505
57030,575,506
57031,575,507
57032,575,508
57033,575,509
57034,575,510
57035,575,511
57036,575,512
57037,575,513
57038,575,514
57039,575,515
57040,575,516
57041,575,517
57042,575,518
57043,575,519
57044,575,520
57045,575,521
57046,575,522
57047,575,523
57048,575,524
57049,575,525
57050,575,526
57051,575,527
57052,575,528
57053,575,529
57054,575,530
57055,575,531
57056,575,532
57057,575,533
57058,575,534
57059,575,535
57060,575,536
57061,575,537
57062,575,538
57063,575,539
57064,575,540
57065,575,541
57066,575,542
57067,575,543
57068,575,544
57069,575,545
57070,575,546
57071,575,547
57072,575,548
57073,575,549
57074,575,550
57075,575,551
57076,575,552
57077,575,553
57078,575,554
57079,575,555
57080,575,556
57081,575,557
57082,575,558
57083,575,559
57084,575,560
57085,575,561
57086,575,562
57087,575,563
57088,575,564
57089,575,565
57090,575,566
57091,575,567
57092,575,568
57093,575,569
57094,575,570
57095,575,571
57096,575,572
57097,575,573
57098,575,574
57099,575,575
57100,575,576
57101,575,577
57102,575,578
57103,575,579
57104,575,580
57105,575,581
57106,575,582
57107,575,583
57108,575,584
57109,575,585
57110,575,586
57111,575,587
57112,575,588
57113,575,589
57114,575,590
57115,575,591
57116,575,592
57117,575,593
57118,575,594
57119,575,595
57120,575,596
57121,575,597
57122,575,598
57123,575,599
57124,575,600
57125,575,601
57126,575,602
57127,575,603
57128,575,604
57129,575,605
57130,575,606
57131,575,607
57132,575,608
57133,575,609
57134,575,610
57135,575,611
57136,575,612
57137,575,613
57138,575,614
57139,575,615
57140,575,616
57141,575,617
57142,575,618
57143,575,619
57144,575,620
57145,575,621
57146,575,622
57147,575,623
57148,575,624
57149,575,625
57150,575,626
57151,575,627
57152,575,628
57153,575,629
57154,575,630
57155,575,631
57156,575,632
57157,575,633
57158,575,634
57159,575,635
57160,575,636
57161,575,637
57162,575,638
57163,575,639
57164,575,640
57165,575,641
57166,575,642
57167,575,643
57168,575,644
57169,575,645
57170,575,646
57171,575,647
57172,575,648
57173,575,649
57174,575,650
57175,575,651
57176,576,470
57177,576,471
57178,576,472
57179,576,473
57180,576,474
57181,576,475
57182,576,476
57183,576,477
57184,576,478
57185,576,479
57186,576,480
57187,576,481
57188,576,482
57189,576,483
57190,576,484
57191,576,485
57192,576,486
57193,576,487
57194,576,488
57195,576,489
57196,576,490
57197,576,491
57198,576,492
57199,576,493
57200,576,494
57201,576,495
57202,576,496
57203,576,497
57204,576,498
57205,576,499
57206,576,500
57207,576,501
57208,576,502
57209,576,503
57210,576,504
57211,576,505
57212,576,506
57213,576,507
57214,576,508
57215,576,509
57216,576,510
57217,576,511
57218,576,512
57219,576,513
57220,576,514
57221,576,515
57222,576,516
57223,576,517
57224,576,518
57225,576,519
57226,576,520
57227,576,521
57228,576,522
57229,576,523
57230,576,524
57231,576,525
57232,576,526
57233,576,527
57234,576,528
57235,576,529
57236,576,530
57237,576,531
57238,576,532
57239,576,533
57240,576,534
57241,576,535
57242,576,536
57243,576,537
57244,576,538
57245,576,539
57246,576,540
57247,576,541
57248,576,542
57249,576,543
57250,576,544
57251,576,545
57252,576,546
57253,576,547
57254,576,548
57255,576,549
57256,576,550
57257,576,551
57258,576,552
57259,576,553
57260,576,554
57261,576,555
57262,576,556
57263,576,557
57264,576,558
57265,576,559
57266,576,560
57267,576,561
57268,576,562
57269,576,563
57270,576,564
57271,576,565
57272,576,566
57273,576,567
57274,576,568
57275,576,569
57276,576,570
57277,576,571
57278,576,572
57279,576,573
57280,576,574
57281,576,575
57282,576,576
57283,576,577
57284,576,578
57285,576,579
57286,576,580
57287,576,581
57288,576,582
57289,576,583
57290,576,584
57291,576,585
57292,576,586
57293,576,587
57294,576,588
57295,576,589
57296,576,590
57297,576,591
57298,576,592
57299,576,593
57300,576,594
57301,576,595
57302,576,596
57303,576,597
57304,576,598
57305,576,599
57306,576,600
57307,576,601
57308,576,602
57309,576,603
57310,576,604
57311,576,605
57312,576,606
57313,576,607
57314,576,608
57315,576,609
57316,576,610
57317,576,611
57318,576,612
57319,576,613
57320,576,614
57321,576,615
57322,576,616
57323,576,617
57324,576,618
57325,576,619
57326,576,620
57327,576,621
57328,576,622
57329,576,623
57330,576,624
57331,576,625
57332,576,626
57333,576,627
57334,576,628
57335,576,629
57336,576,630
57337,576,631
57338,576,632
57339,576,633
57340,576,634
57341,576,635
57342,576,636
57343,576,637
57344,576,638
57345,576,639
57346,576,640
57347,576,641
57348,576,642
57349,576,643
57350,576,644
57351,576,645
57352,576,646
57353,576,647
57354,576,648
57355,576,649
57356,576,650
57357,576,651
57358,576,652
57359,577,469
57360,577,470
57361,577,471
57362,577,472
57363,577,473
57364,577,474
57365,577,475
57366,577,476
57367,577,477
57368,577,478
57369,577,479
57370,577,480
57371,577,481
57372,577,482
57373,577,483
57374,577,484
57375,577,485
57376,577,486
57377,577,487
57378,577,488
57379,577,489
57380,577,490
57381,577,491
57382,577,492
57383,577,493
57384,577,494
57385,577,495
57386,577,496
57387,577,497
57388,577,498
57389,577,499
57390,577,500
57391,577,501
57392,577,502
57393,577,503
57394,577,504
57395,577,505
57396,577,506
57397,577,507
57398,577,508
57399,577,509
57400,577,510
57401,577,511
57402,577,512
57403,577,513
57404,577,514
57405,577,515
57406,577,516
57407,577,517
57408,577,518
57409,577,519
57410,577,520
57411,577,521
57412,577,522
57413,577,523
57414,577,524
57415,577,525
57416,577,526
57417,577,527
57418,577,528
57419,577,529
57420,577,530
57421,577,531
57422,577,532
57423,577,533
57424,577,534
57425,577,535
57426,577,536
57427,577,537
57428,577,538
57429,577,539
57430,577,540
57431,577,541
57432,577,542
57433,577,543
57434,577,544
57435,577,545
57436,577,546
57437,577,547
57438,577,548
57439,577,549
57440,577,550
57441,577,551
57442,577,552
57443,577,553
57444,577,554
57445,577,555
57446,577,556
57447,577,557
57448,577,558
57449,577,559
57450,577,560
57451,577,561
57452,577,562
57453,577,563
57454,577,564
57455,577,565
57456,577,566
57457,577,567
57458,577,568
57459,577,569
57460,577,570
57461,577,571
57462,577,572
57463,577,573
57464,577,574
57465,577,575
57466,577,576
57467,577,577
57468,577,578
57469,577,579
57470,577,580
57471,577,581
57472,577,582
57473,577,583
57474,577,584
57475,577,585
57476,577,586
57477,577,587
57478,577,588
57479,577,589
57480,577,590
57481,577,591
57482,577,592
57483,577,593
57484,577,594
57485,577,595
57486,577,596
57487,577,597
57488,577,598
57489,577,599
57490,577,600
57491,577,601
57492,577,602
57493,577,603
57494,577,604
57495,577,605
57496,577,606
57497,577,607
57498,577,608
57499,577,609
57500,577,610
57501,577,611
57502,577,612
57503,577,613
57504,577,614
57505,577,615
57506,577,616
57507,577,617
57508,577,618
57509,577,619
57510,577,620
57511,577,621
57512,577,622
57513,577,623
57514,577,624
57515,577,625
57516,577,626
57517,577,627
57518,577,628
57519,577,629
57520,577,630
57521,577,631
57522,577,632
57523,577,633
57524,577,634
57525,577,635
57526,577,636
57527,577,637
57528,577,638
57529,577,639
57530,577,640
57531,577,641
57532,577,642
57533,577,643
57534,577,644
57535,577,645
57536,577,646
57537,577,647
57538,577,648
57539,577,649
57540,577,650
57541,577,651
57542,577,652
57543,577,653
57544,578,469
57545,578,470
57546,578,471
57547,578,472
57548,578,473
57549,578,474
57550,578,475
57551,578,476
57552,578,477
57553,578,478
57554,578,479
57555,578,480
57556,578,481
57557,578,482
57558,578,483
57559,578,484
57560,578,485
57561,578,486
57562,578,487
57563,578,488
57564,578,489
57565,578,490
57566,578,491
57567,578,492
57568,578,493
57569,578,494
57570,578,495
57571,578,496
57572,578,497
57573,578,498
57574,578,499
57575,578,500
57576,578,501
57577,578,502
57578,578,503
57579,578,504
57580,578,505
57581,578,506
57582,578,507
57583,578,508
57584,578,509
57585,578,510
57586,578,511
57587,578,512
57588,578,513
57589,578,514
57590,578,515
57591,578,516
57592,578,517
57593,578,518
57594,578,519
57595,578,520
57596,578,521
57597,578,522
57598,578,523
57599,578,524
57600,578,525
57601,578,526
57602,578,527
57603,578,528
57604,578,529
57605,578,530
57606,578,531
57607,578,532
57608,578,533
57609,578,534
57610,578,535
57611,578,536
57612,578,537
57613,578,538
57614,578,539
57615,578,540
57616,578,541
57617,578,542
57618,578,543
57619,578,544
57620,578,545
57621,578,546
57622,578,547
57623,578,548
57624,578,549
57625,578,550
57626,578,551
57627,578,552
57628,578,553
57629,578,554
57630,578,555
57631,578,556
57632,578,557
57633,578,558
57634,578,559
57635,578,560
57636,578,561
57637,578,562
57638,578,563
57639,578,564
57640,578,565
57641,578,566
57642,578,567
57643,578,568
57644,578,569
57645,578,570
57646,578,571
57647,578,572
57648,578,573
57649,578,574
57650,578,575
57651,578,576
57652,578,577
57653,578,578
57654,578,579
57655,578,580
57656,578,581
57657,578,582
57658,578,583
57659,578,584
57660,578,585
57661,578,586
57662,578,587
57663,578,588
57664,578,589
57665,578,590
57666,578,591
57667,578,592
57668,578,593
57669,578,594
57670,578,595
57671,578,596
57672,578,597
57673,578,598
57674,578,599
57675,578,600
57676,578,601
57677,578,602
57678,578,603
57679,578,604
57680,578,605
57681,578,606
57682,578,607
57683,578,608
57684,578,609
57685,578,610
57686,578,611
57687,578,612
57688,578,613
57689,578,614
57690,578,615
57691,578,616
57692,578,617
57693,578,618
57694,578,619
57695,578,620
57696,578,621
57697,578,622
57698,578,623
57699,578,624
57700,578,625
57701,578,626
57702,578,627
57703,578,628
57704,578,629
57705,578,630
57706,578,631
57707,578,632
57708,578,633
57709,578,634
57710,578,635
57711,578,636
57712,578,637
57713,578,638
57714,578,639
57715,578,640
57716,578,641
57717,578,642
57718,578,643
57719,578,644
57720,578,645
57721,578,646
57722,578,647
57723,578,648
57724,578,649
57725,578,650
57726,578,651
57727,578,652
57728,578,653
57729,578,654
57730,579,469
57731,579,470
57732,579,471
57733,579,472
57734,579,473
57735,579,474
57736,579,475
57737,579,476
57738,579,477
57739,579,478
57740,579,479
57741,579,480
57742,579,481
57743,579,482
57744,579,483
57745,579,484
57746,579,485
57747,579,486
57748,579,487
57749,579,488
57750,579,489
57751,579,490
57752,579,491
57753,579,492
57754,579,493
57755,579,494
57756,579,495
57757,579,496
57758,579,497
57759,579,498
57760,579,499
57761,579,500
57762,579,501
57763,579,502
57764,579,503
57765,579,504
57766,579,505
57767,579,506
57768,579,507
57769,579,508
57770,579,509
57771,579,510
57772,579,511
57773,579,512
57774,579,513
57775,579,514
57776,579,515
57777,579,516
57778,579,517
57779,579,518
57780,579,519
57781,579,520
57782,579,521
57783,579,522
57784,579,523
57785,579,524
57786,579,525
57787,579,526
57788,579,527
57789,579,528
57790,579,529
57791,579,530
57792,579,531
57793,579,532
57794,579,533
57795,579,534
57796,579,535
57797,579,536
57798,579,537
57799,579,538
57800,579,539
57801,579,540
57802,579,541
57803,579,542
57804,579,543
57805,579,544
57806,579,545
57807,579,546
57808,579,547
57809,579,548
57810,579,549
57811,579,550
57812,579,551
57813,579,552
57814,579,553
57815,579,554
57816,579,555
57817,579,556
57818,579,557
57819,579,558
57820,579,559
57821,579,560
57822,579,561
57823,579,562
57824,579,563
57825,579,564
57826,579,565
57827,579,566
57828,579,567
57829,579,568
57830,579,569
57831,579,570
57832,579,571
57833,579,572
57834,579,573
57835,579,574
57836,579,575
57837,579,576
57838,579,577
57839,579,578
57840,579,579
57841,579,580
57842,579,581
57843,579,582
57844,579,583
57845,579,584
57846,579,585
57847,579,586
57848,579,587
57849,579,588
57850,579,589
57851,579,590
57852,579,591
57853,579,592
57854,579,593
57855,579,594
57856,579,595
57857,579,596
57858,579,597
57859,579,598
57860,579,599
57861,579,600
57862,579,601
57863,579,602
57864,579,603
57865,579,604
57866,579,605
57867,579,606
57868,579,607
57869,579,608
57870,579,609
57871,579,610
57872,579,611
57873,579,612
57874,579,613
57875,579,614
57876,579,615
57877,579,616
57878,579,617
57879,579,618
57880,579,619
57881,579,620
57882,579,621
57883,579,622
57884,579,623
57885,579,624
57886,579,625
57887,579,626
57888,579,627
57889,579,628
57890,579,629
57891,579,630
57892,579,631
57893,579,632
57894,579,633
57895,579,634
57896,579,635
57897,579,636
57898,579,637
57899,579,638
57900,579,639
57901,579,640
57902,579,641
57903,579,642
57904,579,643
57905,579,644
57906,579,645
57907,579,646
57908,579,647
57909,579,648
57910,579,649
57911,579,650
57912,579,651
57913,579,652
57914,579,653
57915,579,654
57916,579,655
57917,579,656
57918,580,469
57919,580,470
57920,580,471
57921,580,472
57922,580,473
57923,580,474
57924,580,475
57925,580,476
57926,580,477
57927,580,478
57928,580,479
57929,580,480
57930,580,481
57931,580,482
57932,580,483
57933,580,484
57934,580,485
57935,580,486
57936,580,487
57937,580,488
57938,580,489
57939,580,490
57940,580,491
57941,580,492
57942,580,493
57943,580,494
57944,580,495
57945,580,496
57946,580,497
57947,580,498
57948,580,499
57949,580,500
57950,580,501
57951,580,502
57952,580,503
57953,580,504
57954,580,505
57955,580,506
57956,580,507
57957,580,508
57958,580,509
57959,580,510
57960,580,511
57961,580,512
57962,580,513
57963,580,514
57964,580,515
57965,580,516
57966,580,517
57967,580,518
57968,580,519
57969,580,520
57970,580,521
57971,580,522
57972,580,523
57973,580,524
57974,580,525
57975,580,526
57976,580,527
57977,580,528
57978,580,529
57979,580,530
57980,580,531
57981,580,532
57982,580,533
57983,580,534
57984,580,535
57985,580,536
57986,580,537
57987,580,538
57988,580,539
57989,580,540
57990,580,541
57991,580,542
57992,580,543
57993,580,544
57994,580,545
57995,580,546
57996,580,547
57997,580,548
57998,580,549
57999,580,550
58000,580,551
58001,580,552
58002,580,553
58003,580,554
58004,580,555
58005,580,556
58006,580,557
58007,580,558
58008,580,559
58009,580,560
58010,580,561
58011,580,562
58012,580,563
58013,580,564
58014,580,565
58015,580,566
58016,580,567
58017,580,568
58018,580,569
58019,580,570
58020,580,571
58021,580,572
58022,580,573
58023,580,574
58024,580,575
58025,580,576
58026,580,577
58027,580,578
58028,580,579
58029,580,580
58030,580,581
58031,580,582
58032,580,583
58033,580,584
58034,580,585
58035,580,586
58036,580,587
58037,580,588
58038,580,589
58039,580,590
58040,580,591
58041,580,592
58042,580,593
58043,580,594
58044,580,595
58045,580,596
58046,580,597
58047,580,598
58048,580,599
58049,580,600
58050,580,601
58051,580,602
58052,580,603
58053,580,604
58054,580,605
58055,580,606
58056,580,607
58057,580,608
58058,580,609
58059,580,610
58060,580,611
58061,580,612
58062,580,613
58063,580,614
58064,580,615
58065,580,616
58066,580,617
58067,580,618
58068,580,619
58069,580,620
58070,580,621
58071,580,622
58072,580,623
58073,580,624
58074,580,625
58075,580,626
58076,580,627
58077,580,628
58078,580,629
58079,580,630
58080,580,631
58081,580,632
58082,580,633
58083,580,634
58084,580,635
58085,580,636
58086,580,637
58087,580,638
58088,580,639
58089,580,640
58090,580,641
58091,580,642
58092,580,643
58093,580,644
58094,580,645
58095,580,646
58096,580,647
58097,580,648
58098,580,649
58099,580,650
58100,580,651
58101,580,652
58102,580,653
58103,580,654
58104,580,655
58105,580,656
58106,580,657
58107,581,469
58108,581,470
58109,581,471
58110,581,472
58111,581,473
58112,581,474
58113,581,475
58114,581,476
58115,581,477
58116,581,478
58117,581,479
58118,581,480
58119,581,481
58120,581,482
58121,581,483
58122,581,484
58123,581,485
58124,581,486
58125,581,487
58126,581,488
58127,581,489
58128,581,490
58129,581,491
58130,581,492
58131,581,493
58132,581,494
58133,581,495
58134,581,496
58135,581,497
58136,581,498
58137,581,499
58138,581,500
58139,581,501
58140,581,502
58141,581,503
58142,581,504
58143,581,505
58144,581,506
58145,581,507
58146,581,508
58147,581,509
58148,581,510
58149,581,511
58150,581,512
58151,581,513
58152,581,514
58153,581,515
58154,581,516
58155,581,517
58156,581,518
58157,581,519
58158,581,520
58159,581,521
58160,581,522
58161,581,523
58162,581,524
58163,581,525
58164,581,526
58165,581,527
58166,581,528
58167,581,529
58168,581,530
58169,581,531
58170,581,532
58171,581,533
58172,581,534
58173,581,535
58174,581,536
58175,581,537
58176,581,538
58177,581,539
58178,581,540
58179,581,541
58180,581,542
58181,581,543
58182,581,544
58183,581,545
58184,581,546
58185,581,547
58186,581,548
58187,581,549
58188,581,550
58189,581,551
58190,581,552
58191,581,553
58192,581,554
58193,581,555
58194,581,556
58195,581,557
58196,581,558
58197,581,559
58198,581,560
58199,581,561
58200,581,562
58201,581,563
58202,581,564
58203,581,565
58204,581,566
58205,581,567
58206,581,568
58207,581,569
58208,581,570
58209,581,571
58210,581,572
58211,581,573
58212,581,574
58213,581,575
58214,581,576
58215,581,577
58216,581,578
58217,581,579
58218,581,580
58219,581,581
58220,581,582
58221,581,583
58222,581,584
58223,581,585
58224,581,586
58225,581,587
58226,581,588
58227,581,589
58228,581,590
58229,581,591
58230,581,592
58231,581,593
58232,581,594
58233,581,595
58234,581,596
58235,581,597
58236,581,598
58237,581,599
58238,581,600
58239,581,601
58240,581,602
58241,581,603
58242,581,604
58243,581,605
58244,581,606
58245,581,607
58246,581,608
58247,581,609
58248,581,610
58249,581,611
58250,581,612
58251,581,613
58252,581,614
58253,581,615
58254,581,616
58255,581,617
58256,581,618
58257,581,619
58258,581,620
58259,581,621
58260,581,622
58261,581,623
58262,581,624
58263,581,625
58264,581,626
58265,581,627
58266,581,628
58267,581,629
58268,581,630
58269,581,631
58270,581,632
58271,581,633
58272,581,634
58273,581,635
58274,581,636
58275,581,637
58276,581,638
58277,581,639
58278,581,640
58279,581,641
58280,581,642
58281,581,643
58282,581,644
58283,581,645
58284,581,646
58285,581,647
58286,581,648
58287,581,649
58288,581,650
58289,581,651
58290,581,652
58291,581,653
58292,581,654
58293,581,655
58294,581,656
58295,581,657
58296,581,658
58297,582,469
58298,582,470
58299,582,471
58300,582,472
58301,582,473
58302,582,474
58303,582,475
58304,582,476
58305,582,477
58306,582,478
58307,582,479
58308,582,480
58309,582,481
58310,582,482
58311,582,483
58312,582,484
58313,582,485
58314,582,486
58315,582,487
58316,582,488
58317,582,489
58318,582,490
58319,582,491
58320,582,492
58321,582,493
58322,582,494
58323,582,495
58324,582,496
58325,582,497
58326,582,498
58327,582,499
58328,582,500
58329,582,501
58330,582,502
58331,582,503
58332,582,504
58333,582,505
58334,582,506
58335,582,507
58336,582,508
58337,582,509
58338,582,510
58339,582,511
58340,582,512
58341,582,513
58342,582,514
58343,582,515
58344,582,516
58345,582,517
58346,582,518
58347,582,519
58348,582,520
58349,582,521
58350,582,522
58351,582,523
58352,582,524
58353,582,525
58354,582,526
58355,582,527
58356,582,528
58357,582,529
58358,582,530
58359,582,531
58360,582,532
58361,582,533
58362,582,534
58363,582,535
58364,582,536
58365,582,537
58366,582,538
58367,582,539
58368,582,540
58369,582,541
58370,582,542
58371,582,543
58372,582,544
58373,582,545
58374,582,546
58375,582,547
58376,582,548
58377,582,549
58378,582,550
58379,582,551
58380,582,552
58381,582,553
58382,582,554
58383,582,555
58384,582,556
58385,582,557
58386,582,558
58387,582,559
58388,582,560
58389,582,561
58390,582,562
58391,582,563
58392,582,564
58393,582,565
58394,582,566
58395,582,567
58396,582,568
58397,582,569
58398,582,570
58399,582,571
58400,582,572
58401,582,573
58402,582,574
58403,582,575
58404,582,576
58405,582,577
58406,582,578
58407,582,579
58408,582,580
58409,582,581
58410,582,582
58411,582,583
58412,582,584
58413,582,585
58414,582,586
58415,582,587
58416,582,588
58417,582,589
58418,582,590
58419,582,591
58420,582,592
58421,582,593
58422,582,594
58423,582,595
58424,582,596
58425,582,597
58426,582,598
58427,582,599
58428,582,600
58429,582,601
58430,582,602
58431,582,603
58432,582,604
58433,582,605
58434,582,606
58435,582,607
58436,582,608
58437,582,609
58438,582,610
58439,582,611
58440,582,612
58441,582,613
58442,582,614
58443,582,615
58444,582,616
58445,582,617
58446,582,618
58447,582,619
58448,582,620
58449,582,621
58450,582,622
58451,582,623
58452,582,624
58453,582,625
58454,582,626
58455,582,627
58456,582,628
58457,582,629
58458,582,630
58459,582,631
58460,582,632
58461,582,633
58462,582,634
58463,582,635
58464,582,636
58465,582,637
58466,582,638
58467,582,639
58468,582,640
58469,582,641
58470,582,642
58471,582,643
58472,582,644
58473,582,645
58474,582,646
58475,582,647
58476,582,648
58477,582,649
58478,582,650
58479,582,651
58480,582,652
58481,582,653
58482,582,654
58483,582,655
58484,582,656
58485,582,657
58486,582,658
58487,582,659
58488,583,469
58489,583,470
58490,583,471
58491,583,472
58492,583,473
58493,583,474
58494,583,475
58495,583,476
58496,583,477
58497,583,478
58498,583,479
58499,583,480
58500,583,481
58501,583,482
58502,583,483
58503,583,484
58504,583,485
58505,583,486
58506,583,487
58507,583,488
58508,583,489
58509,583,490
58510,583,491
58511,583,492
58512,583,493
58513,583,494
58514,583,495
58515,583,496
58516,583,497
58517,583,498
58518,583,499
58519,583,500
58520,583,501
58521,583,502
58522,583,503
58523,583,504
58524,583,505
58525,583,506
58526,583,507
58527,583,508
58528,583,509
58529,583,510
58530,583,511
58531,583,512
58532,583,513
58533,583,514
58534,583,515
58535,583,516
58536,583,517
58537,583,518
58538,583,519
58539,583,520
58540,583,521
58541,583,522
58542,583,523
58543,583,524
58544,583,525
58545,583,526
58546,583,527
58547,583,528
58548,583,529
58549,583,530
58550,583,531
58551,583,532
58552,583,533
58553,583,534
58554,583,535
58555,583,536
58556,583,537
58557,583,538
58558,583,539
58559,583,540
58560,583,541
58561,583,542
58562,583,543
58563,583,544
58564,583,545
58565,583,546
58566,583,547
58567,583,548
58568,583,549
58569,583,550
58570,583,551
58571,583,552
58572,583,553
58573,583,554
58574,583,555
58575,583,556
58576,583,557
58577,583,558
58578,583,559
58579,583,560
58580,583,561
58581,583,562
58582,583,563
58583,583,564
58584,583,565
58585,583,566
58586,583,567
58587,583,568
58588,583,569
58589,583,570
58590,583,571
58591,583,572
58592,583,573
58593,583,574
58594,583,575
58595,583,576
58596,583,577
58597,583,578
58598,583,579
58599,583,580
58600,583,581
58601,583,582
58602,583,583
58603,583,584
58604,583,585
58605,583,586
58606,583,587
58607,583,588
58608,583,589
58609,583,590
58610,583,591
58611,583,592
58612,583,593
58613,583,594
58614,583,595
58615,583,596
58616,583,597
58617,583,598
58618,583,599
58619,583,600
58620,583,601
58621,583,602
58622,583,603
58623,583,604
58624,583,605
58625,583,606
58626,583,607
58627,583,608
58628,583,609
58629,583,610
58630,583,611
58631,583,612
58632,583,613
58633,583,614
58634,583,615
58635,583,616
58636,583,617
58637,583,618
58638,583,619
58639,583,620
58640,583,621
58641,583,622
58642,583,623
58643,583,624
58644,583,625
58645,583,626
58646,583,627
58647,583,628
58648,583,629
58649,583,630
58650,583,631
58651,583,632
58652,583,633
58653,583,634
58654,583,635
58655,583,636
58656,583,637
58657,583,638
58658,583,639
58659,583,640
58660,583,641
58661,583,642
58662,583,643
58663,583,644
58664,583,645
58665,583,646
58666,583,647
58667,583,648
58668,583,649
58669,583,650
58670,583,651
58671,583,652
58672,583,653
58673,583,654
58674,583,655
58675,583,656
58676,583,657
58677,583,658
58678,583,659
58679,584,469
58680,584,470
58681,584,471
58682,584,472
58683,584,473
58684,584,474
58685,584,475
58686,584,476
58687,584,477
58688,584,478
58689,584,479
58690,584,480
58691,584,481
58692,584,482
58693,584,483
58694,584,484
58695,584,485
58696,584,486
58697,584,487
58698,584,488
58699,584,489
58700,584,490
58701,584,491
58702,584,492
58703,584,493
58704,584,494
58705,584,495
58706,584,496
58707,584,497
58708,584,498
58709,584,499
58710,584,500
58711,584,501
58712,584,502
58713,584,503
58714,584,504
58715,584,505
58716,584,506
58717,584,507
58718,584,508
58719,584,509
58720,584,510
58721,584,511
58722,584,512
58723,584,513
58724,584,514
58725,584,515
58726,584,516
58727,584,517
58728,584,518
58729,584,519
58730,584,520
58731,584,521
58732,584,522
58733,584,523
58734,584,524
58735,584,525
58736,584,526
58737,584,527
58738,584,528
58739,584,529
58740,584,530
58741,584,531
58742,584,532
58743,584,533
58744,584,534
58745,584,535
58746,584,536
58747,584,537
58748,584,538
58749,584,539
58750,584,540
58751,584,541
58752,584,542
58753,584,543
58754,584,544
58755,584,545
58756,584,546
58757,584,547
58758,584,548
58759,584,549
58760,584,550
58761,584,551
58762,584,552
58763,584,553
58764,584,554
58765,584,555
58766,584,556
58767,584,557
58768,584,558
58769,584,559
58770,584,560
58771,584,561
58772,584,562
58773,584,563
58774,584,564
58775,584,565
58776,584,566
58777,584,567
58778,584,568
58779,584,569
58780,584,570
58781,584,571
58782,584,572
58783,584,573
58784,584,574
58785,584,575
58786,584,576
58787,584,577
58788,584,578
58789,584,579
58790,584,580
58791,584,581
58792,584,582
58793,584,583
58794,584,584
58795,584,585
58796,584,586
58797,584,587
58798,584,588
58799,584,589
58800,584,590
58801,584,591
58802,584,592
58803,584,593
58804,584,594
58805,584,595
58806,584,596
58807,584,597
58808,584,598
58809,584,599
58810,584,600
58811,584,601
58812,584,602
58813,584,603
58814,584,604
58815,584,605
58816,584,606
58817,584,607
58818,584,608
58819,584,609
58820,584,610
58821,584,611
58822,584,612
58823,584,613
58824,584,614
58825,584,615
58826,584,616
58827,584,617
58828,584,618
58829,584,619
58830,584,620
58831,584,621
58832,584,622
58833,584,623
58834,584,624
58835,584,625
58836,584,626
58837,584,627
58838,584,628
58839,584,629
58840,584,630
58841,584,631
58842,584,632
58843,584,633
58844,584,634
58845,584,635
58846,584,636
58847,584,637
58848,584,638
58849,584,639
58850,584,640
58851,584,641
58852,584,642
58853,584,643
58854,584,644
58855,584,645
58856,584,646
58857,584,647
58858,584,648
58859,584,649
58860,584,650
58861,584,651
58862,584,652
58863,584,653
58864,584,654
58865,584,655
58866,584,656
58867,584,657
58868,584,658
58869,584,659
58870,584,660
58871,585,469
58872,585,470
58873,585,471
58874,585,472
58875,585,473
58876,585,474
58877,585,475
58878,585,476
58879,585,477
58880,585,478
58881,585,479
58882,585,480
58883,585,481
58884,585,482
58885,585,483
58886,585,484
58887,585,485
58888,585,486
58889,585,487
58890,585,488
58891,585,489
58892,585,490
58893,585,491
58894,585,492
58895,585,493
58896,585,494
58897,585,495
58898,585,496
58899,585,497
58900,585,498
58901,585,499
58902,585,500
58903,585,501
58904,585,502
58905,585,503
58906,585,504
58907,585,505
58908,585,506
58909,585,507
58910,585,508
58911,585,509
58912,585,510
58913,585,511
58914,585,512
58915,585,513
58916,585,514
58917,585,515
58918,585,516
58919,585,517
58920,585,518
58921,585,519
58922,585,520
58923,585,521
58924,585,522
58925,585,523
58926,585,524
58927,585,525
58928,585,526
58929,585,527
58930,585,528
58931,585,529
58932,585,530
58933,585,531
58934,585,532
58935,585,533
58936,585,534
58937,585,535
58938,585,536
58939,585,537
58940,585,538
58941,585,539
58942,585,540
58943,585,541
58944,585,542
58945,585,543
58946,585,544
58947,585,545
58948,585,546
58949,585,547
58950,585,548
58951,585,549
58952,585,550
58953,585,551
58954,585,552
58955,585,553
58956,585,554
58957,585,555
58958,585,556
58959,585,557
58960,585,558
58961,585,559
58962,585,560
58963,585,561
58964,585,562
58965,585,563
58966,585,564
58967,585,565
58968,585,566
58969,585,567
58970,585,568
58971,585,569
58972,585,570
58973,585,571
58974,585,572
58975,585,573
58976,585,574
58977,585,575
58978,585,576
58979,585,577
58980,585,578
58981,585,579
58982,585,580
58983,585,581
58984,585,582
58985,585,583
58986,585,584
58987,585,585
58988,585,586
58989,585,587
58990,585,588
58991,585,589
58992,585,590
58993,585,591
58994,585,592
58995,585,593
58996,585,594
58997,585,595
58998,585,596
58999,585,597
59000,585,598
59001,585,599
59002,585,600
59003,585,601
59004,585,602
59005,585,603
59006,585,604
59007,585,605
59008,585,606
59009,585,607
59010,585,608
59011,585,609
59012,585,610
59013,585,611
59014,585,612
59015,585,613
59016,585,614
59017,585,615
59018,585,616
59019,585,617
59020,585,618
59021,585,619
59022,585,620
59023,585,621
59024,585,622
59025,585,623
59026,585,624
59027,585,625
59028,585,626
59029,585,627
59030,585,628
59031,585,629
59032,585,630
59033,585,631
59034,585,632
59035,585,633
59036,585,634
59037,585,635
59038,585,636
59039,585,637
59040,585,638
59041,585,639
59042,585,640
59043,585,641
59044,585,642
59045,585,643
59046,585,644
59047,585,645
59048,585,646
59049,585,647
59050,585,648
59051,585,649
59052,585,650
59053,585,651
59054,585,652
59055,585,653
59056,585,654
59057,585,655
59058,585,656
59059,585,657
59060,585,658
59061,585,659
59062,585,660
59063,585,661
59064,586,469
59065,586,470
59066,586,471
59067,586,472
59068,586,473
59069,586,474
59070,586,475
59071,586,476
59072,586,477
59073,586,478
59074,586,479
59075,586,480
59076,586,481
59077,586,482
59078,586,483
59079,586,484
59080,586,485
59081,586,486
59082,586,487
59083,586,488
59084,586,489
59085,586,490
59086,586,491
59087,586,492
59088,586,493
59089,586,494
59090,586,495
59091,586,496
59092,586,497
59093,586,498
59094,586,499
59095,586,500
59096,586,501
59097,586,502
59098,586,503
59099,586,504
59100,586,505
59101,586,506
59102,586,507
59103,586,508
59104,586,509
59105,586,510
59106,586,511
59107,586,512
59108,586,513
59109,586,514
59110,586,515
59111,586,516
59112,586,517
59113,586,518
59114,586,519
59115,586,520
59116,586,521
59117,586,522
59118,586,523
59119,586,524
59120,586,525
59121,586,526
59122,586,527
59123,586,528
59124,586,529
59125,586,530
59126,586,531
59127,586,532
59128,586,533
59129,586,534
59130,586,535
59131,586,536
59132,586,537
59133,586,538
59134,586,539
59135,586,540
59136,586,541
59137,586,542
59138,586,543
59139,586,544
59140,586,545
59141,586,546
59142,586,547
59143,586,548
59144,586,549
59145,586,550
59146,586,551
59147,586,552
59148,586,553
59149,586,554
59150,586,555
59151,586,556
59152,586,557
59153,586,558
59154,586,559
59155,586,560
59156,586,561
59157,586,562
59158,586,563
59159,586,564
59160,586,565
59161,586,566
59162,586,567
59163,586,568
59164,586,569
59165,586,570
59166,586,571
59167,586,572
59168,586,573
59169,586,574
59170,586,575
59171,586,576
59172,586,577
59173,586,578
59174,586,579
59175,586,580
59176,586,581
59177,586,582
59178,586,583
59179,586,584
59180,586,585
59181,586,586
59182,586,587
59183,586,588
59184,586,589
59185,586,590
59186,586,591
59187,586,592
59188,586,593
59189,586,594
59190,586,595
59191,586,596
59192,586,597
59193,586,598
59194,586,599
59195,586,600
59196,586,601
59197,586,602
59198,586,603
59199,586,604
59200,586,605
59201,586,606
59202,586,607
59203,586,608
59204,586,609
59205,586,610
59206,586,611
59207,586,612
59208,586,613
59209,586,614
59210,586,615
59211,586,616
59212,586,617
59213,586,618
59214,586,619
59215,586,620
59216,586,621
59217,586,622
59218,586,623
59219,586,624
59220,586,625
59221,586,626
59222,586,627
59223,586,628
59224,586,629
59225,586,630
59226,586,631
59227,586,632
59228,586,633
59229,586,634
59230,586,635
59231,586,636
59232,586,637
59233,586,638
59234,586,639
59235,586,640
59236,586,641
59237,586,642
59238,586,643
59239,586,644
59240,586,645
59241,586,646
59242,586,647
59243,586,648
59244,586,649
59245,586,650
59246,586,651
59247,586,652
59248,586,653
59249,586,654
59250,586,655
59251,586,656
59252,586,657
59253,586,658
59254,586,659
59255,586,660
59256,586,661
59257,586,662
59258,587,469
59259,587,470
59260,587,471
59261,587,472
59262,587,473
59263,587,474
59264,587,475
59265,587,476
59266,587,477
59267,587,478
59268,587,479
59269,587,480
59270,587,481
59271,587,482
59272,587,483
59273,587,484
59274,587,485
59275,587,486
59276,587,487
59277,587,488
59278,587,489
59279,587,490
59280,587,491
59281,587,492
59282,587,493
59283,587,494
59284,587,495
59285,587,496
59286,587,497
59287,587,498
59288,587,499
59289,587,500
59290,587,501
59291,587,502
59292,587,503
59293,587,504
59294,587,505
59295,587,506
59296,587,507
59297,587,508
59298,587,509
59299,587,510
59300,587,511
59301,587,512
59302,587,513
59303,587,514
59304,587,515
59305,587,516
59306,587,517
59307,587,518
59308,587,519
59309,587,520
59310,587,521
59311,587,522
59312,587,523
59313,587,524
59314,587,525
59315,587,526
59316,587,527
59317,587,528
59318,587,529
59319,587,530
59320,587,531
59321,587,532
59322,587,533
59323,587,534
59324,587,535
59325,587,536
59326,587,537
59327,587,538
59328,587,539
59329,587,540
59330,587,541
59331,587,542
59332,587,543
59333,587,544
59334,587,545
59335,587,546
59336,587,547
59337,587,548
59338,587,549
59339,587,550
59340,587,551
59341,587,552
59342,587,553
59343,587,554
59344,587,555
59345,587,556
59346,587,557
59347,587,558
59348,587,559
59349,587,560
59350,587,561
59351,587,562
59352,587,563
59353,587,564
59354,587,565
59355,587,566
59356,587,567
59357,587,568
59358,587,569
59359,587,570
59360,587,571
59361,587,572
59362,587,573
59363,587,574
59364,587,575
59365,587,576
59366,587,577
59367,587,578
59368,587,579
59369,587,580
59370,587,581
59371,587,582
59372,587,583
59373,587,584
59374,587,585
59375,587,586
59376,587,587
59377,587,588
59378,587,589
59379,587,590
59380,587,591
59381,587,592
59382,587,593
59383,587,594
59384,587,595
59385,587,596
59386,587,597
59387,587,598
59388,587,599
59389,587,600
59390,587,601
59391,587,602
59392,587,603
59393,587,604
59394,587,605
59395,587,606
59396,587,607
59397,587,608
59398,587,609
59399,587,610
59400,587,611
59401,587,612
59402,587,613
59403,587,614
59404,587,615
59405,587,616
59406,587,617
59407,587,618
59408,587,619
59409,587,620
59410,587,621
59411,587,622
59412,587,623
59413,587,624
59414,587,625
59415,587,626
59416,587,627
59417,587,628
59418,587,629
59419,587,630
59420,587,631
59421,587,632
59422,587,633
59423,587,634
59424,587,635
59425,587,636
59426,587,637
59427,587,638
59428,587,639
59429,587,640
59430,587,641
59431,587,642
59432,587,643
59433,587,644
59434,587,645
59435,587,646
59436,587,647
59437,587,648
59438,587,649
59439,587,650
59440,587,651
59441,587,652
59442,587,653
59443,587,654
59444,587,655
59445,587,656
59446,587,657
59447,587,658
59448,587,659
59449,587,660
59450,587,661
59451,587,662
59452,587,663
59453,587,664
59454,587,665
59455,588,469
59456,588,470
59457,588,471
59458,588,472
59459,588,473
59460,588,474
59461,588,475
59462,588,476
59463,588,477
59464,588,478
59465,588,479
59466,588,480
59467,588,481
59468,588,482
59469,588,483
59470,588,484
59471,588,485
59472,588,486
59473,588,487
59474,588,488
59475,588,489
59476,588,490
59477,588,491
59478,588,492
59479,588,493
59480,588,494
59481,588,495
59482,588,496
59483,588,497
59484,588,498
59485,588,499
59486,588,500
59487,588,501
59488,588,502
59489,588,503
59490,588,504
59491,588,505
59492,588,506
59493,588,507
59494,588,508
59495,588,509
59496,588,510
59497,588,511
59498,588,512
59499,588,513
59500,588,514
59501,588,515
59502,588,516
59503,588,517
59504,588,518
59505,588,519
59506,588,520
59507,588,521
59508,588,522
59509,588,523
59510,588,524
59511,588,525
59512,588,526
59513,588,527
59514,588,528
59515,588,529
59516,588,530
59517,588,531
59518,588,532
59519,588,533
59520,588,534
59521,588,535
59522,588,536
59523,588,537
59524,588,538
59525,588,539
59526,588,540
59527,588,541
59528,588,542
59529,588,543
59530,588,544
59531,588,545
59532,588,546
59533,588,547
59534,588,548
59535,588,549
59536,588,550
59537,588,551
59538,588,552
59539,588,553
59540,588,554
59541,588,555
59542,588,556
59543,588,557
59544,588,558
59545,588,559
59546,588,560
59547,588,561
59548,588,562
59549,588,563
59550,588,564
59551,588,565
59552,588,566
59553,588,567
59554,588,568
59555,588,569
59556,588,570
59557,588,571
59558,588,572
59559,588,573
59560,588,574
59561,588,575
59562,588,576
59563,588,577
59564,588,578
59565,588,579
59566,588,580
59567,588,581
59568,588,582
59569,588,583
59570,588,584
59571,588,585
59572,588,586
59573,588,587
59574,588,588
59575,588,589
59576,588,590
59577,588,591
59578,588,592
59579,588,593
59580,588,594
59581,588,595
59582,588,596
59583,588,597
59584,588,598
59585,588,599
59586,588,600
59587,588,601
59588,588,602
59589,588,603
59590,588,604
59591,588,605
59592,588,606
59593,588,607
59594,588,608
59595,588,609
59596,588,610
59597,588,611
59598,588,612
59599,588,613
59600,588,614
59601,588,615
59602,588,616
59603,588,617
59604,588,618
59605,588,619
59606,588,620
59607,588,621
59608,588,622
59609,588,623
59610,588,624
59611,588,625
59612,588,626
59613,588,627
59614,588,628
59615,588,629
59616,588,630
59617,588,631
59618,588,632
59619,588,633
59620,588,634
59621,588,635
59622,588,636
59623,588,637
59624,588,638
59625,588,639
59626,588,640
59627,588,641
59628,588,642
59629,588,643
59630,588,644
59631,588,645
59632,588,646
59633,588,647
59634,588,648
59635,588,649
59636,588,650
59637,588,651
59638,588,652
59639,588,653
59640,588,654
59641,588,655
59642,588,656
59643,588,657
59644,588,658
59645,588,659
59646,588,660
59647,588,661
59648,588,662
59649,588,663
59650,588,664
59651,588,665
59652,588,666
59653,589,469
59654,589,470
59655,589,471
59656,589,472
59657,589,473
59658,589,474
59659,589,475
59660,589,476
59661,589,477
59662,589,478
59663,589,479
59664,589,480
59665,589,481
59666,589,482
59667,589,483
59668,589,484
59669,589,485
59670,589,486
59671,589,487
59672,589,488
59673,589,489
59674,589,490
59675,589,491
59676,589,492
59677,589,493
59678,589,494
59679,589,495
59680,589,496
59681,589,497
59682,589,498
59683,589,499
59684,589,500
59685,589,501
59686,589,502
59687,589,503
59688,589,504
59689,589,505
59690,589,506
59691,589,507
59692,589,508
59693,589,509
59694,589,510
59695,589,511
59696,589,512
59697,589,513
59698,589,514
59699,589,515
59700,589,516
59701,589,517
59702,589,518
59703,589,519
59704,589,520
59705,589,521
59706,589,522
59707,589,523
59708,589,524
59709,589,525
59710,589,526
59711,589,527
59712,589,528
59713,589,529
59714,589,530
59715,589,531
59716,589,532
59717,589,533
59718,589,534
59719,589,535
59720,589,536
59721,589,537
59722,589,538
59723,589,539
59724,589,540
59725,589,541
59726,589,542
59727,589,543
59728,589,544
59729,589,545
59730,589,546
59731,589,547
59732,589,548
59733,589,549
59734,589,550
59735,589,551
59736,589,552
59737,589,553
59738,589,554
59739,589,555
59740,589,556
59741,589,557
59742,589,558
59743,589,559
59744,589,560
59745,589,561
59746,589,562
59747,589,563
59748,589,564
59749,589,565
59750,589,566
59751,589,567
59752,589,568
59753,589,569
59754,589,570
59755,589,571
59756,589,572
59757,589,573
59758,589,574
59759,589,575
59760,589,576
59761,589,577
59762,589,578
59763,589,579
59764,589,580
59765,589,581
59766,589,582
59767,589,583
59768,589,584
59769,589,585
59770,589,586
59771,589,587
59772,589,588
59773,589,589
59774,589,590
59775,589,591
59776,589,592
59777,589,593
59778,589,594
59779,589,595
59780,589,596
59781,589,597
59782,589,598
59783,589,599
59784,589,600
59785,589,601
59786,589,602
59787,589,603
59788,589,604
59789,589,605
59790,589,606
59791,589,607
59792,589,608
59793,589,609
59794,589,610
59795,589,611
59796,589,612
59797,589,613
59798,589,614
59799,589,615
59800,589,616
59801,589,617
59802,589,618
59803,589,619
59804,589,620
59805,589,621
59806,589,622
59807,589,623
59808,589,624
59809,589,625
59810,589,626
59811,589,627
59812,589,628
59813,589,629
59814,589,630
59815,589,631
59816,589,632
59817,589,633
59818,589,634
59819,589,635
59820,589,636
59821,589,637
59822,589,638
59823,589,639
59824,589,640
59825,589,641
59826,589,642
59827,589,643
59828,589,644
59829,589,645
59830,589,646
59831,589,647
59832,589,648
59833,589,649
59834,589,650
59835,589,651
59836,589,652
59837,589,653
59838,589,654
59839,589,655
59840,589,656
59841,589,657
59842,589,658
59843,589,659
59844,589,660
59845,589,661
59846,589,662
59847,589,663
59848,589,664
59849,589,665
59850,589,666
59851,589,667
59852,590,469
59853,590,470
59854,590,471
59855,590,472
59856,590,473
59857,590,474
59858,590,475
59859,590,476
59860,590,477
59861,590,478
59862,590,479
59863,590,480
59864,590,481
59865,590,482
59866,590,483
59867,590,484
59868,590,485
59869,590,486
59870,590,487
59871,590,488
59872,590,489
59873,590,490
59874,590,491
59875,590,492
59876,590,493
59877,590,494
59878,590,495
59879,590,496
59880,590,497
59881,590,498
59882,590,499
59883,590,500
59884,590,501
59885,590,502
59886,590,503
59887,590,504
59888,590,505
59889,590,506
59890,590,507
59891,590,508
59892,590,509
59893,590,510
59894,590,511
59895,590,512
59896,590,513
59897,590,514
59898,590,515
59899,590,516
59900,590,517
59901,590,518
59902,590,519
59903,590,520
59904,590,521
59905,590,522
59906,590,523
59907,590,524
59908,590,525
59909,590,526
59910,590,527
59911,590,528
59912,590,529
59913,590,530
59914,590,531
59915,590,532
59916,590,533
59917,590,534
59918,590,535
59919,590,536
59920,590,537
59921,590,538
59922,590,539
59923,590,540
59924,590,541
59925,590,542
59926,590,543
59927,590,544
59928,590,545
59929,590,546
59930,590,547
59931,590,548
59932,590,549
59933,590,550
59934,590,551
59935,590,552
59936,590,553
59937,590,554
59938,590,555
59939,590,556
59940,590,557
59941,590,558
59942,590,559
59943,590,560
59944,590,561
59945,590,562
59946,590,563
59947,590,564
59948,590,565
59949,590,566
59950,590,567
59951,590,568
59952,590,569
59953,590,570
59954,590,571
59955,590,572
59956,590,573
59957,590,574
59958,590,575
59959,590,576
59960,590,577
59961,590,578
59962,590,579
59963,590,580
59964,590,581
59965,590,582
59966,590,583
59967,590,584
59968,590,585
59969,590,586
59970,590,587
59971,590,588
59972,590,589
59973,590,590
59974,590,591
59975,590,592
59976,590,593
59977,590,594
59978,590,595
59979,590,596
59980,590,597
59981,590,598
59982,590,599
59983,590,600
59984,590,601
59985,590,602
59986,590,603
59987,590,604
59988,590,605
59989,590,606
59990,590,607
59991,590,608
59992,590,609
59993,590,610
59994,590,611
59995,590,612
59996,590,613
59997,590,614
59998,590,615
59999,590,616
60000,590,617
60001,590,618
60002,590,619
60003,590,620
60004,590,621
60005,590,622
60006,590,623
60007,590,624
60008,590,625
60009,590,626
60010,590,627
60011,590,628
60012,590,629
60013,590,630
60014,590,631
60015,590,632
60016,590,633
60017,590,634
60018,590,635
60019,590,636
60020,590,637
60021,590,638
60022,590,639
60023,590,640
60024,590,641
60025,590,642
60026,590,643
60027,590,644
60028,590,645
60029,590,646
60030,590,647
60031,590,648
60032,590,649
60033,590,650
60034,590,651
60035,590,652
60036,590,653
60037,590,654
60038,590,655
60039,590,656
60040,590,657
60041,590,658
60042,590,659
60043,590,660
60044,590,661
60045,590,662
60046,590,663
60047,590,664
60048,590,665
60049,590,666
60050,590,667
60051,591,469
60052,591,470
60053,591,471
60054,591,472
60055,591,473
60056,591,474
60057,591,475
60058,591,476
60059,591,477
60060,591,478
60061,591,479
60062,591,480
60063,591,481
60064,591,482
60065,591,483
60066,591,484
60067,591,485
60068,591,486
60069,591,487
60070,591,488
60071,591,489
60072,591,490
60073,591,491
60074,591,492
60075,591,493
60076,591,494
60077,591,495
60078,591,496
60079,591,497
60080,591,498
60081,591,499
60082,591,500
60083,591,501
60084,591,502
60085,591,503
60086,591,504
60087,591,505
60088,591,506
60089,591,507
60090,591,508
60091,591,509
60092,591,510
60093,591,511
60094,591,512
60095,591,513
60096,591,514
60097,591,515
60098,591,516
60099,591,517
60100,591,518
60101,591,519
60102,591,520
60103,591,521
60104,591,522
60105,591,523
60106,591,524
60107,591,525
60108,591,526
60109,591,527
60110,591,528
60111,591,529
60112,591,530
60113,591,531
60114,591,532
60115,591,533
60116,591,534
60117,591,535
60118,591,536
60119,591,537
60120,591,538
60121,591,539
60122,591,540
60123,591,541
60124,591,542
60125,591,543
60126,591,544
60127,591,545
60128,591,546
60129,591,547
60130,591,548
60131,591,549
60132,591,550
60133,591,551
60134,591,552
60135,591,553
60136,591,554
60137,591,555
60138,591,556
60139,591,557
60140,591,558
60141,591,559
60142,591,560
60143,591,561
60144,591,562
60145,591,563
60146,591,564
60147,591,565
60148,591,566
60149,591,567
60150,591,568
60151,591,569
60152,591,570
60153,591,571
60154,591,572
60155,591,573
60156,591,574
60157,591,575
60158,591,576
60159,591,577
60160,591,578
60161,591,579
60162,591,580
60163,591,581
60164,591,582
60165,591,583
60166,591,584
60167,591,585
60168,591,586
60169,591,587
60170,591,588
60171,591,589
60172,591,590
60173,591,591
60174,591,592
60175,591,593
60176,591,594
60177,591,595
60178,591,596
60179,591,597
60180,591,598
60181,591,599
60182,591,600
60183,591,601
60184,591,602
60185,591,603
60186,591,604
60187,591,605
60188,591,606
60189,591,607
60190,591,608
60191,591,609
60192,591,610
60193,591,611
60194,591,612
60195,591,613
60196,591,614
60197,591,615
60198,591,616
60199,591,617
60200,591,618
60201,591,619
60202,591,620
60203,591,621
60204,591,622
60205,591,623
60206,591,624
60207,591,625
60208,591,626
60209,591,627
60210,591,628
60211,591,629
60212,591,630
60213,591,631
60214,591,632
60215,591,633
60216,591,634
60217,591,635
60218,591,636
60219,591,637
60220,591,638
60221,591,639
60222,591,640
60223,591,641
60224,591,642
60225,591,643
60226,591,644
60227,591,645
60228,591,646
60229,591,647
60230,591,648
60231,591,649
60232,591,650
60233,591,651
60234,591,652
60235,591,653
60236,591,654
60237,591,655
60238,591,656
60239,591,657
60240,591,658
60241,591,659
60242,591,660
60243,591,661
60244,591,662
60245,591,663
60246,591,664
60247,591,665
60248,591,666
60249,591,667
60250,591,668
60251,592,468
60252,592,469
60253,592,470
60254,592,471
60255,592,472
60256,592,473
60257,592,474
60258,592,475
60259,592,476
60260,592,477
60261,592,478
60262,592,479
60263,592,480
60264,592,481
60265,592,482
60266,592,483
60267,592,484
60268,592,485
60269,592,486
60270,592,487
60271,592,488
60272,592,489
60273,592,490
60274,592,491
60275,592,492
60276,592,493
60277,592,494
60278,592,495
60279,592,496
60280,592,497
60281,592,498
60282,592,499
60283,592,500
60284,592,501
60285,592,502
60286,592,503
60287,592,504
60288,592,505
60289,592,506
60290,592,507
60291,592,508
60292,592,509
60293,592,510
60294,592,511
60295,592,512
60296,592,513
60297,592,514
60298,592,515
60299,592,516
60300,592,517
60301,592,518
60302,592,519
60303,592,520
60304,592,521
60305,592,522
60306,592,523
60307,592,524
60308,592,525
60309,592,526
60310,592,527
60311,592,528
60312,592,529
60313,592,530
60314,592,531
60315,592,532
60316,592,533
60317,592,534
60318,592,535
60319,592,536
60320,592,537
60321,592,538
60322,592,539
60323,592,540
60324,592,541
60325,592,542
60326,592,543
60327,592,544
60328,592,545
60329,592,546
60330,592,547
60331,592,548
60332,592,549
60333,592,550
60334,592,551
60335,592,552
60336,592,553
60337,592,554
60338,592,555
60339,592,556
60340,592,557
60341,592,558
60342,592,559
60343,592,560
60344,592,561
60345,592,562
60346,592,563
60347,592,564
60348,592,565
60349,592,566
60350,592,567
60351,592,568
60352,592,569
60353,592,570
60354,592,571
60355,592,572
60356,592,573
60357,592,574
60358,592,575
60359,592,576
60360,592,577
60361,592,578
60362,592,579
60363,592,580
60364,592,581
60365,592,582
60366,592,583
60367,592,584
60368,592,585
60369,592,586
60370,592,587
60371,592,588
60372,592,589
60373,592,590
60374,592,591
60375,592,592
60376,592,593
60377,592,594
60378,592,595
60379,592,596
60380,592,597
60381,592,598
60382,592,599
60383,592,600
60384,592,601
60385,592,602
60386,592,603
60387,592,604
60388,592,605
60389,592,606
60390,592,607
60391,592,608
60392,592,609
60393,592,610
60394,592,611
60395,592,612
60396,592,613
60397,592,614
60398,592,615
60399,592,616
60400,592,617
60401,592,618
60402,592,619
60403,592,620
60404,592,621
60405,592,622
60406,592,623
60407,592,624
60408,592,625
60409,592,626
60410,592,627
60411,592,628
60412,592,629
60413,592,630
60414,592,631
60415,592,632
60416,592,633
60417,592,634
60418,592,635
60419,592,636
60420,592,637
60421,592,638
60422,592,639
60423,592,640
60424,592,641
60425,592,642
60426,592,643
60427,592,644
60428,592,645
60429,592,646
60430,592,647
60431,592,648
60432,592,649
60433,592,650
60434,592,651
60435,592,652
60436,592,653
60437,592,654
60438,592,655
60439,592,656
60440,592,657
60441,592,658
60442,592,659
60443,592,660
60444,592,661
60445,592,662
60446,592,663
60447,592,664
60448,592,665
60449,592,666
60450,592,667
60451,592,668
60452,593,468
60453,593,469
60454,593,470
60455,593,471
60456,593,472
60457,593,473
60458,593,474
60459,593,475
60460,593,476
60461,593,477
60462,593,478
60463,593,479
60464,593,480
60465,593,481
60466,593,482
60467,593,483
60468,593,484
60469,593,485
60470,593,486
60471,593,487
60472,593,488
60473,593,489
60474,593,490
60475,593,491
60476,593,492
60477,593,493
60478,593,494
60479,593,495
60480,593,496
60481,593,497
60482,593,498
60483,593,499
60484,593,500
60485,593,501
60486,593,502
60487,593,503
60488,593,504
60489,593,505
60490,593,506
60491,593,507
60492,593,508
60493,593,509
60494,593,510
60495,593,511
60496,593,512
60497,593,513
60498,593,514
60499,593,515
60500,593,516
60501,593,517
60502,593,518
60503,593,519
60504,593,520
60505,593,521
60506,593,522
60507,593,523
60508,593,524
60509,593,525
60510,593,526
60511,593,527
60512,593,528
60513,593,529
60514,593,530
60515,593,531
60516,593,532
60517,593,533
60518,593,534
60519,593,535
60520,593,536
60521,593,537
60522,593,538
60523,593,539
60524,593,540
60525,593,541
60526,593,542
60527,593,543
60528,593,544
60529,593,545
60530,593,546
60531,593,547
60532,593,548
60533,593,549
60534,593,550
60535,593,551
60536,593,552
60537,593,553
60538,593,554
60539,593,555
60540,593,556
60541,593,557
60542,593,558
60543,593,559
60544,593,560
60545,593,561
60546,593,562
60547,593,563
60548,593,564
60549,593,565
60550,593,566
60551,593,567
60552,593,568
60553,593,569
60554,593,570
60555,593,571
60556,593,572
60557,593,573
60558,593,574
60559,593,575
60560,593,576
60561,593,577
60562,593,578
60563,593,579
60564,593,580
60565,593,581
60566,593,582
60567,593,583
60568,593,584
60569,593,585
60570,593,586
60571,593,587
60572,593,588
60573,593,589
60574,593,590
60575,593,591
60576,593,592
60577,593,593
60578,593,594
60579,593,595
60580,593,596
60581,593,597
60582,593,598
60583,593,599
60584,593,600
60585,593,601
60586,593,602
60587,593,603
60588,593,604
60589,593,605
60590,593,606
60591,593,607
60592,593,608
60593,593,609
60594,593,610
60595,593,611
60596,593,612
60597,593,613
60598,593,614
60599,593,615
60600,593,616
60601,593,617
60602,593,618
60603,593,619
60604,593,620
60605,593,621
60606,593,622
60607,593,623
60608,593,624
60609,593,625
60610,593,626
60611,593,627
60612,593,628
60613,593,629
60614,593,630
60615,593,631
60616,593,632
60617,593,633
60618,593,634
60619,593,635
60620,593,636
60621,593,637
60622,593,638
60623,593,639
60624,593,640
60625,593,641
60626,593,642
60627,593,643
60628,593,644
60629,593,645
60630,593,646
60631,593,647
60632,593,648
60633,593,649
60634,593,650
60635,593,651
60636,593,652
60637,593,653
60638,593,654
60639,593,655
60640,593,656
60641,593,657
60642,593,658
60643,593,659
60644,593,660
60645,593,661
60646,593,662
60647,593,663
60648,593,664
60649,593,665
60650,593,666
60651,593,667
60652,593,668
60653,593,669
60654,594,468
60655,594,469
60656,594,470
60657,594,471
60658,594,472
60659,594,473
60660,594,474
60661,594,475
60662,594,476
60663,594,477
60664,594,478
60665,594,479
60666,594,480
60667,594,481
60668,594,482
60669,594,483
60670,594,484
60671,594,485
60672,594,486
60673,594,487
60674,594,488
60675,594,489
60676,594,490
60677,594,491
60678,594,492
60679,594,493
60680,594,494
60681,594,495
60682,594,496
60683,594,497
60684,594,498
60685,594,499
60686,594,500
60687,594,501
60688,594,502
60689,594,503
60690,594,504
60691,594,505
60692,594,506
60693,594,507
60694,594,508
60695,594,509
60696,594,510
60697,594,511
60698,594,512
60699,594,513
60700,594,514
60701,594,515
60702,594,516
60703,594,517
60704,594,518
60705,594,519
60706,594,520
60707,594,521
60708,594,522
60709,594,523
60710,594,524
60711,594,525
60712,594,526
60713,594,527
60714,594,528
60715,594,529
60716,594,530
60717,594,531
60718,594,532
60719,594,533
60720,594,534
60721,594,535
60722,594,536
60723,594,537
60724,594,538
60725,594,539
60726,594,540
60727,594,541
60728,594,542
60729,594,543
60730,594,544
60731,594,545
60732,594,546
60733,594,547
60734,594,548
60735,594,549
60736,594,550
60737,594,551
60738,594,552
60739,594,553
60740,594,554
60741,594,555
60742,594,556
60743,594,557
60744,594,558
60745,594,559
60746,594,560
60747,594,561
60748,594,562
60749,594,563
60750,594,564
60751,594,565
60752,594,566
60753,594,567
60754,594,568
60755,594,569
60756,594,570
60757,594,571
60758,594,572
60759,594,573
60760,594,574
60761,594,575
60762,594,576
60763,594,577
60764,594,578
60765,594,579
60766,594,580
60767,594,581
60768,594,582
60769,594,583
60770,594,584
60771,594,585
60772,594,586
60773,594,587
60774,594,588
60775,594,589
60776,594,590
60777,594,591
60778,594,592
60779,594,593
60780,594,594
60781,594,595
60782,594,596
60783,594,597
60784,594,598
60785,594,599
60786,594,600
60787,594,601
60788,594,602
60789,594,603
60790,594,604
60791,594,605
60792,594,606
60793,594,607
60794,594,608
60795,594,609
60796,594,610
60797,594,611
60798,594,612
60799,594,613
60800,594,614
60801,594,615
60802,594,616
60803,594,617
60804,594,618
60805,594,619
60806,594,620
60807,594,621
60808,594,622
60809,594,623
60810,594,624
60811,594,625
60812,594,626
60813,594,627
60814,594,628
60815,594,629
60816,594,630
60817,594,631
60818,594,632
60819,594,633
60820,594,634
60821,594,635
60822,594,636
60823,594,637
60824,594,638
60825,594,639
60826,594,640
60827,594,641
60828,594,642
60829,594,643
60830,594,644
60831,594,645
60832,594,646
60833,594,647
60834,594,648
60835,594,649
60836,594,650
60837,594,651
60838,594,652
60839,594,653
60840,594,654
60841,594,655
60842,594,656
60843,594,657
60844,594,658
60845,594,659
60846,594,660
60847,594,661
60848,594,662
60849,594,663
60850,594,664
60851,594,665
60852,594,666
60853,594,667
60854,594,668
60855,594,669
60856,595,468
60857,595,469
60858,595,470
60859,595,471
60860,595,472
60861,595,473
60862,595,474
60863,595,475
60864,595,476
60865,595,477
60866,595,478
60867,595,479
60868,595,480
60869,595,481
60870,595,482
60871,595,483
60872,595,484
60873,595,485
60874,595,486
60875,595,487
60876,595,488
60877,595,489
60878,595,490
60879,595,491
60880,595,492
60881,595,493
60882,595,494
60883,595,495
60884,595,496
60885,595,497
60886,595,498
60887,595,499
60888,595,500
60889,595,501
60890,595,502
60891,595,503
60892,595,504
60893,595,505
60894,595,506
60895,595,507
60896,595,508
60897,595,509
60898,595,510
60899,595,511
60900,595,512
60901,595,513
60902,595,514
60903,595,515
60904,595,516
60905,595,517
60906,595,518
60907,595,519
60908,595,520
60909,595,521
60910,595,522
60911,595,523
60912,595,524
60913,595,525
60914,595,526
60915,595,527
60916,595,528
60917,595,529
60918,595,530
60919,595,531
60920,595,532
60921,595,533
60922,595,534
60923,595,535
60924,595,536
60925,595,537
60926,595,538
60927,595,539
60928,595,540
60929,595,541
60930,595,542
60931,595,543
60932,595,544
60933,595,545
60934,595,546
60935,595,547
60936,595,548
60937,595,549
60938,595,550
60939,595,551
60940,595,552
60941,595,553
60942,595,554
60943,595,555
60944,595,556
60945,595,557
60946,595,558
60947,595,559
60948,595,560
60949,595,561
60950,595,562
60951,595,563
60952,595,564
60953,595,565
60954,595,566
60955,595,567
60956,595,568
60957,595,569
60958,595,570
60959,595,571
60960,595,572
60961,595,573
60962,595,574
60963,595,575
60964,595,576
60965,595,577
60966,595,578
60967,595,579
60968,595,580
60969,595,581
60970,595,582
60971,595,583
60972,595,584
60973,595,585
60974,595,586
60975,595,587
60976,595,588
60977,595,589
60978,595,590
60979,595,591
60980,595,592
60981,595,593
60982,595,594
60983,595,595
60984,595,596
60985,595,597
60986,595,598
60987,595,599
60988,595,600
60989,595,601
60990,595,602
60991,595,603
60992,595,604
60993,595,605
60994,595,606
60995,595,607
60996,595,608
60997,595,609
60998,595,610
60999,595,611
61000,595,612
61001,595,613
61002,595,614
61003,595,615
61004,595,616
61005,595,617
61006,595,618
61007,595,619
61008,595,620
61009,595,621
61010,595,622
61011,595,623
61012,595,624
61013,595,625
61014,595,626
61015,595,627
61016,595,628
61017,595,629
61018,595,630
61019,595,631
61020,595,632
61021,595,633
61022,595,634
61023,595,635
61024,595,636
61025,595,637
61026,595,638
61027,595,639
61028,595,640
61029,595,641
61030,595,642
61031,595,643
61032,595,644
61033,595,645
61034,595,646
61035,595,647
61036,595,648
61037,595,649
61038,595,650
61039,595,651
61040,595,652
61041,595,653
61042,595,654
61043,595,655
61044,595,656
61045,595,657
61046,595,658
61047,595,659
61048,595,660
61049,595,661
61050,595,662
61051,595,663
61052,595,664
61053,595,665
61054,595,666
61055,595,667
61056,595,668
61057,595,669
61058,596,468
61059,596,469
61060,596,470
61061,596,471
61062,596,472
61063,596,473
61064,596,474
61065,596,475
61066,596,476
61067,596,477
61068,596,478
61069,596,479
61070,596,480
61071,596,481
61072,596,482
61073,596,483
61074,596,484
61075,596,485
61076,596,486
61077,596,487
61078,596,488
61079,596,489
61080,596,490
61081,596,491
61082,596,492
61083,596,493
61084,596,494
61085,596,495
61086,596,496
61087,596,497
61088,596,498
61089,596,499
61090,596,500
61091,596,501
61092,596,502
61093,596,503
61094,596,504
61095,596,505
61096,596,506
61097,596,507
61098,596,508
61099,596,509
61100,596,510
61101,596,511
61102,596,512
61103,596,513
61104,596,514
61105,596,515
61106,596,516
61107,596,517
61108,596,518
61109,596,519
61110,596,520
61111,596,521
61112,596,522
61113,596,523
61114,596,524
61115,596,525
61116,596,526
61117,596,527
61118,596,528
61119,596,529
61120,596,530
61121,596,531
61122,596,532
61123,596,533
61124,596,534
61125,596,535
61126,596,536
61127,596,537
61128,596,538
61129,596,539
61130,596,540
61131,596,541
61132,596,542
61133,596,543
61134,596,544
61135,596,545
61136,596,546
61137,596,547
61138,596,548
61139,596,549
61140,596,550
61141,596,551
61142,596,552
61143,596,553
61144,596,554
61145,596,555
61146,596,556
61147,596,557
61148,596,558
61149,596,559
61150,596,560
61151,596,561
61152,596,562
61153,596,563
61154,596,564
61155,596,565
61156,596,566
61157,596,567
61158,596,568
61159,596,569
61160,596,570
61161,596,571
61162,596,572
61163,596,573
61164,596,574
61165,596,575
61166,596,576
61167,596,577
61168,596,578
61169,596,579
61170,596,580
61171,596,581
61172,596,582
61173,596,583
61174,596,584
61175,596,585
61176,596,586
61177,596,587
61178,596,588
61179,596,589
61180,596,590
61181,596,591
61182,596,592
61183,596,593
61184,596,594
61185,596,595
61186,596,596
61187,596,597
61188,596,598
61189,596,599
61190,596,600
61191,596,601
61192,596,602
61193,596,603
61194,596,604
61195,596,605
61196,596,606
61197,596,607
61198,596,608
61199,596,609
61200,596,610
61201,596,611
61202,596,612
61203,596,613
61204,596,614
61205,596,615
61206,596,616
61207,596,617
61208,596,618
61209,596,619
61210,596,620
61211,596,621
61212,596,622
61213,596,623
61214,596,624
61215,596,625
61216,596,626
61217,596,627
61218,596,628
61219,596,629
61220,596,630
61221,596,631
61222,596,632
61223,596,633
61224,596,634
61225,596,635
61226,596,636
61227,596,637
61228,596,638
61229,596,639
61230,596,640
61231,596,641
61232,596,642
61233,596,643
61234,596,644
61235,596,645
61236,596,646
61237,596,647
61238,596,648
61239,596,649
61240,596,650
61241,596,651
61242,596,652
61243,596,653
61244,596,654
61245,596,655
61246,596,656
61247,596,657
61248,596,658
61249,596,659
61250,596,660
61251,596,661
61252,596,662
61253,596,663
61254,596,664
61255,596,665
61256,596,666
61257,596,667
61258,596,668
61259,596,669
61260,597,468
61261,597,469
61262,597,470
61263,597,471
61264,597,472
61265,597,473
61266,597,474
61267,597,475
61268,597,476
61269,597,477
61270,597,478
61271,597,479
61272,597,480
61273,597,481
61274,597,482
61275,597,483
61276,597,484
61277,597,485
61278,597,486
61279,597,487
61280,597,488
61281,597,489
61282,597,490
61283,597,491
61284,597,492
61285,597,493
61286,597,494
61287,597,495
61288,597,496
61289,597,497
61290,597,498
61291,597,499
61292,597,500
61293,597,501
61294,597,502
61295,597,503
61296,597,504
61297,597,505
61298,597,506
61299,597,507
61300,597,508
61301,597,509
61302,597,510
61303,597,511
61304,597,512
61305,597,513
61306,597,514
61307,597,515
61308,597,516
61309,597,517
61310,597,518
61311,597,519
61312,597,520
61313,597,521
61314,597,522
61315,597,523
61316,597,524
61317,597,525
61318,597,526
61319,597,527
61320,597,528
61321,597,529
61322,597,530
61323,597,531
61324,597,532
61325,597,533
61326,597,534
61327,597,535
61328,597,536
61329,597,537
61330,597,538
61331,597,539
61332,597,540
61333,597,541
61334,597,542
61335,597,543
61336,597,544
61337,597,545
61338,597,546
61339,597,547
61340,597,548
61341,597,549
61342,597,550
61343,597,551
61344,597,552
61345,597,553
61346,597,554
61347,597,555
61348,597,556
61349,597,557
61350,597,558
61351,597,559
61352,597,560
61353,597,561
61354,597,562
61355,597,563
61356,597,564
61357,597,565
61358,597,566
61359,597,567
61360,597,568
61361,597,569
61362,597,570
61363,597,571
61364,597,572
61365,597,573
61366,597,574
61367,597,575
61368,597,576
61369,597,577
61370,597,578
61371,597,579
61372,597,580
61373,597,581
61374,597,582
61375,597,583
61376,597,584
61377,597,585
61378,597,586
61379,597,587
61380,597,588
61381,597,589
61382,597,590
61383,597,591
61384,597,592
61385,597,593
61386,597,594
61387,597,595
61388,597,596
61389,597,597
61390,597,598
61391,597,599
61392,597,600
61393,597,601
61394,597,602
61395,597,603
61396,597,604
61397,597,605
61398,597,606
61399,597,607
61400,597,608
61401,597,609
61402,597,610
61403,597,611
61404,597,612
61405,597,613
61406,597,614
61407,597,615
61408,597,616
61409,597,617
61410,597,618
61411,597,619
61412,597,620
61413,597,621
61414,597,622
61415,597,623
61416,597,624
61417,597,625
61418,597,626
61419,597,627
61420,597,628
61421,597,629
61422,597,630
61423,597,631
61424,597,632
61425,597,633
61426,597,634
61427,597,635
61428,597,636
61429,597,637
61430,597,638
61431,597,639
61432,597,640
61433,597,641
61434,597,642
61435,597,643
61436,597,644
61437,597,645
61438,597,646
61439,597,647
61440,597,648
61441,597,649
61442,597,650
61443,597,651
61444,597,652
61445,597,653
61446,597,654
61447,597,655
61448,597,656
61449,597,657
61450,597,658
61451,597,659
61452,597,660
61453,597,661
61454,597,662
61455,597,663
61456,597,664
61457,597,665
61458,597,666
61459,597,667
61460,597,668
61461,597,669
61462,597,670
61463,598,468
61464,598,469
61465,598,470
61466,598,471
61467,598,472
61468,598,473
61469,598,474
61470,598,475
61471,598,476
61472,598,477
61473,598,478
61474,598,479
61475,598,480
61476,598,481
61477,598,482
61478,598,483
61479,598,484
61480,598,485
61481,598,486
61482,598,487
61483,598,488
61484,598,489
61485,598,490
61486,598,491
61487,598,492
61488,598,493
61489,598,494
61490,598,495
61491,598,496
61492,598,497
61493,598,498
61494,598,499
61495,598,500
61496,598,501
61497,598,502
61498,598,503
61499,598,504
61500,598,505
61501,598,506
61502,598,507
61503,598,508
61504,598,509
61505,598,510
61506,598,511
61507,598,512
61508,598,513
61509,598,514
61510,598,515
61511,598,516
61512,598,517
61513,598,518
61514,598,519
61515,598,520
61516,598,521
61517,598,522
61518,598,523
61519,598,524
61520,598,525
61521,598,526
61522,598,527
61523,598,528
61524,598,529
61525,598,530
61526,598,531
61527,598,532
61528,598,533
61529,598,534
61530,598,535
61531,598,536
61532,598,537
61533,598,538
61534,598,539
61535,598,540
61536,598,541
61537,598,542
61538,598,543
61539,598,544
61540,598,545
61541,598,546
61542,598,547
61543,598,548
61544,598,549
61545,598,550
61546,598,551
61547,598,552
61548,598,553
61549,598,554
61550,598,555
61551,598,556
61552,598,557
61553,598,558
61554,598,559
61555,598,560
61556,598,561
61557,598,562
61558,598,563
61559,598,564
61560,598,565
61561,598,566
61562,598,567
61563,598,568
61564,598,569
61565,598,570
61566,598,571
61567,598,572
61568,598,573
61569,598,574
61570,598,575
61571,598,576
61572,598,577
61573,598,578
61574,598,579
61575,598,580
61576,598,581
61577,598,582
61578,598,583
61579,598,584
61580,598,585
61581,598,586
61582,598,587
61583,598,588
61584,598,589
61585,598,590
61586,598,591
61587,598,592
61588,598,593
61589,598,594
61590,598,595
61591,598,596
61592,598,597
61593,598,598
61594,598,599
61595,598,600
61596,598,601
61597,598,602
61598,598,603
61599,598,604
61600,598,605
61601,598,606
61602,598,607
61603,598,608
61604,598,609
61605,598,610
61606,598,611
61607,598,612
61608,598,613
61609,598,614
61610,598,615
61611,598,616
61612,598,617
61613,598,618
61614,598,619
61615,598,620
61616,598,621
61617,598,622
61618,598,623
61619,598,624
61620,598,625
61621,598,626
61622,598,627
61623,598,628
61624,598,629
61625,598,630
61626,598,631
61627,598,632
61628,598,633
61629,598,634
61630,598,635
61631,598,636
61632,598,637
61633,598,638
61634,598,639
61635,598,640
61636,598,641
61637,598,642
61638,598,643
61639,598,644
61640,598,645
61641,598,646
61642,598,647
61643,598,648
61644,598,649
61645,598,650
61646,598,651
61647,598,652
61648,598,653
61649,598,654
61650,598,655
61651,598,656
61652,598,657
61653,598,658
61654,598,659
61655,598,660
61656,598,661
61657,598,662
61658,598,663
61659,598,664
61660,598,665
61661,598,666
61662,598,667
61663,598,668
61664,598,669
61665,598,670
61666,599,468
61667,599,469
61668,599,470
61669,599,471
61670,599,472
61671,599,473
61672,599,474
61673,599,475
61674,599,476
61675,599,477
61676,599,478
61677,599,479
61678,599,480
61679,599,481
61680,599,482
61681,599,483
61682,599,484
61683,599,485
61684,599,486
61685,599,487
61686,599,488
61687,599,489
61688,599,490
61689,599,491
61690,599,492
61691,599,493
61692,599,494
61693,599,495
61694,599,496
61695,599,497
61696,599,498
61697,599,499
61698,599,500
61699,599,501
61700,599,502
61701,599,503
61702,599,504
61703,599,505
61704,599,506
61705,599,507
61706,599,508
61707,599,509
61708,599,510
61709,599,511
61710,599,512
61711,599,513
61712,599,514
61713,599,515
61714,599,516
61715,599,517
61716,599,518
61717,599,519
61718,599,520
61719,599,521
61720,599,522
61721,599,523
61722,599,524
61723,599,525
61724,599,526
61725,599,527
61726,599,528
61727,599,529
61728,599,530
61729,599,531
61730,599,532
61731,599,533
61732,599,534
61733,599,535
61734,599,536
61735,599,537
61736,599,538
61737,599,539
61738,599,540
61739,599,541
61740,599,542
61741,599,543
61742,599,544
61743,599,545
61744,599,546
61745,599,547
61746,599,548
61747,599,549
61748,599,550
61749,599,551
61750,599,552
61751,599,553
61752,599,554
61753,599,555
61754,599,556
61755,599,557
61756,599,558
61757,599,559
61758,599,560
61759,599,561
61760,599,562
61761,599,563
61762,599,564
61763,599,565
61764,599,566
61765,599,567
61766,599,568
61767,599,569
61768,599,570
61769,599,571
61770,599,572
61771,599,573
61772,599,574
61773,599,575
61774,599,576
61775,599,577
61776,599,578
61777,599,579
61778,599,580
61779,599,581
61780,599,582
61781,599,583
61782,599,584
61783,599,585
61784,599,586
61785,599,587
61786,599,588
61787,599,589
61788,599,590
61789,599,591
61790,599,592
61791,599,593
61792,599,594
61793,599,595
61794,599,596
61795,599,597
61796,599,598
61797,599,599
61798,599,600
61799,599,601
61800,599,602
61801,599,603
61802,599,604
61803,599,605
61804,599,606
61805,599,607
61806,599,608
61807,599,609
61808,599,610
61809,599,611
61810,599,612
61811,599,613
61812,599,614
61813,599,615
61814,599,616
61815,599,617
61816,599,618
61817,599,619
61818,599,620
61819,599,621
61820,599,622
61821,599,623
61822,599,624
61823,599,625
61824,599,626
61825,599,627
61826,599,628
61827,599,629
61828,599,630
61829,599,631
61830,599,632
61831,599,633
61832,599,634
61833,599,635
61834,599,636
61835,599,637
61836,599,638
61837,599,639
61838,599,640
61839,599,641
61840,599,642
61841,599,643
61842,599,644
61843,599,645
61844,599,646
61845,599,647
61846,599,648
61847,599,649
61848,599,650
61849,599,651
61850,599,652
61851,599,653
61852,599,654
61853,599,655
61854,599,656
61855,599,657
61856,599,658
61857,599,659
61858,599,660
61859,599,661
61860,599,662
61861,599,663
61862,599,664
61863,599,665
61864,599,666
61865,599,667
61866,599,668
61867,599,669
61868,599,670
61869,600,468
61870,600,469
61871,600,470
61872,600,471
61873,600,472
61874,600,473
61875,600,474
61876,600,475
61877,600,476
61878,600,477
61879,600,478
61880,600,479
61881,600,480
61882,600,481
61883,600,482
61884,600,483
61885,600,484
61886,600,485
61887,600,486
61888,600,487
61889,600,488
61890,600,489
61891,600,490
61892,600,491
61893,600,492
61894,600,493
61895,600,494
61896,600,495
61897,600,496
61898,600,497
61899,600,498
61900,600,499
61901,600,500
61902,600,501
61903,600,502
61904,600,503
61905,600,504
61906,600,505
61907,600,506
61908,600,507
61909,600,508
61910,600,509
61911,600,510
61912,600,511
61913,600,512
61914,600,513
61915,600,514
61916,600,515
61917,600,516
61918,600,517
61919,600,518
61920,600,519
61921,600,520
61922,600,521
61923,600,522
61924,600,523
61925,600,524
61926,600,525
61927,600,526
61928,600,527
61929,600,528
61930,600,529
61931,600,530
61932,600,531
61933,600,532
61934,600,533
61935,600,534
61936,600,535
61937,600,536
61938,600,537
61939,600,538
61940,600,539
61941,600,540
61942,600,541
61943,600,542
61944,600,543
61945,600,544
61946,600,545
61947,600,546
61948,600,547
61949,600,548
61950,600,549
61951,600,550
61952,600,551
61953,600,552
61954,600,553
61955,600,554
61956,600,555
61957,600,556
61958,600,557
61959,600,558
61960,600,559
61961,600,560
61962,600,561
61963,600,562
61964,600,563
61965,600,564
61966,600,565
61967,600,566
61968,600,567
61969,600,568
61970,600,569
61971,600,570
61972,600,571
61973,600,572
61974,600,573
61975,600,574
61976,600,575
61977,600,576
61978,600,577
61979,600,578
61980,600,579
61981,600,580
61982,600,581
61983,600,582
61984,600,583
61985,600,584
61986,600,585
61987,600,586
61988,600,587
61989,600,588
61990,600,589
61991,600,590
61992,600,591
61993,600,592
61994,600,593
61995,600,594
61996,600,595
61997,600,596
61998,600,597
61999,600,598
62000,600,599
62001,600,600
62002,600,601
62003,600,602
62004,600,603
62005,600,604
62006,600,605
62007,600,606
62008,600,607
62009,600,608
62010,600,609
62011,600,610
62012,600,611
62013,600,612
62014,600,613
62015,600,614
62016,600,615
62017,600,616
62018,600,617
62019,600,618
62020,600,619
62021,600,620
62022,600,621
62023,600,622
62024,600,623
62025,600,624
62026,600,625
62027,600,626
62028,600,627
62029,600,628
62030,600,629
62031,600,630
62032,600,631
62033,600,632
62034,600,633
62035,600,634
62036,600,635
62037,600,636
62038,600,637
62039,600,638
62040,600,639
62041,600,640
62042,600,641
62043,600,642
62044,600,643
62045,600,644
62046,600,645
62047,600,646
62048,600,647
62049,600,648
62050,600,649
62051,600,650
62052,600,651
62053,600,652
62054,600,653
62055,600,654
62056,600,655
62057,600,656
62058,600,657
62059,600,658
62060,600,659
62061,600,660
62062,600,661
62063,600,662
62064,600,663
62065,600,664
62066,600,665
62067,600,666
62068,600,667
62069,600,668
62070,600,669
62071,600,670
62072,600,671
62073,601,468
62074,601,469
62075,601,470
62076,601,471
62077,601,472
62078,601,473
62079,601,474
62080,601,475
62081,601,476
62082,601,477
62083,601,478
62084,601,479
62085,601,480
62086,601,481
62087,601,482
62088,601,483
62089,601,484
62090,601,485
62091,601,486
62092,601,487
62093,601,488
62094,601,489
62095,601,490
62096,601,491
62097,601,492
62098,601,493
62099,601,494
62100,601,495
62101,601,496
62102,601,497
62103,601,498
62104,601,499
62105,601,500
62106,601,501
62107,601,502
62108,601,503
62109,601,504
62110,601,505
62111,601,506
62112,601,507
62113,601,508
62114,601,509
62115,601,510
62116,601,511
62117,601,512
62118,601,513
62119,601,514
62120,601,515
62121,601,516
62122,601,517
62123,601,518
62124,601,519
62125,601,520
62126,601,521
62127,601,522
62128,601,523
62129,601,524
62130,601,525
62131,601,526
62132,601,527
62133,601,528
62134,601,529
62135,601,530
62136,601,531
62137,601,532
62138,601,533
62139,601,534
62140,601,535
62141,601,536
62142,601,537
62143,601,538
62144,601,539
62145,601,540
62146,601,541
62147,601,542
62148,601,543
62149,601,544
62150,601,545
62151,601,546
62152,601,547
62153,601,548
62154,601,549
62155,601,550
62156,601,551
62157,601,552
62158,601,553
62159,601,554
62160,601,555
62161,601,556
62162,601,557
62163,601,558
62164,601,559
62165,601,560
62166,601,561
62167,601,562
62168,601,563
62169,601,564
62170,601,565
62171,601,566
62172,601,567
62173,601,568
62174,601,569
62175,601,570
62176,601,571
62177,601,572
62178,601,573
62179,601,574
62180,601,575
62181,601,576
62182,601,577
62183,601,578
62184,601,579
62185,601,580
62186,601,581
62187,601,582
62188,601,583
62189,601,584
62190,601,585
62191,601,586
62192,601,587
62193,601,588
62194,601,589
62195,601,590
62196,601,591
62197,601,592
62198,601,593
62199,601,594
62200,601,595
62201,601,596
62202,601,597
62203,601,598
62204,601,599
62205,601,600
62206,601,601
62207,601,602
62208,601,603
62209,601,604
62210,601,605
62211,601,606
62212,601,607
62213,601,608
62214,601,609
62215,601,610
62216,601,611
62217,601,612
62218,601,613
62219,601,614
62220,601,615
62221,601,616
62222,601,617
62223,601,618
62224,601,619
62225,601,620
62226,601,621
62227,601,622
62228,601,623
62229,601,624
62230,601,625
62231,601,626
62232,601,627
62233,601,628
62234,601,629
62235,601,630
62236,601,631
62237,601,632
62238,601,633
62239,601,634
62240,601,635
62241,601,636
62242,601,637
62243,601,638
62244,601,639
62245,601,640
62246,601,641
62247,601,642
62248,601,643
62249,601,644
62250,601,645
62251,601,646
62252,601,647
62253,601,648
62254,601,649
62255,601,650
62256,601,651
62257,601,652
62258,601,653
62259,601,654
62260,601,655
62261,601,656
62262,601,657
62263,601,658
62264,601,659
62265,601,660
62266,601,661
62267,601,662
62268,601,663
62269,601,664
62270,601,665
62271,601,666
62272,601,667
62273,601,668
62274,601,669
62275,601,670
62276,601,671
62277,602,468
62278,602,469
62279,602,470
62280,602,471
62281,602,472
62282,602,473
62283,602,474
62284,602,475
62285,602,476
62286,602,477
62287,602,478
62288,602,479
62289,602,480
62290,602,481
62291,602,482
62292,602,483
62293,602,484
62294,602,485
62295,602,486
62296,602,487
62297,602,488
62298,602,489
62299,602,490
62300,602,491
62301,602,492
62302,602,493
62303,602,494
62304,602,495
62305,602,496
62306,602,497
62307,602,498
62308,602,499
62309,602,500
62310,602,501
62311,602,502
62312,602,503
62313,602,504
62314,602,505
62315,602,506
62316,602,507
62317,602,508
62318,602,509
62319,602,510
62320,602,511
62321,602,512
62322,602,513
62323,602,514
62324,602,515
62325,602,516
62326,602,517
62327,602,518
62328,602,519
62329,602,520
62330,602,521
62331,602,522
62332,602,523
62333,602,524
62334,602,525
62335,602,526
62336,602,527
62337,602,528
62338,602,529
62339,602,530
62340,602,531
62341,602,532
62342,602,533
62343,602,534
62344,602,535
62345,602,536
62346,602,537
62347,602,538
62348,602,539
62349,602,540
62350,602,541
62351,602,542
62352,602,543
62353,602,544
62354,602,545
62355,602,546
62356,602,547
62357,602,548
62358,602,549
62359,602,550
62360,602,551
62361,602,552
62362,602,553
62363,602,554
62364,602,555
62365,602,556
62366,602,557
62367,602,558
62368,602,559
62369,602,560
62370,602,561
62371,602,562
62372,602,563
62373,602,564
62374,602,565
62375,602,566
62376,602,567
62377,602,568
62378,602,569
62379,602,570
62380,602,571
62381,602,572
62382,602,573
62383,602,574
62384,602,575
62385,602,576
62386,602,577
62387,602,578
62388,602,579
62389,602,580
62390,602,581
62391,602,582
62392,602,583
62393,602,584
62394,602,585
62395,602,586
62396,602,587
62397,602,588
62398,602,589
62399,602,590
62400,602,591
62401,602,592
62402,602,593
62403,602,594
62404,602,595
62405,602,596
62406,602,597
62407,602,598
62408,602,599
62409,602,600
62410,602,601
62411,602,602
62412,602,603
62413,602,604
62414,602,605
62415,602,606
62416,602,607
62417,602,608
62418,602,609
62419,602,610
62420,602,611
62421,602,612
62422,602,613
62423,602,614
62424,602,615
62425,602,616
62426,602,617
62427,602,618
62428,602,619
62429,602,620
62430,602,621
62431,602,622
62432,602,623
62433,602,624
62434,602,625
62435,602,626
62436,602,627
62437,602,628
62438,602,629
62439,602,630
62440,602,631
62441,602,632
62442,602,633
62443,602,634
62444,602,635
62445,602,636
62446,602,637
62447,602,638
62448,602,639
62449,602,640
62450,602,641
62451,602,642
62452,602,643
62453,602,644
62454,602,645
62455,602,646
62456,602,647
62457,602,648
62458,602,649
62459,602,650
62460,602,651
62461,602,652
62462,602,653
62463,602,654
62464,602,655
62465,602,656
62466,602,657
62467,602,658
62468,602,659
62469,602,660
62470,602,661
62471,602,662
62472,602,663
62473,602,664
62474,602,665
62475,602,666
62476,602,667
62477,602,668
62478,602,669
62479,602,670
62480,602,671
62481,603,467
62482,603,468
62483,603,469
62484,603,470
62485,603,471
62486,603,472
62487,603,473
62488,603,474
62489,603,475
62490,603,476
62491,603,477
62492,603,478
62493,603,479
62494,603,480
62495,603,481
62496,603,482
62497,603,483
62498,603,484
62499,603,485
62500,603,486
62501,603,487
62502,603,488
62503,603,489
62504,603,490
62505,603,491
62506,603,492
62507,603,493
62508,603,494
62509,603,495
62510,603,496
62511,603,497
62512,603,498
62513,603,499
62514,603,500
62515,603,501
62516,603,502
62517,603,503
62518,603,504
62519,603,505
62520,603,506
62521,603,507
62522,603,508
62523,603,509
62524,603,510
62525,603,511
62526,603,512
62527,603,513
62528,603,514
62529,603,515
62530,603,516
62531,603,517
62532,603,518
62533,603,519
62534,603,520
62535,603,521
62536,603,522
62537,603,523
62538,603,524
62539,603,525
62540,603,526
62541,603,527
62542,603,528
62543,603,529
62544,603,530
62545,603,531
62546,603,532
62547,603,533
62548,603,534
62549,603,535
62550,603,536
62551,603,537
62552,603,538
62553,603,539
62554,603,540
62555,603,541
62556,603,542
62557,603,543
62558,603,544
62559,603,545
62560,603,546
62561,603,547
62562,603,548
62563,603,549
62564,603,550
62565,603,551
62566,603,552
62567,603,553
62568,603,554
62569,603,555
62570,603,556
62571,603,557
62572,603,558
62573,603,559
62574,603,560
62575,603,561
62576,603,562
62577,603,563
62578,603,564
62579,603,565
62580,603,566
62581,603,567
62582,603,568
62583,603,569
62584,603,570
62585,603,571
62586,603,572
62587,603,573
62588,603,574
62589,603,575
62590,603,576
62591,603,577
62592,603,578
62593,603,579
62594,603,580
62595,603,581
62596,603,582
62597,603,583
62598,603,584
62599,603,585
62600,603,586
62601,603,587
62602,603,588
62603,603,589
62604,603,590
62605,603,591
62606,603,592
62607,603,593
62608,603,594
62609,603,595
62610,603,596
62611,603,597
62612,603,598
62613,603,599
62614,603,600
62615,603,601
62616,603,602
62617,603,603
62618,603,604
62619,603,605
62620,603,606
62621,603,607
62622,603,608
62623,603,609
62624,603,610
62625,603,611
62626,603,612
62627,603,613
62628,603,614
62629,603,615
62630,603,616
62631,603,617
62632,603,618
62633,603,619
62634,603,620
62635,603,621
62636,603,622
62637,603,623
62638,603,624
62639,603,625
62640,603,626
62641,603,627
62642,603,628
62643,603,629
62644,603,630
62645,603,631
62646,603,632
62647,603,633
62648,603,634
62649,603,635
62650,603,636
62651,603,637
62652,603,638
62653,603,639
62654,603,640
62655,603,641
62656,603,642
62657,603,643
62658,603,644
62659,603,645
62660,603,646
62661,603,647
62662,603,648
62663,603,649
62664,603,650
62665,603,651
62666,603,652
62667,603,653
62668,603,654
62669,603,655
62670,603,656
62671,603,657
62672,603,658
62673,603,659
62674,603,660
62675,603,661
62676,603,662
62677,603,663
62678,603,664
62679,603,665
62680,603,666
62681,603,667
62682,603,668
62683,603,669
62684,603,670
62685,603,671
62686,604,467
62687,604,468
62688,604,469
62689,604,470
62690,604,471
62691,604,472
62692,604,473
62693,604,474
62694,604,475
62695,604,476
62696,604,477
62697,604,478
62698,604,479
62699,604,480
62700,604,481
62701,604,482
62702,604,483
62703,604,484
62704,604,485
62705,604,486
62706,604,487
62707,604,488
62708,604,489
62709,604,490
62710,604,491
62711,604,492
62712,604,493
62713,604,494
62714,604,495
62715,604,496
62716,604,497
62717,604,498
62718,604,499
62719,604,500
62720,604,501
62721,604,502
62722,604,503
62723,604,504
62724,604,505
62725,604,506
62726,604,507
62727,604,508
62728,604,509
62729,604,510
62730,604,511
62731,604,512
62732,604,513
62733,604,514
62734,604,515
62735,604,516
62736,604,517
62737,604,518
62738,604,519
62739,604,520
62740,604,521
62741,604,522
62742,604,523
62743,604,524
62744,604,525
62745,604,526
62746,604,527
62747,604,528
62748,604,529
62749,604,530
62750,604,531
62751,604,532
62752,604,533
62753,604,534
62754,604,535
62755,604,536
62756,604,537
62757,604,538
62758,604,539
62759,604,540
62760,604,541
62761,604,542
62762,604,543
62763,604,544
62764,604,545
62765,604,546
62766,604,547
62767,604,548
62768,604,549
62769,604,550
62770,604,551
62771,604,552
62772,604,553
62773,604,554
62774,604,555
62775,604,556
62776,604,557
62777,604,558
62778,604,559
62779,604,560
62780,604,561
62781,604,562
62782,604,563
62783,604,564
62784,604,565
62785,604,566
62786,604,567
62787,604,568
62788,604,569
62789,604,570
62790,604,571
62791,604,572
62792,604,573
62793,604,574
62794,604,575
62795,604,576
62796,604,577
62797,604,578
62798,604,579
62799,604,580
62800,604,581
62801,604,582
62802,604,583
62803,604,584
62804,604,585
62805,604,586
62806,604,587
62807,604,588
62808,604,589
62809,604,590
62810,604,591
62811,604,592
62812,604,593
62813,604,594
62814,604,595
62815,604,596
62816,604,597
62817,604,598
62818,604,599
62819,604,600
62820,604,601
62821,604,602
62822,604,603
62823,604,604
62824,604,605
62825,604,606
62826,604,607
62827,604,608
62828,604,609
62829,604,610
62830,604,611
62831,604,612
62832,604,613
62833,604,614
62834,604,615
62835,604,616
62836,604,617
62837,604,618
62838,604,619
62839,604,620
62840,604,621
62841,604,622
62842,604,623
62843,604,624
62844,604,625
62845,604,626
62846,604,627
62847,604,628
62848,604,629
62849,604,630
62850,604,631
62851,604,632
62852,604,633
62853,604,634
62854,604,635
62855,604,636
62856,604,637
62857,604,638
62858,604,639
62859,604,640
62860,604,641
62861,604,642
62862,604,643
62863,604,644
62864,604,645
62865,604,646
62866,604,647
62867,604,648
62868,604,649
62869,604,650
62870,604,651
62871,604,652
62872,604,653
62873,604,654
62874,604,655
62875,604,656
62876,604,657
62877,604,658
62878,604,659
62879,604,660
62880,604,661
62881,604,662
62882,604,663
62883,604,664
62884,604,665
62885,604,666
62886,604,667
62887,604,668
62888,604,669
62889,604,670
62890,604,671
62891,605,467
62892,605,468
62893,605,469
62894,605,470
62895,605,471
62896,605,472
62897,605,473
62898,605,474
62899,605,475
62900,605,476
62901,605,477
62902,605,478
62903,605,479
62904,605,480
62905,605,481
62906,605,482
62907,605,483
62908,605,484
62909,605,485
62910,605,486
62911,605,487
62912,605,488
62913,605,489
62914,605,490
62915,605,491
62916,605,492
62917,605,493
62918,605,494
62919,605,495
62920,605,496
62921,605,497
62922,605,498
62923,605,499
62924,605,500
62925,605,501
62926,605,502
62927,605,503
62928,605,504
62929,605,505
62930,605,506
62931,605,507
62932,605,508
62933,605,509
62934,605,510
62935,605,511
62936,605,512
62937,605,513
62938,605,514
62939,605,515
62940,605,516
62941,605,517
62942,605,518
62943,605,519
62944,605,520
62945,605,521
62946,605,522
62947,605,523
62948,605,524
62949,605,525
62950,605,526
62951,605,527
62952,605,528
62953,605,529
62954,605,530
62955,605,531
62956,605,532
62957,605,533
62958,605,534
62959,605,535
62960,605,536
62961,605,537
62962,605,538
62963,605,539
62964,605,540
62965,605,541
62966,605,542
62967,605,543
62968,605,544
62969,605,545
62970,605,546
62971,605,547
62972,605,548
62973,605,549
62974,605,550
62975,605,551
62976,605,552
62977,605,553
62978,605,554
62979,605,555
62980,605,556
62981,605,557
62982,605,558
62983,605,559
62984,605,560
62985,605,561
62986,605,562
62987,605,563
62988,605,564
62989,605,565
62990,605,566
62991,605,567
62992,605,568
62993,605,569
62994,605,570
62995,605,571
62996,605,572
62997,605,573
62998,605,574
62999,605,575
63000,605,576
63001,605,577
63002,605,578
63003,605,579
63004,605,580
63005,605,581
63006,605,582
63007,605,583
63008,605,584
63009,605,585
63010,605,586
63011,605,587
63012,605,588
63013,605,589
63014,605,590
63015,605,591
63016,605,592
63017,605,593
63018,605,594
63019,605,595
63020,605,596
63021,605,597
63022,605,598
63023,605,599
63024,605,600
63025,605,601
63026,605,602
63027,605,603
63028,605,604
63029,605,605
63030,605,606
63031,605,607
63032,605,608
63033,605,609
63034,605,610
63035,605,611
63036,605,612
63037,605,613
63038,605,614
63039,605,615
63040,605,616
63041,605,617
63042,605,618
63043,605,619
63044,605,620
63045,605,621
63046,605,622
63047,605,623
63048,605,624
63049,605,625
63050,605,626
63051,605,627
63052,605,628
63053,605,629
63054,605,630
63055,605,631
63056,605,632
63057,605,633
63058,605,634
63059,605,635
63060,605,636
63061,605,637
63062,605,638
63063,605,639
63064,605,640
63065,605,641
63066,605,642
63067,605,643
63068,605,644
63069,605,645
63070,605,646
63071,605,647
63072,605,648
63073,605,649
63074,605,650
63075,605,651
63076,605,652
63077,605,653
63078,605,654
63079,605,655
63080,605,656
63081,605,657
63082,605,658
63083,605,659
63084,605,660
63085,605,661
63086,605,662
63087,605,663
63088,605,664
63089,605,665
63090,605,666
63091,605,667
63092,605,668
63093,605,669
63094,605,670
63095,605,671
63096,606,468
63097,606,469
63098,606,470
63099,606,471
63100,606,472
63101,606,473
63102,606,474
63103,606,475
63104,606,476
63105,606,477
63106,606,478
63107,606,479
63108,606,480
63109,606,481
63110,606,482
63111,606,483
63112,606,484
63113,606,485
63114,606,486
63115,606,487
63116,606,488
63117,606,489
63118,606,490
63119,606,491
63120,606,492
63121,606,493
63122,606,494
63123,606,495
63124,606,496
63125,606,497
63126,606,498
63127,606,499
63128,606,500
63129,606,501
63130,606,502
63131,606,503
63132,606,504
63133,606,505
63134,606,506
63135,606,507
63136,606,508
63137,606,509
63138,606,510
63139,606,511
63140,606,512
63141,606,513
63142,606,514
63143,606,515
63144,606,516
63145,606,517
63146,606,518
63147,606,519
63148,606,520
63149,606,521
63150,606,522
63151,606,523
63152,606,524
63153,606,525
63154,606,526
63155,606,527
63156,606,528
63157,606,529
63158,606,530
63159,606,531
63160,606,532
63161,606,533
63162,606,534
63163,606,535
63164,606,536
63165,606,537
63166,606,538
63167,606,539
63168,606,540
63169,606,541
63170,606,542
63171,606,543
63172,606,544
63173,606,545
63174,606,546
63175,606,547
63176,606,548
63177,606,549
63178,606,550
63179,606,551
63180,606,552
63181,606,553
63182,606,554
63183,606,555
63184,606,556
63185,606,557
63186,606,558
63187,606,559
63188,606,560
63189,606,561
63190,606,562
63191,606,563
63192,606,564
63193,606,565
63194,606,566
63195,606,567
63196,606,568
63197,606,569
63198,606,570
63199,606,571
63200,606,572
63201,606,573
63202,606,574
63203,606,575
63204,606,576
63205,606,577
63206,606,578
63207,606,579
63208,606,580
63209,606,581
63210,606,582
63211,606,583
63212,606,584
63213,606,585
63214,606,586
63215,606,587
63216,606,588
63217,606,589
63218,606,590
63219,606,591
63220,606,592
63221,606,593
63222,606,594
63223,606,595
63224,606,596
63225,606,597
63226,606,598
63227,606,599
63228,606,600
63229,606,601
63230,606,602
63231,606,603
63232,606,604
63233,606,605
63234,606,606
63235,606,607
63236,606,608
63237,606,609
63238,606,610
63239,606,611
63240,606,612
63241,606,613
63242,606,614
63243,606,615
63244,606,616
63245,606,617
63246,606,618
63247,606,619
63248,606,620
63249,606,621
63250,606,622
63251,606,623
63252,606,624
63253,606,625
63254,606,626
63255,606,627
63256,606,628
63257,606,629
63258,606,630
63259,606,631
63260,606,632
63261,606,633
63262,606,634
63263,606,635
63264,606,636
63265,606,637
63266,606,638
63267,606,639
63268,606,640
63269,606,641
63270,606,642
63271,606,643
63272,606,644
63273,606,645
63274,606,646
63275,606,647
63276,606,648
63277,606,649
63278,606,650
63279,606,651
63280,606,652
63281,606,653
63282,606,654
63283,606,655
63284,606,656
63285,606,657
63286,606,658
63287,606,659
63288,606,660
63289,606,661
63290,606,662
63291,606,663
63292,606,664
63293,606,665
63294,606,666
63295,606,667
63296,606,668
63297,606,669
63298,606,670
63299,607,468
63300,607,469
63301,607,470
63302,607,471
63303,607,472
63304,607,473
63305,607,474
63306,607,475
63307,607,476
63308,607,477
63309,607,478
63310,607,479
63311,607,480
63312,607,481
63313,607,482
63314,607,483
63315,607,484
63316,607,485
63317,607,486
63318,607,487
63319,607,488
63320,607,489
63321,607,490
63322,607,491
63323,607,492
63324,607,493
63325,607,494
63326,607,495
63327,607,496
63328,607,497
63329,607,498
63330,607,499
63331,607,500
63332,607,501
63333,607,502
63334,607,503
63335,607,504
63336,607,505
63337,607,506
63338,607,507
63339,607,508
63340,607,509
63341,607,510
63342,607,511
63343,607,512
63344,607,513
63345,607,514
63346,607,515
63347,607,516
63348,607,517
63349,607,518
63350,607,519
63351,607,520
63352,607,521
63353,607,522
63354,607,523
63355,607,524
63356,607,525
63357,607,526
63358,607,527
63359,607,528
63360,607,529
63361,607,530
63362,607,531
63363,607,532
63364,607,533
63365,607,534
63366,607,535
63367,607,536
63368,607,537
63369,607,538
63370,607,539
63371,607,540
63372,607,541
63373,607,542
63374,607,543
63375,607,544
63376,607,545
63377,607,546
63378,607,547
63379,607,548
63380,607,549
63381,607,550
63382,607,551
63383,607,552
63384,607,553
63385,607,554
63386,607,555
63387,607,556
63388,607,557
63389,607,558
63390,607,559
63391,607,560
63392,607,561
63393,607,562
63394,607,563
63395,607,564
63396,607,565
63397,607,566
63398,607,567
63399,607,568
63400,607,569
63401,607,570
63402,607,571
63403,607,572
63404,607,573
63405,607,574
63406,607,575
63407,607,576
63408,607,577
63409,607,578
63410,607,579
63411,607,580
63412,607,581
63413,607,582
63414,607,583
63415,607,584
63416,607,585
63417,607,586
63418,607,587
63419,607,588
63420,607,589
63421,607,590
63422,607,591
63423,607,592
63424,607,593
63425,607,594
63426,607,595
63427,607,596
63428,607,597
63429,607,598
63430,607,599
63431,607,600
63432,607,601
63433,607,602
63434,607,603
63435,607,604
63436,607,605
63437,607,606
63438,607,607
63439,607,608
63440,607,609
63441,607,610
63442,607,611
63443,607,612
63444,607,613
63445,607,614
63446,607,615
63447,607,616
63448,607,617
63449,607,618
63450,607,619
63451,607,620
63452,607,621
63453,607,622
63454,607,623
63455,607,624
63456,607,625
63457,607,626
63458,607,627
63459,607,628
63460,607,629
63461,607,630
63462,607,631
63463,607,632
63464,607,633
63465,607,634
63466,607,635
63467,607,636
63468,607,637
63469,607,638
63470,607,639
63471,607,640
63472,607,641
63473,607,642
63474,607,643
63475,607,644
63476,607,645
63477,607,646
63478,607,647
63479,607,648
63480,607,649
63481,607,650
63482,607,651
63483,607,652
63484,607,653
63485,607,654
63486,607,655
63487,607,656
63488,607,657
63489,607,658
63490,607,659
63491,607,660
63492,607,661
63493,607,662
63494,607,663
63495,607,664
63496,607,665
63497,607,666
63498,607,667
63499,607,668
63500,607,669
63501,607,670
63502,608,469
63503,608,470
63504,608,471
63505,608,472
63506,608,473
63507,608,474
63508,608,475
63509,608,476
63510,608,477
63511,608,478
63512,608,479
63513,608,480
63514,608,481
63515,608,482
63516,608,483
63517,608,484
63518,608,485
63519,608,486
63520,608,487
63521,608,488
63522,608,489
63523,608,490
63524,608,491
63525,608,492
63526,608,493
63527,608,494
63528,608,495
63529,608,496
63530,608,497
63531,608,498
63532,608,499
63533,608,500
63534,608,501
63535,608,502
63536,608,503
63537,608,504
63538,608,505
63539,608,506
63540,608,507
63541,608,508
63542,608,509
63543,608,510
63544,608,511
63545,608,512
63546,608,513
63547,608,514
63548,608,515
63549,608,516
63550,608,517
63551,608,518
63552,608,519
63553,608,520
63554,608,521
63555,608,522
63556,608,523
63557,608,524
63558,608,525
63559,608,526
63560,608,527
63561,608,528
63562,608,529
63563,608,530
63564,608,531
63565,608,532
63566,608,533
63567,608,534
63568,608,535
63569,608,536
63570,608,537
63571,608,538
63572,608,539
63573,608,540
63574,608,541
63575,608,542
63576,608,543
63577,608,544
63578,608,545
63579,608,546
63580,608,547
63581,608,548
63582,608,549
63583,608,550
63584,608,551
63585,608,552
63586,608,553
63587,608,554
63588,608,555
63589,608,556
63590,608,557
63591,608,558
63592,608,559
63593,608,560
63594,608,561
63595,608,562
63596,608,563
63597,608,564
63598,608,565
63599,608,566
63600,608,567
63601,608,568
63602,608,569
63603,608,570
63604,608,571
63605,608,572
63606,608,573
63607,608,574
63608,608,575
63609,608,576
63610,608,577
63611,608,578
63612,608,579
63613,608,580
63614,608,581
63615,608,582
63616,608,583
63617,608,584
63618,608,585
63619,608,586
63620,608,587
63621,608,588
63622,608,589
63623,608,590
63624,608,591
63625,608,592
63626,608,593
63627,608,594
63628,608,595
63629,608,596
63630,608,597
63631,608,598
63632,608,599
63633,608,600
63634,608,601
63635,608,602
63636,608,603
63637,608,604
63638,608,605
63639,608,606
63640,608,607
63641,608,608
63642,608,609
63643,608,610
63644,608,611
63645,608,612
63646,608,613
63647,608,614
63648,608,615
63649,608,616
63650,608,617
63651,608,618
63652,608,619
63653,608,620
63654,608,621
63655,608,622
63656,608,623
63657,608,624
63658,608,625
63659,608,626
63660,608,627
63661,608,628
63662,608,629
63663,608,630
63664,608,631
63665,608,632
63666,608,633
63667,608,634
63668,608,635
63669,608,636
63670,608,637
63671,608,638
63672,608,639
63673,608,640
63674,608,641
63675,608,642
63676,608,643
63677,608,644
63678,608,645
63679,608,646
63680,608,647
63681,608,648
63682,608,649
63683,608,650
63684,608,651
63685,608,652
63686,608,653
63687,608,654
63688,608,655
63689,608,656
63690,608,657
63691,608,658
63692,608,659
63693,608,660
63694,608,661
63695,608,662
63696,608,663
63697,608,664
63698,608,665
63699,608,666
63700,608,667
63701,608,668
63702,609,469
63703,609,470
63704,609,471
63705,609,472
63706,609,473
63707,609,474
63708,609,475
63709,609,476
63710,609,477
63711,609,478
63712,609,479
63713,609,480
63714,609,481
63715,609,482
63716,609,483
63717,609,484
63718,609,485
63719,609,486
63720,609,487
63721,609,488
63722,609,489
63723,609,490
63724,609,491
63725,609,492
63726,609,493
63727,609,494
63728,609,495
63729,609,496
63730,609,497
63731,609,498
63732,609,499
63733,609,500
63734,609,501
63735,609,502
63736,609,503
63737,609,504
63738,609,505
63739,609,506
63740,609,507
63741,609,508
63742,609,509
63743,609,510
63744,609,511
63745,609,512
63746,609,513
63747,609,514
63748,609,515
63749,609,516
63750,609,517
63751,609,518
63752,609,519
63753,609,520
63754,609,521
63755,609,522
63756,609,523
63757,609,524
63758,609,525
63759,609,526
63760,609,527
63761,609,528
63762,609,529
63763,609,530
63764,609,531
63765,609,532
63766,609,533
63767,609,534
63768,609,535
63769,609,536
63770,609,537
63771,609,538
63772,609,539
63773,609,540
63774,609,541
63775,609,542
63776,609,543
63777,609,544
63778,609,545
63779,609,546
63780,609,547
63781,609,548
63782,609,549
63783,609,550
63784,609,551
63785,609,552
63786,609,553
63787,609,554
63788,609,555
63789,609,556
63790,609,557
63791,609,558
63792,609,559
63793,609,560
63794,609,561
63795,609,562
63796,609,563
63797,609,564
63798,609,565
63799,609,566
63800,609,567
63801,609,568
63802,609,569
63803,609,570
63804,609,571
63805,609,572
63806,609,573
63807,609,574
63808,609,575
63809,609,576
63810,609,577
63811,609,578
63812,609,579
63813,609,580
63814,609,581
63815,609,582
63816,609,583
63817,609,584
63818,609,585
63819,609,586
63820,609,587
63821,609,588
63822,609,589
63823,609,590
63824,609,591
63825,609,592
63826,609,593
63827,609,594
63828,609,595
63829,609,596
63830,609,597
63831,609,598
63832,609,599
63833,609,600
63834,609,601
63835,609,602
63836,609,603
63837,609,604
63838,609,605
63839,609,606
63840,609,607
63841,609,608
63842,609,609
63843,609,610
63844,609,611
63845,609,612
63846,609,613
63847,609,614
63848,609,615
63849,609,616
63850,609,617
63851,609,618
63852,609,619
63853,609,620
63854,609,621
63855,609,622
63856,609,623
63857,609,624
63858,609,625
63859,609,626
63860,609,627
63861,609,628
63862,609,629
63863,609,630
63864,609,631
63865,609,632
63866,609,633
63867,609,634
63868,609,635
63869,609,636
63870,609,637
63871,609,638
63872,609,639
63873,609,640
63874,609,641
63875,609,642
63876,609,643
63877,609,644
63878,609,645
63879,609,646
63880,609,647
63881,609,648
63882,609,649
63883,609,650
63884,609,651
63885,609,652
63886,609,653
63887,609,654
63888,609,655
63889,609,656
63890,609,657
63891,609,658
63892,609,659
63893,609,660
63894,609,661
63895,609,662
63896,609,663
63897,609,664
63898,609,665
63899,609,666
63900,610,470
63901,610,471
63902,610,472
63903,610,473
63904,610,474
63905,610,475
63906,610,476
63907,610,477
63908,610,478
63909,610,479
63910,610,480
63911,610,481
63912,610,482
63913,610,483
63914,610,484
63915,610,485
63916,610,486
63917,610,487
63918,610,488
63919,610,489
63920,610,490
63921,610,491
63922,610,492
63923,610,493
63924,610,494
63925,610,495
63926,610,496
63927,610,497
63928,610,498
63929,610,499
63930,610,500
63931,610,501
63932,610,502
63933,610,503
63934,610,504
63935,610,505
63936,610,506
63937,610,507
63938,610,508
63939,610,509
63940,610,510
63941,610,511
63942,610,512
63943,610,513
63944,610,514
63945,610,515
63946,610,516
63947,610,517
63948,610,518
63949,610,519
63950,610,520
63951,610,521
63952,610,522
63953,610,523
63954,610,524
63955,610,525
63956,610,526
63957,610,527
63958,610,528
63959,610,529
63960,610,530
63961,610,531
63962,610,532
63963,610,533
63964,610,534
63965,610,535
63966,610,536
63967,610,537
63968,610,538
63969,610,539
63970,610,540
63971,610,541
63972,610,542
63973,610,543
63974,610,544
63975,610,545
63976,610,546
63977,610,547
63978,610,548
63979,610,549
63980,610,550
63981,610,551
63982,610,552
63983,610,553
63984,610,554
63985,610,555
63986,610,556
63987,610,557
63988,610,558
63989,610,559
63990,610,560
63991,610,561
63992,610,562
63993,610,563
63994,610,564
63995,610,565
63996,610,566
63997,610,567
63998,610,568
63999,610,569
64000,610,570
64001,610,571
64002,610,572
64003,610,573
64004,610,574
64005,610,575
64006,610,576
64007,610,577
64008,610,578
64009,610,579
64010,610,580
64011,610,581
64012,610,582
64013,610,583
64014,610,584
64015,610,585
64016,610,586
64017,610,587
64018,610,588
64019,610,589
64020,610,590
64021,610,591
64022,610,592
64023,610,593
64024,610,594
64025,610,595
64026,610,596
64027,610,597
64028,610,598
64029,610,599
64030,610,600
64031,610,601
64032,610,602
64033,610,603
64034,610,604
64035,610,605
64036,610,606
64037,610,607
64038,610,608
64039,610,609
64040,610,610
64041,610,611
64042,610,612
64043,610,613
64044,610,614
64045,610,615
64046,610,616
64047,610,617
64048,610,618
64049,610,619
64050,610,620
64051,610,621
64052,610,622
64053,610,623
64054,610,624
64055,610,625
64056,610,626
64057,610,627
64058,610,628
64059,610,629
64060,610,630
64061,610,631
64062,610,632
64063,610,633
64064,610,634
64065,610,635
64066,610,636
64067,610,637
64068,610,638
64069,610,639
64070,610,640
64071,610,641
64072,610,642
64073,610,643
64074,610,644
64075,610,645
64076,610,646
64077,610,647
64078,610,648
64079,610,649
64080,610,650
64081,610,651
64082,610,652
64083,610,653
64084,610,654
64085,610,655
64086,610,656
64087,610,657
64088,610,658
64089,610,659
64090,610,660
64091,610,661
64092,610,662
64093,610,663
64094,611,470
64095,611,471
64096,611,472
64097,611,473
64098,611,474
64099,611,475
64100,611,476
64101,611,477
64102,611,478
64103,611,479
64104,611,480
64105,611,481
64106,611,482
64107,611,483
64108,611,484
64109,611,485
64110,611,486
64111,611,487
64112,611,488
64113,611,489
64114,611,490
64115,611,491
64116,611,492
64117,611,493
64118,611,494
64119,611,495
64120,611,496
64121,611,497
64122,611,498
64123,611,499
64124,611,500
64125,611,501
64126,611,502
64127,611,503
64128,611,504
64129,611,505
64130,611,506
64131,611,507
64132,611,508
64133,611,509
64134,611,510
64135,611,511
64136,611,512
64137,611,513
64138,611,514
64139,611,515
64140,611,516
64141,611,517
64142,611,518
64143,611,519
64144,611,520
64145,611,521
64146,611,522
64147,611,523
64148,611,524
64149,611,525
64150,611,526
64151,611,527
64152,611,528
64153,611,529
64154,611,530
64155,611,531
64156,611,532
64157,611,533
64158,611,534
64159,611,535
64160,611,536
64161,611,537
64162,611,538
64163,611,539
64164,611,540
64165,611,541
64166,611,542
64167,611,543
64168,611,544
64169,611,545
64170,611,546
64171,611,547
64172,611,548
64173,611,549
64174,611,550
64175,611,551
64176,611,552
64177,611,553
64178,611,554
64179,611,555
64180,611,556
64181,611,557
64182,611,558
64183,611,559
64184,611,560
64185,611,561
64186,611,562
64187,611,563
64188,611,564
64189,611,565
64190,611,566
64191,611,567
64192,611,568
64193,611,569
64194,611,570
64195,611,571
64196,611,572
64197,611,573
64198,611,574
64199,611,575
64200,611,576
64201,611,577
64202,611,578
64203,611,579
64204,611,580
64205,611,581
64206,611,582
64207,611,583
64208,611,584
64209,611,585
64210,611,586
64211,611,587
64212,611,588
64213,611,589
64214,611,590
64215,611,591
64216,611,592
64217,611,593
64218,611,594
64219,611,595
64220,611,596
64221,611,597
64222,611,598
64223,611,599
64224,611,600
64225,611,601
64226,611,602
64227,611,603
64228,611,604
64229,611,605
64230,611,606
64231,611,607
64232,611,608
64233,611,609
64234,611,610
64235,611,611
64236,611,612
64237,611,613
64238,611,614
64239,611,615
64240,611,616
64241,611,617
64242,611,618
64243,611,619
64244,611,620
64245,611,621
64246,611,622
64247,611,623
64248,611,624
64249,611,625
64250,611,626
64251,611,627
64252,611,628
64253,611,629
64254,611,630
64255,611,631
64256,611,632
64257,611,633
64258,611,634
64259,611,635
64260,611,636
64261,611,637
64262,611,638
64263,611,639
64264,611,640
64265,611,641
64266,611,642
64267,611,643
64268,611,644
64269,611,645
64270,611,646
64271,611,647
64272,611,648
64273,611,649
64274,611,650
64275,611,651
64276,611,652
64277,611,653
64278,611,654
64279,612,471
64280,612,472
64281,612,473
64282,612,474
64283,612,475
64284,612,476
64285,612,477
64286,612,478
64287,612,479
64288,612,480
64289,612,481
64290,612,482
64291,612,483
64292,612,484
64293,612,485
64294,612,486
64295,612,487
64296,612,488
64297,612,489
64298,612,490
64299,612,491
64300,612,492
64301,612,493
64302,612,494
64303,612,495
64304,612,496
64305,612,497
64306,612,498
64307,612,499
64308,612,500
64309,612,501
64310,612,502
64311,612,503
64312,612,504
64313,612,505
64314,612,506
64315,612,507
64316,612,508
64317,612,509
64318,612,510
64319,612,511
64320,612,512
64321,612,513
64322,612,514
64323,612,515
64324,612,516
64325,612,517
64326,612,518
64327,612,519
64328,612,520
64329,612,521
64330,612,522
64331,612,523
64332,612,524
64333,612,525
64334,612,526
64335,612,527
64336,612,528
64337,612,529
64338,612,530
64339,612,531
64340,612,532
64341,612,533
64342,612,534
64343,612,535
64344,612,536
64345,612,537
64346,612,538
64347,612,539
64348,612,540
64349,612,541
64350,612,542
64351,612,543
64352,612,544
64353,612,545
64354,612,546
64355,612,547
64356,612,548
64357,612,549
64358,612,550
64359,612,551
64360,612,552
64361,612,553
64362,612,554
64363,612,555
64364,612,556
64365,612,557
64366,612,558
64367,612,559
64368,612,560
64369,612,561
64370,612,562
64371,612,563
64372,612,564
64373,612,565
64374,612,566
64375,612,567
64376,612,568
64377,612,569
64378,612,570
64379,612,571
64380,612,572
64381,612,573
64382,612,574
64383,612,575
64384,612,576
64385,612,577
64386,612,578
64387,612,579
64388,612,580
64389,612,581
64390,612,582
64391,612,583
64392,612,584
64393,612,585
64394,612,586
64395,612,587
64396,612,588
64397,612,589
64398,612,590
64399,612,591
64400,612,592
64401,612,593
64402,612,594
64403,612,595
64404,612,596
64405,612,597
64406,612,598
64407,612,599
64408,612,600
64409,612,601
64410,612,602
64411,612,603
64412,612,604
64413,612,605
64414,612,606
64415,612,607
64416,612,608
64417,612,609
64418,612,610
64419,612,611
64420,612,612
64421,612,613
64422,612,614
64423,612,615
64424,612,616
64425,612,617
64426,612,618
64427,612,619
64428,612,620
64429,612,621
64430,612,622
64431,612,623
64432,612,624
64433,612,625
64434,612,626
64435,612,627
64436,612,628
64437,612,629
64438,612,630
64439,612,631
64440,612,632
64441,612,633
64442,612,634
64443,612,635
64444,612,636
64445,612,637
64446,612,638
64447,612,639
64448,612,640
64449,612,641
64450,612,642
64451,612,643
64452,612,644
64453,612,645
64454,612,646
64455,613,471
64456,613,472
64457,613,473
64458,613,474
64459,613,475
64460,613,476
64461,613,477
64462,613,478
64463,613,479
64464,613,480
64465,613,481
64466,613,482
64467,613,483
64468,613,484
64469,613,485
64470,613,486
64471,613,487
64472,613,488
64473,613,489
64474,613,490
64475,613,491
64476,613,492
64477,613,493
64478,613,494
64479,613,495
64480,613,496
64481,613,497
64482,613,498
64483,613,499
64484,613,500
64485,613,501
64486,613,502
64487,613,503
64488,613,504
64489,613,505
64490,613,506
64491,613,507
64492,613,508
64493,613,509
64494,613,510
64495,613,511
64496,613,512
64497,613,513
64498,613,514
64499,613,515
64500,613,516
64501,613,517
64502,613,518
64503,613,519
64504,613,520
64505,613,521
64506,613,522
64507,613,523
64508,613,524
64509,613,525
64510,613,526
64511,613,527
64512,613,528
64513,613,529
64514,613,530
64515,613,531
64516,613,532
64517,613,533
64518,613,534
64519,613,535
64520,613,536
64521,613,537
64522,613,538
64523,613,539
64524,613,540
64525,613,541
64526,613,542
64527,613,543
64528,613,544
64529,613,545
64530,613,546
64531,613,547
64532,613,548
64533,613,549
64534,613,550
64535,613,551
64536,613,552
64537,613,553
64538,613,554
64539,613,555
64540,613,556
64541,613,557
64542,613,558
64543,613,559
64544,613,560
64545,613,561
64546,613,562
64547,613,563
64548,613,564
64549,613,565
64550,613,566
64551,613,567
64552,613,568
64553,613,569
64554,613,570
64555,613,571
64556,613,572
64557,613,573
64558,613,574
64559,613,575
64560,613,576
64561,613,577
64562,613,578
64563,613,579
64564,613,580
64565,613,581
64566,613,582
64567,613,583
64568,613,584
64569,613,585
64570,613,586
64571,613,587
64572,613,588
64573,613,589
64574,613,590
64575,613,591
64576,613,592
64577,613,593
64578,613,594
64579,613,595
64580,613,596
64581,613,597
64582,613,598
64583,613,599
64584,613,600
64585,613,601
64586,613,602
64587,613,603
64588,613,604
64589,613,605
64590,613,606
64591,613,607
64592,613,608
64593,613,609
64594,613,610
64595,613,611
64596,613,612
64597,613,613
64598,613,614
64599,613,615
64600,613,616
64601,613,617
64602,613,618
64603,613,619
64604,613,620
64605,613,621
64606,613,622
64607,613,623
64608,613,624
64609,613,625
64610,613,626
64611,613,627
64612,613,628
64613,613,629
64614,613,630
64615,613,631
64616,613,632
64617,613,633
64618,613,634
64619,613,635
64620,613,636
64621,613,637
64622,614,472
64623,614,473
64624,614,474
64625,614,475
64626,614,476
64627,614,477
64628,614,478
64629,614,479
64630,614,480
64631,614,481
64632,614,482
64633,614,483
64634,614,484
64635,614,485
64636,614,486
64637,614,487
64638,614,488
64639,614,489
64640,614,490
64641,614,491
64642,614,492
64643,614,493
64644,614,494
64645,614,495
64646,614,496
64647,614,497
64648,614,498
64649,614,499
64650,614,500
64651,614,501
64652,614,502
64653,614,503
64654,614,504
64655,614,505
64656,614,506
64657,614,507
64658,614,508
64659,614,509
64660,614,510
64661,614,511
64662,614,512
64663,614,513
64664,614,514
64665,614,515
64666,614,516
64667,614,517
64668,614,518
64669,614,519
64670,614,520
64671,614,521
64672,614,522
64673,614,523
64674,614,524
64675,614,525
64676,614,526
64677,614,527
64678,614,528
64679,614,529
64680,614,530
64681,614,531
64682,614,532
64683,614,533
64684,614,534
64685,614,535
64686,614,536
64687,614,537
64688,614,538
64689,614,539
64690,614,540
64691,614,541
64692,614,542
64693,614,543
64694,614,544
64695,614,545
64696,614,546
64697,614,547
64698,614,548
64699,614,549
64700,614,550
64701,614,551
64702,614,552
64703,614,553
64704,614,554
64705,614,555
64706,614,556
64707,614,557
64708,614,558
64709,614,559
64710,614,560
64711,614,561
64712,614,562
64713,614,563
64714,614,564
64715,614,565
64716,614,566
64717,614,567
64718,614,568
64719,614,569
64720,614,570
64721,614,571
64722,614,572
64723,614,573
64724,614,574
64725,614,575
64726,614,576
64727,614,577
64728,614,578
64729,614,579
64730,614,580
64731,614,581
64732,614,582
64733,614,583
64734,614,584
64735,614,585
64736,614,586
64737,614,587
64738,614,588
64739,614,589
64740,614,590
64741,614,591
64742,614,592
64743,614,593
64744,614,594
64745,614,595
64746,614,596
64747,614,597
64748,614,598
64749,614,599
64750,614,600
64751,614,601
64752,614,602
64753,614,603
64754,614,604
64755,614,605
64756,614,606
64757,614,607
64758,614,608
64759,614,609
64760,614,610
64761,614,611
64762,614,612
64763,614,613
64764,614,614
64765,614,615
64766,614,616
64767,614,617
64768,614,618
64769,614,619
64770,614,620
64771,614,621
64772,614,622
64773,614,623
64774,614,624
64775,614,625
64776,614,626
64777,614,627
64778,614,628
64779,614,629
64780,614,630
64781,615,473
64782,615,474
64783,615,475
64784,615,476
64785,615,477
64786,615,478
64787,615,479
64788,615,480
64789,615,481
64790,615,482
64791,615,483
64792,615,484
64793,615,485
64794,615,486
64795,615,487
64796,615,488
64797,615,489
64798,615,490
64799,615,491
64800,615,492
64801,615,493
64802,615,494
64803,615,495
64804,615,496
64805,615,497
64806,615,498
64807,615,499
64808,615,500
64809,615,501
64810,615,502
64811,615,503
64812,615,504
64813,615,505
64814,615,506
64815,615,507
64816,615,508
64817,615,509
64818,615,510
64819,615,511
64820,615,512
64821,615,513
64822,615,514
64823,615,515
64824,615,516
64825,615,517
64826,615,518
64827,615,519
64828,615,520
64829,615,521
64830,615,522
64831,615,523
64832,615,524
64833,615,525
64834,615,526
64835,615,527
64836,615,528
64837,615,529
64838,615,530
64839,615,531
64840,615,532
64841,615,533
64842,615,534
64843,615,535
64844,615,536
64845,615,537
64846,615,538
64847,615,539
64848,615,540
64849,615,541
64850,615,542
64851,615,543
64852,615,544
64853,615,545
64854,615,546
64855,615,547
64856,615,548
64857,615,549
64858,615,550
64859,615,551
64860,615,552
64861,615,553
64862,615,554
64863,615,555
64864,615,556
64865,615,557
64866,615,558
64867,615,559
64868,615,560
64869,615,561
64870,615,562
64871,615,563
64872,615,564
64873,615,565
64874,615,566
64875,615,567
64876,615,568
64877,615,569
64878,615,570
64879,615,571
64880,615,572
64881,615,573
64882,615,574
64883,615,575
64884,615,576
64885,615,577
64886,615,578
64887,615,579
64888,615,580
64889,615,581
64890,615,582
64891,615,583
64892,615,584
64893,615,585
64894,615,586
64895,615,587
64896,615,588
64897,615,589
64898,615,590
64899,615,591
64900,615,592
64901,615,593
64902,615,594
64903,615,595
64904,615,596
64905,615,597
64906,615,598
64907,615,599
64908,615,600
64909,615,601
64910,615,602
64911,615,603
64912,615,604
64913,615,605
64914,615,606
64915,615,607
64916,615,608
64917,615,609
64918,615,610
64919,615,611
64920,615,612
64921,615,613
64922,615,614
64923,615,615
64924,615,616
64925,615,617
64926,615,618
64927,615,619
64928,615,620
64929,615,621
64930,615,622
64931,615,623
64932,615,624
64933,616,473
64934,616,474
64935,616,475
64936,616,476
64937,616,477
64938,616,478
64939,616,479
64940,616,480
64941,616,481
64942,616,482
64943,616,483
64944,616,484
64945,616,485
64946,616,486
64947,616,487
64948,616,488
64949,616,489
64950,616,490
64951,616,491
64952,616,492
64953,616,493
64954,616,494
64955,616,495
64956,616,496
64957,616,497
64958,616,498
64959,616,499
64960,616,500
64961,616,501
64962,616,502
64963,616,503
64964,616,504
64965,616,505
64966,616,506
64967,616,507
64968,616,508
64969,616,509
64970,616,510
64971,616,511
64972,616,512
64973,616,513
64974,616,514
64975,616,515
64976,616,516
64977,616,517
64978,616,518
64979,616,519
64980,616,520
64981,616,521
64982,616,522
64983,616,523
64984,616,524
64985,616,525
64986,616,526
64987,616,527
64988,616,528
64989,616,529
64990,616,530
64991,616,531
64992,616,532
64993,616,533
64994,616,534
64995,616,535
64996,616,536
64997,616,537
64998,616,538
64999,616,539
65000,616,540
65001,616,541
65002,616,542
65003,616,543
65004,616,544
65005,616,545
65006,616,546
65007,616,547
65008,616,548
65009,616,549
65010,616,550
65011,616,551
65012,616,552
65013,616,553
65014,616,554
65015,616,555
65016,616,556
65017,616,557
65018,616,558
65019,616,559
65020,616,560
65021,616,561
65022,616,562
65023,616,563
65024,616,564
65025,616,565
65026,616,566
65027,616,567
65028,616,568
65029,616,569
65030,616,570
65031,616,571
65032,616,572
65033,616,573
65034,616,574
65035,616,575
65036,616,576
65037,616,577
65038,616,578
65039,616,579
65040,616,580
65041,616,581
65042,616,582
65043,616,583
65044,616,584
65045,616,585
65046,616,586
65047,616,587
65048,616,588
65049,616,589
65050,616,590
65051,616,591
65052,616,592
65053,616,593
65054,616,594
65055,616,595
65056,616,596
65057,616,597
65058,616,598
65059,616,599
65060,616,600
65061,616,601
65062,616,602
65063,616,603
65064,616,604
65065,616,605
65066,616,606
65067,616,607
65068,616,608
65069,616,609
65070,616,610
65071,616,611
65072,616,612
65073,616,613
65074,616,614
65075,616,615
65076,616,616
65077,616,617
65078,616,618
65079,617,474
65080,617,475
65081,617,476
65082,617,477
65083,617,478
65084,617,479
65085,617,480
65086,617,481
65087,617,482
65088,617,483
65089,617,484
65090,617,485
65091,617,486
65092,617,487
65093,617,488
65094,617,489
65095,617,490
65096,617,491
65097,617,492
65098,617,493
65099,617,494
65100,617,495
65101,617,496
65102,617,497
65103,617,498
65104,617,499
65105,617,500
65106,617,501
65107,617,502
65108,617,503
65109,617,504
65110,617,505
65111,617,506
65112,617,507
65113,617,508
65114,617,509
65115,617,510
65116,617,511
65117,617,512
65118,617,513
65119,617,514
65120,617,515
65121,617,516
65122,617,517
65123,617,518
65124,617,519
65125,617,520
65126,617,521
65127,617,522
65128,617,523
65129,617,524
65130,617,525
65131,617,526
65132,617,527
65133,617,528
65134,617,529
65135,617,530
65136,617,531
65137,617,532
65138,617,533
65139,617,534
65140,617,535
65141,617,536
65142,617,537
65143,617,538
65144,617,539
65145,617,540
65146,617,541
65147,617,542
65148,617,543
65149,617,544
65150,617,545
65151,617,546
65152,617,547
65153,617,548
65154,617,549
65155,617,550
65156,617,551
65157,617,552
65158,617,553
65159,617,554
65160,617,555
65161,617,556
65162,617,557
65163,617,558
65164,617,559
65165,617,560
65166,617,561
65167,617,562
65168,617,563
65169,617,564
65170,617,565
65171,617,566
65172,617,567
65173,617,568
65174,617,569
65175,617,570
65176,617,571
65177,617,572
65178,617,573
65179,617,574
65180,617,575
65181,617,576
65182,617,577
65183,617,578
65184,617,579
65185,617,580
65186,617,581
65187,617,582
65188,617,583
65189,617,584
65190,617,585
65191,617,586
65192,617,587
65193,617,588
65194,617,589
65195,617,590
65196,617,591
65197,617,592
65198,617,593
65199,617,594
65200,617,595
65201,617,596
65202,617,597
65203,617,598
65204,617,599
65205,617,600
65206,617,601
65207,617,602
65208,617,603
65209,617,604
65210,617,605
65211,617,606
65212,617,607
65213,617,608
65214,617,609
65215,617,610
65216,617,611
65217,618,475
65218,618,476
65219,618,477
65220,618,478
65221,618,479
65222,618,480
65223,618,481
65224,618,482
65225,618,483
65226,618,484
65227,618,485
65228,618,486
65229,618,487
65230,618,488
65231,618,489
65232,618,490
65233,618,491
65234,618,492
65235,618,493
65236,618,494
65237,618,495
65238,618,496
65239,618,497
65240,618,498
65241,618,499
65242,618,500
65243,618,501
65244,618,502
65245,618,503
65246,618,504
65247,618,505
65248,618,506
65249,618,507
65250,618,508
65251,618,509
65252,618,510
65253,618,511
65254,618,512
65255,618,513
65256,618,514
65257,618,515
65258,618,516
65259,618,517
65260,618,518
65261,618,519
65262,618,520
65263,618,521
65264,618,522
65265,618,523
65266,618,524
65267,618,525
65268,618,526
65269,618,527
65270,618,528
65271,618,529
65272,618,530
65273,618,531
65274,618,532
65275,618,533
65276,618,534
65277,618,535
65278,618,536
65279,618,537
65280,618,538
65281,618,539
65282,618,540
65283,618,541
65284,618,542
65285,618,543
65286,618,544
65287,618,545
65288,618,546
65289,618,547
65290,618,548
65291,618,549
65292,618,550
65293,618,551
65294,618,552
65295,618,553
65296,618,554
65297,618,555
65298,618,556
65299,618,557
65300,618,558
65301,618,559
65302,618,560
65303,618,561
65304,618,562
65305,618,563
65306,618,564
65307,618,565
65308,618,566
65309,618,567
65310,618,568
65311,618,569
65312,618,570
65313,618,571
65314,618,572
65315,618,573
65316,618,574
65317,618,575
65318,618,576
65319,618,577
65320,618,578
65321,618,579
65322,618,580
65323,618,581
65324,618,582
65325,618,583
65326,618,584
65327,618,585
65328,618,586
65329,618,587
65330,618,588
65331,618,589
65332,618,590
65333,618,591
65334,618,592
65335,618,593
65336,618,594
65337,618,595
65338,618,596
65339,618,597
65340,618,598
65341,618,599
65342,618,600
65343,618,601
65344,618,602
65345,619,476
65346,619,477
65347,619,478
65348,619,479
65349,619,480
65350,619,481
65351,619,482
65352,619,483
65353,619,484
65354,619,485
65355,619,486
65356,619,487
65357,619,488
65358,619,489
65359,619,490
65360,619,491
65361,619,492
65362,619,493
65363,619,494
65364,619,495
65365,619,496
65366,619,497
65367,619,498
65368,619,499
65369,619,500
65370,619,501
65371,619,502
65372,619,503
65373,619,504
65374,619,505
65375,619,506
65376,619,507
65377,619,508
65378,619,509
65379,619,510
65380,619,511
65381,619,512
65382,619,513
65383,619,514
65384,619,515
65385,619,516
65386,619,517
65387,619,518
65388,619,519
65389,619,520
65390,619,521
65391,619,522
65392,619,523
65393,619,524
65394,619,525
65395,619,526
65396,619,527
65397,619,528
65398,619,529
65399,619,530
65400,619,531
65401,619,532
65402,619,533
65403,619,534
65404,619,535
65405,619,536
65406,619,537
65407,619,538
65408,619,539
65409,619,540
65410,619,541
65411,619,542
65412,619,543
65413,619,544
65414,619,545
65415,619,546
65416,619,547
65417,619,548
65418,619,549
65419,619,550
65420,619,551
65421,619,552
65422,619,553
65423,619,554
65424,619,555
65425,619,556
65426,619,557
65427,619,558
65428,619,559
65429,619,560
65430,619,561
65431,619,562
65432,619,563
65433,619,564
65434,619,565
65435,619,566
65436,619,567
65437,619,568
65438,619,569
65439,619,570
65440,619,571
65441,619,572
65442,619,573
65443,619,574
65444,619,575
65445,619,576
65446,619,577
65447,619,578
65448,619,579
65449,619,580
65450,619,581
65451,619,582
65452,619,583
65453,619,584
65454,619,585
65455,619,586
65456,619,587
65457,619,588
65458,619,589
65459,619,590
65460,619,591
65461,619,592
65462,619,593
65463,619,594
65464,619,595
65465,620,477
65466,620,478
65467,620,479
65468,620,480
65469,620,481
65470,620,482
65471,620,483
65472,620,484
65473,620,485
65474,620,486
65475,620,487
65476,620,488
65477,620,489
65478,620,490
65479,620,491
65480,620,492
65481,620,493
65482,620,494
65483,620,495
65484,620,496
65485,620,497
65486,620,498
65487,620,499
65488,620,500
65489,620,501
65490,620,502
65491,620,503
65492,620,504
65493,620,505
65494,620,506
65495,620,507
65496,620,508
65497,620,509
65498,620,510
65499,620,511
65500,620,512
65501,620,513
65502,620,514
65503,620,515
65504,620,516
65505,620,517
65506,620,518
65507,620,519
65508,620,520
65509,620,521
65510,620,522
65511,620,523
65512,620,524
65513,620,525
65514,620,526
65515,620,527
65516,620,528
65517,620,529
65518,620,530
65519,620,531
65520,620,532
65521,620,533
65522,620,534
65523,620,535
65524,620,536
65525,620,537
65526,620,538
65527,620,539
65528,620,540
65529,620,541
65530,620,542
65531,620,543
65532,620,544
65533,620,545
65534,620,546
65535,620,547
65536,620,548
65537,620,549
65538,620,550
65539,620,551
65540,620,552
65541,620,553
65542,620,554
65543,620,555
65544,620,556
65545,620,557
65546,620,558
65547,620,559
65548,620,560
65549,620,561
65550,620,562
65551,620,563
65552,620,564
65553,620,565
65554,620,566
65555,620,567
65556,620,568
65557,620,569
65558,620,570
65559,620,571
65560,620,572
65561,620,573
65562,620,574
65563,620,575
65564,620,576
65565,620,577
65566,620,578
65567,620,579
65568,620,580
65569,620,581
65570,620,582
65571,620,583
65572,620,584
65573,620,585
65574,620,586
65575,621,478
65576,621,479
65577,621,480
65578,621,481
65579,621,482
65580,621,483
65581,621,484
65582,621,485
65583,621,486
65584,621,487
65585,621,488
65586,621,489
65587,621,490
65588,621,491
65589,621,492
65590,621,493
65591,621,494
65592,621,495
65593,621,496
65594,621,497
65595,621,498
65596,621,499
65597,621,500
65598,621,501
65599,621,502
65600,621,503
65601,621,504
65602,621,505
65603,621,506
65604,621,507
65605,621,508
65606,621,509
65607,621,510
65608,621,511
65609,621,512
65610,621,513
65611,621,514
65612,621,515
65613,621,516
65614,621,517
65615,621,518
65616,621,519
65617,621,520
65618,621,521
65619,621,522
65620,621,523
65621,621,524
65622,621,525
65623,621,526
65624,621,527
65625,621,528
65626,621,529
65627,621,530
65628,621,531
65629,621,532
65630,621,533
65631,621,534
65632,621,535
65633,621,536
65634,621,537
65635,621,538
65636,621,539
65637,621,540
65638,621,541
65639,621,542
65640,621,543
65641,621,544
65642,621,545
65643,621,546
65644,621,547
65645,621,548
65646,621,549
65647,621,550
65648,621,551
65649,621,552
65650,621,553
65651,621,554
65652,621,555
65653,621,556
65654,621,557
65655,621,558
65656,621,559
65657,621,560
65658,621,561
65659,621,562
65660,621,563
65661,621,564
65662,621,565
65663,621,566
65664,621,567
65665,621,568
65666,621,569
65667,621,570
65668,621,571
65669,621,572
65670,621,573
65671,621,574
65672,621,575
65673,621,576
65674,621,577
65675,621,578
65676,621,579
65677,621,580
65678,621,581
65679,622,479
65680,622,480
65681,622,481
65682,622,482
65683,622,483
65684,622,484
65685,622,485
65686,622,486
65687,622,487
65688,622,488
65689,622,489
65690,622,490
65691,622,491
65692,622,492
65693,622,493
65694,622,494
65695,622,495
65696,622,496
65697,622,497
65698,622,498
65699,622,499
65700,622,500
65701,622,501
65702,622,502
65703,622,503
65704,622,504
65705,622,505
65706,622,506
65707,622,507
65708,622,508
65709,622,509
65710,622,510
65711,622,511
65712,622,512
65713,622,513
65714,622,514
65715,622,515
65716,622,516
65717,622,517
65718,622,518
65719,622,519
65720,622,520
65721,622,521
65722,622,522
65723,622,523
65724,622,524
65725,622,525
65726,622,526
65727,622,527
65728,622,528
65729,622,529
65730,622,530
65731,622,531
65732,622,532
65733,622,533
65734,622,534
65735,622,535
65736,622,536
65737,622,537
65738,622,538
65739,622,539
65740,622,540
65741,622,541
65742,622,542
65743,622,543
65744,622,544
65745,622,545
65746,622,546
65747,622,547
65748,622,548
65749,622,549
65750,622,550
65751,622,551
65752,622,552
65753,622,553
65754,622,554
65755,622,555
65756,622,556
65757,622,557
65758,622,558
65759,622,559
65760,622,560
65761,622,561
65762,622,562
65763,622,563
65764,622,564
65765,622,565
65766,622,566
65767,622,567
65768,622,568
65769,622,569
65770,622,570
65771,622,571
65772,622,572
65773,622,573
65774,622,574
65775,622,575
65776,622,576
65777,622,577
65778,622,578
65779,622,579
65780,622,580
65781,623,480
65782,623,481
65783,623,482
65784,623,483
65785,623,484
65786,623,485
65787,623,486
65788,623,487
65789,623,488
65790,623,489
65791,623,490
65792,623,491
65793,623,492
65794,623,493
65795,623,494
65796,623,495
65797,623,496
65798,623,497
65799,623,498
65800,623,499
65801,623,500
65802,623,501
65803,623,502
65804,623,503
65805,623,504
65806,623,505
65807,623,506
65808,623,507
65809,623,508
65810,623,509
65811,623,510
65812,623,511
65813,623,512
65814,623,513
65815,623,514
65816,623,515
65817,623,516
65818,623,517
65819,623,518
65820,623,519
65821,623,520
65822,623,521
65823,623,522
65824,623,523
65825,623,524
65826,623,525
65827,623,526
65828,623,527
65829,623,528
65830,623,529
65831,623,530
65832,623,531
65833,623,532
65834,623,533
65835,623,534
65836,623,535
65837,623,536
65838,623,537
65839,623,538
65840,623,539
65841,623,540
65842,623,541
65843,623,542
65844,623,543
65845,623,544
65846,623,545
65847,623,546
65848,623,547
65849,623,548
65850,623,549
65851,623,550
65852,623,551
65853,623,552
65854,623,553
65855,623,554
65856,623,555
65857,623,556
65858,623,557
65859,623,558
65860,623,559
65861,623,560
65862,623,561
65863,623,562
65864,623,563
65865,623,564
65866,623,565
65867,623,566
65868,623,567
65869,623,568
65870,623,569
65871,623,570
65872,623,571
65873,623,572
65874,623,573
65875,623,574
65876,623,575
65877,623,576
65878,623,577
65879,624,481
65880,624,482
65881,624,483
65882,624,484
65883,624,485
65884,624,486
65885,624,487
65886,624,488
65887,624,489
65888,624,490
65889,624,491
65890,624,492
65891,624,493
65892,624,494
65893,624,495
65894,624,496
65895,624,497
65896,624,498
65897,624,499
65898,624,500
65899,624,501
65900,624,502
65901,624,503
65902,624,504
65903,624,505
65904,624,506
65905,624,507
65906,624,508
65907,624,509
65908,624,510
65909,624,511
65910,624,512
65911,624,513
65912,624,514
65913,624,515
65914,624,516
65915,624,517
65916,624,518
65917,624,519
65918,624,520
65919,624,521
65920,624,522
65921,624,523
65922,624,524
65923,624,525
65924,624,526
65925,624,527
65926,624,528
65927,624,529
65928,624,530
65929,624,531
65930,624,532
65931,624,533
65932,624,534
65933,624,535
65934,624,536
65935,624,537
65936,624,538
65937,624,539
65938,624,540
65939,624,541
65940,624,542
65941,624,543
65942,624,544
65943,624,545
65944,624,546
65945,624,547
65946,624,548
65947,624,549
65948,624,550
65949,624,551
65950,624,552
65951,624,553
65952,624,554
65953,624,555
65954,624,556
65955,624,557
65956,624,558
65957,624,559
65958,624,560
65959,624,561
65960,624,562
65961,624,563
65962,624,564
65963,624,565
65964,624,566
65965,624,567
65966,624,568
65967,624,569
65968,624,570
65969,624,571
65970,624,572
65971,624,573
65972,624,574
65973,624,575
65974,625,483
65975,625,484
65976,625,485
65977,625,486
65978,625,487
65979,625,488
65980,625,489
65981,625,490
65982,625,491
65983,625,492
65984,625,493
65985,625,494
65986,625,495
65987,625,496
65988,625,497
65989,625,498
65990,625,499
65991,625,500
65992,625,501
65993,625,502
65994,625,503
65995,625,504
65996,625,505
65997,625,506
65998,625,507
65999,625,508
66000,625,509
66001,625,510
66002,625,511
66003,625,512
66004,625,513
66005,625,514
66006,625,515
66007,625,516
66008,625,517
66009,625,518
66010,625,519
66011,625,520
66012,625,521
66013,625,522
66014,625,523
66015,625,524
66016,625,525
66017,625,526
66018,625,527
66019,625,528
66020,625,529
66021,625,530
66022,625,531
66023,625,532
66024,625,533
66025,625,534
66026,625,535
66027,625,536
66028,625,537
66029,625,538
66030,625,539
66031,625,540
66032,625,541
66033,625,542
66034,625,543
66035,625,544
66036,625,545
66037,625,546
66038,625,547
66039,625,548
66040,625,549
66041,625,550
66042,625,551
66043,625,552
66044,625,553
66045,625,554
66046,625,555
66047,625,556
66048,625,557
66049,625,558
66050,625,559
66051,625,560
66052,625,561
66053,625,562
66054,625,563
66055,625,564
66056,625,565
66057,625,566
66058,625,567
66059,625,568
66060,625,569
66061,626,485
66062,626,486
66063,626,487
66064,626,488
66065,626,489
66066,626,490
66067,626,491
66068,626,492
66069,626,493
66070,626,494
66071,626,495
66072,626,496
66073,626,497
66074,626,498
66075,626,499
66076,626,500
66077,626,501
66078,626,502
66079,626,503
66080,626,504
66081,626,505
66082,626,506
66083,626,507
66084,626,508
66085,626,509
66086,626,510
66087,626,511
66088,626,512
66089,626,513
66090,626,514
66091,626,515
66092,626,516
66093,626,517
66094,626,518
66095,626,519
66096,626,520
66097,626,521
66098,626,522
66099,626,523
66100,626,524
66101,626,525
66102,626,526
66103,626,527
66104,626,528
66105,626,529
66106,626,530
66107,626,537
66108,626,538
66109,626,539
66110,626,540
66111,626,541
66112,626,542
66113,626,543
66114,626,544
66115,626,545
66116,626,546
66117,626,547
66118,626,548
66119,626,549
66120,626,550
66121,626,551
66122,626,555
66123,626,556
66124,626,557
66125,626,558
66126,626,559
66127,626,560
66128,626,561
66129,627,487
66130,627,488
66131,627,489
66132,627,490
66133,627,491
66134,627,492
66135,627,493
66136,627,494
66137,627,495
66138,627,496
66139,627,497
66140,627,498
66141,627,499
66142,627,500
66143,627,501
66144,627,502
66145,627,503
66146,627,504
66147,627,505
66148,627,506
66149,627,507
66150,627,508
66151,627,509
66152,627,510
66153,627,511
66154,627,512
66155,627,513
66156,627,514
66157,627,515
66158,627,516
66159,627,517
66160,627,518
66161,627,519
66162,627,520
66163,628,488
66164,628,489
66165,628,490
66166,628,491
66167,628,492
66168,628,493
66169,628,494
66170,628,495
66171,628,496
66172,628,497
66173,628,498
66174,628,499
66175,628,500
66176,628,501
66177,628,502
66178,628,503
66179,628,504
66180,629,491
66181,629,492
66182,629,493
66183,629,494
66184,629,495
66185,629,496
66186,629,497
66187,629,498
66188,629,499
66189,629,500
66190,629,501
66191,630,495
66192,630,496
66193,630,497
